Date,Open,High,Low,Close,Volume
2010-06-07,223.92481421929457,225.1008501926221,219.7719293025385,223.22654724121094,7122970
2010-06-08,223.15304637155083,228.3349593328133,223.15304637155083,225.3213653564453,8407510
2010-06-09,225.0824969515649,230.41141846345957,225.0824969515649,227.7928924560547,7812710
2010-06-10,227.79286674999446,229.6947459760141,224.2280138256759,229.32723999023438,6817990
2010-06-11,230.0622352589001,231.55984938016,227.53559323660227,228.92295837402344,7028035
2010-06-14,229.8784672878814,231.8997779700096,227.90309835250778,230.88912963867188,3069890
2010-06-15,228.6106146712245,230.8891828368301,226.05639596157977,228.82192993164062,3309380
2010-06-16,229.69475295662482,229.69475295662482,223.2816793795233,224.29232788085938,6787285
2010-06-17,224.18206937813466,224.7333423696332,219.0277187796051,223.26329040527344,11126405
2010-06-18,223.26329018154559,225.60617936388482,220.92959776137667,222.62014770507812,12770945
2010-06-21,224.18208397031407,230.08064367769012,224.18208397031407,229.19862365722656,7028360
2010-06-22,227.87555877286792,231.14640958699587,226.24931610828708,227.05784606933594,4845490
2010-06-23,225.15596665822036,230.88915233831094,225.15596665822036,229.58448791503906,5381525
2010-06-24,227.91230623882078,233.09421900481075,227.91230623882078,232.1203155517578,9207320
2010-06-25,231.7160268155791,234.77556211660036,227.37938945372196,229.5293426513672,6537805
2010-06-28,229.87851192749974,232.6899735336197,228.22470685935403,231.89064025878906,3983065
2010-06-29,230.63186324572362,231.36688910537148,226.75461550504718,227.97659301757812,5399395
2010-06-30,225.10085551281182,228.95054177469476,224.56796200926323,228.29820251464844,7153910
2010-07-01,228.22469737830366,228.22469737830366,223.2724791424031,226.69033813476562,5839670
2010-07-02,226.9384016430948,229.32723253133014,226.4055081674283,227.34266662597656,2428120
2010-07-05,227.14056884307286,228.77599450957678,225.1835648857408,227.11300659179688,2097975
2010-07-06,227.8572070535952,231.33019078148465,227.12218100114404,230.30116271972656,4386780
2010-07-07,231.89982292588775,231.89982292588775,225.9461387019764,227.31512451171875,4321410
2010-07-08,231.53229485159812,231.59661610728378,227.6366670658217,228.14199829101562,4591380
2010-07-09,229.61205776571097,234.8123501460653,229.5017947551175,233.9394989013672,5484015
2010-07-12,234.70209718351865,237.9270064874868,232.55215764753987,236.73260498046875,4312175
2010-07-13,236.76933678812847,239.5991634993737,233.94867879954444,238.827392578125,3804700
2010-07-14,240.35259376850863,243.6510070380023,239.63594726481517,241.53782653808594,8475475
2010-07-15,248.0703180106598,249.08098046959606,241.74911430994058,248.1254425048828,15944265
2010-07-16,249.90789656830987,251.5433221228255,245.75502543993264,249.38418579101562,11515560
2010-07-19,248.98912929031493,251.19419346222531,246.84838638298453,250.05491638183594,7309745
2010-07-20,250.87260519713834,255.23680562914836,249.63227592653803,251.55252075195312,8051265
2010-07-21,251.92920931104396,252.66422128467192,245.64473636921394,247.54661560058594,5821275
2010-07-22,246.27868343196187,251.34116435930096,245.31397676138482,249.31983947753906,7460620
2010-07-23,250.82664853549872,256.3393221296855,250.82664853549872,255.41134643554688,12190455
2010-07-26,255.42054843554615,256.6609056274573,252.66421158192517,254.65797424316406,5565950
2010-07-27,254.8692721995268,256.5138943520616,251.3779234451269,252.5631561279297,8134080
2010-07-28,254.31800929120064,254.31800929120064,246.41653253028255,248.06112670898438,7000240
2010-07-29,248.07030395561992,252.6641984733166,246.70133236179655,250.9368896484375,7545020
2010-07-30,249.90785506484573,251.1941398875453,245.68146661405606,246.86669921875,4661185
2010-08-02,248.08865362916134,250.22022727886653,246.2602927000885,248.20809936523438,4723770
2010-08-03,248.20813208354105,252.0394527092888,247.2066663751635,249.17286682128906,4953580
2010-08-04,249.9078827106367,250.52347696472785,243.49479533236374,244.6524658203125,5902855
2010-08-05,245.22209284652143,246.9769639820698,241.09678438899888,241.93287658691406,6734645
2010-08-06,242.14418311266667,244.54221077275753,239.93911922172802,241.51022338867188,3310475
2010-08-09,241.5102298268678,242.88839830030733,237.77998940187086,240.68333435058594,7863250
2010-08-10,240.72010663829766,241.63888567126827,236.76936801208845,237.94540405273438,6740840
2010-08-11,237.94539515736864,239.15816212597937,234.59184340072207,236.87960815429688,6623320
2010-08-12,235.20739844832633,242.53006740438713,234.26105730268816,241.7490997314453,5976525
2010-08-13,242.55765735668433,245.49776138869302,242.55765735668433,244.06446838378906,4534835
2010-08-16,244.4870902407455,247.46392513981206,243.21917077220704,245.60800170898438,4977590
2010-08-17,245.68147841454888,246.88507656062572,243.164033137855,244.5330047607422,4577160
2010-08-18,244.5330058148022,249.72410114460322,242.55763672952136,248.66751098632812,6307095
2010-08-19,249.54034956532635,251.01040138198857,246.60024593200188,250.5601806640625,4684215
2010-08-20,249.54033166366509,252.66417402565597,248.53886612037735,251.19412231445312,4624730
2010-08-23,251.1941575090877,254.63040982374238,249.9813625745037,253.81268310546875,3651835
2010-08-24,252.6642289560148,254.5017869847858,249.5219923896958,252.14051818847656,5415270
2010-08-25,250.64286052510855,253.76673106443778,249.52194920002,250.22023010253906,6578005
2010-08-26,250.4591665149382,252.6642305556417,248.07033545463005,251.3411865234375,7188305
2010-08-27,251.19416300415665,254.18019463542512,242.30038936713206,243.8347625732422,4726265
2010-08-30,244.76271373550304,247.88655664786822,241.0875978294477,243.2834930419922,3479155
2010-08-31,234.6285778826808,246.232760601742,211.31916021791292,244.5146484375,4318510
2010-09-01,244.51462481384772,249.72408529759988,244.51462481384772,248.82369995117188,4534980
2010-09-02,249.74242546381666,256.4862575546379,249.74242546381666,255.0621337890625,7979275
2010-09-03,257.25811392890296,257.25811392890296,250.91854458629402,253.5186767578125,3513110
2010-09-06,254.31799033761376,258.2687564625428,254.17101038667676,256.2749938964844,5057435
2010-09-07,256.5231140813122,258.4341621093805,253.03173697540913,256.7987365722656,4221330
2010-09-08,255.4205462563631,255.91669473667625,252.31506894155325,253.81268310546875,5155280
2010-09-09,254.50176044652918,255.76967984039413,251.24927522386358,253.4727325439453,3865715
2010-09-13,254.68548756967982,263.2944402026404,254.68548756967982,262.07244873046875,6447070
2010-09-14,262.86268287632737,264.0570843851571,258.287153268872,262.0909118652344,6029480
2010-09-15,262.5870335119947,271.03981173768335,262.03578852941945,270.12103271484375,8460645
2010-09-16,270.120998460042,279.8600604748862,268.67850884777147,272.840576171875,10070090
2010-09-17,272.88658294319515,278.0225546248085,272.1423741330901,276.828125,6433195
2010-09-20,276.55249946830736,287.94535430373764,273.4654152585017,284.24267578125,7145005
2010-09-21,284.91333697007343,290.8027129694803,280.25512130811154,281.2841491699219,10457885
2010-09-22,282.2488874197721,285.1889630568886,278.390004849855,281.0912170410156,7649460
2010-09-23,281.51392716476033,282.9288549127508,273.7410633731769,274.7608947753906,8305375
2010-09-24,274.93542176114124,278.0133370499737,271.11329771791384,276.8924255371094,8634710
2010-09-27,279.2995814442426,280.5583040176935,274.38413689050185,276.947509765625,4490365
2010-09-28,276.36868297551456,279.2904211984071,274.2371372288229,276.6075744628906,6985740
2010-09-29,266.4826601647621,279.7406339653133,266.4826601647621,277.54473876953125,6439615
2010-09-30,277.55390724460835,283.5259699377141,273.32751880786003,282.359130859375,10918285
2010-10-01,282.61642076466154,291.06917058449955,282.61642076466154,289.3878173828125,5313840
2010-10-04,290.70162434739456,293.3109529330189,288.69869317122533,289.8012390136719,3687630
2010-10-05,289.8012644993383,292.24519179628527,288.51495155706135,289.4704895019531,4334955
2010-10-06,292.1716909404063,293.7703572580074,285.26248368890384,287.0724792480469,6782255
2010-10-07,287.0724554145177,290.8853819348394,286.84276070800547,288.2576599121094,4859325
2010-10-08,288.8641283535677,291.01406797067176,285.94241769741956,288.5609436035156,5830295
2010-10-11,289.63587981987365,295.01993928122266,282.643985165019,284.9776916503906,10020915
2010-10-12,287.73402814527236,287.74319686869825,280.2459569584004,283.57196044921875,4249265
2010-10-13,285.00524662014163,293.02616905268025,284.27940338572165,291.9420166015625,5136290
2010-10-14,293.0905396775838,295.5712545205144,286.1537685277394,287.375732421875,9509550
2010-10-15,287.5778626927412,289.4154209208098,274.91708762290483,276.01043701171875,12532945
2010-10-18,262.21952463220293,275.4499368080781,262.21952463220293,272.3169250488281,11204405
2010-10-19,273.6123383967905,275.137514697512,268.66013482923603,269.8453674316406,8202805
2010-10-20,269.2022578015957,271.4073218822907,266.6296877139367,267.4014587402344,5254270
2010-10-21,270.1210370506037,278.0684701179498,268.28347897542955,276.7913818359375,9674255
2010-10-22,278.1787218693,278.1787218693,268.4672486554648,269.01849365234375,4631140
2010-10-25,269.5697606213836,273.79614974877774,268.2834755927621,269.11956787109375,4696400
2010-10-26,270.12103089823825,270.16695863350714,267.4106215835251,268.19158935546875,4419695
2010-10-27,268.3753569142299,268.77962192548665,264.25002005466587,265.9038391113281,3512190
2010-10-28,267.4565261052843,270.3414770845252,264.6083060916556,265.4903259277344,9676480
2010-10-29,266.2253850141436,272.5098293721597,262.9637030715696,270.3139343261719,6046415
2010-11-01,273.59398142741355,280.1081205043868,272.34445557429297,278.13275146484375,5140055
2010-11-02,280.0438234281836,282.52453790338683,278.0316952078077,280.5216064453125,5065500
2010-11-03,280.80638740921523,283.645410721352,280.77882516497726,282.2672424316406,2664580
2010-11-04,284.950089772379,285.83210962916957,282.6347490948085,283.79241943359375,2665910
2010-11-08,286.4752781365491,291.0691730908806,282.7266721909348,285.9056396484375,6482605
2010-11-09,285.74028598778614,287.89942237393274,283.16771585040607,287.0816955566406,3860055
2010-11-10,287.9453417466854,287.9453417466854,282.3040530954052,283.60870361328125,3503475
2010-11-11,284.08648552834995,286.6222965689518,278.84943387428996,279.7498474121094,3167795
2010-11-12,280.77882370818253,280.77882370818253,272.22499481086714,274.1636047363281,4544795
2010-11-15,275.67958562630855,282.0651099165284,272.8865180809452,279.62115478515625,3234555
2010-11-16,281.8354498977537,281.8722089075591,265.527123131054,269.9648132324219,7237705
2010-11-18,275.44988470152435,275.44988470152435,255.2367502446334,262.0357360839844,25503185
2010-11-19,262.98211992599215,262.98211992599215,251.75463956694546,254.4466552734375,13416300
2010-11-22,257.2580597680357,267.1441284658564,251.74538705872064,262.8809814453125,13820860
2010-11-23,261.1169299897961,262.2194476581125,253.6380575627126,261.24554443359375,7074135
2010-11-24,262.4032752287636,262.9453514476954,251.7454337400177,254.4650115966797,4932325
2010-11-25,254.53849895440197,256.4679401358091,245.51608397125136,246.76560974121094,11465340
2010-11-26,246.41651346626006,251.2401027161339,238.3312422812226,244.56056213378906,7351030
2010-11-29,247.8773814438104,247.88655016687758,242.74141046404708,244.22982788085938,5470435
2010-11-30,244.21147663165766,255.38383399264868,241.67566535026947,251.16664123535156,6530490
2010-12-01,251.75456797316792,262.56858349661695,251.74537121344883,261.7508850097656,5507435
2010-12-02,264.79209459511594,268.4672102561784,261.5120471382799,267.4289855957031,6647870
2010-12-03,267.4290271968308,267.4290271968308,255.20924889955091,258.38824462890625,8015840
2010-12-06,261.7969128108995,261.7969128108995,252.84801356081255,254.03321838378906,4688830
2010-12-07,254.5017675772441,254.51096433913796,240.2606939402503,243.38453674316406,12159570
2010-12-08,242.37390104707004,242.37390104707004,228.46360087500562,229.97039794921875,21467880
2010-12-09,231.97332366897237,238.69877882337065,225.96451503054797,228.91378784179688,15667605
2010-12-10,230.2460471246484,244.3952395989079,229.3272680284119,243.2100067138672,10515220
2010-12-13,246.23271718167462,248.98905356803664,237.61456759409143,242.6770477294922,8870460
2010-12-14,245.093514885547,245.29564740349306,236.16298115986964,239.49815368652344,12568445
2010-12-15,238.88253707012188,242.7414200383569,235.2166178775353,238.44151306152344,9978370
2010-12-16,239.737007692481,242.50254156973338,236.14457828868504,240.6006622314453,9694435
2010-12-20,240.7200908395636,240.7200908395636,232.79102381919526,233.5352325439453,7356300
2010-12-21,235.37275258528305,243.27425608558383,235.20737912617207,242.25442504882812,9313990
2010-12-22,244.02771021417647,244.30333270110455,239.6543131621829,241.02328491210938,5855595
2010-12-23,243.07216191781183,243.07216191781183,240.65576874190077,241.47349548339844,2830535
2010-12-24,238.88254875800726,243.43968491418804,238.88254875800726,242.9251708984375,2594170
2010-12-27,244.28494842414244,244.39519741043313,240.7384471446461,241.93287658691406,2077245
2010-12-28,242.9067810957292,242.9067810957292,236.41100724849585,236.84283447265625,3570910
2010-12-29,237.14601484054032,241.6388572418496,237.14601484054032,241.16110229492188,3942910
2010-12-30,242.55766673469705,245.99389137432036,239.81969509951708,245.093505859375,7050460
2010-12-31,245.6355448586755,249.54035518901514,244.74432820290053,248.0886688232422,4513055
2011-01-03,250.82664692334544,252.11293181260672,246.6553827463268,251.3135986328125,5266100
2011-01-04,252.27831685517,252.9582323583762,246.87592007261182,247.69361877441406,6919075
2011-01-05,248.25407720747052,248.25407720747052,239.4337939034554,240.8854522705078,8749390
2011-01-06,241.88691758458336,242.94353577986936,238.88252059267455,239.95750427246094,3967170
2011-01-07,238.94683435727126,238.94683435727126,232.24892835046688,235.32684326171875,12047915
2011-01-10,236.12621740563733,239.80133362984958,229.01486246478254,230.5400390625,8070285
2011-01-11,231.5506848438992,243.5683157080977,231.53230533866306,238.91929626464844,12543110
2011-01-12,239.97587516639953,243.0813524903319,237.04496808533256,241.33567810058594,12960200
2011-01-13,240.44446926477548,243.95418364396258,231.734434477201,232.5337677001953,5724240
2011-01-14,233.33310869324427,234.65613860707262,219.58816941014166,220.80096435546875,13463850
2011-01-17,222.71203456367985,227.8572028156873,220.52534997311395,225.8358917236328,10319355
2011-01-18,226.0471993826969,238.50584055232915,226.0471993826969,234.88584899902344,14701270
2011-01-19,235.20743407376787,238.33127719977787,233.00236998710852,235.22579956054688,7958925
2011-01-20,234.10490047049905,245.02918261480704,230.61353734033986,236.1445770263672,12914185
2011-01-21,234.28865359283094,237.7157094825301,232.63484852828458,236.50291442871094,10185635
2011-01-24,236.86121139817504,247.10561952419476,236.86121139817504,243.61424255371094,16310795
2011-01-25,244.02770875540713,246.96778474106867,237.7340669783434,238.36802673339844,13241745
2011-01-27,241.455111453255,243.66020349779694,236.4937104308558,238.68960571289062,14377695
2011-01-28,238.88255388431133,239.69108393753024,228.49116503345672,230.33790588378906,13023670
2011-01-31,226.3963390829612,232.0468243832896,225.7715620664193,228.26145935058594,9721405
2011-02-01,230.3654423571439,231.10046832151045,226.75464781064503,228.34413146972656,8100325
2011-02-02,230.6135534868803,230.98105951812065,223.45627048546984,225.1100616455078,8549595
2011-02-03,223.8145843429686,232.15708586018033,223.8145843429686,230.8616180419922,4917935
2011-02-04,228.84028289831377,233.05747497113458,222.7487738912697,224.6598358154297,9051770
2011-02-07,228.2981813337968,228.2981813337968,223.3092185446313,225.753173828125,4912680
2011-02-08,225.1192230950074,226.7546485105575,217.21771848772275,218.7980194091797,6334730
2011-02-09,217.75061796352458,219.5973586638065,211.3191651122812,213.2761688232422,8796985
2011-02-10,212.44006781092799,219.55142185964297,211.31915638160837,214.1765594482422,9417625
2011-02-11,214.0939044564266,225.96452844939978,213.73558117716073,224.49447631835938,7206395
2011-02-14,221.81159058474356,234.45398264483603,221.81159058474356,233.37901306152344,6552065
2011-02-15,234.72964705968602,236.73259250209446,229.7498667303585,234.25189208984375,6995755
2011-02-16,232.47866599466872,239.80133627370182,232.47866599466872,238.29452514648438,8241520
2011-02-17,247.85904770558858,247.85904770558858,237.42172974638066,242.0983123779297,7378890
2011-02-18,242.1901674535594,246.47168126664053,237.05419583826716,238.29452514648438,10497290
2011-02-21,237.04496342654275,241.27135210316962,234.83989960710065,240.15963745117188,5389735
2011-02-22,233.608726933291,237.7799771290455,231.16478562131923,232.38674926757812,5128665
2011-02-23,231.52315227133946,235.0236984266736,229.93365432186778,230.61355590820312,4696050
2011-02-24,228.40846042646206,229.8784983853037,216.83183965087903,218.7337188720703,10047650
2011-02-25,221.59109331978746,228.59219822731873,219.35846727228068,226.47900390625,8398290
2011-02-28,226.57090487955372,237.65137727235972,222.71202190023706,223.91563415527344,9199505
2011-03-01,226.93840738171124,238.69876707499736,226.65358814187528,236.82447814941406,7055055
2011-03-03,234.83991348187882,242.55765132535834,231.73443603550288,240.68333435058594,11345475
2011-03-04,243.36617823148214,246.41653114337186,241.29892554752402,244.08282470703125,8147410
2011-03-07,239.801284762968,240.72006363179165,232.6348067822531,235.8321533203125,5579705
2011-03-08,236.3099619709173,242.1901417629577,235.7770544672694,240.99571228027344,4933980
2011-03-09,242.00637098140425,244.3125151294011,237.41247620939995,239.05709838867188,6666290
2011-03-10,238.35882063327162,238.35882063327162,234.28863653958865,236.13539123535156,3470595
2011-03-11,234.472363615851,238.33123204614114,231.2198926013151,232.57968139648438,6341595
2011-03-14,232.6348205579077,238.31288159358414,232.6348205579077,237.10928344726562,4843775
2011-03-15,230.31034145637193,238.84579261321372,228.90461063951446,235.74951171875,7451930
2011-03-16,237.04496783399605,243.4764204496471,237.04496783399605,242.30038452148438,7462555
2011-03-17,238.88252623427957,244.0920152012006,236.36508089179972,237.24710083007812,8448360
2011-03-18,238.51499933991968,238.88250527872117,231.7344068192449,233.2228240966797,7745895
2011-03-21,236.67746460638244,237.0449705808967,231.73442933827636,235.0879669189453,2942770
2011-03-22,236.67746147927767,239.80130427973782,234.8399035920766,238.12911987304688,3878430
2011-03-23,237.96375074603233,242.0982560678746,237.29303201092634,241.7123565673828,4621175
2011-03-24,242.22689400934996,245.20372881244245,240.26989037438798,242.4565887451172,6041580
2011-03-25,246.74729005759002,251.72708465666253,243.83477628144854,250.81747436523438,9739995
2011-03-28,251.74542707577672,255.84317325684592,250.83584490660309,254.36395263671875,7284900
2011-03-29,253.14195416814144,263.0923454250944,253.14195416814144,261.3282775878906,12467980
2011-03-30,262.2011254565576,263.165832080433,259.7479734705817,262.1184387207031,5872165
2011-03-31,262.5869714070155,265.26062109579766,254.69466483211806,257.96551513671875,13092835
2011-04-01,259.15080672908806,260.38196724452496,253.32575113862805,258.6822204589844,5346590
2011-04-04,259.297824539199,264.9575068502672,258.5444189890734,263.1567077636719,5457340
2011-04-05,266.07840811678847,266.07840811678847,258.9303085079579,261.80609130859375,5036870
2011-04-06,260.9332584569376,264.9207562954481,260.0144793778639,262.577880859375,8471455
2011-04-07,262.7707690250428,267.9159365438041,260.3268137526585,265.6649169921875,6285310
2011-04-08,265.7108901205432,268.36614677141483,263.73549289810984,266.3907775878906,7826220
2011-04-11,264.0937752567071,264.5899236497213,257.98390196614235,259.06805419921875,7885465
2011-04-13,256.3393007012593,265.69246272152344,256.2198549638116,264.2959289550781,5860385
2011-04-15,262.0449635966345,267.89758162757414,261.2272648267463,262.75244140625,6912525
2011-04-18,262.7707482702661,266.4458636306894,254.39148973472578,255.38375854492188,7108325
2011-04-19,254.31804061375738,260.3452291943451,253.9872936004031,258.97625732421875,4305525
2011-04-20,261.30070775113023,266.96038901414954,260.01442292746816,266.078369140625,3784850
2011-04-21,266.26212272319555,267.8791826125964,264.3602716474886,265.9956970214844,4924225
2011-04-25,256.89058053278075,258.82002178914036,251.9291801870749,253.08682250976562,20508745
2011-04-26,255.01631068835556,255.01631068835556,245.98472497058273,249.2371826171875,14093040
2011-04-27,251.96593820058246,252.11294620187527,244.94648138203328,246.94021606445312,9635485
2011-04-28,248.97076132368116,248.97076132368116,243.3110789141568,245.0751190185547,10635175
2011-04-29,245.865258502101,246.74727846428024,233.4249833709782,236.4202117919922,15491240
2011-05-02,238.4966244461323,238.51501796979787,231.55067193575272,234.55506896972656,9367700
2011-05-03,234.04976921103605,238.0556462409796,222.44558587032458,226.0931396484375,22116145
2011-05-04,225.92773360177463,229.51097984556276,223.26328030875214,227.04864501953125,14179185
2011-05-05,227.83879666702043,229.51098106019532,220.99389639641376,222.3169403076172,8260385
2011-05-06,222.71200070772252,232.43268319376168,222.71200070772252,231.20152282714844,11581670
2011-05-09,231.55066850040737,233.10340712607567,226.24931018008084,227.4437255859375,5076885
2011-05-10,227.84798371947122,228.3165559099492,223.81454492232308,225.78073120117188,7412830
2011-05-11,225.10084311256196,228.7300171670165,224.91709012615684,225.6980438232422,8275310
2011-05-12,224.73334547586518,227.82962617097834,220.6907095277264,221.54518127441406,6511545
2011-05-13,222.43638078544515,231.49554144226528,222.0964230538865,228.7208251953125,10011215
2011-05-16,228.15123345918778,228.15123345918778,223.85133996942602,224.99063110351562,3966445
2011-05-17,225.3029835940958,228.13282454735207,221.7105544017306,224.0718231201172,5716775
2011-05-18,224.7333652337488,226.38715633759017,220.91124095311852,223.80538940429688,6481770
2011-05-19,226.0196019511754,226.0196019511754,221.82077578721655,223.19894409179688,3538375
2011-05-20,224.91711042028794,226.295278971859,221.97702031416077,224.3474578857422,6269095
2011-05-23,223.26332732529232,223.82378315219583,217.38314653438425,218.3019256591797,7595615
2011-05-24,219.58817854991628,223.26329450891072,218.02625707123462,220.94796752929688,6296630
2011-05-25,221.2236039828194,221.2236039828194,215.91306254476413,217.13504028320312,6637750
2011-05-26,219.49628695715717,222.71201330281346,217.6587290453536,222.0504913330078,6305810
2011-05-27,223.25411713072492,225.6521309123703,221.65543660314296,224.29232788085938,8170820
2011-05-30,224.91711888850497,229.32726122346702,224.91711888850497,228.82192993164062,5998095
2011-05-31,230.04385640422794,236.86117987182956,229.8784689186286,235.66677856445312,10911405
2011-06-01,235.62088903256108,237.3665635489837,232.4878352149956,234.88584899902344,3961410
2011-06-02,230.6318880034532,236.1261820095912,230.6318880034532,234.05892944335938,4338985
2011-06-03,233.73735131459784,236.67745507006498,224.91708210655764,228.3625030517578,7067540
2011-06-06,228.22470116891373,228.22470116891373,222.00457734634242,227.02110290527344,9434745
2011-06-07,225.46835080243002,230.22763309745622,225.05490307500634,228.71163940429688,5219080
2011-06-08,228.75811360684713,229.70593333298706,226.20272799008285,228.35855102539062,6911705
2011-06-09,228.5722673723992,232.70734302865958,228.40501257636566,231.63873291015625,5245275
2011-06-10,230.82098510520447,231.56437277441213,227.6616052347474,229.54794311523438,4060225
2011-06-13,228.62802963358547,230.0776421615235,226.1748599247599,229.20416259765625,5555375
2011-06-14,229.52007919481835,234.94678535664065,229.52007919481835,234.17552185058594,5273515
2011-06-15,234.11051037233878,234.16626197560686,226.91825579295428,227.55014038085938,6280325
2011-06-16,226.72311535071736,228.5908648739266,224.00046068465682,226.3328399658203,13606230
2011-06-17,231.32280011316678,231.32280011316678,225.52439274896662,227.206298828125,6305405
2011-06-20,227.66163037872627,229.9847082397337,223.20131804980363,227.92181396484375,7130700
2011-06-21,228.77669157361052,234.16623473260964,227.92180067209142,230.79312133789062,6476290
2011-06-22,232.8653327495342,235.57868601640763,231.378557232288,233.17196655273438,7148560
2011-06-23,231.81528053012437,232.67945863559711,229.12051604798359,231.2577362060547,4770705
2011-06-24,232.49363857576793,237.51149545892247,232.29850796802842,236.44287109375,5449420
2011-06-27,235.4671740675916,243.90460901679825,232.30779374424685,242.78952026367188,8757805
2011-06-28,243.65370473627556,243.8488637057326,239.7880995457004,242.13905334472656,6884085
2011-06-29,243.83024765228663,244.57364958568746,239.10976589619918,240.40138244628906,6687300
2011-06-30,240.80096926243476,242.71518312655215,238.08760187835213,239.6580047607422,7557495
2011-07-01,244.20193824800054,244.38779582371996,240.29918437885442,243.3005828857422,4277470
2011-07-04,246.04185578897412,248.606543181756,243.9325110041743,247.95606994628906,4394180
2011-07-05,248.9410162898421,248.9410162898421,245.32632190779717,246.79449462890625,3904440
2011-07-06,246.4785449009509,247.2869714063432,242.71517035588946,243.48641967773438,2691170
2011-07-07,244.00680769915505,248.104720531098,243.3842387003351,247.49142456054688,2870420
2011-07-08,247.93744717574347,248.64364352344958,242.1204514558599,242.70587158203125,4272440
2011-07-11,242.71516515789526,242.71516515789526,234.17551523575472,234.9003143310547,6432280
2011-07-12,233.12551800141992,236.44286587018692,231.4157218907058,235.3556671142578,7215995
2011-07-13,235.8388552663935,238.6079599654909,234.66801500959147,236.35922241210938,4801380
2011-07-14,235.39285116219227,240.52219710701996,235.0954903763771,237.74380493164062,4072410
2011-07-15,238.06900969975496,239.15619416312435,234.64013062948317,235.63441467285156,2789800
2011-07-18,235.14195462224524,235.93179262354784,232.6980720640455,234.63087463378906,3974445
2011-07-19,235.59725336522033,237.51148139442444,234.7237880173957,236.59153747558594,3553920
2011-07-20,237.7344899681545,238.17122973553901,234.16624581581198,234.6587371826172,4681000
2011-07-21,234.0361577366252,234.5193619041725,228.9625494247338,230.37498474121094,12203725
2011-07-22,231.79668452223063,243.83022388442345,230.63514570003173,241.02395629882812,21087915
2011-07-25,240.61513661214988,249.03396927497906,240.3642543892568,248.5229034423828,12150640
2011-07-26,248.10470387681127,249.03393497747348,242.6408204676562,245.23338317871094,10951515
2011-07-27,245.6887217266721,246.21839031250792,240.4385711584606,241.6930389404297,7148625
2011-07-28,238.81236378174125,243.0775306113179,238.81236378174125,241.87881469726562,6765025
2011-07-29,241.60005772670854,249.40559238168785,240.1876368288351,248.5692901611328,9254860
2011-08-01,250.70651882069882,254.15398633588154,250.2419033089052,251.44992065429688,6133050
2011-08-02,249.9631852733821,250.51142826192773,246.45069257746187,249.5543212890625,4850430
2011-08-03,247.30558690375034,247.30558690375034,240.25269766202373,241.81382751464844,9169615
2011-08-04,242.26913733699791,243.97891918494537,238.06902290777154,238.98895263671875,7848375
2011-08-05,231.3785499672662,232.77239665381597,223.0154698479674,230.83030700683594,15628460
2011-08-08,223.98184799348203,235.24413805871987,223.11766991538767,229.60369873046875,8300890
2011-08-09,221.2499147132635,230.13336112350132,219.46577865175553,223.98184204101562,18090930
2011-08-10,230.8210213324267,232.99543308744637,227.71739256873295,232.32638549804688,9516980
2011-08-11,229.89178107737735,232.77240331694836,224.16772796342366,225.0319061279297,9349310
2011-08-12,228.49793289982705,228.73024068609323,221.75171989107665,224.73455810546875,7980730
2011-08-16,228.02401866411378,228.7302291944631,224.25134267332484,225.32925415039062,7184500
2011-08-17,224.36285574264636,227.9682771003026,216.91041803554097,217.40292358398438,10824105
2011-08-18,217.94187673958584,218.36932932508464,204.61670489775884,205.973388671875,1961760
2011-08-19,204.08704408892473,204.4308550806625,193.46592456327488,198.7811279296875,15966050
2011-08-22,199.81255571813816,200.3422242335861,190.71538978747475,195.34295654296875,12491505
2011-08-23,196.62531602432443,204.9698077393231,195.32438391349112,201.37368774414062,12693050
2011-08-24,200.44446201295867,207.10704780349423,192.5366956780459,195.08279418945312,12395595
2011-08-25,196.06774804831971,197.68461515086182,186.81260071687856,189.4237518310547,19345960
2011-08-26,190.6689377716826,191.76542369883603,184.32228745436163,185.9019775390625,10980215
2011-08-29,189.37728961918413,195.50091879672212,188.7268307241166,193.17784118652344,11080275
2011-08-30,196.9970043558846,200.713928966373,196.05848599615547,199.36654663085938,9426925
2011-09-02,205.1742412151028,206.23356416131656,194.78542956179592,200.78826904296875,11090720
2011-09-05,199.52453081974232,209.03056233157707,196.6253339196973,207.11634826660156,13737055
2011-09-06,206.10346109330933,213.5373099033191,201.6617375636438,211.9483184814453,15091680
2011-09-07,212.14345981853404,215.39576862028443,211.66954289004238,212.505859375,10098150
2011-09-08,212.1527595284171,215.73959229975597,209.33719030556432,213.82537841796875,12449725
2011-09-09,213.2027918291463,214.44795813510495,203.74321159292518,205.0441436767578,11559455
2011-09-12,202.5723951953134,202.9440819919847,193.7446990744167,195.42660522460938,7030250
2011-09-13,196.12351524231403,200.4444483987166,193.09422693686997,195.11065673828125,7750235
2011-09-14,196.06777224558505,203.42728123693206,193.88407337601237,202.33079528808594,10823220
2011-09-15,203.8175516992056,208.70531649469723,198.23287773841113,207.3486328125,9527160
2011-09-16,210.19209016695905,212.04126532034152,205.49018266284935,210.6288299560547,16317510
2011-09-19,209.03984322046534,209.03984322046534,204.2450071413736,205.29502868652344,6504100
2011-09-20,204.67243974871104,213.70456729713888,204.24500137713932,212.58949279785156,7609115
2011-09-21,212.44080232098787,215.76745124734282,210.0526858482419,214.94973754882812,12873220
2011-09-22,210.19207721606742,211.10271974663047,205.73176498925827,206.73533630371094,9979475
2011-09-23,204.44940914055627,207.39506971701428,198.00054371456318,201.9869384765625,13703975
2011-09-26,201.3457834176893,201.53164097666598,192.9641292928703,196.25360107421875,13580105
2011-09-27,199.59886392429277,203.5016321153744,197.92624493413126,202.20071411132812,9597470
2011-09-28,202.75822808060744,203.68745920304738,198.00985647778165,199.35723876953125,10083715
2011-09-29,197.74038038794467,200.8068458455474,196.0863501686752,198.80899047851562,10926140
2011-09-30,197.40584796781297,197.55452833984117,187.8161766561054,189.35870361328125,14635020
2011-10-03,186.40376305389375,186.77544981976953,182.12929435161607,183.708984375,9969910
2011-10-04,182.9470380815576,185.17718722766807,176.73976646594403,178.3659210205078,16141740
2011-10-05,180.6425225944495,181.20006693351382,175.6618432644014,176.92559814453125,10903735
2011-10-07,181.59961047070738,193.0012789958117,181.59961047070738,191.4773406982422,12722505
2011-10-10,191.42159959853026,196.06775492859165,188.97771735765687,194.9248046875,7355710
2011-10-11,197.04345908734416,200.87188671116004,194.20930137503032,195.6496124267578,9235720
2011-10-12,196.25360414394072,204.41225201190773,192.94554371916303,203.19496154785156,12414410
2011-10-13,204.43083192455242,205.9176072828527,200.71390770774238,201.9311981201172,15379755
2011-10-14,199.88691335114927,206.28931541093453,199.88691335114927,205.05343627929688,10864180
2011-10-17,206.64243145937803,210.5266109316332,205.96408249861423,208.49159240722656,9049145
2011-10-18,204.4308379780154,205.36935626613206,200.20283372040916,203.9755096435547,10259885
2011-10-19,205.36008303529132,210.93546990502776,205.3043314352247,210.51731872558594,5811550
2011-10-20,207.4043685792871,211.12129279819527,204.44942063114664,210.1177215576172,7378920
2011-10-21,211.269973194835,211.84609191157276,208.57520880738474,209.57876586914062,7096310
2011-10-24,215.22850472851422,220.98974894209226,214.29927362038117,217.1706085205078,14777600
2011-10-25,217.85821152552055,221.90037216605248,206.28928807084884,207.72959899902344,30541475
2011-10-28,215.76747805292683,219.81892658164696,212.89615709779326,213.81610107421875,20464180
2011-10-31,213.72315777115725,216.33429495181767,212.1434677016805,215.4608154296875,10248145
2011-11-01,213.7231364316665,214.89396242248233,210.02480091047397,211.11199951171875,5702165
2011-11-02,208.89114050084038,211.8368011943774,207.62738572005077,209.2535400390625,8370240
2011-11-03,208.12918557055934,210.0062364326719,204.8583021854019,207.3765106201172,8604835
2011-11-04,211.0841310967694,212.79391284506784,208.8260922468053,209.72744750976562,9257910
2011-11-08,211.67885216242664,214.44795693241684,209.87614151937245,211.92974853515625,7846160
2011-11-09,213.5373353078914,213.74176730880328,205.08132560891585,206.71678161621094,9010940
2011-11-11,204.98837485055373,206.7817839672163,195.51020681825545,196.43943786621094,14576455
2011-11-14,199.41300617477512,200.89976747544878,194.45090116445,195.0456085205078,6361660
2011-11-15,194.023468868942,195.32438682019273,185.5117080480663,187.40733337402344,10666425
2011-11-16,187.42590600168435,189.76757229340623,181.7390163293008,186.98916625976562,13430830
2011-11-17,186.58960098798138,187.61174665376137,182.3244337957152,183.16073608398438,11050500
2011-11-18,181.77619359974827,182.2779863625404,174.6954567516503,179.19293212890625,17458585
2011-11-21,178.41235952286232,180.4938421550476,175.28085545808133,175.99635314941406,9976120
2011-11-22,176.83266959204173,178.20792755992713,172.8927248814933,175.99635314941406,16670885
2011-11-23,174.13790554819266,175.21581704620232,171.18295740382388,174.156494140625,13105390
2011-11-24,174.6954614247525,179.28586571167202,173.88703483733573,177.90130615234375,15189375
2011-11-25,177.4738347749981,181.7297144799855,175.7082873578792,179.75973510742188,9059265
2011-11-28,182.35229976989095,185.2886590058354,181.1257080223037,184.2479248046875,7765115
2011-11-29,184.54532783952627,186.16218110423836,179.38809168031304,181.34877014160156,9850415
2011-11-30,178.5981866714015,181.16287318109343,173.95203189754122,176.1171417236328,13014390
2011-12-01,183.07712140668994,185.60463121742146,178.9884959227693,180.75404357910156,13175810
2011-12-02,181.87840295970273,188.07637282223018,179.44382196507783,186.95201110839844,13119630
2011-12-05,186.77546383970665,192.54599560304118,184.47097452462407,191.82118225097656,12542560
2011-12-07,191.97915117646843,195.59385959292177,191.31939085589264,193.19644165039062,9369965
2011-12-08,192.35081993563753,193.64245047819267,184.91697182218294,186.4780731201172,11616210
2011-12-09,182.38020304045455,188.24364936882748,181.7947828746491,184.34088134765625,10877715
2011-12-12,186.7754622195201,187.33300658428956,179.75976416105814,180.34518432617188,7581910
2011-12-13,178.7840589319663,181.01422209135043,174.76050072475005,178.39378356933594,12728320
2011-12-14,178.22653399038862,182.3151453004607,176.65613110835193,178.25440979003906,12109370
2011-12-15,176.18222573446388,176.95347508532961,173.58037576694514,176.38665771484375,11343050
2011-12-16,177.48313380981782,179.15575256632678,166.3323610050125,168.01426696777344,20547090
2011-12-19,166.88058713762956,166.88058713762956,153.88065489212937,157.79270935058594,18571490
2011-12-20,159.40029038037372,159.40029038037372,150.32171309959534,152.44964599609375,19478995
2011-12-21,157.0772251421449,159.64191215450035,154.68910849337226,158.7684326171875,11989230
2011-12-22,156.52896278805352,163.228724694035,156.18515184724478,162.36453247070312,15454380
2011-12-23,164.47390343117692,166.51820899961797,160.87778363918017,163.53538513183594,14661785
2011-12-26,163.54466721927284,165.5889727237256,161.12866078195725,162.05789184570312,8533050
2011-12-27,162.1322668039401,162.206607006456,156.07368917780275,157.0865478515625,8711185
2011-12-28,156.29668202468363,156.29668202468363,152.41250248862144,154.73558044433594,9735825
2011-12-29,153.2209248558034,155.72055893587066,150.16376058910075,151.56689453125,13925110
2011-12-30,151.65051412391912,153.77846130332813,149.29027334624615,150.1823272705078,10162725
2012-01-02,150.535458492707,151.46468971797063,145.7034589571248,147.71060180664062,9727265
2012-01-03,149.62477199250424,156.46391237238615,149.35528707598178,155.6554718017578,10710050
2012-01-04,157.00292029585495,159.08438924860332,154.6055019379697,157.62550354003906,16936750
2012-01-05,157.78343469885175,163.32164380165955,157.04933423113138,161.8070068359375,16901170
2012-01-06,160.3481060196096,160.9428133181478,155.42317867102784,158.61973571777344,12345325
2012-01-09,158.1551149170984,160.45960384962245,155.2001671139756,159.4932098388672,8763275
2012-01-10,161.50035457667565,166.70403979629066,160.9613988820514,166.285888671875,9827090
2012-01-11,166.8898970279822,176.0799912576779,165.97924041864817,173.5153045654297,15532065
2012-01-12,173.02287356834807,179.9828214454159,172.27019844768094,174.78842163085938,17759615
2012-01-13,176.3401888187124,177.65969527176875,172.5675128427029,174.6396942138672,12004280
2012-01-16,173.58036008804444,174.50959112258542,170.439554654035,173.8126678466797,9907110
2012-01-17,175.2530043903778,182.11072078551962,175.2530043903778,178.83053588867188,13262725
2012-01-18,179.15577453323135,180.0757043279014,172.85558826034415,173.4409942626953,9206400
2012-01-19,175.62468218843682,178.6353961303719,175.29944562391861,177.492431640625,8891125
2012-01-20,178.80265722477876,189.56315570603562,177.56677808659478,187.52813720703125,24622520
2012-01-23,189.00560003362952,192.87120481186383,184.13643814504834,185.27938842773438,17972105
2012-01-24,185.28869516284632,194.39516373673595,182.88198976358018,191.9048309326172,35059620
2012-01-25,193.0570438888978,199.95193679432901,189.66535612176799,197.67532348632812,22249770
2012-01-27,199.5988431649788,200.6024144546991,196.31865851548574,199.4222869873047,13897305
2012-01-30,198.8183073598147,198.8183073598147,189.0613800754095,190.20433044433594,10052175
2012-01-31,192.35082505405086,202.2006797380567,191.59815018116547,199.79396057128906,11015795
2012-02-01,199.69175905558825,202.99983370405033,195.75182823972835,202.21926879882812,11137960
2012-02-02,203.31576092915853,206.047702543285,197.6567471164342,199.95193481445312,14033335
2012-02-03,200.10061251999343,206.16849019118013,197.22000474909504,204.31002807617188,10598495
2012-02-06,207.0326997802572,207.85041353763924,204.0498615972151,206.29859924316406,14412175
2012-02-07,209.05841601764925,209.05841601764925,204.24500556184447,206.95835876464844,8583245
2012-02-08,207.77611873606278,212.07844989710253,204.92337191626996,209.48590087890625,14835090
2012-02-09,207.16279710186612,212.1992282881482,205.59239417266224,210.84254455566406,11535310
2012-02-10,209.26285930796863,212.58950864032386,204.78397238469148,207.78538513183594,8307250
2012-02-13,208.1477560860028,209.58806705542176,206.01052182611733,207.46942138671875,7383195
2012-02-14,207.77606626314687,210.56375938378514,206.5215986872835,209.941162109375,6966125
2012-02-15,212.23638844033007,228.59086230967205,211.88329024592258,226.91824340820312,17640965
2012-02-16,223.97259793174896,229.5201094026383,222.08625970538685,227.53155517578125,12640000
2012-02-17,231.93609524456042,240.67086217709448,230.4493197680287,237.54864501953125,14647050
2012-02-21,235.8388363845054,243.17046858606088,235.6808688121276,239.29556274414062,10165915
2012-02-22,239.05399016782823,240.37348238487445,223.75884077121586,225.998291015625,15713830
2012-02-23,224.87392201200993,231.37853959086974,222.2720721446778,226.304931640625,15500985
2012-02-24,226.3235413805696,231.66662060533105,218.5830440369638,219.93972778320312,15228050
2012-02-27,220.227790999628,220.75745958134237,205.360092029189,207.12562561035156,15257535
2012-02-28,209.9133036541434,220.78531906595947,208.17564600265263,217.54229736328125,15690705
2012-02-29,221.15701510752896,224.79031233009877,215.62809256562917,218.88040161132812,12705420
2012-03-01,218.36929981693822,218.36929981693822,210.45224718964198,214.26210021972656,7889280
2012-03-02,216.50155445973118,224.66948941518226,212.69170135969526,216.81748962402344,15092035
2012-03-05,216.51083772078803,217.25422540711966,212.3757623254281,213.72314453125,6837555
2012-03-06,213.51874378208103,223.01548777062908,205.49947399706713,213.25856018066406,19573025
2012-03-07,211.86470640863897,217.4308062121273,210.14562307541297,216.4829864501953,11241830
2012-03-09,220.97114522541966,226.5465314926097,220.22775755400622,225.5057830810547,11864430
2012-03-12,232.30777662627548,233.729499084913,225.45934790859417,227.66162109375,9704070
2012-03-13,230.4493335871955,232.02902376389983,229.77099879311132,230.5608367919922,9112190
2012-03-14,235.0954833959989,238.5707988586341,233.84101565887022,236.7773895263672,13528020
2012-03-15,236.95393071337972,237.1397740977588,229.25989833276645,230.8953399658203,9495920
2012-03-16,229.42715922553091,237.79023935543765,223.65664187610267,226.02618408203125,14114215
2012-03-19,228.20982429726507,230.07758757056214,220.88749409498553,222.82028198242188,9065365
2012-03-20,223.01549602767946,226.96472876983628,219.31715968865794,220.47869873046875,10887380
2012-03-21,220.22777860841333,230.99756404121206,219.88396762632826,228.35855102539062,11350050
2012-03-22,229.56653624582398,231.06259881982297,217.27281329014406,218.6480712890625,10643525
2012-03-23,220.93399596273213,223.48009445091648,214.13203123024903,219.17774963378906,13980440
2012-03-26,218.35073621576817,218.35073621576817,208.1477819458479,209.10488891601562,11354425
2012-03-27,214.466540886616,215.76745875607568,207.5995236193039,212.14346313476562,14738350
2012-03-28,210.00625328605608,211.46515309044037,205.9640918543269,207.33006286621094,9845400
2012-03-29,204.0870391176845,211.41867222005985,203.53878197096313,208.5287628173828,13693150
2012-03-30,210.47085407615137,214.0948498654884,210.00623850423932,213.01695251464844,12982690
2012-04-02,209.26283895503173,215.8603853757859,209.26283895503173,214.61521911621094,8658330
2012-04-03,215.76748993549313,220.22780269937033,215.39580311306312,218.5180206298828,9639870
2012-04-04,215.76745396623565,218.146283262692,214.71743248738892,216.81748962402344,7480375
2012-04-09,215.12629839654716,215.20993997602932,212.08772274538737,212.97048950195312,5116705
2012-04-10,214.55946131514688,215.48869244111796,211.82753371510296,214.38291931152344,5640610
2012-04-11,211.49299702380844,217.3657300081674,210.75889653892554,215.09840393066406,8573780
2012-04-12,216.213485957661,223.49866857165824,216.213485957661,222.36500549316406,9649565
2012-04-13,224.1305311030212,226.16554941363347,214.85680900053214,215.98117065429688,11418680
2012-04-16,215.54444694485193,223.01545856815093,215.2284976025519,222.43003845214844,6362420
2012-04-17,224.68809639011656,227.66163325397184,215.8510990207149,225.1805877685547,15690000
2012-04-18,226.73238018301237,227.9403834050215,220.98973899902273,222.32781982421875,7589085
2012-04-19,222.5137131595859,224.762451000201,220.00477753393622,222.1884765625,5992735
2012-04-20,221.1477341171835,223.91683906954705,216.16705441431245,218.76889038085938,6775160
2012-04-23,218.9268772337849,220.85966565975056,209.44870761416826,210.83326721191406,7525865
2012-04-24,212.21781448937827,212.24569028955176,202.38654722483756,207.0141143798828,12742675
2012-04-25,207.03268443750736,209.0769899478762,200.9462181165699,203.45513916015625,14089155
2012-04-26,203.68744083015756,204.23568373999885,199.9983924725129,201.9497833251953,10928690
2012-04-27,202.51663846448199,207.39510198668177,202.38654667104768,205.1742401123047,12637520
2012-04-30,208.21281987142387,209.95047749523974,204.1056059223187,205.72247314453125,8864860
2012-05-02,205.76895163545151,209.56950370085025,203.50162532213577,205.03485107421875,9652495
2012-05-03,203.31578614455083,203.31578614455083,195.88193666342607,196.6810760498047,11584715
2012-05-04,194.95268821270002,195.17569460286037,185.60462558670847,187.65821838378906,18512390
2012-05-07,183.98775894559682,191.36585619416704,180.038526746007,190.03704833984375,15244255
2012-05-08,190.58531467504582,191.40302844595928,180.64253001966824,182.77047729492188,12006490
2012-05-09,180.32657792177292,182.48240079507528,177.48313313597373,178.62608337402344,12258880
2012-05-10,178.9234505601488,184.86123670272195,178.9234505601488,182.36160278320312,12281805
2012-05-11,180.85626260668894,187.5188482265836,179.7225994734798,185.88339233398438,12398320
2012-05-14,186.58961235975664,188.3737344146881,181.20006900982978,185.40948486328125,9917940
2012-05-15,183.61608022832942,187.04493124875907,182.68684908178716,184.6568145751953,8632690
2012-05-16,180.28941089266758,182.49168392682438,178.43094880708296,180.531005859375,9992800
2012-05-17,182.01780577504726,183.59749592529224,175.5131875972624,176.79551696777344,10432440
2012-05-18,173.5710633221524,177.5574725066239,171.35020165765675,176.44239807128906,15232940
2012-05-21,176.73975923322902,180.04781980879233,176.58179164158042,179.01637268066406,11548055
2012-05-22,181.9434665216327,182.68685429587205,178.16148884137166,179.44383239746094,9519610
2012-05-23,178.4123865667543,180.19650873094872,176.832696396483,179.05355834960938,6635220
2012-05-24,180.36375378257853,185.8090483421652,178.92344280886124,185.43734741210938,10528230
2012-05-25,185.47455100229843,188.07638698843294,184.43380242890194,185.9205780029297,9048690
2012-05-28,186.5895937745519,191.7932790383883,186.5895937745519,191.31008911132812,8687640
2012-05-29,191.9791372512862,192.9083682850699,189.45162770507935,190.3065185546875,6617815
2012-05-30,188.96847130506077,188.96847130506077,185.15861743312226,185.99493408203125,4990380
2012-05-31,183.17004347303762,184.13645182888413,179.16505940378087,180.44740295410156,12291025
2012-06-01,180.23366052525043,183.05851667582886,177.8548171292037,179.25796508789062,7956805
2012-06-04,177.576100887345,184.9913624317453,175.45745473180207,183.61610412597656,7844875
2012-06-05,184.9913385604736,188.05780418325568,182.88197988537718,183.92271423339844,9648500
2012-06-06,185.6603684933973,191.04991147340033,185.47452511731595,189.62818908691406,9709670
2012-06-07,191.62606919145995,197.36871150104153,189.2937038622484,196.45806884765625,13992220
2012-06-08,196.5881247215988,196.5881247215988,189.80473501197494,195.0270233154297,9826365
2012-06-11,197.01557406620208,199.22713435579635,191.61674385554608,192.69464111328125,9668225
2012-06-12,191.06850724389835,197.25719019388526,190.8919510542559,196.5509796142578,9496080
2012-06-13,196.99700301684814,197.5545473762085,193.2800784316246,194.14425659179688,12025830
2012-06-14,194.76709360865286,195.8145842497757,189.8221803695663,191.19996643066406,8652655
2012-06-15,192.70041592957733,195.97500304269624,190.62431243640478,194.8803253173828,8676880
2012-06-18,198.1549351595459,198.32480591546906,186.84959500856118,188.76527404785156,11568040
2012-06-19,187.79325532720736,189.66174700162205,185.50010841762833,189.02947998046875,9605275
2012-06-20,189.22766740687325,191.56800152168594,187.66114728830686,188.8784942626953,7306450
2012-06-21,187.0477425427103,194.19142792156654,186.896749541437,193.540283203125,8771305
2012-06-22,189.8693776137198,192.88916607368108,188.27454800843896,191.43589782714844,10058440
2012-06-25,192.51170949605978,195.20121707969702,189.9920726732411,191.05844116210938,10837585
2012-06-26,190.15247908716606,191.9454743708732,188.11411655025563,189.2559814453125,7324135
2012-06-27,190.47331851943187,191.7378525756783,188.37833731007512,188.91624450683594,7444060
2012-06-28,185.15093214582188,187.0383015140759,182.69736060678298,184.69796752929688,28294940
2012-06-29,187.73664426308778,192.1530819294429,186.30223942808524,191.7095489501953,16596540
2012-07-02,192.74760427895401,196.05050080270598,191.7095453259804,194.26693725585938,10256415
2012-07-03,194.95584555204223,198.17381427785978,194.95584555204223,197.0508270263672,8699560
2012-07-04,198.45689100560233,198.5135097824623,195.38046973434533,196.55064392089844,8217360
2012-07-05,196.286415943622,198.07941109869736,194.68215484705684,197.04136657714844,16200755
2012-07-06,197.7396856470011,197.7396856470011,194.02158002560756,195.8145751953125,7393060
2012-07-09,194.17257483460247,196.7582763114313,193.455379586779,195.503173828125,10751920
2012-07-10,195.72019402207317,203.64715385832983,195.5880787447765,202.94882202148438,15596340
2012-07-11,201.58991414880296,204.10011882129143,200.55186965380497,201.32568359375,9514675
2012-07-12,200.04225995422706,200.04225995422706,196.8526157583637,197.758544921875,10646670
2012-07-13,198.7400226009439,200.4386437039281,194.51230437268472,195.2861328125,10086840
2012-07-16,194.63496293913772,199.68368167698947,194.63496293913772,197.47544860839844,9258130
2012-07-17,199.98563643352233,200.24986696656364,191.06781994466775,193.22885131835938,21296165
2012-07-18,194.41791950411414,196.5883971223191,192.99294643851096,195.95611572265625,11002950
2012-07-19,198.3247582679775,201.2973589873336,197.2678217281861,199.50436401367188,9572900
2012-07-20,199.47608979462765,199.8158168852596,195.90896254273537,196.4374237060547,8901345
2012-07-23,194.3990409185181,195.72019368923822,193.17224797457214,193.93663024902344,5149235
2012-07-24,194.88030459296857,197.23008446732672,194.4179083474473,196.54119873046875,7008590
2012-07-25,196.26753093953894,196.38078289003374,191.77559715583826,194.1536865234375,5959570
2012-07-26,195.33331397118454,195.33331397118454,188.1707356876252,189.1521759033203,11539130
2012-07-27,193.79509348757043,195.83345592615566,187.17042276191142,188.19903564453125,12318195
2012-07-30,190.05810331791952,197.60758133490916,190.05810331791952,196.3524932861328,10874280
2012-07-31,197.2772986853634,199.45720814088412,192.88915598446408,197.06968688964844,11655040
2012-08-01,196.3336220189122,198.17380446620095,195.53148419342085,197.41885375976562,7583340
2012-08-02,197.24897760113905,200.26876572412064,196.66388330268109,199.77804565429688,7235835
2012-08-03,198.20210085504598,198.37197159260623,194.77652070902337,196.49403381347656,6171495
2012-08-06,199.11747696584234,202.5241793989151,199.04198045990745,200.74061584472656,8000505
2012-08-07,201.57106794729648,206.66695982707355,201.19358540837706,205.9686279296875,12126120
2012-08-08,207.61064361425858,209.4413943209567,205.84595775137305,206.98780822753906,11818400
2012-08-09,207.98810768295715,209.4602679498989,203.8547783780594,205.19480895996094,8039130
2012-08-10,205.34577185938474,205.89309624821453,196.44681871761287,201.94850158691406,10717570
2012-08-13,201.75980956190168,204.77959798875082,198.62676916939836,203.996337890625,7664460
2012-08-14,203.4584430900249,209.49801988548742,202.98660070289543,208.9695587158203,8331825
2012-08-16,210.44166459771114,211.76281727036948,209.0638787538096,210.2434844970703,10236065
2012-08-17,210.4416643708158,211.68733494610845,208.06357516311067,209.5357208251953,8020800
2012-08-21,210.2529470314513,210.9512644705031,207.119907020133,209.63011169433594,6542515
2012-08-22,208.82799006821975,211.3570726626575,207.6295208143891,209.12054443359375,5329760
2012-08-23,210.2529608115545,211.10227130911406,205.5345371595873,206.60089111328125,8007630
2012-08-24,205.364663516157,205.37410957899854,201.10865062608536,202.97714233398438,7820030
2012-08-27,203.83589584845237,203.83589584845237,195.34273352143353,196.11656188964844,11436240
2012-08-28,196.66386591967586,196.66386591967586,190.0769514087162,191.9926300048828,15059105
2012-08-29,192.32295262575144,194.2103221031396,190.0581006131938,192.21914672851562,8429060
2012-08-30,192.5116968993748,193.86115923549406,189.50134011943234,191.2377166748047,13225880
2012-08-31,191.17165118410742,191.55856537291442,186.57591123250202,187.18930053710938,13678850
2012-09-03,188.38779173462186,190.30347063008756,183.91472082430784,184.50924682617188,13863565
2012-09-04,185.1509561403582,185.8870291374094,182.4803264102417,184.64137268066406,14720245
2012-09-05,182.50864587094318,182.7917542083859,175.00635412589577,175.57257080078125,26524400
2012-09-06,175.90286052652456,180.5269252005686,175.17623351733005,179.05477905273438,17139790
2012-09-07,182.81058665147734,184.9244453946503,181.24406671857645,184.36766052246094,14688120
2012-09-10,184.96217911428087,185.71712966403192,179.32838097603513,179.85684204101562,8453870
2012-09-11,178.35642070154074,181.3384680167661,177.6014700091501,179.8380126953125,12816035
2012-09-12,181.18744568744876,182.41423856418774,177.7996213828149,180.4324951171875,10010140
2012-09-13,180.97989293863805,181.1686270428789,178.27152182408426,178.93209838867188,8826270
2012-09-14,184.01852283163788,191.1905325582039,183.26357216576466,190.60543823242188,23582675
2012-09-17,194.6727061769529,200.24988608806333,192.8891427088727,199.5893096923828,29419030
2012-09-18,199.06085364458448,204.86450881085966,197.62644886352103,202.59022521972656,12796780
2012-09-20,198.1266022185895,199.834669241789,196.03162100795646,197.1168670654297,8981695
2012-09-21,197.97558571584457,213.216100631495,197.97558571584457,212.26296997070312,27714890
2012-09-24,211.43256931419853,221.67154012468373,211.43256931419853,213.7729034423828,21446715
2012-09-25,215.91505991013202,219.0858410438981,205.35522592715694,207.97866821289062,28696185
2012-09-26,207.12935306964707,214.40515379995674,204.82676017462535,212.6687774658203,18623900
2012-09-27,214.02770485524684,215.7923907354795,211.40426239392767,213.0462646484375,11615645
2012-09-28,215.53758541600473,217.21734307443518,213.3954314580259,214.40516662597656,8744000
2012-10-01,214.40514961656544,214.8392508913722,211.60240505389143,213.40484619140625,6400770
2012-10-03,213.40486498523126,214.37685910844723,209.2243485289995,210.13970947265625,12445650
2012-10-04,211.95159611535183,217.39664663975898,211.95159611535183,215.3111114501953,12199740
2012-10-05,218.13271902648967,219.29346160907596,190.34120667837018,215.71688842773438,13287830
2012-10-08,216.67000986406373,216.67000986406373,211.57410391529984,213.45204162597656,11953470
2012-10-09,216.29252296362975,217.42494168500772,211.78171140384313,212.9707489013672,8426490
2012-10-10,211.36652312056432,212.1403515889975,208.0070074467048,208.89407348632812,8194840
2012-10-11,209.4980137127209,215.16012219144307,204.56254652062427,213.97108459472656,12209350
2012-10-12,214.21642344181694,215.84899391460567,210.47942575437108,211.32875061035156,9692445
2012-10-15,212.32905616395882,212.5177902228741,209.2337715193942,211.21551513671875,9170700
2012-10-16,213.93330202158475,220.76558390362035,213.93330202158475,216.2736358642578,22505645
2012-10-17,217.99113358478812,218.84044392987045,212.36676726561558,217.79295349121094,13223790
2012-10-18,218.4158312752714,228.18297414245848,216.67945480094502,226.92787170410156,20695375
2012-10-19,226.48432609171735,228.52268848241937,223.8420060740835,226.9089813232422,13450145
2012-10-22,225.35190637876394,231.76896513718827,224.51202758240672,230.96682739257812,11375225
2012-10-23,230.0703569780637,231.93884884905538,229.03229793890873,230.68374633789062,6904275
2012-10-25,230.2402064163069,234.6000398503488,229.88161599494748,233.66578674316406,9288430
2012-10-29,232.52391291445247,233.97719546987886,228.89073532485915,230.58937072753906,5747140
2012-10-30,230.82527723537714,233.8261875897417,221.15250931785985,223.59664916992188,13696330
2012-10-31,223.54946084400015,224.0118715159984,219.98233394425768,223.20030212402344,8902660
2012-11-01,223.27578671175823,228.32449078590102,222.14335364888083,227.83377075195312,6772515
2012-11-02,231.71235353789228,231.7689867200151,228.84355815494067,229.40977478027344,7623680
2012-11-05,229.2021527738467,230.0231538844911,226.57871036560505,229.17384338378906,4700380
2012-11-06,228.74918846883998,231.0989687913901,227.4941003634742,230.2873992919922,5593160
2012-11-07,229.31540240388006,234.73215824530143,229.31540240388006,232.5333709716797,9230880
2012-11-08,229.50410307613572,232.12754524061512,228.6453465922166,230.73089599609375,6287305
2012-11-09,230.7309390559505,232.70323687871124,227.95650337442717,229.33428955078125,4906055
2012-11-12,230.0703137818538,233.07122396882238,229.33424092846587,231.4763946533203,4857270
2012-11-15,229.1266473139496,234.03380485850496,228.56043073594924,232.5710906982422,9869410
2012-11-16,233.88279944772964,234.72267820754837,230.6176586329451,231.43865966796875,9909415
2012-11-19,231.48586635262697,232.14644278145747,227.0127955639985,229.1832733154297,6435810
2012-11-20,231.12723553863364,232.64656835370818,229.0700099775742,230.0608673095703,12283860
2012-11-21,230.259086915115,234.18481906593811,229.96654693647685,233.34494018554688,5702200
2012-11-22,234.6000334478717,239.50719124367032,234.4962275499064,237.2517852783203,8264615
2012-11-23,238.35588808477823,238.35588808477823,234.9774950623689,237.19515991210938,4880425
2012-11-26,238.18600393914437,240.00732283226083,235.37382766631387,238.90321350097656,6760640
2012-11-27,240.07340078765137,244.22560803418034,239.40339266170724,243.48011779785156,8189415
2012-11-29,243.67825969350886,248.0003228647325,243.47064791154793,247.28314208984375,13236165
2012-11-30,248.00032179459296,250.00095750257046,245.38632560483939,249.1138916015625,8969560
2012-12-03,248.00033420465974,250.057588792331,246.20733898699578,249.43475341796875,6817330
2012-12-04,249.43472428947075,250.71812154206165,247.10382213901408,249.5290985107422,4634285
2012-12-05,250.11420087526423,252.9074995226984,250.11420087526423,251.90719604492188,6240190
2012-12-06,253.37936009734483,260.26824738114686,251.20889665148215,257.4560852050781,7402840
2012-12-07,258.1921723137696,258.5696404816851,249.3592674298771,250.78424072265625,10243690
2012-12-10,250.09529510920146,252.1147940799428,248.2362352002079,249.670654296875,8133650
2012-12-11,250.66152957287832,252.8886404773645,247.26425883661162,250.1519317626953,8021425
2012-12-12,251.01069195007574,251.09562011984255,247.63231329047068,250.33123779296875,6807245
2012-12-13,250.64265355308098,254.13426954491536,248.2079309824847,250.1425018310547,8675145
2012-12-14,250.64262408534245,256.0971196725467,249.97261611361975,255.30442810058594,5829215
2012-12-17,254.98364151823117,257.8052498217894,253.8606543153555,256.5029602050781,8335590
2012-12-18,256.32365095590546,257.3050911740481,249.1705331172809,255.5404052734375,8858360
2012-12-19,256.6822174703697,257.135196457064,250.68981435419042,251.94493103027344,8422430
2012-12-20,252.53004700110975,252.89806908126437,246.69808210841146,248.86854553222656,7300910
2012-12-21,247.24540740764695,253.20950200953922,246.67919079119352,249.3686981201172,8412495
2012-12-24,249.51969243921633,253.85120205937116,249.51969243921633,253.4076690673828,4552520
2012-12-26,253.84178202013192,256.56904509703844,253.2283926191284,255.1629638671875,5017515
2012-12-27,255.54975609227594,259.4849332059978,255.35159040709985,257.4937438964844,9467615
2012-12-28,257.43721561543066,257.61651804088706,254.43630470354356,256.59735107421875,6092510
2012-12-31,255.36105889126776,258.47520655621054,255.313857381818,256.03106689453125,3290620
2013-01-01,258.51301697674313,258.8527296819723,256.7766403968531,257.1918640136719,3343610
2013-01-02,258.78666195429724,263.1747899868598,257.93732269724484,261.74981689453125,7168225
2013-01-03,263.099312810075,263.57115521382264,261.0703962337553,262.3349304199219,4750195
2013-01-04,260.9193510162276,261.7686902122574,258.5695855312669,260.2587890625,6262900
2013-01-07,261.40062953548414,261.91022727410194,257.7202654209515,259.10748291015625,5715850
2013-01-08,258.34313661797967,258.3808632712941,253.48313729986472,256.7388610839844,6090610
2013-01-09,255.21955530818292,257.0503060497043,253.68134453885554,254.72882080078125,7885125
2013-01-10,256.4935192559257,259.8530348679784,253.9455875540969,258.1921691894531,6859365
2013-01-11,258.96598659301344,259.3340086769064,255.9744932082115,257.4560852050781,6571215
2013-01-14,258.02228599002325,262.51420562476034,256.9747809868221,261.6082763671875,6571910
2013-01-15,263.0992665402799,270.0825559268124,262.3443303466401,268.8179931640625,16987060
2013-01-16,269.8938504955953,269.8938504955953,264.82626777069925,266.01531982421875,11828785
2013-01-17,266.3549809357357,267.817680560348,263.11814963806546,265.4396057128906,7200690
2013-01-18,266.11904637317787,267.157105150739,260.4946944497109,261.97625732421875,7017900
2013-01-21,261.42894641285216,262.66517094830186,258.71113012762964,261.4855651855469,3664365
2013-01-22,261.4006700332224,265.3264019632443,260.5324674106617,262.9860534667969,5190575
2013-01-23,264.6091721227303,265.5528567799433,260.5418935540599,263.9297180175781,6408855
2013-01-24,264.4581787619385,265.93032452127045,261.69318963181865,263.53338623046875,9840850
2013-01-25,262.91051551837364,264.571380705985,260.43806666042406,261.63653564453125,8283305
2013-01-28,260.6457421633786,270.62991425001746,259.6737480127919,266.6758728027344,18608065
2013-01-29,267.30814613141325,283.775427408761,267.2515273514684,278.471923828125,45463865
2013-01-30,278.85880662598873,286.13460701942245,278.72667695501264,283.34130859375,24852050
2013-01-31,282.14288085085803,284.99279846790665,281.2086133520487,284.0774230957031,13102855
2013-02-01,283.3129737600235,285.9364156293506,280.57629435372735,284.9266662597656,7404405
2013-02-04,284.61533387744555,285.936486802547,278.38700860313986,278.8966064453125,5841720
2013-02-05,277.4999351718016,280.93496148395593,274.25365732916214,275.3955078125,8722175
2013-02-06,277.0375271635353,277.4433046769899,274.82930839851343,275.5747985839844,6597650
2013-02-07,275.00855215289965,279.7080825741357,274.8009404090602,275.65966796875,8690950
2013-02-08,275.3671467665779,277.6037033947848,272.8286329623528,273.81951904296875,11111940
2013-02-11,274.2819652884385,282.91667494268603,274.2819652884385,281.99188232421875,26647505
2013-02-12,282.3504832975428,283.93586673534475,277.82077930514396,279.887451171875,10861285
2013-02-13,280.29323050384386,281.7182036738479,278.00008350233327,278.8682861328125,4442120
2013-02-14,279.56659266318877,280.1328092435668,268.9501397772449,270.3279113769531,13542895
2013-02-15,270.2712969342511,274.58394299862937,268.0253227020726,273.53643798828125,8538210
2013-02-18,273.4798381524911,273.4798381524911,268.9501627209903,270.28076171875,5429680
2013-02-19,270.84693720508477,272.86640735521667,268.95012186677513,271.6679382324219,3680465
2013-02-20,273.0834651896154,274.55561092117915,270.9412826297219,271.6679382324219,3343455
2013-02-21,268.4028039394961,270.7620155918759,264.04295661476306,265.13763427734375,8804450
2013-02-22,265.2131879741164,268.3839551230641,265.0055761632466,266.47772216796875,5496945
2013-02-25,265.6189207417428,267.32698766174786,262.85393161698,264.4487609863281,6046380
2013-02-26,264.4204852845117,264.4204852845117,256.77663285271166,258.14495849609375,5333690
2013-02-27,258.3054109507174,266.11912013462614,258.3054109507174,264.23175048828125,7968095
2013-02-28,266.26065349507587,267.4402594637755,251.76566917520282,253.69076538085938,13401880
2013-03-01,253.85124285789732,260.07956907442946,248.91576037076032,257.380615234375,13593630
2013-03-04,256.38970191789457,261.08926215514646,254.2381019247253,258.36199951171875,7328045
2013-03-05,259.51332762506183,265.88320021222245,259.4567088393162,264.8357238769531,7799155
2013-03-06,266.2134477396115,267.05331210963453,262.3443348826276,264.6374816894531,8063055
2013-03-07,262.35376428041235,265.49622131990395,261.11753976106877,264.8545227050781,5472035
2013-03-08,266.1190424160726,267.62894345198555,264.6846522713871,265.5528259277344,5903450
2013-03-11,266.3078336638689,269.4597371036759,262.6746418117448,264.45819091796875,8740050
2013-03-12,264.04302508453145,264.5903784572428,260.07956576013936,261.3535461425781,5098545
2013-03-13,259.5132863185415,260.07950288484886,252.16197461693352,254.17202758789062,8087885
2013-03-14,253.47365917277403,257.62586515913557,245.16921840108586,255.32327270507812,18084215
2013-03-15,254.07769605879977,257.4372117714362,248.5665800717898,252.8792266845703,16501410
2013-03-18,247.81163581100878,252.2280737912567,245.1693010748707,250.0953369140625,11670100
2013-03-19,250.26520233470973,252.27522662183907,241.8475218574647,249.41586303710938,11476595
2013-03-20,247.6228917364952,249.3215416968763,243.64998669632345,245.2165069580078,7643165
2013-03-21,245.59394085482955,252.7187487529316,241.96074903435866,247.5662384033203,8629120
2013-03-22,247.81161742729532,250.52943407474405,243.942504249996,245.3674774169922,6679940
2013-03-25,248.7552961027352,251.8600268721692,245.36747143899441,247.12271118164062,7280340
2013-03-26,246.28283519609184,246.30169852183573,242.92332007955838,244.26333618164062,6651170
2013-03-28,244.98057549317252,247.47188834550306,241.02653394741003,245.49017333984375,6827560
2013-04-01,245.59397240432622,248.84969652639433,244.6031148709881,248.1702423095703,4906715
2013-04-02,249.11391470069995,249.13277802837464,244.0557493834455,245.61282348632812,5734520
2013-04-03,245.71664884544202,248.37784685002185,239.92242484342432,241.23414611816406,8463625
2013-04-04,238.94096867626553,239.6959193335914,234.05268872916847,234.7604522705078,6417705
2013-04-05,234.11871852019235,235.79847602483963,229.73059071076253,232.06149291992188,6484050
2013-04-08,231.48586154472903,233.65633925108,226.10686159384946,227.08828735351562,4864420
2013-04-09,228.43776397247825,233.9960663216348,226.25784020338477,227.08828735351562,7490495
2013-04-10,229.2776683194306,234.57174069211865,226.48435493940346,233.90171813964844,10046765
2013-04-11,235.27002782797214,236.8459795327893,232.33516786524459,236.3269500732422,9714180
2013-04-12,234.03379393924473,241.0170546115088,232.99573506117179,238.62010192871094,7911225
2013-04-15,237.05358588901152,247.50016768341217,236.6761177813392,244.26333618164062,7689700
2013-04-16,242.81012926800253,258.38093114517045,242.10236554631308,257.3051452636719,11987860
2013-04-17,258.9093017845782,273.66854325099956,257.84296234166555,259.9284973144531,9186545
2013-04-18,258.5130105697535,271.1961362988478,255.7385750165782,269.7806091308594,11300880
2013-04-22,270.93186174579915,280.085585333935,270.6864945274945,271.99822998046875,13252895
2013-04-23,272.7248587204859,274.6310913100035,266.7135922208833,272.6871032714844,7340650
2013-04-25,277.63207243457697,286.8801717136512,274.23480148343634,283.74713134765625,19391755
2013-04-26,281.2180444952814,283.0865505947927,276.895981180962,280.5291442871094,10489965
2013-04-29,280.46309909649904,280.46309909649904,275.6030999435231,278.46246337890625,6561785
2013-04-30,280.65184666450443,283.2941813170832,275.17848648247684,281.7276611328125,9010945
2013-05-02,280.29325016370103,288.53162887164075,280.07622109008827,286.125244140625,10775590
2013-05-03,285.55894579330925,285.55894579330925,276.877036559551,278.34918212890625,9326475
2013-05-06,276.8771147440237,277.7924901525904,272.72490738106194,275.5087890625,6739100
2013-05-07,275.93342304559616,284.42658603892215,275.38609854646364,283.8509521484375,7357170
2013-05-08,284.2378595028418,285.757178133694,277.5848647059216,281.16143798828125,4865505
2013-05-09,280.84054546229066,280.84054546229066,273.21555769240786,274.4517822265625,15607600
2013-05-10,273.6685931073128,278.33039834209325,272.913656783848,277.4244689941406,7711835
2013-05-13,276.49960639259206,282.7279309311954,272.9324795166874,274.0460205078125,10233900
2013-05-14,274.61225425811193,277.8019132281208,272.74374813985975,276.9714660644531,6341930
2013-05-15,277.06582768940655,285.9270118553553,277.06582768940655,284.7474060058594,8367595
2013-05-16,283.53950023029563,290.654891015624,283.37908995683466,288.9373779296875,5787370
2013-05-17,288.76750444818197,290.8341761466797,285.9364504830037,289.75836181640625,6127865
2013-05-20,290.4095893615698,292.5234631751118,287.7389736975981,288.7109680175781,7109685
2013-05-21,287.87098308697625,291.59854887208087,285.9364411269919,286.9839172363281,4457135
2013-05-22,288.20134314964946,288.9563082978219,282.7468459496223,285.5495910644531,4430345
2013-05-23,280.2932409255969,283.64333914933155,273.1778784720123,274.6500244140625,17628985
2013-05-24,276.87705674568866,279.6609378439781,270.941272529423,275.7823791503906,11354170
2013-05-27,275.55592635398204,280.84056631782516,272.72487231609864,278.98150634765625,5079820
2013-05-28,278.4814008131006,280.02902896839373,275.1879211527519,277.1602478027344,6338635
2013-05-29,277.2545719137112,277.2545719137112,272.44180266048073,275.48046875,4984010
2013-05-30,273.5364539357384,276.386400375889,267.65731624295233,270.4034423828125,19729175
2013-05-31,268.95014342014485,271.5264130563256,266.30783774121994,269.99761962890625,6939990
2013-06-03,268.7614184096888,271.4037531181535,266.11911250019864,270.0542907714844,5639100
2013-06-04,269.8938512256839,272.5361571306812,261.7781562332286,263.37298583984375,6481315
2013-06-05,262.34438331975156,264.1185154119083,257.07863462826407,260.8816833496094,10525180
2013-06-06,260.26820651292053,269.478577614005,258.2392903409889,267.6478271484375,7218255
2013-06-07,266.87401822566807,268.3745022225638,258.399748159441,260.1266784667969,16958990
2013-06-10,261.58938903752727,262.2216416075685,254.45513559095554,255.78570556640625,7101745
2013-06-11,253.85119029971574,253.85119029971574,247.7833044470558,249.64236450195312,10709250
2013-06-12,247.62284845690039,248.00031656024154,239.04475837302928,240.53578186035156,16756695
2013-06-13,239.69590464268748,243.88586685453242,237.3178152576837,239.81858825683594,9278645
2013-06-14,242.3759812467762,247.32087998875147,241.92300221127016,244.98056030273438,9145290
2013-06-17,245.75437801639615,249.3309222325884,239.51660728127584,248.38723754882812,9148855
2013-06-18,247.57568176706283,248.13245227285694,242.3382145092532,242.82894897460938,7215030
2013-06-19,242.89502753628992,243.37628716738507,239.1297058638864,242.5364227294922,7633795
2013-06-20,238.56350925549995,238.94097739819833,232.52391817591928,233.99607849121094,9339930
2013-06-21,231.9671606369813,239.59213562297467,231.0045980997763,237.751953125,11567800
2013-06-24,235.78907249163845,237.58206775897804,232.96744990196473,234.60946655273438,8864770
2013-06-25,236.10990021635044,236.67611677493647,227.97534301487454,232.4200897216797,17111600
2013-06-26,233.29773012852726,238.6012334765543,233.29773012852726,235.6191864013672,13302520
2013-06-27,238.56349744842996,242.52697034854793,238.50687866977606,240.64903259277344,11566105
2013-06-28,243.84810177390486,251.39757878733207,242.99879136968815,250.1141815185547,7250955
2013-07-01,249.88769311877556,255.53093790384253,249.1422029527345,254.56838989257812,5323995
2013-07-02,253.3038578174102,255.71968832614957,246.23563988770292,246.96229553222656,5683025
2013-07-03,243.74434444820653,245.7449515293062,239.90354056760052,241.17752075195312,6367035
2013-07-04,241.9796593315841,244.0368852008884,237.63870366680476,238.74281311035156,9497150
2013-07-05,243.50061372217058,249.16786951676602,242.9645241291792,246.61184692382812,5785940
2013-07-08,244.87914972788346,244.87914972788346,238.56091726679654,239.8149871826172,10780235
2013-07-09,242.19867333555072,244.55365500549215,241.24136632631928,242.07421875,4614270
2013-07-10,242.96452464419278,245.35777758730714,239.2980370040062,240.61912536621094,5341890
2013-07-11,245.26207172854805,248.88069111796702,244.54407685175633,246.55441284179688,4593290
2013-07-12,248.13396909902087,248.61262256625304,243.34741981935483,247.28195190429688,5287195
2013-07-15,247.3681034626387,251.7621387405935,245.53964373097182,250.6038055419922,5449990
2013-07-16,243.1559943883954,243.1559943883954,234.7412717184862,235.6602783203125,9493130
2013-07-17,236.63672682477016,236.64629463641515,225.47452336138198,228.5474853515625,17944220
2013-07-18,231.04605028037204,238.8672467170652,221.73144265358982,237.0675048828125,28548405
2013-07-19,239.3267691566354,239.90115924555002,226.88177716049034,228.20286560058594,18642230
2013-07-22,228.60492663674341,231.82147891150345,225.62770112466688,229.77284240722656,6446280
2013-07-23,233.5446169979818,233.5446169979818,229.18886732254933,230.29934692382812,5451370
2013-07-24,224.5555073808749,224.5555073808749,214.4367654974387,215.42279052734375,14788645
2013-07-25,213.29759989079034,219.18504752105767,212.90510046063633,215.82489013671875,21479325
2013-07-26,218.6297797136446,219.57750430525726,209.52578069586684,212.0435028076172,12108980
2013-07-29,211.00962198683547,214.5995234886227,209.16202635877536,210.27249145507812,8592030
2013-07-30,210.62670828803886,216.84920432152163,208.1185538000084,209.267333984375,14577145
2013-07-31,208.50147371207225,208.50147371207225,194.43863112735806,198.07640075683594,24999165
2013-08-01,199.88570675172306,209.24816814759845,196.26708741993542,207.8887939453125,25717725
2013-08-02,209.08545454357755,213.00083721401788,206.7783408459679,211.22024536132812,15682345
2013-08-05,212.52217142066135,216.1599412403222,205.56254487011685,215.26963806152344,14983120
2013-08-06,212.00522189068516,212.52216126111506,206.82618733797332,208.66421508789062,13055665
2013-08-07,208.32914786214195,209.1524324790678,202.14495272736843,204.62437438964844,16176110
2013-08-08,205.62956480193245,208.65465869662614,202.39386217992796,207.8505096435547,10922345
2013-08-12,209.2673236957291,210.58839747104503,201.25465387971516,204.94985961914062,9866865
2013-08-13,204.27018024556057,221.90377411561317,200.8621695307465,218.7925262451172,14227315
2013-08-14,219.71155026049792,222.573903787202,214.72398838155294,220.1040496826172,12402745
2013-08-16,213.28800884664216,213.28800884664216,199.11986190500886,200.83343505859375,16207615
2013-08-19,199.11985083453064,199.11985083453064,187.25881799651756,189.1638641357422,11262170
2013-08-20,182.52974501465505,192.8495144977379,180.5481268916483,187.88108825683594,17173380
2013-08-21,198.73696843655412,204.44251082030232,183.55407658667863,187.2397003173828,17473350
2013-08-22,185.36333232265042,193.3759860814786,181.88830374000463,185.6505126953125,15688855
2013-08-23,187.34499771088028,189.70954743113847,182.51059390441662,187.9193878173828,15303680
2013-08-26,189.54677004069774,190.37962238622333,177.9346324340563,178.84408569335938,19895135
2013-08-27,176.13492621945542,176.13492621945542,166.7628821884457,168.03610229492188,16500450
2013-08-28,163.00066416403527,163.5080356966822,150.1057379282221,160.43507385253906,51153445
2013-08-29,164.65679641644883,166.0927568503132,156.23249228297547,162.88577270507812,34666870
2013-08-30,162.37839141887224,170.6112365873712,156.73985437205482,159.47775268554688,85220080
2013-09-02,161.91893396100943,167.24155948283743,159.80327869053914,165.48011779785156,22843345
2013-09-03,166.18851250682974,167.38514633937504,147.68376516746764,149.8855743408203,29590015
2013-09-04,149.8759508645103,156.42392589668577,146.16159579144747,153.45628356933594,29505260
2013-09-05,168.80192660017823,179.00682160978124,163.44100214359088,177.58042907714844,73632590
2013-09-06,178.55691168906702,184.36775777717367,174.33518417241163,182.34783935546875,48465115
2013-09-10,187.82363653886213,196.38196373218105,187.05778799268208,191.13592529296875,40783530
2013-09-11,188.39801164729712,199.6655185966169,185.75583510305125,197.14779663085938,31007555
2013-09-12,199.0911603518106,199.2156149501595,192.2464203748714,195.2810821533203,33403740
2013-09-13,191.50929695838053,205.43811881630123,191.50929695838053,202.87252807617188,29836370
2013-09-16,208.50148893295963,212.08180813192953,201.40783982873378,208.22386169433594,21660575
2013-09-17,205.2466541146205,206.57731051419321,199.73257000127177,201.71420288085938,18527690
2013-09-18,203.04483111559787,207.85050198854307,200.5941127978173,206.7017364501953,13218535
2013-09-19,220.18063438531146,224.5459524516012,216.97364973719522,218.30430603027344,27187920
2013-09-20,222.4781295104864,222.80362497532218,201.43652682314078,211.05746459960938,30107545
2013-09-23,205.43809160665293,207.7164723731808,195.79800293790137,197.21481323242188,23254975
2013-09-24,195.29062960377664,201.6088616986018,193.96954125857692,196.35324096679688,17824475
2013-09-25,196.82233377299346,199.50278180600827,191.69116744110676,197.9806671142578,17426325
2013-09-26,198.16257522963082,200.93876005416007,195.1853494812589,197.4637451171875,18419130
2013-09-27,198.26786664204963,200.74728843245558,194.7449690501281,197.3775634765625,13399860
2013-09-30,195.10872896689142,195.26190158608657,190.53280287168707,192.96437072753906,18720980
2013-10-01,194.88856734345848,200.97704065177268,193.940828123056,199.9048614501953,13985425
2013-10-03,201.05362484444078,215.01116297766185,201.05362484444078,211.50741577148438,28307155
2013-10-04,209.45877956054255,214.5707955577624,206.79746720510545,209.18115234375,14738720
2013-10-07,208.11851905486245,208.48230035966878,199.88568828789337,205.21788024902344,19601900
2013-10-08,213.47946124517182,214.2453097675205,202.56616727557662,204.2510223388672,16814600
2013-10-09,202.03964283214444,207.69733063959933,200.27820147917413,206.644287109375,17121925
2013-10-10,206.20394109239516,209.2481852307149,202.18325424075218,204.14573669433594,22450835
2013-10-11,208.16639492116727,211.35422884151694,204.0978403530771,210.54051208496094,21485650
2013-10-14,209.6502406653938,216.72473906976325,209.11415106296818,212.349853515625,16030130
2013-10-15,213.651799561005,215.58556406542078,206.0603609854713,207.0559539794922,13563985
2013-10-17,206.96978225507706,212.20625301161903,204.3276200433829,209.90872192382812,33121345
2013-10-18,211.14364398674914,222.2866976426189,208.75995874283865,221.36769104003906,22848835
2013-10-21,222.11438669499842,227.05407999062874,221.9324960176155,225.12989807128906,14205925
2013-10-22,222.86109232267987,231.65874677152686,222.0952437331651,229.973876953125,22853540
2013-10-23,230.51953846466844,234.15730814304862,226.53713766712914,231.6874542236328,19709625
2013-10-24,231.73532552547292,234.48279209553496,229.3707759339933,231.13221740722656,15138355
2013-10-25,230.17490732005595,230.86416955829793,226.07763435236546,227.982666015625,8360810
2013-10-28,229.7537008646028,233.37232048463252,227.2838468274267,228.12628173828125,14810540
2013-10-29,227.07321677513312,241.52855827329347,225.22562128238224,239.40333557128906,21811705
2013-10-30,240.28405336067985,241.24136034618058,232.8936422640267,233.94668579101562,13582310
2013-10-31,233.7743726328194,235.45924234587605,230.32807610650036,234.099853515625,15711585
2013-11-01,234.53064709108614,237.3451173997451,230.7780054055286,233.37229919433594,14258565
2013-11-05,230.71099635169435,240.7435700283003,228.98784076037842,234.9231414794922,17738400
2013-11-06,234.34876358202254,237.37385729892674,230.7205617625971,232.24269104003906,11912900
2013-11-07,232.83622084356756,235.42094694570838,223.24400015477983,224.2587432861328,12944240
2013-11-08,222.28668712510202,222.78449086556463,213.0103797640194,214.28359985351562,13636750
2013-11-11,211.56482672990322,212.25408887245243,205.39976790340427,206.2326202392578,16116270
2013-11-12,206.77831019674716,209.1524274459864,198.73693730981182,200.62283325195312,16885065
2013-11-13,197.77966260160863,201.58974096024198,193.48134824883743,197.3201446533203,39012215
2013-11-14,201.99178367540435,211.07663266428392,201.99178367540435,210.05230712890625,22185795
2013-11-18,214.341027736036,218.696777431888,213.7379342695009,218.23727416992188,14869295
2013-11-19,219.60621566446036,220.14231984415153,215.98759644378046,217.31825256347656,15186525
2013-11-20,215.2026197003656,221.31022851759002,214.43677116758363,216.62899780273438,11536220
2013-11-21,214.03473095010406,214.05388118285728,206.52944651908322,207.9845428466797,16170540
2013-11-22,210.60756487699527,211.82334900066064,206.28053263582885,207.20912170410156,11465075
2013-11-25,209.07582573679872,215.3940572593439,208.71205903975488,213.5655975341797,10727185
2013-11-26,214.24531857168765,215.93017370421543,212.3785727643011,213.69007873535156,7324655
2013-11-27,212.5221632942975,216.49498167510376,211.2776612184022,214.59951782226562,8549025
2013-11-28,217.423590203681,219.1850464205151,213.19229445145126,214.4846649169922,10909630
2013-11-29,214.8197158331609,222.07610568900537,214.80058020769934,221.31983947753906,9210385
2013-12-02,222.05694770085142,229.0261417921014,221.71231658173045,227.982666015625,8985375
2013-12-03,227.03495355149235,229.7537021882905,225.1682076426819,228.5379180908203,8899090
2013-12-04,227.08279312620073,229.56221467650772,226.15420419530122,228.04010009765625,8248745
2013-12-05,236.0719066203743,239.31717669153673,235.0858816016109,237.69932556152344,10405365
2013-12-06,237.14408792602725,246.79372949799233,235.92830396279945,245.02272033691406,11096255
2013-12-09,256.55829138093264,257.0560805334868,248.35416288756082,249.56996154785156,10508465
2013-12-10,249.4742094598569,249.4742094598569,239.24059531660004,242.16995239257812,7427500
2013-12-11,239.70967443377637,245.79816233532,237.44086144736107,243.76866149902344,9152360
2013-12-12,242.39013019272727,243.02195632035185,238.21627107613526,238.88638305664062,6403500
2013-12-13,235.4975425387348,239.13531237746918,233.59249618394324,237.37387084960938,7975630
2013-12-16,235.89002712035412,243.51976526474752,235.44009165080928,241.50941467285156,8426820
2013-12-17,243.3761481598828,245.1280216769832,239.01083069113537,240.49465942382812,6818380
2013-12-18,239.34590799769128,249.8571351087616,238.94384079752425,245.61627197265625,10330635
2013-12-19,248.09568868913854,248.70834998506402,237.9865289814904,240.66697692871094,11220600
2013-12-20,239.32674393917358,245.83641968844293,239.2788756689167,244.65895080566406,7252380
2013-12-23,245.26206541430327,249.76139079151355,245.26206541430327,247.2245330810547,5821480
2013-12-24,248.13400843966065,248.51692543121845,244.78341903046868,245.6354217529297,5070345
2013-12-26,246.5639829613073,252.53756915641176,244.907845979123,248.3350067138672,13471165
2013-12-27,250.81445960369584,251.6377296846853,247.04266730148763,247.8468017578125,6232180
2013-12-30,248.89982143806182,250.04860153057555,245.65453666625987,246.26722717285156,7064845
2013-12-31,247.35859392066877,249.42635153376617,244.38135366814478,248.81369018554688,6365405
2014-01-01,249.18701017214337,249.8571367842616,246.6405991613556,247.40643310546875,2849425
2014-01-02,247.36812127837433,253.68635327843583,241.88275629565584,243.59634399414062,12972060
2014-01-03,240.85842535714934,243.0602195730334,238.48429369361645,241.4136505126953,12018740
2014-01-06,240.7722857417608,241.62428841376038,237.71848858768874,240.532958984375,9181445
2014-01-07,240.7627051282511,242.35183821855827,232.72133235060346,236.3112335205078,15100310
2014-01-08,237.41216686132353,238.36947398576436,231.12265204222055,232.00338745117188,13901845
2014-01-09,230.71098867190906,231.7736000339034,225.1969055705942,226.85304260253906,25553735
2014-01-10,228.59534329535535,229.0931470497858,221.88462615542662,222.8706512451172,19877740
2014-01-13,223.05253207497577,229.75368110727118,223.05253207497577,226.86260986328125,8470360
2014-01-14,226.88176431811863,228.51876575372208,223.86625304037315,225.35964965820312,12100565
2014-01-15,226.8817563651993,227.45614640146707,223.320573197968,225.59896850585938,14202760
2014-01-16,226.88178508699352,229.2750528621728,223.76096916680478,225.18734741210938,18979890
2014-01-17,225.54153988494724,227.4561539260509,219.22330770636685,220.74542236328125,18932820
2014-01-20,218.78292144868837,223.62690683101397,216.7917358696962,222.7078857421875,9875240
2014-01-21,223.03338959586907,228.26029244994126,221.8080377559668,227.56146240234375,10979910
2014-01-22,227.07322446605764,230.21319035409343,224.6033705771735,227.618896484375,11839660
2014-01-23,226.5467133762028,233.62121207367295,226.1829466208264,232.81707763671875,15027160
2014-01-24,230.32806877157307,235.26776176272432,228.79637173708952,230.6343994140625,14064340
2014-01-27,225.1585872142648,226.61369783921205,221.13790102616704,222.30581665039062,10879550
2014-01-28,221.52083811804323,225.73299776157054,213.53690109383828,214.77183532714844,12651355
2014-01-29,216.4088118980269,220.17103589632515,214.66652080363997,218.31385803222656,10925525
2014-01-30,215.01116727310045,216.10249671565603,211.56485608221635,212.2924041748047,11477500
2014-01-31,213.134856213813,215.77701860142545,212.58919875225436,215.00160217285156,5722790
2014-02-03,212.9242114202367,217.09807033307467,212.65616664111963,215.18345642089844,6931690
2014-02-04,211.89992878387784,215.84402929369975,210.79901687340205,214.7814178466797,8545405
2014-02-05,215.3940819473131,216.35138897819004,212.80935588541456,215.1451873779297,7306550
2014-02-06,215.41319450582932,217.50011645664728,210.3298973980316,211.1723175048828,10324800
2014-02-07,214.44634650373226,216.23652061598602,212.6561869988248,215.48023986816406,6262595
2014-02-10,216.7247371440536,218.15112987217665,212.91465926865783,214.23573303222656,4396885
2014-02-11,215.0781708916131,216.6960221261455,213.74751469050682,214.61866760253906,4572215
2014-02-12,216.35138404754647,216.92577409592073,213.35500843483823,214.3601837158203,7384095
2014-02-13,214.4750328359249,215.355768044084,209.93740744927717,210.89471435546875,5899360
2014-02-14,212.33069546963154,212.71361242659984,207.2761156794532,211.19149780273438,8778435
2014-02-17,212.71361170124615,214.43676721641862,211.564846226913,213.52732849121094,3941195
2014-02-18,213.47947804833885,225.25435801014257,212.24455834695098,223.12913513183594,10684885
2014-02-19,222.9567920186985,225.54153257630702,221.7123046181853,223.272705078125,7007375
2014-02-20,220.94647846220522,224.3736395843929,219.5009354130417,221.68360900878906,9773920
2014-02-21,222.09521773423316,229.37075657191335,222.09521773423316,228.48045349121094,9309810
2014-02-24,226.8817589876603,238.3502927569798,226.48925961191873,237.0675048828125,12811810
2014-02-25,237.60360395143218,239.518218027765,234.5689423933262,236.78990173339844,9506545
2014-02-26,235.8804326300675,238.75235355303428,235.15288458822684,237.26853942871094,9380195
2014-02-28,237.50788835225157,243.46233945718726,237.04837044437573,242.5911865234375,9366255
2014-03-03,241.24137702212371,246.16194929078623,238.86725962402647,240.3798065185547,9655975
2014-03-04,240.28408727242012,249.83802285337066,240.28408727242012,247.6649169921875,11947275
2014-03-05,248.89985373079816,251.61860247347883,247.76065590923926,250.36453247070312,13213960
2014-03-06,250.41235456593728,255.60097140930958,250.24004631583895,254.5479278564453,9941880
2014-03-07,255.40948299524058,272.5740188402054,254.50961212358172,269.3478698730469,23583950
2014-03-10,266.51424745242787,276.0490164376232,266.51424745242787,273.1292419433594,16911865
2014-03-11,273.02397906145563,278.19343122632966,269.9701672715169,271.39654541015625,19830435
2014-03-12,271.3965159005671,272.8133406807577,266.5238271102667,267.64385986328125,10747045
2014-03-13,269.94143535437377,272.8324919447097,263.2690044705068,264.4369201660156,10533955
2014-03-14,262.4936016095132,262.4936016095132,254.83514530247783,259.41107177734375,13711595
2014-03-18,261.3448275862069,264.7911388478647,257.11351752320337,258.30059814453125,9473510
2014-03-19,260.0045558047231,267.844901529921,258.73132128746863,265.279296875,20189155
2014-03-20,260.6747095027105,264.8677192406165,257.65919800542144,259.8801574707031,12914880
2014-03-21,255.60100355058907,270.33397429515423,253.1311640111953,266.9450988769531,64854420
2014-03-24,268.40973486410155,272.8324884231367,266.9450563579966,270.0946044921875,15594445
2014-03-25,270.2286737053738,272.0571339527035,267.30889844791415,268.21832275390625,8412610
2014-03-26,270.257328759568,275.24488990046365,269.1660140038077,273.8089294433594,13856980
2014-03-27,273.78979482079365,281.23764191691157,271.10934697695575,273.78021240234375,21452140
2014-03-28,274.7087836791392,281.4290969083629,273.79935964025543,279.906982421875,10456480
2014-03-31,281.6397144377756,282.40554830662967,277.6381492111482,279.6293640136719,10543390
2014-04-01,281.44828273428345,283.1522881754475,278.2987342473808,281.1611022949219,11106200
2014-04-02,279.1507289232886,282.3385484002976,275.20662873107193,280.902587890625,6919030
2014-04-03,281.2377356770938,281.2377356770938,273.42610465189085,274.7184753417969,5572305
2014-04-04,273.7898679462759,277.7148334345992,271.4923364358202,273.4356689453125,8209800
2014-04-07,273.3877024347026,275.6182439599393,269.97969207340645,272.2676696777344,5393885
2014-04-09,273.50263932958484,285.27750450761243,272.09539677970116,284.1191711425781,8360910
2014-04-10,284.2149039267812,290.56182512412573,282.549169794791,287.9005126953125,10369990
2014-04-11,284.3202135118556,288.4653404705426,283.36290639565414,286.37841796875,5411945
2014-04-15,286.04330828105975,286.30179985794956,274.61306082873995,276.70001220703125,4690300
2014-04-16,277.04462097928297,280.4334957072559,273.2153932415882,274.16314697265625,4174880
2014-04-17,275.1300133783549,281.95561665064474,275.1300133783549,280.4239196777344,6318240
2014-04-21,281.44827272705135,289.10672912778745,281.25679963115584,287.919677734375,5660175
2014-04-22,288.3409484419039,289.4513991162265,284.9137722092076,287.2113037109375,4972865
2014-04-23,285.66037759865526,293.67303180301195,285.66037759865526,290.9830017089844,8169030
2014-04-24,290.9830017089844,290.9830017089844,290.9830017089844,290.9830017089844,0
2014-04-25,291.40426026627347,296.3822686136745,287.4123062267792,293.4529113769531,12287160
2014-04-28,296.7652055918665,297.684212241972,291.9786700178042,292.8498229980469,8868885
2014-04-29,294.0847335484156,295.79829211062736,288.66637221146124,292.6296081542969,5984595
2014-04-30,294.4485270266695,296.478042771085,286.6464794199981,290.48529052734375,6673185
2014-05-02,292.04565410275285,294.60164743778773,290.73414818440347,292.96466064453125,4528060
2014-05-05,294.0751875492055,299.6180041618138,291.3085558456841,297.0619812011719,7227275
2014-05-06,297.72249655400276,299.30204736480727,292.6487808066446,294.2666320800781,5337910
2014-05-07,293.6444149954598,297.91402634292984,290.3895762052569,294.4102783203125,6034730
2014-05-08,295.2334769733328,298.56491589594157,293.51033603576815,297.483154296875,6485510
2014-05-09,297.89482976063863,315.9113572042375,296.334414443127,311.8906555175781,11327365
2014-05-12,316.4856971382324,323.90482632013965,313.8243848712456,315.2507629394531,9777475
2014-05-13,320.69789004380095,322.03811418910465,313.9967401025872,315.6720275878906,9343160
2014-05-14,316.294287752024,319.7405994573782,312.1491604997527,313.3266296386719,6712060
2014-05-15,313.9967044206428,320.6787179771273,313.81481374858964,318.6013488769531,7888990
2014-05-16,335.05752433059564,354.02177787053154,322.4210574413912,336.01483154296875,19275385
2014-05-19,340.22695424387416,363.66184372268737,340.22695424387416,356.04168701171875,11546880
2014-05-20,358.03285929292633,362.3981773792153,352.4900429435444,355.5343017578125,6207320
2014-05-21,355.73528643476556,357.4967278059912,346.5547158262238,347.5311584472656,5343765
2014-05-22,350.1829335832344,355.73533242030953,345.60700670811974,352.60491943359375,4446910
2014-05-23,353.4856324320104,358.6933851833501,352.28899860522637,356.97979736328125,5853140
2014-05-26,359.3730420654805,369.29075778011196,353.82067314968185,358.5976257324219,8715260
2014-05-27,355.9458944094932,358.47316968832513,350.38394309763885,354.0216979980469,4665425
2014-05-28,354.02175174175477,358.9901781444496,349.464960398472,356.09912109375,5950100
2014-05-29,355.92677746984003,362.5130551656849,354.29937288578793,357.2095947265625,10555410
2014-05-30,357.8413339595291,357.8413339595291,349.2255712232834,351.5518493652344,3890590
2014-06-02,350.80513970966814,365.1168609281753,348.94796190962995,363.93939208984375,5954760
2014-06-03,365.672183399739,368.54410475333697,361.4791735491348,363.7096862792969,6000185
2014-06-04,362.24497171085744,370.0949009864306,360.158049411952,368.5057678222656,4109700
2014-06-05,368.5632187872949,373.3497540962208,367.0315216455,372.6509094238281,5422885
2014-06-06,374.38364378567087,379.7637341701315,372.41159351806306,377.8682556152344,4047810
2014-06-09,380.0509249125659,380.9316603134285,375.43669760361206,376.6524963378906,3942460
2014-06-10,376.79603086719425,377.0544932329254,368.6206211278656,369.9991455078125,4218745
2014-06-11,370.67889490652715,376.8918382017508,369.13764441169815,371.5883483886719,4870360
2014-06-12,372.20738455336664,372.98122221555406,366.10388205251434,368.0964660644531,4192650
2014-06-13,367.3710080930779,369.0927562946897,350.2889587367739,351.701171875,6276850
2014-06-16,350.5404120653639,352.47496183340553,338.54620940728324,343.0150146484375,6851985
2014-06-17,342.41531177455744,357.5048059938239,340.58714805957663,355.8797912597656,7990990
2014-06-18,356.924427764474,362.90217938884217,352.67807690737044,357.6015319824219,9690125
2014-06-19,358.2979415989124,361.18040158825744,353.30680012772586,356.3053283691406,5141745
2014-06-20,354.02257975453324,364.4111017471888,353.6356757350812,361.0546569824219,5838570
2014-06-23,360.21313786222623,365.62020057573864,358.8686412092678,364.2660217285156,5348310
2014-06-24,363.8888109844517,373.368092722707,363.8888109844517,372.40081787109375,5401370
2014-06-25,374.1419334594479,374.1419334594479,368.53175063787035,370.0213623046875,4149915
2014-06-26,370.5146384114518,375.1091941836494,369.054073386186,372.90380859375,5944135
2014-06-27,373.0682524896066,374.6642501449346,367.6031552970534,369.34423828125,4505300
2014-06-30,373.7549664290563,377.23716151605817,369.6924300932904,371.2110290527344,4887415
2014-07-01,372.98120082654765,374.4127487614458,370.73711601322634,371.4432373046875,4136855
2014-07-02,375.30263504248245,375.5928056847034,372.0622584495499,372.7586975097656,3797820
2014-07-03,374.72227600022035,376.7922583759831,370.0600040763039,372.5362548828125,4618140
2014-07-04,372.4007780650509,376.8502478106436,370.8918318193369,374.5094299316406,4327275
2014-07-07,374.8189764502852,375.7185349092338,370.4759221433943,372.0138854980469,3179705
2014-07-08,372.16869104220234,372.787731613531,358.2786084615859,365.2913513183594,4531395
2014-07-09,363.6760206701055,369.86657400957824,360.6580982431562,362.4572448730469,5950625
2014-07-10,362.7473818759947,375.03178354218375,353.06498128073025,360.2228088378906,8857260
2014-07-11,359.84559305859335,362.7667821112366,349.6892067387809,351.4399719238281,5105850
2014-07-14,351.6624052383677,359.99065617360577,349.6311223625377,357.2339172363281,3296985
2014-07-15,358.8299646911239,368.2318777389327,358.2786109230293,367.3516540527344,3557585
2014-07-16,373.8324058106226,382.07357715175493,368.7348483069155,379.9068908691406,6120160
2014-07-17,381.1062745543566,381.29974132361315,376.5020370197889,378.0496826171875,3613160
2014-07-18,376.26989661440365,388.81545193163413,373.85170961816715,386.097412109375,6500310
2014-07-21,389.6183256462456,394.2612629697388,387.4129400112249,391.4271545410156,5750940
2014-07-22,393.5647931508314,393.80661186177065,387.33554079552613,390.0632629394531,5523135
2014-07-23,390.5468973352014,395.2381566759639,383.81464322122014,386.91961669921875,8698735
2014-07-24,386.90995037053403,389.0186025155207,383.5244883047919,386.27154541015625,4828895
2014-07-25,386.71647067401864,388.6510203612701,381.36744196952367,384.1531982421875,4277980
2014-07-28,390.24704139011357,394.01940731772083,380.7193784250199,382.412109375,5838272
2014-07-30,386.8132088377092,390.4888710001977,379.31682870706027,388.5543212890625,3945078
2014-07-31,388.8444602432664,390.1502870956212,377.28551485385464,378.8331604003906,5899359
2014-08-01,375.3026630884609,384.0081372322654,372.3041049795952,374.33538818359375,4556225
2014-08-04,378.88154616280343,381.3480850639706,374.5288096180023,378.0593566894531,3189855
2014-08-05,379.6553822304213,382.5572068079787,374.1902851797988,380.0906677246094,4565734
2014-08-06,379.17173575409714,379.2200876883483,369.69245416779887,370.65972900390625,3328178
2014-08-07,367.6127921900803,373.9000786681348,367.6127921900803,368.6284484863281,3629281
2014-08-08,362.7280469210643,364.9527671346265,356.9727501023631,358.85894775390625,4082447
2014-08-11,361.7608009950958,365.5331670803048,360.4066220823139,364.4208068847656,2245416
2014-08-12,364.6625932340568,370.6113272464325,362.29275820787353,369.3538818359375,2849902
2014-08-13,365.77494977064424,368.1931367048927,359.82621581616974,361.6640319824219,2422893
2014-08-14,361.2771617762879,367.03245902579397,358.8589746158041,365.4364318847656,2695108
2014-08-18,365.4363888193446,383.5244384557039,363.5502207677773,381.7833557128906,5628495
2014-08-19,384.29830336289143,388.7477737765708,382.3154016388595,384.830322265625,4398164
2014-08-20,385.36228016158145,385.845917568792,379.5102793418878,381.29974365234375,2593423
2014-08-21,381.88005132973075,388.98952649404174,380.2357020012085,385.60406494140625,4041960
2014-08-22,386.90992844127754,391.7463025467935,386.90992844127754,389.6182861328125,3805460
2014-08-25,389.3281167726905,394.0194055742254,384.68520942370066,385.7008361816406,3188868
2014-08-26,378.2044808185588,387.15177352334564,377.2372059315548,384.5885009765625,2960035
2014-08-27,385.9910068213706,389.3764687063505,383.66955314687567,385.7008361816406,2117053
2014-08-28,386.4262767141161,388.7477302949798,379.3168011386278,384.2499084472656,3524112
2014-09-01,385.8943043014567,393.58412147000166,384.4917439937995,392.1332092285156,3827810
2014-09-02,393.6808399720096,398.3237471616689,393.0037358106958,395.8572082519531,3827990
2014-09-03,397.5499368477209,401.32230260746263,394.74484587349673,400.1615905761719,3913893
2014-09-04,397.9368799913335,403.6921773386935,395.6154261815759,402.77325439453125,3577070
2014-09-05,402.3863035910153,405.5299465878201,400.16158343159907,402.33795166015625,3236260
2014-09-08,403.982338036255,409.5925499169921,401.1772468553295,406.98089599609375,2644489
2014-09-09,406.9325661761459,408.1900117507614,402.14454356724895,404.9980163574219,2014481
2014-09-10,405.28818236278886,405.28818236278886,400.98379725806353,402.8699951171875,1554785
2014-09-11,404.7078015208979,409.93107993856717,402.53143305362846,404.8045349121094,2920679
2014-09-12,404.3208635416726,406.01359442970596,400.5968496842225,403.30523681640625,2314502
2014-09-15,401.32232363758743,401.32232363758743,396.2925122006538,398.1786804199219,1665845
2014-09-16,397.5499505441671,400.45177500069383,384.3466551707472,386.0877380371094,3811175
2014-09-17,387.8772704134179,389.5216497015295,382.7023433208324,384.9270935058594,2328500
2014-09-18,382.6539801388995,393.1005379009578,380.91286749929696,392.0365295410156,3458236
2014-09-19,394.35795176432094,397.4532134443604,385.16884107119046,394.3095703125,4701389
2014-09-22,390.58558072612055,398.51724646823715,388.89284970350064,394.84161376953125,2407552
2014-09-23,393.68083247608587,396.24410471988074,385.0720929031127,386.03936767578125,2235528
2014-09-24,385.94266738699423,387.7804837088694,380.284103577919,384.00811767578125,3007551
2014-09-25,381.58992234231556,382.41211185570216,362.9698817717463,365.48480224609375,6647739
2014-09-26,362.72804359873504,378.9782481444049,358.1334883798178,376.8018798828125,6000406
2014-09-29,378.8815693716689,378.8815693716689,371.9171786658209,373.41644287109375,3209235
2014-09-30,372.4008162583301,373.02953900537875,364.1306281204072,365.3397216796875,4660370
2014-10-01,363.3084313574363,369.0153469397524,361.76078572861707,367.5160827636719,3024329
2014-10-07,365.14626749849396,372.35247716793947,360.11642631082753,361.3739013671875,3348273
2014-10-08,360.5517001592389,367.8062615306522,360.1647961232074,366.59716796875,3182969
2014-10-09,368.5317065746633,377.04371318668166,368.5317065746633,374.7222595214844,3069354
2014-10-10,371.4335570698812,371.6753757919319,365.1946222334183,366.7906494140625,2560762
2014-10-13,363.64700517138147,376.2699306251592,360.7935324503454,374.2386474609375,2666892
2014-10-14,376.4633628865779,387.5870230546374,374.8673358560533,384.1048278808594,4935617
2014-10-15,384.1048278808594,384.1048278808594,384.1048278808594,384.1048278808594,0
2014-10-16,382.0735576364377,389.27976692346385,377.4790021965059,380.7677307128906,4382823
2014-10-17,382.9441322706345,391.74633988541774,381.63830523390556,388.4576110839844,4816107
2014-10-20,400.30677272472593,405.67513727540626,396.5827579958646,404.1758728027344,6484171
2014-10-21,405.2881759728511,410.8983584866389,404.32090108986097,409.20562744140625,3970498
2014-10-22,413.0263841693115,413.896925679474,406.0136411125726,410.5598449707031,2526798
2014-10-27,410.7048684667012,414.9125195710165,406.593950742037,412.8328552246094,2876993
2014-10-28,413.21981764324573,416.50854614920974,408.77034753805447,410.3179931640625,1995946
2014-10-29,412.9780488678223,414.96095069411984,408.67366356239074,411.62384033203125,1931522
2014-10-30,411.0918322988901,417.185652358354,408.1900076003097,416.1216735839844,4258888
2014-10-31,417.8627107624609,425.98781312350974,417.62089206410303,425.0205383300781,3941516
2014-11-03,427.53549483918795,432.37186921519685,423.08602450948246,430.67913818359375,3817449
2014-11-05,430.6791290325418,445.67188927960393,429.131483361326,442.9635314941406,4713467
2014-11-07,446.78424707755056,456.9406329972387,445.284982868389,453.70025634765625,6220448
2014-11-10,455.58643930043775,459.8424425960704,443.6405893937724,445.4300537109375,4280640
2014-11-11,445.913676451952,453.3617041134753,445.913676451952,451.4271545410156,3472821
2014-11-12,453.651883384604,466.90356001597246,451.08861105603717,465.4042663574219,5416022
2014-11-13,468.11264891031686,469.9988170494883,454.6675056429141,458.1013488769531,5237971
2014-11-14,459.45557958154507,464.0501353773605,455.15119444948925,461.29339599609375,2753729
2014-11-17,462.2606299596938,462.2606299596938,455.5864396143435,460.3260803222656,2141989
2014-11-18,460.2776843620747,464.1951351955981,455.7798627890599,458.48822021484375,2773087
2014-11-19,460.3260707105297,460.3260707105297,451.717330907504,454.8126220703125,2667750
2014-11-20,455.58646630899227,456.2635705293203,447.75153391455075,451.3788146972656,2510781
2014-11-21,452.200977010369,466.71009926738617,450.8467981701577,461.34173583984375,4741296
2014-11-24,463.3246308930312,466.75844463802497,459.74570231239977,462.50244140625,3562884
2014-11-25,463.32471461607554,464.1952561927871,451.3788627300251,455.3446960449219,3474162
2014-11-26,455.489733622879,458.2464729257877,448.81554287612767,454.90936279296875,3726653
2014-11-27,454.86097733032824,457.0373456429135,447.509682904041,454.0387878417969,7283496
2014-11-28,456.3602301565,469.9020770990535,455.63477407029177,465.45263671875,5227699
2014-12-01,468.54796125989446,477.05999819302787,465.40431779729755,473.14251708984375,4634567
2014-12-02,472.99738632109296,478.60756846172376,468.64464963715653,476.8664855957031,4191689
2014-12-03,477.8337796362351,484.31453298946315,474.5934029596211,482.718505859375,3424250
2014-12-04,484.9916116541793,486.2490866906513,475.1254257374872,483.5890808105469,2709507
2014-12-05,485.57194258300103,489.8279457377207,480.2519312598805,482.2348327636719,2798293
2014-12-08,483.5890397581765,486.53921603993075,479.28465516458385,480.3486633300781,2150646
2014-12-09,479.719963202316,479.76831513620715,471.06284167607436,472.8039245605469,2722580
2014-12-10,472.5620926085347,479.91338700594025,470.57919107241236,473.23919677734375,3317262
2014-12-11,472.8039546190029,478.5109000874609,464.3886807838723,474.4483337402344,3583840
2014-12-12,475.12538851246444,477.3984606531727,465.79116317666836,467.58062744140625,2915819
2014-12-15,464.29195890141585,471.4497873640351,459.74575499628435,461.1483154296875,2929634
2014-12-16,459.45556608297056,460.9064783969168,450.0246360423201,456.5537414550781,5702983
2014-12-17,453.0231689766403,464.7755521650706,449.00898436744114,459.3104553222656,5852857
2014-12-18,467.1937586285096,473.96468266660395,464.2919340407549,471.9817810058594,3782348
2014-12-19,480.6389154652623,480.6389154652623,472.320345013741,474.20654296875,3189647
2014-12-22,475.3188514857334,484.36287716279486,470.57921066340424,481.9930419921875,2813921
2014-12-23,484.60471070781375,489.4410850661752,476.4312262346284,477.64031982421875,3753789
2014-12-24,477.8337612462186,481.41268988901754,475.12540355683046,478.1239318847656,3181539
2014-12-26,479.5264884177631,483.6374063719245,472.03010861899827,478.26904296875,2133879
2014-12-29,478.80105293981364,483.2505231739406,475.1254203005573,477.9305114746094,2230958
2014-12-30,478.84940387380686,483.5890742656829,473.96467767673363,482.4766845703125,1996949
2014-12-31,483.6857909551002,488.4738134089405,482.6701641407154,485.9588928222656,2356002
2015-01-01,486.20071191905896,487.50653890920023,482.71851645164446,486.5876159667969,1351985
2015-01-02,486.732754362969,499.9844326510671,485.2818419745884,497.469482421875,3852825
2015-01-05,499.98437442120695,503.36983626647947,498.2432325277085,500.6130676269531,2561430
2015-01-06,496.7439912940418,496.7439912940418,480.493785494534,482.718505859375,5284530
2015-01-07,482.4766588026626,488.81232645885467,478.3173889670248,482.3315734863281,4245189
2015-01-08,489.44107192298975,490.40834676868735,478.4624965205448,485.52362060546875,5637844
2015-01-09,488.37708345738633,489.3443583422372,471.0628689223346,478.7527160644531,5078463
2015-01-12,478.80107990427626,487.31308729501944,476.0443405101408,485.13671875,2290147
2015-01-13,487.50656639076436,494.9545951848453,483.92763732994354,487.9902038574219,4069260
2015-01-14,487.9901596388175,489.1992531959008,478.0272405360054,483.2505187988281,2973231
2015-01-15,506.3200690016714,506.8037064619772,494.37421782834116,497.2276611328125,6670800
2015-01-16,499.6941468278227,504.43381704604775,495.8250475599719,497.95306396484375,6920742
2015-01-19,502.4509340649562,514.3967548812248,499.9359840251611,511.6400451660156,6113156
2015-01-20,515.1222992308625,536.5474645030986,513.7197386466547,533.35546875,6934581
2015-01-21,534.9030171721533,538.5786499672281,527.6968073936536,529.3411865234375,4459351
2015-01-22,531.711018378061,548.5899770014341,529.87317247355,546.2684936523438,5546866
2015-01-23,552.3139296659898,558.5045122125557,541.9640771449049,546.6553955078125,4975114
2015-01-27,552.2172100272649,578.2368668703016,548.4448146710338,572.723388671875,5376830
2015-01-28,570.6922416314349,580.1715246848755,564.3566022818961,571.2725830078125,6370073
2015-01-29,569.6766084750261,582.2995350943495,563.050739471966,579.88134765625,5424486
2015-01-30,583.0249090855311,584.2823545684145,564.5983352139823,568.8543090820312,4497194
2015-02-02,566.8231217352296,600.6777450470607,565.2755054275142,597.0988159179688,6307718
2015-02-03,602.6122081346778,605.1270990318495,565.372127856692,567.4033813476562,9290016
2015-02-04,571.6594305876399,572.6267054278898,535.1448053682094,540.3197021484375,10773056
2015-02-05,543.9953974114735,559.5684988285866,540.3197057637134,547.380859375,6865785
2015-02-06,549.4122690250524,552.7977319503829,527.8903975711662,544.7210083007812,7706020
2015-02-09,536.8374846282027,550.959672320433,532.0011108928134,535.4832763671875,4334546
2015-02-10,529.0025879289361,551.1531444294558,522.8120058724172,535.9669189453125,9809275
2015-02-11,541.0451710605024,553.9099739699652,537.3211864526721,550.6212158203125,6200994
2015-02-12,554.2484725128239,562.4703084925081,545.5429991225702,559.810302734375,5849894
2015-02-13,563.099182105071,569.4831736854123,557.6340545726373,562.08349609375,4633409
2015-02-16,563.9211809548476,564.8884557077719,547.5742140153212,551.6367797851562,4284303
2015-02-18,553.281224278424,555.2157740136632,545.543025337467,550.863037109375,4695905
2015-02-19,555.2157296101007,556.7633456594118,535.1447777121745,546.7520751953125,5349212
2015-02-20,547.9127775360353,552.1203989574183,535.8701954516362,543.124755859375,6025707
2015-02-23,545.0594095914296,548.444871762805,528.1804506723033,531.082275390625,6089272
2015-02-24,531.904522574317,537.5147055184677,524.2630267973985,533.7423095703125,6155111
2015-02-25,536.0636344791658,540.3196076089365,532.0977729053841,534.9028930664062,4185156
2015-02-26,534.564472735514,539.4008470150798,526.0040548380194,534.2258911132812,5579001
2015-02-27,537.4178938480153,551.6851981723153,532.339700783434,548.5899658203125,5791546
2015-03-02,609.3832824086506,628.7287834374966,608.1258366493324,626.3589477539062,13205219
2015-03-03,627.7614422546932,627.7614422546932,607.9806577289427,610.7374267578125,6817671
2015-03-04,629.5992537902137,633.4683533764795,588.2482519619979,592.6976928710938,10097232
2015-03-05,592.93947970299,601.6449533038494,583.7503686798603,596.6151123046875,6914112
2015-03-09,590.0376259675506,590.0376259675506,569.8699700721278,572.23974609375,6043383
2015-03-10,572.530134708583,575.3351969749999,561.0195378175572,566.2911987304688,5791801
2015-03-11,566.0975554522477,573.3037642493255,561.0193629428512,564.7433471679688,5816344
2015-03-12,568.273926283823,574.0775748926791,563.6310192042914,564.9851684570312,4512080
2015-03-13,570.2085397820724,571.6111001607619,545.6397343001868,551.3466796875,6749149
2015-03-16,550.8630025820255,555.022272444538,540.8033209741997,549.992431640625,6445254
2015-03-17,556.0863071284178,566.6295670445896,548.4931645121935,561.1160888671875,5627580
2015-03-18,565.1302788715977,566.6295429429508,556.9084434066281,562.2284545898438,5847672
2015-03-19,568.7576088167887,576.0605220884296,540.2230008914566,545.1077270507812,7705218
2015-03-20,544.5757978186447,545.5430727703651,533.6456026717585,538.0466918945312,8160665
2015-03-23,541.5772709911877,543.608524781845,534.5645275665108,537.0310668945312,4191424
2015-03-24,535.8219164457123,547.4775666128666,533.2102625359411,539.7877197265625,6309451
2015-03-25,541.5287487824994,548.589901734785,535.7735112118444,543.8018798828125,5578540
2015-03-26,541.6739601231737,543.0765205774766,519.9102742253676,526.4877319335938,9233047
2015-03-27,530.0665980207363,533.2102411659323,508.8832559810772,528.5189819335938,10655577
2015-03-30,534.4193518218975,546.9455728712501,531.3724124452705,545.1077270507812,6631597
2015-03-31,549.3153367166251,554.7320515297085,539.0138373407674,541.8673095703125,5970862
2015-04-01,539.4491719192675,553.2811898581679,537.079336833475,551.0081176757812,3753262
2015-04-06,553.232916364572,553.232916364572,543.7052227377153,550.4277954101562,4305263
2015-04-07,552.3139883371806,554.2485382087644,536.8375893645101,539.5942993164062,6754389
2015-04-08,543.4150779401411,545.5430947271293,533.0652237326201,537.7081909179688,5750765
2015-04-09,541.6739174914386,558.1175899867145,536.9342470982798,553.4263305664062,9653162
2015-04-10,554.6354049239411,555.9895542481094,546.8972063706263,549.46044921875,4938698
2015-04-13,551.3465768119893,552.9426036757604,543.6083792426982,547.4774780273438,4596222
2015-04-15,548.3480802355846,554.7320699803216,523.6341631047667,532.194580078125,8869483
2015-04-16,533.9355826436313,538.1916145261831,525.2784631102456,532.7748413085938,7288785
2015-04-17,532.0011250962216,532.3396476516306,514.3967124218478,516.2345581054688,6618167
2015-04-20,516.621474427291,520.6356886750077,490.4083495740435,501.2901916503906,7836613
2015-04-21,501.2901942071665,515.2673276862955,499.64581514413277,506.0782165527344,7204472
2015-04-22,509.70542177600333,527.1647185364942,503.2730213200399,522.425048828125,6947536
2015-04-23,525.4720059347673,530.7436651097285,518.0239785806008,520.5872802734375,5464184
2015-04-24,520.3938400391552,520.635658738058,502.8861898536886,509.9956359863281,6533254
2015-04-27,512.0753120504597,523.053857615067,505.2559773561918,507.04547119140625,7839080
2015-04-28,506.75521824309754,521.7963274060844,502.11225264256245,517.491943359375,6322607
2015-04-29,518.3626991388708,541.5772992742882,517.7339467700908,533.887451171875,9301407
2015-04-30,544.8658912639291,563.3408756456985,540.7066213686472,549.2186279296875,15658642
2015-05-04,552.7007843665176,557.1502243486415,544.3821865664327,549.7505493164062,4309985
2015-05-05,550.3793365596341,555.4575290322846,544.0920506411146,547.3323974609375,5385676
2015-05-06,545.5914011591524,547.380895165256,523.4891930815238,525.5204467773438,7698992
2015-05-07,521.9899047849146,526.9713349196022,506.1749253112434,510.0923767089844,5848608
2015-05-08,518.2175076381415,530.0666247049958,516.0411391972906,523.1022338867188,10010992
2015-05-11,527.6484091874139,533.9356954563749,525.3269260268438,533.0651245117188,6700085
2015-05-12,534.9030223725646,535.7735934020241,512.5589956860357,514.9287719726562,4943428
2015-05-13,520.3938285533936,545.7364394466327,517.6854709930111,540.2229614257812,7971625
2015-05-14,539.1590523276035,540.5132017635635,529.5830072122179,537.6597290039062,4929250
2015-05-15,540.2230461718126,548.7350537130701,538.7721337828104,543.6568603515625,5825462
2015-05-18,544.8659006976084,551.2015390354632,540.368108154446,548.928466796875,3944770
2015-05-19,547.4775658164867,552.2172362027982,540.3197083020106,543.0764770507812,6047850
2015-05-20,544.3338765999794,548.2996795402879,538.2884092898952,539.9811401367188,4763209
2015-05-21,541.6739478377057,553.2812467199423,541.6739478377057,551.781982421875,6157883
2015-05-22,552.604075288371,557.7790308334949,545.3011624371214,550.0408325195312,4265332
2015-05-25,549.5088496222161,551.1048768297246,541.867413299458,543.7052001953125,3426379
2015-05-26,544.575757474143,548.2513902108187,539.9328498574065,545.7848510742188,2475418
2015-05-27,543.6084870347826,560.5357975741218,542.8830308688108,558.8914184570312,4120709
2015-05-28,560.0038752005479,566.6296853607909,551.7336857264561,555.8446044921875,8272414
2015-05-29,556.6666319125649,568.0804624274584,555.8928239016473,566.24267578125,3421723
2015-06-01,567.6935638598478,569.6281133239635,558.2142242554695,559.5200805664062,3142413
2015-06-02,562.9540257713813,563.3409593698407,530.4536107852582,534.999755859375,6978299
2015-06-03,535.1447762373052,535.870232328002,520.9258250520953,532.8717041015625,5114150
2015-06-04,541.6738155900281,541.6738155900281,528.1319702002774,538.191650390625,7432416
2015-06-05,537.8048793843418,539.0139730879937,528.1804816957174,530.45361328125,7028734
2015-06-08,529.0992866515799,539.2556714958972,526.1974624103464,535.4832763671875,6286247
2015-06-09,533.9840418323734,545.5429875064195,532.4364257666115,540.4164428710938,5252618
2015-06-10,540.6099566245655,549.1219638015933,540.5615456501159,546.0266723632812,7919473
2015-06-11,549.3154314002819,551.5401518306314,527.2131648314806,528.8575439453125,7608358
2015-06-12,529.0992414241706,534.4192520783441,523.1021266973684,533.4036254882812,5518696
2015-06-15,535.7734815050629,536.8374600630558,527.5032355657733,532.0494384765625,5896234
2015-06-16,532.0011357643741,535.8218830015081,522.3767397734467,533.113525390625,6283177
2015-06-17,534.9996802490925,539.1590092124779,529.6796687299222,531.2756958007812,4522392
2015-06-18,533.6454653513144,536.6439933149401,529.4861959367569,532.0494384765625,5579425
2015-06-19,535.8702624163194,537.2244708100973,530.3084320753558,533.5004272460938,6783585
2015-06-22,538.336807442196,557.0536112638936,538.336807442196,553.4263305664062,7325101
2015-06-23,556.7633961442777,560.5357917834691,547.7677515867138,552.6041259765625,6608481
2015-06-24,553.2812448736877,558.5045529683744,548.6383371438411,552.797607421875,5427984
2015-06-25,549.5087609292351,558.9881006933932,548.4931342510083,551.3949584960938,5953158
2015-06-26,549.5088486516375,551.0565239187432,541.6739455542661,546.9939575195312,4432487
2015-06-29,535.8703403748472,548.7350858362181,528.1321405138385,544.28564453125,5390158
2015-06-30,542.6896401648471,547.4776633390613,534.9030880326872,540.6583862304688,5479844
2015-07-01,540.5132405365464,561.5031191584669,538.627042540603,559.7136840820312,7663185
2015-07-02,561.1160933972299,567.4517906299117,557.2469941590823,564.8884887695312,9886455
2015-07-03,562.8088568671307,569.2412583377126,561.9866968465777,566.7747192382812,4422432
2015-07-06,556.6666673457637,566.6295863351885,554.7321176764474,565.0819702148438,4973984
2015-07-07,566.1459085879029,571.4175678688122,562.3251614556237,567.0164794921875,4969526
2015-07-08,559.0848501360206,565.8557739265952,556.0863217867313,557.779052734375,6414143
2015-07-09,561.4842393687188,562.9956191102193,552.2700362415713,557.4378051757812,3602432
2015-07-10,559.875429694024,568.455883964572,556.5602257767049,563.6781005859375,6853759
2015-07-13,563.6780783608925,568.8946472747416,555.9264551315654,567.4320678710938,5161182
2015-07-14,568.065879526767,572.9899450080894,564.4582308746308,569.33349609375,4566647
2015-07-15,569.9672365020131,574.745020151655,566.9933366644872,569.4309692382812,3307716
2015-07-16,572.7461281747658,598.1462456880492,572.3560831887136,593.4660034179688,14142842
2015-07-17,589.4195578199916,594.6848679975827,583.5692396282299,587.0794067382812,5847889
2015-07-20,585.0317466228198,588.3469503253518,575.5737214832495,584.9342651367188,4688323
2015-07-21,581.7165940008282,586.0068509911257,568.2121338021274,570.0647583007812,4375934
2015-07-22,568.3096385102306,578.6939771538008,564.5557081247694,575.135009765625,5900119
2015-07-23,575.2812761392532,583.6179674757178,566.8958440547709,569.1871948242188,5569255
2015-07-24,572.989937179144,578.9377368601969,560.7529740363404,565.9695434570312,13673495
2015-07-27,563.0931103518504,564.9944756139826,539.9356014845665,541.9344482421875,9829067
2015-07-28,544.6645599705737,549.9298697626671,536.717914049417,547.2484741210938,8129213
2015-07-29,549.2473184927793,553.9763610393,547.9797615518338,553.050048828125,4635380
2015-07-30,557.1452770728444,561.3867335823579,549.0522900121493,551.5874633789062,6484751
2015-07-31,553.5376362609688,564.8482279968435,552.8550872137573,559.1929321289062,6283549
2015-08-03,561.6304393864395,568.163305358192,559.0953257914324,562.31298828125,4355574
2015-08-04,564.4582188456384,569.8697512210342,557.3890844285636,565.6282348632812,5903968
2015-08-05,567.480837338371,574.7937347267521,562.1180459202249,565.9207763671875,3419273
2015-08-06,565.5307903183785,571.8686353822915,564.5069964797884,570.1622924804688,3125993
2015-08-07,570.3084601616778,570.3084601616778,561.630465620525,565.8231811523438,2298504
2015-08-10,568.212108949498,570.11347411232,556.5114735013744,561.5330200195312,2402572
2015-08-11,563.2880654339391,566.3594463243656,552.2211794450063,556.9989624023438,3168648
2015-08-12,555.1951982582267,555.5851837480875,542.1294643413969,543.9332885742188,4787034
2015-08-13,549.4423437952178,557.1940267415033,546.0296584300302,553.3912963867188,5982710
2015-08-14,551.0512291369078,559.924187670256,541.0081355834869,555.7802124023438,7528941
2015-08-17,555.5363821537734,557.4864879270204,546.0783572510237,547.3947143554688,4466163
2015-08-18,552.855020213853,553.0987834502789,541.6419113382634,547.345947265625,2952439
2015-08-19,546.9071484916719,547.7359195805628,539.0091849717948,540.1792602539062,4135059
2015-08-20,536.2791796435978,539.2043388052901,516.2905920387,520.0933227539062,8909772
2015-08-21,513.8529756817945,515.7056003478933,501.4697896025192,512.1953735351562,10454764
2015-08-24,494.05934043726427,494.05934043726427,463.24766134273625,470.0242614746094,17627734
2015-08-25,476.80089251247495,493.6205558986512,471.438101287897,490.40289306640625,14248966
2015-08-26,487.03893703631337,489.3790581098617,476.45960682711666,483.2362365722656,6910566
2015-08-27,493.0843195630769,499.22714162984784,484.0650792113658,496.5457458496094,11302689
2015-08-28,503.1273160463848,515.7055227525478,489.720338147862,495.47314453125,10015309
2015-08-31,494.0593361991459,504.9799410207761,489.476575482367,495.0831298828125,6111825
2015-09-01,487.52650423975666,488.5015572482362,465.24653704474855,468.1229553222656,8843551
2015-09-02,470.9992885314096,475.8258122590797,453.0095804913498,454.9596862792969,11537443
2015-09-03,459.2499887964322,477.28847030966784,457.0561194232008,474.7533264160156,8651466
2015-09-04,471.0480731582611,471.3405771327253,450.96197698870276,456.32476806640625,8969600
2015-09-07,457.9336313152666,460.4200342963056,435.6049237705032,438.6275939941406,9743637
2015-09-08,440.9677440335687,463.7352388144141,438.7738746602674,462.07763671875,12602488
2015-09-09,472.1206297602897,482.65118925982085,463.24764234991915,474.1194763183594,11672474
2015-09-10,465.8803052020688,474.8508045833531,460.3225210309247,470.5605773925781,8384392
2015-09-11,475.8258086444805,481.3836220004109,462.76010591573913,469.24420166015625,7212180
2015-09-14,468.02541925997394,485.576372482223,467.29412954238023,483.8212890625,5537347
2015-09-15,484.6988068364947,486.06387495734094,468.85419707108497,469.87799072265625,9567400
2015-09-16,475.28957369910023,484.60131749494184,473.8757350151745,481.919921875,7293528
2015-09-18,487.52645259716996,507.4175556681371,487.52645259716996,504.5411376953125,18814281
2015-09-21,497.8132565335836,516.7780477350409,496.05817317962646,514.8279418945312,7516002
2015-09-22,517.7531446516404,521.3608526656515,492.59678907389366,496.9845275878906,7358434
2015-09-23,486.30768311172653,502.0060125861178,484.6988516150893,498.93463134765625,7602683
2015-09-24,497.27700792239756,505.27245406992625,493.57181858939924,501.12847900390625,6911468
2015-09-28,501.66475802819474,508.9776553755445,492.40175472155164,494.0593566894531,6526803
2015-09-29,487.42896555010987,500.6896916702316,472.90068249281853,491.9142150878906,19935063
2015-09-30,496.1069443998842,497.27701987857125,479.23853974572114,483.2850036621094,12199436
2015-10-01,487.52644344301007,490.8903878052679,478.65345622109675,483.8699951171875,8137042
2015-10-05,491.91423960006125,502.0548146277434,489.03782134112635,500.4459533691406,9558125
2015-10-06,504.44365846867464,505.6137340006901,492.40177741994484,493.766845703125,8226452
2015-10-07,490.69538377698285,497.0819685237396,482.65119715768805,484.4062805175781,11251639
2015-10-08,487.52650651902655,487.9652922773963,472.1206808155279,479.2385559082031,9941551
2015-10-09,482.65123141178066,486.7952066309727,474.6070442215843,478.2147521972656,10368020
2015-10-12,485.3813243470189,485.3813243470189,472.9981703036858,474.8995056152344,5566595
2015-10-13,474.85074218514694,479.8235177157489,472.9006364677541,478.6534423828125,7268043
2015-10-14,477.4834679076721,484.4063204302895,475.8746066462478,483.1387634277344,5645540
2015-10-15,484.60133965249736,489.476604638941,483.1875009039263,486.2589416503906,5251039
2015-10-16,482.16373732160815,494.83942707930464,479.14106688967513,492.40179443359375,5875167
2015-10-19,489.4765689266902,496.1069169220004,488.64776798821293,494.01055908203125,4242869
2015-10-20,492.0117436445763,500.4946867855354,492.0117436445763,496.6919860839844,5729459
2015-10-21,496.5944458190688,501.9084961951274,492.40173011858053,498.98333740234375,6245542
2015-10-23,502.3961061569276,514.3405065459084,502.3961061569276,512.5366821289062,11628906
2015-10-26,515.6567317168887,519.410721303111,506.2475064037151,508.05133056640625,8015119
2015-10-27,504.34611396824323,515.3154591246332,502.78605312878136,508.7825927734375,13011580
2015-10-28,483.3338159758574,483.3338159758574,464.6615259856488,470.8531188964844,33157058
2015-10-29,472.9007183393232,474.26578662657704,455.39850459312794,457.2511291503906,22054683
2015-10-30,460.2250173916175,466.46535065923564,453.3996463709791,463.5401916503906,16103533
2015-11-02,465.8803060495037,467.87918252988254,461.29757485684775,466.319091796875,10316509
2015-11-03,469.00049140598884,471.438123897704,461.54134193259176,462.80889892578125,9337442
2015-11-04,468.025390625,468.12290186596414,458.8598993431777,460.7124938964844,6319148
2015-11-05,460.2249994374185,460.2249994374185,450.4744697883207,452.22955322265625,8078032
2015-11-06,450.4745177399212,455.8373096177774,448.0368850681684,453.5459289550781,9185858
2015-11-09,441.69899619847934,455.34973780284736,434.7761141478702,453.35089111328125,9643857
2015-11-10,451.4495070109631,461.6875627855098,450.7182173127812,456.6660461425781,7040567
2015-11-13,463.54018532369827,475.04582845520605,460.5175151045625,472.8519592285156,10014779
2015-11-16,471.9256125415611,472.90066546003544,465.10024211224106,469.4392395019531,6488927
2015-11-17,472.6569277083115,472.9006909510698,461.24879604472176,463.7351989746094,5944197
2015-11-18,462.8576429035955,464.8077487852095,450.6694811435077,451.98577880859375,6081331
2015-11-19,456.3247537009608,456.3247537009608,448.62184180127633,451.49822998046875,8717250
2015-11-20,451.40072149508063,453.74084234590885,446.8179612718434,448.3780517578125,11446890
2015-11-23,449.49941101801284,452.6683331130422,447.2568011301862,451.1570129394531,7774882
2015-11-24,451.30323690316015,455.3009597106338,451.1569849206465,452.2782897949219,5388027
2015-11-26,453.49714593006655,456.8610608497532,452.91210819213023,453.692138671875,26648537
2015-11-27,455.349727168964,463.5401659890606,454.472185466142,459.24993896484375,10288912
2015-11-30,457.54356429102745,462.5650806756295,456.4222594294177,456.9585266113281,8926273
2015-12-01,459.24993380475587,459.59120828431173,446.72049760002074,450.0844421386719,11177827
2015-12-02,450.7182610546025,451.839566082719,445.84299592691616,448.036865234375,7152991
2015-12-03,448.5244035050676,453.7409432796933,447.2080759348338,450.9620361328125,8154164
2015-12-04,448.4268336324537,451.25448115976945,444.7216444251094,449.0118713378906,7000002
2015-12-07,451.40080655768173,453.9359205993196,448.8168922551362,450.7669982910156,6335649
2015-12-08,448.5243234017283,451.400741291262,446.08669120932757,447.354248046875,7003729
2015-12-09,445.64799165462995,449.59697442339717,436.82377331494513,439.3589172363281,8745990
2015-12-10,440.7239443509146,443.2590880351577,433.99608477999465,438.72509765625,10192522
2015-12-11,438.7250842107755,439.55385540846567,425.6593509515418,429.6570739746094,15589823
2015-12-14,421.22292038113613,430.43718366697664,418.7852877400416,420.5891418457031,10389129
2015-12-15,421.2228883932086,426.00064205567674,418.931507933337,425.2206115722656,11058615
2015-12-16,426.09814694254123,430.87590053366654,423.1729880390455,427.2194519042969,8881531
2015-12-17,430.9733680434739,432.5821993258699,420.6865721793262,424.68426513671875,11529678
2015-12-18,423.4654673501309,429.8033112717107,420.3453158886436,421.7591247558594,10297545
2015-12-21,421.75913024207665,432.143467684439,421.36911502384913,431.3146667480469,5061836
2015-12-22,431.850993900772,439.4076551083881,430.5834368265137,435.55621337890625,8722574
2015-12-23,438.7738624505237,441.40651752772965,437.0187789032244,440.7239685058594,4493436
2015-12-24,441.503912329682,443.8928036808769,437.262456297205,439.50506591796875,3633255
2015-12-28,438.77381733244266,445.2091726045693,437.2137266973432,443.9903564453125,5914945
2015-12-29,444.0390789062583,448.4268168989214,439.94387463352433,446.9154968261719,5987050
2015-12-30,446.57426021026214,448.52436615004495,442.284033093991,443.7466125488281,3766369
2015-12-31,444.6241918974642,444.6241918974642,437.01878999119486,437.8963317871094,6329611
2016-01-01,438.5300480629817,441.6014587907713,434.4348139217598,438.6763000488281,3345654
2016-01-04,437.7012827481744,437.7012827481744,425.26935708339903,427.4632263183594,5862854
2016-01-05,428.92577385343395,428.92577385343395,422.7829523556865,425.5618591308594,5579449
2016-01-06,428.34078505336356,428.34078505336356,419.27280375830304,419.9553527832031,5756267
2016-01-07,414.39748867736336,414.5437406632929,396.8465362157338,399.0404052734375,13787371
2016-01-08,403.1843720497647,408.3033997480991,399.7716869175418,403.37939453125,11307470
2016-01-11,399.77172091485437,412.83742486667416,397.2365772212164,406.7921142578125,10352347
2016-01-12,409.32720120239725,410.1560021301586,390.9962183303105,395.968994140625,13070476
2016-01-13,399.7717709934593,401.1856098909398,382.65960099124294,396.5541076660156,15873927
2016-01-14,384.95091769213315,391.97131128937076,379.05185886503205,380.855712890625,11776737
2016-01-15,382.6595501847958,385.9747243333277,359.794546123497,364.91357421875,13178892
2016-01-18,362.9634887486469,373.78658328313526,357.6006971083042,363.8898010253906,14117119
2016-01-19,366.61993019938774,386.12099031637644,366.61993019938774,383.1958312988281,14215698
2016-01-20,375.98046638717267,383.585868362782,365.30362346347306,377.9305725097656,15605644
2016-01-21,390.0211732250558,402.1605941441873,387.7785633815134,398.9429016113281,28200956
2016-01-22,408.93719364234704,416.9813803296317,404.25695147224667,413.5686950683594,15009103
2016-01-25,419.02907140997155,419.02907140997155,404.84206065042736,410.3511047363281,10252421
2016-01-27,413.51992866992737,415.8600496097989,401.33176777866714,405.0369567871094,8648945
2016-01-28,405.62201611018196,406.4995577899388,392.36129040148296,395.53021240234375,9370465
2016-01-29,386.12098815082527,399.57670765357886,383.4395923997779,398.2116394042969,13667701
2016-02-01,399.77173263574207,400.1130071392434,384.6584110360982,389.3386535644531,10700914
2016-02-02,389.0461282295721,394.36017872568596,378.9055834700773,381.148193359375,12131028
2016-02-03,377.3455000544513,380.2706589696021,369.69132827522236,371.056396484375,10077279
2016-02-04,376.12666634747126,376.95546728613704,364.0360160117262,373.2015075683594,11472602
2016-02-05,375.10294360652205,394.8965098521637,374.6641578041825,389.58245849609375,11677917
2016-02-08,390.99627155931944,407.5234325963124,390.99627155931944,398.35791015625,11996680
2016-02-09,390.9962091504964,395.77396236342895,386.12094469724826,389.92364501953125,6550274
2016-02-10,387.97356912171864,388.0710803695449,375.7366663040252,383.7808532714844,10922352
2016-02-11,383.0982912132521,386.85225095448334,363.98724778573694,367.78997802734375,8076824
2016-02-12,379.6855988270014,386.0722132685746,369.6425657135398,381.34320068359375,28434501
2016-02-15,385.779700217041,409.52224590087866,385.779700217041,407.2308654785156,13964589
2016-02-16,410.30227769804253,411.95987964883574,394.89645268113253,395.6764831542969,12445006
2016-02-17,396.74904310179943,396.74904310179943,384.9021556001269,393.0438537597656,10197761
2016-02-18,399.96682342001753,401.8194184972471,381.8308284531003,388.1199035644531,12069460
2016-02-19,385.73095256376087,386.99850949492,380.2706500982783,382.7082824707031,12915275
2016-02-22,385.14592112948316,388.80236974780104,381.2944500156863,387.2422790527344,10284642
2016-02-23,387.97358222743605,387.97358222743605,373.6890617478811,375.5416564941406,9955791
2016-02-24,375.39538003402913,381.245697644949,367.83871978659084,377.00421142578125,11983475
2016-02-25,376.46792652292174,378.1254985810371,368.0337249814374,368.7650146484375,9491615
2016-02-26,375.3953426392922,380.56311077831964,372.6164360996732,376.711669921875,9588881
2016-02-29,377.3455057658121,381.8794962016696,364.6698169416376,366.37615966796875,82022905
2016-03-01,370.6176397708311,383.3908396264139,370.6176397708311,382.22076416015625,12822550
2016-03-02,390.02122779504293,401.52684211249345,390.02122779504293,397.0903625488281,15332044
2016-03-03,401.08805175154146,408.54720114336124,396.9440765609465,406.74334716796875,14677533
2016-03-04,407.71842422756447,407.71842422756447,399.04045809082965,405.6708068847656,8992492
2016-03-08,405.2320485262932,412.49617580532055,398.60167001442943,401.47808837890625,6921273
2016-03-09,398.79666442180485,407.7671636413744,397.3340849679351,406.4508361816406,8437253
2016-03-10,407.0846071774388,409.5222395557468,400.3567477645596,402.6968688964844,5631550
2016-03-11,403.5256850634912,411.423620218099,398.0653823790552,402.5018615722656,8348484
2016-03-14,407.1820815813655,411.71607144352515,402.79434369742023,405.0857238769531,6963673
2016-03-15,407.08458206947864,411.2285568570123,405.71951397307106,408.4009094238281,8188560
2016-03-16,408.5472046049774,415.71385006421565,400.7467806507058,414.00750732421875,8290044
2016-03-17,419.27281774366077,424.14808306626145,414.88507895332015,417.4689636230469,11080947
2016-03-18,419.2240416818079,426.68319104585316,418.39524069552385,425.2206115722656,6675930
2016-03-21,428.04821983311655,434.3860636347458,426.9756557000518,433.4110107421875,8910574
2016-03-22,435.8486501720742,436.43368786852227,423.4654663295609,430.2420959472656,8004834
2016-03-23,428.2920054931641,430.24211138044086,424.24554172831563,426.5856628417969,5018310
2016-03-28,426.9269374473331,427.65822715527435,409.32721395579523,412.3498840332031,9200929
2016-03-29,413.32494937562063,422.10042613415294,411.86236991586526,418.73651123046875,6674980
2016-03-30,422.49042529331865,434.5811055054952,421.32037962379627,433.1672668457031,9551121
2016-03-31,432.6310376950957,437.79880680837107,427.2682460749486,433.0697937011719,12671936
2016-04-01,429.9008238229986,440.7239171194391,429.072022894864,438.6763000488281,8827751
2016-04-04,440.2363613701188,440.28510211007335,431.07087053979853,433.6547546386719,5347581
2016-04-05,432.3384512970162,438.2862799573657,420.24780124944294,421.8078918457031,12100258
2016-04-06,422.490446260747,425.41560521410435,412.5449236730853,414.0562438964844,7457831
2016-04-07,417.0789424809629,421.0278954342118,414.300035334923,416.0063781738281,5374072
2016-04-08,416.0551125037403,416.688890980403,409.57098647469536,411.08233642578125,6881318
2016-04-11,413.32498225851117,421.1254066644515,407.08464868501045,419.0777893066406,6221772
2016-04-12,419.7603144917194,425.561891716465,418.68775024559966,423.22174072265625,5586212
2016-04-13,429.07207848716877,434.19110694881124,427.1707429123131,429.5108642578125,9091282
2016-04-18,433.8498604935058,434.92239502865084,426.4881922141709,434.1423645019531,6674315
2016-04-20,434.97110192979693,449.158109633859,433.26475936543363,447.64678955078125,10775664
2016-04-21,452.22953802078547,460.95627366587746,451.4495075775807,456.2760314941406,11717618
2016-04-22,453.9846801949479,466.5628578728713,450.5719947141641,463.9789733886719,7323373
2016-04-25,462.1751219323063,465.4415554330791,453.3996449335916,458.1773986816406,7474910
2016-04-26,458.37238793141574,472.803159379917,452.0832846360785,468.2204284667969,12685893
2016-04-27,449.7919117237024,461.68756955778815,446.62298965176404,453.88714599609375,29544825
2016-04-28,451.44952951223644,460.07875433213394,450.03569078944753,456.37353515625,16457436
2016-04-29,455.105977378748,465.53905614349463,453.44837541402006,460.6150207519531,10883473
2016-05-02,462.5163404465546,467.05033039580616,456.7635343950175,460.0299377441406,9439328
2016-05-03,462.0775598504346,463.15012398354185,454.6671519154474,458.8111267089844,8097969
2016-05-04,454.3746645178209,458.27487623042026,448.7681101809594,450.9132385253906,8777977
2016-05-05,451.4495219188432,455.6422377577041,447.01304283920535,449.54815673828125,8736141
2016-05-06,449.499416168225,452.4733158043631,447.5493102412479,449.9382019042969,4804806
2016-05-09,454.1796678554654,466.0753261578114,450.1332039248025,465.1977844238281,10228014
2016-05-10,467.05039374835906,476.8009238892434,466.22159273513256,475.7771301269531,12131886
2016-05-11,470.56053125051824,486.8926671783316,468.2691510049177,485.7713623046875,21878712
2016-05-12,486.16141743156084,494.25434519068443,478.36099366131924,480.2623291015625,13528266
2016-05-13,481.3835969719065,483.8212290615835,474.36320465113647,478.40966796875,7426191
2016-05-16,479.7260460700299,481.33487746840416,465.34401521732065,474.31451416015625,5809867
2016-05-17,478.4584938641488,492.88926560344925,478.068448879637,490.79290771484375,8982435
2016-05-18,486.0639163290965,490.45165479144543,482.894994106289,488.59906005859375,8241793
2016-05-19,489.23280362470433,489.23280362470433,476.8008788689196,478.2634582519531,5989236
2016-05-20,481.6273951023197,483.3337376888157,475.9233296476397,478.3609619140625,5012902
2016-05-23,483.04118478756476,483.04118478756476,472.90064091305084,474.36322021484375,4700955
2016-05-24,471.19435285634415,478.7022727091699,469.97553663064224,476.7521667480469,4838908
2016-05-25,481.67615765484976,490.4516342113146,481.04237918813374,489.6228332519531,7144175
2016-05-26,489.9641162673862,509.95270210516014,487.7702470900695,506.052490234375,11207975
2016-05-27,507.2712988593907,511.9028003866989,496.30195313681855,499.6171569824219,7699491
2016-05-30,501.128467823583,509.0263727917303,499.7146291653939,500.88470458984375,4892196
2016-05-31,502.152267547222,505.75997535249024,497.95955177894115,502.3472900390625,5706744
2016-06-01,511.75652273246857,516.2418020601943,497.2770100678498,499.1783752441406,9559476
2016-06-02,497.76458203109087,511.9028512562639,494.10813309354614,511.26904296875,7013241
2016-06-03,513.9991676200884,531.3550975935399,513.8528858779288,529.1124877929688,13581215
2016-06-06,528.5761235838257,531.4038006399385,517.0705119128378,519.556884765625,9416306
2016-06-07,525.6509378298834,525.6509378298834,513.6090596200607,521.0682373046875,11455340
2016-06-08,523.0184140259707,527.9424194064966,517.558081925406,525.5535278320312,6988719
2016-06-09,529.4050249520576,532.2814431322947,523.7009293378565,529.063720703125,7019405
2016-06-10,526.5285745050263,535.4503324891422,524.8709726457498,527.5523681640625,6382258
2016-06-13,516.5830568321701,521.2632992330398,510.9277614514312,517.8994140625,6788154
2016-06-14,522.4333686625406,522.4333686625406,512.390334988671,516.4368286132812,8234417
2016-06-15,518.6306095520673,520.0931887560918,509.61137112724987,515.60791015625,7836638
2016-06-16,514.8280200858072,515.1205241038073,503.12738326567523,510.39154052734375,5375177
2016-06-17,513.7554321289062,520.5808028980604,511.61030369895576,513.7554321289062,7201452
2016-06-20,502.1522561628333,510.8302509966698,501.1772032382453,509.4164123535156,11335041
2016-06-21,511.4152839385062,511.4152839385062,502.59106644226,504.492431640625,5301794
2016-06-22,504.9799285182718,508.0025687499771,500.7871533734775,503.32232666015625,5374493
2016-06-23,505.0774149293562,514.8279441750967,501.9572336682178,513.2678833007812,5874012
2016-06-24,489.47657636890915,498.83709055350965,480.50607740944736,497.7645263671875,9745784
2016-06-27,494.74188632718773,504.68740907501086,494.49812307714905,501.61602783203125,4612787
2016-06-28,502.15229910171445,507.5150906455192,499.95842983379436,501.17724609375,4479273
2016-06-29,505.56499112965906,506.0037768913871,501.4210157925307,504.9311828613281,4721178
2016-06-30,508.97762623923677,521.8970774799836,508.0025733154068,520.1907348632812,10912401
2016-07-01,522.4332904242106,532.0863371725378,522.1407864799434,529.356201171875,6701034
2016-07-04,531.8914541574724,533.3052930233641,526.0411356882793,530.2825927734375,5173772
2016-07-05,527.6987246001789,532.6227306191896,521.8971470277735,526.2361450195312,5219466
2016-07-07,530.6648563040861,537.2588120433057,526.826566525865,533.6665649414062,4650991
2016-07-08,532.4364277730563,539.8177091192631,531.4522569268953,537.8001708984375,6016471
2016-07-11,542.9178308766838,544.2464373924402,532.977670029372,535.7825927734375,6082359
2016-07-12,541.2938735064338,553.2023146959709,540.457352456801,552.1197509765625,6541827
2016-07-13,554.7770053595062,554.7770053595062,542.3764191741308,548.035400390625,6365885
2016-07-14,546.9528845361916,552.8087124078269,544.836893433907,551.3816528320312,4020476
2016-07-15,547.346448364366,561.4200745201529,547.1987987615604,556.1055297851562,6247207
2016-07-18,560.9772551581655,567.6696033813386,559.993084535081,561.96142578125,6641864
2016-07-19,561.6662863370605,564.7663883088231,554.9246803304937,556.4993896484375,5547223
2016-07-20,554.3833804322475,558.8613454034069,547.0512962122963,549.413330078125,5258296
2016-07-21,549.0688439725848,549.0688439725848,527.0725933304069,529.5330200195312,9416152
2016-07-22,529.4345802448498,536.6682100447374,524.4645307853415,529.1885375976562,8134377
2016-07-25,510.29255203187756,531.4522239097664,510.29255203187756,529.582275390625,15701682
2016-07-26,531.1569093337765,550.3482369189896,526.9741840908455,545.03369140625,11437473
2016-07-27,545.0830248734683,549.2657511672836,534.8476836311937,540.1621704101562,7787071
2016-07-28,539.4239979228284,544.5908946848058,529.5330932779899,535.2412719726562,12174235
2016-07-29,533.9126961500972,543.0654732131514,533.9126961500972,537.5049438476562,4861274
2016-08-01,537.603282783518,548.8720501069256,537.603282783518,541.835205078125,7026398
2016-08-02,543.262301362306,546.8052923435823,538.4398402392715,540.9495239257812,5749264
2016-08-03,540.949474083436,544.1972255285327,532.2887234711578,540.6541748046875,6489800
2016-08-04,543.163871505489,547.1989476312785,536.0286334293618,538.83349609375,5769753
2016-08-05,543.6559025551081,559.9931116621102,541.8351507727967,558.2708129882812,8030392
2016-08-08,559.4518579010818,563.3393442596022,556.3024995826976,562.109130859375,7360104
2016-08-09,561.4693995484184,566.8823385449414,557.7295628009873,565.0123901367188,7958291
2016-08-10,564.963197464777,566.1934108814623,554.0881228750814,558.9105834960938,6611328
2016-08-11,555.3182628542878,565.7997038059457,555.3182628542878,560.731201171875,5098948
2016-08-12,560.8296626358721,583.8100850659654,560.7804661135106,581.6448974609375,13209690
2016-08-16,584.5482147204237,584.5482147204237,570.8190210789463,574.0667724609375,11126973
2016-08-17,578.8892911135442,588.5341531819869,575.9367786393872,580.168701171875,9879769
2016-08-18,581.7433271280117,587.8451980103059,581.4480879062431,583.7609252929688,12089285
2016-08-19,585.9752477877498,588.1403752318224,576.8224123946682,579.233642578125,9209878
2016-08-22,580.5622729551094,580.6114694723238,570.2284814417362,571.0650024414062,9499230
2016-08-23,572.0492055999363,575.739845636065,570.9173852945858,573.2794189453125,6963978
2016-08-24,575.5922216569874,575.5922216569874,569.4904112472168,574.1652221679688,5835501
2016-08-25,577.5113625025233,584.5974036514956,575.7398672325335,577.2653198242188,17177795
2016-08-26,577.2161909068029,579.6766179780169,571.1143197563882,577.1177978515625,7531289
2016-08-29,577.1176884495634,587.5498732263131,576.7239961651918,579.8241577148438,12461059
2016-08-30,582.629123705965,589.7643621297289,579.2337223732665,581.7926025390625,11834475
2016-08-31,582.1370537663659,594.2915396525606,571.5080206733624,587.40234375,120541914
2016-09-01,587.5991376319341,593.4549656417043,582.6290873298325,587.2055053710938,10204784
2016-09-02,588.2388318595582,592.4707538014807,584.8434309743022,589.715087890625,7279782
2016-09-06,592.9627844891812,627.7039945375676,592.9627844891812,625.8341064453125,15252302
2016-09-07,627.6548614586846,628.1961433277553,612.6462583426596,615.205078125,11869960
2016-09-08,616.0909302151917,623.9642967355137,609.9398626211902,619.3878784179688,8039571
2016-09-09,605.363360890111,614.8114354540509,602.017216621454,603.39501953125,9795054
2016-09-12,588.3372633255806,592.3231428559803,579.0860943014326,582.7274780273438,8471237
2016-09-14,583.6132354810007,595.0788483675499,581.1036121651634,592.27392578125,5915220
2016-09-15,591.5357681632232,593.4549129801951,574.0667388010366,579.4304809570312,7145326
2016-09-16,582.8750921431174,602.7061556079258,582.8750921431174,592.6676025390625,19309804
2016-09-19,593.4549960309432,596.4075084490077,583.4656383222178,584.94189453125,5311980
2016-09-20,589.3214620569864,589.5183082304663,579.8242498940168,583.5640869140625,4538973
2016-09-21,587.057827113876,590.8468603107275,585.0894856985738,589.4198608398438,5480087
2016-09-22,600.3441710444798,602.312512588888,580.6607556003986,582.4322509765625,10205715
2016-09-23,586.1720532622039,586.6641386192302,546.9036778129077,548.6259765625,30222177
2016-09-26,550.2499197986411,551.1356976260068,536.6683735495193,538.7351684570312,14880674
2016-09-27,542.2780471773553,545.4766019020857,530.172759771409,532.4363403320312,9085199
2016-09-28,534.5523741035364,541.9336548281419,531.944297553236,540.4081420898438,10240083
2016-09-29,545.6735174588122,546.0671497412856,515.1642223577295,530.7633056640625,16581655
2016-09-30,526.5313623868282,538.4890612798554,522.2009869676289,532.7808227539062,5781645
2016-10-03,534.3554579083373,543.5574293114622,534.3062613904239,542.1796264648438,5276340
2016-10-04,544.2464712722715,544.5909070366077,532.4364212627466,537.94775390625,5690321
2016-10-05,541.2939054056502,541.9336404123719,524.8090455592054,527.2202758789062,8222912
2016-10-06,523.2836048596272,526.5313563522961,515.7546745215627,522.3978271484375,10646794
2016-10-07,521.610502734892,530.8617319053436,521.610502734892,525.3995361328125,7702773
2016-10-10,529.4838383426638,530.2219663700931,521.9057119139197,523.1359252929688,3261598
2016-10-13,520.6263221293975,521.5120998241424,505.0764364312072,510.5877685546875,10008090
2016-10-14,512.7530051006233,516.6896884411271,508.61947557929017,512.4085693359375,4314775
2016-10-17,515.8531410218878,525.3503530563999,508.9146889319324,510.7846374511719,7930102
2016-10-18,515.6070806062605,525.5963776900151,510.19414147439835,524.021728515625,13532992
2016-10-19,527.1710849521015,533.42054517143,520.7247185004449,527.0726318359375,10754624
2016-10-20,528.5979666663036,536.2252882598201,527.5154031128891,531.5012817382812,6969699
2016-10-21,530.1727420128668,530.6648273386503,515.9022675651474,517.7721557617188,6526349
2016-10-24,521.0692855193035,521.6105674906306,509.35762799520637,513.2943115234375,10660533
2016-10-25,512.6545791700063,523.0867653257543,511.8671944971812,520.7247314453125,7356952
2016-10-26,491.1011948644589,494.0537070580328,476.830719262185,479.8324279785156,38780250
2016-10-27,477.32281942585735,481.85001093659184,469.74469254694253,477.9625244140625,17198496
2016-10-28,479.19268798828125,486.18030567594997,476.8798809321121,479.19268798828125,12688495
2016-11-01,480.3245243505411,480.3245243505411,466.93982612724056,468.2684326171875,10425548
2016-11-02,462.3633988556012,472.8940377240287,460.6903266283745,469.2525939941406,9885845
2016-11-03,467.97319170124547,472.2051139131318,466.15246980654723,468.3176574707031,6631504
2016-11-04,466.8906062711988,478.01175396884844,466.6937901383295,471.12255859375,10868004
2016-11-07,477.07681717436776,481.7024321602597,474.41954387872585,477.7165222167969,6990315
2016-11-08,479.34033346743536,484.65487934207624,475.6004967740648,483.0802001953125,7460548
2016-11-09,451.7343656168069,486.1311446857457,451.6851690940502,479.8324279785156,12824970
2016-11-10,486.18039075742706,505.4701150270771,486.18039075742706,498.9254150390625,11433458
2016-11-11,497.00623078692826,504.5843576067895,487.16452324659303,490.85516357421875,7085764
2016-11-15,490.11708053546414,495.0379347577078,469.20345009092875,471.71307373046875,11822835
2016-11-16,479.14353951496906,479.63562489394417,462.6586793193028,465.217529296875,10704594
2016-11-17,466.84137959013674,476.7322831545181,463.88886747724604,466.5953369140625,10250008
2016-11-18,470.4335612778385,471.31930883819723,464.52853749610836,465.9555969238281,4572569
2016-11-21,468.36686243488276,468.95737090252214,455.72026206051544,458.3283386230469,6217176
2016-11-22,460.6411277235773,467.9732121464045,450.799419792002,463.29840087890625,7313923
2016-11-23,467.4811340395543,474.9116116299582,461.72372880290214,472.8940734863281,6477616
2016-11-24,472.1066896860034,472.1066896860034,458.67273580593775,460.7887268066406,8199524
2016-11-25,464.7746392520551,465.512767318628,457.93464048800996,463.74127197265625,4674455
2016-11-28,456.65522357498105,470.0399516521837,453.85033095775907,465.4143371582031,8268812
2016-11-29,465.51275344482804,468.0716033395869,455.67104618383803,457.294921875,7612624
2016-11-30,457.6393638755927,463.54438792560035,454.73604837053676,462.41259765625,13575386
2016-12-01,466.49692938348136,466.9398182289775,456.9504612198477,458.6727600097656,7451748
2016-12-02,459.5092486781562,459.5092486781562,450.7501363156052,452.6692810058594,6381901
2016-12-05,450.4549563184777,457.3441514465806,448.5850078989582,453.4566650390625,4995436
2016-12-06,454.4900099733107,455.86787295886666,447.15795639634416,448.7326354980469,5465618
2016-12-07,450.602570851976,450.602570851976,434.26533086794626,440.0227355957031,7558363
2016-12-08,442.7784034673412,445.68171912183976,440.3179766531923,442.23712158203125,7629221
2016-12-09,444.5499222697885,450.7501857366428,438.4972483682087,449.1755065917969,7780448
2016-12-12,437.955989758545,444.84518510306145,437.07024207829454,438.0544128417969,6849079
2016-12-13,438.7433365422724,447.25643810467164,435.29873869582497,445.7801818847656,8404874
2016-12-14,447.4532050601623,462.36338523530435,446.8135001087581,459.8045654296875,12775149
2016-12-15,451.83282843730245,471.81148402388436,451.83282843730245,470.5320739746094,18021627
2016-12-16,471.9099049488437,473.0909219385362,461.28087217964963,465.3159484863281,20477361
2016-12-19,462.0681299375284,465.2666846176071,459.06642140541044,460.1982116699219,3735250
2016-12-20,461.57606803096405,462.2649995492906,453.16142038236865,454.3424072265625,4836019
2016-12-21,456.2123617169698,458.4267460140127,447.8961364887808,450.4549865722656,4454408
2016-12-22,448.58504644861745,448.58504644861745,438.00521016412637,440.46563720703125,6540181
2016-12-23,440.90847561808545,442.237112076068,429.0984271640296,431.1651916503906,9018273
2016-12-26,428.2126783464466,428.9508063727731,420.2408896552192,425.1617431640625,4494204
2016-12-27,424.27601419047977,431.9525339879314,424.27601419047977,430.7223205566406,4694669
2016-12-28,432.73988433859955,441.15453211187196,431.0667820747349,433.0843200683594,5072550
2016-12-29,435.0034807556186,438.8417407553842,430.77155845437863,437.2178649902344,6082573
2016-12-30,438.44806490955415,445.04202088495987,438.00517606250924,442.82763671875,4616817
2017-01-02,444.2546622317528,444.84517067760675,434.26533531303977,440.6624450683594,3054394
2017-01-03,442.4831428479225,450.5533243870421,436.4796957050556,448.043701171875,4621782
2017-01-04,447.7976526318363,452.7185059574609,444.79594411700737,445.927734375,3703873
2017-01-05,447.40403683242135,456.5568129547318,446.07540028963217,450.7994079589844,5829373
2017-01-06,452.4233057279196,454.4900402750353,446.86271696356175,447.9945373535156,4431212
2017-01-09,449.66758485088843,452.0788150691154,444.4022656220805,445.5832824707031,2690456
2017-01-10,448.2897535024267,448.83103537320454,417.6820387492566,440.2687683105469,9436151
2017-01-11,444.69753161734525,450.3072865212395,441.10531461112674,446.4198303222656,5678047
2017-01-12,447.01036660364804,454.0963779819898,445.43568739695843,447.9945373535156,5106342
2017-01-13,449.7660616509313,467.67798246571317,447.99456620090217,465.3159484863281,12693510
2017-01-16,465.0206844915327,472.89405057816185,460.8871552822492,469.69549560546875,7430300
2017-01-17,469.74466213651914,480.47214677220813,469.4002264198278,479.48797607421875,11331156
2017-01-18,479.4387585453292,483.91675332619474,475.60049875780646,480.76739501953125,8789347
2017-01-19,478.9959344981439,480.17692142295164,471.7130466398729,476.1418151855469,7688347
2017-01-20,450.75016655184066,454.09634082065196,440.908459858569,443.61492919921875,30189779
2017-01-23,438.20203634540684,441.8434802165443,434.11773364746085,437.95599365234375,16502895
2017-01-24,440.71168481088,445.38649624437096,438.2512577406216,444.1070861816406,7103963
2017-01-25,444.8451513488895,457.73779337939783,444.8451513488895,456.2123107910156,14328065
2017-01-27,457.88543915268724,471.2701672928,457.88543915268724,465.3651428222656,8821164
2017-01-30,464.5285988641822,469.05579036848894,463.3968084967325,464.43017578125,4525720
2017-01-31,464.5285901245641,464.5285901245641,456.95046339898323,458.6235656738281,10629001
2017-02-01,460.3458460324165,472.3035140592808,452.71852308906807,468.12078857421875,8340303
2017-02-02,468.7113267712686,478.30699172879065,465.8572375600355,474.9115905761719,7557596
2017-02-03,476.0434216786027,484.70411259027,472.5495973640995,482.9326171875,7134563
2017-02-06,486.91846789076675,492.2822103745134,484.2119983875841,490.4122619628906,8575116
2017-02-07,490.5106666904613,491.79010661025507,482.83414730972225,485.5898132324219,5242366
2017-02-08,484.6056294931782,484.9008987134143,474.22264099007157,479.8816223144531,9694192
2017-02-09,483.2278602438941,486.72165455160945,475.3052973596054,477.5688781738281,7938519
2017-02-10,481.997622918458,484.70409247032273,478.5038287834902,481.16107177734375,10345868
2017-02-13,484.9009437553841,486.0327341184903,479.0451157402365,482.5389099121094,6626404
2017-02-14,482.5388622228746,483.67068250863116,474.4686808376206,479.19268798828125,4089031
2017-02-15,480.27526079651506,485.63900266962185,476.14173219389113,480.47210693359375,6242589
2017-02-16,479.98012851960294,486.52485856921834,478.84830803109315,485.3438415527344,5218900
2017-02-17,493.0695358389361,496.0220480295884,479.6848079010775,481.35791015625,12983330
2017-02-20,481.6531030305276,482.8833163249632,472.05743933392984,473.4352722167969,5840632
2017-02-21,474.2718711027732,500.99210054623006,473.5829696091037,496.36651611328125,16440027
2017-02-22,500.45074824130324,519.6912713860418,499.7618168100607,516.9848022460938,20167381
2017-02-23,516.6896330956952,521.6104867442256,509.849634510435,519.789794921875,10360480
2017-02-27,519.5437547056531,519.5437547056531,499.2698015360614,500.8937072753906,7372140
2017-02-28,501.33653527115814,504.3874703671091,496.6125280503025,498.63006591796875,5799421
2017-03-01,502.9112510946264,513.7371292982289,502.07469995381007,505.2732849121094,7624002
2017-03-02,506.9463352186051,511.5719498114361,495.72682457896883,498.28564453125,7112655
2017-03-03,499.22063052145603,506.8479541026119,498.2364597367908,504.7812194824219,3965255
2017-03-06,506.55269905509806,512.556116626388,504.1906652180899,510.440185546875,6994407
2017-03-07,510.7846192952908,511.67039699797556,501.18895448193996,503.6985778808594,6043543
2017-03-08,496.6125411433929,504.6827228613321,492.3313925922115,502.0746765136719,8850848
2017-03-09,501.5333903210559,511.32587067932764,498.4824551709563,508.22576904296875,8560015
2017-03-10,510.9814242955562,511.76874881839774,504.87955412276546,507.7336730957031,5494130
2017-03-14,516.5912250254324,517.3293530512439,501.4841687224196,502.81280517578125,7975713
2017-03-15,506.55270148489905,507.63526529179467,500.99211267098667,503.6001892089844,6248549
2017-03-16,504.87958262720775,508.6194193736065,503.20648037857796,505.5193176269531,5362177
2017-03-17,507.1431762907686,510.7846200855283,503.60018561257925,508.96392822265625,20296836
2017-03-20,509.800439377865,510.04648206096243,493.3647761331541,494.8902587890625,4932998
2017-03-21,490.8551839791898,492.085397472872,478.3562028695752,480.5705871582031,11017752
2017-03-22,477.32282768849825,494.4473932316581,476.3386569097591,477.7657165527344,12685275
2017-03-23,479.83243077503556,484.2120025681644,475.3544659358199,480.5213623046875,6942275
2017-03-24,483.2278185354419,487.8534328855308,477.17517467677703,481.60394287109375,5501203
2017-03-27,480.66896459755725,485.4421985066527,475.89573068846187,479.4387512207031,5384510
2017-03-28,484.5072412098743,497.0062215680622,482.29285705437303,494.8410339355469,11194711
2017-03-29,497.990367291936,504.8795620963699,492.18376624938577,496.2188720703125,12677454
2017-03-30,491.0520203027261,496.02207070371185,487.1645337268598,491.3472595214844,8454772
2017-03-31,491.79014981174004,495.72683292399086,481.0626643032496,483.031005859375,6985211
2017-04-03,487.8534422389215,495.7268080686591,483.5722935621002,492.6758728027344,5755303
2017-04-05,495.8743953311159,502.4683207627741,490.9535420084582,500.2539367675781,6595144
2017-04-06,499.66347334898575,509.4559837679193,497.1538200586254,500.64764404296875,9928098
2017-04-07,498.9745379782837,506.7495104280352,494.54576988971905,496.2188720703125,5019268
2017-04-10,496.6617141412612,504.8795451025606,495.3823043058754,502.6651611328125,5986936
2017-04-11,501.533412757019,508.42257787017815,500.05715665394763,506.8971252441406,7406691
2017-04-12,507.1431626936627,512.1624694337089,495.2839174685271,497.9903869628906,6161411
2017-04-13,498.58092491702587,503.25573613854795,494.9394810043525,499.515869140625,6216374
2017-04-17,497.54752180931376,500.9921195115804,493.3155995031895,494.398193359375,4070932
2017-04-18,497.0061943996319,500.8936806072531,490.11699962577563,491.7408752441406,5450454
2017-04-19,490.36310923350106,493.5124678595422,480.5214010702597,491.59332275390625,7447021
2017-04-20,488.2962842281492,496.415692460416,479.29112837744543,480.2752990722656,8153829
2017-04-21,484.2120215094794,489.1328753866083,475.64972374947183,478.55303955078125,10301245
2017-04-24,480.2261352537792,495.62840166967834,473.38613644518585,490.7567443847656,14182302
2017-04-25,493.06951636850766,511.9164091355474,487.26291529641844,508.22576904296875,13778124
2017-04-26,511.2767054613332,516.6896445951876,500.00793834159697,508.96392822265625,11516903
2017-04-27,515.7054985072832,515.7054985072832,495.28395443471425,498.5809326171875,22108735
2017-04-28,500.25397457954006,507.1431697519843,496.51413778544475,501.5826110839844,9287281
2017-05-02,501.4350023862326,504.9779930958007,493.6600593865567,497.5475158691406,7539462
2017-05-03,498.87606451968776,499.3189532976178,492.08529347661107,492.9218444824219,7220815
2017-05-04,496.9569959870293,513.5402478876333,494.0536804724428,510.6369323730469,15719994
2017-05-05,513.7371804395209,514.1308728046309,494.5458489863204,496.5141906738281,9440005
2017-05-08,500.94293601063384,505.5685507734552,495.3331504501492,503.1081237792969,6834456
2017-05-09,504.87958412939923,512.9989926461001,502.4683538288185,509.9972839355469,7872272
2017-05-10,510.7846185369234,519.1992664238732,507.5368670802605,518.0182495117188,8812464
2017-05-11,516.8864388772988,526.1376069724446,505.32243370660933,508.71783447265625,8962710
2017-05-12,508.5209918476893,508.66858140522874,491.29800530406044,495.037841796875,9934430
2017-05-15,497.0062381321802,500.4508358222052,490.51070505265994,492.1838073730469,8806756
2017-05-16,494.15212342783195,496.51412714371537,485.6882492476185,493.5616149902344,8610492
2017-05-17,493.4140043893727,498.7285203556743,490.60911178550293,494.8410339355469,6443135
2017-05-18,490.11703007395676,491.1996238982907,482.4897068147737,484.2120056152344,9227022
2017-05-19,487.9026256765176,495.8744143722334,486.3771731017198,493.7584533691406,7611430
2017-05-22,496.02204021710196,499.41744119667646,491.5932720008778,494.34893798828125,4970982
2017-05-23,494.29974849821633,498.088811810679,487.3613568745629,492.6758728027344,7549551
2017-05-24,495.03789772326513,497.00623926490834,487.16453155669234,491.3964538574219,7271148
2017-05-25,494.05364706850236,501.8285888939546,488.0010038135081,499.4173889160156,9157557
2017-05-26,499.9587249840297,504.8795785763922,497.0062128286122,503.3541259765625,5995136
2017-05-29,503.79696874301413,506.8479038800672,494.25053109840377,499.2205810546875,5441466
2017-05-30,497.0062174223089,508.76706963056046,495.67758093318946,506.2574462890625,4725430
2017-05-31,505.86370631409034,507.832047583795,501.43493845725493,505.91290283203125,7263061
2017-06-01,504.04302052787915,507.78285697000047,497.49826170240993,501.23809814453125,8105813
2017-06-02,505.3717079848835,505.3717079848835,498.334892741363,500.0079650878906,4474040
2017-06-05,499.3190240301253,508.5702228510909,498.9745582689948,505.5193176269531,3858825
2017-06-06,505.8637687449524,506.257461075084,497.54751384030317,502.1239318847656,3866339
2017-06-07,501.9270485087041,507.2907907467661,500.0571302172395,506.0605773925781,3389166
2017-06-08,505.86373035987486,513.5402496628178,503.2556840604459,507.5860290527344,5980728
2017-06-09,506.8479240799454,508.1765305329377,501.3365620053786,505.5193176269531,3242063
2017-06-12,504.33830140282583,504.9779763343959,497.99038819562037,499.4666442871094,2360518
2017-06-13,500.9428813028032,504.19063256660246,497.49828388716503,498.4332580566406,2181945
2017-06-14,500.94291218316823,502.8128306028836,493.61082807552503,501.43499755859375,4648343
2017-06-15,500.79524628382694,501.2381050600673,496.02201257653667,499.5650329589844,3425367
2017-06-16,499.6142988661176,506.1590286563311,499.4666792535357,502.3699951171875,4999502
2017-06-19,502.91131638563,517.0341443935076,501.2382138867851,511.91650390625,6844723
2017-06-20,511.96563447669587,513.4418905968311,502.4191662193518,503.747802734375,4388846
2017-06-21,502.96045904056683,504.387518668163,498.7285367513982,499.71270751953125,4346995
2017-06-22,500.8444573294727,506.30662267090105,498.63007328053015,499.9587097167969,3463745
2017-06-23,501.5334310129082,502.369982175334,495.6776029104358,496.6617736816406,3548884
2017-06-27,497.9904239760605,498.67935554872435,476.7815552849549,485.048583984375,9842829
2017-06-28,485.9835009390481,492.4298373271912,482.2928606523466,484.2120056152344,12691859
2017-06-29,490.1170217178376,506.2574456574362,489.82178251373807,503.9938049316406,11855524
2017-06-30,502.51755302231896,511.768751367053,500.05712633305427,509.1606750488281,7600005
2017-07-03,508.9146672554526,513.5402817620625,506.8479327224429,509.06231689453125,3701949
2017-07-04,508.61941448982583,509.3575425275149,498.53166464140827,500.3523864746094,4086213
2017-07-05,499.7126463139352,507.24157579560404,499.7126463139352,505.76531982421875,3154406
2017-07-06,507.85242435953216,509.69100476329794,505.01997326538367,506.3616638183594,3514758
2017-07-07,505.11934242821667,505.81504278376485,498.1624601911335,500.0507507324219,3509920
2017-07-10,505.96406762842173,509.98913876141484,503.57885714012775,506.808837890625,1238680
2017-07-11,508.84623487865406,509.2437952633323,502.6844128713307,503.6782531738281,3928279
2017-07-12,505.765321129491,506.7591614265934,501.0942899308691,503.6285705566406,5504892
2017-07-13,504.87085519984305,513.6663172915163,504.87085519984305,508.746826171875,22231839
2017-07-14,510.8339254796397,511.3308456406121,504.5727435832272,509.7904052734375,3160157
2017-07-17,509.93945991691567,510.8339404966408,505.3678185652565,507.3554992675781,3169635
2017-07-18,505.8647425221445,519.4803675666634,505.2187523549814,513.3682250976562,7864083
2017-07-19,514.809266783817,518.7349480349537,512.871266099413,516.9957275390625,8119092
2017-07-20,517.5920798820479,540.8479700311467,517.4927201034847,536.673828125,16391849
2017-07-21,536.6737509433758,539.058991877914,528.9714887770588,537.4688110351562,5567645
2017-07-24,537.6675587979817,543.0343202474429,528.1267169535986,531.5057373046875,4779353
2017-07-25,530.2137786120138,544.1275422494425,526.685657821505,541.59326171875,8181916
2017-07-26,535.5805505567504,540.5994318332986,522.1637067917542,525.5924072265625,12085057
2017-07-27,529.1205972460871,531.6548778661355,518.7846339158847,521.4183349609375,12290852
2017-07-28,520.5735469300744,526.3875491914056,508.8462432983964,511.9271240234375,8268116
2017-07-31,514.2129643511771,517.9895451306883,506.26221210294835,516.59814453125,7245884
2017-08-01,515.0080859530099,518.5362070941629,511.57932458403513,513.3682250976562,4562630
2017-08-02,515.5545834519046,520.8219241726837,509.4424421988713,513.7160034179688,4079631
2017-08-03,512.8216125729527,513.169432426328,501.69058869534314,502.8832092285156,4140945
2017-08-04,502.8832051276738,507.65362656226245,501.4918347367188,504.97027587890625,4972811
2017-08-07,505.8647495657972,508.64749047675485,500.99493780682076,502.6844482421875,5293884
2017-08-08,504.5727794299515,507.802760705742,492.9945145930516,496.37359619140625,8898560
2017-08-09,491.40433302158,495.5784439526247,482.45977060271525,483.9505310058594,7169705
2017-08-10,482.1119303994234,491.10617288563833,480.57145975326813,482.50946044921875,10095387
2017-08-11,479.9254917906206,490.3111354250509,477.0433608845299,486.6836242675781,9261420
2017-08-14,487.9755975425577,494.3858797439484,486.7332971414819,488.7209777832031,3983656
2017-08-16,489.91360621603656,498.46060884985945,484.9940844164477,496.4232482910156,5958229
2017-08-17,497.1189386840729,500.3489197142503,491.95095690394913,494.08770751953125,3948664
2017-08-18,492.2491146416284,492.8951351346704,486.8327029162807,487.3793029785156,4166976
2017-08-21,489.0688464953718,500.2992304148479,488.77067619005425,491.752197265625,17884400
2017-08-22,492.944790450248,503.8770337868462,492.944790450248,496.1250915527344,6654272
2017-08-23,501.88939449639315,502.68445467266565,497.0692625625372,499.5538635253906,3288488
2017-08-24,499.90167505586464,507.3554773678308,498.95751463117585,503.72796630859375,7157375
2017-08-28,504.3739838307043,509.74074605041613,503.08200349164827,507.45489501953125,3724389
2017-08-29,506.2622166330136,506.31192684320814,497.91396460966916,500.4979553222656,3266295
2017-08-30,503.0819629070276,506.36162370596287,499.2059615433425,500.7961120605469,3972126
2017-08-31,500.89554717830885,502.2869176323283,495.4791050224172,497.2680358886719,4491876
2017-09-01,498.9078433454602,506.65978575165735,495.42940220659744,504.42364501953125,4569367
2017-09-04,503.47949423914935,505.86470485624534,496.6220023413989,498.65936279296875,3744616
2017-09-05,499.1562840719762,503.52917526821017,498.41090385683634,500.2991943359375,3216819
2017-09-06,498.9078418688535,498.9078418688535,488.4725184831504,489.814208984375,4947660
2017-09-07,490.95711628923954,495.9263178711144,490.95711628923954,493.5411071777344,4564617
2017-09-08,494.93245335629115,495.429373490183,488.82034177534086,490.95709228515625,3662579
2017-09-11,492.29880764388696,494.33616816418163,489.6154266531383,490.85772705078125,3590293
2017-09-12,491.85156087188307,499.1066132960438,490.21173043457526,493.44171142578125,3324949
2017-09-13,493.0441859791798,502.4856689648197,492.00063545142837,496.2244567871094,4430874
2017-09-14,501.88931845425986,518.5858222630776,499.0071878399469,516.5484619140625,15168429
2017-09-15,514.759603561116,516.7969640761147,507.8524012363358,512.970703125,8942804
2017-09-18,515.4552874129998,522.759989234634,515.107406918181,521.3189086914062,7337260
2017-09-19,518.7847200083263,520.8717607101939,514.312437939289,517.5424194335938,2386279
2017-09-20,513.5669244979449,519.2815056607184,513.5669244979449,516.2503051757812,8297561
2017-09-21,514.8093255957433,519.2816073818067,502.5353906280711,509.39288330078125,3103034
2017-09-22,506.26222060003045,507.3554509481105,500.10042920743007,502.1874694824219,4546160
2017-09-25,500.89553134344374,501.8893716834109,485.29222587411937,498.6097106933594,11921527
2017-09-26,496.92013592616604,515.0080410057177,496.92013592616604,508.7965393066406,5292394
2017-09-27,510.23763802649864,510.7345581801438,497.41707379877494,503.18133544921875,5300694
2017-09-28,504.7218401741982,514.0639336270685,502.53537921881093,508.6474914550781,10408979
2017-09-29,507.95176407084256,513.7657356705691,501.98872249770704,506.0137634277344,11578743
2017-10-03,510.83392311630075,513.8154440683414,500.99491004048645,506.5107116699219,10712537
2017-10-04,504.3739669895054,507.8524081411572,501.3924460023753,502.8335266113281,4792373
2017-10-05,503.5291738009793,504.72179427356735,494.38586138633246,498.1127624511719,9349884
2017-10-06,499.90166155433326,503.87702268001385,498.162441061848,500.24951171875,11343137
2017-10-09,500.2992155745076,505.6659472854218,498.1624649329844,502.8335266113281,3942277
2017-10-10,504.3739916684726,512.5234948972225,500.99494045030855,511.38055419921875,4932758
2017-10-11,516.6975815083238,520.0766020365063,506.2622283261217,512.5731201171875,6188165
2017-10-12,513.1196966568755,522.7102791034139,509.64125586516434,521.865478515625,4800917
2017-10-13,521.0207998227911,531.3567636537714,519.2815792225243,526.1887817382812,6447797
2017-10-16,527.0831783819636,528.4745790644303,511.03269394647054,517.144775390625,7148294
2017-10-17,517.7411393285525,522.8593807045324,507.8524157741051,509.98919677734375,9443230
2017-10-18,484.9941038330866,485.9879442097938,458.0610235584027,461.63885498046875,49308621
2017-10-19,461.04249165504115,462.13572200958555,455.17884017288213,457.46466064453125,3302209
2017-10-23,455.8248283273053,458.2100388809077,444.7435155150291,447.1784362792969,21127981
2017-10-24,448.86796740623976,454.9800792122424,447.32752706629407,449.1661376953125,19327721
2017-10-25,465.26632483534115,473.56489730738184,453.83716152152186,470.0864562988281,37624005
2017-10-26,469.0926697191387,484.8450461559243,468.59574951816506,481.31689453125,24936306
2017-10-27,482.0125351600548,488.3731068776905,478.6831641605554,482.9566955566406,7576778
2017-10-30,484.1990083809519,485.98790879683065,478.63349661101927,481.0187072753906,4815226
2017-10-31,491.9509817075376,525.7415541884594,490.26144095165114,519.9276123046875,39655956
2017-11-01,521.7164518909012,540.6490965404894,521.2692116461152,531.8038940429688,22542766
2017-11-02,530.7107116092153,534.6860727448649,523.0581292912506,528.8721313476562,7800191
2017-11-03,532.0523908063656,542.3386745092073,530.8100904069305,536.7731323242188,9303981
2017-11-06,535.7295412906525,538.2141417610286,527.4806798608421,531.2075805664062,8013536
2017-11-07,532.2014965914561,536.0774981412363,519.77849246934,523.9029541015625,9642624
2017-11-08,534.3879742979954,548.5005195575266,530.3131924219439,541.493896484375,19642327
2017-11-09,545.5686729692959,552.0286352526431,529.7169072344728,537.0713500976562,11290503
2017-11-10,531.6549106233599,545.5686756086507,529.1703097331294,541.4442138671875,9869691
2017-11-13,553.569024421106,561.0725062468599,530.7603783387024,534.0400390625,21701958
2017-11-14,534.0400781811937,546.5625027609613,529.3193366037989,542.2890014648438,10644657
2017-11-15,543.1337192999921,548.0035609919784,533.7915962962949,538.6614379882812,7814066
2017-11-16,540.6490910305763,545.121372114469,537.8663504879931,539.2576904296875,5176117
2017-11-17,546.6121832648001,553.9666259942247,537.2203799841376,539.0590209960938,4373503
2017-11-20,538.9098921452913,544.127553618344,533.4437706020933,541.7920532226562,3458524
2017-11-21,543.630664965094,545.5189858712488,535.829042574339,543.431884765625,5770768
2017-11-22,543.1834373866086,543.6306776810751,535.6799547899442,537.1707153320312,4536211
2017-11-23,539.0590581057479,544.4257598790069,532.2512149590857,540.7982788085938,10724159
2017-11-24,541.593292535963,544.3263534059719,537.7172910384526,542.139892578125,3947490
2017-11-27,540.7484796440328,558.3891448606508,537.6179191137853,555.9542846679688,9301318
2017-11-28,556.0536988412163,562.4143016081753,554.5629382545106,559.0848999023438,10113136
2017-11-29,557.0971573475168,558.737018074742,543.4318534846302,546.115234375,6387037
2017-11-30,543.7797975170605,544.1276173923512,530.8598723552329,532.1021728515625,19370807
2017-12-01,536.0773846270984,536.5743046867605,528.6235837321676,530.5615234375,7138045
2017-12-04,532.8971464859654,537.5184671862094,526.3875050743139,531.6548461914062,4181453
2017-12-05,531.7046082886002,534.5370291344935,527.4807866339711,529.8660278320312,6167602
2017-12-06,528.9217792819697,531.2075996650602,525.940258610323,527.2322387695312,4234770
2017-12-07,529.6174960789898,534.6860571151017,525.8408545831626,530.7603759765625,3528298
2017-12-08,533.3941243712734,541.1460669170327,533.2947039414248,539.1583862304688,6007380
2017-12-11,546.6121511808752,548.8482917993424,539.357129306132,541.7423095703125,5326031
2017-12-12,540.6491103893263,540.6491103893263,531.8039076652341,535.2823486328125,5232189
2017-12-13,534.6860305992622,539.6552316271363,529.7665094498283,532.4498901367188,4163419
2017-12-14,533.6921454197932,540.0527464631454,531.456005145688,538.11474609375,3558224
2017-12-15,548.7986505672461,548.9974307680595,539.7049871480352,544.5748291015625,6059220
2017-12-18,534.6363445682317,550.3886873816382,526.7353028929984,545.2704467773438,5889302
2017-12-19,545.8667030941014,552.5751241152851,542.040442775324,550.2396240234375,4325512
2017-12-20,550.0906323088086,554.3641336709663,545.2207903426654,551.08447265625,3534649
2017-12-21,548.4010238925229,553.519325313731,541.6926023753709,545.568603515625,5781370
2017-12-22,546.5128416139831,551.3826230126363,543.730040061379,550.1900024414062,3075576
2017-12-26,551.5814208984375,553.8175617939718,546.9103588959252,551.5814208984375,3272086
2017-12-27,550.5875579399302,557.1966205796045,547.6060368680534,551.183837890625,4163259
2017-12-28,542.7859276699745,550.786330300417,540.6491466685418,543.4815673828125,8433564
2017-12-29,544.8232130450226,564.3521366968332,543.6305926660192,560.4761962890625,8363189
2018-01-01,560.3271220371417,566.2901635501142,557.0474613368459,562.0166625976562,6943234
2018-01-02,563.507452179855,565.0975724020449,552.9230286821097,556.0536499023438,6292268
2018-01-03,557.8425427173053,561.9670041850177,552.3267412389314,556.997802734375,3990149
2018-01-04,561.3706325112026,561.5197328101397,554.5628511647043,556.451171875,2766664
2018-01-05,557.5941177056767,562.5136395829866,553.2709364354597,559.7805786132812,3249056
2018-01-08,562.3148608762867,564.5013217897068,558.9855199498343,561.967041015625,3770339
2018-01-09,560.525890923814,569.4704530130239,559.5320506916796,561.81787109375,4607504
2018-01-10,562.662775812742,563.2093759097307,556.9978733093923,559.3333740234375,2411625
2018-01-11,558.5382082809004,559.6811488070745,550.1402462202831,555.3082275390625,2825921
2018-01-12,556.7493470124379,559.9296480975404,549.0967645868092,551.6807250976562,6013121
2018-01-15,553.2709070778716,560.9731694019811,552.9727671197456,557.09716796875,3943472
2018-01-16,559.4824359091511,563.4081174146842,552.3764531589129,559.7308959960938,5993564
2018-01-17,560.5756498132931,585.6701192115994,557.5444488098927,581.5953979492188,8453944
2018-01-18,592.3288388092592,593.4717794565477,575.0359927414162,581.1978149414062,9466991
2018-01-19,581.2972967651551,590.3412204921776,577.6200750107195,586.6143188476562,3897048
2018-01-22,592.2791356877375,617.920203156103,579.5579920489328,607.7830200195312,21790443
2018-01-23,612.6031739574006,623.7341365860614,607.6836524307138,616.2803344726562,14286343
2018-01-24,618.0692215642946,618.0692215642946,602.5652786277137,604.2051391601562,6158610
2018-01-25,606.242591029169,615.4356139259229,594.9127871954362,612.3049926757812,6749846
2018-01-29,610.7645084652463,617.0754303961816,599.9316862251626,601.8199462890625,7017160
2018-01-30,601.8696963777668,603.7083374350887,588.8007320691347,590.0927124023438,6447963
2018-01-31,585.670102171301,592.3288446032108,583.5333818287394,589.943603515625,7108060
2018-02-01,589.9436197349662,606.2426260767768,582.4898169553337,589.1485595703125,7839731
2018-02-02,584.1793166478615,584.1793166478615,557.8425486780383,561.42041015625,6185174
2018-02-05,547.705439150794,565.1473873024087,544.1276378505278,562.7621459960938,9318595
2018-02-06,539.6552770830372,573.4955268014323,530.7107144794509,560.227783203125,13938327
2018-02-07,564.5012837733881,571.1103459544843,552.575200313387,555.904541015625,7679830
2018-02-08,559.3332648101439,573.3464483358694,556.252384385619,564.948486328125,5816886
2018-02-09,556.4511614902627,558.4885218022794,547.0096794333731,554.1156005859375,5865587
2018-02-12,560.2278112757685,564.501312602007,556.8984097443033,560.7247314453125,4765319
2018-02-14,561.5198123542153,562.3645524100052,536.7731627319148,540.5498046875,6478108
2018-02-15,531.4561298738738,551.3826168611942,528.077048402954,540.3510131835938,11593643
2018-02-16,543.6803303028078,545.220770653874,531.7045666804431,534.5369873046875,3910503
2018-02-19,534.5370168279808,541.5933198252511,524.2507932989708,537.2203979492188,4251723
2018-02-20,538.6614080237409,544.6741293209494,526.1390453112209,528.4248657226562,3395183
2018-02-21,530.710794166734,535.1830761400491,521.1699502206775,532.4996948242188,4638382
2018-02-22,529.7168251911687,530.4622053391863,524.2507041057064,526.9837646484375,7808359
2018-02-23,523.7538382257371,535.5805620622556,522.3127576585516,533.3444213867188,3888629
2018-02-26,537.766866666399,550.9849888388605,535.6798266703195,548.8978881835938,5297794
2018-02-27,548.202261017622,548.202261017622,532.8474775877701,535.0836181640625,4136383
2018-02-28,530.7106417608599,533.1952421436355,516.7968796173168,525.4929809570312,6626661
2018-03-01,520.7723151264562,532.2511584139116,518.7846345343705,522.5115356445312,9827510
2018-03-05,520.7723086672019,525.6918302034356,518.0889277693292,521.3189086914062,6766199
2018-03-06,522.7600121374257,527.3813939228528,508.0511874258552,514.1632690429688,12240160
2018-03-07,507.75296728601245,514.7098792234847,504.42359645060986,509.4922180175781,10428057
2018-03-08,515.2564656954627,520.722586815339,504.3242234557098,517.343505859375,8483978
2018-03-09,519.2318571683682,519.3312169309195,499.9016519348724,502.2371826171875,4955525
2018-03-12,507.4547394585548,518.7348301778347,502.1873689557059,516.0017700195312,5283334
2018-03-13,513.914810242049,531.6548965233304,511.47994996155927,528.2261352539062,7846232
2018-03-14,525.691811228225,534.6860533393623,519.2815294978008,532.8474731445312,4976540
2018-03-15,531.9033751324952,535.8787365898992,524.9961724684154,526.3875732421875,3932830
2018-03-16,527.6299674984177,529.6176485804849,517.2940016079833,519.3810424804688,12146623
2018-03-19,519.3808654172636,522.7599463684935,513.865064426773,516.2503051757812,4656613
2018-03-20,505.86475341959704,521.7661994995843,505.86475341959704,517.8901977539062,5398111
2018-03-21,519.7784448130495,529.2199270802082,519.2815246937254,523.05810546875,5518826
2018-03-22,519.3809175740113,522.6606390980486,513.5669760708507,515.008056640625,7194256
2018-03-23,506.36165166020515,507.10703191289434,492.9448071117993,496.4232482910156,29385110
2018-03-26,495.9263085592515,506.1628514938654,492.1497275597781,504.1751708984375,9498614
2018-03-27,509.1444037175189,519.3312673959416,505.9144225511898,509.0450439453125,6423140
2018-03-28,509.74074037404444,509.74074037404444,498.51032620816727,507.3554992675781,10980960
2018-04-02,503.6285959895725,505.3678165973312,489.16823106833266,495.97601318359375,7120498
2018-04-03,490.9570894425788,502.883172586933,490.6589494958091,498.4605712890625,6053789
2018-04-04,501.3924706547681,501.3924706547681,487.2302452695739,489.2179260253906,6047813
2018-04-05,495.3300065068854,501.5415084703285,492.1497356993622,500.0010681152344,6682587
2018-04-06,499.85201849477346,499.85201849477346,492.1497557463636,497.11895751953125,3812133
2018-04-09,499.10661240303654,518.7846382747208,498.11277209982825,516.1012573242188,8708770
2018-04-10,519.7784621175259,546.3140095046958,518.1883419464281,542.785888671875,21689156
2018-04-11,546.7115184253709,547.6059989486756,530.7107140446329,536.4749755859375,9261807
2018-04-12,533.9903893043077,546.6121734410592,531.5554683998669,545.369873046875,8021652
2018-04-13,546.6121915744596,552.1279933757799,532.4499666109396,539.2080688476562,8788919
2018-04-16,538.1645404325259,540.450361067066,527.0831964535686,539.0590209960938,6418203
2018-04-17,541.5932892312071,541.5932892312071,526.9838245379201,529.12060546875,5541004
2018-04-18,532.2014214920066,532.2014214920066,513.318457890983,515.0576782226562,7131174
2018-04-19,517.7907739576365,518.2380142051778,505.96408096387097,509.7406921386719,10559623
2018-04-20,510.3369947083957,510.68481455016524,499.90167154493287,502.5850524902344,4437940
2018-04-23,505.2684313195711,508.0512025163075,496.9201783885634,503.0820007324219,4766412
2018-04-24,502.88317513378075,511.57927747058034,500.2495044919839,501.7402648925781,4564259
2018-04-25,502.88320970468794,502.88320970468794,493.2429463196158,495.33001708984375,4608455
2018-04-26,493.6901695850228,497.96367074803084,480.32300540302,490.7086486816406,14919977
2018-04-27,478.2856633435787,539.7546640727304,478.2856633435787,535.8787231445312,58859461
2018-04-30,532.4996323823171,532.7977723470697,510.2376455655987,514.1135864257812,18357008
2018-05-02,515.3062030947009,524.6980061990478,512.2253223832723,520.5238647460938,25195767
2018-05-03,518.7847566821135,535.4812654549828,518.7847566821135,530.1145629882812,12001916
2018-05-04,530.6114197962555,530.6114197962555,515.8528532946103,517.0951538085938,5929870
2018-05-07,520.5238863958198,534.5867516953015,519.7785061289045,532.7977905273438,6792091
2018-05-08,533.3443701907944,544.1275121496261,530.1640694034696,538.9098510742188,12028184
2018-05-09,539.7546975317334,546.2644006857952,533.741975237387,545.1214599609375,7556830
2018-05-10,545.1214123667152,550.5875340950961,539.6056107544614,544.2766723632812,11415139
2018-05-11,545.2207234760197,553.0720855215848,542.1398430404752,549.8917846679688,4960854
2018-05-14,547.804787936306,555.4573704122937,544.1772465614397,548.50048828125,4999526
2018-05-15,544.6245460808757,560.029072475499,543.9785255490322,546.3140869140625,6752759
2018-05-16,541.6429204767401,549.3451821899414,537.7172394717214,546.6121215820312,9929095
2018-05-17,546.6122009891214,549.5937220854257,533.1953560557521,536.127197265625,8551787
2018-05-18,533.4934332493152,537.369434482044,525.2445713188151,529.6174926757812,7343619
2018-05-21,531.7045590141695,534.4872997145536,518.6355348420113,523.604736328125,4258800
2018-05-22,525.1452208737486,530.2137819672075,517.442958811432,520.0765991210938,4711540
2018-05-23,518.7846306613407,524.9464525826444,516.2006701745992,517.04541015625,4426060
2018-05-24,518.4864951947411,533.6922396104623,517.8901546208867,531.157958984375,5188026
2018-05-25,532.3008830689703,540.1522463317701,529.2200021557821,535.1830444335938,4588810
2018-05-28,538.3632873308139,544.6244689109067,537.6179071270126,542.785888671875,5611936
2018-05-29,543.6306573544829,546.5128185584332,539.8540762542441,544.3760375976562,8015443
2018-05-30,540.4006389055974,541.3447992801221,531.7542165512688,538.3135986328125,5919369
2018-05-31,539.6551928628114,548.4009739118077,528.9714114203156,542.537353515625,15652651
2018-06-01,539.6552830295545,540.9472632880252,529.5677797184537,533.3444213867188,4061137
2018-06-04,536.2266055328162,538.6118468892528,527.9777418855516,533.7420043945312,4291186
2018-06-05,531.3566613106456,532.698321251615,521.0206994704462,527.6297607421875,5088506
2018-06-06,526.7353084342681,530.5118890798828,523.3562274749751,528.126708984375,5281259
2018-06-07,530.5119577349788,546.6121832648001,528.8721575807043,539.0590209960938,6932191
2018-06-08,537.7173247365495,538.5621254539234,532.1518428797926,534.08984375,4627913
2018-06-11,536.4749841633225,539.2577248836993,527.0831811552522,536.6240844726562,4095873
2018-06-12,540.1522316038354,541.1460719563723,532.4996487574606,533.8413696289062,3320721
2018-06-13,536.4750844417678,548.4011703233597,533.5432428640345,537.3198852539062,5924906
2018-06-14,536.4749644178113,536.4749644178113,527.7291821931539,528.7230224609375,3736633
2018-06-15,524.5488206797387,531.3566621240572,512.9208787565112,525.4929809570312,7854953
2018-06-18,526.9838821864357,527.7292625007022,518.2380986308829,519.331298828125,3711213
2018-06-19,518.9337428647093,521.1698835653746,511.2314804513071,514.0142211914062,6483110
2018-06-20,517.5423877774948,524.151450694504,513.9645866047886,515.9025268554688,4555002
2018-06-21,518.0392113562867,518.7845915165116,507.9517392538294,509.88970947265625,4856050
2018-06-22,509.84006653313594,524.5488906287632,507.4051457014794,522.4121704101562,5932446
2018-06-25,517.1448532436661,520.1263745899178,509.9395099902246,512.026611328125,4882240
2018-06-26,513.3185354933906,515.504996372734,508.89593384955526,511.03271484375,4505122
2018-06-27,512.8215941262512,512.8215941262512,498.5102998909732,504.7218017578125,5659070
2018-06-28,504.8709029652913,510.33702494621474,497.7152402402421,501.4918518066406,4854274
2018-06-29,502.6844238670976,511.33084681979705,495.6778617130686,507.65362548828125,7747444
2018-07-02,507.6039660161969,510.6351669951728,499.901703193631,509.0947265625,6799910
2018-07-03,509.74070759972665,516.697589610552,506.11316628754594,508.39898681640625,6658467
2018-07-04,508.7965743644593,513.0700756960439,504.5230427032745,511.5793151855469,3893493
2018-07-05,510.8339073345386,514.6601681744355,505.86470590132325,507.8523864746094,2692462
2018-07-06,509.84006627013423,513.7160676458083,506.3616252721898,510.5357666015625,2706424
2018-07-09,511.9271445324284,526.0396897586286,511.9271445324284,522.0146484375,6295104
2018-07-10,524.698012085767,531.60521448123,518.7846500160051,529.2696533203125,5281760
2018-07-11,529.1205943119166,539.0092566635595,527.5304134534434,533.2449951171875,6432494
2018-07-12,536.3755952452069,542.338636747301,532.0026738799932,535.0338745117188,4128221
2018-07-13,536.3756494065586,537.667629730633,516.2503823048113,519.7785034179688,4169212
2018-07-16,519.7785138003055,526.6360366208164,515.1571318135435,518.884033203125,5032325
2018-07-17,518.4865056843989,536.5246710484711,515.8031246957604,534.5867309570312,4511522
2018-07-18,537.8663637409452,539.0589841912082,511.8277366568544,523.3065795898438,4954888
2018-07-19,524.7973540759782,534.0897972020016,515.2068316533821,523.5550537109375,5276418
2018-07-20,523.5550750974259,533.1456585709814,521.7661746305326,530.41259765625,2532288
2018-07-23,531.6052855090736,541.4442696525832,527.282043119125,537.0216674804688,6009401
2018-07-24,537.7172638078798,545.5189462917937,534.7357430097667,542.7361450195312,6171893
2018-07-25,543.6306409213172,544.1275610684116,526.2384357730118,528.9714965820312,3341114
2018-07-26,532.1020970361965,540.649098969462,523.1575347370693,538.3135986328125,7920089
2018-07-27,539.8540798919506,551.5813836650616,533.9407177910889,549.8421630859375,7678597
2018-07-30,552.6249092880113,567.6816147125776,547.4072474995853,566.1411743164062,12949737
2018-07-31,578.4150326123334,580.8499533866128,544.6244636968363,547.0097045898438,21735293
2018-08-01,547.1090744600883,552.0782758629955,534.9345310229655,541.7920532226562,6871812
2018-08-02,541.8915304338186,547.9042533026636,535.6800273339353,543.8792114257812,6495837
2018-08-03,543.1337281069895,574.9862978339403,542.3883478762846,571.209716796875,15953749
2018-08-06,571.6569155118959,600.2795021584744,571.6569155118959,593.1238403320312,22629303
2018-08-07,593.3225924972606,603.1616346264695,580.1045301228785,589.3969116210938,16424825
2018-08-08,593.0743155500243,595.2110968785303,583.3843707211801,592.6270751953125,7138029
2018-08-09,591.334960413386,620.553888603373,591.334960413386,617.2244873046875,18227195
2018-08-10,617.4728789572474,620.0568997674266,607.484797486244,611.7086181640625,16074351
2018-08-13,608.2301912219563,612.2055519488972,598.8880692499689,601.1739501953125,8445677
2018-08-14,604.8512381582643,617.4730232653905,604.8512381582643,614.2430419921875,10225641
2018-08-16,611.1123586613356,631.0885222678704,607.4848176948595,619.6096801757812,18777302
2018-08-17,626.1194162147247,628.5543371873998,616.4791527538641,623.43603515625,13411536
2018-08-20,626.1193753378487,626.7156552411585,618.2680128754891,620.5538940429688,6463139
2018-08-21,621.547761311458,634.3185851786768,613.4976183120257,631.833984375,15522297
2018-08-23,640.6792073867327,640.6792073867327,624.6783413188609,627.858642578125,12699837
2018-08-24,634.1198549586031,639.4369374930393,630.0948134712663,635.95849609375,15035968
2018-08-27,639.0393446765602,647.4869876466236,638.0455043271409,646.1950073242188,9819034
2018-08-28,647.9839112416302,658.7173749401727,638.0455076949794,655.9843139648438,9886447
2018-08-29,653.4499786297984,663.537481651032,649.2261574751572,652.8536987304688,13329261
2018-08-30,657.7731230199084,657.7731230199084,639.0889390817441,645.7476806640625,14868623
2018-08-31,645.499314582481,649.4746760271768,637.3001316027959,645.2508544921875,10207700
2018-09-03,651.4126105737326,651.4126105737326,625.7218034562336,627.9082641601562,6494484
2018-09-04,627.1132167933985,640.4307008114853,618.9140344819158,637.8466796875,9305124
2018-09-05,637.0516307723998,642.6668527176141,627.461047636718,633.7222900390625,8837398
2018-09-06,634.9646212724222,639.3374823989528,620.7526557983954,634.2689208984375,10026621
2018-09-07,636.0578067374759,644.0085293216943,628.2064439218803,641.5736083984375,6999943
2018-09-10,640.9773711183883,673.7741039605561,639.3375102125985,647.7354736328125,32430222
2018-09-11,647.6360852248579,661.5995299433279,643.461943643103,646.1453247070312,19162102
2018-09-12,660.9037962243209,660.9037962243209,626.2187456625534,631.5358276367188,14448365
2018-09-14,637.8467431553631,640.033204121158,628.1071195723166,632.4800415039062,12083354
2018-09-17,629.7966846213626,630.0948246147335,618.1687396062528,622.0944213867188,6644742
2018-09-18,620.1563615263083,629.1506043172458,602.4163360251729,604.8511962890625,10724450
2018-09-19,607.8326059856815,618.6654877865021,597.5960646649876,605.0498657226562,9373364
2018-09-21,615.1374393177242,630.0947230565494,559.9296251628263,595.5090942382812,24788799
2018-09-24,595.9065505721617,602.0186919726633,584.2289284001786,593.67041015625,11998797
2018-09-25,595.1116500492104,615.9822995244979,585.9186258755719,610.5658569335938,17515392
2018-09-26,615.187230095269,620.5042521660124,608.2800269308557,613.6467895507812,8725133
2018-09-27,613.5472507503619,615.9324916011194,593.3226260360924,596.4532470703125,9683836
2018-09-28,594.8133904713297,615.9821756946108,590.3907892206981,609.4725341796875,16754620
2018-10-01,611.3110358782451,613.696276439011,568.9734708685567,589.79443359375,20117451
2018-10-03,588.9497229990453,588.9497229990453,565.5944765247389,568.72509765625,18385327
2018-10-04,561.5197493628398,586.9123559853733,550.3887262701797,582.6388549804688,16877024
2018-10-05,582.3904358285922,586.8627173323954,561.519788810844,564.9982299804688,9860010
2018-10-08,566.4889908060687,570.9612723124325,542.7361825419237,553.121826171875,12918017
2018-10-09,558.4388832302334,560.4265638102888,545.7674195323805,549.444580078125,8053297
2018-10-10,550.5378678037949,587.1608600244754,549.4446070356073,585.5707397460938,13695001
2018-10-11,551.5814064114605,582.1916777345264,546.7115643254081,577.2721557617188,11223315
2018-10-12,586.0179828428395,598.540346907994,577.1727795214903,581.2972412109375,10689006
2018-10-15,581.3966205440391,581.3966205440391,565.9424148135553,572.9986572265625,5065325
2018-10-16,574.191236233273,590.6889610331546,566.7374339455196,585.2228393554688,13083651
2018-10-17,591.0865352553925,595.1115764531605,563.1099057501165,572.501708984375,9609195
2018-10-19,566.8865833682922,572.9986653782634,551.1341767732468,559.0848999023438,12664549
2018-10-22,564.451633937132,568.4766751872999,554.7616906100758,558.5879516601562,10235243
2018-10-23,553.5691090418147,567.880435226865,550.0906676025933,559.28369140625,9513054
2018-10-24,570.961268858306,573.3961897955469,553.8175231876259,560.6253051757812,9759225
2018-10-25,554.562854572056,561.2215963197242,549.0470533654094,557.5940551757812,13041860
2018-10-26,558.5383103148957,560.5259911345217,531.2573789336885,534.3880004882812,9229395
2018-10-29,538.0154024713567,573.4458321346914,535.2326618649339,563.2092895507812,15917739
2018-10-30,561.3706679988486,568.228190317961,555.5567265198779,559.2339477539062,8522604
2018-10-31,564.7993181582622,582.3903001055749,554.5627772336361,578.8125,12135088
2018-11-01,578.4647519743606,604.3046005556874,578.4647519743606,598.4409790039062,16048865
2018-11-02,608.6775112697613,614.0939531024774,601.3727485803997,606.8886108398438,12488669
2018-11-05,625.026175295382,629.1008961727908,613.3982319072683,620.5538940429688,24201213
2018-11-06,622.1440387457936,624.2310791488331,596.3538703752105,603.7083129882812,15354794
2018-11-07,609.1248438737864,609.1248438737864,600.925660056225,603.112060546875,1528117
2018-11-09,605.2487103934648,619.957533916508,597.2979884178527,609.4228515625,13927467
2018-11-12,608.7769464194957,614.6903091404814,601.0746830470806,602.8139038085938,7073703
2018-11-13,602.7144716005171,616.9263759834799,600.3292305791083,614.491455078125,8938939
2018-11-14,618.4170651085817,619.4605851878547,605.049902272508,608.9259033203125,9840254
2018-11-15,609.4726439707382,628.6040722568151,606.9880428946243,622.2434692382812,11005288
2018-11-16,622.7402793345306,632.7781023025691,612.7521969065834,615.982177734375,12204545
2018-11-19,615.9821639582052,616.4790840744444,604.8511412226096,612.5037231445312,9046876
2018-11-20,610.9136422136773,615.7834232696001,605.7953404245038,608.8762817382812,6658508
2018-11-21,607.1370652293366,624.7777306036047,606.441364885554,622.98876953125,7842430
2018-11-22,621.9452294151316,625.5230907859915,608.3296055715738,610.7645263671875,6946666
2018-11-26,614.8393196323481,630.8401240366325,612.7025387453075,627.1629028320312,9528169
2018-11-27,626.0200020635739,634.7657841921556,619.1624800275202,621.3986206054688,11251342
2018-11-28,626.119391742083,627.9082921580779,618.6655894594392,624.08203125,9035388
2018-11-29,628.1070220586885,632.2811631345882,617.6716996985363,627.5107421875,19643832
2018-11-30,629.1009110356634,631.3370517147002,620.1563483195166,621.8955688476562,8984998
2018-12-03,628.1070784078069,629.1009187217433,617.7711148791888,620.951416015625,5914250
2018-12-04,621.1004903017698,623.6844507460548,614.7895681771872,619.4109497070312,8382005
2018-12-05,617.0755329635858,620.1067340730635,609.6217299111631,611.1621704101562,9728083
2018-12-06,606.4910033282749,610.0688039101226,594.5649205098574,596.3538208007812,7519849
2018-12-07,598.6894180727669,605.7456599047792,588.7012745789723,600.2298583984375,12262327
2018-12-10,591.3350021584091,597.7949643668624,581.6947387308774,586.6639404296875,11643401
2018-12-11,577.4212276283552,612.8516594048591,576.9243074668849,600.5280151367188,16429956
2018-12-12,601.0248428685646,618.1685858028064,599.285622570888,616.1312255859375,7232578
2018-12-13,620.951400805958,622.0446615200287,612.3547186964956,615.2864990234375,7419355
2018-12-14,615.2865027557309,619.1625041723348,607.534560581721,616.429443359375,4165047
2018-12-17,618.7152730575498,620.6532737945124,612.3547314670243,613.3485717773438,4843342
2018-12-18,613.8454353788941,617.9698358912195,610.0687940202633,615.5846557617188,8492688
2018-12-19,620.4047869196334,647.6360345098603,615.3362258196112,637.6976318359375,16759139
2018-12-20,633.0266309809658,642.9153547189743,625.1255879678152,629.05126953125,11004125
2018-12-21,629.3990813213096,633.9210427805191,612.851675894637,617.0257568359375,10715457
2018-12-24,622.1440975530361,623.2870382898585,609.7210924102039,611.2118530273438,6191605
2018-12-26,607.2364392592312,619.8085436483273,599.7329569288662,615.68408203125,6519211
2018-12-27,619.7090741998735,622.1439949380996,611.8080321003702,613.7460327148438,12304812
2018-12-28,620.0569492225115,624.1316699377267,616.1809480276919,621.1998291015625,6372911
2018-12-31,626.5169888463564,628.0574292765451,614.988404244682,616.0816650390625,6030093
2019-01-01,618.0693336985013,626.3181964152044,618.0693336985013,623.43603515625,12179223
2019-01-02,619.162554131112,624.6286761980801,613.6964320641439,616.230712890625,12386281
2019-01-03,617.5723014828502,618.1685813169076,599.9316385915719,604.2051391601562,13228602
2019-01-04,608.2302246972524,620.9016877117785,605.7456241061689,615.7833862304688,8381367
2019-01-07,622.1439552599722,636.7534180983945,620.355055060392,633.5234375,11735286
2019-01-08,632.0824410610834,649.7231066724579,626.7156790902814,646.8906860351562,11879875
2019-01-09,648.3317454243702,667.9104129756245,648.3317454243702,665.972412109375,18003387
2019-01-10,664.7797109446591,664.7797109446591,650.5677480511268,659.1644897460938,12751327
2019-01-11,660.903831762384,664.382272982186,654.1457295243231,662.3945922851562,8330315
2019-01-14,658.9161686959096,658.9161686959096,648.5305246442015,655.1395874023438,6856244
2019-01-15,657.2265230372924,660.1583638077956,651.0150216841893,656.5308227539062,5467484
2019-01-16,656.6303122170685,666.2705754626161,656.6303122170685,659.9099731445312,6598151
2019-01-17,665.7736941411165,675.8114577051143,661.5001319841484,672.4821166992188,10448209
2019-01-18,670.7428289936005,671.8857089196699,657.3756651005855,660.5062255859375,7037386
2019-01-21,657.4750274051328,660.4068683732417,652.4561461053922,656.2327270507812,6157956
2019-01-22,652.3070576551717,659.5123998413706,649.8224569013099,657.5247192382812,7951640
2019-01-23,655.4376788687166,662.8914811303017,654.5431983336472,657.5247192382812,7596006
2019-01-24,660.9037327597417,661.4503327377047,650.9653307633547,659.5620727539062,7013582
2019-01-25,661.1026113045142,672.6808149576432,661.1026113045142,665.6245727539062,6628922
2019-01-28,664.8791693601464,670.2956111975359,646.3440232600442,652.2573852539062,7792690
2019-01-29,654.4438519515732,666.8668559749515,645.5489689389943,656.6799926757812,8302420
2019-01-30,682.8179075891991,699.0174909619859,679.5382470115122,686.6939086914062,46912230
2019-01-31,692.9551647505806,722.372814028123,684.8056619755642,718.2484130859375,35239544
2019-02-01,716.3104113382344,721.9256334153876,701.0549866750437,712.8319702148438,13792059
2019-02-04,706.9186076061758,720.03731196428,703.6389466814495,716.0619506835938,8195956
2019-02-05,717.552667775981,727.0935100090471,715.0680671257871,725.0064697265625,8665426
2019-02-06,726.795465118929,729.9757664989612,711.1921588631486,721.2796630859375,8077340
2019-02-07,721.7764039631932,729.2798849121432,719.540263641104,725.6524047851562,7203465
2019-02-08,722.5219121633373,728.2861738836947,711.8381287303856,714.96875,7341956
2019-02-11,715.46567802806,715.46567802806,700.9555728105371,706.4713745117188,7234953
2019-02-12,696.6820818213666,709.0057263626289,695.6882414764004,701.2537231445312,15856819
2019-02-14,701.6512992145347,702.0488596250792,688.3338140309179,690.7190551757812,10383603
2019-02-15,695.6882740846637,699.6636356508618,677.5010070511482,682.3707885742188,10866440
2019-02-18,681.7744577946685,693.4024016410821,676.5071162438381,689.0294799804688,7135564
2019-02-19,689.0294659336811,701.0549699256122,685.4019852443315,688.781005859375,6816325
2019-02-20,693.3028891966873,698.6696504624938,691.0170689016923,696.0359497070312,5772687
2019-02-21,696.1851173407862,702.1481590310713,690.8183555558508,692.9054565429688,6674353
2019-02-22,693.1539447199192,700.1108269740114,686.9424427073369,697.7255859375,9822278
2019-02-25,698.5704793194919,701.4525802403167,691.8123157055142,699.3655395507812,11428024
2019-02-26,689.7252107373741,711.1921382776233,688.7810502623054,705.7757568359375,9166951
2019-02-27,710.5462027970993,723.317027613841,708.6578817822268,713.7761840820312,13284424
2019-02-28,718.9937247149562,718.9937247149562,702.0487609679614,705.1793212890625,26230891
2019-03-01,709.1050279533011,710.5461084671057,695.2409441466918,698.0734252929688,7713824
2019-03-05,701.3531629691781,729.3794736040836,696.3839611069326,727.5408325195312,11298428
2019-03-06,729.3793786428191,729.3793786428191,708.1608530580468,716.1612548828125,10510670
2019-03-07,716.3103623554288,734.8951872185152,716.3103623554288,729.2302856445312,11263734
2019-03-08,727.4910457084563,732.7087068969391,723.9132451571742,728.8824462890625,7744794
2019-03-11,728.7830875034617,740.3116714999212,726.099706533472,729.9757080078125,9421608
2019-03-12,734.1498741934533,744.3864176040994,734.0007738781834,737.9761352539062,8131901
2019-03-13,739.0196441748258,746.3740868710566,731.9634021045716,733.4541625976562,12333789
2019-03-14,735.4418670198344,745.0821306517995,732.8579063453373,736.0381469726562,7100875
2019-03-15,738.3736429881133,744.336684626363,727.1929399163951,730.5719604492188,14560368
2019-03-18,736.4357005659356,749.2065248208412,735.6903203022049,742.3987426757812,8067253
2019-03-19,750.3494525285431,758.3001752043422,744.4360904065775,756.213134765625,8818172
2019-03-20,756.0640504100722,762.275552631647,749.7034478714992,751.0948486328125,9758274
2019-03-22,759.9896822710992,761.1823027515292,731.0192135395774,752.3867797851562,10355078
2019-03-25,748.0635712303128,750.349391682407,736.5847284297919,741.106689453125,7130411
2019-03-26,742.7962600768946,756.2627839301622,737.0816783857974,752.4364624023438,7300104
2019-03-27,756.6104830053251,765.2569043157957,751.1940421351484,754.622802734375,7456768
2019-03-28,756.4118075344725,782.7983153106022,752.4861869833869,775.89111328125,16643818
2019-04-01,776.139641193377,778.1770017993254,755.9149534739527,760.8841552734375,6021202
2019-04-02,764.4122551112936,770.1765164487599,756.3124327829883,762.6730346679688,6592678
2019-04-03,765.2571531760403,767.9902144373833,754.0267681249088,756.8095092773438,5591613
2019-04-04,758.3001232635432,767.1453258981857,755.3186024643419,757.4553833007812,7009879
2019-04-05,759.2443475657427,764.0147691142255,751.442664422194,757.505126953125,5343947
2019-04-08,759.5921060097736,763.2693271395508,743.9391217617946,749.9518432617188,4918795
2019-04-09,750.3494102680094,761.2816533315168,746.3740491540067,758.6976928710938,5483424
2019-04-10,756.560951509117,763.1700139698881,753.3309704353507,756.1633911132812,5933250
2019-04-11,755.8155178905705,756.6602578480718,742.3986743777201,747.666015625,5365803
2019-04-12,748.7593424202724,762.0270868019206,746.9703812665753,759.641845703125,4671869
2019-04-15,759.2940637677987,765.4558863647708,755.3187021773914,758.151123046875,3707106
2019-04-16,760.3872385750343,771.2201228111919,760.3872385750343,766.3502807617188,7088601
2019-04-18,773.605369841612,774.2016498011411,764.2632460809724,766.44970703125,6098041
2019-04-22,764.1637971718567,764.1637971718567,745.9267920770742,750.8463134765625,4185156
2019-04-23,752.784309639676,754.6228898388531,744.3863473937157,748.6101684570312,5098170
2019-04-24,750.0512262519458,751.0450664720598,733.8019022575644,748.2125854492188,7825049
2019-04-25,749.3555873980736,753.8775486384637,734.0007426066845,736.3363037109375,10282068
2019-04-26,757.3062785647976,760.4368996493146,742.6471347211876,755.21923828125,23294204
2019-04-30,755.2688212159958,764.9587625128844,751.1443604003116,762.1262817382812,12434805
2019-05-02,760.6853001189028,763.0704801619205,743.4421365531659,747.7156372070312,7033021
2019-05-03,749.5046325470017,759.0951543559994,748.8089322552502,752.6351928710938,5970814
2019-05-06,741.4048666931619,748.7593092055401,739.516545852114,742.845947265625,5909936
2019-05-07,747.2187365584732,750.8462775834734,735.441754350457,737.2803344726562,5071941
2019-05-08,737.3301456651361,740.1625662673339,728.8327625401465,730.9695434570312,6739894
2019-05-09,729.3794145283127,735.9387361915265,724.9071332145222,726.4972534179688,4193451
2019-05-10,729.8763180524907,733.9510388930254,725.0064764691429,730.5222778320312,3913815
2019-05-13,729.4787749215781,738.274237249256,725.5034137503433,727.5904541015625,5891071
2019-05-14,724.9070918070273,733.9510136835258,718.0495699205787,726.8450317382812,7049134
2019-05-15,731.2677163213635,733.1560372472634,711.6890493233531,717.5030517578125,4849130
2019-05-16,716.509217519714,730.4726624038937,714.2730767164368,727.342041015625,5142617
2019-05-17,727.2922853122471,747.5169708646201,722.7206444102477,744.336669921875,9072242
2019-05-20,755.5174213018724,785.7798710938379,755.5174213018724,777.5806884765625,15866697
2019-05-21,784.8357295225281,786.9227699752219,766.3005828967657,768.1889038085938,9251548
2019-05-22,770.0274662291358,779.1708092862738,765.4558250301664,774.3507080078125,5928186
2019-05-23,783.1461376869437,799.3457220580196,765.8532926164721,771.6176147460938,14776218
2019-05-24,774.6487836762213,790.9974676816955,773.7046233206771,788.3140869140625,9323114
2019-05-27,789.1092706992714,811.3713197282723,782.3511681702115,808.88671875,9128216
2019-05-28,811.2718959249356,817.0361580387514,796.0661501328897,803.4205932617188,13473187
2019-05-29,801.7806465767181,807.9921483320383,797.1592650070812,799.7432861328125,5958128
2019-05-30,798.302243350962,809.1848070728338,798.302243350962,802.5757446289062,6414384
2019-05-31,806.0044256718568,813.6570075665479,788.3140817285303,803.321044921875,11140585
2019-06-03,808.5387680235373,809.6320287545868,798.153124704157,807.6443481445312,6427567
2019-06-04,802.5756865845904,822.65127188722,800.538326191671,817.7317504882812,9515354
2019-06-06,818.9243143670952,820.8623148642439,800.8364108256925,802.7247314453125,14728937
2019-06-07,806.1037877689936,808.2405685310933,796.3641656289544,799.0475463867188,6884094
2019-06-10,802.4267701134937,811.7191536695985,802.4267701134937,809.1351928710938,5923875
2019-06-11,812.1166280025096,816.3901291743192,802.0291246616118,809.7810668945312,5471529
2019-06-12,809.0356774701569,810.7252180981864,804.1161558935291,808.5387573242188,4707478
2019-06-13,806.252941616859,818.3281254992066,805.7560214679426,815.09814453125,9056584
2019-06-14,815.0484386095078,818.0299596296512,792.5379913029458,796.264892578125,8919370
2019-06-17,795.1715302774774,796.0660107329893,770.3255249487323,772.9095458984375,10151212
2019-06-18,777.13337916859,780.0154794370633,765.3563360598754,770.9715576171875,8347632
2019-06-19,775.9905219150775,784.1400247989471,758.6479959267841,765.9527587890625,6411258
2019-06-20,767.2447174208446,770.6734786136971,754.1756931130147,766.6484375,9190732
2019-06-21,769.9777582836792,773.4561992697945,758.1013547849602,766.300537109375,12610688
2019-06-24,766.2509465510115,770.4747682408192,756.3125425749932,758.151123046875,4866859
2019-06-25,756.5609004772087,778.176926205129,751.8898391076121,776.8352661132812,10044436
2019-06-26,778.077651085777,787.1215742024525,776.8850305081752,783.7424926757812,8715757
2019-06-27,784.09030690926,801.8800116589547,776.7855444010424,795.5194702148438,18439210
2019-06-28,796.2151980921547,807.8928218735746,788.4135151703247,803.569580078125,9174348
2019-07-01,805.7560257012641,813.955208201462,802.4763648330246,805.4578857421875,5896530
2019-07-02,806.1038313925069,807.5449119384771,795.8176087001489,797.6561889648438,7549027
2019-07-03,797.7059488565695,806.5014113338694,796.5630082367177,801.2340698242188,5535230
2019-07-04,806.0103878616966,809.1946385779329,800.3384507631711,804.8660278320312,5553273
2019-07-05,804.0202435924442,808.945874805913,797.3532319008976,802.1295776367188,5871202
2019-07-08,798.0497837613902,799.6916810517189,774.8148174681344,779.0438842773438,7485169
2019-07-09,774.6656108433589,784.914867536126,772.5759783834534,782.3276977539062,6448920
2019-07-10,782.7754425899351,786.1089181388629,760.7842579329259,765.4611206054688,5814417
2019-07-11,769.6901883361375,769.6901883361375,759.2419052365518,762.6251831054688,7111401
2019-07-12,762.3266491116464,764.8143356845659,747.3010465050266,752.077392578125,8552548
2019-07-15,753.5202495273489,755.9084528886643,740.3355109255168,746.0571899414062,6350785
2019-07-16,746.3058913182031,759.4408871523092,743.8679465929911,757.3014526367188,6170479
2019-07-17,759.3414108498832,761.7793557921015,746.3556993319687,748.8931274414062,5757193
2019-07-18,750.2862247020249,751.2812992705952,730.9817537779479,736.7532348632812,11283488
2019-07-19,739.8876342956215,743.1216264292215,719.7373756170375,725.6580810546875,8091007
2019-07-22,726.404432388159,734.8625661899389,716.4536867390061,723.8670043945312,7020071
2019-07-23,729.2901964599041,735.6586374402004,722.5236406124473,724.414306640625,7048354
2019-07-24,724.414309355448,729.1906552922036,705.856143757405,708.7916259765625,6618279
2019-07-25,707.6970426049801,722.672902657728,702.87089452517,719.5881958007812,9972204
2019-07-26,719.9861695133272,728.3945615027168,715.657619568701,726.255126953125,5450010
2019-07-29,732.5739674182432,736.3552389307098,706.5029995146,716.7025146484375,10314136
2019-07-30,722.3744636326685,724.4143545445747,697.5473386480039,704.1148071289062,14100900
2019-07-31,690.5816689534856,691.477260253143,654.559961682494,670.7796630859375,55836793
2019-08-01,670.6305391548955,677.397034291399,659.3862083161353,666.00341796875,17001210
2019-08-02,664.1127627213156,678.2925747120137,658.3412818848467,670.5309448242188,14426295
2019-08-05,662.2220989551743,666.0531115974669,646.9974708105487,659.1871337890625,13042504
2019-08-06,655.4556378264732,679.4866524866517,650.7787751547542,675.6556396484375,12419831
2019-08-07,675.6556209636867,676.1531582398014,651.0275257960119,656.699462890625,10486156
2019-08-08,657.3462922098664,661.028080576973,640.0320296691111,656.8487548828125,17563795
2019-08-09,660.9285660431768,672.6206926741331,656.7492405473324,657.5452880859375,9289628
2019-08-13,658.9383598079235,665.4063441929983,641.8230659035886,646.2511596679688,7389394
2019-08-14,649.584611706005,666.1526261762112,648.7885642648554,659.9334106445312,7148518
2019-08-16,660.7295007610762,674.6605444518218,653.6146934394903,672.3221435546875,7040117
2019-08-19,675.4565635046113,685.6063356274235,673.0186188144731,681.6260375976562,9082914
2019-08-20,681.7753325379289,681.8250741170864,666.2023919863337,669.038330078125,7602499
2019-08-21,670.6802678862067,670.8295533672348,656.4009719364484,661.4260864257812,7892687
2019-08-22,661.7245673626296,666.5506545751466,654.5102769665708,657.8935546875,9262172
2019-08-23,656.5004819423649,668.2423503364506,642.0718999216537,660.6300659179688,7775604
2019-08-26,673.914336641956,683.2680630611824,657.2965771020312,680.3325805664062,8864341
2019-08-27,693.5670293266346,694.1143082358675,677.1482976424317,679.5862426757812,12015623
2019-08-28,681.7255975749507,685.9546647081316,670.1827562817297,674.859619140625,5677087
2019-08-29,670.6802381991163,673.4166931769317,655.6546369783783,657.8935546875,8753540
2019-08-30,661.6251405400868,665.3068680542954,636.9472413239318,660.6300659179688,17115901
2019-09-03,655.5551057174891,655.5551057174891,638.2905864549152,642.5196533203125,8461431
2019-09-04,641.0270485057749,649.7836925525321,635.45459448727,644.1117553710938,10786466
2019-09-05,648.7886550523225,656.5004833907511,640.877799642124,646.4004516601562,8108303
2019-09-06,649.883153039562,669.4363919017413,649.883153039562,667.7944946289062,11101456
2019-09-09,664.3615552215188,672.4713764563198,659.4856655767802,668.2423095703125,5607331
2019-09-11,671.2275387254971,680.133468269643,667.6950361505933,678.3423461914062,5966906
2019-09-12,676.7501825388471,678.292596691228,657.2964870786683,659.6349487304688,8087081
2019-09-13,660.2817062690639,672.0733761409167,653.813721686585,670.9290161132812,12105997
2019-09-16,663.3167722821746,671.0784035480135,661.6749354640472,667.5956420898438,7659588
2019-09-17,663.714750399142,665.0083352170313,634.9073289208184,637.2955322265625,17297040
2019-09-18,642.3206801484951,651.2763519088924,638.3901231734135,645.2064208984375,9702162
2019-09-19,645.0073869189218,646.7985091049208,629.4841862596825,635.056640625,9554331
2019-09-20,637.8925437751502,686.0541774701447,619.5832080468251,676.9989624023438,38862975
2019-09-23,700.433048275793,728.3946207626207,692.4226490090133,721.9266357421875,31417887
2019-09-24,724.6630458742783,729.6384186574866,698.7911074015955,700.9305419921875,15683656
2019-09-25,698.5423633335532,699.9852336383425,680.2827688707131,691.527099609375,17058681
2019-09-26,683.2182774795431,716.1055455160682,683.1685358905225,696.4528198242188,15007372
2019-09-27,696.7512375631801,704.4630656079903,689.0891511007846,697.1492309570312,10245068
2019-09-30,700.5821948175176,708.8911033953736,678.7402972322637,681.6260375976562,20073726
2019-10-01,683.7157260382112,697.7960557711136,653.0176992510421,675.804931640625,49442205
2019-10-03,671.6753168139065,672.5709081968038,643.5147193817999,665.1078491210938,17615854
2019-10-04,666.6004370063812,674.0634958141798,648.1915586138114,653.1669311523438,15317105
2019-10-07,657.6945033129176,678.541326247217,648.4900641824454,670.1329345703125,21554138
2019-10-09,668.5906401050227,686.1039285635198,661.0280367939871,682.919677734375,11537721
2019-10-10,676.6507005098039,680.9295089690626,662.0728339182434,669.6354370117188,8679981
2019-10-11,673.2177317988672,682.6211992414475,665.0083660645496,669.38671875,11042828
2019-10-14,674.4614860371311,690.5319635555987,670.0333923515431,680.1334228515625,11099352
2019-10-15,679.2379268814207,691.4275912557199,677.944341992688,686.6512451171875,9260732
2019-10-16,689.984619140625,691.9747679576046,680.1830997762875,689.984619140625,10404705
2019-10-17,687.0990476951558,708.8912068832848,687.0990476951558,706.801513671875,10617761
2019-10-18,706.3536249557068,712.1748473485403,701.7763064495637,706.0551147460938,9500635
2019-10-22,708.8911890920757,719.4389558522503,699.835973538968,709.2394409179688,9704016
2019-10-23,714.4635497539211,726.4044447358808,706.5526946814664,711.3290405273438,16158781
2019-10-24,716.403958073571,719.4389234043731,698.0945614552206,704.2142944335938,8986203
2019-10-25,704.5127818095589,707.4980054612944,691.5768126520388,705.1098022460938,8226456
2019-10-27,707.4980083852217,711.5280481848137,705.0600635793228,706.6024169921875,965647
2019-10-29,703.0202199150078,739.2409604224188,700.7813020171893,734.8128662109375,10422117
2019-10-30,741.3305467635934,746.2064363985355,731.8773384491583,743.71875,10188947
2019-10-31,744.3157257103942,746.3058747096198,728.4442752946641,732.7230834960938,8775411
2019-11-01,732.3749132861132,746.3059578323164,724.5137995697991,744.6143188476562,8484197
2019-11-04,751.2315286651107,751.2315286651107,731.9270584868652,738.9423217773438,7851370
2019-11-05,738.1463860097239,741.9276576495446,727.0015374387742,734.4148559570312,7306253
2019-11-06,733.3201420886904,747.2014430783771,725.1605192958491,743.5693969726562,7821243
2019-11-07,746.3059920200324,752.2764399561926,728.8921855395649,731.131103515625,9871570
2019-11-08,732.2754360686944,732.2754360686944,719.2399221252545,721.9266357421875,7427196
2019-11-11,719.8369263133786,731.8773036154157,717.647750239955,730.086181640625,6355142
2019-11-13,730.0861985233134,733.767986449956,704.3634853511929,707.697021484375,9290616
2019-11-14,707.4980117323224,718.2448048269198,703.7664821345782,712.3739013671875,8000528
2019-11-15,713.219672045661,719.9364251482884,707.0999393694552,713.3689575195312,9315652
2019-11-18,714.2645625154365,721.9266493696439,708.6921688403054,719.3892211914062,7907958
2019-11-19,721.4290719317855,746.504963544459,721.4290719317855,744.1167602539062,14424251
2019-11-20,744.3157058639399,750.1368672376483,737.598953170649,745.06201171875,8798051
2019-11-21,745.3109079769653,745.3109079769653,730.6832985706969,733.76806640625,5529542
2019-11-22,733.7680849564764,736.3552548011518,723.9168214430242,728.494140625,4889776
2019-11-25,728.3449028796235,753.0724836608932,726.404495163444,751.0325927734375,6888402
2019-11-26,753.072438080536,758.2468380989843,740.3354954667248,748.5448608398438,14624880
2019-11-27,751.2813438499603,759.988246841599,744.7138756015099,749.1917114257812,8436862
2019-11-28,748.5945930314055,751.9281293090879,742.0768666911154,746.9029541015625,9235443
2019-11-29,746.2064466326556,752.6246290412769,732.8724230598183,735.4098510742188,12674173
2019-12-02,735.6087972383867,742.3255498678884,733.7181314636798,740.6339111328125,8285491
2019-12-03,741.2807569580435,741.2807569580435,727.051203831039,729.7876586914062,5408215
2019-12-04,729.2404102837726,743.3207404372753,725.7079075330192,736.2059326171875,8016237
2019-12-05,739.3403554660717,741.330504471364,721.7275246223297,725.6580810546875,8151690
2019-12-06,729.1906987374746,731.6286438015037,711.4783819354984,714.0655517578125,7458610
2019-12-09,709.9359709800277,730.2852582802558,706.5029515334165,728.3945922851562,8977174
2019-12-10,727.3994941510038,731.180765284226,710.4832268451664,712.1748657226562,7625748
2019-12-11,707.9955157409036,718.8418522224533,705.5575710380384,713.0206298828125,8266375
2019-12-12,715.4586280351277,721.7275857861645,711.6276151690865,718.5433349609375,5519774
2019-12-13,722.0260295365997,751.1319585257665,721.4290091331969,748.2960205078125,14834140
2019-12-16,748.5447693177393,750.9827139137351,742.524580927094,743.5693969726562,7286003
2019-12-17,743.9177027247928,752.773890435493,737.6984868421466,741.9773559570312,9788065
2019-12-18,742.1266016174125,744.8630566829152,733.9669780024618,738.196044921875,6678420
2019-12-19,739.4398569681279,746.3058955005446,737.0019729637828,738.892578125,8400708
2019-12-20,741.0320809603459,743.3207404372753,733.6685044854934,736.2059326171875,7019925
2019-12-23,733.2705900896553,744.9129157995,731.3799238159065,739.4898071289062,10250382
2019-12-24,740.8329656583004,741.0319927053156,734.1659543577205,737.001953125,3642916
2019-12-26,733.8675111147795,737.0020203713203,730.2852668797614,732.8724365234375,7919368
2019-12-27,735.3600937604031,758.2468084511869,732.6733803237092,756.4059448242188,10736285
2019-12-30,757.1522981509039,761.9783857354012,747.3507767614484,750.3857421875,10034206
2019-12-31,750.1369735339788,762.0778689029959,747.6990893170988,750.3857421875,11660781
2020-01-01,751.1818034698108,756.2069178096431,743.5197172738185,745.0123291015625,4917748
2020-01-02,746.3059600129626,755.2616315331181,743.9177566471072,753.2217407226562,5156046
2020-01-03,749.4404219757004,752.5251287883262,736.8527046185197,739.2906494140625,8489729
2020-01-06,735.8079032942812,735.9571280391353,718.1453296681187,719.6876831054688,6356198
2020-01-07,724.4142717393644,734.3650172302898,717.4984914762653,722.1753540039062,9103360
2020-01-08,711.7271391326925,722.1754228948641,705.6074057781775,720.9315795898438,8973215
2020-01-09,729.9369802284841,741.3305968504757,727.3995520774466,739.191162109375,7559853
2020-01-10,739.3404505690278,748.0970951717942,731.1808264508339,736.4049682617188,8550490
2020-01-13,736.3552361855197,743.0719900291039,731.7281147994584,733.76806640625,6423758
2020-01-14,736.3551346649807,747.6990083306579,730.583714675323,744.2162475585938,7237665
2020-01-15,743.3704514414063,745.3108590156565,734.3650386562812,742.6241455078125,7911661
2020-01-16,742.8230932846178,746.703908018897,731.4792200109754,733.6683959960938,6487613
2020-01-17,731.2305012560695,738.7931041990385,727.25020309699,736.2556762695312,7678864
2020-01-20,739.2907116213687,742.5247041824992,721.4291097906785,723.6182861328125,10677371
2020-01-21,722.772455033247,726.0064476784083,712.523198181643,714.0655517578125,8242803
2020-01-22,713.4685015414675,719.1901805984597,703.1197012141372,709.0901489257812,13321307
2020-01-23,721.4788557091937,733.9172887113332,715.8567204329484,719.43896484375,20643257
2020-01-24,719.8370213973348,738.0468752263668,716.851797466853,733.76806640625,9541490
2020-01-27,728.8423734517797,744.7635664081289,727.3995031932043,736.6039428710938,9170435
2020-01-28,734.7630692570519,742.823148787999,731.3797915059334,733.5192260742188,7836737
2020-01-29,736.3551440039528,741.8280538580361,729.9369012099855,731.6285400390625,7985274
2020-01-30,732.1261363402924,732.7729591235673,723.7177438303881,727.300048828125,6041343
2020-01-31,731.0813128175736,733.6187408730764,721.628104220362,725.7078857421875,8345819
2020-02-03,701.229062952313,709.2891426907463,692.1241063257778,705.4581298828125,11594991
2020-02-04,708.9409044595501,717.0507259349619,706.5029595648492,711.4783325195312,9653925
2020-02-05,715.9063850543938,722.0758593071117,711.677318288313,720.4837036132812,7975101
2020-02-06,723.8670425992215,741.33058998828,719.4389484047334,733.3202514648438,9627252
2020-02-07,733.071471549127,745.5099040759734,730.3847579764214,744.465087890625,8438354
2020-02-10,742.6241681775192,743.1217054817697,735.3601356823674,737.4497680664062,4713339
2020-02-11,739.3403843403951,753.370911081845,738.3453097988871,746.2561645507812,7845657
2020-02-12,748.2960371151936,756.953197563831,747.3009625977533,751.530029296875,6190440
2020-02-13,747.4004942275168,749.7389559358774,738.6438500530444,744.1167602539062,5031706
2020-02-14,744.4152774891922,748.8433715675711,728.494084027719,732.8724365234375,6155000
2020-02-17,733.7680479401421,739.4399246776892,726.6034985403824,734.7631225585938,4275465
2020-02-18,734.1162191823012,734.1162191823012,721.130508983793,730.0364379882812,5215502
2020-02-19,737.0020310124992,741.4300644202789,731.7280870146119,737.4000244140625,4372673
2020-02-20,739.0915578610912,750.2861455769274,733.9669000795873,740.6339111328125,7529403
2020-02-24,734.3152626989735,734.7630583850737,719.4388863055016,721.8768310546875,6589087
2020-02-25,725.8074062520296,728.3945758067109,718.4935718165304,725.1605834960938,5419596
2020-02-26,721.7275918007139,732.1261334681674,718.4438577832374,725.8074340820312,7136975
2020-02-27,725.1107788782192,735.8078294372443,713.020599766534,732.2255249023438,8867328
2020-02-28,715.3590625257323,721.1304823189372,687.5964604510475,693.8654174804688,16428944
2020-03-02,705.8063639215326,709.7369205284278,671.9738293292205,680.8300170898438,13854352
2020-03-03,686.5019579486043,692.3728613666526,671.6753228250248,683.7655029296875,11198145
2020-03-04,686.6013510581619,692.5717975891024,665.008223957689,678.8397827148438,14802724
2020-03-05,683.1187134646665,690.5817729708355,671.924124205413,674.5610961914062,10508008
2020-03-06,646.7985430635424,657.5453374783059,637.8926125159905,654.410888671875,12969235
2020-03-09,635.8526120610092,638.6885501214606,612.0703069718018,620.4786987304688,14336369
2020-03-11,610.6275012855226,631.275297500919,609.0850871974726,616.2993774414062,11021433
2020-03-12,589.0841003221352,591.07424930971,525.5486181876213,540.57421875,29369378
2020-03-13,514.4038200303784,582.7654563219692,448.8781523859286,565.9984130859375,25599305
2020-03-16,539.6786119886856,542.315583615673,499.875663741954,506.0948791503906,21542970
2020-03-17,512.6127204810324,528.6831393318253,475.09839474340777,485.9447021484375,20590414
2020-03-18,487.586544678004,503.5574795557545,390.16874927395395,471.1180725097656,36240904
2020-03-19,438.87759699735096,462.6599018909755,421.662820258199,426.1406555175781,33243997
2020-03-20,429.27519129291824,447.48507532645607,412.1599257981617,426.04119873046875,30764236
2020-03-23,383.45195450195797,390.0691936784069,300.5124910481604,307.1297302246094,37622635
2020-03-24,330.3149937714273,335.8376451220849,289.5666806830421,301.6568298339844,50681510
2020-03-25,292.05436905651936,361.9583534729435,284.5913102220257,325.1903381347656,51993973
2020-03-26,334.295306754618,397.034744897982,330.36475014067673,339.71844482421875,62971564
2020-03-27,368.17757167113666,407.4332735543298,352.30612096165083,357.9780578613281,71042591
2020-03-30,343.3007299930808,380.1184894416141,338.6736392709751,366.3367004394531,61772544
2020-03-31,382.5066669855321,387.8800637073923,370.81454053276656,377.1332702636719,34637148
2020-04-01,374.39680216789253,377.9293046992482,352.25639326892747,356.88348388671875,27744593
2020-04-03,358.42588880169666,360.51552120131714,322.40417555844493,323.8470458984375,41317365
2020-04-07,345.68890025928357,403.7515076122854,340.6637858173002,386.93475341796875,48093237
2020-04-08,381.8598817218698,425.59342299366574,371.6603669657808,389.4224548339844,64930598
2020-04-09,403.00519303648633,420.91653494921906,396.6864635660415,418.08056640625,44090546
2020-04-13,415.8914305524692,425.79240434822475,400.0199789425439,416.8865051269531,33431643
2020-04-15,431.8623555534169,449.42541532217075,410.4185111054472,415.2445983886719,48315019
2020-04-16,406.5874778832414,424.8968440107184,398.72639480520826,420.46875,42344330
2020-04-17,447.78351742249095,483.50668529452145,430.2702004454031,476.441650390625,47831797
2020-04-20,479.62590182302284,481.0687719733377,449.02736140589013,453.7042236328125,42163627
2020-04-21,433.85252620474427,437.78308302712975,410.91606878968,418.578125,33572119
2020-04-22,416.4884519642017,432.40964519267555,409.9707256332017,429.0263977050781,36619611
2020-04-23,432.4594005842485,437.6835419123242,423.95149505816636,427.9317932128906,29418000
2020-04-24,413.95102470915185,417.58304084769,399.2736746743923,401.96038818359375,35773252
2020-04-27,412.95590856182,427.38448849952215,407.08497521234557,425.1953125,35986805
2020-04-28,435.84263329336693,456.14214712672845,433.10617840396793,453.2066955566406,43938246
2020-04-29,428.62834707319337,446.63920185709264,423.85200155103036,436.9372253417969,61499689
2020-04-30,448.77864027416297,459.6249472361606,438.2308435423812,442.70867919921875,40382553
2020-05-04,421.9116017562003,421.9116017562003,397.7313027647202,400.8160095214844,37853978
2020-05-05,411.96087960289805,416.68748389785884,384.59632842154616,387.0840148925781,50981056
2020-05-06,383.1037102420946,392.5071770949433,366.2371840988155,386.93475341796875,67511628
2020-05-07,385.09388523286407,400.26877347524436,380.8150764327395,395.3929138183594,41339309
2020-05-08,401.5125737538116,407.43327936747136,377.78004008673184,380.168212890625,33505509
2020-05-11,389.07415799864503,391.5618444308614,374.9938588657534,377.6805419921875,30141935
2020-05-12,374.4465554677311,389.8702115879195,368.17759770772244,384.9446105957031,38411107
2020-05-13,408.9756527223449,414.398821334791,397.63180857430245,411.96087646484375,48206058
2020-05-14,403.0549523101189,408.97565829363657,395.691406385098,399.9702453613281,31604212
2020-05-15,400.7662389178893,401.91056847387335,384.89478912792947,386.63616943359375,25435025
2020-05-18,387.0840427593131,387.0840427593131,350.56479058858355,357.03277587890625,47864748
2020-05-19,366.98349104035117,370.6652791140278,348.37561471189923,352.7539367675781,42889678
2020-05-20,351.2613299771013,364.4958098661591,348.2761062095905,360.71453857421875,30720803
2020-05-21,361.21203257144765,367.1824793908104,353.9480010881281,355.44061279296875,24794914
2020-05-22,350.365779689276,357.97809445695015,331.2105932589875,335.2904052734375,48367892
2020-05-26,340.3154607439136,345.98739723655035,334.6932961939651,339.618896484375,30692834
2020-05-27,344.3952722214307,390.5169789188611,339.8179236912296,385.09381103515625,72430787
2020-05-28,388.0790810770726,405.6421411087741,385.0938573764797,389.0244140625,72693713
2020-05-29,380.11850333144605,387.3327942978151,373.501263208161,383.0539855957031,51056390
2020-06-01,392.357901073543,407.4830470803301,390.6165205304647,394.994873046875,44252980
2020-06-02,396.03967002320337,412.95593733575225,389.62142704300663,408.080078125,37508638
2020-06-03,419.92143491264693,429.8721798157902,403.2539371998819,407.5327453613281,49055899
2020-06-04,405.59236001761053,411.86131703127506,389.6213965548492,392.4076232910156,45553578
2020-06-05,397.0347532955296,407.8810600314029,388.57661945339424,403.3037109375,39002875
2020-06-08,412.95594183807106,442.5594099577882,411.96086727942514,428.1308288574219,60387580
2020-06-09,432.8077151311273,440.32051631340966,414.44857637183077,417.9810791015625,46273705
2020-06-10,420.12046340010016,430.56874558427484,413.2544250995459,425.3446044921875,36163051
2020-06-11,424.3993160947835,433.4047290607907,406.68700039529597,411.4136047363281,45562670
2020-06-12,388.079075532801,410.4682529673857,387.233256089597,405.99041748046875,47813512
2020-06-15,403.9505361782064,403.9505361782064,381.7603549183148,387.6810607910156,39577100
2020-06-16,402.90568177782296,403.0051953069074,358.6248640218788,379.6706848144531,96186227
2020-06-17,375.5909107689391,395.7909125100371,373.4514761372341,387.6810607910156,56949066
2020-06-18,384.0987589191839,406.0401396069105,382.10860990923993,403.4031982421875,43773580
2020-06-19,405.49286951150066,420.21996035544197,405.49286951150066,414.9958190917969,52085319
2020-06-22,417.9313104396511,433.7529896899848,416.04067487063907,428.03131103515625,40454004
2020-06-23,428.3796187287202,442.8082005442055,428.2801051944703,441.46484375,30757220
2020-06-24,445.79337576305625,446.2909130127918,420.12046582360716,422.5583801269531,33577082
2020-06-25,416.9362418555266,426.5884772625728,408.3288529598859,419.6229553222656,49853200
2020-06-26,423.90177599587975,426.6382311226137,415.9411792635628,422.7574462890625,32610915
2020-06-29,412.95592456428386,413.75197203099606,400.36823799740375,402.80615234375,36319455
2020-06-30,407.98057006221416,412.75691580871916,402.05986427660014,404.6470642089844,26951915
2020-07-01,407.9805745489668,435.19587016855223,404.64706865907687,431.1160583496094,53380512
2020-07-02,438.8278534619783,439.3253907108014,419.22487371144246,421.11553955078125,50362770
2020-07-03,427.8820445245362,429.47416983342924,421.56331523543025,426.3396911621094,31044457
2020-07-06,432.01165136363795,435.4446710382614,428.976685841115,431.8623962402344,18424079
2020-07-07,431.36481784106644,446.78847338094306,424.1007857659661,445.1466064453125,37991679
2020-07-08,447.78356423467596,459.12740845516777,438.8278929499824,441.9623718261719,45877067
2020-07-09,445.6441720507423,454.7490986973786,443.8530195247905,451.5151062011719,29162679
2020-07-10,447.68403978677424,449.2264235796684,434.84758399848715,437.4347839355469,25676354
2020-07-13,441.763352829748,444.20126722493796,430.61850586890387,437.8825378417969,21326370
2020-07-14,432.75790268417853,433.6534636787456,413.3539495437467,415.64263916015625,25685579
2020-07-15,421.9116726215226,442.2609623748224,420.66782924704876,424.5486145019531,43250557
2020-07-16,429.8225053634263,434.0018006550676,416.38899764627615,431.8623962402344,30183647
2020-07-17,431.8623579031895,437.73329171828203,422.50866313726476,430.966796875,33464985
2020-07-20,435.5441845762865,440.61904097561757,427.1855332584674,431.8623962402344,30400586
2020-07-21,437.8328142882996,448.77863464550705,436.34020242140764,444.0022888183594,43147019
2020-07-22,475.64560946395983,482.21310721620364,457.83378204493374,476.5909423828125,89611937
2020-07-23,470.62051667130163,472.41163869955983,456.9382417221306,458.5801086425781,40249567
2020-07-24,454.35106339862733,454.35106339862733,439.3751726142204,443.4052429199219,30566635
2020-07-27,444.7983218336995,445.7933963791888,427.7825410323801,429.4244079589844,21924237
2020-07-28,431.86240380905195,437.83285178797894,422.309680969315,434.8973693847656,33057573
2020-07-29,433.60373517788065,444.7983238657778,432.16086493342334,438.7283630371094,24404819
2020-07-30,439.72346846151447,443.7037669411249,422.657944803638,423.7525329589844,26861618
2020-07-31,426.88701461301713,432.3101834723739,419.22492784485075,429.5239562988281,27499638
2020-08-03,429.4742165595521,429.7727268017688,413.65253600944453,415.2944030761719,23824107
2020-08-04,419.7722225115303,429.0761760158145,415.29438684963304,427.0362548828125,24746211
2020-08-05,436.8377487170269,444.64909038826767,431.01655624267465,432.8077087402344,36932321
2020-08-06,433.8525334241484,436.1411928985156,424.99637539788876,430.8673095703125,33465135
2020-08-07,429.3249079413113,434.84755930503025,425.046069343352,431.165771484375,15569399
2020-08-10,431.8623949608832,434.8476188891842,427.185531992971,428.9766845703125,14888044
2020-08-11,433.15593713233415,447.68403155744556,433.15593713233415,445.79339599609375,30469633
2020-08-12,442.609155317202,450.52001027287554,436.7879933932426,448.8781433105469,23184137
2020-08-13,451.8633302174605,454.5002715322078,443.1564284639699,445.89288330078125,21885850
2020-08-14,449.27615764616735,449.27615764616735,423.5037329709255,433.7032470703125,36725538
2020-08-17,436.93724582168153,438.8278814141852,423.2549706075204,435.9919128417969,30198343
2020-08-18,437.3352901641254,445.0471183752107,433.1559646641143,443.604248046875,21768516
2020-08-19,443.8032681151226,449.72397408553815,440.2707654597676,442.01214599609375,18127671
2020-08-20,435.74316058528484,439.12640814654196,431.11606977597245,432.8077087402344,16688938
2020-08-21,437.83278293837054,442.6589003692122,434.10125353832757,438.28057861328125,25087973
2020-08-24,441.8131258995943,447.2362946594578,440.1214869192881,443.604248046875,18196776
2020-08-25,448.72888742687036,454.15202558809597,444.8978442765176,449.5746765136719,26273592
2020-08-26,449.77370756724616,462.51064997091663,446.78848384445473,461.06781005859375,25914508
2020-08-27,461.71461867186827,472.1629020685377,461.71461867186827,470.72003173828125,19544214
2020-08-28,474.1032366208274,510.473195834027,473.7051825446907,506.6919250488281,59179945
2020-08-31,521.8668931472126,531.2205580724999,483.90477235199415,494.3033142089844,55830536
2020-09-01,492.6116623563958,500.92054123482353,477.28751978354904,483.3077392578125,33276725
2020-09-02,484.6013296692919,485.54666268516337,469.77472421898256,482.0141296386719,20750575
2020-09-03,485.99442223102625,487.53680606127955,470.7697931964043,472.6106872558594,14045705
2020-09-04,466.68993196162455,470.62048831161815,450.3707165336473,452.9579162597656,29405304
2020-09-07,454.74906547819984,464.8490660012539,448.43033606604536,456.4407043457031,25967554
2020-09-08,457.5352603420626,460.12246021384385,439.0766398124345,442.161376953125,21052285
2020-09-09,437.7333046291056,441.1663241002309,422.9066993602808,429.12591552734375,31657672
2020-09-10,434.3003088985071,446.48997239995543,428.62837169378395,444.6490783691406,34434841
2020-09-11,443.80324337972615,447.6342864195736,437.08649025682666,444.9973449707031,18620781
2020-09-14,449.773681274142,452.7589048224217,435.8426380488367,438.38006591796875,17622727
2020-09-15,438.87762067058014,449.6741856740179,433.75299278187464,447.33575439453125,17328721
2020-09-16,447.33575571025614,448.3806022172355,437.83280582171386,443.8032531738281,20016188
2020-09-17,438.778128734805,444.2510386820404,436.3401839750397,440.718505859375,14306232
2020-09-18,442.3603920755671,447.08699632718503,433.90225815161926,441.16632080078125,20809690
2020-09-21,440.81807299464333,441.81314765151615,418.4786348009419,421.2648620605469,19013877
2020-09-22,421.9115973907767,424.54853880101615,404.2987662018503,409.970703125,27558176
2020-09-23,416.0406587664737,420.8170042682801,404.0997646446936,417.6825256347656,18612700
2020-09-24,411.96087259114364,412.2593828156801,399.1741582742214,400.4677734375,21177182
2020-09-25,405.49287562871507,414.64757355668655,398.1790716758239,413.00567626953125,20460096
2020-09-28,417.93130213520914,438.4298435038652,415.99089465696125,437.08648681640625,19387091
2020-09-29,440.22101826046276,441.11657937032857,422.7076983798732,424.74761962890625,19996904
2020-09-30,424.896811274163,425.991399297034,416.68744665352637,422.5583801269531,18485278
2020-10-01,428.0811106448808,443.1067130068537,425.2948835082157,441.5146179199219,21083211
2020-10-05,441.86285829399975,454.20180746894624,436.88748535805894,441.9623718261719,24252318
2020-10-06,447.286017105454,450.4702678613424,440.5195222082733,447.4352722167969,19387351
2020-10-07,444.79832528477965,453.70425468291353,441.31556434854537,450.8682861328125,19873734
2020-10-08,453.30621046096684,459.3761714414731,445.0471036359814,449.6741943359375,20909290
2020-10-09,451.06730891497574,467.486039992675,447.9328299645048,465.7446594238281,28048230
2020-10-12,471.1677952301808,477.63577974759613,460.0229482224975,465.69488525390625,21261504
2020-10-13,463.6052444647138,470.67028011279893,457.4855418221127,459.0776672363281,15582492
2020-10-14,455.74412826370707,472.31211287931694,451.7638302002686,468.9786071777344,13984621
2020-10-15,471.0682959070162,479.5762017106732,457.7343027271143,460.3215026855469,28971494
2020-10-16,462.858921177459,473.157948850497,460.7195169669403,470.0732116699219,16288157
2020-10-19,474.70032333905243,493.4574855259327,473.9042758100577,490.52203369140625,28131936
2020-10-20,483.4569798542235,496.1939220438283,482.7106739360686,491.51708984375,21376064
2020-10-21,494.45255598503996,505.0003526759616,484.20329989044427,498.98016357421875,27029535
2020-10-22,493.55703498069255,510.47330432478884,493.20875277368384,507.7865905761719,30022336
2020-10-23,511.36885514929816,512.9609501965411,502.01512972677983,504.70184326171875,18810262
2020-10-26,505.7466489274805,507.3387743089199,488.48209910805235,490.9200439453125,17446937
2020-10-27,491.56682445593754,509.72693487359106,480.2727223145191,505.5973815917969,24239860
2020-10-28,508.2840723590289,514.9510840482017,491.06929464306774,502.2141418457031,30343575
2020-10-29,503.5077529849107,513.806750911243,486.93976679117293,491.4176025390625,50934336
2020-10-30,492.5618744671042,499.0796002550665,479.2278823226596,490.0741882324219,23140833
2020-11-02,494.4028026839789,529.0811572768581,492.6614221987853,520.0757446289062,37597227
2020-11-03,522.4141474263768,534.3550422246939,521.4190728598503,531.5191040039062,25991938
2020-11-04,522.513552183709,531.2204533343056,508.4830271948423,522.5633544921875,28905623
2020-11-05,532.2653853083374,539.8279273703128,524.9515511419578,536.6436767578125,23728389
2020-11-06,536.0964412363543,543.3107320928991,528.5836401464453,539.0816650390625,22256961
2020-11-09,547.2909863154002,565.2023276857225,545.5496059043967,562.266845703125,26041462
2020-11-10,569.1826237630079,585.103816036099,565.4510943240022,580.7254638671875,34935409
2020-11-11,576.9940226201717,608.1399083525943,573.5610635991907,605.6522216796875,50289937
2020-11-12,598.9851335429491,607.4432671617984,585.8998790035054,596.7462158203125,34244439
2020-11-13,592.069260380077,609.3337767040744,581.4219522902034,607.3436279296875,28813262
2020-11-14,610.9260524023355,614.9560923167278,602.5674016110135,610.1300048828125,3211214
2020-11-17,610.1300001952147,627.7925739084169,606.0004164135264,625.702880859375,25960060
2020-11-18,621.9215638275903,636.8476813594524,618.9860818994184,633.1658935546875,24928180
2020-11-19,615.951157402232,629.8822013499399,606.050153306776,608.4880981445312,26525371
2020-11-20,611.9708868769538,613.4634987961659,589.0841707823686,604.8560791015625,29556191
2020-11-23,607.9408127261048,609.5826493043824,589.7807020614508,592.6663818359375,23728765
2020-11-24,600.0299460833979,619.53338272364,597.5920013197351,616.5979614257812,30742369
2020-11-25,621.9216596923344,626.8970329698731,593.0644946826101,596.8955078125,35115637
2020-11-26,599.2837623414224,615.1552165960032,591.1241373241119,609.5330200195312,35476456
2020-11-27,608.9855786175658,610.6274757949041,595.8008418256005,598.6367797851562,29921076
2020-12-01,607.990593013166,611.9708914944306,593.263500779394,600.6768188476562,21285697
2020-12-02,604.0103005989095,610.4782856959323,598.2886214746198,605.1048583984375,19070722
2020-12-03,607.1448246697679,607.9906138321844,597.393044469118,599.7315063476562,17746316
2020-12-04,603.6121539332161,613.413673980157,600.228937149448,611.4732666015625,20019707
2020-12-07,613.9112309112959,621.3245481555266,609.4333956176096,616.1998901367188,24658169
2020-12-08,616.0507252688137,620.77733011524,608.5876649849828,617.5931396484375,16005349
2020-12-09,616.1004936495377,633.5640416046944,615.9512081582694,631.0763549804688,22000284
2020-12-10,621.4240588511101,629.3349137007646,617.2944751590078,623.9614868164062,16126862
2020-12-11,623.2649450199098,628.5388889334126,605.3536024037255,610.2294921875,17950692
2020-12-14,612.9659382418189,620.727507780442,609.3836940653874,612.866455078125,14567480
2020-12-15,612.7171604505845,612.7171604505845,599.3333954688259,604.1097412109375,22311290
2020-12-16,610.5280029053444,611.8713900433514,601.8211002377424,603.1146850585938,14860853
2020-12-17,604.259076685519,607.9906065950631,600.2290365301185,602.418212890625,14598759
2020-12-18,601.4231295302401,607.9905977820255,593.5620156742688,606.4979858398438,17301814
2020-12-21,602.2689296476831,604.2590789401992,570.5758264581789,579.6309814453125,18580262
2020-12-22,582.1186712830184,591.0246015632301,565.6004563575202,586.8452758789062,19896386
2020-12-23,586.0989627680918,591.5718732862998,581.422099814716,589.531982421875,12247401
2020-12-24,592.0693138106192,610.9757288734793,591.2235247989859,607.1944580078125,15488083
2020-12-28,610.9758632227549,617.7423590073042,610.9758632227549,614.60791015625,8444506
2020-12-29,617.6427998535235,629.2851845091578,615.5531068086736,627.0960083007812,13765454
2020-12-30,629.1359259622337,630.8773065402233,615.1551397544243,622.0211181640625,10262221
2020-12-31,619.3343893437501,622.8668916504554,612.9658882885003,617.3939819335938,12306502
2021-01-01,617.1950362898922,622.3694364879196,614.5083226549034,620.7275390625,6047062
2021-01-04,624.7078148423172,629.8822148521482,618.2398300136616,621.6231079101562,14068156
2021-01-05,614.9560814190322,664.6103265264528,614.9560814190322,661.1773071289062,37973963
2021-01-06,658.7392928896398,663.8639506553255,645.9526103652748,651.0274658203125,20829645
2021-01-07,655.7541170765478,673.1679213995213,655.7541170765478,667.7944946289062,17887570
2021-01-08,674.6606021657454,675.5063913112244,665.2073931383493,669.38671875,12272794
2021-01-11,672.6703286234516,673.3171513101686,656.8984228748328,663.6649169921875,7928365
2021-01-12,658.0427893585855,681.6260683974925,656.0028986730613,672.3718872070312,13301893
2021-01-13,672.6704244374902,687.7955703883167,665.7546438736597,684.4122924804688,15645903
2021-01-14,675.1580965843426,684.4122779499409,671.3270837788928,672.67041015625,9337503
2021-01-15,674.2625171311382,679.5862026223649,666.3019204200998,671.5260620117188,12339771
2021-01-18,671.1280400341197,671.6753188877889,647.9428152475659,653.7639770507812,13460603
2021-01-19,660.2817158348037,668.6403664793756,656.500444632557,665.4561157226562,9010539
2021-01-20,660.7295648064651,677.5960921995616,660.7295648064651,672.4216918945312,9980614
2021-01-21,677.3969463320475,691.5767575479589,666.4511271478352,672.5210571289062,15849438
2021-01-22,666.6999631042717,670.5807782280945,635.6536243172858,641.3255615234375,21392223
2021-01-25,650.7787522019099,664.7097958270273,636.2008858289572,655.1571044921875,21325345
2021-01-27,656.6994974807984,660.5305104148588,624.3098312465881,628.9866333007812,24462588
2021-01-28,618.9364003127198,671.3768438044502,612.9659527212788,667.3965454101562,64303975
2021-01-29,667.6950283557043,672.5211156677416,649.7836863133755,659.6349487304688,31273252
2021-02-01,661.7245488939502,713.4684233939282,651.1269810727396,705.8560791015625,30648270
2021-02-02,715.7073038066299,741.280729520209,700.7314453629339,710.6821899414062,28703320
2021-02-03,716.4537126352008,733.1709537831154,712.0256185143681,730.1857299804688,23541361
2021-02-04,726.404401751288,741.828056856966,717.0506769417749,740.2359619140625,20490289
2021-02-05,745.3108183206577,762.5255954353639,713.4684335592946,716.0556030273438,31121503
2021-02-08,722.424138729842,744.1167522362559,722.424138729842,732.524169921875,15662890
2021-02-09,732.1262023925781,746.3060167100695,722.6232512600444,738.8429565429688,22307807
2021-02-10,737.8975395192961,742.7236876525258,722.5236251766606,731.1807861328125,15140744
2021-02-11,727.3994967588937,740.4847513979583,727.3994967588937,736.4546508789062,11897710
2021-02-12,731.8773441476608,750.9827879840778,730.9320111619505,746.7039794921875,15668442
2021-02-15,756.157155375496,795.0645449852162,750.186708229174,790.0891723632812,20648115
2021-02-16,795.064592371696,795.064592371696,763.2222056934804,771.2325439453125,23968943
2021-02-17,770.1877208330823,781.1335411549994,760.5354853113943,773.9192504882812,16956357
2021-02-18,771.182885286584,778.1484081214305,760.237063688968,773.1730346679688,19685663
2021-02-19,769.0931872248233,773.3719958834583,737.6985348197898,745.9577026367188,15634787
2021-02-22,745.9576981718953,746.1566645042652,711.4783389886328,715.9064331054688,18123202
2021-02-23,728.7428314003936,731.3300617030704,709.0901087951357,712.4236450195312,16804763
2021-02-24,718.4437964289466,751.1817721112792,713.5181654561085,745.7088623046875,11207286
2021-02-25,761.2319917980918,779.6408700311175,758.3960537695177,766.8541870117188,26635119
2021-02-26,742.325571869866,754.9630300794355,715.110308776759,721.22998046875,31306177
2021-03-01,734.365014451815,739.8379244511171,718.6925903629043,724.9615478515625,14301187
2021-03-02,726.8522069126979,736.8526938518296,718.4438149372329,727.6482543945312,14503453
2021-03-03,736.8528055811527,757.0528095764427,731.4793779785751,750.236572265625,13603791
2021-03-04,727.4990220567055,747.7488267825212,727.4990220567055,733.1709594726562,16896947
2021-03-05,728.3945389342072,740.4349161719587,716.9511821066889,727.1506958007812,16358252
2021-03-08,731.3798092283877,748.793614210016,728.3945855172515,739.638916015625,13898556
2021-03-09,754.963057831038,754.963057831038,736.3551519787238,741.7783203125,18951683
2021-03-10,746.8034160111322,761.9285606342125,745.4600897231778,757.0029296875,13377990
2021-03-12,768.7945948219173,772.7748931347089,741.330560757467,746.9029541015625,16343307
2021-03-15,750.2862119093984,750.2862119093984,713.1202017008021,740.7335205078125,22466579
2021-03-16,747.301010168031,748.296084748814,732.3251498741533,734.1162719726562,11358574
2021-03-17,735.3600610401853,738.3452845626758,721.1305077298857,724.3147583007812,12380976
2021-03-18,732.3749375,739.4399431739164,703.7665415039062,715.2098999023438,12261544
2021-03-19,705.507876119433,725.7576194970312,700.0349659379706,722.6729125976562,20377672
2021-03-22,715.4586209855772,726.4044413344525,705.8063854401171,712.6724243164062,14802230
2021-03-23,714.4635473778777,735.8576508160731,710.582732227834,726.9517211914062,15949688
2021-03-24,719.6877603865606,721.4291410719065,699.8360084267088,702.9207763671875,14379147
2021-03-25,706.0054073582778,707.3985360499786,676.6507075456362,691.1787719726562,21179280
2021-03-26,703.5176910598359,703.5176910598359,689.735933145474,694.7610473632812,13143312
2021-03-30,701.5276042004057,709.7867113653616,687.5965595779862,691.9251098632812,25965218
2021-03-31,692.5719611436787,700.0847626557293,688.6911456882829,694.0148315429688,14924620
2021-04-01,702.8211475005178,713.4684574079046,692.1240960121845,709.4881591796875,13090326
2021-04-05,703.7167148215683,704.9605579753343,674.113247761937,681.8748168945312,16239521
2021-04-06,686.7009577338141,690.0842356704243,672.1728928556187,674.5610961914062,12062011
2021-04-07,677.1482187666721,688.4920927209396,665.107841227895,684.8600463867188,14433515
2021-04-08,688.0940603191415,692.0743585711684,676.0038800847974,678.2427978515625,9026398
2021-04-09,675.9542405702388,683.4173009196846,663.7148337440556,664.908935546875,12509114
2021-04-12,647.7935327314962,651.7738309356836,623.5634917073178,632.4693603515625,14649541
2021-04-13,632.4693454023163,661.5752753324796,626.8969523419771,657.7442626953125,12737650
2021-04-15,663.1675213119911,668.0433507200328,649.0871905365407,665.5556640625,15195951
2021-04-16,665.3566517840947,671.9241198127756,659.0876332522688,665.9039306640625,12242522
2021-04-19,646.7984441521044,652.0723270113618,627.8920280922736,644.9575805664062,17292072
2021-04-20,652.7689843450327,658.7394323725787,639.8330136186829,648.5399169921875,12296248
2021-04-22,637.8427361169577,657.6944839667229,631.2752689000474,655.45556640625,19385102
2021-04-23,652.7689038981952,674.1630066936391,647.6940479940184,668.0432739257812,19167768
2021-04-26,690.5818173009417,700.3335368680821,681.1286079863035,697.0000610351562,21646184
2021-04-27,687.6959782545622,700.432980731086,680.7304565965698,696.1043701171875,46559967
2021-04-28,704.5128238896842,708.9906596347457,684.7606171747265,704.662109375,54060587
2021-04-29,708.4931131407143,723.3197489314331,703.5177401551756,715.856689453125,25939327
2021-04-30,701.5275825280831,726.2551616751534,701.5275825280831,711.3788452148438,23011654
2021-05-03,702.522688836824,704.5128380969851,688.6911271848911,699.2886962890625,13752878
2021-05-04,700.5324367856681,715.1103022711123,694.6614730358413,696.900390625,11980155
2021-05-05,705.5078569997034,715.5083440951768,696.5521860363785,713.66748046875,11155033
2021-05-06,714.4635883401917,719.2896760288982,706.7517599145141,712.2246704101562,9484934
2021-05-07,717.4487936540809,723.3197581456187,710.4832713855947,713.2197265625,7131970
2021-05-10,719.9364773144633,721.429089223201,710.4832685591249,711.7271118164062,7980462
2021-05-11,701.3285996270323,710.1847882863237,699.5374774078881,703.8660278320312,12736700
2021-05-12,700.5325405325801,702.2739211375972,685.6561626456701,687.8950805664062,10856584
2021-05-14,691.5767826720746,695.1590266050539,678.0437936646769,681.6260375976562,9377968
2021-05-17,688.0940788626713,706.8014690044389,681.0290735687405,705.7566528320312,12099197
2021-05-18,716.4537464769597,722.4241943642678,705.0103880262861,708.1448974609375,19519055
2021-05-19,700.5325273195765,720.1355093360795,698.7414051636777,713.2694702148438,20244016
2021-05-20,705.1098094647235,710.8812905047893,701.0797696405289,702.4231567382812,18840413
2021-05-21,703.5177416141172,729.7877353260533,703.5177416141172,727.300048828125,15883692
2021-05-24,726.8024605282783,743.8182106862866,723.170414202353,737.49951171875,15716900
2021-05-25,740.733459687527,741.3304800756567,722.2747796832574,727.9467163085938,11344261
2021-05-26,734.3650496957873,737.7483276060854,725.9069156545758,731.4793090820312,9081086
2021-05-27,733.5689807287871,750.1369357786926,727.3995062850718,746.6541748046875,23040846
2021-05-28,748.8931340101932,755.9582002462349,734.8626061752715,736.2059326171875,17149692
2021-05-31,734.2656199061134,749.2912230601174,730.3848044171663,747.0025634765625,9275086
2021-06-01,749.8384485516634,750.2862442661029,737.499560020368,741.4798583984375,6660243
2021-06-02,741.1315033270382,741.6290405957506,730.583737524148,733.3699340820312,9973043
2021-06-03,739.3404139478723,748.5448538254199,735.3601156224463,746.9527587890625,8170508
2021-06-04,747.3010102118427,756.1571982751436,736.4546729868591,738.3950805664062,10336011
2021-06-07,739.4399158428122,750.2365117647362,737.8478207661257,747.4005126953125,6986728
2021-06-08,747.3010102551495,747.4004934194265,735.8576525748111,742.6738891601562,6426815
2021-06-09,742.3255941224656,747.5497353679656,726.5536872274822,733.1211547851562,8004726
2021-06-10,735.8078828568541,741.6787862189472,729.2901567480969,740.584228515625,7795125
2021-06-11,742.5744361098012,742.5744361098012,733.3699958632141,734.8128662109375,4840759
2021-06-14,732.275405418468,737.748315591298,721.429068236683,732.6236572265625,5190670
2021-06-15,732.374842494513,748.2960347226546,728.3945444374776,747.2014770507812,9686490
2021-06-16,745.111858979532,753.12219747708,742.574430860183,746.10693359375,8614096
2021-06-17,738.295633618028,741.7286532372383,732.3749274246849,734.9620971679688,6674329
2021-06-18,738.4946236108127,739.5394397725809,718.692615181167,732.6734008789062,8143792
2021-06-21,721.4290863576293,737.250796821217,716.9512506492026,735.9074096679688,6464497
2021-06-22,739.5394476367027,745.3108681133709,733.4197146127195,735.7083740234375,6727233
2021-06-23,739.5393927961061,740.0866716332654,727.2004444979216,728.7427978515625,6154147
2021-06-24,732.2753462652939,739.2906093186859,727.4989400944906,735.5093383789062,5313822
2021-06-25,733.9172728439515,762.1774163076393,733.9172728439515,757.6000366210938,11170037
2021-06-28,760.7842101976609,765.8093243640636,754.017715625656,758.6448364257812,7672743
2021-06-29,757.2517506363054,759.7891786525036,746.3556719066559,748.246337890625,7500655
2021-06-30,748.7936443584241,756.7542412419689,742.8729382793808,744.6143188476562,5459970
2021-07-01,746.3059401364058,750.6842926123525,740.8330299087388,742.7734375,5695690
2021-07-02,743.9177327282991,749.1418742804207,740.3354885292288,746.9527587890625,3557647
2021-07-05,753.3709271049108,758.2468167558146,749.6891998106507,756.6049194335938,4680089
2021-07-06,753.2714197710612,763.2221650784729,751.4802977626331,754.61474609375,5529485
2021-07-07,752.1768732013636,760.2369527257168,748.5448268166499,759.1423950195312,3573368
2021-07-08,756.2566583253034,763.3714656546762,747.9975517036569,750.6842651367188,4188267
2021-07-09,748.2961277077486,749.1917191756813,736.604000712315,743.6690063476562,5782119
2021-07-12,748.7935648970737,754.0674476258552,744.6142398298124,749.8881225585938,4475466
2021-07-13,755.2615488889425,769.1925919514525,751.2812508710824,766.9536743164062,9810976
2021-07-14,767.1527324974566,769.6404188595765,760.236952263857,766.2571411132812,5621924
2021-07-15,766.7049287532934,774.4167563948741,762.7246306157033,770.3369750976562,4239868
2021-07-16,772.1778327664474,772.1778327664474,762.7743663416512,767.3517456054688,2913553
2021-07-19,748.5946060588813,762.8739629452388,745.9078925040845,751.4803466796875,5554486
2021-07-20,751.2812828194403,751.4803098757026,740.5344898611147,742.0768432617188,5815740
2021-07-22,746.4053747694469,754.7640250493022,737.3502209117112,743.0718994140625,7876163
2021-07-23,745.3108805464302,760.2369996494963,736.454692251464,751.6793823242188,6604465
2021-07-26,750.2861699079001,756.2566168832946,741.3304994448084,752.5748291015625,7890992
2021-07-27,746.8035215624599,752.2764321135505,725.5088998516744,728.0961303710938,15441543
2021-07-28,731.1807672084364,731.1807672084364,708.5925627760562,719.3394165039062,11102486
2021-07-29,716.4536791456082,724.9118128577439,712.4733809281327,713.7172241210938,6855673
2021-07-30,714.513220272792,715.1103014032257,703.6669448503025,705.4083251953125,10358450
2021-08-02,711.4782898003118,721.9763139574525,708.4930662067441,717.5980224609375,6823345
2021-08-03,720.4340318688476,737.2010150846883,715.757168962571,734.9620971679688,9265839
2021-08-04,736.8527392421487,753.2714700962952,735.0118755311032,750.0872192382812,9744349
2021-08-05,749.2911017778557,751.2812507865618,739.8378939865016,745.6093139648438,7246991
2021-08-06,743.3207218172618,753.9182905385903,735.1610979984655,737.2009887695312,6522599
2021-08-09,737.3502278861267,753.6694744975262,736.1063847216764,751.77880859375,6064688
2021-08-10,751.7788223512661,760.2369560243114,751.2812850763811,757.7990112304688,8309248
2021-08-11,761.2319984192471,765.2122964501975,748.7935670725275,757.0526733398438,6429468
2021-08-12,755.2616484191141,759.640001109561,749.6394524341694,753.6197509765625,3572081
2021-08-13,753.7689623429403,760.7344841071655,750.485228515283,756.1571655273438,4239376
2021-08-16,752.2763181671382,762.0280360705475,752.2763181671382,758.2467651367188,3967629
2021-08-17,755.2616229326685,756.2566975346878,745.6093871461743,753.022705078125,5576110
2021-08-18,760.0379294700239,760.0379294700239,746.8034500962372,750.6842651367188,5370460
2021-08-20,742.1265945309211,745.3108452690972,732.5739030509241,736.6039428710938,6092036
2021-08-23,745.8083887398134,745.8083887398134,730.7827870563464,732.474365234375,3614761
2021-08-24,732.3748915416646,746.0074254468874,727.8970559276191,742.6738891601562,4537435
2021-08-25,744.5148077115446,747.7488000739945,731.5788382617446,735.4098510742188,6726509
2021-08-26,730.4842255441434,746.3059356742506,728.7428450275702,742.6738891601562,6492155
2021-08-27,742.82312784561,755.8585797403819,737.3502179954414,748.694091796875,5841967
2021-08-30,752.2764018799809,785.6114011696361,750.2862526686582,780.188232421875,12517507
2021-08-31,781.0340646287001,785.1138461259089,774.5660798380558,782.6261596679688,12114870
2021-09-01,794.1689796573907,814.9660621927519,791.4823269410833,794.965087890625,19972195
2021-09-02,791.5818496108068,802.1296161477594,788.4971426239246,798.7463989257812,6799617
2021-09-03,800.5375038472034,805.9109309014577,783.8202629616264,794.0695190429688,7509746
2021-09-06,796.9054544728043,801.930629698092,791.4325442733707,796.855712890625,4539192
2021-09-07,794.0694518665517,795.4625804618831,778.1980014273261,783.9694213867188,6926921
2021-09-08,786.108964687242,793.4227389889354,779.1434422153296,790.7858276367188,5903035
2021-09-09,785.113818686467,789.7906812108463,780.33747300106,786.2581787109375,4909325
2021-09-13,782.1286399863243,786.5567341280646,779.6409534723729,784.467041015625,4814443
2021-09-14,787.1039659020626,797.0547113622656,786.1088913560422,790.4872436523438,6301208
2021-09-15,792.0793327440107,793.5222029719203,783.1236618964025,787.5020141601562,4075592
2021-09-16,788.5965611410913,803.4729374382297,785.2132834619425,798.6467895507812,15446511
2021-09-17,804.866024909892,816.6576947598504,793.3231844317897,803.3734130859375,14641298
2021-09-20,796.0596373736254,804.5675126011498,787.6015037265306,791.9300537109375,6306484
2021-09-21,791.3330729864921,795.0646027239324,768.4960988464512,791.4325561523438,7833561
2021-09-22,788.5966249225979,792.8754335796876,782.1286399863243,784.467041015625,4359142
2021-09-23,790.4374055681802,810.4881810569547,788.6462836133024,808.1497802734375,9043492
2021-09-24,808.5477820751709,812.9261342190555,791.1837197046787,794.1192016601562,5184626
2021-09-27,798.9453637988477,804.8162670804861,788.8950746130797,793.024658203125,7715259
2021-09-28,798.0498086155004,801.6320527892883,774.1680188314954,785.3128662109375,7369680
2021-09-29,779.1433965214761,785.6113812946429,774.6655609092837,778.297607421875,14241004
2021-09-30,776.0586341684406,783.4718906757867,761.0827142144722,762.7743530273438,9178187
2021-10-01,759.6399728054583,767.8990798262836,750.2862472855387,764.3665771484375,6089895
2021-10-04,767.3019725821903,777.3025205455175,766.5059250772994,775.1630859375,5845527
2021-10-05,770.5857377617426,780.138428924145,767.4014871294321,778.7453002929688,3945224
2021-10-06,778.3970761931395,790.2882293569943,772.1778601800911,775.1133422851562,5092479
2021-10-07,786.1088236998946,786.2581091627617,770.2871154860487,773.2723388671875,6622698
2021-10-08,778.0488301957745,781.133537067451,772.1778659418369,778.0985717773438,4295686
2021-10-11,778.1483516747662,789.0941724783754,775.1631278192364,783.2730102539062,4417455
2021-10-12,784.1187978474953,795.7611830081278,781.58136972218,793.2237548828125,5098502
2021-10-13,796.0099035794473,800.5374806643906,789.2931503234067,790.6862182617188,4381414
2021-10-14,795.0645222390409,800.0398947186344,784.1187027839353,798.0994873046875,7157116
2021-10-18,815.9611401244283,815.9611401244283,798.099539605286,809.2941284179688,11014585
2021-10-19,815.9611318025856,822.9266536594369,794.5670289565421,797.7015380859375,10633732
2021-10-20,796.6566732112312,809.7916696287677,788.099056237815,800.8359985351562,9023067
2021-10-21,803.9705745536177,809.4932267069236,788.3976320078506,803.8212890625,7405639
2021-10-22,808.000566482769,820.9365361432075,802.8261664716871,812.6774291992188,10646970
2021-10-25,826.0113813579374,862.6301743474236,821.3843210196172,840.9375,29193770
2021-10-26,844.2213420412771,847.4553345951188,819.4439594118761,837.7533569335938,16771909
2021-10-27,835.8625651041667,836.6586125430749,781.7802912867731,783.6211547851562,39606414
2021-10-28,783.6211929586667,785.1138047547785,750.9330189176313,754.61474609375,19320926
2021-10-29,758.2468284750885,758.2468284750885,710.4832487286262,738.3453369140625,21343427
2021-11-01,751.2812588680877,756.256631443373,736.3551411422316,748.644287109375,11694854
2021-11-02,748.7935997427617,757.599985226655,744.3655058432239,752.1270751953125,11812106
2021-11-03,755.7094005593336,758.8936513564736,744.8133217811597,746.9029541015625,10529505
2021-11-04,753.2714338207311,753.32117540129,747.6990406384587,749.2413940429688,793433
2021-11-08,757.2517116540051,757.2517116540051,737.8477584644479,747.3507080078125,13872770
2021-11-09,746.3059414188649,750.2364981905775,739.6886711111378,741.3803100585938,12120207
2021-11-10,739.0419090790622,749.6394170066303,728.394598834439,745.6591186523438,10844883
2021-11-11,744.3158611770833,744.3158611770833,731.4793735020054,734.4148559570312,6195359
2021-11-12,739.1413748972548,739.1413748972548,729.8871935876308,732.4246215820312,9372897
2021-11-15,734.365031937223,740.3354793513467,724.4142862470167,729.638427734375,12849161
2021-11-16,729.6384304656491,729.6881720473799,717.7472771744337,722.5734252929688,8978763
2021-11-17,717.4487892444458,721.3296044925636,703.2689761421805,708.8413696289062,18083445
2021-11-18,711.4783301209263,712.473404708508,698.442877317419,702.8709106445312,13458109
2021-11-22,709.4882493990295,709.4882493990295,674.063614957073,683.019287109375,16741079
2021-11-23,677.6457672412182,689.2384100201408,674.0137208469207,682.2728881835938,16575348
2021-11-24,686.6014167032946,691.6762724459857,678.6905621465465,681.7753295898438,11463429
2021-11-25,682.6210773535071,683.6161518102906,673.2176115899977,676.5511474609375,9760486
2021-11-26,665.7049529648835,671.5759178005414,657.1970766994597,658.4906616210938,10252753
2021-11-29,661.7743696225257,662.1724237677913,646.15168580615,647.89306640625,12084376
2021-11-30,644.8083096804463,674.1132673830456,644.8083096804463,652.420654296875,24699809
2021-12-01,661.6250775468976,678.0438072486211,656.7491880689378,676.2526245117188,16184200
2021-12-02,671.6752787837962,675.4565496878218,664.7594989516355,672.7698364257812,8612601
2021-12-03,675.7551112024205,683.9644763442905,667.6950315387606,669.6851806640625,9505985
2021-12-06,670.6803224894908,675.4069271361155,657.8936373708577,659.833984375,8022785
2021-12-07,668.6900927947598,688.1437879605585,666.6999437090611,683.6162109375,15123987
2021-12-08,691.5768714661378,698.0945981798109,684.2630971912096,693.66650390625,11670826
2021-12-09,694.7113690004402,696.452749582316,684.6113373317465,690.5320434570312,7021395
2021-12-10,686.7010237935142,688.5419484228505,680.3823237642544,684.6611328125,5549743
2021-12-13,695.5570980418812,708.393583801702,689.6861340078017,700.532470703125,13634563
2021-12-14,697.547236521568,710.4832052445073,694.1639588694494,707.3984985351562,8612512
2021-12-15,708.8911784536274,716.4537212171052,704.0650301408192,708.9906616210938,7692888
2021-12-16,715.4586474682087,718.3941297264246,701.577344455959,706.1547241210938,7309187
2021-12-17,704.0151970357239,704.5127342774452,681.7255043127964,685.5068359375,7844705
2021-12-20,677.5960319368334,678.4915625976801,656.8486909765171,671.0285034179688,9934646
2021-12-21,679.6358639786325,679.6358639786325,659.2368373145594,662.5703125,10116104
2021-12-22,666.6999233128136,673.5161594289914,660.7294762383705,666.0531005859375,7489534
2021-12-23,673.6654819300237,681.1285411833105,669.2871295409494,675.4566040039062,6884683
2021-12-24,677.7950102625827,678.6407992816596,659.1871052321479,664.2122192382812,6028893
2021-12-27,659.7842614144414,671.2773619432496,652.7192554054359,668.8394775390625,6996729
2021-12-28,673.9639715091002,677.4964739672125,668.6900886118946,672.1231079101562,4645547
2021-12-29,671.1778695080193,676.2527260659325,663.9635781011503,667.1975708007812,3969894
2021-12-30,664.7098748927539,669.7847313803057,661.227113572208,665.5556640625,5119705
2021-12-31,669.6353709815495,683.1186177873296,667.8939906740072,675.207763671875,5586980
2022-01-03,676.8994297965518,695.0595394529826,675.655586669399,692.9201049804688,8550860
2022-01-04,697.5472833740464,707.5477707961971,696.6019503723534,705.6571655273438,9705906
2022-01-05,708.3935841572154,727.30000027943,704.2640005524987,723.3197021484375,11312955
2022-01-06,716.4040046217731,729.887253948627,715.4586715597312,726.7030029296875,7955578
2022-01-07,730.3847427141682,737.2507816193269,721.6778401273167,727.00146484375,10454143
2022-01-10,730.0364618061117,740.3354590188113,729.5886661154443,739.141357421875,9595787
2022-01-11,739.2409205584365,743.3704435732272,733.6684665391983,739.5891723632812,7252279
2022-01-12,745.9576439839327,747.7487659868864,739.4896595538843,743.17138671875,5294563
2022-01-13,745.3109264464166,745.3109264464166,733.4197720150836,737.0518188476562,5196538
2022-01-14,731.1807771965603,732.3251372385288,712.5231291288003,718.1453247070312,16302342
2022-01-17,715.45859158973,717.0506865539759,706.0053834950118,709.139892578125,19680557
2022-01-18,713.9660262183528,732.2754231705882,710.732033765099,721.6281127929688,24055886
2022-01-19,721.6280561959527,728.3448092259183,715.1600717967266,726.00634765625,7746270
2022-01-20,727.449188149386,733.5191789322228,718.5930616974996,725.309814453125,8505400
2022-01-21,718.4438704427083,721.6778629343133,704.56256744722,708.9906616210938,10689060
2022-01-24,711.4783164067461,712.8714450963203,684.8103301205044,701.1295166015625,8812501
2022-01-25,710.4832557816853,751.2813138867962,705.1098287130527,748.4951171875,38088158
2022-01-27,740.3354410581857,773.1729001373794,734.4644771108213,770.0383911132812,34927774
2022-01-28,774.2674333529237,780.8349614020043,757.7492211772114,760.9334716796875,17765524
2022-01-31,771.6305738251017,773.9689747294889,758.5950607476119,769.2423706054688,12319200
2022-02-01,774.2674961832904,789.9897229273715,765.3118250815118,778.048828125,15457534
2022-02-02,786.1089376998102,801.9306482080884,783.4719657035859,800.1394653320312,13478899
2022-02-03,798.2488494025437,807.9010850864482,789.1438925970263,795.6118774414062,10802708
2022-02-04,793.0246652867561,800.5374659025151,787.2532451126744,794.6167602539062,10776387
2022-02-07,798.5473630430881,799.6419208045363,780.237966188536,785.7108764648438,10939179
2022-02-08,790.0891832524512,797.0547050191605,772.3271270411545,794.6167602539062,12300670
2022-02-09,797.0546869246041,805.5128203064506,796.2088978802308,799.890625,9399830
2022-02-10,803.5724226448522,811.931072970799,799.14432884997,805.8113403320312,12848281
2022-02-11,797.0049432796121,805.9108723172571,794.5669985760236,799.8408813476562,9717894
2022-02-14,786.1089094204632,799.0448788159898,766.157676461192,769.5408935546875,8617389
2022-02-15,773.1729091984218,795.1640320002151,760.5354505305121,793.024658203125,7426563
2022-02-16,791.0842548591696,804.3187340199705,785.4123178661035,793.1241455078125,7457765
2022-02-17,793.0744065192533,798.04977920758,776.6556766477757,778.9443359375,6516308
2022-02-18,777.30263365131,786.6562994802656,775.1631987319819,783.5218505859375,5466662
2022-02-21,779.6907162036588,792.8754550852171,772.2773980441019,784.964599609375,5635224
2022-02-22,762.3266061630229,783.1236890347601,762.3266061630229,775.3123779296875,6923558
2022-02-23,779.6409672564297,781.6311165027766,768.446377745728,773.3720092773438,6303173
2022-02-24,748.6941890803818,765.3616894261752,721.7276296921372,726.7030029296875,13085009
2022-02-25,738.6438593170217,761.0827792750747,733.7680302449122,754.3162841796875,10066136
2022-02-28,746.2064060601512,746.2064060601512,732.5738730035256,738.7433471679688,14463418
2022-03-02,725.1108429116514,752.7241619094854,721.4290548983672,746.5546875,11691602
2022-03-03,752.2763788285255,755.7093982597685,728.7926431483262,734.0167846679688,8357181
2022-03-04,719.4389292470225,728.8921378609184,706.5527011474894,711.4783325195312,11660648
2022-03-07,689.5866841410719,701.5275791045538,652.3708705444075,664.2620239257812,20147061
2022-03-08,661.724595437258,670.4314980088009,633.8625072083208,667.0980224609375,24828458
2022-03-09,668.1925590342214,677.1482299669213,655.8536103442449,670.8792724609375,20438651
2022-03-10,704.4133277180616,716.851760113602,684.8600876984586,691.527099609375,23224756
2022-03-11,688.4921425464402,703.1694929500046,684.0640484133733,687.447265625,14224356
2022-03-14,691.2783629796216,708.8911962143927,681.62612684671,706.552734375,10720884
2022-03-15,709.4881984422769,714.4635715028819,691.5768554240988,694.7113647460938,12157425
2022-03-16,707.4980446151534,722.4241636998613,705.6073785706101,720.2847290039062,10038170
2022-03-17,733.3700297526261,743.0720077581731,732.8227508325541,735.6089477539062,13657428
2022-03-21,741.3305457613991,745.708898110715,720.1354698214358,722.3246459960938,7495685
2022-03-22,725.4093431853007,732.3748649991513,702.8708804509575,727.7975463867188,11117081
2022-03-23,732.4743326597703,739.2408880090894,721.0807779501262,723.17041015625,5886245
2022-03-24,715.5580569129887,726.8521890590279,715.4585737556517,718.6925659179688,7559843
2022-03-25,719.737461628074,723.0709980510239,711.9758917268063,717.6975708007812,5430894
2022-03-28,722.4241323056428,734.2655438920685,711.5280537004077,732.3748779296875,7077669
2022-03-29,737.9970892125369,737.9970892125369,727.3995206035019,734.166015625,6174137
2022-03-30,743.3207644859574,762.0778973682609,737.6488268269082,746.7537841796875,16618114
2022-03-31,759.2418645588108,759.2418645588108,747.5994804389848,757.4010009765625,20449544
2022-04-01,756.256662705876,771.929086965899,751.4305754021575,770.7349853515625,9321859
2022-04-04,776.1581944740024,781.6311048196524,763.2222245661023,780.2379760742188,10959783
2022-04-05,772.1778538476467,792.0793449261943,772.1778538476467,779.2428588867188,7334134
2022-04-06,773.1729551862172,776.1084373689016,765.4113855436096,769.8892211914062,9954921
2022-04-07,765.7098862392803,791.0842879275216,765.4113760133839,788.1985473632812,9820244
2022-04-08,790.9848022460938,796.7562226216722,785.1138379725119,790.9848022460938,8104237
2022-04-11,785.5616225199867,790.3379682548853,780.1881956091438,782.1783447265625,6340427
2022-04-12,776.257618829595,797.0547008612343,773.9689595508071,794.5172729492188,7672215
2022-04-13,801.8310603779145,801.8310603779145,786.954683706007,789.1438598632812,7640132
2022-04-18,776.1582117481811,797.7016017911595,772.1779132263955,794.9153442382812,11478317
2022-04-19,801.0350324818273,812.1798798632635,781.6808198606706,793.8704833984375,8711816
2022-04-20,796.9055002248915,798.4976560877645,784.715835899045,790.7858276367188,6676491
2022-04-21,791.1838178777036,800.0400064217085,786.6562404360302,797.850830078125,6851615
2022-04-22,792.0792984788125,794.0694474699653,774.366984604458,776.755126953125,6255027
2022-04-25,768.1975753399522,784.9148161279047,757.5005236108013,776.854736328125,8023525
2022-04-26,787.1039935893397,792.6763869492565,765.2123528068296,771.1828002929688,11087204
2022-04-27,761.8289925469195,769.1428263671797,745.3107805821666,762.1275634765625,11485697
2022-04-28,773.0733659404896,781.5812403569507,762.5752818857924,775.9590454101562,11037317
2022-04-29,761.2320293511592,763.0728929714643,721.4290474243013,725.0112915039062,34401710
2022-05-02,718.4438314588808,734.5640514584655,714.9610705030552,723.7674560546875,16136040
2022-05-04,729.3897104152885,731.5291451830359,700.5325458831693,703.716796875,14548684
2022-05-05,712.473417661238,718.2448382272295,695.4576661980584,698.890625,12726146
2022-05-06,686.6014032828465,689.089089526625,664.8092474935365,670.0831909179688,15511195
2022-05-09,656.9482084279455,665.704852032741,645.604334637612,660.4309692382812,13999329
2022-05-10,660.4309838228929,668.7895735115682,654.3112511129181,656.5004272460938,9523698
2022-05-11,658.4408228673793,672.6703763745506,652.2216071094786,669.038330078125,9352398
2022-05-12,663.7147141837374,663.7147141837374,640.8279999015396,646.4501953125,11166084
2022-05-13,653.1669121919199,656.1521356283829,630.2801991790367,632.817626953125,9618627
2022-05-16,636.6983870440652,646.0023699503735,626.946669205644,635.8028564453125,6159695
2022-05-17,639.7334843166022,654.2615491755851,637.9921037674658,651.72412109375,8152237
2022-05-18,651.5251631067222,667.0981065339788,647.09706852251,656.2020263671875,13013873
2022-05-19,640.1314587318055,654.5102984151605,638.0418264286258,646.9974975585938,9216948
2022-05-20,656.5004467690176,672.4216398698957,654.759066273609,669.78466796875,9708672
2022-05-23,669.6852195413005,681.4270879153256,665.2571253335335,672.0236206054688,7919353
2022-05-24,666.4014928365708,678.0936197562417,657.9433584691494,660.779296875,8088546
2022-05-25,664.7098331766917,669.3369543631273,656.7989779553019,661.724609375,5169619
2022-05-26,669.6354485958421,681.874853743418,664.7098172938391,679.8847045898438,10114633
2022-05-27,685.6063543602096,690.3826999795286,680.8797503207161,684.9097900390625,5539060
2022-05-30,691.6762689272873,694.5620093056062,686.7008963677916,690.2334594726562,3818060
2022-05-31,685.6064670185244,692.5719899055051,679.6857604176829,681.8251953125,10410424
2022-06-01,679.6359331377445,689.0393999964396,677.1482467060544,682.6708984375,6966674
2022-06-02,678.6408489407437,689.7359545625463,678.6408489407437,688.143798828125,6347433
2022-06-03,693.8654805144114,694.5620448552986,669.8344662627871,673.9639892578125,8475726
2022-06-06,673.6654446318437,680.6309662159248,666.9984332544603,668.8890991210938,6756864
2022-06-07,668.8890718342211,674.6604916215415,657.8437087607635,662.5703125,8312778
2022-06-08,666.699953347861,670.2324558791412,652.221630686989,655.3560791015625,9282494
2022-06-09,653.7142962934843,659.4857170532672,646.7985154049396,658.0428466796875,5682743
2022-06-10,652.2714007110823,660.4310245831314,648.9876666759194,657.44580078125,6758832
2022-06-13,643.7635129454565,648.7886274374442,636.9472156183159,645.753662109375,6135431
2022-06-14,641.8230603247755,652.4703697514875,639.9323944579144,647.5447387695312,5391833
2022-06-15,650.7787815712672,653.1171825629166,644.0122865091761,647.2960205078125,4638336
2022-06-16,654.261549862231,654.9581142295235,627.9418145307525,631.7728881835938,5960283
2022-06-17,626.8970109589428,637.6438047141892,623.5137329551917,632.0714111328125,6849201
2022-06-20,632.1211024758242,634.0117683984502,619.1353918564027,625.205322265625,5305222
2022-06-21,628.8870938788785,642.1713143687429,625.0560812875101,633.3649291992188,10333886
2022-06-22,629.434386106133,630.5290045373313,618.1900559871955,623.7127075195312,5899024
2022-06-23,624.3097145065568,637.6934168487467,615.2047592828042,626.2500610351562,8450777
2022-06-24,631.2255711647849,639.2857121585366,628.5389182347369,630.8773193359375,6918584
2022-06-27,640.8279521291221,643.7136923564328,631.5737717996283,633.9619140625,4552114
2022-06-28,630.877308451652,641.5246190219543,628.8871592136342,639.1861572265625,10711123
2022-06-29,633.2156650541649,634.6585352973302,620.4289813914728,622.4688720703125,13620084
2022-06-30,620.9265102391556,636.1511384875367,620.5782584454937,633.6634521484375,10563138
2022-07-01,629.8822409640816,643.4152316420075,628.6881392608444,640.7783203125,6549359
2022-07-04,638.3901317779793,651.9231835057071,637.3453155387575,651.1270751953125,3933384
2022-07-05,652.8683277212066,656.6496592499287,642.8180999873506,645.3057861328125,5044787
2022-07-06,648.7887050036768,656.1522820843443,647.7936303027509,654.7094116210938,6684686
2022-07-07,661.1871230460026,662.2335295503253,649.4273825421825,655.9052124023438,11171714
2022-07-08,664.725045547193,674.4916082638993,659.1441699453557,666.8677368164062,12669533
2022-07-11,664.2765638766813,679.624062922121,663.080644590663,677.5311889648438,14864123
2022-07-12,674.6909360086746,682.9127974888394,670.7045789273825,673.8936767578125,6446810
2022-07-13,677.680628237471,682.6635740333347,674.6410434673892,677.5809936523438,9614674
2022-07-14,676.2854385335281,678.1291651362578,663.3297783253994,665.9707641601562,8026311
2022-07-15,667.7147901490255,671.9004771183407,656.851943112824,659.94140625,6015057
2022-07-18,665.7713792792326,685.653345279401,661.1870934526314,682.165283203125,12464664
2022-07-19,676.2853660685873,701.4492418534154,676.2853660685873,698.2103271484375,10171314
2022-07-20,703.8909589906716,712.0630028189298,700.3032621036211,703.2930297851562,11620331
2022-07-21,705.5353819558808,715.9995692329485,701.9476241075544,713.1094360351562,8036515
2022-07-22,714.5545265492698,732.4931339103393,712.6609825525858,728.2576293945312,9713490
2022-07-25,730.9981886231841,736.2800992931025,720.0357072668719,724.869140625,6230411
2022-07-26,720.4343711354031,720.9824830407537,699.6554494118315,704.0404663085938,14135744
2022-07-27,705.5353818616858,718.092382261698,701.2001820655762,716.4978637695312,6106880
2022-07-28,722.5272396386962,731.1975786797572,720.5838783459953,723.4241943359375,6964838
2022-07-29,731.3968923577526,732.4432989298249,720.5340449427604,722.278076171875,6624854
2022-08-01,723.5237570663771,729.8022568424667,717.9428818936258,728.307373046875,5493105
2022-08-02,724.5203731412562,731.8452796805994,718.6404723296756,727.9586181640625,7275626
2022-08-03,727.5101282431768,735.9811365857344,725.0186552012481,728.0084228515625,9458761
2022-08-04,732.6924445331799,734.1873284403503,709.7708912899004,719.1387939453125,7466635
2022-08-05,721.5305465666823,728.7060006316354,718.7401091044713,726.0151977539062,4583196
2022-08-08,727.5101298876939,744.8009285069729,725.6165860407563,743.007080078125,8191870
2022-08-10,742.459027983339,745.2992831555691,733.6392370152699,736.4794921875,9069541
2022-08-11,740.5156807229957,758.0556892195037,740.5156807229957,756.2617797851562,12384073
2022-08-12,756.1122668581132,759.4009991773435,750.8303560633518,757.9559326171875,4614341
2022-08-16,762.390774093221,769.3668988234858,755.8631266895836,762.0419921875,7051498
2022-08-17,768.768866945772,771.1108270331126,763.6364086773798,769.4664306640625,7674390
2022-08-18,769.3668588310784,773.3532156125866,759.5006014660548,762.4405517578125,9449924
2022-08-19,769.3668642352517,770.014671547588,747.6910490835461,754.9163208007812,7553270
2022-08-22,750.8304184985363,751.876825119808,736.6788379800972,739.3197631835938,4994311
2022-08-23,735.4828329888387,748.2889799370538,731.2971461641571,744.501953125,6594634
2022-08-24,742.4589718300164,749.4849136933476,739.4692041582177,747.5914306640625,6875820
2022-08-25,751.3286401681897,756.0125608585573,737.4760256263093,740.8145751953125,6320890
2022-08-26,745.4487161313889,752.4248404802121,738.771556374977,742.3593139648438,4613713
2022-08-29,727.5101534707075,732.3934651330155,719.58725675724,726.214599609375,5904146
2022-08-30,730.4998677774659,750.9797632284784,730.4998677774659,748.936767578125,9193270
2022-09-01,730.9982382932499,752.3252732572747,730.9982382932499,741.6119384765625,9353805
2022-09-02,746.4453161376152,751.9763740717708,737.72516057526,747.6412353515625,7767812
2022-09-05,747.6412780027727,756.2119213422034,746.7941406322013,753.5211181640625,5894055
2022-09-06,755.4146080729167,758.9524875416358,746.2459753346046,747.44189453125,7606181
2022-09-07,740.6153289926856,755.4146550948194,736.5292765520527,752.8235473632812,10156460
2022-09-08,759.1518479151847,779.532109886771,754.517683652912,777.0904541015625,13410790
2022-09-09,785.2624977843975,785.2624977843975,777.3396012219318,782.1730346679688,8732302
2022-09-12,786.3089341295793,802.2543624515986,784.1164255699052,798.2680053710938,15521649
2022-09-13,802.2543782903807,806.1909181504941,800.4107124350408,802.802490234375,9887516
2022-09-14,791.6904533447475,808.582590951781,791.6904533447475,800.3109130859375,10494713
2022-09-15,802.7526138112515,803.7492030276528,784.9635206292796,787.3054809570312,5996899
2022-09-16,783.3689341975145,789.8965813396402,773.4528594199302,786.6078491210938,11467351
2022-09-19,786.6078349170996,799.2645297860902,784.0167273558158,795.3778076171875,11427799
2022-09-20,804.0481871266487,813.4161503188008,799.2645709373078,809.9779052734375,8274079
2022-09-21,806.4898142497095,813.2167913843225,800.6099136086641,803.7990112304688,6567084
2022-09-22,802.2543998172348,806.0414270547019,781.6249887993947,786.50830078125,7804275
2022-09-23,786.3089617813182,786.3089617813182,761.643376478292,765.978515625,10278805
2022-09-26,756.4112263924375,760.8958779323136,738.472620232933,740.067138671875,11090327
2022-09-27,743.8043484719426,751.5777931378958,728.0084334861625,734.9845581054688,11358306
2022-09-28,731.3969039601302,731.3969039601302,705.2862524075028,714.0064086914062,13170668
2022-09-29,719.7865835091667,728.3074094040037,708.5749544825442,716.5476684570312,12090981
2022-09-30,717.5442889883074,735.2337488904496,711.963413293636,730.6992797851562,9536017
2022-10-03,728.5067737834011,739.4692560154358,718.5906981444821,720.284912109375,6405645
2022-10-04,730.8986373421783,741.9607545500076,729.5033879524586,740.2665405273438,5438934
2022-10-06,747.4419551684598,757.8065079442553,743.455598074228,752.5245361328125,9376433
2022-10-07,751.2288927983373,754.9162848368628,739.7681175169855,753.1224365234375,7500540
2022-10-10,745.4488012564514,776.0441051311705,742.4590333369737,774.2003784179688,14106654
2022-10-11,777.3396689828508,792.7868034305869,771.8584277272024,782.8707275390625,15953495
2022-10-12,786.8071863065097,808.03452444932,780.7778337130018,805.9417114257812,21228018
2022-10-13,804.2475337078446,812.1704304989873,792.8863918005101,799.2645874023438,13024911
2022-10-14,812.7683707735199,817.9008298687482,791.7403614092467,797.7697143554688,8220645
2022-10-17,800.759469014023,814.2134240005686,794.3812734303498,811.3731689453125,9463827
2022-10-18,817.2031878991659,820.0933210652114,808.7819965413942,813.5656127929688,8470882
2022-10-19,815.6585109535193,835.5902966163728,814.1138097300447,827.0195922851562,10868663
2022-10-20,822.086492004441,829.0626167149702,814.1635953463724,823.033203125,11813817
2022-10-21,857.1663843034996,902.9098549269484,852.9308800171425,897.3289794921875,58057724
2022-10-24,912.8757307591613,915.3173865275703,901.9132492762457,906.3480834960938,3085307
2022-10-25,902.6108846710398,907.4941354391532,888.5589399245156,899.7705688476562,13187308
2022-10-27,905.8996382375723,916.8123028107809,898.1760714649197,912.0286865234375,11967044
2022-10-28,911.8791633658477,914.8191138175054,895.8341007783994,899.9699096679688,7320207
2022-10-31,904.903090723303,914.8689837929429,899.0231894814218,902.909912109375,9038777
2022-11-01,900.9167387349441,900.9167387349441,866.0361127883479,868.7767333984375,29191921
2022-11-02,872.0155730650307,874.0087515177507,858.6612531010146,860.6046142578125,11029140
2022-11-03,854.973978653849,877.3972377426342,853.0804346666695,861.1029663085938,10185978
2022-11-04,866.0361148706843,869.9228375305871,859.3589542937412,865.13916015625,7323879
2022-11-07,873.2613275640971,873.8094394844759,858.3623061580925,869.9725952148438,9931261
2022-11-09,872.065402882393,877.7459737196048,865.5377555214042,870.7200317382812,10190209
2022-11-10,840.8223266601562,853.7779863596132,838.1315236341042,840.8223266601562,18956575
2022-11-11,844.1110696333851,851.784818795448,841.2708146861895,847.7984619140625,19329819
2022-11-14,847.5991175076656,850.9875451300805,844.4598371861053,848.097412109375,6985306
2022-11-15,848.3466503204905,856.9172940575455,844.3104757795168,855.721435546875,7124767
2022-11-16,855.07359067231,858.6612877009816,847.6988057692853,852.4824829101562,6521854
2022-11-17,852.4823896727785,858.4619246178942,849.7915867820815,855.2728271484375,4909607
2022-11-18,856.3691658483367,862.846996241784,852.0838440611451,856.26953125,7065304
2022-11-21,857.0667487717732,867.9794131453679,856.0701595290153,867.0824584960938,7209207
2022-11-22,871.9657701163994,874.008765898657,865.3882446180094,867.0824584960938,5535233
2022-11-23,870.9194155283196,874.8060773107314,865.786956291167,871.7166748046875,5861417
2022-11-24,875.0053548789186,877.7957925924075,870.1220432600779,875.553466796875,4928778
2022-11-25,879.9883079947771,888.7582812318203,877.8954948999872,884.7221069335938,7614047
2022-11-28,884.6722734429534,896.4320142155716,882.2804349552773,888.6586303710938,7928147
2022-11-29,891.3494027815202,898.8238217645038,886.9643859807123,889.5056762695312,5661158
2022-11-30,891.9473428289702,902.0128695178131,882.4299280401573,898.176025390625,10452798
2022-12-01,906.3979657738523,906.3979657738523,896.4320728021772,900.7672119140625,7053100
2022-12-02,895.2360715833464,903.9064098409317,888.3596425581412,902.062744140625,7988851
2022-12-05,903.90637898148,904.2053435676773,894.538416434123,896.1329956054688,5098164
2022-12-06,894.438815942964,903.8067788474197,892.6449675304239,901.564453125,5351099
2022-12-07,899.7207159776931,914.8688839558654,896.780765677581,911.5303344726562,9103656
2022-12-08,912.5270008309415,940.7304653596467,910.633456863442,936.1461181640625,17466047
2022-12-09,940.7802378141974,941.7768270491702,924.4361500298539,930.515380859375,8018981
2022-12-12,926.728451672723,937.9400817486417,918.8553715552836,935.4486083984375,7621788
2022-12-13,936.9932176587412,946.0621554317456,933.4054598907215,941.378173828125,8136559
2022-12-14,942.4245837850804,946.9092351016819,935.2989468068006,939.1856689453125,8573479
2022-12-15,936.544774863132,941.7270512789019,929.4191371880759,934.9502563476562,7359261
2022-12-16,929.0702676147883,941.9761097245242,925.9309873515905,931.9105224609375,6926928
2022-12-19,931.9105406211092,944.8662002771619,929.2197984310499,942.9727172851562,4842336
2022-12-20,940.5311453935503,949.5004490317405,937.2424128916106,946.5106811523438,9511818
2022-12-21,949.8492231848704,955.6294896993481,924.8348564626333,929.1201782226562,8368960
2022-12-22,932.8075406279887,932.8075406279887,909.8361705161678,916.4136352539062,9202717
2022-12-23,908.8894189164826,914.1215126109031,900.9167047154608,903.5078125,6371695
2022-12-26,904.9030605709675,929.7679751165904,902.0129273462807,925.532470703125,4764440
2022-12-27,929.269655124141,934.601383262467,919.4532145492958,929.0205078125,3346083
2022-12-28,927.7747642872207,934.2525943412428,918.1576537993037,921.5460815429688,5956496
2022-12-29,919.6525036318719,940.7802068840708,912.676379216418,931.3624267578125,12204113
2022-12-30,938.039604707894,940.2819304561998,927.1767578630881,930.565185546875,3704449
2023-01-02,929.0703424360158,941.7768555666773,928.621865101302,938.388427734375,3498198
2023-01-03,941.5276931089132,962.3065546223346,939.3850018925066,959.017822265625,6927819
2023-01-04,960.2138014099825,966.6916319332465,951.7427922641757,954.1844482421875,9059392
2023-01-05,956.7255870781203,958.6191308000023,935.0497729958817,946.3112182617188,6998980
2023-01-06,943.3215570212211,947.7065741198771,931.1133385197832,936.6942749023438,5787783
2023-01-09,943.5706660298861,956.7256559647979,938.1392425884401,955.4799194335938,7025747
2023-01-10,960.7120239414986,960.7120239414986,939.5345026668546,948.9024658203125,7140150
2023-01-11,949.7495963550235,952.4902169111372,939.584373399678,946.5106811523438,7100355
2023-01-12,946.1119894438225,946.4608321809351,920.8484760391259,932.3590698242188,8661375
2023-01-13,932.3091772135771,934.2525382785624,919.8518124726153,930.9638061523438,9083608
2023-01-16,937.242334692892,938.5378885004728,908.5903949059118,910.0354614257812,10008273
2023-01-17,911.829325913297,916.5631247441648,903.6074647860002,914.5699462890625,6904960
2023-01-18,918.7555757556836,922.4429070054517,910.13505514566,920.848388671875,5730939
2023-01-19,920.4498289107772,934.8007387836647,917.6095738113638,925.532470703125,7721730
2023-01-20,928.0737843424014,931.6614814866497,921.4963193022849,927.3761596679688,4511360
2023-01-23,932.8075924147312,936.494985020229,921.2969980711642,929.5188598632812,5236124
2023-01-24,931.8109832031279,931.8109832031279,900.6675679891196,907.0955810546875,18527897
2023-01-25,901.9132748783845,904.3549307161034,881.184230560388,889.306396484375,11921748
2023-01-27,889.3063717030234,889.4558844177508,848.0974315288581,870.7698364257812,17300736
2023-01-30,848.9943159456224,882.4796868469707,843.263928368694,868.876220703125,21233998
2023-01-31,870.0223854634925,876.3008853581426,858.1629494637257,868.6271362304688,16856151
2023-02-01,873.3110609682857,892.1466202553993,830.4577274697712,854.3260498046875,12409819
2023-02-02,848.0476037945589,869.0257945832661,834.1949893895618,865.4879150390625,9567053
2023-02-03,870.0224280347356,881.9814992104708,856.3193256458724,879.5896606445312,7365732
2023-02-06,868.8763137991926,896.083249001981,867.6305772359507,879.6395263671875,10129098
2023-02-07,883.8251289861092,885.3698909449143,868.5275087282845,876.1015625,5055187
2023-02-08,879.0914084547087,883.4266084614048,865.2886708037779,868.7767333984375,6572818
2023-02-09,873.1617312210834,873.1617312210834,859.6080803738031,864.7405395507812,5993312
2023-02-10,869.0756082290804,869.7234155462331,862.1991791777392,864.2919921875,4603464
2023-02-13,864.291964903683,867.4810624397231,853.5786312366728,856.1697387695312,5707194
2023-02-14,859.6080463082112,868.9261923015049,851.3363676900806,867.7800903320312,7527755
2023-02-15,869.0258323587835,869.2251623756382,858.6612797521524,865.3384399414062,7322266
2023-02-16,869.8231298531599,871.3180138048417,859.3091248917283,861.8005981445312,5843235
2023-02-17,858.0633006446494,865.2885723399731,847.1008194517445,851.984130859375,8420479
2023-02-20,856.767781292412,858.2626651515379,839.6264342090392,843.8619384765625,5992322
2023-02-21,846.1043329140429,846.1043329140429,834.543921129639,841.1712036132812,9677064
2023-02-22,837.1349722556811,840.1247400137371,826.7206023997231,830.5076293945312,6984037
2023-02-23,830.2086466297461,845.3568151047107,827.3683916524938,841.4700927734375,8437003
2023-02-24,847.2004790909477,851.6851306206476,841.5697864442899,848.49609375,7763814
2023-02-27,848.9445619324921,855.5220877394029,843.0647216206131,851.43603515625,8064267
2023-02-28,853.0305661731592,854.6749019114627,837.1349557410143,841.220947265625,13012372
2023-03-01,843.1643274732452,865.786915739105,842.1677382177182,862.19921875,12345125
2023-03-02,863.0462409614079,863.8435001502493,840.6229841234959,842.5663452148438,13900508
2023-03-03,846.8516882252868,855.6714784761886,842.7158186386732,849.7418212890625,7977804
2023-03-06,854.0271909606967,860.8039858619996,852.6817589439127,856.5684814453125,10781567
2023-03-08,855.5718939117619,859.558251017932,850.1404701892086,858.0135498046875,8785735
2023-03-09,859.5582380054627,871.2681618275661,859.059943374735,864.8401489257812,14746065
2023-03-10,856.6680731334445,858.66125158264,842.6161893974077,848.994384765625,11198583
2023-03-13,842.7157930695566,854.0769341439188,825.6243249909841,829.510986328125,8315798
2023-03-14,825.1759048131482,832.8496542576039,814.6120830195212,830.0093383789062,12573734
2023-03-15,835.1916297325484,840.623053446592,816.5553981250047,821.2393798828125,6652641
2023-03-16,818.6980428258025,835.0421303365613,811.5225882887138,827.7171630859375,8791383
2023-03-17,832.1521065437354,838.6299373132375,820.1930343538853,834.5439453125,7762461
2023-03-20,833.1485971970394,838.1315433525241,822.7342275666805,834.6932983398438,10744023
2023-03-21,837.234568942929,854.4257327733916,835.88919784351,852.6817016601562,11489951
2023-03-22,852.6816710708521,856.8673577578542,844.1608458172617,846.7520141601562,8018924
2023-03-23,844.1110588183182,858.2128204363339,842.2175149931294,845.9049072265625,9857892
2023-03-24,843.3636567920377,849.5923396339286,834.3943534997146,837.0353393554688,8078718
2023-03-27,838.1813788056045,839.327480776985,826.3718204920756,830.5076293945312,10602508
2023-03-28,834.5438466338419,834.5438466338419,823.2325223622307,829.6107177734375,11002402
2023-03-29,829.6605471665011,845.5561578031353,827.169074051887,839.72607421875,17121194
2023-03-31,851.9842023262293,857.9637380239396,844.6094173015935,855.5718994140625,12946752
2023-04-03,861.0531327780824,863.8435705800223,853.528895924411,861.6510620117188,13266882
2023-04-05,868.0292507705822,868.0292507705822,854.0770010452227,857.5650634765625,11890015
2023-04-06,858.8605688388478,860.3056353584511,846.1042391188242,849.044189453125,19677316
2023-04-10,851.8844406128331,852.0339533244347,841.071472065005,844.4598388671875,15656078
2023-04-11,845.3567632254344,852.7813647053354,841.1710765471636,850.3895263671875,23930907
2023-04-12,851.9842442917326,853.7282756228025,843.7623823024031,848.1473388671875,13480335
2023-04-13,850.7383996311652,864.740465803461,842.1178786725427,861.40185546875,23934570
2023-04-17,878.9916280421301,878.9916280421301,858.0632559458888,861.6011352539062,22577380
2023-04-18,862.3984518651789,869.0257944680026,854.1765908510034,860.4052734375,17238709
2023-04-19,862.0497074519493,871.5173053950632,859.6080516064868,870.4210815429688,23494247
2023-04-20,871.8162791734077,872.61353842213,861.2026399691414,865.7869262695312,19444753
2023-04-21,867.8299061208056,870.8694911657597,854.5752812705765,861.25244140625,15520786
2023-04-24,865.0394958965046,881.3835844354804,857.5650762891039,879.2907104492188,18201632
2023-04-25,881.9815301851463,892.7446824559073,871.4177079397109,875.3541870117188,36394389
2023-04-26,874.4073971216748,886.4162849359124,872.2148886944374,884.6224365234375,19468723
2023-04-27,884.9712636188237,886.9644421404878,874.5070763800876,878.393798828125,15992383
2023-04-28,882.0811388147605,887.0142678681588,850.7384549253036,857.0667724609375,23004117
2023-05-02,867.032612604655,873.4108078787448,861.3022246477851,867.680419921875,12947953
2023-05-03,860.9036546195193,863.8934225616979,851.1370915071329,856.9172973632812,15103015
2023-05-04,857.0668024648066,864.1924403277204,854.5753292018276,862.9965209960938,9756391
2023-05-05,864.1924205161839,881.9815148752476,859.8074033430732,862.3486938476562,14343308
2023-05-08,862.348624053753,878.3937466970889,862.348624053753,875.4537963867188,7007882
2023-05-09,879.1909845555848,887.1636979755821,876.9984761996903,885.2203369140625,12117151
2023-05-10,888.9576202448786,889.4559148750607,874.5568932672195,886.8648071289062,11893027
2023-05-11,887.9610360069609,896.9303394009706,885.9678574749587,892.8941650390625,13816121
2023-05-12,892.1467505831944,910.4839571465301,890.9508312617417,907.5440673828125,10533272
2023-05-15,907.5440543286596,916.3638451469153,906.0491704050921,912.6764526367188,7339579
2023-05-16,913.0750982034878,919.3535984175281,908.8894111184669,914.6696166992188,12567615
2023-05-17,914.570003878146,915.7659231919084,908.1419907902832,911.6798706054688,10248327
2023-05-18,916.8621724498372,926.3297709696997,909.4873871667294,911.5802612304688,13614127
2023-05-19,917.7590348551536,923.838204751964,905.8497815389638,920.8982543945312,8393002
2023-05-22,919.8518948703927,924.5856938959987,911.2812514916671,914.4204711914062,9383158
2023-05-23,914.4204570128335,919.3535859810547,909.2880588555776,913.0252685546875,8273445
2023-05-24,908.0422990139986,917.7091658596611,907.0955270824292,914.5699462890625,6248545
2023-05-25,913.5733086861229,920.3999202025748,909.3378046933083,917.908447265625,8149350
2023-05-26,914.8689054147029,924.7351630391825,911.879137749949,923.7883911132812,4908462
2023-05-29,927.8245202474517,934.5016798732743,924.884570021122,926.6286010742188,7133871
2023-05-30,927.6252815270212,936.4949503720625,924.8846610310455,934.2526245117188,7804403
2023-05-31,934.152934014655,936.6942853313651,907.0955716533429,911.7296752929688,34757004
2023-06-01,918.8553145613342,927.7748007672122,912.9255961902546,916.5631713867188,11817533
2023-06-02,919.5030999135525,927.3263012298903,917.1112613721726,922.9412841796875,11616991
2023-06-05,924.436172287596,950.64651846003,924.436172287596,947.6068725585938,14520005
2023-06-06,947.8559927414005,967.438995450353,947.8559927414005,964.897705078125,14457988
2023-06-07,969.631491205795,977.9031695445725,964.797997005362,973.4185180664062,15795824
2023-06-08,969.7311457656283,971.5249942284382,956.6260337835334,958.8184814453125,10209982
2023-06-09,963.7017874550165,978.3516613325,960.0143951307958,971.4253540039062,12947464
2023-06-12,969.6813390368814,974.5646506865643,965.296322011575,970.8772583007812,7465375
2023-06-13,970.9768338006503,986.3243316281844,970.9768338006503,982.4874267578125,15233785
2023-06-14,982.6369737949615,984.829482250772,972.6710815658037,974.3652954101562,8644423
2023-06-15,984.9789505278337,985.6267578642999,968.8840708061163,973.8171997070312,15978311
2023-06-16,979.447884977415,982.0888707728268,973.8670096093874,978.2021484375,8860900
2023-06-19,980.4943212217917,982.6370124661768,957.7222809127747,962.3564453125,11025846
2023-06-20,962.6554164174278,973.6677156728969,955.2806314970962,971.5250244140625,7596593
2023-06-21,974.9632974223545,974.9632974223545,959.8650060638431,962.7052612304688,7805855
2023-06-22,958.9181445830205,970.1297731318651,955.4300823678244,963.3031005859375,10135883
2023-06-23,956.7257441620804,962.2069854046757,951.29432021993,955.1312255859375,6188008
2023-06-26,956.2273971509471,960.2137542000391,949.8492015416074,957.2738037109375,5799528
2023-06-27,963.7017981869501,972.6711013758669,957.5229327136336,969.9304809570312,6921886
2023-06-28,975.6608456357774,980.6437917319764,963.7017750048997,974.8635864257812,10010996
2023-06-30,973.7672963918446,986.4738088667332,972.6710725875475,984.08203125,7096350
2023-07-03,986.623384799418,986.623384799418,974.664313468516,978.7503051757812,5562743
2023-07-04,978.7502406757175,981.4908610084411,965.6949463306252,967.38916015625,7396806
2023-07-05,965.6949642870135,972.1727942848107,958.8184742662522,963.2034912109375,8200047
2023-07-06,957.7222801183558,982.7366462464298,957.7222801183558,977.604248046875,10221727
2023-07-07,973.9130645384746,987.0814787156783,969.4737047169295,974.3619995117188,6236524
2023-07-10,974.3619913680536,983.6397168850006,958.1010224249453,961.7422485351562,7138850
2023-07-11,965.583097735668,969.4238573789243,948.324461185316,950.9182739257812,10616390
2023-07-12,954.4098648389429,955.2578057543188,944.7330725097656,947.7258911132812,10141257
2023-07-13,954.0108031066665,963.6875954876132,949.8707738830849,957.8516235351562,13079930
2023-07-14,962.1413436836285,964.6852274002033,945.4813074131775,954.759033203125,5383514
2023-07-17,957.7019783905746,966.580698170858,948.1748510958538,962.5403442382812,8472444
2023-07-18,961.6923995413861,977.6042309854672,949.0227883239745,961.34326171875,14457717
2023-07-19,961.6924295201541,967.5783307784403,954.2103826099868,961.99169921875,7574544
2023-07-20,961.5926560411982,977.5543554985788,955.3076881686135,975.5591430664062,15329753
2023-07-21,969.2741842405901,982.6421320165374,965.6828261847799,968.9749145507812,6230317
2023-07-24,971.1197827748352,982.5922542544857,966.4808895165734,969.1744384765625,9167788
2023-07-25,975.3097424302705,975.3097424302705,951.5167976207896,960.1959838867188,13448045
2023-07-26,964.535537018173,977.6540829976909,960.9940471606344,974.4617309570312,8298226
2023-07-27,986.9816883223583,987.63015672027,953.4621437226243,957.6022338867188,17858061
2023-07-28,957.6022192953338,967.4286160462416,939.9445773118847,947.676025390625,8504392
2023-07-31,952.4146499294641,956.3052775703625,946.0299459031511,951.6165771484375,6601991
2023-08-01,953.7115452773517,961.6923950286265,949.7211204017142,957.6022338867188,8409096
2023-08-02,949.2222822906164,956.6045923939507,934.3579258213549,942.9872436523438,9324465
2023-08-03,941.8400684259062,944.3340841360575,924.930690622325,933.310546875,17076611
2023-08-04,944.7330873809358,952.5642718277866,932.412674958146,949.9705200195312,12376086
2023-08-07,949.9705068423926,952.7139239007455,942.2889269011943,945.1321411132812,10922609
2023-08-08,947.7259360784058,957.6022622942126,941.7901667219988,950.6190185546875,11512735
2023-08-09,949.721103515625,951.0179793993384,942.0395235887916,947.7258911132812,7701831
2023-08-10,945.7307399740623,949.671296901765,935.0563407522403,937.50048828125,13590891
2023-08-11,935.2558126509883,943.436195670119,930.7665847502635,934.95654296875,9558237
2023-08-14,932.7617883498599,941.0419075552627,926.6764149419139,937.699951171875,7172522
2023-08-16,933.7094884411482,937.7497811715781,929.0705954871806,930.81640625,7394623
2023-08-17,933.7095660844874,940.7426778503086,929.4198714597991,934.30810546875,9336994
2023-08-18,932.6121582533107,943.6856239218536,928.821266763245,940.7925415039062,6648744
2023-08-21,941.9397855724528,951.9657156977736,941.6903840226237,950.3196411132812,6822155
2023-08-22,951.5666810794194,956.8041138031537,946.3791773785815,954.759033203125,10860061
2023-08-23,959.697176619942,978.1030234221159,956.1058186098329,976.9058837890625,12677151
2023-08-24,982.442546931477,991.8699374435503,976.756179567921,979.0007934570312,11899556
2023-08-25,971.6684508890794,985.834471283137,968.4760988315514,980.7466430664062,6228241
2023-08-28,977.7538523475707,990.1241940903152,977.7538523475707,987.8297119140625,8451441
2023-08-29,987.8296759355306,988.6277487213704,975.1600649597776,978.3524169921875,8114141
2023-08-30,980.6468949003569,995.6109879049402,977.6540762994402,980.9960327148438,9023083
2023-08-31,979.4497973749469,992.3189422675721,966.2813827871787,971.169677734375,21558300
2023-09-01,971.9178357296834,990.6229518907627,966.6804032045811,988.7774047851562,10946742
2023-09-04,991.3712145930849,992.1692874182171,977.6541286050045,979.8987426757812,6727188
2023-09-05,983.091071894129,983.8392765669051,975.5591570326598,979.1006469726562,10548660
2023-09-06,979.1006344891216,980.7965772369347,959.4976479567042,962.7398681640625,16351052
2023-09-07,962.7398525327949,977.454544004202,960.7945082621547,975.8583984375,8686550
2023-09-08,975.858420425993,984.9366127081339,970.1720527717824,977.953369140625,6439351
2023-09-11,979.4497974015362,1001.5966681785131,976.6565120983709,998.0053100585938,7130484
2023-09-12,1007.5822815964099,1007.5822815964099,995.660875096741,998.5040893554688,8958327
2023-09-13,1000.5491956622612,1014.565551227565,991.3213378954422,1012.0216674804688,12254423
2023-09-14,1012.0216046985313,1019.9525860325733,1006.6345069537728,1018.4561767578125,7855558
2023-09-15,1018.5561027251692,1029.2803711916683,1012.1215294674577,1024.69140625,8986157
2023-09-18,1019.1047057608484,1027.4347549170495,1016.5608218682338,1022.2970581054688,6397319
2023-09-20,1009.8767878452892,1044.9925397848435,1009.8767878452892,1024.8409423828125,13619788
2023-09-21,1024.1425468245343,1031.125790539965,1009.6772562711424,1012.0216674804688,8156588
2023-09-22,1007.5823094971842,1024.7910172583984,1005.5870970031303,1015.8125610351562,7108110
2023-09-25,1012.7699017646486,1023.5440373483997,1002.7439708865614,1016.5109252929688,7123890
2023-09-26,1016.5607167837618,1018.2566594998765,1008.5798671917402,1011.7223510742188,6387615
2023-09-27,1007.5324156199742,1025.489266718604,1001.5966464240136,1022.745849609375,5158686
2023-09-28,1024.541562459703,1035.4653015857891,1022.7458225971219,1028.4322509765625,15818489
2023-09-29,1028.4322190332261,1038.5080169360645,1022.0475152267032,1034.21826171875,9528626
2023-10-03,1032.5224171761674,1042.1991486065783,1030.128137940139,1038.5579833984375,11589322
2023-10-04,1032.8715858941166,1034.5176605292681,986.4828961982525,993.1668701171875,22584212
2023-10-05,997.606229461282,1006.7842189501363,986.5328246698826,1000.8484497070312,7950412
2023-10-06,1002.5942480791412,1005.5870667301236,997.0076776195943,998.553955078125,5289753
2023-10-09,992.4186321769971,997.3069268958444,985.8843237672277,993.8651733398438,6823214
2023-10-10,997.5064314461529,1012.5203920923382,994.1145461203287,1009.8268432617188,5728499
2023-10-11,1016.5607861898477,1023.1948922217821,1009.577542320045,1016.6605224609375,7396783
2023-10-12,1019.5535749269535,1028.5320310662319,1012.5204631289959,1016.0120849609375,4920222
2023-10-13,1006.5846966646947,1009.0288441317307,989.8747921363165,991.6704711914062,12173162
2023-10-16,987.6300943900685,1007.0335463010971,987.6300943900685,1002.3946533203125,4646960
2023-10-17,1006.434974625059,1012.2710073363514,1000.6987390656211,1005.6369018554688,6105067
2023-10-18,1007.582298949754,1011.672460164127,986.9817058086751,990.4733276367188,7818946
2023-10-19,977.3548502265622,996.60863857375,977.3548502265622,989.02685546875,4836625
2023-10-20,986.6325530346243,990.523241653981,975.4094830430778,978.0032348632812,5664400
2023-10-23,977.6541295951773,982.5424245987747,958.7993470259346,961.99169921875,5896695
2023-10-25,957.7019990873952,971.6684865740864,949.1226097011919,953.1629028320312,6957048
2023-10-26,953.7115163461261,972.6660339304111,950.4692962330248,969.7230834960938,17540495
2023-10-27,977.6540684991274,1002.3448217596922,970.970094832599,1000.349609375,13443016
2023-10-30,1000.3496444881126,1000.3496444881126,976.8560300115275,986.8320922851562,5270567
2023-10-31,995.6109984502658,995.6109984502658,975.6588742328256,979.4996337890625,7816805
2023-11-01,975.5091991852343,976.9557403543356,965.6828024620821,969.4736938476562,5703984
2023-11-02,975.6588829327773,985.984082951752,971.6684580537067,980.5970458984375,5193982
2023-11-03,983.6396958568432,989.0267935974802,979.1504680359956,986.4828491210938,4268048
2023-11-06,992.6181502490323,1013.7674134673241,990.7226741492185,1006.9837036132812,6552178
2023-11-07,1005.5870326392501,1019.7530526181287,1002.8436156355219,1018.4561767578125,6559859
2023-11-08,1021.548754556056,1024.4916441513978,1013.1688380732181,1019.2542724609375,7643314
2023-11-09,1022.2969496906434,1026.3871107399823,1014.2163638559787,1019.4537963867188,4407935
2023-11-10,1015.4634502996684,1028.5320681288063,1014.216442457611,1026.736328125,3294063
2023-11-13,1027.5843300881097,1029.3799482075774,1021.0499606710599,1022.8955078125,5985481
2023-11-15,1042.4984646699425,1042.4984646699425,1029.0807101756216,1038.857177734375,7240388
2023-11-16,1040.3038229538877,1041.5009017158827,1019.7032299963196,1023.8931274414062,6908825
2023-11-17,1012.4705832200053,1017.5583506174719,989.4757109972611,991.9697265625,13268353
2023-11-20,978.6517326742911,992.3688186317544,978.003264255226,986.3333129882812,8215656
2023-11-21,987.5802951235795,995.112209948386,984.2882067571996,989.4258422851562,7061614
2023-11-22,988.6277745129754,997.5064943208318,985.6349558212106,995.7107543945312,6103988
2023-11-23,996.6086401662712,1000.9981320061083,993.0172820348068,996.6585083007812,3112891
2023-11-24,999.6014966534458,1008.3305516391919,997.3070143778607,1006.0859375,6956281
2023-11-28,1010.6249804344942,1019.5037002486309,1006.8340889333878,1018.7056274414062,6173384
2023-11-29,1024.6912979894364,1060.9542613148635,1018.7056604079704,1057.6123046875,9422396
2023-11-30,1060.1560664063197,1078.3125724224037,1052.9234214128103,1071.678466796875,24755589
2023-12-01,1072.8257553160392,1106.3453000140453,1067.6381298956398,1102.0057373046875,14428758
2023-12-04,1117.817750299184,1126.2974030234527,1096.4689532024638,1122.905517578125,14043213
2023-12-05,1134.0786977616333,1149.0925969574525,1124.4517742475557,1129.739013671875,15804808
2023-12-06,1132.3827752128796,1142.9573765954551,1115.2738044978198,1117.8177490234375,7342767
2023-12-07,1116.5708675318951,1126.896068531604,1105.8465996507534,1115.1741943359375,6439419
2023-12-08,1113.178834877189,1131.634549261566,1108.8392723370227,1128.4920654296875,7300989
2023-12-11,1126.2974708649378,1136.6726003551878,1111.183711625699,1113.827392578125,6924589
2023-12-12,1117.319055316092,1131.1858072332268,1106.345386022809,1128.292724609375,9044111
2023-12-13,1147.2472834605537,1148.2448897939976,1108.7895105950422,1112.181396484375,8184523
2023-12-14,1129.68928946714,1135.8743992190675,1115.2239995129569,1117.767822265625,9421193
2023-12-15,1116.520819325448,1125.1501373806013,1105.9462178758602,1117.6680908203125,12048410
2023-12-18,1117.0196852153413,1117.3190158058185,1104.5496069139372,1108.689697265625,7922468
2023-12-19,1121.1099101400514,1124.1525360208302,1111.532793079096,1117.568359375,6824641
2023-12-20,1119.3142813854565,1121.1598287059148,1100.0604308642828,1107.5924072265625,9848057
2023-12-21,1101.2574845465347,1101.2574845465347,1074.6213265198994,1092.77783203125,10914682
2023-12-22,1092.7779264108851,1103.6518590487801,1083.2009306279906,1085.6949462890625,10600025
2023-12-26,1088.5877457969887,1098.0151966663564,1084.0985182719824,1091.6304931640625,5687517
2023-12-27,1093.4263887566508,1107.8916795104105,1087.0416843441974,1103.70166015625,6132936
2023-12-28,1104.5994586858894,1110.3356943033596,1095.37160138822,1105.197998046875,14097667
2023-12-29,1098.8133142498616,1104.2004121539771,1091.3312676547296,1099.661376953125,8786731
2024-01-01,1092.3787776242896,1101.3572333307905,1090.383565245067,1095.072265625,4083732
2024-01-02,1092.4784816109477,1096.718307791532,1079.7091958280453,1090.6329345703125,7895577
2024-01-03,1088.3884316097892,1099.9606398908986,1078.711699581697,1095.97021484375,10225290
2024-01-04,1100.3597447020193,1127.2951146992582,1097.4168548394916,1120.7109375,11411683
2024-01-05,1121.3093204625263,1137.1712827143679,1116.3212896775506,1134.228271484375,8025466
2024-01-08,1142.2591526623078,1143.2567589091743,1115.8225871203417,1119.314208984375,4735538
2024-01-09,1125.848594466918,1132.8318382933232,1109.6872999732295,1113.8773193359375,6359362
2024-01-10,1112.5803490615472,1113.328553734756,1096.419176831478,1104.35009765625,5934163
2024-01-11,1108.390413403008,1125.2000534594813,1108.390413403008,1123.05517578125,4683035
2024-01-12,1123.6537280685436,1126.7462829578426,1115.3736696086848,1117.6680908203125,5616755
2024-01-15,1119.3142060402943,1127.7439300929025,1113.9271079657626,1116.8201904296875,6719079
2024-01-16,1113.9770559493738,1125.1003901176227,1112.4307175332362,1116.421142578125,5229753
2024-01-17,1079.4098979472835,1112.3309022284852,1076.6165519030933,1079.709228515625,24913719
2024-01-18,1063.4482074850514,1106.0958724662764,1063.4482074850514,1094.872802734375,11473135
2024-01-19,1104.4997961277145,1123.6039803798592,1102.3549183111254,1113.8773193359375,12303696
2024-01-23,1123.204870544225,1138.8672395300805,1076.217641808556,1086.642578125,18924087
2024-01-24,1032.3230568353206,1070.6310416625054,1018.4563047903621,1056.61474609375,20884046
2024-01-25,1055.4673016704396,1061.1536079871053,1023.3444325047508,1039.7550048828125,20835434
2024-01-29,1033.5200378202296,1065.4434366718199,1033.5200378202296,1058.7095947265625,11188604
2024-01-30,1057.5124900515373,1067.8874970014356,1048.2846327972588,1051.57666015625,9426983
2024-01-31,1045.69084056198,1081.5049299098825,1040.2040060924105,1065.194091796875,12600390
2024-02-01,1070.0823332515488,1085.0464265097773,1054.2702990643077,1081.654541015625,9756682
2024-02-02,1085.4455818795223,1093.5759757904466,1062.450707986044,1064.495849609375,8667415
2024-02-05,1064.4957475123178,1076.9158960271432,1055.467362664861,1058.958984375,12569454
2024-02-06,1059.0088475733637,1062.5502763066684,1045.6907081700033,1047.536376953125,8011171
2024-02-07,1058.5101145853655,1071.1297356806806,1054.9685638394865,1066.540771484375,7281793
2024-02-08,1069.4337212660762,1073.025078810233,1029.1803401617249,1033.420166015625,9869141
2024-02-09,1037.460635442103,1052.3749228732129,1032.073658779852,1048.88330078125,8233454
2024-02-12,1048.8831580325893,1054.7191298078526,1032.8715301930304,1044.1943359375,8694379
2024-02-13,1048.4841662577705,1072.975448348298,1042.2990562337152,1068.1868896484375,8413609
2024-02-14,1058.7595369474293,1098.264719163139,1058.0113322775178,1094.224365234375,16609115
2024-02-15,1094.8729108750058,1094.922839901097,1066.6905329868791,1069.6334228515625,11780823
2024-02-16,1070.4314768366228,1073.424295504386,1055.467383497807,1066.191650390625,8660907
2024-02-19,1066.4410841180998,1067.4386903707828,1057.5623641135999,1060.405517578125,7562645
2024-02-20,1056.4650199471596,1087.8896168577692,1055.1680831094475,1085.994140625,8722800
2024-02-21,1091.2315386297137,1091.3312748960234,1070.5312095791621,1081.6046142578125,9177213
2024-02-22,1087.6900474726833,1108.041115761234,1078.9110645331584,1098.2646484375,14633340
2024-02-23,1096.3692455391695,1104.7491622173827,1087.3907894792492,1094.174560546875,6250943
2024-02-26,1090.8325467970808,1092.1794127082399,1077.0656530908761,1082.602294921875,5354189
2024-02-27,1079.0607928334823,1085.9443001110253,1069.4837974716459,1076.467041015625,6546815
2024-02-28,1074.8210754058348,1082.4028590954888,1061.5030553661354,1071.628662109375,7643191
2024-02-29,1068.436206253075,1079.7092046661435,1052.8236453635054,1072.5263671875,13648997
2024-03-01,1073.424307411303,1099.0627389049594,1073.424307411303,1096.61865234375,4819390
2024-03-04,1096.6186611950195,1106.245585783101,1090.483358452908,1104.1007080078125,5895441
2024-03-05,1099.5615904286128,1108.240838110355,1091.8800708025524,1098.1650390625,4851446
2024-03-06,1097.5663236628902,1129.2403214113713,1092.727957811263,1122.3070068359375,13787638
2024-03-07,1123.3045248335036,1124.2023947240693,1104.898740078331,1108.789306640625,6943879
2024-03-11,1109.5876214061693,1117.31907033033,1099.2624204243646,1102.4547119140625,6751641
2024-03-12,1102.354873198211,1118.7156395632892,1081.6545441313667,1094.3740234375,9817138
2024-03-13,1093.3763524591507,1096.917903041949,1068.1867968938282,1077.813720703125,11503890
2024-03-14,1072.4265772880124,1078.661615528059,1053.0729942352896,1055.7166748046875,10253613
2024-03-15,1053.7215382177246,1053.7215382177246,1027.7837772769806,1043.8951416015625,17798175
2024-03-18,1041.5008827914498,1064.346089346231,1041.1018159520013,1058.809326171875,7612407
2024-03-19,1053.0231749064687,1058.4101504615487,1044.194263437455,1048.2845458984375,6728886
2024-03-20,1047.4865666620108,1054.9186845427982,1028.482118812757,1032.2730712890625,12619644
2024-03-21,1036.8618724728055,1048.0351338251044,1025.6887328985947,1033.120849609375,9903738
2024-03-22,1037.6103100718892,1044.7432196223558,1027.4845815585513,1030.82666015625,9891194
2024-03-26,1026.5368035141419,1041.700369393197,1025.0403941795732,1038.0592041015625,9656767
2024-03-27,1043.2966609454973,1055.0185343378787,1041.7503225527066,1050.3297119140625,17027308
2024-03-28,1050.3296143572713,1055.8663772204363,1041.600560514143,1044.693115234375,10235318
2024-04-01,1049.8308968863641,1061.203632319249,1046.3892040873816,1050.5791015625,5484556
2024-04-02,1048.4840673289145,1053.3224328177723,1037.7098721598722,1044.693115234375,13617893
2024-04-03,1041.3014413403423,1067.7380066830049,1041.251512317133,1060.704833984375,11573590
2024-04-04,1067.4386903707828,1078.1130285632478,1056.6146868847939,1060.405517578125,17964844
2024-04-05,1058.5599096565631,1060.4553857835742,1045.5910291154657,1056.564697265625,9210187
2024-04-08,1064.4458579816544,1076.8660069572647,1061.0041651652145,1073.4742431640625,4967186
2024-04-09,1087.390734637225,1087.390734637225,1068.7853550513448,1077.4146728515625,11385226
2024-04-10,1083.5998995115542,1090.3836709699126,1077.414789247489,1085.1961669921875,9064074
2024-04-12,1076.9159375653167,1093.7755074001911,1068.5360207821377,1070.88037109375,18045983
2024-04-15,1060.555054332689,1068.4361671293173,1052.7238705538862,1055.4173583984375,8889435
2024-04-16,1047.4366747471086,1055.3177887882596,1041.8501038826091,1049.382080078125,7107881
2024-04-18,1041.650556735367,1048.8832018148605,1011.4230396229323,1021.5487670898438,17832438
2024-04-19,1012.5702521129814,1034.4676586075361,993.3164654082485,1026.636474609375,21598007
2024-04-22,1036.5128380286305,1055.9661588578495,1029.5295946540393,1051.427001953125,9410832
2024-04-23,1055.467392339939,1057.7120063595655,1046.2395347036966,1053.2227783203125,8300012
2024-04-24,1053.4721887491182,1066.3911408374038,1053.4721887491182,1060.704833984375,5641163
2024-04-25,1097.3668772875997,1131.2355608344606,1083.5001260280715,1124.30224609375,46136295
2024-04-26,1127.2950297740094,1138.6178360271808,1120.3117862267368,1127.5943603515625,10133766
2024-04-29,1127.5943251009617,1161.2136049877345,1122.6062941517016,1156.4749755859375,15183242
2024-04-30,1157.373016490627,1180.0685606625627,1152.3849848044872,1163.1092529296875,18965164
2024-05-02,1153.232837036846,1171.1897497242708,1145.2519869535458,1147.0975341796875,12302236
2024-05-03,1148.1449785153566,1160.465390499882,1131.3851459567948,1138.7674560546875,9993632
2024-05-06,1141.1617550653036,1153.232765714131,1132.931503925908,1140.912353515625,7490104
2024-05-07,1143.3066598846426,1146.0500769962232,1121.3593229919986,1125.00048828125,7115509
2024-05-08,1121.9578174576657,1132.7318911613593,1115.573113534311,1125.9482421875,8175609
2024-05-09,1119.3141450674307,1131.8341514619112,1109.537555695174,1112.9793701171875,5226693
2024-05-10,1121.0100592034512,1137.2710892789437,1110.6848591958812,1117.418701171875,7242718
2024-05-13,1117.4187443862693,1132.6821688333848,1102.4048432815728,1129.290283203125,5513160
2024-05-14,1127.2450891156411,1133.3803916673191,1115.4234798739799,1120.162109375,5471143
2024-05-15,1122.8557159257566,1128.492093577472,1115.9222797145299,1125.3497314453125,5436338
2024-05-16,1131.435179313018,1141.2116477253062,1108.6399003218369,1136.5728759765625,10750526
2024-05-17,1129.290204353205,1143.2566909794812,1123.4043034907972,1138.6177978515625,9909986
2024-05-21,1133.2806831688256,1143.007343961868,1126.4969120583337,1134.9267578125,8162017
2024-05-22,1139.2663882104796,1139.2663882104796,1115.2739081187951,1123.3046875,9094033
2024-05-23,1123.3046476916165,1166.8501852548218,1123.0552461268537,1162.460693359375,12818081
2024-05-24,1162.71004443193,1174.1825159128116,1157.8217496192385,1171.189697265625,8814997
2024-05-27,1176.0778621664394,1193.1369022154065,1165.203931260531,1184.158447265625,10450046
2024-05-28,1185.156102592287,1189.5455939945439,1176.177647269618,1180.567138671875,4018776
2024-05-29,1169.1945538168247,1183.0613053892162,1153.232853423421,1156.973876953125,9418064
2024-05-30,1152.434695075394,1176.9759063285162,1152.2352225359814,1165.1541748046875,7232217
2024-05-31,1170.192044648018,1175.1800755288707,1150.6389879506955,1159.3680419921875,10057642
2024-06-03,1194.1846329485845,1239.2264585688406,1190.5433457113234,1220.9703369140625,22197339
2024-06-04,1221.0699654696132,1221.0699654696132,1098.9131373248442,1128.5419921875,24135989
2024-06-05,1135.2758622111123,1190.14420353063,1108.0411640812747,1181.66455078125,21039499
2024-06-06,1189.246368891048,1193.0373212968939,1160.4654533547418,1168.14697265625,12006879
2024-06-07,1175.1802441941004,1192.3390241756715,1163.9571731014148,1183.959228515625,8583998
2024-06-10,1182.1632278442382,1209.4976593246931,1182.1632278442382,1197.1273193359375,9995057
2024-06-11,1201.5668763542778,1206.455171649185,1187.6003879563225,1191.740478515625,9390212
2024-06-12,1189.2464161988912,1203.2628330753819,1181.2655659980387,1185.0565185546875,7199718
2024-06-13,1198.9231671641783,1199.122639690824,1170.6409342714535,1171.838134765625,5321148
2024-06-14,1178.1230423439772,1181.8142585048788,1167.19930270935,1178.222900390625,4451031
2024-06-18,1191.1419459865251,1191.1419459865251,1178.3227291311541,1189.0469970703125,6837181
2024-06-19,1190.144151337927,1240.3735972420434,1182.6621051224747,1223.713623046875,17987437
2024-06-20,1227.1553146423544,1238.5280492366346,1217.478583589118,1236.5328369140625,8206858
2024-06-21,1243.0173750319368,1243.0173750319368,1220.8206361920809,1234.48779296875,29311314
2024-06-24,1228.0532386006992,1232.7918680753971,1222.117530391002,1225.16015625,6676530
2024-06-25,1231.494942152567,1275.688946143703,1223.065218355566,1268.4063720703125,17607952
2024-06-26,1278.0332427953588,1289.8548515798059,1256.1856432694901,1282.322998046875,13956370
2024-06-27,1306.864161814128,1306.864161814128,1276.9359749023542,1285.864501953125,22311393
2024-06-28,1280.028436970885,1286.8122075565059,1258.5799045739402,1262.22119140625,7167069
2024-07-01,1269.9527999315114,1269.9527999315114,1253.442367214873,1258.87939453125,5797015
2024-07-02,1261.9718659782138,1264.8150193443623,1235.2858996423108,1250.399658203125,9945447
2024-07-03,1256.9837894439697,1285.515301896364,1240.6230237019365,1276.9359130859375,15171347
2024-07-04,1284.916842281519,1289.9048735015558,1265.4635205233747,1277.8338623046875,4817380
2024-07-05,1268.955094098609,1292.2991036758544,1267.8577516275716,1283.9691162109375,8593502
2024-07-08,1281.9239365968008,1294.2942775390354,1276.5368388889456,1284.76708984375,4216951
2024-07-09,1280.926378651802,1291.9000470047379,1276.1378201138252,1286.3134765625,6930340
2024-07-10,1281.1258660222238,1290.9024557429561,1272.097602748689,1288.55810546875,9020489
2024-07-11,1297.9356295079974,1298.2847673316003,1273.8932220304036,1293.6458740234375,7848846
2024-07-12,1291.7988634971857,1337.4745701900265,1291.7988634971857,1315.160888671875,11278987
2024-07-15,1314.5617611447028,1322.2493302322418,1302.8808095322124,1305.3267822265625,11537127
2024-07-16,1305.326795116684,1316.3089323169752,1297.5893802710243,1301.8824462890625,5433264
2024-07-18,1297.8890431781538,1316.4588158830534,1292.397974149323,1307.2738037109375,6787511
2024-07-19,1303.5297937995695,1306.874329397254,1286.1080575380593,1290.2513427734375,4496066
2024-07-22,1281.2660758669613,1290.2514616948122,1276.1244140466054,1280.41748046875,6695557
2024-07-23,1286.4076049249054,1289.00335841064,1248.9685011727254,1261.1986083984375,8789327
2024-07-24,1260.8492917358358,1265.2920169514923,1224.6581555082237,1237.2376708984375,10344860
2024-07-25,1198.0514426854513,1198.0514426854513,1153.6237016858659,1173.9906005859375,32979871
2024-07-26,1163.1081895407196,1181.2287406448913,1153.3740222891986,1175.4381103515625,18554648
2024-07-29,1180.42997752959,1192.6600849625192,1161.760392891013,1168.1500244140625,19598573
2024-07-30,1162.2096539859588,1178.0838591746794,1158.3159626193535,1168.10009765625,18090045
2024-07-31,1155.1211010593768,1169.0983658950133,1152.125972880312,1164.206298828125,17347076
2024-08-01,1166.1032962835773,1173.7408978982073,1163.5573884546725,1170.3963623046875,11190500
2024-08-02,1162.109875166186,1165.9037534043969,1154.2226789585948,1158.9649658203125,10581445
2024-08-05,1140.1454985508794,1149.5801038837508,1122.4742904482669,1131.6593017578125,12013362
2024-08-06,1138.1488152155048,1149.1309529061807,1121.2762338435941,1124.2713623046875,8571122
2024-08-07,1136.9507316574643,1142.940988153295,1125.169845133499,1134.9539794921875,8370312
2024-08-08,1131.260031397282,1140.9443535197308,1124.1715848547658,1136.3018798828125,7903428
2024-08-09,1150.1292660249399,1153.8232088423329,1138.098785283398,1140.894287109375,6262086
2024-08-12,1144.1390911628143,1167.2015563223063,1134.0055486598599,1162.409423828125,9078384
2024-08-13,1159.4640771471145,1177.6844412516205,1153.5237880098216,1157.7169189453125,6180463
2024-08-14,1157.1178601542738,1157.1178601542738,1146.7846922486233,1151.2274169921875,5021841
2024-08-16,1164.5059796712717,1168.1001094798687,1147.733211401699,1164.9552001953125,6107134
2024-08-19,1167.1017440309654,1169.3980579733616,1148.3322232652067,1151.3773193359375,6691823
2024-08-20,1156.1195105983786,1175.0886562817718,1152.774975075986,1166.103271484375,6721749
2024-08-21,1164.705537568418,1176.0870495188233,1159.6138438167345,1172.492919921875,9480630
2024-08-22,1177.7842156313006,1179.0821532872228,1167.051672745748,1168.050048828125,5841326
2024-08-23,1168.0999903470274,1172.0435270356927,1161.6105459562107,1164.0565185546875,5121962
2024-08-26,1169.797287316781,1173.3415714014816,1164.2064052458907,1168.399658203125,3392612
2024-08-27,1168.1000558035714,1182.9259167528153,1162.3593931361609,1179.331787109375,8702113
2024-08-28,1175.088686152465,1179.7810051393292,1167.451084506114,1169.0484619140625,5483503
2024-08-29,1167.1017013718215,1177.9840256136065,1161.5108193923618,1173.4913330078125,7290114
2024-08-30,1175.0887109707376,1181.0290002255358,1169.9470495007388,1173.341552734375,10190506
2024-09-02,1174.090365297038,1192.0611361944418,1172.193426216783,1186.86962890625,6432362
2024-09-03,1186.070787465194,1191.6118234786993,1174.7890889702703,1189.6649169921875,7920246
2024-09-04,1180.7793560492762,1187.7181430165656,1171.3947182758648,1175.7874755859375,6527941
2024-09-05,1180.0805311431025,1180.9291264399822,1171.5443668771184,1178.6329345703125,4234766
2024-09-06,1174.0903974514563,1179.4316856844912,1148.9313662549052,1156.868408203125,9874576
2024-09-09,1156.1195001502876,1173.6908947764286,1143.1406111157853,1168.9486083984375,7700940
2024-09-10,1176.9856459572557,1188.9161919814424,1171.4446096778545,1185.2720947265625,8723854
2024-09-11,1185.2720174237563,1192.9096187070504,1179.0821345601635,1184.173828125,6000329
2024-09-12,1188.1673904951442,1203.7420335200763,1174.8390937297338,1201.3958740234375,7592871
2024-09-13,1207.9352341685171,1217.5695876399766,1199.049662751232,1215.472900390625,6762566
2024-09-16,1220.0155511850453,1231.99606396264,1213.0269187314484,1229.0509033203125,4039284
2024-09-17,1233.1941848876636,1238.5854405295986,1225.6065504411317,1230.0992431640625,8030427
2024-09-18,1229.8996258314878,1248.3695849409576,1223.0108058973215,1238.4356689453125,8210034
2024-09-19,1246.4226697631223,1259.6511538996783,1236.9880637881504,1240.6820068359375,8449864
2024-09-20,1241.9798953627007,1247.970152092746,1227.9028164215117,1242.978271484375,15009629
2024-09-23,1249.4677096230525,1250.4161181847596,1238.5355398977574,1244.775390625,5462814
2024-09-24,1239.0846413870245,1245.0748984127024,1233.3439784040834,1237.5372314453125,9225946
2024-09-25,1235.9895545699358,1268.9359643444172,1229.1007354244925,1266.0406494140625,6853324
2024-09-26,1265.4917041899575,1279.5687831579885,1260.2002619861607,1275.026123046875,7270078
2024-09-27,1270.9328608020694,1279.4690257801735,1255.208436169208,1271.0826416015625,13372027
2024-09-30,1261.448195108826,1272.929520192919,1227.353627115125,1230.198974609375,8466919
2024-10-01,1226.1056776669482,1240.93153854236,1222.6613288324884,1224.6580810546875,11164280
2024-10-03,1205.5391812805995,1217.1702876110573,1171.1950179115215,1173.790771484375,17300892
2024-10-04,1173.5911350580977,1200.8468520222327,1172.093570870444,1176.4864501953125,13064515
2024-10-07,1181.0289881912613,1182.9259272029717,1129.0635840139234,1143.8394775390625,20047013
2024-10-08,1151.1276845041943,1166.4527338133323,1140.644735078961,1151.42724609375,8464570
2024-10-09,1152.1260787102349,1183.0757394034908,1152.1260787102349,1168.2498779296875,9807734
2024-10-10,1175.0886775236831,1189.0659430167432,1173.1418928645546,1182.326904296875,6806243
2024-10-11,1180.5797491543212,1186.2704442280499,1164.1065433521678,1170.5460205078125,4754158
2024-10-14,1169.6476098115127,1173.0919587287326,1154.7218134686907,1162.459228515625,9765296
2024-10-15,1164.2064264310386,1170.0968702032376,1147.6334063981412,1151.976318359375,8741516
2024-10-16,1149.1308918352402,1161.0614374890406,1146.2355767689712,1151.3272705078125,7739854
2024-10-17,1149.1310136899726,1149.480420987831,1122.1748561142738,1130.0120849609375,6595231
2024-10-18,1156.1194862204916,1201.895004543148,1154.1727016376046,1194.9063720703125,20829666
2024-10-21,1194.9064782000012,1212.8274033274415,1183.624900757945,1188.3671875,7456038
2024-10-22,1192.3107800622608,1196.0546908223473,1171.4446930516256,1173.8408203125,7256246
2024-10-23,1173.1917045941498,1181.2286807689004,1156.7684668639306,1158.515625,6501834
2024-10-24,1163.1083080072417,1173.2916968049035,1152.7751384006528,1165.4544677734375,5046700
2024-10-25,1185.07254149195,1199.7985903436822,1168.1001462052077,1187.418701171875,12798716
2024-10-28,1192.061160603629,1192.061160603629,1165.1549712634646,1169.697509765625,8572243
2024-10-29,1174.4896262998118,1189.2655189267314,1155.720107544012,1184.922607421875,9908946
2024-10-30,1176.8358055508825,1185.721377046743,1162.4093199283802,1168.4993896484375,9686560
2024-10-31,1163.6074036054613,1176.0871054888319,1151.9762970757422,1157.6671142578125,8682294
2024-11-01,1162.1598100627925,1170.5960398098143,1162.1098425062892,1167.65087890625,460781
2024-11-04,1170.0968431979647,1175.0387563721924,1133.6061463101485,1137.4000244140625,9288653
2024-11-05,1137.100423556092,1172.9921178913025,1131.609354942301,1169.7972412109375,11701049
2024-11-06,1169.897154934203,1181.6280740310438,1159.5638648703841,1164.605712890625,10353506
2024-11-07,1166.7024259247364,1170.99549241813,1149.1809963928945,1158.0166015625,6252889
2024-11-08,1154.1227842652258,1165.8537035689599,1149.2307169471244,1159.064697265625,3786168
2024-11-11,1150.1292431682323,1174.8890186797137,1141.0938909031916,1169.098388671875,6620678
2024-11-12,1169.7474877488462,1185.072537895656,1151.9264971262662,1156.2694091796875,9606088
2024-11-13,1150.029589746679,1163.6074819353837,1133.2568205375103,1137.30029296875,8079113
2024-11-14,1135.7028687904137,1148.8813855767612,1129.7624574145566,1138.84765625,5975873
2024-11-18,1129.3629741553402,1133.156852012231,1119.7287424706979,1124.37109375,9474971
2024-11-19,1128.1649836941745,1137.150368520057,1120.227942513477,1132.1085205078125,19225966
2024-11-21,1136.1521359437722,1150.1294029940473,1113.938265096014,1137.30029296875,8126248
2024-11-22,1134.804259094338,1146.0359906217202,1125.7190606332729,1140.544921875,16687505
2024-11-25,1158.1163893251894,1162.609082214813,1140.1456177666953,1154.0230712890625,12385823
2024-11-26,1155.2209932897363,1157.71693360964,1140.7945069895281,1142.9410400390625,5127437
2024-11-27,1143.3402343897294,1153.5735891768147,1131.7092505928033,1147.7830810546875,5989943
2024-11-28,1146.6350294369997,1152.5753188902968,1127.5660689944857,1130.6610107421875,10731275
2024-11-29,1131.7094214290682,1139.0474623267583,1125.8688230005273,1134.4549560546875,6406277
2024-12-02,1130.8606604334245,1139.5466064002276,1124.7705900554713,1135.2535400390625,4785858
2024-12-03,1142.5416474793556,1163.0083577848877,1136.1520159851627,1158.615478515625,8382042
2024-12-04,1155.6203539949722,1166.1033032104772,1152.0262243526445,1157.567138671875,18379798
2024-12-05,1162.1098542785676,1174.9889311617428,1148.2324012319225,1164.5059814453125,10640451
2024-12-06,1165.6041034914654,1191.9112895042008,1158.1162826981583,1182.62646484375,7542210
2024-12-09,1182.3268593567407,1184.0740174769637,1159.1146157594899,1161.3609619140625,6308112
2024-12-10,1155.1211468863528,1163.1581232345245,1149.3804843153964,1151.776611328125,4714389
2024-12-11,1148.1324971228753,1156.4689130536558,1142.6913962114295,1145.386962890625,7788242
2024-12-12,1143.1407039727058,1152.6752450559866,1141.742952973343,1143.7896728515625,4825283
2024-12-13,1139.1472304132253,1150.8281830630162,1111.8416660481157,1146.28564453125,8731618
2024-12-16,1144.6382485238657,1153.124445743624,1139.8959618422361,1149.0311279296875,3975202
2024-12-17,1143.3902926303374,1149.9795508853542,1128.1650562517189,1134.4049072265625,7292817
2024-12-18,1134.3549105744767,1138.0489753800873,1114.137793934539,1120.4276123046875,7222127
2024-12-19,1103.1058605329233,1117.232907788727,1099.2621366321944,1107.099365234375,11677610
2024-12-20,1102.1572227344786,1104.0541616573962,1063.2705232390288,1070.109375,12623056
2024-12-23,1073.3541110903145,1081.790462182754,1070.6585443933702,1077.3975830078125,3886921
2024-12-24,1075.550693795779,1082.988547493429,1074.252756029435,1077.1480712890625,4343694
2024-12-26,1081.2413564986148,1090.8257430405286,1071.008001093157,1074.9515380859375,4775460
2024-12-27,1076.3492862446637,1084.4860761153666,1074.2527207366024,1075.7003173828125,3801667
2024-12-30,1072.355687311683,1094.719335130627,1062.2221460639655,1068.21240234375,9452155
2024-12-31,1060.2755024007047,1068.7117323668265,1056.7811857732072,1062.9710693359375,5292136
2025-01-01,1062.4219686475792,1075.2011098143219,1052.23845913699,1070.0595703125,2985355
2025-01-02,1070.259182488381,1086.9320146607752,1065.766490024577,1084.83544921875,6557076
2025-01-03,1084.236495050746,1091.7243161491626,1078.0466116915568,1083.1383056640625,7357220
2025-01-06,1085.9836525482262,1088.2299988761818,1058.1789012632846,1061.6732177734375,5283413
2025-01-07,1062.821318766077,1068.7616077717908,1054.2851544203747,1065.7664794921875,4619462
2025-01-08,1062.0225820719759,1080.5923532571728,1057.380108807656,1073.204345703125,8780098
2025-01-09,1077.8468688369667,1078.3960244691536,1052.538057769639,1060.02587890625,9054190
2025-01-10,1054.5348076351484,1063.1208181441978,1035.316066762271,1039.010009765625,5612886
2025-01-13,1024.9329786295832,1061.2738965451533,1021.5884427467809,1047.59619140625,7180930
2025-01-14,1051.240076562291,1059.2770529988159,1043.8022232895967,1049.9422607421875,6892897
2025-01-15,1041.306335482205,1051.190283846339,1013.0023957042544,1025.1326904296875,11418721
2025-01-16,1032.2211352471902,1044.7506829203899,1025.3822829319104,1036.314453125,10261727
2025-01-17,998.3761525809333,1010.0571657533391,973.0173739309598,989.440673828125,33831617
2025-01-20,990.439061296575,992.5855944235661,974.9143241337787,986.445556640625,33440507
2025-01-21,991.98647607347,992.8351323265008,961.4361915572816,968.62451171875,11894500
2025-01-22,974.165548733293,974.165548733293,952.4508670167169,957.7422485351562,17303146
2025-01-23,952.450837032954,962.1350977728039,946.4605801962688,949.505615234375,24649522
2025-01-24,946.4605287542831,960.2381065426121,944.5635898180176,946.959716796875,14421921
2025-01-27,941.5684832287448,948.2077087224076,931.9840969648512,946.5603637695312,12713296
2025-01-28,958.4411132023487,992.2361218299094,956.6440483023032,982.2024536132812,21781371
2025-01-29,986.3956676832572,987.0446365758884,976.012531017436,981.8031616210938,11175206
2025-01-30,983.0510455309357,989.7900841668027,973.2170044414162,983.1009521484375,10473118
2025-01-31,980.4054003333197,988.3924097046705,976.4618022690061,984.4987182617188,9036312
2025-02-01,987.8931362585447,1003.3180589613612,980.4053156198999,996.5291137695312,4830391
2025-02-03,985.4970820817739,998.8753469855333,981.753171485876,987.7933959960938,7124605
2025-02-04,992.385906066695,1015.4483710586156,986.1959616686072,1013.6513061523438,16058171
2025-02-05,1018.9426747263542,1020.3903323316467,1008.8590999817069,1011.654541015625,7858373
2025-02-06,1010.3566568712627,1020.1906375069063,1008.4098112049047,1019.0425415039062,5815563
2025-02-07,1017.8445057093887,1025.6817342725071,1006.0137724647228,1022.43701171875,8638651
2025-02-10,1019.3420349226665,1025.082697705042,1004.5660802961088,1010.1070556640625,3960565
2025-02-11,1007.3615376254405,1014.6995779700981,1000.9719058765897,1005.76416015625,4808215
2025-02-12,998.3761339148515,1009.008864115462,982.4021157722138,1005.2649536132812,7669283
2025-02-13,1001.3712372223157,1015.7977841830659,999.4243916227608,1006.5628051757812,6348246
2025-02-14,1008.9089842755058,1014.3501463619988,986.0462074988543,995.8801879882812,5375755
2025-02-17,990.8383973867473,998.0267176735445,976.4617568131531,991.3375854492188,7166803
2025-02-18,991.3375809994877,995.7303993678929,984.9479494541168,992.53564453125,3090004
2025-02-19,990.0397410803987,1011.804329129352,986.5454245287212,1009.7077026367188,6401381
2025-02-20,1006.7625199634393,1017.9942514939594,1004.8655809305341,1015.5482177734375,5011212
2025-02-21,1010.3566194091612,1020.2405672343198,999.0250749789396,1007.3115844726562,5019937
2025-02-24,999.7239055887297,1011.3550117867557,996.9284646337834,1008.4097900390625,4265454
2025-02-25,1002.3696099471763,1012.0538703579778,995.4807904446366,1007.4613037109375,5708975
2025-02-27,1006.0137195509107,1021.8878632634938,1003.5177792562238,1015.0490112304688,9777690
2025-02-28,1013.152096799687,1033.8184951280357,1008.3099968849968,1013.90087890625,15026849
2025-03-03,1015.3983923638058,1017.7446127420518,990.3890834419211,1005.6143188476562,6763184
2025-03-04,999.4742812867012,1009.4580422063008,996.9783410568012,1000.1731567382812,5786420
2025-03-05,1001.3713148547035,1015.747956311782,1000.9220333836612,1012.802734375,5133873
2025-03-06,1020.9394503749928,1037.812032077071,1013.5015966332338,1032.4207763671875,7861120
2025-03-07,1032.021307173322,1048.6442933123737,1029.0261789274416,1035.9649658203125,7597321
2025-03-10,1034.3177495553393,1048.7942045442894,1030.6736520285292,1034.16796875,5995655
2025-03-11,1028.7267836644776,1035.1164152394542,1019.4418369523306,1023.9844970703125,4771085
2025-03-12,1023.535188677738,1028.1278165033088,997.5774694995702,1009.5579833984375,7504702
2025-03-13,1013.3517635093752,1014.3501396310593,1003.4678155302854,1008.5595703125,4004140
2025-03-17,1009.4580844924919,1037.312802999425,1009.4580844924919,1032.470703125,5938668
2025-03-18,1032.470703125,1032.470703125,1032.470703125,1032.470703125,0
2025-03-19,1046.0984546003142,1056.830996939409,1041.8053889158466,1050.341552734375,4822365
2025-03-20,1054.5347563485304,1057.1804773897622,1045.1999641815423,1052.6378173828125,3742644
2025-03-21,1052.637839967216,1073.8034868790976,1048.8440838264673,1068.4122314453125,6848565
2025-03-24,1080.2429024147984,1103.1555843595158,1071.9563323258167,1096.067138671875,8284863
2025-03-25,1108.1476316970598,1121.6756781665542,1094.569739540046,1116.7337646484375,11720528
2025-03-26,1113.1894013460305,1117.0331251287269,1087.281589139772,1094.4698486328125,7127060
2025-03-27,1090.226742151285,1106.2007603513039,1086.333050840613,1096.56640625,8508917
2025-03-28,1096.6163196755733,1105.2023296598516,1084.7356198513357,1100.21044921875,4921190
2025-04-01,1091.4247928076945,1099.46176981717,1068.2625141469891,1083.837158203125,6638140
2025-04-02,1089.9271919160412,1093.8208832672776,1078.995021845347,1082.68896484375,4065344
2025-04-03,1077.148030327788,1090.1767656925256,1073.5539006365532,1088.0802001953125,5345660
2025-04-04,1079.7438189672625,1100.110717042034,1073.7035944396453,1089.5279541015625,6059991
2025-04-07,1033.3192474005818,1067.2640342717123,1030.6735264023866,1046.2481689453125,9720457
2025-04-08,1059.2771173398287,1083.1881778843842,1058.5783027690252,1076.0997314453125,8723357
2025-04-09,1071.357383142649,1080.0931741367542,1056.2819282015244,1059.926025390625,6690201
2025-04-11,1061.5733837128932,1070.958021801289,1055.8327209873753,1067.214111328125,8144072
2025-04-15,1088.2300167462733,1115.186173124392,1081.2413836112057,1110.9930419921875,9320299
2025-04-16,1120.8768885930303,1161.6106854878976,1110.7933135489463,1159.414306640625,12836428
2025-04-17,1153.7234204439198,1197.2525949221158,1151.7266682029742,1188.8663330078125,13446336
2025-04-21,1200.0481388219926,1236.688494977289,1196.1544474414134,1221.0140380859375,15166580
2025-04-22,1228.4019873709017,1232.9944930922131,1210.1316558499327,1214.8240966796875,8461710
2025-04-23,1223.3103308638504,1228.0026499644732,1192.959671888685,1204.940185546875,9433911
2025-04-24,1197.1528829388074,1218.0189699959437,1197.1528829388074,1205.139892578125,9078137
2025-04-25,1175.088703760494,1177.9840189088325,1144.1390437634036,1164.4061279296875,17243807
2025-04-28,1164.4061903446627,1194.0579142147026,1162.4094379797552,1190.8631591796875,5523502
2025-04-29,1192.061141874012,1208.03516052559,1182.4767550574834,1185.3720703125,6074520
2025-04-30,1183.1754968297632,1191.9612552964234,1173.0919225507648,1183.07568359375,6288257
2025-05-02,1180.1803338380926,1208.5342387414275,1178.1835816881687,1181.478271484375,5249372
2025-05-05,1188.0676909669005,1188.0676909669005,1162.4094710956974,1171.294921875,7236056
2025-05-06,1176.0870571311964,1176.8858067677252,1155.819973357097,1159.5140380859375,5348267
2025-05-07,1157.1179926776738,1166.702379631733,1151.0279223537887,1159.414306640625,4263817
2025-05-08,1168.1001299431346,1177.0855155580816,1163.7072503791862,1170.2965087890625,9912347
2025-05-09,1158.1162846211869,1170.2964243830247,1146.6349593857183,1149.230712890625,5379571
2025-05-12,1183.0756178401653,1207.0366430116117,1173.291483812994,1201.04638671875,7616208
2025-05-13,1203.2428820800658,1212.8273905767053,1188.0676134138669,1191.6617431640625,5569926
2025-05-14,1193.958090664265,1197.4524072726892,1183.9743289259102,1193.5587158203125,4084921
2025-05-15,1195.05626945808,1215.023792757296,1183.0757554785503,1207.1365966796875,6705748
2025-05-16,1204.0416561895038,1211.3298509501008,1201.2461541758826,1206.837158203125,4016269
2025-05-19,1206.038431240256,1217.0205692730729,1199.1496111907068,1200.846923828125,4550022
2025-05-20,1206.0384169283893,1208.7339838465284,1190.9629610912027,1193.8582763671875,4724482
2025-05-21,1195.1560440526246,1202.9434266363357,1180.7794033676655,1195.85498046875,3712472
2025-05-22,1194.7567041377135,1194.7567041377135,1175.587930579019,1186.570068359375,4795583
2025-05-23,1186.5701083178596,1211.1301383520395,1186.1707334652522,1208.135009765625,3676469
2025-05-26,1214.2249385790394,1222.2119472113557,1206.737117986243,1213.2265625,3607612
2025-05-27,1213.2265945574386,1214.7241587155684,1188.4669402662748,1193.658447265625,7249163
2025-05-28,1193.6584505670924,1200.2477085066719,1189.7647593707686,1192.7598876953125,3525421
2025-05-29,1198.051344500375,1207.036729584128,1187.0692071757885,1199.74853515625,7788068
2025-05-30,1199.4491721040765,1206.8371802417707,1187.6682843813674,1190.2640380859375,9998488
2025-06-02,1187.8679434907856,1198.9498939286364,1177.285059235458,1192.46044921875,3761853
2025-06-03,1193.0594989197061,1196.953190278046,1172.9921626846794,1179.5814208984375,8155665
2025-06-04,1179.8808990754092,1189.3654718272305,1166.7022617075252,1169.098388671875,4306355
2025-06-05,1170.5959975050891,1173.5911258569147,1155.1211676873247,1157.117919921875,10481600
2025-06-06,1157.0181754924818,1199.2494146414624,1149.3306058090322,1192.66015625,14715421
2025-06-09,1210.5310596341333,1222.5115732140175,1204.2412412558594,1217.9190673828125,9138108
2025-06-10,1222.4117121508891,1233.893037215761,1216.4214555953035,1230.798095703125,7747558
2025-06-11,1230.59839323194,1239.7835267494627,1226.1057006477856,1229.400390625,4135775
2025-06-12,1229.0010033134809,1235.0910732690493,1208.8338544449855,1210.930419921875,3461744
2025-06-13,1196.0546580988657,1209.7323629526622,1193.6585309035481,1203.842041015625,3906868
2025-06-16,1204.141444699681,1216.0221452054159,1194.0578700046613,1213.4263916015625,5697424
2025-06-17,1213.4263926474275,1225.0075315706626,1209.333074821813,1213.1268310546875,4492946
2025-06-18,1207.8355693502274,1221.3136479815041,1201.9451254258431,1219.017333984375,3135662
2025-06-19,1216.0221372882443,1225.8062721991687,1211.8290062533267,1215.52294921875,4243763
2025-06-20,1215.5230183598476,1224.0092160239617,1212.2283281649422,1218.7177734375,4652390
2025-06-23,1210.6308537948642,1220.9141765377137,1203.6422209833972,1212.12841796875,2312469
2025-06-24,1220.9142315421007,1236.3890620360896,1213.6260368186765,1219.2169189453125,6745788
2025-06-25,1224.3086005822797,1224.3086005822797,1209.0333982470088,1211.3297119140625,4229259
2025-06-26,1213.2266164347136,1236.9880169210137,1209.233111941022,1231.4969482421875,8678448
2025-06-27,1234.8914830095598,1244.975057739528,1218.4182765518997,1223.110595703125,6068274
2025-06-30,1226.9044065990563,1233.9928524938196,1191.1624936760497,1197.2525634765625,6559872
2025-07-01,1200.048121898433,1200.048121898433,1165.1049569513073,1171.394775390625,8702198
2025-07-02,1178.0837984150073,1179.9807373800923,1170.0967896121938,1173.3914794921875,5471100
2025-07-03,1176.0870617453147,1179.0821900859225,1166.1033006099556,1169.1982421875,6237185
2025-07-04,1173.095303475241,1178.5910651184386,1161.104550799174,1176.6925048828125,3926186
2025-07-07,1176.6925315385822,1176.6925315385822,1166.700237415503,1174.1944580078125,5783402
2025-07-08,1179.090677793982,1179.090677793982,1161.0046502671364,1164.501953125,9973619
2025-07-09,1159.1060390377668,1170.0975618217456,1157.7070935609217,1163.8023681640625,8674795
2025-07-10,1169.1982893297397,1175.6932803896598,1162.1037850287682,1163.40283203125,4339755
2025-07-11,1161.1045522095474,1174.9938651381117,1159.7056066670582,1172.8955078125,4468654
2025-07-14,1178.091458637763,1178.9907894899875,1162.1037882915339,1171.7962646484375,4772502
2025-07-15,1173.0953206939591,1178.091467715654,1161.4043854536912,1165.0015869140625,4776756
2025-07-16,1164.002330953665,1173.0952939304498,1156.2082929871394,1167.4996337890625,4388279
2025-07-17,1169.098340588998,1171.9961301019453,1153.9101032453461,1158.90625,5694428
2025-07-18,1089.1599990494663,1115.0400637891007,1085.1630816217619,1098.452880859375,38053695
2025-07-21,1085.163068778452,1100.6511236274998,1071.0739594077916,1098.7525634765625,15905500
2025-07-22,1101.1507259292464,1109.7440738053162,1094.1561205921278,1097.15380859375,9999957
2025-07-23,1098.6526441789765,1109.6441667673976,1097.2536987270212,1103.9486083984375,6633979
2025-07-24,1103.149269668163,1104.1484990790943,1088.560544663815,1094.256103515625,9901209
2025-07-25,1085.262939453125,1100.151480708091,1075.37054479538,1085.262939453125,11779887
2025-07-28,1080.06700589857,1091.3582241283038,1066.5774099597274,1072.7725830078125,9029557
2025-07-29,1070.0747930042048,1077.8687091686768,1054.5867372441537,1063.3798828125,15599773
2025-07-30,1069.675009445578,1079.767201393535,1061.181560047832,1072.472900390625,8247433
2025-07-31,1065.1784853249985,1080.466743145018,1063.080128088743,1067.57666015625,7634413
2025-08-01,1064.1792707746743,1070.0747484070778,1059.1831239635255,1061.581298828125,5545447
2025-08-04,1063.5797746594428,1069.1754347826832,1058.183911621366,1067.7764892578125,4465845
2025-08-05,1067.1769625013424,1079.0678163476823,1061.6812009903335,1069.974853515625,5318081
2025-08-06,1073.1723708037903,1076.8694707767693,1064.7788194860536,1070.1746826171875,4216651
2025-08-07,1066.977176292842,1078.8679082841259,1063.6796705621337,1075.37060546875,5321131
2025-08-08,1072.1730875391024,1079.5674090897921,1053.3875270564029,1057.2845458984375,5084903
2025-08-11,1057.2845412230301,1074.5712576112912,1051.7887798480178,1072.472900390625,5452775
2025-08-12,1070.274542939649,1075.7703044188218,1065.478315198115,1069.1754150390625,4573025
2025-08-13,1070.2745119894926,1071.9732750378564,1062.3805758797093,1065.178466796875,4966778
2025-08-14,1066.1776825929462,1071.5735453068455,1061.1815360016017,1067.376708984375,6761305
2025-08-18,1079.1677749702633,1089.1600691829508,1078.5682617127516,1081.7657470703125,7964987
2025-08-19,1077.1692902994891,1094.1561900537483,1074.9710344159066,1082.365234375,5661531
2025-08-20,1080.1669860248583,1082.8648566259114,1076.969500721666,1079.3675537109375,3034728
2025-08-21,1089.1600252490596,1089.1600252490596,1075.570530063219,1078.068603515625,6459262
2025-08-22,1075.1707521863284,1077.6688254953115,1068.6757615829724,1070.07470703125,3853718
2025-08-25,1072.1731031186114,1073.6719471583856,1067.3767534008373,1069.1754150390625,2711278
2025-08-26,1067.1770021897328,1068.9756639052698,1047.1924141337454,1049.290771484375,7197666
2025-08-28,1056.1854006509102,1058.6834739731687,1046.193107361876,1051.08935546875,8564803
2025-08-29,1051.2892385789264,1062.1808635505645,1041.6966606316682,1044.39453125,4718016
2025-09-01,1046.792693797241,1063.1800803329604,1046.792693797241,1060.6820068359375,3190426
2025-09-02,1060.6819506517852,1064.0793548230254,1048.1915838282832,1055.385986328125,4933541
2025-09-03,1055.3860511421183,1064.079420170901,1044.1947305714677,1053.88720703125,8303296
2025-09-04,1057.3844922319947,1061.3814097939771,1046.4929894565873,1049.590576171875,8088417
2025-09-05,1055.7857154711764,1057.1846609678942,1046.9925703048245,1055.0863037109375,2849589
2025-09-08,1055.0863616682946,1062.1808661059258,1053.1878013881899,1054.6866455078125,2260147
2025-09-09,1056.6850022541591,1058.1838462289877,1047.891735478004,1051.3890380859375,4310419
2025-09-10,1057.1846182048694,1073.2721858257835,1054.2868287880779,1069.2752685546875,5241075
2025-09-11,1068.176167416612,1092.1576716429909,1068.176167416612,1086.56201171875,5227539
2025-09-12,1087.5612418866979,1107.8455243744909,1087.5612418866979,1104.4482421875,6014850
2025-09-15,1104.1484634272642,1109.1446103206003,1099.1523165339283,1103.5489501953125,3881807
2025-09-16,1104.847882034871,1126.2314152658462,1103.1492408711283,1120.3359375,7965606
2025-09-17,1120.435994746524,1127.6303977627526,1115.2399285892504,1125.13232421875,5590739
2025-09-18,1128.129913734106,1133.5257765121382,1120.3358761684776,1132.1268310546875,5713032
2025-09-19,1132.1268686542164,1143.2182901919443,1125.731776333649,1135.024658203125,8910732
2025-09-22,1135.124515662792,1146.715551462693,1130.3281661018914,1143.51806640625,7689900
2025-09-23,1145.1168893049187,1171.896285943036,1141.020073171241,1169.8978271484375,16079093
2025-09-24,1167.0999210108505,1171.8962708465979,1153.110709628871,1158.0069580078125,12812055
2025-09-25,1153.8100741514515,1170.8969935063292,1152.5111491906418,1165.700927734375,11188302
2025-09-26,1160.704836753473,1168.798570429251,1147.1153414245289,1153.1107177734375,5618932
2025-09-29,1154.5095860957442,1157.4073755324762,1125.8316312925506,1131.327392578125,9693881
2025-09-30,1129.129162712632,1136.1237681453651,1124.5327321092266,1130.7279052734375,8165203
2025-10-01,1131.6272525367885,1163.9024097219321,1130.1284084936935,1158.6064453125,9655009
2025-10-03,1170.0975504074936,1187.0844490897546,1168.5987064061178,1180.08984375,11095015
2025-10-06,1184.086852097852,1214.263531521155,1181.1890624105488,1211.865478515625,20128505
2025-10-07,1211.0660300798188,1211.0660300798188,1183.0876069426613,1185.885498046875,8620156
2025-10-08,1179.1905708552174,1193.879315975699,1173.195194555325,1179.690185546875,5160430
2025-10-09,1177.092172913211,1186.3850546477581,1162.2036312205041,1166.5003662109375,7194651
2025-10-10,1167.099888033273,1190.7815749845481,1164.301997045437,1179.4903564453125,6933035
2025-10-13,1170.0975857557814,1192.6801449968107,1166.600282980252,1188.6832275390625,4138448
2025-10-14,1190.881629244145,1190.881629244145,1165.7009755688605,1175.8931884765625,5742538
2025-10-15,1179.0906179006056,1180.7892589833573,1163.1029485053432,1168.6986083984375,6328142
2025-10-16,1215.4626602690012,1215.9622749664172,1184.386650484972,1195.378173828125,17747171
2025-10-17,1195.378127506221,1211.9653104224176,1190.681676346755,1199.2750244140625,6404414
2025-10-20,1206.9691490495477,1230.7507342517279,1206.0698182446727,1225.05517578125,7418616
2025-10-21,1224.8554197755107,1237.8454016834933,1221.0582993503724,1236.3465576171875,1940248
2025-10-23,1245.0397715691,1275.1165506443417,1240.3434424090542,1257.8299560546875,14611221
2025-10-24,1253.2334413696176,1255.0321030466466,1239.1443314870335,1240.9429931640625,4882046
2025-10-27,1242.441839313446,1257.5301786026632,1241.6424070164871,1253.133544921875,6185072
2025-10-28,1248.0374700896894,1257.9298651445754,1235.6470016359046,1245.339599609375,8146777
2025-10-29,1245.9390863463195,1250.0359022381838,1238.244947255514,1247.837646484375,4578825
2025-10-30,1242.042141558398,1247.0382885477723,1234.0483063753995,1237.6455078125,4017532
2025-10-31,1242.0420660340162,1244.4402408383398,1230.0513139886355,1231.8499755859375,4106607
2025-11-03,1225.0552499537425,1240.043691021692,1221.35814994748,1232.749267578125,6118907
2025-11-04,1229.1519657161218,1234.947544579493,1221.8576648446217,1225.6546630859375,3299345
2025-11-06,1224.0559200275998,1238.6446437404365,1224.0559200275998,1227.55322265625,3733721
2025-11-07,1226.0543803853739,1227.8530419588296,1216.0620871466992,1221.857666015625,3461466
2025-11-10,1221.0582806000282,1231.8500065022106,1214.5632897457729,1216.0621337890625,4140568
2025-11-11,1217.1612278614307,1224.0559346641744,1208.467981442474,1221.557861328125,5615453
2025-11-12,1226.9537631333974,1231.7499909053392,1215.562523963644,1220.6585693359375,6782513
2025-11-13,1218.0605641936236,1233.8484365397046,1212.264985237154,1224.2557373046875,3345231
2025-11-14,1223.056775575948,1245.039822195777,1221.058316792327,1240.6431884765625,5197740
2025-11-17,1242.9414044247746,1260.028201798564,1239.44410172351,1248.636962890625,4088026
2025-11-18,1249.0367693639987,1272.5186606280417,1246.6385943715704,1264.4249267578125,10175969
2025-11-19,1267.0228456161299,1272.0189924837014,1256.8307547967806,1269.4210205078125,4101288
2025-11-20,1274.017503489148,1286.3080740780129,1261.6270343540828,1284.2095947265625,4617594
2025-11-21,1283.0105266743428,1283.5101413654154,1272.0190034707464,1274.81689453125,6363593
2025-11-24,1278.2141857045526,1289.9052427423878,1265.623919797552,1268.0220947265625,10491953
2025-11-25,1268.1219878416657,1275.7161067708207,1262.7261247685515,1265.32421875,5290156
2025-11-26,1270.9198641332523,1291.8037824278044,1268.3218921582525,1289.2056884765625,4842021
2025-11-27,1296.0004592453204,1302.9950646537377,1280.0127897403665,1286.3079833984375,5924706
2025-11-28,1286.3079857267776,1288.0066268242583,1274.0174159821017,1278.7137451171875,3093636
2025-12-01,1287.0074895694327,1288.0067189868003,1267.522515930765,1274.7169189453125,4098016
2025-12-02,1269.7206814849603,1280.012792541795,1254.1327280787623,1257.030517578125,8115347
2025-12-03,1254.0328509120545,1271.9190809099528,1254.0328509120545,1269.720703125,3582794
2025-12-04,1269.7206681913929,1281.8114407353803,1268.421743240615,1279.0135498046875,3216108
2025-12-05,1274.2172952640824,1284.0097922758284,1266.3234805034615,1281.51171875,2728214
2025-12-08,1283.0105727184648,1287.806922715388,1264.1251123229204,1272.8184814453125,2969478
2025-12-09,1271.0197291988948,1280.4125094545745,1262.22646215608,1274.916748046875,4239279
2025-12-10,1272.0189640520778,1283.010486915057,1267.3226348920275,1277.6146240234375,2928746
2025-12-11,1276.4155672355312,1281.0119977463942,1270.020475144826,1271.7191162109375,2017404
2025-12-12,1277.0151531013842,1290.0051350969381,1276.9152545582056,1285.10888671875,2281078
2025-12-15,1284.009733605876,1289.4055965703628,1279.0135867825068,1283.8099365234375,1634472
2025-12-16,1276.1158469576924,1276.6154616594986,1215.9622856507456,1218.66015625,11542048
2025-12-17,1219.6592876851394,1235.0474436599686,1219.3595920738758,1223.756103515625,5147181
2025-12-18,1225.1550731667012,1237.5455414162577,1219.259595647226,1228.852294921875,3441592
2025-12-19,1235.746885956047,1240.5432356172332,1228.152767306034,1229.651611328125,5055047
2025-12-22,1234.0482954798545,1235.946855714303,1225.8546632801215,1232.2496337890625,2405809
2025-12-23,1238.045242047991,1238.045242047991,1222.5571861547353,1224.0560302734375,2920318
2025-12-24,1229.0520802122269,1234.447943008406,1223.756115954151,1225.35498046875,3155506
2025-12-26,1224.0559328937265,1228.9521810205488,1221.058244894803,1227.25341796875,1665983
2025-12-29,1227.2534168570169,1232.949097235554,1218.0605557924741,1231.050537109375,2209655
2025-12-30,1232.0498131128988,1251.1350696831464,1231.0505837429776,1245.039794921875,5673233
2025-12-31,1245.0397618984655,1270.5201101556172,1244.0405325550478,1268.4217529296875,3711090
2026-01-01,1269.021335005127,1278.214196672934,1262.8261615302456,1273.41796875,2022412
2026-01-02,1272.918311604941,1280.8122479783322,1263.3257341026986,1265.9237060546875,5860547
2026-01-05,1273.2180455456032,1288.7061011587011,1269.0213308796485,1284.8092041015625,6177100
2026-01-06,1303.5945822822944,1303.5945822822944,1284.409427601834,1292.802978515625,6751769
2026-01-07,1292.0036354433014,1297.999011941878,1283.0105706954362,1294.501708984375,5440002
2026-01-08,1290.1049625392075,1302.1956130273209,1282.810661621765,1285.808349609375,3949654
2026-01-09,1285.8084190520194,1294.3018688089537,1269.1212151673558,1271.019775390625,5531427
2026-01-12,1273.7176322643472,1278.613880584573,1265.5240002008,1273.218017578125,6489750
2026-01-13,1273.018218268683,1283.0105119756586,1257.729960106514,1261.0274658203125,5163166
2026-01-14,1254.0328977976028,1306.9920560312862,1252.5340536966494,1297.7991943359375,7776704
2026-01-15,1297.7991943359375,1297.7991943359375,1297.7991943359375,1297.7991943359375,0
2026-01-16,1297.7991895256325,1307.9912805838399,1285.5086191528724,1293.20263671875,5175495
2026-01-19,1305.992816944013,1325.9774048084967,1296.1004215558446,1306.492431640625,8833223
2026-01-20,1305.0934393364212,1309.889789042553,1289.0058710771407,1292.503173828125,6268527
2026-01-21,1289.005835224937,1296.699852272607,1266.423276770507,1283.9097900390625,3854702
2026-01-22,1289.0058962937878,1297.8990621440864,1280.4125480470777,1293.80224609375,5949677
2026-01-23,1296.0004620817394,1297.9989207742324,1247.03822411566,1257.030517578125,8885549
2026-01-27,1287.8068186364756,1332.172503629323,1277.4148091338427,1314.7860107421875,22715357
2026-01-28,1346.96117816438,1368.344710877668,1309.1902595410845,1318.782958984375,15426403
2026-01-29,1316.9843142731056,1365.9465535746094,1304.9935617911046,1362.6490478515625,16107684
2026-01-30,1350.9581487855723,1377.6375249747894,1350.9581487855723,1369.343994140625,14758482
2026-02-02,1337.9681888395623,1351.657583056608,1301.8960312952238,1310.4893798828125,8647298
2026-02-03,1401.9187671636068,1417.2070248903838,1344.4630799847705,1355.15478515625,10384723
2026-02-04,1368.6444460360808,1368.8443650997315,1335.5699776381928,1337.6683349609375,6672251
2026-02-05,1338.9673655022464,1338.9673655022464,1316.38480597186,1329.5745849609375,3766488
2026-02-06,1323.978857614386,1345.3623895967637,1323.6790400259413,1340.5660400390625,5876574
2026-02-09,1348.9596813977641,1348.9596813977641,1329.6745053102466,1340.3663330078125,4077536
2026-02-10,1351.5576029795986,1359.0518231520896,1342.2648431514538,1355.6544189453125,5478998
2026-02-11,1356.9535467798464,1358.9520056116282,1343.7637672805854,1346.2618408203125,3866272
2026-02-12,1346.8613439479982,1356.6537189643552,1335.1702866842277,1338.9674072265625,4152620
2026-02-13,1340.2663796042373,1345.4623234479259,1315.0857267297542,1331.2733154296875,4624549
2026-02-16,1322.9796798725715,1360.8504972188548,1322.9796798725715,1357.2532958984375,5082167
2026-02-17,1357.2533026228227,1359.851274590649,1349.3593662013097,1356.154052734375,4513065
2026-02-18,1361.9496315905558,1377.4376868287463,1352.7567701751589,1375.9388427734375,5556076
2026-02-19,1380.0356854729655,1381.7344486208985,1349.9589052436156,1355.5545654296875,2744704
2026-02-20,1349.95888845452,1375.439237570427,1349.95888845452,1367.24560546875,3791536
2026-02-23,1379.4361742227843,1400.9196061284633,1379.1363566149982,1385.63134765625,6160153
2026-02-24,1396.9226494184725,1396.9226494184725,1382.4338236555484,1386.5306396484375,7888492
2026-02-25,1392.9257588022874,1403.2178702295591,1386.5306663608878,1401.9188232421875,4379373
2026-02-26,1401.918780685966,1404.616651145543,1384.9318817040264,1394.424560546875,8979547
2026-02-27,1385.9310826257845,1394.4245319425252,1379.935706637497,1382.83349609375,5840317
2026-03-02,1368.0449464468218,1383.6329006836204,1352.5568907547233,1371.2425537109375,5132511
2026-03-04,1343.4638586340375,1356.5537387000065,1325.977345040809,1350.2586669921875,5832353
2026-03-05,1353.8558818023537,1354.7552126199696,1334.2710107771431,1348.060302734375,6057499
2026-03-06,1345.9619172738485,1346.8612480726197,1312.4877344760207,1314.7860107421875,11629935
2026-03-09,1281.21185421577,1290.005121495157,1259.8284431987802,1287.3072509765625,7926265
2026-03-10,1294.2017954025807,1318.483117211831,1283.609988769071,1313.686767578125,6289277
2026-03-11,1308.9904577529614,1316.4846779309364,1251.7345668027367,1254.832275390625,6859908
2026-03-12,1242.2419531270289,1250.1358898575004,1230.8508354394771,1233.5487060546875,9663320
2026-03-13,1223.0566935167647,1233.548601426835,1193.3796313616317,1196.3773193359375,9098187
2026-03-16,1198.2758601545113,1218.9599821354238,1179.1906028112269,1213.763916015625,8743794
2026-03-17,1218.7600133529452,1231.3504009913356,1209.0675372579854,1227.153564453125,5707317
2026-03-18,1227.0537204854681,1259.0290617359037,1223.25659992148,1252.2342529296875,6018952
2026-03-19,1220.0590351044686,1240.543236758557,1201.0736774738505,1206.06982421875,8264698
2026-03-20,1207.6686193933658,1230.850814485364,1198.7754534047704,1202.9722900390625,7518686
2026-03-23,1180.0898858184764,1184.1867018397022,1164.1022159005292,1169.6978759765625,6697446
2026-03-24,1186.0852033826384,1201.8730754363555,1168.698588811437,1191.78076171875,8274701
2026-03-25,1199.0752581820623,1238.0452040729795,1197.0767994184255,1221.158203125,9645791
2026-03-27,1208.5679755024764,1212.5648931560606,1201.0737549020064,1204.271240234375,9479301
2026-03-30,1184.1867379087505,1187.883959875634,1153.0108294096656,1160.4051513671875,18534887
2026-04-01,1174.0945147139696,1207.0690840633831,1174.0945147139696,1192.1805419921875,6595695
2026-04-02,1173.694834782652,1201.3735624884298,1149.4136334255566,1196.9769287109375,9501543
2026-04-06,1201.1735518383607,1248.8368640111612,1195.4779934543012,1244.34033203125,7847086
2026-04-07,1236.846148755743,1254.5324596108962,1220.0590467422576,1249.1365966796875,9248545
2026-04-08,1299.0981069582683,1334.5707503418926,1299.0981069582683,1331.9727783203125,13519723
2026-04-09,1321.281007006804,1337.5683720869056,1311.788328262907,1317.48388671875,6542529
2026-04-10,1327.775987854385,1357.552948822845,1325.077995466752,1349.759033203125,6755589
2026-04-13,1316.9843426965365,1365.846684510496,1314.286472120357,1352.556884765625,8974851
2026-04-15,1365.946582373461,1383.4330967783883,1347.9604532712501,1354.4554443359375,6789879
2026-04-16,1360.950405135781,1363.448478566647,1341.9650470611996,1348.5599365234375,5232398
2026-04-17,1351.957337543237,1363.248678214176,1343.0641717554277,1358.0526123046875,4062181
2026-04-20,1358.4523557219322,1372.941181877113,1346.9612177367892,1353.656005859375,4878641
2026-04-21,1359.9512233524406,1379.236399704072,1353.656029295873,1376.6383056640625,5145338
2026-04-22,1368.944287324286,1389.928104867213,1364.947369697062,1378.536865234375,3997911
2026-04-23,1367.945042422019,1383.1332804429271,1364.347840993514,1368.5445556640625,5671255
2026-04-24,1367.9449987412254,1373.9403749227063,1348.9596408332025,1364.847412109375,3648313
2026-04-27,1323.9788756219436,1326.2771518946506,1298.8982435808812,1323.179443359375,10768267
2026-04-28,1310.9889903752908,1320.3817712564608,1284.5094109203021,1288.0067138671875,9939787
2026-04-29,1294.0020554402972,1308.1910639372534,1278.014385257251,1295.4010009765625,6228275
2026-04-30,1287.0074012162179,1287.0074012162179,1256.3311089994636,1267.3226318359375,16481853
2026-05-01,1267.3226318359375,1267.3226318359375,1267.3226318359375,1267.3226318359375,0
2026-05-04,1267.3226232305547,1293.4024846611255,1263.525502940515,1274.1173095703125,9759479
2026-05-05,1267.0229010000714,1272.7184598875697,1251.0352303249917,1258.729248046875,10163714
2026-05-06,1274.0174810881558,1299.9974454083847,1254.2326902384063,1293.20263671875,7277673
2026-05-07,1297.9989290636138,1307.0918917772797,1280.212597796342,1291.7037353515625,6785048
2026-05-08,1279.0135664260551,1281.0120251235958,1263.625410059744,1267.3226318359375,6358595
2026-05-11,1257.7299630241207,1282.011285578894,1250.735357413012,1271.319580078125,7341360
2026-05-12,1269.421017563825,1273.0182189048855,1255.9314210526663,1259.12890625,5727828
2026-05-13,1255.1320159570741,1274.3172934854406,1246.538667573858,1254.7322998046875,6045406
2026-05-14,1255.631637507536,1268.022106441695,1234.8477392086593,1253.6331787109375,5822618
2026-05-15,1258.6293424179842,1262.4264629724478,1241.0429291696062,1243.8408203125,4805485
2026-05-18,1238.0451728188796,1241.0428608886589,1221.1581722972078,1236.946044921875,6052023
2026-05-19,1237.5456222864914,1248.8369633917555,1230.351219336608,1237.3458251953125,9200314
2026-05-20,1233.0490412431207,1253.1335271630967,1225.6547195178894,1248.8369140625,3562641
2026-05-21,1255.9314298819743,1261.726887089914,1243.8407788007414,1252.334228515625,5171528
2026-05-22,1253.1334965544734,1287.8068279947058,1253.1334965544734,1284.409423828125,5016900
2026-05-25,1299.39784951034,1313.4869587156177,1292.9028588434312,1310.189453125,5671455
2026-05-26,1308.7907369859347,1315.985139985791,1290.50478989495,1298.298828125,6455265
2026-05-27,1295.3010549602839,1313.4869803364859,1292.103447855121,1303.094970703125,7243174
2026-05-28,1303.094970703125,1303.094970703125,1303.094970703125,1303.094970703125,0
2026-05-29,1295.1011997994176,1311.5884848848368,1276.4156588264402,1285.6085205078125,15215715
2026-06-01,1288.0066280954209,1292.2033425617142,1266.0235824646225,1274.916748046875,4311076
2026-06-02,1262.0267183828762,1274.8169033533427,1243.9406908361375,1250.1358642578125,11884695
2026-06-03,1244.1404736967706,1263.8253656219047,1229.3519520935338,1254.232666015625,7953326
2026-06-04,1245.0398052641103,1258.929118016639,1243.1412450502407,1252.334228515625,6392593
2026-06-05,1259.0290099995375,1275.0166799677856,1251.1350735574667,1271.319580078125,7825303
2026-06-08,1261.0274061863013,1278.2141017590434,1261.0274061863013,1267.1226806640625,5034388
2026-06-09,1274.916768250008,1297.3994289105083,1270.520134658929,1291.404052734375,7533504
2026-06-10,1282.5109488108894,1325.477813476934,1282.5109488108894,1313.487060546875,12262606
2026-06-11,1307.7914623726329,1338.4677555724868,1306.2926183014429,1316.284912109375,8196686
2026-06-12,1330.9735596234657,1357.4531387000588,1317.4839627353902,1355.2548828125,8535670
2026-06-15,1370.9427053735023,1376.9380816360685,1359.5514660793779,1367.24560546875,7522828
2026-06-16,1362.4492051798502,1370.4430399003772,1348.1601768264127,1364.6474609375,7709061
2026-06-17,1363.048787960663,1364.647530591123,1348.2602661586025,1349.8590087890625,4761917
2026-06-18,1346.561512407277,1364.8474591819588,1343.9635403676145,1359.0518798828125,5186573
2026-06-19,1355.7545097416184,1361.9496832815275,1349.4593156798994,1356.8536376953125,4640277
2026-06-22,1359.9511533650066,1365.0471986847929,1354.1555743103543,1357.552978515625,3153284
2026-06-23,1357.5529705396623,1370.8427696854017,1355.0548971646165,1362.44921875,5745853
2026-06-24,1354.9550675446912,1385.0318481148515,1354.9550675446912,1383.43310546875,8343829
2026-06-25,1385.831270177255,1399.021049380356,1371.6421396044548,1376.138671875,7995552
2026-06-26,1376.138671875,1376.138671875,1376.138671875,1376.138671875,0
2026-06-29,1391.5268564078813,1391.5268564078813,1351.1579637199086,1355.7545166015625,12602010
2026-06-30,1356.6537167481358,1373.9404342753348,1342.5646065082708,1344.6629638671875,7781221
2026-07-01,1344.6628669036613,1376.6382056137847,1344.6628669036613,1367.6451416015625,3187785
2026-07-02,1372.941166068036,1374.440010135796,1357.053394554533,1361.5499267578125,4013561
2026-07-03,1371.941884852612,1371.941884852612,1337.3685740578373,1341.065673828125,3500465
2026-07-06,1354.6551952621983,1369.9434532686023,1334.470810970254,1338.567626953125,5154081
2026-07-07,1345.762131730582,1355.8543237280394,1335.1702030839804,1339.966552734375,6198988
2026-07-08,1342.9642575887744,1342.9642575887744,1302.9950832557752,1308.4908447265625,6917968
2026-07-09,1311.8882333774443,1320.5814799012492,1291.2041127197447,1296.5999755859375,5609851
2026-07-10,1304.0,1326.5999755859375,1303.9000244140625,1323.699951171875,3549139
2026-07-13,1315.9000244140625,1329.9000244140625,1313.5,1319.4000244140625,3674483
2026-07-14,1320.0999755859375,1323.699951171875,1298.5999755859375,1317.5999755859375,6005505
2026-07-15,1328.0,1348.0,1303.300048828125,1312.300048828125,9442403
2026-07-16,1315.0999755859375,1315.5,1299.4000244140625,1307.5999755859375,5001226
2026-07-17,1307.0,1333.0,1305.0,1328.5,11192836
2026-07-20,1275.0,1284.0,1249.0999755859375,1256.0,25314148
2026-07-21,1245.0,1267.699951171875,1244.5,1258.199951171875,15014867
2026-07-22,1258.199951171875,1258.199951171875,1230.5,1238.4000244140625,8358923
2026-07-23,1230.0999755859375,1239.4000244140625,1219.199951171875,1223.0,8240787
2026-07-24,1216.800048828125,1233.9000244140625,1210.5999755859375,1227.300048828125,8088828
2026-07-27,1237.0,1237.0,1221.5999755859375,1227.5,5967502
2026-07-28,1222.5,1233.9000244140625,1219.699951171875,1223.5,6093182
2026-07-29,1229.5,1237.0999755859375,1214.4000244140625,1235.4000244140625,10110233
2026-07-30,1229.0,1232.199951171875,1220.199951171875,1228.9000244140625,6878684
2026-07-31,1226.199951171875,1239.699951171875,1226.0,1229.5,7487936
2026-08-03,1236.9000244140625,1272.0,1230.5,1272.0,6713421
2026-08-04,1264.0,1264.0,1244.0,1261.800048828125,5694891
2026-08-05,1260.0,1263.0,1246.199951171875,1253.9000244140625,4295407
2026-08-06,1256.0999755859375,1259.9000244140625,1248.300048828125,1256.0,4845792
2026-08-07,1252.0999755859375,1256.0,1238.0,1238.0,3628823
2026-08-10,1235.0,1250.0,1235.0,1247.300048828125,3661847
2026-08-11,1242.0,1243.0,1225.4000244140625,1229.800048828125,5843702
2026-08-12,1230.0,1234.9000244140625,1216.9000244140625,1230.0,7218881
2026-08-13,1224.5,1224.800048828125,1215.5999755859375,1221.800048828125,5284300
2026-08-14,1216.0,1218.699951171875,1208.5999755859375,1217.4000244140625,5557745
2026-08-17,1220.0,1235.0,1213.5999755859375,1227.300048828125,6068014
2026-08-18,1223.9000244140625,1250.5,1223.4000244140625,1243.0,5064697
2026-08-19,1243.0999755859375,1245.0,1224.0,1235.0,3061937
2026-08-20,1237.5,1253.9000244140625,1236.199951171875,1251.0,4163816
2026-08-21,1250.5999755859375,1256.4000244140625,1240.4000244140625,1245.800048828125,3690270
2026-08-24,1245.800048828125,1248.699951171875,1231.800048828125,1236.0,3778588
2026-08-25,1236.0999755859375,1240.5,1229.800048828125,1235.0,3606504
2026-08-26,1240.0999755859375,1257.699951171875,1238.199951171875,1255.0,3298266
2026-08-27,1260.0,1268.699951171875,1251.4000244140625,1256.0,7005789
2026-08-28,1256.0,1265.4000244140625,1248.199951171875,1265.0,3243469
