Date,Open,High,Low,Close,Volume
2010-06-07,13.281515199697543,13.281515199697543,12.875712543390316,13.084808349609375,2202453
2010-06-08,12.974835073179674,13.165345927906984,12.83234018365732,12.898941040039062,6897924
2010-06-09,13.036787340814344,13.120038393848311,12.902423095145627,12.974446296691895,3040983
2010-06-10,12.89429336187233,13.193998669595702,12.89429336187233,13.115007400512695,9751203
2010-06-11,13.204069980261593,13.601741985919142,13.127014832494375,13.391096115112305,6296598
2010-06-14,13.451886071128037,13.722936821902547,13.451886071128037,13.674534797668457,5217498
2010-06-15,13.678403780673378,13.91499294680756,13.5707579620869,13.839098930358887,4243635
2010-06-16,13.877822369789378,14.319248967411598,13.793022685927776,14.215087890625,5697945
2010-06-17,14.218570475630422,14.280525461179979,14.015281730353271,14.069106101989746,5337090
2010-06-18,13.970753148157385,14.132609409663146,13.746168317733622,13.866979598999023,3164337
2010-06-21,13.746168551286287,14.032708377238416,13.708220808114914,13.951005935668945,3150972
2010-06-22,13.916542641396154,14.059038972935278,13.568047831473699,13.844133377075195,2051379
2010-06-23,13.631553993072119,13.92428980520698,13.631553993072119,13.777922630310059,2295216
2010-06-24,13.842586006662906,13.884793551387526,13.290803848333852,13.403870582580566,12183732
2010-06-25,13.3589519464644,13.622258092967241,13.128171182396752,13.245497703552246,5671314
2010-06-28,13.13087974048401,13.557206131179367,13.13087974048401,13.499897003173828,10157598
2010-06-29,13.622260691120122,13.622260691120122,13.250533607586243,13.354307174682617,2286009
2010-06-30,13.240459640159774,13.614510221121341,13.167276816331457,13.455365180969238,7159977
2010-07-01,13.343465835786224,13.458856243783023,13.227301849371138,13.310165405273438,2068506
2010-07-02,13.273762783336402,13.47511391045713,13.250529117318331,13.345396995544434,2242548
2010-07-05,13.358951645797225,13.591281023465074,13.358951645797225,13.553333282470703,2829222
2010-07-06,13.599026014778246,13.939388746741633,13.552560137758343,13.86426830291748,8640126
2010-07-07,13.939778327457352,14.001345806401522,13.592832086199929,13.700090408325195,4617954
2010-07-08,13.728359888133285,14.009478900982426,13.728359888133285,13.947137832641602,5451435
2010-07-09,13.980432160166595,14.140739783508398,13.9095715228584,13.96765422821045,5012964
2010-07-12,14.133385290703592,14.133385290703592,13.91654354166967,13.95720100402832,2162952
2010-07-13,13.986242446051483,14.1721059581443,13.832518259440773,14.064072608947754,1838034
2010-07-14,14.156617883813455,14.20656852356228,13.641620909392744,13.781793594360352,4393125
2010-07-15,13.932028964113698,13.932028964113698,13.684210514745404,13.787210464477539,4562118
2010-07-16,13.78721104758196,14.04045040371587,13.707443297236109,13.917315483093262,2565090
2010-07-19,13.924287267053229,14.053618145508214,13.746168314086495,13.913445472717285,2060190
2010-07-20,13.813161582238077,14.024581033818734,13.813161582238077,13.86853313446045,1775664
2010-07-21,13.83212417361232,14.055933860158985,13.746161974486817,13.95332145690918,2834964
2010-07-22,14.032703703758218,14.084590461938502,13.901050669763153,14.019150733947754,1768833
2010-07-23,14.029998141246255,14.673938483515327,13.978498882627092,14.30259895324707,17664372
2010-07-26,14.520600499821567,14.520600499821567,14.087693489358642,14.15158462524414,6027021
2010-07-27,14.311507775621582,14.311507775621582,13.926615184959397,14.064851760864258,2965446
2010-07-28,14.220509240828637,14.220509240828637,13.823612371959435,13.88247013092041,1562616
2010-07-29,13.90105507050707,13.97694909325939,13.745780804646706,13.77637004852295,3654288
2010-07-30,13.857688024702124,14.055941970444124,13.820515318479192,14.018769264221191,3733488
2010-08-02,13.978497805786116,14.15623070212569,13.877821493614038,14.055554389953613,1676565
2010-08-03,14.055940311401876,14.14112897172526,13.908799585254094,14.039677619934082,898227
2010-08-04,14.133386633167003,14.148874286468498,13.831357652184671,13.906864166259766,1771506
2010-08-05,14.125641505444179,14.125641505444179,13.630004448291428,13.684989929199219,2932578
2010-08-06,13.684216809351657,13.684216809351657,13.51616456731274,13.549078941345215,8646363
2010-08-09,13.536299953695147,14.114025554597076,13.536299953695147,13.890989303588867,8360550
2010-08-10,14.082270156444121,14.093113412278628,13.722546058097212,13.785663604736328,2762595
2010-08-11,13.861556962375944,13.861556962375944,13.544813995138018,13.586246490478516,1387188
2010-08-12,13.552557063585922,13.653233351349094,13.361658759639903,13.402705192565918,3453120
2010-08-13,13.407738568251954,13.544812508782538,13.348882291490892,13.402705192565918,4616370
2010-08-16,13.43639239280244,13.513836482683734,13.34384817504648,13.44374942779541,5046624
2010-08-17,13.547915567256753,13.547915567256753,13.320232017076092,13.340754508972168,2953368
2010-08-18,13.359339681995435,13.509966628597903,13.219554529712708,13.362824440002441,6419655
2010-08-19,13.505317666087151,13.544038982091282,13.335716868895307,13.489830017089844,1923273
2010-08-20,13.35972814597958,14.015283851738952,13.35972814597958,13.714417457580566,13444794
2010-08-23,13.575792131136748,13.815478548722645,13.358951862574953,13.408514976501465,4102758
2010-08-24,13.482860991903227,13.552173020367945,13.281509827057972,13.349271774291992,3638745
2010-08-25,13.204066644773308,13.391478790373117,12.909782240207129,12.971349716186523,8037216
2010-08-26,13.010458905023292,13.22730066668884,12.95082756679936,13.058087348937988,12267486
2010-08-27,13.08016150096272,13.165348728986768,12.816853795212353,12.923726081848145,9642402
2010-08-30,13.010846820122989,13.121977422060823,12.855572531354476,12.946955680847168,3038013
2010-08-31,12.933017263971402,13.932034555043536,12.716175485377802,12.85789680480957,2107710
2010-09-01,12.93301757658267,13.227302019020993,12.86409305473611,13.129335403442383,3988116
2010-09-02,13.196318714116885,13.475113932751944,13.051112688285228,13.356240272521973,5109291
2010-09-03,13.436398128441796,13.630006242280436,13.312489579015155,13.424782752990723,3058209
2010-09-06,13.490609169421173,13.68537985301414,13.334948800584414,13.518102645874023,5555484
2010-09-07,13.480154380791852,13.629232746337344,13.321007796630628,13.371347427368164,2757447
2010-09-08,13.405417426007773,13.500285315478422,13.227298481452436,13.252854347229004,2435004
2010-09-09,13.258277494937657,13.43639646973143,13.204067054274132,13.235818862915039,9073746
2010-09-13,13.414543701549567,14.031106632423404,13.402445910116741,13.87891674041748,16000677
2010-09-14,13.967885474437058,14.122025053973495,13.816865765348444,13.872668266296387,7718139
2010-09-15,13.970233999827167,14.282026664572093,13.837945238999309,14.172372817993164,11009097
2010-09-16,14.142712861084027,14.469724601433668,13.983107198533691,14.100957870483398,14981868
2010-09-17,14.126320132572395,14.422895032482764,14.126320132572395,14.349922180175781,9009297
2010-09-20,14.349924541544793,14.469724951776644,14.098225929596259,14.159491539001465,7033455
2010-09-21,14.360458712713026,14.438115060510311,13.807112654543483,13.985058784484863,10783971
2010-09-22,14.515765801389952,14.515765801389952,13.697064401286095,13.865643501281738,8366193
2010-09-23,13.900381241064952,14.040473353732722,13.728288706195753,13.838725090026855,15785550
2010-09-24,13.91325682643671,13.91325682643671,13.73609175985063,13.769262313842773,3305511
2010-09-27,13.788377712019814,14.009248902278115,13.78759811289491,13.865643501281738,5273235
2010-09-28,13.918724193731052,13.970235244465396,13.814141419280713,13.853946685791016,7543404
2010-09-29,13.814530468908904,14.087301886358759,13.697462323207008,13.746631622314453,15792282
2010-09-30,13.759505254001033,13.853160334451063,13.49414821024412,13.57726764678955,9958113
2010-10-01,13.649853170242483,13.880479044209364,13.619414893519636,13.821944236755371,3988413
2010-10-04,13.88398884122731,14.290219076548208,13.876965078030132,14.15480899810791,8900694
2010-10-05,14.154806180681938,14.274606562640434,14.011202231669358,14.073637962341309,15213132
2010-10-06,14.111101591402443,14.611767945371739,14.110712528598125,14.550500869750977,22000176
2010-10-07,14.59498474552538,15.050382698102492,14.562985807800287,14.63205623626709,22062546
2010-10-08,14.741322756426953,14.90678055455581,14.43850515770313,14.612937927246094,7460739
2010-10-11,14.63440596057559,14.844348147186803,14.614893865341713,14.699183464050293,4826547
2010-10-12,14.720249065021,14.749904782635662,14.338213037158152,14.442795753479004,4394511
2010-10-13,14.618013338932158,14.618013338932158,14.383485058128834,14.422117233276367,12548646
2010-10-14,14.438507154836671,14.592646783734331,14.227782460244171,14.363973617553711,4223439
2010-10-15,14.399479164691114,14.399479164691114,13.595606255808304,13.675994873046875,9279765
2010-10-18,13.689262409806789,13.892182230208679,13.462929557516881,13.869548797607422,15074730
2010-10-19,13.954231196805557,14.046714677500521,13.775114915335298,13.855894088745117,3353229
2010-10-20,13.775508342122322,13.853164712996442,13.564785081368198,13.766923904418945,7980786
2010-10-21,13.845356217360917,13.89218376001626,13.743896295987204,13.80321216583252,1205523
2010-10-22,13.853160365688902,13.939010610674558,13.751700449352128,13.85159969329834,1757745
2010-10-25,13.891795116537658,13.907795327391817,13.814138755595497,13.882039070129395,2606769
2010-10-26,13.892184134599106,13.892184134599106,13.737261966250092,13.777456283569336,592119
2010-10-27,13.775117598008235,13.84535966635052,13.658049449068677,13.72555923461914,5087610
2010-10-28,13.619022589644525,13.7751134074121,13.287325917581578,13.47463607788086,11169972
2010-10-29,13.634634199861601,13.634634199861601,12.487358444010315,12.742568969726562,11695464
2010-11-01,12.954853234672745,12.994655544941649,12.684814130539415,12.80695629119873,22997106
2010-11-02,12.799538202262129,13.119526104672728,12.760514029278177,13.064112663269043,4735071
2010-11-03,13.188601083538375,13.673656394379588,12.929099085990899,13.57610034942627,15311934
2010-11-04,13.617852792142973,13.720482857437986,13.415714006732369,13.544098854064941,1683396
2010-11-08,13.66390022133264,13.66390022133264,13.540976995859767,13.628778457641602,886446
2010-11-09,13.658046874967313,13.658046874967313,13.462931856451084,13.593658447265625,8780706
2010-11-10,13.525369254352889,13.595609836665227,13.34586243280628,13.447712898254395,4128498
2010-11-11,13.595219007302653,13.595219007302653,13.267816728119062,13.306059837341309,838134
2010-11-12,13.360297103363417,13.540972521379796,13.191717998754095,13.254544258117676,6561423
2010-11-15,13.267817185189154,13.369277115370904,13.042263887767128,13.299816131591797,7582905
2010-11-16,13.306836701264436,13.338056040733528,13.072308487371334,13.235033988952637,5603400
2010-11-18,13.22879473176587,13.612780622321582,13.0196321769318,13.343521118164062,5385798
2010-11-19,13.461762845527723,13.461762845527723,13.127725835172068,13.170260429382324,8801991
2010-11-22,13.22879374181846,13.384104973687846,13.072701436829139,13.341179847717285,1474704
2010-11-23,13.26742476350066,13.462930295926716,13.1117230085623,13.210841178894043,6855651
2010-11-24,13.3380604318404,13.455128572222451,13.176895549429927,13.342351913452148,27935325
2010-11-25,13.423906826538706,13.439515023189815,13.25220487359527,13.339226722717285,12666258
2010-11-26,13.26781671701556,13.462931733753562,13.033678991674535,13.386836051940918,6773976
2010-11-29,13.315422225041374,13.453953618771926,13.042260381178789,13.3403959274292,2920005
2010-11-30,13.423908382528595,13.564391011008102,13.27757212698042,13.359519958496094,3462327
2010-12-01,13.454347279301077,13.564391641628712,13.314644243702109,13.477760314941406,825462
2010-12-02,13.579998388758515,13.728285844367797,13.50195298000531,13.566341400146484,3046428
2010-12-03,13.685362329121505,13.728287456348326,13.447322183378454,13.593658447265625,15716052
2010-12-06,13.658049350918432,13.992086393911638,13.593660911544314,13.896870613098145,4776354
2010-12-07,14.001449101800517,14.097834999522215,13.776286351110034,13.907012939453125,2765961
2010-12-08,13.736093334226464,13.970232553174508,13.643219309338464,13.700582504272461,855459
2010-12-09,13.912478824018061,13.912478824018061,13.522250189722131,13.61278247833252,5362236
2010-12-10,13.384883554242219,13.580387593478019,13.189768577771067,13.408296585083008,2336697
2010-12-13,13.377082622597634,13.51678419659826,13.228795138262837,13.427031517028809,622908
2010-12-14,13.361861248060066,13.65804563054499,13.345861039873862,13.541366577148438,1113750
2010-12-15,13.366153512463352,13.657655894778049,12.885781755463688,13.508977890014648,2218194
2010-12-16,13.501952055060139,13.564389262019114,13.366932534509537,13.484002113342285,544005
2010-12-20,13.366153690791123,13.673654812609877,13.345862000418824,13.455126762390137,1585485
2010-12-21,13.423908363991181,13.81296676860162,13.423908363991181,13.716190338134766,1451637
2010-12-22,13.736093438384524,13.860966412210415,13.612000064043531,13.818042755126953,5590530
2010-12-23,13.736094078568469,13.891405335173607,13.736094078568469,13.847310066223145,729828
2010-12-24,13.67833760961886,13.81413674520055,13.501953621629777,13.59834098815918,966141
2010-12-27,13.719702933948865,13.72672669729813,13.433663634798881,13.486735343933105,409959
2010-12-28,13.540974172009077,13.55619330502347,13.322836704155474,13.462928771972656,826551
2010-12-29,13.44302936226413,13.477370053876358,13.299425379225326,13.34586238861084,4208193
2010-12-30,13.39269077847377,13.853162904206057,13.322450191968027,13.695509910583496,2297592
2010-12-31,13.798532105791748,14.102911945598729,13.51756677999601,13.819604873657227,4090977
2011-01-03,13.97023346092693,14.009256175379532,13.665853635495017,13.689657211303711,1927233
2011-01-04,13.736094922445105,13.814140355303008,13.549954840822867,13.735315322875977,3721608
2011-01-05,13.61902243662895,13.798527759278485,13.589754303334315,13.722824096679688,968121
2011-01-06,13.72282451587126,13.832087795674063,13.589754718460998,13.704092025756836,1109691
2011-01-07,13.592098219125226,13.853162346441865,13.592098219125226,13.680290222167969,2070684
2011-01-10,13.546051691358835,13.68107124089035,13.190551398236424,13.307621002197266,588852
2011-01-11,13.392688315291219,13.392688315291219,12.96343561693008,13.136307716369629,2481435
2011-01-12,13.189771020206006,13.193671964633007,12.817100402953828,13.069580078125,2245419
2011-01-13,13.252206367250006,13.462931046155951,13.049677060958516,13.079334259033203,1604889
2011-01-14,13.189772941087346,13.46293340902229,12.971243387760927,13.248306274414062,2170476
2011-01-17,13.191721564181195,13.267425230281473,13.046555448004597,13.213964462280273,1843281
2011-01-18,13.142946456193643,13.345864877382574,13.142946456193643,13.181578636169434,4304421
2011-01-19,13.345859866840973,13.345859866840973,13.1589402548925,13.233473777770996,383823
2011-01-20,12.97592655838409,13.306840751941404,12.676228766353127,13.281085968017578,1036827
2011-01-21,13.306843587516642,13.611223462520408,13.269381539745307,13.559712409973145,1454013
2011-01-24,13.572192606247054,13.614727184321964,13.361077440528629,13.385662078857422,428274
2011-01-25,13.519900812513349,13.790720902889861,13.307226443683831,13.356395721435547,1872189
2011-01-27,13.345863099049778,13.650242900859446,13.209282872203799,13.398155212402344,2826648
2011-01-28,13.377082182772961,13.453176394859895,12.699252142797127,13.156210899353027,7377975
2011-01-31,13.1160192293757,13.892186451933577,12.760518899133961,13.668974876403809,4929804
2011-02-01,13.569073699727191,13.790723073516558,13.345081106781533,13.477368354797363,3291156
2011-02-02,13.901462264349057,13.901462264349057,13.345794962136145,13.643012046813965,1142955
2011-02-03,13.596023155152995,14.432461245064909,13.381039595211652,13.534152030944824,3571425
2011-02-04,13.68217507064964,13.68217507064964,13.157443902278178,13.268655776977539,801108
2011-02-07,13.431554751022896,13.431554751022896,13.142560121015194,13.182110786437988,1620531
2011-02-08,13.274914957780544,13.274914957780544,13.1057480600996,13.159395217895508,968319
2011-02-09,13.251423780842122,13.251423780842122,12.646417125786282,12.981226921081543,2422035
2011-02-10,12.914651080883043,13.000800643054621,12.625266103451509,12.7783784866333,2219679
2011-02-11,12.844166280503343,13.141773739933322,12.648371004199351,12.955376625061035,701019
2011-02-14,13.157438876509685,13.439383741772993,13.079121351334681,13.33952808380127,1125630
2011-02-15,13.61168781394246,13.619519864215194,13.039964411508898,13.199734687805176,958914
2011-02-16,13.298413501407913,13.298413501407913,12.891160232955976,12.951855659484863,1504701
2011-02-17,12.922486410280658,13.22792745795143,12.922486410280658,13.11514949798584,929709
2011-02-18,13.001586027753026,13.235757762538976,12.92209280872666,13.139426231384277,1103949
2011-02-21,13.175061826591811,13.175061826591811,12.859830735964856,13.014901161193848,976635
2011-02-22,13.079121823145963,13.118672485346902,12.926793210771391,12.976524353027344,1186713
2011-02-23,12.844949498844962,13.141384242320502,12.844949498844962,13.08499526977539,1093356
2011-02-24,13.09478277833295,13.274915436033567,12.72668837307607,13.15156364440918,4367187
2011-02-25,13.612079411200805,13.612079411200805,13.041923614519801,13.177413940429688,2249577
2011-02-28,13.251421710062344,13.353235389417017,12.922486003841748,12.996105194091797,6235713
2011-03-01,13.118278942909487,13.314074217230269,13.035653502778544,13.278831481933594,1037223
2011-03-03,13.079120701799484,13.314074744517288,13.079120701799484,13.121021270751953,892089
2011-03-04,13.196597442548553,13.39239123062853,13.118278448455667,13.159395217895508,1255122
2011-03-07,13.102614651165966,13.274915258991134,12.971040394428675,13.130026817321777,654192
2011-03-08,13.117891879632728,13.220097476410151,12.939326748425104,13.00158977508545,1182258
2011-03-09,13.078731913292614,13.110450531743458,12.935409543442505,12.963995933532715,1090881
2011-03-10,12.96399643782402,13.195818317062699,12.88332898407821,13.151177406311035,1273833
2011-03-11,13.000797723760353,13.258857411914926,12.854735103229793,12.9385347366333,922383
2011-03-14,12.96987115404893,13.095963321695756,12.936194520085152,12.985925674438477,313335
2011-03-15,12.945978126175586,13.115928823827646,12.812837755840418,13.047009468078613,1415997
2011-03-16,13.102618956021029,13.102618956021029,12.922487720401726,12.997673034667969,1361646
2011-03-17,12.998062548158368,12.998062548158368,12.6875312855094,12.727864265441895,3267990
2011-03-18,13.068943888581765,13.068943888581765,12.687535132326511,12.97496223449707,3922776
2011-03-21,12.985925689075323,13.182112934082534,12.789348024632996,12.93149471282959,931986
2011-03-22,13.164484898552097,13.164484898552097,12.864527556119754,13.019206047058105,704682
2011-03-23,12.977308391132336,13.079904384300677,12.883326764237228,13.058367729187012,338481
2011-03-24,13.15704751464073,13.532583597640746,13.071289835866994,13.280399322509766,14271642
2011-03-25,13.31446983681358,13.351278696144359,13.165273429322815,13.184853553771973,4771998
2011-03-28,13.254946233474302,13.392394556835079,13.157440473923764,13.23419189453125,4612410
2011-03-29,13.298412215351775,13.298412215351775,13.118281007857712,13.194250106811523,1443717
2011-03-30,13.274919396797758,13.274919396797758,13.15900919887731,13.219704627990723,2985048
2011-03-31,13.049362468527185,13.309769235269458,13.017251953629493,13.183286666870117,6096222
2011-04-01,13.266694253278912,13.274918200720272,13.118281653130538,13.195033073425293,1024749
2011-04-04,12.92248185256196,13.243586885484527,12.883323098973065,13.209126472473145,4271850
2011-04-05,13.157438147389122,13.830581660760599,13.157046249224136,13.631263732910156,5113548
2011-04-06,13.631266772129154,14.089034986976522,13.631266772129154,14.052618026733398,3975741
2011-04-07,14.052228599858692,14.370200109134284,14.052228599858692,14.31263542175293,4844268
2011-04-08,14.363536888301224,14.418359745738009,13.987610413147317,14.31967830657959,4412232
2011-04-11,14.292659697404373,14.598491121103818,14.12114287121682,14.372543334960938,4290660
2011-04-13,14.448908148076184,14.589096818782943,14.262510972649732,14.458306312561035,2197503
2011-04-15,14.399952709767945,14.630598792732597,14.293440720736237,14.414441108703613,1832094
2011-04-18,14.371757308969201,14.684636903716667,14.243315301846163,14.305970191955566,2236410
2011-04-19,14.25389580816112,14.559335397418762,14.128977867719438,14.321640968322754,1099989
2011-04-20,14.370982587213234,14.606328623232537,14.370982587213234,14.57343578338623,1372833
2011-04-21,14.721063992527716,14.79429277955289,14.48885167418291,14.663500785827637,1403226
2011-04-25,14.70030809826718,14.70030809826718,14.293054812947368,14.346311569213867,871101
2011-04-26,14.426192696819276,14.426192696819276,14.15952002167165,14.28052043914795,730521
2011-04-27,14.401525563597309,14.566384602493933,14.29305551214319,14.357666969299316,2747844
2011-04-28,14.4618308837139,14.515871440308231,14.222178421417782,14.325556755065918,1855755
2011-04-29,14.723804301965522,14.776277261889327,14.03499651010626,14.341219902038574,9748035
2011-05-02,14.488847311672979,14.598491552319942,14.214733012902823,14.302450180053711,1126521
2011-05-03,14.206513761148464,14.390169125866866,13.799650882699336,13.896764755249023,990495
2011-05-04,14.097261013396507,14.245281744569366,13.65084743001705,14.105484962463379,956736
2011-05-05,14.293056221544429,14.400352062325243,13.893633467904895,13.969602584838867,1267893
2011-05-06,13.877966925585065,14.285221658270537,13.801607402637176,14.057315826416016,2032866
2011-05-09,14.136810196688806,14.214735840009903,13.964119115377542,14.04008674621582,888228
2011-05-10,14.097257492135467,14.268774332736443,13.964899416675363,14.013456344604492,806157
2011-05-11,14.097253837770984,14.167348881730835,13.593277304036533,13.750304222106934,1752795
2011-05-12,13.744821961809986,13.838803564486863,13.353231457702735,13.451912879943848,2284227
2011-05-13,13.447214961331138,13.643010241063159,13.345401297561608,13.462095260620117,2665080
2011-05-16,13.462097702926465,13.588189850456978,13.32974109910261,13.46757984161377,809127
2011-05-17,13.392394370513898,13.509872149765782,13.326215329985162,13.39161205291748,1024155
2011-05-18,13.392005002616635,13.618735152700374,13.348538309612334,13.467188835144043,1655775
2011-05-19,13.353626016028725,13.53297489305776,13.314467253589214,13.331697463989258,623601
2011-05-20,13.314080238551613,13.490295473589654,13.314080238551613,13.47502326965332,1486386
2011-05-23,13.470712424211188,13.484808928555822,13.1574393544104,13.212654113769531,1792791
2011-05-24,13.204042986263994,13.384567629584783,13.11828527723205,13.334443092346191,901890
2011-05-25,13.334437670332148,13.470711759532222,13.212261563642214,13.465620040893555,734184
2011-05-26,13.462490491220063,13.462490491220063,13.086954353713327,13.127288818359375,1563111
2011-05-27,13.180936394666343,13.31172688237587,13.166056092909974,13.215004920959473,1362933
2011-05-30,13.353235686663995,13.353235686663995,12.977309156900791,13.044270515441895,1587069
2011-05-31,13.039962367041607,13.191508671019074,12.961644834316175,13.012161254882812,1878822
2011-06-01,13.174671207237827,13.431555333948932,13.09165384818418,13.395528793334961,3128796
2011-06-02,13.298021675690373,13.415889868605248,13.064241823187594,13.126112937927246,1295613
2011-06-03,13.295671398895276,13.29606181823321,12.886066795540815,12.950287818908691,1674981
2011-06-06,12.96164558384563,13.173105004838016,12.96164558384563,13.119848251342773,568062
2011-06-07,13.118279512620125,13.20991121991531,13.016073949074062,13.14177417755127,718542
2011-06-08,13.14177652748619,13.196207495704497,12.922486540518976,13.004329681396484,18875142
2011-06-09,13.104575809080362,13.23575967802636,12.938541095145508,13.16527271270752,1059498
2011-06-10,13.22792588613478,13.286663290824736,12.969475685826847,13.186807632446289,1768041
2011-06-13,13.235761000422517,13.235761000422517,13.040747980168618,13.146477699279785,1661517
2011-06-14,13.23379989108338,13.23575938223921,12.985141202839229,13.114365577697754,7286499
2011-06-15,13.000805582039735,13.22009707326957,13.000805582039735,13.155092239379883,1354815
2011-06-16,13.157437680092336,13.196597917980045,13.05562401930619,13.15156364440918,432729
2011-06-17,13.165274854252736,13.165274854252736,12.917006539445442,12.956165313720703,817443
2011-06-20,13.036443393628533,13.036833813101822,12.234856018220489,12.559093475341797,2437380
2011-06-21,12.55869623015487,12.862179213795274,12.335098360640634,12.375823974609375,1914363
2011-06-22,12.452576291667462,12.67186624204826,12.23328486242563,12.288498878479004,1772199
2011-06-23,12.241117266623897,12.326875680923672,12.1079768829166,12.13499641418457,418473
2011-06-24,12.334710551740939,12.335102450038946,12.129517778920338,12.180032730102539,3229776
2011-06-27,12.021828039484458,12.272054321647872,12.006164680496186,12.194911003112793,6867135
2011-06-28,12.288110348356701,12.483905675408746,12.217624119349646,12.457277297973633,3853674
2011-06-29,12.529722088474493,12.844169414435406,12.468242865442496,12.513274192810059,2036925
2011-06-30,12.68714233407602,12.726693005650473,12.382093138829346,12.590810775756836,1713690
2011-07-01,12.336666831352861,12.797177555877468,12.336666831352861,12.710244178771973,2318976
2011-07-04,12.805007870275322,13.02429932089645,12.734522388905086,12.999237060546875,5908617
2011-07-05,13.071286211426553,13.071286211426553,12.770153194849588,12.866876602172852,1354320
2011-07-06,12.88058801325814,12.882546025902466,12.766243919869416,12.805010795593262,895158
2011-07-07,12.883329700185657,13.079125047313283,12.812842724520651,13.053670883178711,3754872
2011-07-08,13.059933304912242,13.156264838224855,12.875886083066325,13.078729629516602,7868916
2011-07-11,12.882934565988643,13.301935852899131,12.882934565988643,13.100658416748047,2336004
2011-07-12,13.077166257166638,13.157049914051786,13.071292219638678,13.080690383911133,1305513
2011-07-13,13.079124491608889,13.196602286438681,13.048188189208973,13.159791946411133,990396
2011-07-14,13.227928273620813,13.314077862985421,13.095178284103975,13.251814842224121,2635479
2011-07-15,13.079122643429141,13.462881216648343,12.923269895194672,13.35206127166748,1445400
2011-07-18,13.353232162931805,13.509868668619362,13.353232162931805,13.440165519714355,1269279
2011-07-19,13.50987320809189,13.50987320809189,13.35362854803218,13.49577522277832,2108700
2011-07-20,13.50987118336335,13.627347475350554,13.39239341251501,13.513395309448242,1748241
2011-07-21,13.392392470161905,13.579965287892154,13.392392470161905,13.461705207824707,840213
2011-07-22,13.548641314355814,13.70488598865377,13.412759083934061,13.588191986083984,2476188
2011-07-25,13.587798892112666,13.65358455375087,13.572526692496226,13.617951393127441,19610316
2011-07-26,13.619908576323533,13.744826509019418,13.533367093608804,13.590147972106934,6726357
2011-07-27,13.94923779570135,13.94923779570135,13.50987254477741,13.603854179382324,1279971
2011-07-28,13.549421962783152,13.66494172248807,13.533365967300698,13.607377052307129,6585084
2011-07-29,13.705666542153866,13.824318529262458,13.415889616912311,13.747175216674805,8435790
2011-08-01,13.838805897568209,13.870132610788271,13.331697055726849,13.461705207824707,8552313
2011-08-02,13.580356058909462,13.783201079760333,13.314075292490193,13.34422779083252,1842390
2011-08-03,13.314077423030735,13.314077423030735,12.93854129843848,12.987491607666016,16491816
2011-08-04,13.220095169058629,13.272176225236352,13.063850521664222,13.090478897094727,2399463
2011-08-05,12.844170687373346,13.118283576703428,12.679702066458413,13.086173057556152,1224729
2011-08-08,12.83633487017414,12.943630675085217,12.656203680266229,12.686746597290039,3843675
2011-08-09,12.374258965760863,13.039962433925185,12.147136936603193,12.84377670288086,1287198
2011-08-10,12.69027227015456,13.063458462077342,12.687531940316548,12.775639533996582,2484504
2011-08-11,12.773682887860412,13.063459859185569,12.687925195485093,12.811667442321777,1934163
2011-08-12,12.770153194849588,13.081076269473156,12.765845273536936,12.866876602172852,602514
2011-08-16,13.063456813039176,13.063456813039176,12.688314135079576,12.756449699401855,831600
2011-08-17,12.914260090450044,13.039177999581538,12.084480800446947,12.225844383239746,9925443
2011-08-18,12.249343432677849,12.59355212815066,12.219583564649161,12.487038612365723,4686165
2011-08-19,12.593158075556612,12.593158075556612,12.256781487772178,12.327659606933594,2302542
2011-08-22,12.452579739792924,12.805010167595261,12.139306605233688,12.708288192749023,1099890
2011-08-23,12.53167933174206,12.789345761288535,12.483514300181454,12.571621894836426,1856547
2011-08-24,13.060718092184294,13.060718092184294,12.40950303544486,12.432997703552246,790515
2011-08-25,12.444744917133072,12.679698976278214,11.98306000605523,12.24307632446289,3277098
2011-08-26,12.512880614797036,12.512880614797036,12.006162219208692,12.191776275634766,2236707
2011-08-29,12.19412755428176,12.293200163761728,12.100145924510487,12.240726470947266,1095138
2011-08-30,12.218012659914482,12.440828214910594,11.9983308114436,12.073516845703125,2053161
2011-09-02,12.271270569392165,12.687531538856915,12.147136441494379,12.46745777130127,5800905
2011-09-05,12.375040852150224,12.721989037945546,12.375040852150224,12.599814414978027,2763585
2011-09-06,12.904476643584857,12.904476643584857,12.454147024892817,12.514843940734863,1644786
2011-09-07,12.647979323300357,12.84299080664272,12.532459575906751,12.682047843933105,1760913
2011-09-08,12.812448847731273,12.812839267061868,12.501133797414486,12.528936386108398,1085139
2011-09-09,12.669126463296893,12.669126463296893,12.491737054112651,12.575536727905273,1342242
2011-09-12,12.530895307117301,12.599816154855272,12.32413572162581,12.36799430847168,818730
2011-09-13,12.497716815656528,12.537267762432808,12.295222838794711,12.321721076965332,1941192
2011-09-14,12.299966484914082,12.489805019198764,12.296802260406748,12.437204360961914,1091475
2011-09-15,12.496530235290738,12.655915464222591,12.474777962502094,12.614388465881348,453123
2011-09-16,12.493763736144123,12.766657081717412,12.268330037904626,12.333983421325684,4579740
2011-09-19,12.260418695544884,12.63772397660235,12.260418695544884,12.413081169128418,646965
2011-09-20,12.648004286959125,13.051411942664334,12.276237384558243,12.51669979095459,455796
2011-09-21,12.517491071986862,12.695464340712785,12.42138511853479,12.559809684753418,1284030
2011-09-22,12.236689264363498,12.729478696385813,12.214936989586668,12.582354545593262,1704483
2011-09-23,12.260419526626755,12.53726870683606,12.062671499120615,12.163918495178223,12173733
2011-09-26,12.062673542490149,12.339521275980443,11.714634834188331,11.803622245788574,3510837
2011-09-27,11.667173171885443,12.023121263403878,11.667173171885443,11.978034973144531,1794177
2011-09-28,12.383419158544871,12.383419158544871,11.983571466008172,12.054760932922363,2140974
2011-09-29,12.101035099151503,12.212565648442451,11.864923530518382,11.980803489685059,2149389
2011-09-30,11.749042317038011,12.180134237483252,11.749042317038011,12.134652137756348,1793583
2011-10-03,11.793730816040103,12.098263357659347,11.567110492729086,11.777911186218262,1322838
2011-10-04,11.65886480710809,11.983568607225562,11.65214129682504,11.764463424682617,2115531
2011-10-05,11.849103179665478,12.007301752206256,11.823790123549246,11.882719993591309,1352439
2011-10-07,11.478124252068396,12.24222596540551,11.348006420965103,12.016792297363281,2203344
2011-10-10,12.078490297719016,12.078490297719016,11.913172417456632,12.031030654907227,565983
2011-10-11,12.101824420147981,12.227592848138212,12.038940952960784,12.10340690612793,1320759
2011-10-12,12.102221110979986,12.22087022773352,12.102221110979986,12.179343223571777,9888813
2011-10-13,12.189228364324284,12.335563124053161,12.18131892227981,12.276633262634277,5031180
2011-10-14,12.284152227894669,12.284152227894669,12.118043427657142,12.173413276672363,152460
2011-10-17,12.181321185144332,12.181321185144332,12.054761874035986,12.101825714111328,1962972
2011-10-18,12.023121111765304,12.220869883046388,12.015211668743468,12.032217979431152,429165
2011-10-19,12.17815457149506,12.181318796364858,12.015210059837887,12.08758544921875,577566
2011-10-20,12.220474967099683,12.220474967099683,12.009279903218859,12.038546562194824,245619
2011-10-21,12.102221786610352,12.140980375778952,11.99781055803828,12.040919303894043,1531629
2011-10-24,12.040919137824478,12.104199167291645,11.971311404133795,12.038942337036133,513909
2011-10-25,12.018770626948543,12.10261699908507,11.967752439917762,12.093915939331055,1204632
2011-10-28,12.294434063254942,12.552692977358385,12.294434063254942,12.434439659118652,951390
2011-10-31,12.655915437720585,12.81411473542583,12.307877580215342,12.386581420898438,2843280
2011-11-01,12.418619587596748,12.616368373738812,12.294433630699343,12.568512916564941,1018512
2011-11-02,12.442746699385873,12.561000781427623,12.299972665620198,12.36246109008789,1422531
2011-11-03,12.31579087246869,12.402799985365574,12.181717169124163,12.26951789855957,4673691
2011-11-04,12.560995962695907,12.560995962695907,12.269909677652448,12.375508308410645,1321947
2011-11-08,12.481501082923993,12.591845682695814,12.339517966896658,12.505230903625488,375804
2011-11-09,12.360875456856652,12.557041730130376,12.360875456856652,12.49890422821045,3698739
2011-11-11,12.372743305481665,12.57642400213112,12.339520802058386,12.527777671813965,2183445
2011-11-14,12.560996534159996,12.560996534159996,12.288499031048806,12.350987434387207,187506
2011-11-15,12.347822978194671,12.41822156937975,12.027074970161424,12.131091117858887,353529
2011-11-16,12.181716838300694,12.181716838300694,11.912383507734342,11.992669105529785,307494
2011-11-17,12.092731637200684,12.092731637200684,11.785825610608272,11.890236854553223,1159290
2011-11-18,11.785821916727311,12.022725062672745,11.741526500296931,11.823393821716309,4593204
2011-11-21,11.785823661662056,11.84040263083015,11.706723998575196,11.81192684173584,1451340
2011-11-22,11.785824773490456,11.944024114588078,11.706725102941643,11.883512496948242,11446182
2011-11-23,11.785822503666402,11.864131289385659,11.590447094378055,11.695253372192383,7787835
2011-11-24,11.8649238177027,12.094311879334612,11.643840261391654,11.863341331481934,13863366
2011-11-25,11.840797924686639,12.062672345840985,11.714238610625022,11.817068099975586,3015837
2011-11-28,11.944023564393879,12.007302849833163,11.785429169131788,11.885093688964844,1431936
2011-11-29,11.841587403948065,12.023119970117593,11.786612635382266,11.928596496582031,220671
2011-11-30,11.88074085632791,11.991480514415562,11.739152805584093,11.913567543029785,4273236
2011-12-01,11.944024036848786,12.141772091721638,11.645423286565952,11.76407241821289,879516
2011-12-02,11.864920853401204,11.973682960842545,11.817461214796069,11.911589622497559,322938
2011-12-05,11.916334983761272,12.02311954531905,11.785821349421605,11.853450775146484,4096323
2011-12-07,11.967750395078456,12.141768573193696,11.880740559212985,12.078489303588867,530244
2011-12-08,12.023119317409122,12.27228279178223,11.936110229498686,12.063064575195312,3763584
2011-12-09,12.007299658401951,12.14176838427288,11.810341786604436,12.101032257080078,533412
2011-12-12,11.91396417913259,12.141770481686919,11.91396417913259,12.087983131408691,839223
2011-12-13,11.943623793787033,12.062272881378385,11.659261044888549,11.775141716003418,5232150
2011-12-14,11.864923600349043,11.975267472354576,11.746274476366755,11.876788139343262,1709433
2011-12-15,11.469426279340441,11.888653691336515,11.283146217007353,11.815881729125977,2250369
2011-12-16,11.880739935989064,11.944019949082286,11.485242467983774,11.628412246704102,438372
2011-12-19,11.867292104159866,11.935318076249427,11.043076225748765,11.119406700134277,6148296
2011-12-20,11.129297884422474,11.176757532307807,10.836629060052266,10.968725204467773,2848329
2011-12-21,11.081838441773376,11.175175999945811,10.83623419931218,11.006298065185547,759627
2011-12-22,10.899909018464934,11.137208003176225,10.876574256099783,11.0110445022583,2133351
2011-12-23,11.073532519629804,11.113477783822416,10.876573868968457,11.065622329711914,1196316
2011-12-26,11.073926447053918,11.153026097709018,11.003923663234449,11.120200157165527,234036
2011-12-27,11.153028371133397,11.153028371133397,10.836629704018543,10.932340621948242,985644
2011-12-28,10.859964851392766,10.994830172618796,10.619503110532113,10.725495338439941,2078010
2011-12-29,10.758320111873772,10.986918019016514,10.441131367316085,10.659841537475586,3265713
2011-12-30,10.496502285092534,11.049803375332923,10.203834201851226,10.680803298950195,6083154
2012-01-02,10.71798091879558,10.876180257394216,10.607241979222984,10.697811126708984,1220472
2012-01-03,10.91493760377275,11.125342535809027,10.686735490886976,10.98256778717041,910008
2012-01-04,10.888833423903236,11.292241103802759,10.888833423903236,11.190201759338379,2594493
2012-01-05,11.073926951738137,11.216305881321379,11.042287687480473,11.16212272644043,2890008
2012-01-06,11.144722343309727,11.247946889708205,10.916916035777648,11.12415599822998,1299870
2012-01-09,11.07392564650491,11.50106238490997,11.073530585162805,11.374898910522461,2407680
2012-01-10,11.374898297665334,11.564341776518638,11.311223225081282,11.424335479736328,1932183
2012-01-11,11.467841263452927,11.947578659459374,11.406142988420441,11.634345054626465,2196909
2012-01-12,11.746274739486116,11.746274739486116,11.493156104781972,11.582934379577637,1283535
2012-01-13,11.754184024973432,12.098661900555127,11.754184024973432,12.024308204650879,10851489
2012-01-16,11.801646593142685,11.995834638876362,11.770006571707745,11.86927604675293,6820110
2012-01-17,12.062670940297966,12.141769848912855,11.904471629452335,11.951140403747559,2515392
2012-01-18,11.864922490767947,12.086005275545771,11.667172973546537,11.86136245727539,863973
2012-01-19,12.037361094595937,12.10301298899609,11.72294072230089,11.815881729125977,1795959
2012-01-20,11.983573879497627,12.038943724962788,11.47733657263002,11.608246803283691,4376097
2012-01-23,11.744296991162406,11.745483669186001,11.564346118559815,11.586889266967773,21287376
2012-01-24,11.781866204850058,11.781866204850058,11.469423457114289,11.522419929504395,4397778
2012-01-25,11.588075437012378,11.599544914852189,11.162124511132061,11.31755542755127,4678839
2012-01-27,11.31715775435114,11.663218086585806,11.2558560266954,11.345237731933594,7253235
2012-01-30,11.223032789520731,11.53943075550675,10.918895172836388,10.980592727661133,4742397
2012-01-31,10.995221899143282,11.310433057004648,10.994826837797964,11.115848541259766,6508854
2012-02-01,11.04215811784587,11.295098301510087,10.882426374938314,10.980416297912598,8898516
2012-02-02,10.914294192178813,11.288727109462744,10.914294192178813,11.246105194091797,2880009
2012-02-03,11.344095068219326,11.614163486312291,11.193924009369297,11.393487930297852,3248586
2012-02-06,11.234550963761272,11.742025879021211,11.234550963761272,11.699006080627441,3207006
2012-02-07,11.551625266849879,11.965890312925884,11.551625266849879,11.808947563171387,10230858
2012-02-08,11.981825201259344,12.299693419167587,11.870690504794746,12.229188919067383,20086308
2012-02-09,12.259064005210691,12.62313968918169,12.237553724221097,12.306465148925781,4753683
2012-02-10,12.648630676258556,12.648630676258556,12.150317739634447,12.201703071594238,4707351
2012-02-13,12.20528641649803,12.348287106676114,12.201701621161458,12.244322776794434,3108402
2012-02-14,12.388119914159185,12.388119914159185,12.101321263537095,12.178996086120605,4160277
2012-02-15,12.26065273768539,12.308452509440885,11.965887227806483,12.07981014251709,33524568
2012-02-16,12.157087198470425,12.398477191621277,12.06945452793576,12.076624870300293,2533410
2012-02-17,12.109290067474351,12.35864549068025,11.88024974121725,11.926456451416016,4326300
2012-02-21,12.148327702778394,12.148327702778394,11.814524974477063,11.866706848144531,9758232
2012-02-22,11.870290172155004,12.092559533482873,11.822489638221075,11.910123825073242,9610128
2012-02-23,12.029622260007187,13.049351352865342,12.029622260007187,12.131196975708008,13890393
2012-02-24,12.131199682089278,12.308456791929036,11.567957212587636,11.693830490112305,32773851
2012-02-27,11.751582477114779,11.949155329551765,11.631285781764232,11.889405250549316,11494494
2012-02-28,11.949955806261112,12.51080703735432,11.949955806261112,12.465795516967773,7401141
2012-02-29,12.465796015670628,13.089184875951045,12.465796015670628,12.88962173461914,12570624
2012-03-01,12.666954028623907,13.62294965081716,12.587686120963733,12.695235252380371,5155821
2012-03-02,13.025453585997422,13.224619621176132,12.253486629355718,12.58928108215332,4220568
2012-03-05,12.74622252983433,12.77848719364181,12.3482876646877,12.413215637207031,2027718
2012-03-06,12.3482886778245,12.619155125845996,12.212856205974012,12.433930397033691,2105631
2012-03-07,12.308856078828978,12.404057015596868,12.20489096954612,12.267827987670898,2223342
2012-03-09,12.333946879287742,12.658587471639049,12.312437355620666,12.421978950500488,1796751
2012-03-12,12.46778868527508,12.66615817546028,12.356256100755388,12.485316276550293,1561923
2012-03-13,12.508020299399572,12.833856891560929,12.485316340880567,12.763352394104004,3389463
2012-03-14,12.787249013220713,13.065285011605312,12.770519467228368,12.98880386352539,7436286
2012-03-15,12.985614718212153,13.136980895629543,12.865717409772357,12.9816312789917,6704280
2012-03-16,13.129019264760572,13.264451739427505,12.467788398195498,12.678506851196289,11282040
2012-03-19,12.396087975998599,12.736661614790249,12.109289280628838,12.448269844055176,2161368
2012-03-20,12.666557268806338,12.666557268806338,12.23675706760378,12.466594696044922,1831797
2012-03-21,12.412022483299847,12.7310858630098,12.348288934618711,12.678506851196289,1035639
2012-03-22,12.746619534266904,12.815929591353218,12.268621734224004,12.406045913696289,2613105
2012-03-23,12.591269975952171,13.53531595842886,12.309250536311513,12.379755020141602,2324718
2012-03-26,12.390115162147607,12.42795710260394,12.164261710881588,12.200509071350098,1136916
2012-03-27,12.213254857813375,12.427955242962664,12.212856212876071,12.237552642822266,4529151
2012-03-28,12.268623890089541,12.269021782899387,11.989791289627405,12.029226303100586,1479060
2012-03-29,11.96588911379501,11.96588911379501,11.774689244477244,11.85515308380127,2981781
2012-03-30,11.894191669013782,12.157090504266202,11.870291774899927,12.147929191589355,2634192
2012-04-02,12.175412027348727,12.340321647697186,12.079015927798274,12.134781837463379,1328976
2012-04-03,12.149121215714098,12.17302110361428,11.83045579299164,12.10052490234375,1392138
2012-04-04,12.06945770896238,12.148327734958656,11.93402522750329,12.033208847045898,3437874
2012-04-09,11.830458624312508,12.030819085760184,11.80655797853219,11.965094566345215,5187006
2012-04-10,11.912912241350183,12.132393361529727,11.870291079411144,11.99496841430664,4392432
2012-04-11,11.977839438474488,11.977839438474488,11.830457403164187,11.900164604187012,7434999
2012-04-12,11.882640269434852,12.013691421245028,11.791820669672925,11.832450866699219,5162949
2012-04-13,11.934025506437203,11.965094993171402,11.838823821361203,11.930041313171387,1417482
2012-04-16,11.926853884993012,12.029623796301609,11.806557135561027,11.8499755859375,662508
2012-04-17,11.902159807164848,11.981826380005186,11.84639313096057,11.954340934753418,477378
2012-04-18,11.880249514214405,12.643054349904368,11.879850869274676,12.12363052368164,16954443
2012-04-19,12.188557501860677,12.392105603945563,12.157089373550937,12.180989265441895,1857636
2012-04-20,12.180988477337905,12.18497191775538,11.92605656438174,11.951549530029297,2106819
2012-04-23,12.029621963286077,12.109287756085484,11.710955783447911,11.723304748535156,3838923
2012-04-24,11.941592356183039,11.950355775164823,11.671124559013533,11.707372665405273,8158788
2012-04-25,11.790624791746476,12.10929028600123,11.710958230142715,11.830059051513672,4847139
2012-04-26,11.581499136223751,11.790622982157606,11.232958640840483,11.659173965454102,17491716
2012-04-27,10.764120578562489,11.726888538510503,10.764120578562489,11.646027565002441,2177307
2012-04-30,11.63208768658206,11.764334007460457,11.55242188069795,11.722509384155273,3306204
2012-05-02,11.742024525248615,11.853954964980833,11.59185276481064,11.614558219909668,1774080
2012-05-03,11.639256429354026,11.702192678123353,11.409020958215535,11.516968727111816,6763086
2012-05-04,11.418585271378795,11.534102079603203,11.312629927317355,11.3556489944458,2475693
2012-05-07,11.32019508602517,11.59345040513081,10.978027593635247,11.356841087341309,2750121
2012-05-08,11.411411390571912,11.411809283322228,11.153292571807606,11.268012046813965,1115829
2012-05-09,11.170024684551949,11.273590392637663,11.162854340119987,11.230968475341797,728046
2012-05-10,11.161656988064678,11.544851737653255,11.161656988064678,11.408224105834961,1150776
2012-05-11,11.29669125723184,11.344491035698878,11.07362612582578,11.152495384216309,3145725
2012-05-14,11.181175716273478,11.232560292222363,10.684057247383118,10.835423469543457,3957129
2012-05-15,10.69282240020345,10.954128159793706,10.611562760249928,10.64422607421875,2977920
2012-05-16,10.643429276260278,10.675295299513062,10.444263246209035,10.506402969360352,1019106
2012-05-17,10.532691707724162,10.895970814880915,10.277759779499327,10.366189002990723,2893275
2012-05-18,10.146306351995635,10.410798894030638,9.799359777087888,9.870660781860352,6286500
2012-05-21,9.838797294525431,10.188134350089335,9.838797294525431,10.031988143920898,2417778
2012-05-22,10.12559686790949,10.157463642918199,9.936389442625888,10.012072563171387,687456
2012-05-23,10.01964155530265,10.076603410522566,9.704959478871451,9.816890716552734,2505789
2012-05-24,9.83919552420909,9.974230091491709,9.77506408967641,9.932405471801758,1066923
2012-05-25,9.97702012053612,9.97702012053612,9.822865613781484,9.891777038574219,933966
2012-05-28,9.918464288449446,10.165430091891071,9.904522245906628,10.136750221252441,950499
2012-05-29,10.078591578125325,10.197294482420947,10.066244117304388,10.13953685760498,1017126
2012-05-30,10.157861809217163,10.157861809217163,9.95829788352645,9.998529434204102,397089
2012-05-31,9.87862905872051,9.990161611991704,9.862297406884647,9.914080619812012,1370457
2012-06-01,9.919656180263189,10.090938809558873,9.675478715903711,9.721685409545898,1032867
2012-06-04,9.717704947672448,9.990163711833652,9.480299107127694,9.863892555236816,1752003
2012-06-05,9.878631617139309,9.950331295417103,9.559966129629027,9.592230796813965,3671811
2012-06-06,9.759528476046823,10.036767187453004,9.623299485315243,9.885401725769043,4560534
2012-06-07,10.157859081565345,10.300861265681512,9.999721931749336,10.190921783447266,1902384
2012-06-08,10.144319809925092,10.476130839020604,10.118029548921937,10.331934928894043,3082761
2012-06-11,10.427133871488024,10.452228944882997,10.151089568463766,10.22159481048584,1611918
2012-06-12,10.05549010211856,10.256249954070006,10.022031004313643,10.0614652633667,6334119
2012-06-13,9.937183616522017,10.157859119366448,9.937183616522017,10.043140411376953,4589442
2012-06-14,9.974626986697132,10.109661540475292,9.880620510861462,9.927623748779297,1769130
2012-06-15,9.933998694018367,9.934396586766331,9.80693100562024,9.849153518676758,1356894
2012-06-18,9.881020184552348,10.022029912988025,9.819677759762797,9.857916831970215,1147410
2012-06-19,10.022029264502518,10.02601270464309,9.77147794996584,9.966660499572754,753984
2012-06-20,9.976620731920745,10.076602388027814,9.976222086977417,10.042346000671387,1839321
2012-06-21,10.117628568972519,10.261426542393496,10.006095256435872,10.221991539001465,2498760
2012-06-22,10.211636426197575,10.347866945007517,10.117232036562283,10.237927436828613,2175723
2012-06-25,10.245096384909859,10.403633722994158,10.213230361903067,10.318389892578125,1165230
2012-06-26,10.339103046144672,10.355434702861878,10.245096546820312,10.313610076904297,547965
2012-06-27,10.117230824889834,10.341094007471124,10.117230824889834,10.307234764099121,1861299
2012-06-28,10.466966352163656,10.555794213445777,10.305641531520356,10.46377944946289,1439955
2012-06-29,10.479310395613643,10.754557288231064,10.479310395613643,10.67927360534668,3630825
2012-07-02,10.674497501790492,10.914292946440861,10.606382625259112,10.790014266967773,1595781
2012-07-03,10.595230754900419,10.937397498225417,10.595230754900419,10.895174980163574,1132956
2012-07-04,10.725483965020087,10.93540587297381,10.725483965020087,10.869681358337402,2566575
2012-07-05,10.733451146301206,10.965281232278615,10.733451146301206,10.871672630310059,1908423
2012-07-06,10.356232626432556,11.148912608438861,10.356232626432556,10.825467109680176,2450151
2012-07-09,10.873263062824131,10.873263062824131,10.635459377791966,10.662147521972656,598257
2012-07-10,10.738627763014094,10.76292629596622,10.572125084002156,10.610763549804688,1624392
2012-07-11,10.739027964998265,10.739027964998265,10.425141719769218,10.498435974121094,1936737
2012-07-12,10.498439472496319,10.810731242086074,10.475734003838115,10.62948989868164,3101472
2012-07-13,10.587662866145951,10.715129218753935,10.545439594535539,10.64422607421875,1191762
2012-07-16,10.635061903204793,10.747391759327703,10.596025542592493,10.661352157592773,3666069
2012-07-17,10.611956042368236,10.683257043679015,10.438283064873039,10.577301025390625,3177801
2012-07-18,10.635862468309778,10.658965075015898,10.420364752720106,10.504014015197754,1185822
2012-07-19,10.543843652010262,10.594432440530555,10.500028065794904,10.55539608001709,2523609
2012-07-20,10.520742474312826,10.579298155423162,10.374555602663747,10.435500144958496,547371
2012-07-23,10.396462405012244,10.474933776792074,10.19729564299537,10.363799095153809,842193
2012-07-24,10.571331002467002,10.571331002467002,10.156268638789681,10.191720962524414,2363328
2012-07-25,10.197693822959677,10.198092467859867,9.928023334704099,10.018046379089355,8168094
2012-07-26,10.038359328925871,10.061861322932305,9.806530804100904,9.946345329284668,1497375
2012-07-27,9.917665983226062,10.18932816816461,9.766299775556108,9.85751724243164,1119294
2012-07-30,9.760326231932352,9.917268980752677,9.006681971217358,9.131360054016113,13564089
2012-07-31,9.119808269031,9.384698023100889,8.930600119872228,9.258028984069824,46945602
2012-08-01,9.36119508708759,9.767095244962096,9.322557377904431,9.731245040893555,7482024
2012-08-02,9.118613468745131,10.39407184371118,9.118613468745131,10.29090404510498,6091767
2012-08-03,10.125994300317346,10.372163547049261,10.037564329925429,10.131570816040039,2840409
2012-08-06,10.197297395594338,10.352647090500772,9.998132103667578,10.110461235046387,12175515
2012-08-07,9.878629982235653,10.515960851778578,9.878629982235653,10.15108871459961,2860605
2012-08-08,10.277359933874406,10.277359933874406,9.846762566634991,10.181758880615234,2694186
2012-08-09,10.181760766479915,10.196101453637041,10.000918879708268,10.048320770263672,397386
2012-08-10,9.93240706833262,10.149497082441204,9.918863669721151,10.047524452209473,2237499
2012-08-13,10.07779602140828,10.117629674019195,9.89536031440617,10.082576751708984,669141
2012-08-14,10.076599495768088,10.077793925934696,9.998924679095934,10.02601146697998,884367
2012-08-16,10.029997367123585,10.07700061614712,9.958297686958947,9.987774848937988,351846
2012-08-17,9.958297024799341,10.08496682741433,9.958297024799341,10.035175323486328,654390
2012-08-21,10.035971861186255,10.045531817905868,9.878631220242733,10.035175323486328,2271357
2012-08-22,10.189328497166112,10.19968574240774,9.926429721343359,10.073413848876953,2502126
2012-08-23,10.07660299513836,10.077797425719766,9.96666273042696,10.018844604492188,4602213
2012-08-24,10.006891775590564,10.033580673391086,9.69539669339005,9.771876335144043,1344717
2012-08-27,9.806931372548211,9.878631046685618,9.682651185216473,9.799363136291504,2732202
2012-08-28,9.836407388600263,10.061862896281529,9.697788024115505,9.939973831176758,1197108
2012-08-29,9.886596184661165,10.10169518551161,9.886596184661165,10.036369323730469,3954852
2012-08-30,9.963475926405472,10.01406396944651,9.787412507714226,9.948738098144531,2604393
2012-08-31,9.878629598161716,10.028401978122789,9.790598281810095,9.886595726013184,1930896
2012-09-03,10.029199326206802,10.029199326206802,9.824855456404457,9.935989379882812,257796
2012-09-04,9.995340779962913,9.995340779962913,9.83919459512852,9.886595726013184,2299869
2012-09-05,9.900541286243062,9.918466020482285,9.657558881096644,9.71730899810791,561033
2012-09-06,9.814500026922946,9.918464370811225,9.738019619091256,9.809321403503418,2064447
2012-09-07,9.901748024422218,9.966045537907132,9.845488648642897,9.892505645751953,3350655
2012-09-10,9.845891212527494,9.885675180336383,9.741006896318673,9.774360656738281,2407284
2012-09-11,9.797263564954763,9.84468272326716,9.607184759329858,9.6642484664917,868428
2012-09-12,9.664251309022406,9.729753825989711,9.483817757992117,9.543292999267578,3020094
2012-09-13,9.620445495902207,9.773151088366392,9.443627775223524,9.458094596862793,2392830
2012-09-14,9.515969380543527,9.643357945797705,9.404253407450085,9.488643646240234,1575288
2012-09-17,9.49185352967914,9.732968059087195,9.421127329516096,9.609999656677246,8697051
2012-09-18,9.644556959714434,9.765113807888506,9.604371596594984,9.65420150756836,3757050
2012-09-20,9.56740571643165,9.773156434115267,9.403447556021924,9.715289115905762,9880200
2012-09-21,9.715289291702872,9.96604767514817,9.57785327024421,9.840667724609375,14562108
2012-09-24,9.88567236830179,9.901746364570508,9.483815632241159,9.52520751953125,5708340
2012-09-25,9.54369385472015,9.700820362331626,9.377324968456696,9.511143684387207,7846839
2012-09-26,9.52400280861839,9.604375081652739,9.483817430917215,9.529227256774902,4000590
2012-09-27,9.60437500192512,9.72493189284388,9.443229802346385,9.54047966003418,24282324
2012-09-28,9.708856760108391,9.78922827055744,8.929255309318924,9.713276863098145,6001479
2012-10-01,9.72372766175108,10.014270004211184,9.69559758964836,9.964037895202637,2040588
2012-10-03,9.982521433355949,10.126787524013654,9.805704414384845,9.903757095336914,3138894
2012-10-04,9.925858639269803,10.046415519266775,9.845487891815772,9.931886672973633,1814670
2012-10-05,9.968458621251997,10.006233248501054,9.813342180689833,9.837051391601562,625086
2012-10-08,9.832628432679785,10.030341719782497,9.829413329544346,9.848702430725098,3618054
2012-10-09,9.949969689427627,9.951979033929767,9.853524188588446,9.909784317016602,4620528
2012-10-10,9.816156157696529,9.919433324488347,9.805305844272459,9.887686729431152,493812
2012-10-11,9.963232442360583,10.046416125465841,9.845488485890897,9.974081993103027,1490049
2012-10-12,9.94756073234987,10.046417009200303,9.90255231793208,9.996989250183105,1370358
2012-10-15,9.98171859443185,10.206356988024046,9.917824004360158,10.148087501525879,2024451
2012-10-16,10.207159331610255,10.329725565779107,9.885674040155696,9.95881175994873,4446288
2012-10-17,10.038380704191464,10.254980954679553,9.951177562479081,10.242925643920898,3796452
2012-10-18,10.287127746370002,10.51256967846256,10.247343786728267,10.474392890930176,5145030
2012-10-19,10.488056399836058,10.641164208703717,10.2955668027499,10.43179702758789,4385106
2012-10-22,10.37754902442265,10.480424004790633,10.126789884421443,10.445863723754883,2083455
2012-10-23,10.40808677053883,10.448272902512132,10.255381138435295,10.293557167053223,613503
2012-10-25,10.292352883669867,10.440236250933696,10.292352883669867,10.398040771484375,821205
2012-10-29,10.328119635289468,10.335754083821472,9.998194752794548,10.046819686889648,6270759
2012-10-30,9.96604511428475,10.022304487672677,9.492657783549276,9.700819969177246,7763877
2012-10-31,9.763508251030428,9.917821042215966,9.708855298274983,9.885270118713379,2098503
2012-11-01,9.925859634120055,9.929878323658727,9.807714259289495,9.890898704528809,1010295
2012-11-02,9.885673098171857,10.0223039735832,9.797666387560097,9.847898483276367,12601512
2012-11-05,9.741005002774726,9.876430880717148,9.623662467115297,9.643755912780762,8975043
2012-11-06,9.604777970463331,9.821378995521345,9.49185550897155,9.680326461791992,11978208
2012-11-07,9.69278535347879,9.82137965282129,9.578657125540548,9.751456260681152,13350942
2012-11-08,9.644964113152483,9.751455608060859,9.605983729271713,9.680326461791992,8319366
2012-11-09,9.644963012517342,9.845489254090191,9.403446287849972,9.427155494689941,3229083
2012-11-12,9.51637044579797,9.564191040563106,9.445241294869698,9.49065113067627,569349
2012-11-15,9.479396416621084,9.702024662498866,9.421126941620471,9.488237380981445,3418866
2012-11-16,9.524404376513035,9.652596456669,9.46171404287289,9.637325286865234,1193445
2012-11-19,9.620850242946531,9.684744819840864,9.573028904865254,9.63009262084961,6010884
2012-11-20,9.643352425258314,9.724930444085691,9.598746951375407,9.642951011657715,11551617
2012-11-21,9.443631602965379,9.765117670343152,9.296552569425835,9.697203636169434,1099197
2012-11-22,9.5891051783085,9.909786932648863,9.5891051783085,9.755474090576172,2807046
2012-11-23,9.765119397528467,9.765119397528467,9.443633273288501,9.57624626159668,1096821
2012-11-26,9.580667139290716,9.71689664562011,9.57624627634448,9.614825248718262,3183246
2012-11-27,9.42474316222752,9.695996324157313,9.42474316222752,9.563785552978516,2472129
2012-11-29,9.485425809438885,9.821377950373176,9.485425809438885,9.734576225280762,410058
2012-11-30,9.672288816734904,9.759893369244372,9.499891883944397,9.534049987792969,946836
2012-12-03,9.540074624877759,9.652595629614435,9.492656223920179,9.52078628540039,3064149
2012-12-04,9.580262331871785,9.68313651982886,9.494666381749825,9.637325286865234,1521036
2012-12-05,9.57343298340739,9.869601172318513,9.57343298340739,9.708054542541504,1801800
2012-12-06,9.876833097982848,9.876833097982848,9.52440556633691,9.587495803833008,480744
2012-12-07,9.64496410998087,9.739801706947981,9.525612199577164,9.614020347595215,1756260
2012-12-10,9.71810176783934,9.765118772828444,9.525612126410195,9.660234451293945,5901885
2012-12-11,10.126785045304583,10.223230530442825,9.572625678121016,9.630492210388184,4320261
2012-12-12,9.837452088417313,9.837452088417313,9.40344649213253,9.462118148803711,7289073
2012-12-13,9.548114445020282,9.6268772651886,9.435995592895752,9.553739547729492,1330362
2012-12-14,9.553739040758169,9.564187935968675,9.347586967031953,9.495872497558594,2735172
2012-12-17,9.499892640597308,9.557760714907538,9.350402834386893,9.405055046081543,4678839
2012-12-18,9.296149845231936,9.547710980508006,9.296149845231936,9.437602996826172,548856
2012-12-19,9.443634087165053,9.821380391583773,9.428766600890217,9.59714412689209,3020292
2012-12-20,9.339146056775595,9.634510533518899,9.339146056775595,9.542083740234375,571131
2012-12-21,9.548114804395224,9.620448938475553,9.449659188735234,9.523199081420898,878031
2012-12-24,9.564186749259147,9.62004469978923,9.443629126202886,9.588700294494629,751212
2012-12-26,9.592320328084522,9.805304073204745,9.524004114284509,9.75748348236084,1116819
2012-12-27,9.804903705636773,9.949973424970311,9.76552190447822,9.894115447998047,1703097
2012-12-28,10.205550691326943,10.223231860024626,9.82137587262386,10.200728416442871,3488562
2012-12-31,10.200728946720558,10.65723791241603,10.166972261961357,10.51096248626709,2959605
2013-01-01,10.568832053767169,10.68898678546185,10.327717486520228,10.410500526428223,1414017
2013-01-02,10.408087302066921,10.648397484862814,10.368705512950955,10.60740852355957,25872957
2013-01-03,10.60378990061881,10.676526194498745,10.448272108556793,10.476802825927734,828927
2013-01-04,10.506139202284018,10.633126283687723,10.414113804479225,10.588520050048828,685377
2013-01-07,10.589326527641841,10.728771127689768,10.448275513903125,10.465956687927246,576774
2013-01-08,10.459927730528715,10.648800836079321,10.404873350636734,10.602185249328613,1469754
2013-01-09,10.602586084360846,10.729573182312887,10.58892284355436,10.669294357299805,2032371
2013-01-10,10.63312931450823,10.842094371998375,10.408089496492302,10.445059776306152,8990289
2013-01-11,10.419742654945864,10.665277319918971,10.299989339844014,10.373528480529785,3935646
2013-01-14,10.528243860022151,10.561196204975714,10.38397699743024,10.463946342468262,389466
2013-01-15,10.431797707427448,10.609016145367969,10.40165829533493,10.443049430847168,1450449
2013-01-16,10.606200521354321,10.606200521354321,10.325705002617475,10.363479614257812,966438
2013-01-17,10.447870699661374,10.528643618175256,10.308828307304596,10.4293851852417,1108701
2013-01-18,10.386791860776883,10.527442232332074,10.299990878865426,10.485648155212402,406098
2013-01-21,10.51257213526079,10.584504106795622,10.304008496838565,10.36227798461914,880506
2013-01-22,10.408087117087003,10.448273250398344,10.207158726978118,10.228055000305176,643203
2013-01-23,10.194703952999244,10.367904495877513,9.94595491635971,10.011457443237305,2784276
2013-01-24,10.119150875948186,10.119150875948186,9.636521228532514,9.688762664794922,2959506
2013-01-25,9.688764981904665,10.432199816025559,9.526414773551513,9.88406753540039,10024146
2013-01-28,9.8840655037522,10.609014671428996,9.8840655037522,10.467560768127441,7889310
2013-01-29,10.439434628539825,10.467563941709361,10.234085330689448,10.314055442810059,5239872
2013-01-30,10.368155034065094,10.45980536648207,10.221999833614849,10.280138969421387,380259
2013-01-31,10.26318093361212,10.369770107414361,10.10935466681443,10.282964706420898,832491
2013-02-01,10.349581448056103,10.456977974200266,10.186873461925536,10.265199661254883,247896
2013-02-04,10.40045609411236,10.417009662422432,10.189700572631706,10.250666618347168,405009
2013-02-05,10.250664969648232,10.33585411804004,10.045158471126232,10.315263748168945,1415304
2013-02-06,10.254700748960586,10.385110477805789,10.253893388196584,10.28134822845459,6175521
2013-02-07,10.255511522693363,10.569625281526504,10.24057343763722,10.499373435974121,2371644
2013-02-08,10.505427972141673,10.511483560030813,10.25510645146989,10.286194801330566,1569249
2013-02-11,10.295479959929141,10.37622900473331,10.214730915124974,10.299114227294922,1389762
2013-02-12,10.416199084333305,10.416199084333305,10.242589819693965,10.299114227294922,1100385
2013-02-13,10.416603360904091,10.416603360904091,10.173952177631696,10.180816650390625,1008414
2013-02-14,10.234919179597878,10.234919179597878,9.89012195593286,9.937359809875488,583902
2013-02-15,9.869934003147494,10.057271457285905,9.770613368814312,9.839653015136719,714285
2013-02-18,9.972484304029242,10.007610217726947,9.722970928007792,9.744771957397461,819720
2013-02-19,9.926456086926018,9.926456086926018,9.700763309260008,9.738716125488281,610038
2013-02-20,9.780303189216589,9.890929933449113,9.730239187891625,9.807353973388672,461835
2013-02-21,9.849746650301373,9.850150711913871,9.692286127051931,9.762537956237793,839520
2013-02-22,9.81098921245855,9.891738273695623,9.619614158417047,9.737911224365234,636669
2013-02-25,9.656355213940094,9.851363782023048,9.504546941844929,9.532405853271484,1538460
2013-02-26,9.657159756067916,9.657159756067916,9.073748990257355,9.236054420471191,1768239
2013-02-27,9.32487911882502,9.350718478078234,9.106453319313557,9.202948570251465,916641
2013-02-28,9.245744824822946,9.326493871026303,9.053159146315473,9.10362720489502,905058
2013-03-01,9.175087671627638,9.447614975372403,9.12461962417934,9.39472484588623,1123056
2013-03-04,9.448021658697247,10.293059472372232,9.334570289064255,9.975312232971191,5863275
2013-03-05,9.99671125851304,10.09360982747013,9.576817205572127,10.024166107177734,2214333
2013-03-06,9.924037410880478,10.17032216505306,9.854996989353225,10.050813674926758,831699
2013-03-07,9.948664325060923,10.133175636048625,9.93412954221661,10.054848670959473,381447
2013-03-08,10.15780621638758,10.158210278119125,9.932920704222651,9.97046947479248,2385603
2013-03-11,10.08916864087041,10.154575554033189,9.932919512785386,9.987829208374023,20933253
2013-03-12,9.987826562459372,10.052828634338583,9.731044668508156,9.84247875213623,257994
2013-03-13,9.851360902839017,9.93170588232666,9.65393030933131,9.747598648071289,462330
2013-03-14,9.532403570032589,9.850150762303224,9.40724281658952,9.501718521118164,1069200
2013-03-15,9.415320536759564,9.609118466989964,9.245748014891056,9.342646598815918,1773783
2013-03-18,9.286122111068043,9.485571551593857,9.205373044152005,9.308732032775879,415503
2013-03-19,9.37010044450925,9.405629664444925,9.164997972349193,9.223943710327148,518661
2013-03-20,9.234036294307558,9.286119070910178,9.060022214994884,9.12381362915039,453222
2013-03-21,9.284910238385585,9.28531430008854,9.043875234484293,9.110896110534668,613503
2013-03-22,9.0923215254283,9.285311242149165,8.924767103341487,9.220711708068848,2643300
2013-03-25,9.592964706573278,9.592964706573278,9.132695874490478,9.190834999084473,507078
2013-03-26,9.082633244844471,9.20375643925058,9.043873822634517,9.138349533081055,305019
2013-03-28,9.156924343411637,9.485572159592392,9.00350133515136,9.329323768615723,3851892
2013-04-01,9.22959654638104,9.479918089192093,9.043874554064754,9.164593696594238,456687
2013-04-02,9.124623231281964,9.407244561193005,9.124623231281964,9.355565071105957,600633
2013-04-03,9.367270527118485,9.961985854302846,9.366866465566346,9.834403038024902,10642104
2013-04-04,9.806141723374191,9.810986650535657,9.366867310894008,9.527153968811035,750123
2013-04-05,9.512216682703139,9.778285183306197,9.374943978119473,9.48193645477295,2056923
2013-04-08,9.55501421843242,9.64949069258647,9.44963722841405,9.573989868164062,2704977
2013-04-09,9.568740505763172,9.770613507915531,9.447617314376103,9.582064628601074,195624
2013-04-10,9.550169367445912,9.689865688676452,9.407244364669554,9.662814140319824,2125233
2013-04-11,9.641414574877682,9.641414574877682,9.326493534753403,9.383825302124023,666270
2013-04-12,9.456500431623898,9.519484495293376,9.302270097369837,9.382615089416504,140877
2013-04-15,9.407243216036125,9.487991502423913,9.205370975305783,9.239285469055176,357984
2013-04-16,9.23969052499091,9.39916986945043,9.239287225662949,9.357988357543945,462924
2013-04-17,9.367273080757066,9.439542939770055,9.245745817969308,9.364850997924805,762498
2013-04-18,9.40684010174564,9.44681094971362,9.29823366086417,9.413300514221191,245916
2013-04-22,9.455694830190795,9.487993847777787,9.366870625875007,9.44640827178955,261261
2013-04-23,9.507777876409051,9.612348292932305,9.407649089528372,9.538866996765137,165033
2013-04-25,9.538866266369526,9.601042977559505,9.458117201688705,9.532405853271484,205029
2013-04-26,9.550170192931194,9.746390948399895,9.528368395021737,9.669678688049316,437778
2013-04-29,9.584487478619003,9.745582289037376,9.245745814863287,9.617191314697266,180378
2013-04-30,9.368886564291074,9.730238098735034,9.368886564291074,9.492432594299316,215919
2013-05-02,9.526750856487935,9.915961314541487,9.456903086085305,9.635358810424805,965943
2013-05-03,9.689864553852969,9.810987746419066,9.561877650176424,9.694305419921875,4205025
2013-05-06,9.763346134846898,9.763346134846898,9.611134587908902,9.691076278686523,2041875
2013-05-07,9.689863321138146,9.77061236003638,9.568739381600627,9.682999610900879,1021680
2013-05-08,9.729834703610923,10.238955375307675,9.711665654237338,10.071805000305176,3898422
2013-05-09,10.135195765671147,10.230883677756102,10.002364671446005,10.05848503112793,1505097
2013-05-10,10.037085168552661,10.626148359050262,10.029010034485479,10.507447242736816,8096220
2013-05-13,10.16224473615559,10.272062582138823,10.013666708649552,10.078669548034668,333234
2013-05-14,10.110162684710756,10.219578009970098,10.012456761621582,10.065347671508789,266805
2013-05-15,10.046771656218263,10.497351364781828,9.883659631983964,10.351598739624023,813285
2013-05-16,10.108951406088451,10.49735375420333,10.108951406088451,10.478377342224121,1114245
2013-05-17,10.386726727428337,10.901096384331398,10.343928979977932,10.682670593261719,1902384
2013-05-20,10.618479875812294,10.736372897561266,10.340703429878408,10.354026794433594,522522
2013-05-21,10.335855058875493,10.570027844172628,10.102491159257484,10.171128273010254,647559
2013-05-22,10.406913244394364,10.406913244394364,10.117832320938964,10.165878295898438,414711
2013-05-23,10.071807605659119,10.213926019810703,10.012861863679587,10.108145713806152,340560
2013-05-24,9.97409953179442,10.17435704628895,9.97409953179442,10.112988471984863,94842
2013-05-27,10.173954501322322,10.545804081944535,10.029010714227564,10.341912269592285,338184
2013-05-28,10.544995942349392,10.544995942349392,10.15053647136058,10.43113899230957,480348
2013-05-29,10.21634562794906,10.544994857545044,10.21634562794906,10.372191429138184,477576
2013-05-30,10.496545662004513,10.496545662004513,10.133982700011186,10.228458404541016,394713
2013-05-31,10.62655113291862,10.82034824190524,10.416604518976596,10.579313278198242,12070773
2013-06-03,10.650775270766754,10.699224545735435,10.457382232508609,10.532074928283691,520641
2013-06-04,10.543379126749766,11.05815364502328,10.543379126749766,10.714163780212402,2499156
2013-06-05,10.739598543264727,10.860721720462397,10.699627704194409,10.80056381225586,934956
2013-06-06,10.716989588967643,11.017375857694068,10.716989588967643,10.859107971191406,6853473
2013-06-07,10.901098039608291,10.940261525729062,10.653199347745842,10.713761329650879,4603995
2013-06-10,10.707303481213462,11.142943049011691,10.706496120074023,10.92128849029541,11281347
2013-06-11,10.820348667430975,11.038370423614941,10.57729491074856,10.635030746459961,713097
2013-06-12,10.634627317908286,10.941472516677832,10.602327542423932,10.894234657287598,1653993
2013-06-13,10.679038563939315,10.901097890588023,10.409337318316165,10.649565696716309,6139188
2013-06-14,10.69922545340868,10.851437002046582,10.578102255711443,10.708107948303223,1510443
2013-06-17,10.724257456207635,10.724661517858578,10.138425240876126,10.452134132385254,485694
2013-06-18,10.343931978641013,10.852650257254751,10.343931978641013,10.727489471435547,692505
2013-06-19,10.618478078480171,10.829232079449525,10.51350437730064,10.73798656463623,315909
2013-06-20,10.625745964741023,10.682673686658253,10.463440471281388,10.590620040893555,258093
2013-06-21,10.64229702554805,10.69357244559399,10.150132433147007,10.322935104370117,5976135
2013-06-24,10.315262969449009,10.319703834949774,10.025374705264143,10.098855972290039,15081561
2013-06-25,10.267217327028312,10.271254130776722,10.021740015348843,10.158609390258789,2470050
2013-06-26,9.980562312774303,10.180819874808243,9.980562312774303,10.098052024841309,87318
2013-06-27,10.311628038655897,10.311628038655897,9.95512224062355,10.049598693847656,96624
2013-06-28,10.343929117221776,10.372595382309584,10.110968541096648,10.305977821350098,1223343
2013-07-01,10.311630281941335,10.464649951262428,10.111776818565726,10.188892364501953,495297
2013-07-02,10.271258543323938,10.415799051021134,10.225232099396246,10.294675827026367,700623
2013-07-03,10.154977959030271,10.295076805542832,10.022953484043379,10.045159339904785,311949
2013-07-04,10.085533363781812,10.21473092068229,9.940992901327288,10.079072952270508,785367
2013-07-05,10.23855391031359,10.23855391031359,10.086745651014787,10.168706893920898,247797
2013-07-08,10.068172767445803,10.148921052561255,9.980560008981854,10.084726333618164,808434
2013-07-09,10.102086289968469,10.222806178287813,9.975310814056634,10.068575859069824,8138889
2013-07-10,10.012862453142748,10.149327823299132,9.90062096508263,9.936958312988281,2054745
2013-07-11,9.835212897208244,10.109355007130079,9.835212897208244,9.924440383911133,1827441
2013-07-12,10.004785604133781,10.050005441000183,9.851362627928024,9.89093017578125,325413
2013-07-15,9.891737449063207,10.004785515466326,9.85136254062028,9.930092811584473,1707354
2013-07-16,10.013265902322432,10.013265902322432,9.830773323739033,9.880434036254883,78309
2013-07-17,9.942205975200562,10.053236034120449,9.699556244893751,9.804529190063477,454212
2013-07-18,9.753654513311798,9.851360413610704,9.65837069531105,9.716509819030762,231462
2013-07-19,9.786765471481118,9.891739184517132,9.618000322017602,9.700364112854004,1774278
2013-07-22,9.653933685074822,9.810990194151067,9.545326465112568,9.613558769226074,247896
2013-07-23,9.689865046633717,9.794031378728187,9.609115993356324,9.741543769836426,242352
2013-07-24,9.810988584301382,9.810988584301382,9.54532489885468,9.619210243225098,15026121
2013-07-25,9.802911428532026,9.802911428532026,9.528365304422362,9.585293769836426,3126024
2013-07-26,9.536440926602848,9.681386222326799,9.137138067397785,9.4116849899292,2319570
2013-07-29,9.932110077262104,9.932110077262104,9.134715096536283,9.193258285522461,219483
2013-07-30,9.183164833431364,9.199314337728328,9.085054860411871,9.127043724060059,509355
2013-07-31,9.06002340821588,9.205371242793916,8.680099492476131,8.90902328491211,5694975
2013-08-01,8.923556817608924,9.197294819839126,8.923556817608924,9.020455360412598,1529550
2013-08-02,8.930822966681077,9.124216734449258,8.930822966681077,9.050735473632812,2434311
2013-08-05,9.020052571507348,9.326494446956378,9.003499004577737,9.16136360168457,1483713
2013-08-06,9.06810000230955,9.634149287410326,9.016016448079878,9.217485427856445,1598751
2013-08-07,9.189221594446373,9.399168209218942,9.04427706138814,9.162978172302246,469062
2013-08-08,9.188415273788557,9.447618556238188,9.09272736822955,9.333763122558594,11141856
2013-08-12,9.447617314376103,9.76940208540655,9.333761895662475,9.582064628601074,396594
2013-08-13,9.689462358726713,9.915559282530571,9.481130427381482,9.751235008239746,371646
2013-08-14,9.82673413710425,9.932111126026095,9.661198468829525,9.724989891052246,292347
2013-08-16,9.721759831331036,9.827136813574663,9.512215764549781,9.618804931640625,313137
2013-08-19,9.609116222133862,9.672099524590354,9.489607742418894,9.580046653747559,298683
2013-08-20,9.48799205103848,9.581661166492278,9.265933488251761,9.54047966003418,364122
2013-08-21,9.681785494354658,9.681785494354658,9.447613575427614,9.598210334777832,225126
2013-08-22,9.56995273587216,9.689864505316852,9.455692492608396,9.475476264953613,1607364
2013-08-23,9.586910941870542,9.634552864431969,9.407244531020357,9.529579162597656,6663789
2013-08-26,9.43146777601908,9.592561048204102,9.416528931476098,9.511005401611328,4038606
2013-08-27,9.42339230794816,9.580448770175922,9.164996430544164,9.307921409606934,874170
2013-08-28,9.213443490373074,9.390686980705457,9.060020570031421,9.12623405456543,3201561
2013-08-29,9.068097022999162,9.504140453689446,9.068097022999162,9.387862205505371,1078902
2013-08-30,9.391092726435756,9.5283661823286,9.34264345079838,9.44317626953125,220374
2013-09-02,9.350314173898422,9.604269943472993,9.350314173898422,9.533210754394531,2671911
2013-09-03,9.447214289644718,9.608712404139988,9.447214289644718,9.500509262084961,129888
2013-09-04,9.629306053749344,9.6494938951177,9.431874606784122,9.606696128845215,270666
2013-09-05,9.61234514240504,9.649489840056424,9.463766351799508,9.504948616027832,100584
2013-09-06,9.56390381711107,9.735447674283247,9.539339018167219,9.671170234680176,391941
2013-09-10,9.580284228607145,9.906178657119371,9.580284228607145,9.832892417907715,345510
2013-09-11,9.6457857455844,9.899623026347893,9.6457857455844,9.809961318969727,2590929
2013-09-12,9.703103985745555,9.821834490309508,9.637598113605838,9.672398567199707,2565585
2013-09-13,9.732582263153198,9.784988200596622,9.581099200984536,9.65888786315918,6399855
2013-09-16,9.662165715300713,9.817743076487162,9.466465966798415,9.597068786621094,7690221
2013-09-17,9.44066971147703,9.58355527510322,9.425521097278434,9.444355010986328,154836
2013-09-18,9.4738334280949,9.506177019218441,9.375574221368751,9.407508850097656,1310463
2013-09-19,9.42552443270768,9.572913272665538,9.416926943648297,9.43371295928955,847638
2013-09-20,9.43330019676349,9.43330019676349,8.547329272139228,8.879773139953613,18833760
2013-09-23,9.121331050121281,9.121331050121281,8.720514558175456,8.871588706970215,860607
2013-09-24,9.006691596716301,9.169228993752485,8.58376657609744,8.829415321350098,1453122
2013-09-25,8.842517299598889,9.072608501801776,8.772508197302763,8.966160774230957,1931193
2013-09-26,8.966161006776105,9.11887173770694,8.852753184963662,9.041902542114258,1951983
2013-09-27,9.036990342050927,9.037400077595825,8.851526253453804,8.92522144317627,2094444
2013-09-30,8.941594117800229,9.023477027636996,8.728698706841756,8.90106201171875,1163250
2013-10-01,8.81058413981971,9.064011751672316,8.778650280080177,8.878547668457031,6088599
2013-10-03,9.01529018814078,9.039445252913973,8.917030987223097,8.939957618713379,839223
2013-10-04,8.848245263297406,9.170863875771749,8.802391245421875,8.883864402770996,6540633
2013-10-07,8.908842085323469,8.974349510653926,8.802395128326053,8.842107772827148,5647950
2013-10-08,8.964930332101885,8.964930332101885,8.802393707239737,8.89328384399414,1707750
2013-10-09,8.884276169177676,8.908840967415507,8.802394023775372,8.867899894714355,3696759
2013-10-10,8.916618883772855,9.08939269847311,8.843743193946496,8.998093605041504,1168596
2013-10-11,9.072610067810068,9.072610067810068,8.84743178688763,8.920717239379883,1986831
2013-10-14,8.998913253605265,9.039854326628715,8.71232265009828,8.917030334472656,1964556
2013-10-15,8.966162224815657,8.966162224815657,8.784381896840864,8.848250389099121,3137508
2013-10-17,8.925221513289666,8.925221513289666,8.728702294295857,8.800759315490723,830313
2013-10-18,8.892467019800954,9.29369319345339,8.769642996473028,8.929314613342285,2185029
2013-10-21,9.088985737927942,9.193386345373543,8.894104707107605,9.006693840026855,1238589
2013-10-22,8.933410773371063,9.170871117621969,8.900657435832922,9.014883995056152,5888025
2013-10-23,9.088988595600817,9.088988595600817,8.851937202528433,8.950197219848633,2642112
2013-10-24,8.949373970998504,8.994000347703679,8.751218169797694,8.84006118774414,2404809
2013-10-25,8.851525158689142,8.880593959289536,8.629623238220711,8.729519844055176,1524798
2013-10-28,8.72092150282051,8.859712828976475,8.704136263257551,8.77578353881836,932085
2013-10-29,8.826959195281434,8.843335470437262,8.72051147405421,8.798709869384766,985842
2013-10-30,8.925218309756973,8.925218309756973,8.720510637964175,8.82368278503418,653004
2013-10-31,8.852344888810483,8.852344888810483,8.606696083460678,8.743030548095703,2375703
2013-11-01,8.801985492220767,8.849886662064671,8.720512298012487,8.754903793334961,4802292
2013-11-05,8.745077384068175,8.908433513277402,8.687759254114031,8.79911994934082,968220
2013-11-06,8.801987768106374,8.801987768106374,8.695949744882757,8.740985870361328,1607364
2013-11-07,8.700861149510676,8.810583681021047,8.679571910792927,8.760635375976562,734184
2013-11-08,8.732385121536884,8.859712351036041,8.679570992754465,8.812630653381348,672408
2013-11-11,8.85971310634944,8.876090157106344,8.697585406222744,8.741393089294434,518067
2013-11-12,8.74139332469748,8.761045167666298,8.663194915250632,8.683666229248047,360657
2013-11-13,8.671383107249698,8.802395646363543,8.638629779199773,8.742621421813965,445104
2013-11-14,8.742623084998467,8.86626582026122,8.638631422601046,8.800350189208984,466290
2013-11-18,8.777830176512406,8.802394977411547,8.671382448254205,8.727063179016113,4938318
2013-11-19,8.784789417054162,8.794205601034466,8.720511205474322,8.752036094665527,3643299
2013-11-20,8.747534588032657,8.761453999022436,8.689806720360963,8.747125625610352,294327
2013-11-21,8.679572413453837,8.802396438334489,8.671383887433155,8.735252380371094,304722
2013-11-22,8.794206302970235,8.794206302970235,8.67138230056643,8.697994232177734,8023356
2013-11-25,8.695945718046662,8.761451584548734,8.695945718046662,8.731974601745605,441837
2013-11-26,8.702499591584765,8.751629200233628,8.638630327255349,8.700042724609375,457875
2013-11-27,8.646819115482344,8.720513530692202,8.646819115482344,8.67302131652832,293931
2013-11-28,8.667697587572775,8.745076514153533,8.614063990041862,8.671791076660156,599445
2013-11-29,8.72051130163486,8.72869982559374,8.581311032848202,8.65050220489502,375210
2013-12-02,8.647225391189394,8.719282388034692,8.556745762623052,8.639856338500977,438372
2013-12-03,8.556747028175945,8.712323586233103,8.556747028175945,8.661966323852539,264132
2013-12-04,8.65500660647766,8.712323962728991,8.560841660485064,8.626347541809082,435699
2013-12-05,8.679568304392928,8.679568304392928,8.556744337659312,8.609968185424805,511731
2013-12-06,8.528907968742354,8.646000333958794,8.528907968742354,8.566983222961426,585090
2013-12-09,8.646407687081544,8.679570747247485,8.58131154620566,8.59645938873291,515394
2013-12-10,8.55674565021385,8.607102904484977,8.55674565021385,8.574350357055664,2430252
2013-12-11,8.56329608534321,8.622251598971342,8.53218093306803,8.554288864135742,693495
2013-12-12,8.588270900461778,8.588270900461778,8.53218121358931,8.553061485290527,642411
2013-12-13,8.581313414951552,8.581313414951552,8.21693482083287,8.387660026550293,1244727
2013-12-16,8.556748194401264,8.67957221649476,8.212840932539471,8.259512901306152,15019587
2013-12-17,8.331567419568714,8.331567419568714,8.188273672040932,8.223483085632324,1593207
2013-12-18,8.360227139120164,8.360227139120164,8.155520242086835,8.177218437194824,1136223
2013-12-19,8.245589731534627,8.352037426527591,8.150606122102559,8.234944343566895,656568
2013-12-20,8.392982804843376,8.392982804843376,8.106393660969154,8.144059181213379,2474604
2013-12-23,8.188275076300796,8.229216154044268,8.122768424208283,8.167803764343262,2461338
2013-12-24,8.216521671172515,8.311097099830294,8.147331281754585,8.218568801879883,1455399
2013-12-26,8.245593033038382,8.302911164536177,8.17189862386373,8.248458862304688,1624986
2013-12-27,8.253781201122838,8.286534528144559,8.163710518170383,8.236176490783691,1365804
2013-12-30,8.30987355568714,8.30987355568714,8.147336075028267,8.194008827209473,1214730
2013-12-31,8.14774211832484,8.671381680008917,8.14774211832484,8.429008483886719,1107612
2014-01-01,8.43433179514627,8.565344322266276,8.352039906685297,8.395028114318848,1242054
2014-01-02,8.379061135711167,8.55674717746062,8.315192651813103,8.362275123596191,1185822
2014-01-03,8.331977087741393,8.433921574492492,8.22921467636182,8.31027889251709,605682
2014-01-06,8.392980769762266,8.515804769224705,8.323380632247844,8.404853820800781,754182
2014-01-07,8.433919221471989,8.499425070440315,8.253777170452285,8.363499641418457,763488
2014-01-08,8.360227464201827,8.433921857229102,8.269337326258679,8.342622756958008,391446
2014-01-09,8.392984330119326,8.392984330119326,8.237407713527489,8.286946296691895,545292
2014-01-10,8.28694250392822,8.31109834064729,7.942625581508098,8.110075950622559,3008709
2014-01-13,8.106392149326307,8.311099084255622,8.106392149326307,8.234538078308105,500742
2014-01-14,8.20465244656485,8.352041273793098,8.12891012839616,8.237405776977539,380556
2014-01-15,8.155931126827099,8.261969116523423,8.139145115612067,8.196053504943848,598257
2014-01-16,8.147740618273813,8.228395090321845,8.147330882918153,8.154290199279785,3479949
2014-01-17,8.123177829091931,8.261969143852296,8.074457190935906,8.160024642944336,652014
2014-01-20,8.147333892129744,8.27015790849607,8.106392811036255,8.235766410827637,597069
2014-01-21,8.173535741980833,8.227168571383137,8.147743279460487,8.163710594177246,335115
2014-01-22,8.188276479288854,8.261561160161788,8.130958342158404,8.193188667297363,356202
2014-01-23,8.164936535028739,8.311097657293267,8.142009133419748,8.223483085632324,531531
2014-01-24,8.188274020822186,8.237403617015806,7.828807724681753,7.959001541137695,4754673
2014-01-27,7.959000949891579,7.959409912196154,7.639658598355868,7.760845184326172,7581420
2014-01-28,7.681829193269705,7.86074288265039,7.681829193269705,7.8198018074035645,23056704
2014-01-29,7.869242313272123,7.885722127355319,7.725454126607695,7.761297702789307,8881389
2014-01-30,7.76253432984866,7.818154775153093,7.622453179527362,7.7032060623168945,1418373
2014-01-31,7.699083874904102,7.699083874904102,7.646760490331864,7.650879859924316,378675
2014-02-03,7.6550000244371015,7.700731639789175,7.486079419674155,7.527690887451172,1888623
2014-02-04,7.530163481774323,7.699495621392005,7.3583581646403315,7.598143577575684,1397682
2014-02-05,7.5973200933970055,7.5973200933970055,7.50709150897543,7.568479061126709,775863
2014-02-06,7.596082712046257,7.596495037918227,7.432517706475844,7.481957912445068,13178385
2014-02-07,7.556119385544221,7.70856017376425,7.457238958371604,7.540463447570801,8048304
2014-02-10,7.491847064545182,7.745640678135798,7.491847064545182,7.649643421173096,3056427
2014-02-11,7.646761735514965,7.704441476910068,7.580840919672547,7.667773246765137,487773
2014-02-12,7.654999575931512,7.910440930883921,7.601439216540836,7.844108581542969,716958
2014-02-13,7.869243297868528,8.190605547501312,7.725866641282153,7.885723114013672,1029105
2014-02-14,7.806617930640102,8.014266859717283,7.7209218065359515,7.982954978942871,554697
2014-02-17,7.959878734960877,8.009318932061511,7.745638140182532,7.825154781341553,1166913
2014-02-18,7.753878331320073,7.81155882563089,7.679718029194711,7.736574649810791,269874
2014-02-19,7.7460510133905505,7.828039289446554,7.624098247017934,7.729158878326416,272250
2014-02-20,7.902203649748155,7.902203649748155,7.663242793001864,7.68713903427124,239085
2014-02-21,7.790960885739622,7.790960885739622,7.59402312487476,7.652528285980225,1192851
2014-02-24,7.712681109416732,7.745641514500455,7.597320858584015,7.642228603363037,239382
2014-02-25,7.639760521142035,7.823100963056715,7.6381119944412355,7.77984094619751,260271
2014-02-26,7.704441079965387,7.76212159636231,7.619156505372088,7.692492961883545,9164430
2014-02-28,7.745641255011775,7.80455718942696,7.626160082326127,7.664888381958008,14835942
2014-03-03,7.663653427880589,7.795081947885014,7.580840475899016,7.631928443908691,10444995
2014-03-04,7.589490876044265,7.7456394603363705,7.564358447412412,7.608442306518555,3772098
2014-03-05,7.622864170058076,7.992841903260146,7.622864170058076,7.978422164916992,3780117
2014-03-06,7.910440138676257,8.125917754454289,7.910027812794808,8.090072631835938,7806249
2014-03-07,8.322443504118745,8.322855830055728,7.9269210160284365,8.052994728088379,8801199
2014-03-10,8.050523183050826,8.223564744292483,7.951642735469093,8.127568244934082,5418369
2014-03-11,8.127158252860227,8.22356631872327,7.992844970868935,8.167945861816406,1009800
2014-03-12,8.04269653890359,8.112325189715024,7.99325630695871,8.048876762390137,3593007
2014-03-13,8.075241709863489,8.50290072867007,7.992841871701994,8.219855308532715,11308473
2014-03-14,8.215324200835418,8.327388175466389,8.124682505236413,8.293603897094727,1165032
2014-03-18,8.293603792245529,8.567997385573921,8.212439371175211,8.432036399841309,10673586
2014-03-19,8.388363040012115,8.523499344553725,8.3224422463066,8.466230392456055,1584000
2014-03-20,8.381772143746645,8.565525594948571,8.355404287858134,8.387540817260742,419661
2014-03-21,8.446044627890602,8.502901266674057,7.9928423774330275,8.160115242004395,3121569
2014-03-24,8.244988119773005,8.848571142208463,8.244988119773005,8.716731071472168,9114633
2014-03-25,8.670586973522932,8.895128836361565,8.668526899333685,8.733211517333984,4521528
2014-03-26,8.775645819216502,8.956926864333106,8.570468540855966,8.902131080627441,6591519
2014-03-27,8.89100501779637,9.43484808940047,8.783885084669546,9.173227310180664,4353525
2014-03-28,9.393237983762665,9.570811226840636,9.072288881390268,9.453390121459961,5565780
2014-03-31,9.36069000485634,9.83119674950526,9.28652967443535,9.459158897399902,3295611
2014-04-01,9.43485008901274,9.572458828197698,9.22884969520264,9.300126075744629,1723986
2014-04-02,9.394062162643634,9.599651001242568,9.076407794295813,9.14686107635498,3538854
2014-04-03,9.115136776882357,9.30548201656856,8.808607406924864,8.976292610168457,2290662
2014-04-04,8.900071342876508,9.574930682631331,8.528857395618296,9.364397048950195,40951845
2014-04-07,9.451742425728991,9.508599067739915,8.98164878751397,9.181468963623047,5336694
2014-04-09,9.08877250861659,9.434854192052306,9.008844249485417,9.359869956970215,6257295
2014-04-10,9.41013007212828,10.356499116083985,9.237089303959614,10.029781341552734,17269659
2014-04-11,10.21683025911455,10.21683025911455,9.77269141551088,9.918951988220215,14943852
2014-04-15,9.970453765345335,10.472271599477235,9.93749336000317,10.104353904724121,15661899
2014-04-16,10.135664588399615,10.352377635927963,9.888875089331226,9.92801570892334,7472421
2014-04-17,9.92925294477252,10.143494409959953,9.789172585206538,9.992700576782227,5620626
2014-04-21,10.00382596436078,10.176454409211832,9.89752910185674,10.093642234802246,4842486
2014-04-22,10.102295134760528,10.32477614909726,10.020306825789795,10.099411964416504,4471434
2014-04-23,10.110535082994671,10.259268080124242,9.945734596641769,10.1797513961792,8229969
2014-04-24,10.1797513961792,10.1797513961792,10.1797513961792,10.1797513961792,0
2014-04-25,10.097351282950655,10.300056210551556,9.970455220906516,10.240316390991211,3806154
2014-04-28,10.251437920016409,10.25885434153752,10.011653257059077,10.228777885437012,3372039
2014-04-29,10.135252810298542,10.464854483431715,10.016595523353974,10.30046558380127,6217299
2014-04-30,10.225895459195517,10.398936244078326,9.731492438699574,9.975398063659668,11550726
2014-05-02,9.975396048636965,10.157913293451053,9.929664433921626,9.988992691040039,5228487
2014-05-05,9.890114216085356,10.20941559812226,9.822545650584868,10.138550758361816,3672306
2014-05-06,10.03719816984294,10.201174774750957,10.019894481312265,10.153382301330566,2044152
2014-05-07,10.052027667949238,10.19293265214785,10.036371731476812,10.109295845031738,2963268
2014-05-08,10.021129544561258,10.176454299642517,9.929253201101197,9.972513198852539,6098103
2014-05-09,9.896294077754773,10.16574289991354,9.896294077754773,10.056974411010742,8359362
2014-05-12,10.102290014669626,10.489572102731843,10.096109795132481,10.270386695861816,9321048
2014-05-13,10.304178052288623,12.140883787359877,10.185109172685621,11.042485237121582,37588716
2014-05-14,11.054432466060472,11.39598155396395,10.810939172462895,10.925887107849121,13671702
2014-05-15,10.92588449213275,11.08285774659225,10.767263489953322,10.96955680847168,6781797
2014-05-16,11.082859722170419,13.163469894245173,11.001282969944247,11.667078971862793,22700304
2014-05-19,11.721461587863127,12.393026215180965,11.717342218127094,12.026756286621094,34206777
2014-05-20,12.112863984290701,12.813679639560538,12.112863984290701,12.38725757598877,14847327
2014-05-21,12.39302373762963,12.63486842450165,12.138818610100017,12.431751251220703,11505186
2014-05-22,12.471306877840027,13.30767203264698,12.471306877840027,13.005674362182617,23555070
2014-05-23,13.760872935774458,14.172875249918949,13.357110916864373,13.433330535888672,22072446
2014-05-26,13.629031678731932,14.337675304081792,12.574718862117928,13.428387641906738,46164294
2014-05-27,13.390075021164138,13.464236147135539,12.873012659678349,13.021745681762695,10926630
2014-05-28,13.258233220052208,13.480302687437215,13.020507810872061,13.090959548950195,10289070
2014-05-29,13.217032716188083,13.23927964980427,12.937694286432341,13.002790451049805,15533100
2014-05-30,13.760873426195124,13.760873426195124,13.100433033362696,13.24669361114502,38155590
2014-06-02,13.348871630801927,13.841626074791172,13.348871630801927,13.781473159790039,29024721
2014-06-03,13.802074310513785,14.296476517210335,13.55528553316008,14.110251426696777,17543988
2014-06-04,14.209540121676996,14.411833420425758,14.008071474681033,14.289056777954102,20015028
2014-06-05,14.172876007870208,14.831667108592372,14.172876007870208,14.70641803741455,12223629
2014-06-06,14.847731504217945,15.36767753276413,14.847731504217945,15.13778018951416,18763866
2014-06-09,15.244078807402325,15.779680806748194,15.244078807402325,15.534952163696289,10082556
2014-06-10,15.614884486037338,15.68780861465484,15.046321188894147,15.211945533752441,6980688
2014-06-11,15.458319161306479,15.458319161306479,14.847732956144053,14.950321197509766,6457671
2014-06-12,15.043847177855886,15.043847177855886,14.560156178900572,14.900469779968262,9332631
2014-06-13,14.914479733066214,15.244082234412717,14.379700709336348,15.006769180297852,10167201
2014-06-16,15.227603685134966,15.358620673655121,14.64255971135081,15.043027877807617,6068601
2014-06-17,14.930958907831375,15.099055638542135,14.436555202735114,14.989874839782715,11520729
2014-06-18,15.038080570245596,15.289814134031158,14.916539321194088,15.008827209472656,8879409
2014-06-19,15.087518517760481,16.372553222273687,15.087518517760481,16.125762939453125,31455468
2014-06-20,16.180977235876103,16.438889500523633,15.936659282585575,16.061906814575195,11060478
2014-06-23,16.213522144732192,16.315699631348043,15.862085053114187,16.054901123046875,6464700
2014-06-24,16.076325392857978,16.68526551340612,15.994750198881803,16.548892974853516,12502314
2014-06-25,16.60368831759342,17.55129274416679,16.405927447906702,17.39061164855957,16562997
2014-06-26,17.54305502472683,18.00449759947895,17.238173406905634,17.418630599975586,20747430
2014-06-27,17.534817692889582,17.839699362250023,16.686091952382615,16.84306526184082,12951576
2014-06-30,16.966249212829588,17.806732848668172,16.26667057551538,17.725980758666992,16894548
2014-07-01,17.70785465768413,18.358819371174572,17.673659607565146,18.074949264526367,15306489
2014-07-02,18.26818003063314,18.456465217391134,17.88089851567725,17.98884391784668,9436185
2014-07-03,18.12315649181183,18.292901010977573,17.67489739869455,17.893259048461914,7847532
2014-07-04,18.02427257677568,18.21049765440775,17.913854794961935,18.014795303344727,7678539
2014-07-07,18.12809877423178,19.100424219230135,17.62298383615753,18.722206115722656,23519034
2014-07-08,18.828501440290808,18.909251981114135,17.551292955607913,17.661710739135742,19511514
2014-07-09,17.71156612830997,17.71156612830997,15.942839905186243,16.155433654785156,30887901
2014-07-10,16.16696426268912,16.30498609429751,14.54738528907011,15.11306381225586,70510770
2014-07-11,15.252323074500245,15.898343070284428,14.503304033303733,14.618252754211426,16231149
2014-07-14,14.642559841453117,14.988642984148397,14.029501030642477,14.824254035949707,9536967
2014-07-15,15.038078749859757,15.450079479329329,14.881517819163632,15.305880546569824,9713583
2014-07-16,15.301757073324392,15.646604651646893,15.021596422977904,15.303818702697754,8163540
2014-07-17,15.432780749513066,15.474805332203987,15.121308091797717,15.153032302856445,4138101
2014-07-18,15.079280515243854,15.435662411329494,14.856798755949857,15.244492530822754,7872975
2014-07-21,15.244081376541473,15.524242086567357,14.95650346703157,15.033135414123535,4732893
2014-07-22,15.013363050254735,15.548966828628139,14.955682523664722,15.18970012664795,7659432
2014-07-23,15.120481750624212,15.548964715079864,15.120481750624212,15.215654373168945,5285016
2014-07-24,15.326480026056855,15.326480026056855,14.96433027151489,15.05538272857666,2663991
2014-07-25,15.05455976225781,15.189696878171207,14.66892605786924,14.818071365356445,3996432
2014-07-28,14.832078519339044,14.939199244611101,14.273815637217535,14.356215476989746,7417377
2014-07-30,14.224376341381742,14.510304955269538,14.214075971757834,14.394533157348633,6019200
2014-07-31,14.30059727556538,14.95156046815472,14.30059727556538,14.521018981933594,27799002
2014-08-01,14.420082404307133,14.73073201869082,14.017555637665568,14.448511123657227,6694578
2014-08-04,14.317899007466659,14.667275977403854,14.317899007466659,14.550267219543457,2518065
2014-08-05,14.420076518206619,14.70847751954877,14.337675120718144,14.592705726623535,3346200
2014-08-06,14.529257680383239,15.122540288486135,14.529257680383239,14.743086814880371,6360354
2014-08-07,14.891820107533494,15.450081471352645,14.474872969184206,14.611247062683105,11110176
2014-08-08,14.47775711944669,14.99688016983945,14.308835731697421,14.747206687927246,9095526
2014-08-11,14.55191943406129,15.03808295129684,14.55191943406129,14.874929428100586,4212747
2014-08-12,14.762864598692342,15.029841803025576,14.684172567867076,14.7459716796875,3686661
2014-08-13,14.74184988940659,14.832077693373101,14.222314556363592,14.335203170776367,2829717
2014-08-14,14.338088174784486,14.584466171901196,14.337675848806969,14.510717391967773,2830707
2014-08-18,14.420075440620446,15.23583972351903,14.420075440620446,15.010887145996094,4020786
2014-08-19,14.964333291912556,15.150970717047596,14.915305394971265,15.005533218383789,2030490
2014-08-20,14.939202813149654,15.114715229524853,14.71672101429453,14.766985893249512,3377385
2014-08-21,14.685407329051195,14.947441277262833,14.547797806856373,14.652447700500488,1944756
2014-08-22,14.799122782797673,14.992761990353165,14.799122782797673,14.893470764160156,5631714
2014-08-25,14.900468565888689,14.993168764648745,14.584874319443678,14.880692481994629,4926141
2014-08-26,14.766157292446195,14.897586573518662,14.427491440015688,14.556035995483398,2053755
2014-08-27,15.079697473946682,17.467250748229468,15.079697473946682,17.158248901367188,106898022
2014-08-28,17.617213482976734,18.210497645635527,16.862426685309128,16.948122024536133,92926152
2014-09-01,17.089849530668726,17.526572730840847,16.933288588939643,17.391435623168945,24929982
2014-09-02,17.49361792730177,17.51586641939378,16.981085736792416,17.094799041748047,9251352
2014-09-03,17.139293916337145,17.303270526414963,16.596686885023537,16.692270278930664,8049591
2014-09-04,16.834409631570136,16.834409631570136,16.251839689621953,16.349895477294922,8240661
2014-09-05,16.438886670988133,17.88089479235539,16.438886670988133,17.137229919433594,46720476
2014-09-08,17.221690655728267,17.510091645311118,16.93452508801777,17.224163055419922,11611017
2014-09-09,17.300791969051698,17.379896297758588,16.94152543887679,16.9942626953125,6017517
2014-09-10,17.0156938182311,17.295856139781495,16.785384049357745,16.853364944458008,6064542
2014-09-11,17.15494142557439,17.75728880912328,17.15494142557439,17.451171875,26918199
2014-09-12,17.57122642343603,17.79304776394958,17.211493670070293,17.426668167114258,12434796
2014-09-15,17.380978066838274,18.01985640172267,17.258851511915214,17.812158584594727,14625666
2014-09-16,18.019856614388377,18.601410822962375,17.04783125801138,17.326976776123047,26234604
2014-09-17,17.58784647907872,17.86117660037514,17.249713934300456,17.589921951293945,11977812
2014-09-18,17.52969062284976,17.97582458509533,17.423348950268338,17.56915283203125,9094338
2014-09-19,17.662620229987898,17.7652235640746,17.455338089198193,17.56666374206543,4871097
2014-09-22,17.52968621046546,17.93677358300317,17.281279078595002,17.46488380432129,9048798
2014-09-23,17.493137140984235,17.778929533209293,17.173697936985775,17.315763473510742,11394702
2014-09-24,17.305371687923394,17.60445608859478,17.305371687923394,17.45034408569336,5888619
2014-09-25,17.46322217864505,17.64267282037252,16.70720300990702,17.034950256347656,4983264
2014-09-26,16.61581827482143,16.929026274463308,16.316732268902538,16.71302032470703,12882276
2014-09-29,16.806897485178958,17.03744111964514,16.673970040634167,16.77906608581543,9137898
2014-09-30,16.831818439939767,16.94812954817783,16.412684611023572,16.533565521240234,5137110
2014-10-01,16.631603827533606,17.445778684475407,16.631603827533606,17.068599700927734,18088092
2014-10-07,17.039516457438314,17.281276713114956,16.533150073336394,16.630767822265625,16197291
2014-10-08,16.699729859778916,16.82351615938494,16.41642870703515,16.455476760864258,5780907
2014-10-09,16.78156549575764,17.213991661744924,16.57428180727003,16.99175453186035,10495089
2014-10-10,16.951871153711334,16.9892563139627,16.575523651321063,16.671064376831055,4961880
2014-10-13,16.582587433341516,16.69889858339694,16.466277852048062,16.632434844970703,2757942
2014-10-14,16.64905251730478,16.823517687725808,16.532741357849364,16.686853408813477,4627656
2014-10-15,16.686853408813477,16.686853408813477,16.686853408813477,16.686853408813477,0
2014-10-16,16.554334940118764,16.864635957419754,16.446747710252637,16.482887268066406,6340059
2014-10-17,16.479982079002195,16.85674688851192,16.457967644996483,16.61581802368164,4066524
2014-10-20,16.7819787672534,16.85342803840763,16.61997427097882,16.78281021118164,5334318
2014-10-21,16.827673283936207,17.653480707862347,16.55185193831938,16.677715301513672,21855042
2014-10-22,16.798594651345454,17.263837717277315,16.798594651345454,17.184911727905273,6008211
2014-10-27,17.704149880728025,18.63463567567513,16.957268796468583,17.077733993530273,26462700
2014-10-28,17.213984203438166,17.579532309219537,16.93566865137639,16.998394012451172,8396784
2014-10-29,17.130906845909433,17.197370576128616,16.741267208232472,16.948549270629883,4372533
2014-10-30,17.00587548330681,17.147525276623693,16.790285232059116,16.963504791259766,3010689
2014-10-31,17.014597890336745,17.421685311128147,16.98053536464215,17.310773849487305,7010883
2014-11-03,17.36352858400456,17.52968712006836,17.23890928976628,17.342758178710938,4101075
2014-11-05,17.3759940378622,17.662200549369945,17.048246708091426,17.152925491333008,6987915
2014-11-07,17.238907172836043,18.900489191909028,17.238907172836043,18.540342330932617,52978068
2014-11-10,18.903817157138082,19.639897533906662,18.767567041767588,18.942033767700195,37516743
2014-11-11,19.04172814287159,19.315889686089463,18.94411036228717,19.08243751525879,9700713
2014-11-12,18.925415170964303,19.731281760900547,18.925415170964303,19.175067901611328,14722191
2014-11-13,19.2743446850421,19.3906542294423,18.643774735758452,18.83901023864746,6043059
2014-11-14,18.933724287957986,19.191267902750702,18.452694875739617,18.654577255249023,4894263
2014-11-17,18.77503781260934,19.105691917505574,18.654988350260172,18.945764541625977,12171159
2014-11-18,19.058336042904394,19.382344853562614,18.65083305233903,18.810344696044922,7040286
2014-11-19,18.742642024967843,19.066650950295077,18.485096830960455,18.6047306060791,5518656
2014-11-20,18.5764868143225,18.811601894254387,18.19473954232644,18.258708953857422,5297688
2014-11-21,18.119543202979465,18.52496917499303,18.119543202979465,18.207191467285156,9924057
2014-11-24,18.360890412568846,19.396056553485376,18.32433513068318,19.138925552368164,22573782
2014-11-25,19.30509086526992,19.349121307911076,18.696120994009796,18.94244956970215,10817433
2014-11-26,18.927079024695,19.21370123102341,18.79872135968128,19.126468658447266,14719320
2014-11-27,19.126467131782917,19.415582077646697,19.04504996595973,19.1459903717041,11748429
2014-11-28,19.249426901131702,19.390660976967833,19.15804023845903,19.28805923461914,11135223
2014-12-01,19.233221495098785,19.340808736290793,18.983570338421938,19.15720558166504,8713386
2014-12-02,19.290960099228258,21.17685618171969,19.13975658819071,20.893972396850586,70537401
2014-12-03,21.251631989068642,22.331660260606032,21.193892137367662,21.876802444458008,38939670
2014-12-04,21.999337941668735,24.79910179506801,21.828193911289016,24.341337203979492,94107420
2014-12-05,24.259095094425383,26.093065570254463,23.677540950634047,24.045997619628906,65482956
2014-12-08,23.843697245785915,24.574791976836668,23.195680997947694,23.378870010375977,30783456
2014-12-09,23.51137660794769,24.71602384431432,23.32901906690121,23.634334564208984,30555261
2014-12-10,23.83497301820258,24.37540201067157,23.121740218388794,23.36308479309082,19423602
2014-12-11,23.552917376879844,24.259090698064963,22.929824100472636,24.025638580322266,25527249
2014-12-12,24.42276143437541,24.807417147120727,22.930244495773103,23.249269485473633,24526161
2014-12-15,23.129217285261355,23.501410710060735,22.448384110539084,22.567602157592773,14519538
2014-12-16,22.348272650340853,22.534370139369518,21.52828250123657,22.036725997924805,19666251
2014-12-17,21.878879411504844,22.555974315827623,21.702335650461283,22.0296688079834,14211054
2014-12-18,22.447968323522485,23.282913509854435,22.413905800354343,23.138355255126953,21166596
2014-12-19,23.564552388203435,23.84120509351588,23.07937045704956,23.24635887145996,10738035
2014-12-22,23.4615352444046,23.503905934188474,22.738747030489197,23.000446319580078,7773084
2014-12-23,22.863366163541862,23.04614104075067,22.517341219411357,22.734594345092773,5598945
2014-12-24,22.58920626672873,22.92982998837464,22.3482773694066,22.65483856201172,6491331
2014-12-26,22.657743329719406,22.904903309110264,22.597510723079573,22.653589248657227,5058801
2014-12-29,22.846748663398312,23.162449424271575,22.639050876969154,22.6864070892334,8350848
2014-12-30,22.76367368126151,23.818777532018284,22.739164911986038,23.334842681884766,21703671
2014-12-31,23.328605963076008,24.91541622482142,23.328605963076008,24.487974166870117,39987783
2015-01-01,24.50833329139375,25.197888878570534,21.708566988907055,24.41985511779785,16552206
2015-01-02,24.309356477152804,24.657872588973195,23.968317083863813,24.297725677490234,10896534
2015-01-05,24.19470709779076,24.325555949495726,23.76892632426574,23.838712692260742,7117209
2015-01-06,23.835388777533403,24.209245084710844,23.201080377759975,23.523427963256836,14174127
2015-01-07,23.602762466369732,27.249103686955355,23.602762466369732,26.69330406188965,106931187
2015-01-08,26.65177446825966,27.12532407489086,25.929816120013978,26.124221801757812,53019450
2015-01-09,26.29452882888187,27.57394809277808,26.178217701480094,26.60358428955078,41711868
2015-01-12,26.742325642974162,27.158552626698192,26.323607465718677,26.710338592529297,30037887
2015-01-13,26.851160266172627,28.479092501464567,26.801311294960183,27.689842224121094,67516218
2015-01-14,27.623797623544966,27.873036235271304,27.133631700508502,27.325130462646484,20496861
2015-01-15,27.515800345329307,27.731806350246867,27.050558814562226,27.171438217163086,11048400
2015-01-16,27.39117001200805,27.98934193634547,27.204242658318982,27.36583137512207,21368655
2015-01-19,27.469683479247124,27.69025765700068,26.917623667684886,27.009010314941406,11937024
2015-01-20,27.200092051407413,27.264063018897144,26.09514097319068,26.28082275390625,17753967
2015-01-21,26.38716068027449,26.948777348269203,26.02867511355155,26.181957244873047,18738423
2015-01-22,26.31945983128438,27.00070730329725,26.169086144605508,26.655513763427734,38991249
2015-01-23,26.909320768309644,27.249946074719933,26.427048797843735,26.724056243896484,28132434
2015-01-27,28.429665450963046,29.69246861039356,27.922883182051255,28.284278869628906,58023207
2015-01-28,28.414523458845885,28.67127397757955,28.11449610762221,28.365419387817383,19361529
2015-01-29,28.296756750411376,28.296756750411376,27.58101539480079,27.85274887084961,11334510
2015-01-30,27.925153650253332,28.108664489681455,27.49778831699054,27.78034019470215,8474994
2015-02-02,27.88063017211635,29.11237135907499,27.547726384085216,28.488595962524414,20583486
2015-02-03,28.685427537327506,30.191812885721045,27.84734229654043,29.967105865478516,44045100
2015-02-04,30.29417232775529,30.566320653565267,29.421133372539614,29.573436737060547,22104819
2015-02-05,29.553473538803722,29.570119202333988,28.962571341859423,29.061609268188477,7194330
2015-02-06,29.12902070036277,29.57303181629112,28.24682885083207,28.37125015258789,8053254
2015-02-09,28.371244172225285,28.40078896053362,27.422887898153657,27.506113052368164,8275806
2015-02-10,27.38127455929012,28.363337065577493,27.16780088519879,27.788665771484375,10634481
2015-02-11,28.338378820953167,29.294643308433123,28.338378820953167,29.11487579345703,31994127
2015-02-12,29.27881995589879,30.868430014783744,28.813172128833617,30.688247680664062,44479017
2015-02-13,30.918783574229227,31.04320484641954,29.981245746737116,30.132301330566406,20106603
2015-02-16,30.335788702218416,31.163470273604016,30.002888068370872,30.464374542236328,16078788
2015-02-18,30.709471992598356,34.496243205856565,30.63539943701636,33.23579025268555,109588149
2015-02-19,33.11553411484203,33.49837493052172,31.67572828376194,31.93456268310547,37016100
2015-02-20,32.04192464366163,32.78263152256688,31.735651979580386,31.845096588134766,24559821
2015-02-23,32.07271613533853,32.44140688164098,30.836398499160644,30.99910545349121,20875833
2015-02-24,31.359465296568853,31.754790298566533,30.513893414289655,30.787704467773438,31191039
2015-02-25,31.10937572353626,31.500954244205552,30.71031042647949,30.846797943115234,21727827
2015-02-26,30.9849479012229,31.451013776979867,30.127721614567214,30.35076904296875,34231131
2015-02-27,31.126433222321165,33.99772140303712,31.101464733743196,31.360713958740234,161824707
2015-03-02,31.28455851006019,31.292881339004325,30.17349541970361,30.310815811157227,24964632
2015-03-03,30.477265920714967,30.678673330281892,30.002880437984853,30.29541778564453,19086210
2015-03-04,30.48559426344685,31.18468994348233,30.26171706352217,30.476438522338867,26097885
2015-03-05,30.618347423436926,30.751924476803588,29.561797217070577,29.81438636779785,24376671
2015-03-09,29.78650825010794,29.793165258676424,28.538121130513712,28.66712188720703,17811090
2015-03-10,28.79610882891946,28.970885098173287,27.29804672643046,27.597244262695312,32164803
2015-03-11,27.714175568788225,28.754497781278854,27.42288597790332,27.920574188232422,38426553
2015-03-12,28.180238483344336,28.613013029667382,28.04790927068643,28.172748565673828,20495079
2015-03-13,28.413275105767834,28.588048255615615,27.561043057755466,27.707937240600586,22500522
2015-03-16,27.797409869344975,27.862326700823928,27.008846692732455,27.164060592651367,11763873
2015-03-17,27.36462974832325,28.105339637537384,27.256436098369214,28.015039443969727,27175302
2015-03-18,28.04250162475379,28.22185420380371,27.2897255685918,27.41830825805664,12434202
2015-03-19,27.628039920418153,27.814049515292684,26.936848997506107,27.003013610839844,16199865
2015-03-20,27.13159921797956,27.143253695798496,26.216949009733224,26.559423446655273,15232635
2015-03-23,26.748758001813453,27.050451155367014,26.34136836629592,26.529457092285156,20835441
2015-03-24,26.71546910207123,27.181535044683134,26.5357016181371,27.054615020751953,23075019
2015-03-25,27.131595615369662,27.131595615369662,26.399211731102753,26.553592681884766,11144727
2015-03-26,26.54402306476566,26.72379053932679,26.008050716076553,26.309743881225586,11206899
2015-03-27,26.54901993046224,26.63183021292073,25.650182471697796,25.812471389770508,17418456
2015-03-30,26.38256902552496,27.245619549589787,26.38256902552496,27.031312942504883,44026785
2015-03-31,27.20650177026909,28.104924247306997,26.8914914522321,27.884790420532227,36140247
2015-04-01,27.92224966123956,29.91966648508063,27.880635501133103,29.080751419067383,57692745
2015-04-06,29.203911855357795,30.03616954029941,29.203911855357795,29.91091537475586,23404095
2015-04-07,30.08612023590446,30.160189669841817,29.054535371583825,29.845182418823242,16399251
2015-04-08,29.960446555546476,31.00035420231622,29.691211750819686,30.647476196289062,21605661
2015-04-09,30.910052238849453,31.251275746690975,30.302504418036378,30.74692726135254,13617351
2015-04-10,30.784386051289136,30.784386051289136,29.961283654822346,30.24591636657715,10212444
2015-04-13,30.368248345596893,30.477274910575634,28.54643795491245,28.66045570373535,22594671
2015-04-15,28.779460749460522,28.86268903403788,27.30220584414402,27.67172622680664,31522194
2015-04-16,27.870637802696507,28.258884545870576,27.306367010911053,27.45700454711914,19918404
2015-04-17,27.547310076450632,27.71334550605953,26.633074859851646,26.71047592163086,13110966
2015-04-20,26.782053642251554,27.327180228227203,25.79998941839215,25.968936920166016,18779310
2015-04-21,26.216120459572352,26.43417363855906,25.79999298525076,26.033857345581055,11051964
2015-04-22,26.224441430945966,26.627253287822086,26.049668249870475,26.45039939880371,12318372
2015-04-23,26.771234424213755,27.13159917549749,26.507408854604275,26.59687614440918,15151257
2015-04-24,26.673856901743484,26.776223313544996,25.818711237937887,25.928985595703125,12249567
2015-04-27,26.04966378591453,26.099599196454957,24.75966437067734,24.799196243286133,12447864
2015-04-28,24.634825509416608,25.120864038082498,24.33521304069067,24.82083511352539,12513897
2015-04-29,24.874510321482028,25.383852984129177,24.5599180803818,24.980623245239258,14457663
2015-04-30,24.96772651718272,25.88320948231431,24.651468422712256,25.67140007019043,11784564
2015-05-04,25.956452201463744,26.42334633743916,25.799987387293246,26.080873489379883,9386982
2015-05-05,26.156190138657166,27.99714310715019,25.841596303133645,27.235626220703125,30648519
2015-05-06,27.364631445996547,27.96385640150369,25.40050310757005,26.1607723236084,32678316
2015-05-07,25.89985965006983,26.840309696092387,24.651472714010218,25.0097599029541,35901459
2015-05-08,25.396344404554245,26.132891385901928,25.396344404554245,25.840768814086914,20133630
2015-05-11,26.174502959496973,26.623506794650655,25.925242348971913,26.04217529296875,11096118
2015-05-12,26.15785496157897,26.506571462241308,25.642271700106033,26.140792846679688,18304902
2015-05-13,26.407537891742624,26.548186819587738,26.224438754519067,26.368837356567383,15410835
2015-05-14,26.365089277758127,26.590632324994353,26.091276642763848,26.16118621826172,7010487
2015-05-15,26.423339164852838,27.047532428761837,26.145366757528787,26.278112411499023,10490337
2015-05-18,26.465795659798466,26.715471168599837,26.174920879003334,26.34178924560547,6051672
2015-05-19,26.457471186937862,26.673858500310867,26.230680335127406,26.5128173828125,8670123
2015-05-20,26.75707646672462,26.84154940443676,26.38256175597795,26.466201782226562,5335011
2015-05-21,26.67385889561636,27.170717440662703,26.466209294228264,26.79661750793457,12054933
2015-05-22,26.85945217599113,26.91521326052385,26.432504754720878,26.588136672973633,4779918
2015-05-25,26.70423934536335,27.005099654565424,26.54902230529278,26.737945556640625,5633595
2015-05-26,26.734190102361065,27.61430411945426,26.734190102361065,27.451597213745117,16580421
2015-05-27,27.298052456240413,27.739146778882883,27.058362469531694,27.56520652770996,8275707
2015-05-28,27.630954283215043,28.063725743940307,27.57269447105591,27.767026901245117,8401536
2015-05-29,27.897276107066034,30.19430818106734,26.493257345302386,29.788997650146484,84869631
2015-06-01,29.83642743159856,30.418591659579537,29.639184576392662,30.030759811401367,22627737
2015-06-02,29.753211303349254,29.836436466995515,28.547268341437878,28.903474807739258,23190651
2015-06-03,28.98711174782497,28.98711174782497,26.320143268390378,27.08415412902832,24557346
2015-06-04,27.381276134462098,27.76411376303206,26.654716294611863,27.545230865478516,18543294
2015-06-05,27.44785454239476,28.255147062724586,27.06501692906454,27.650924682617188,15275700
2015-06-08,27.672563833565142,28.08036992493965,27.256434912320735,27.38709831237793,8058699
2015-06-09,27.279736711431713,27.664240124171112,26.7820484735729,26.929357528686523,8142849
2015-06-10,26.96514650462417,27.614308405195533,26.96514650462417,27.224395751953125,6222150
2015-06-11,27.422891503000443,27.573943967677113,26.536953192363978,26.690086364746094,8519544
2015-06-12,26.782048611931543,27.131594884909486,26.407948734266125,27.04212760925293,8975538
2015-06-15,27.04836497944254,27.539396127111047,26.861107631379816,27.200668334960938,7584984
2015-06-16,26.93268489190976,27.214821888849315,26.819500071581228,27.134092330932617,5414607
2015-06-17,27.289731256351367,27.766615666224343,27.078338253472317,27.48531150817871,13570920
2015-06-18,27.49778251578291,28.22933641376387,27.49778251578291,28.033756256103516,12617847
2015-06-19,28.19439095939296,28.5048218287906,28.130307054888938,28.345861434936523,11836044
2015-06-22,28.546433924194982,28.627993251200405,28.050408383685234,28.33587074279785,7175916
2015-06-23,28.33004924218621,28.656292866205607,28.089941251957942,28.250152587890625,7694577
2015-06-24,28.3383730616365,28.571402882759205,27.69337256647357,27.981748580932617,7587063
2015-06-25,27.89726987296677,28.199795893907112,27.670064194105706,28.037921905517578,6584886
2015-06-26,28.084951844430165,29.003348542629222,27.921826879041866,28.659208297729492,15173235
2015-06-29,28.183152464298423,28.28010965408801,27.252271664895463,27.7391414642334,9170766
2015-06-30,27.86356288400097,28.25014694891806,27.730818799659133,28.016281127929688,11378862
2015-07-01,28.121983398251285,28.695406875514177,28.09618199766232,28.4045352935791,9997515
2015-07-02,28.4615445229104,28.92095026841645,28.296756893648016,28.43366241455078,9492714
2015-07-03,28.50232702217153,28.746178402033046,28.30133444587508,28.446147918701172,6734277
2015-07-06,28.26346488367033,28.379981354613136,26.54901542394052,28.16109848022461,8270658
2015-07-07,28.24682502556049,29.253856067883838,28.213118819847985,28.736608505249023,14410341
2015-07-08,28.496502058610762,28.949250853708826,28.081620886464524,28.372495651245117,8962668
2015-07-09,28.54643710882309,28.836060914903808,28.36375601386586,28.52521514892578,5673393
2015-07-10,28.670444078534665,28.87934146430678,28.296759050937077,28.62342071533203,4535784
2015-07-13,28.712884303147895,28.846046429500266,28.474442157339364,28.712051391601562,4255911
2015-07-14,28.75450031199534,29.312111055406362,28.671272013221177,29.047870635986328,9681408
2015-07-15,29.253856060192245,29.5451456933512,29.129016747963316,29.32002067565918,6866046
2015-07-16,29.52600987915036,30.608776362403386,29.29547246481617,30.446487426757812,24660603
2015-07-17,30.835142539242828,30.943336187261014,30.260886121882017,30.365751266479492,14044833
2015-07-20,30.493918047787716,30.621667827734846,30.194305604105587,30.40361785888672,5303826
2015-07-21,30.543015731698638,31.001173634215107,30.06530169567236,30.173080444335938,12587157
2015-07-22,30.1943092398949,30.61876103865311,29.79482593354905,30.47935676574707,5129982
2015-07-23,30.768150998162145,31.541319354220963,30.63873537870817,31.282899856567383,18236295
2015-07-24,31.451024706176362,31.534249886321486,30.432756973740986,30.555097579956055,13132845
2015-07-27,32.53295191863432,32.689831619431324,30.50224409407278,30.639564514160156,40279536
2015-07-28,30.943335259672292,31.3677870089381,30.69365979385057,31.222976684570312,12994542
2015-07-29,31.406903131614854,32.89081846431903,31.006172066950093,32.70522689819336,27314100
2015-07-30,33.0822361444314,33.13216997505579,32.5416828623596,32.682334899902344,14478750
2015-07-31,32.78428721539818,33.4151375495112,32.57039867815713,33.166709899902344,19211247
2015-08-03,33.17378375894952,34.571975004095826,33.13216961466327,34.32354736328125,20486565
2015-08-04,34.538684203592105,34.621912493405425,33.87329477074585,34.343936920166016,16490925
2015-08-05,34.455472729701796,34.555343574046915,33.481732783102764,33.65525817871094,10469547
2015-08-06,33.739727482572974,33.7896644708423,32.66611680847784,33.13093185424805,10861389
2015-08-07,33.207084417799955,33.65650477283284,32.793039241774366,33.00027084350586,12000879
2015-08-10,33.16770422196436,33.484568618733086,32.674620678613024,32.798519134521484,5712597
2015-08-11,32.774646608531775,33.008213242413525,31.732387476118944,31.893959045410156,11398761
2015-08-12,31.99609686760474,32.02079182249442,31.08569052974969,31.22591209411621,10953360
2015-08-13,31.47705464417968,32.125851159202185,31.27111374252555,31.460731506347656,12544983
2015-08-14,31.602631515198965,32.29412180793826,31.38246040908806,32.18403625488281,11867130
2015-08-17,32.35606852130733,32.35606852130733,31.61099934858054,31.74117660522461,7882083
2015-08-18,31.811925693351913,32.03795837020359,30.979372737979258,31.075645446777344,12560724
2015-08-19,31.392920296828716,31.393340784415027,30.44651655623197,30.51390838623047,26581401
2015-08-20,30.544469288024118,30.80356871767678,30.09575206045255,30.327646255493164,13040478
2015-08-21,30.137600209122198,30.22047734586363,29.677163240842837,29.98105239868164,15330051
2015-08-24,29.375797966541676,29.375797966541676,26.127633665787897,26.560026168823242,20647935
2015-08-25,26.873540519717324,28.151876766133793,24.71284094432374,27.914127349853516,29554767
2015-08-26,27.668004049786607,28.43818572648584,26.926700075933628,28.17113494873047,13196007
2015-08-27,28.421439147324993,29.01581890681552,28.421439147324993,28.631145477294922,12168684
2015-08-28,28.82327865936598,29.928323405772762,28.82327865936598,29.093677520751953,16223328
2015-08-31,29.17487834969276,29.216737416995326,28.111689655817365,28.20419692993164,12774465
2015-09-01,27.96979349794871,27.96979349794871,26.881071997870084,26.967300415039062,12255012
2015-09-02,27.291280420116237,28.254010626590453,27.060227193961687,27.41643714904785,18747630
2015-09-03,27.626141170327134,28.128434186287837,27.375834056812483,27.634933471679688,7975539
2015-09-04,27.62865722433249,27.62865722433249,26.886518630270913,27.0238094329834,15925536
2015-09-07,27.023388852239993,27.165706520398395,26.203395327294935,26.42314910888672,16773471
2015-09-08,26.53783785339672,27.59181686229418,26.42063405216404,27.380014419555664,13866336
2015-09-09,28.04430610600282,28.379586547028797,27.69186154731114,28.053512573242188,23537052
2015-09-10,27.667998621451527,29.091162610399536,27.416850547373222,28.47962188720703,37580499
2015-09-11,29.007447818335184,29.367005817590076,27.835428734681354,27.98737335205078,54376938
2015-09-14,28.881866790340073,28.881866790340073,27.07360930353673,27.490514755249023,14214090
2015-09-15,27.500560431255302,28.00159818549699,26.8400472520369,27.314714431762695,11272899
2015-09-16,27.597254795411903,28.228887148781826,26.927949287787374,27.0384521484375,10171392
2015-09-18,27.58846675584182,28.000348591007917,27.116312923058278,27.318485260009766,13291344
2015-09-21,27.500565599451885,28.027974027325627,27.376249863280204,27.67762565612793,9001212
2015-09-22,27.902402978891992,27.96393644529159,27.29965132862825,27.482990264892578,9080445
2015-09-23,27.349875222286126,29.007443417576194,27.19918576745956,28.694765090942383,22769439
2015-09-24,29.130507284623317,29.886458599964296,28.4461337055231,29.429372787475586,45326292
2015-09-28,29.685542020697692,30.300851317002824,29.44067597108291,29.714426040649414,11624745
2015-09-29,29.359056845670715,29.660432696101388,28.674683111443837,28.83416175842285,9061635
2015-09-30,29.133028160944612,29.25734392441889,28.25401286758276,28.516460418701172,7614486
2015-10-01,28.630727856359304,28.999915997891005,28.403443225407948,28.732444763183594,7382925
2015-10-05,29.03004923802584,29.88394888424309,29.03004923802584,29.730749130249023,9730083
2015-10-06,30.388754028774283,30.80691473867234,29.454490609402075,29.850046157836914,18573786
2015-10-07,29.836231412965994,30.51432614436938,29.41304700930069,30.229276657104492,10532973
2015-10-08,30.25565047808037,30.388755365440367,29.886462332511933,30.220487594604492,5093979
2015-10-09,30.31340424486813,30.73909886173065,30.212945664648696,30.32721710205078,7844793
2015-10-12,30.464101515581056,30.589672401916943,30.137610255673184,30.309646606445312,4172223
2015-10-13,30.140117191312733,30.337268962103305,29.650381936565672,29.837486267089844,4650525
2015-10-14,29.748331234534792,30.10118988705988,29.590107756819993,29.793535232543945,3386955
2015-10-15,30.0597521662166,30.0597521662166,29.56373802115344,29.7119140625,2798169
2015-10-16,29.8864715701735,30.08864714718646,29.315114056603388,29.924144744873047,6246306
2015-10-19,30.059748555474815,30.22550601767907,29.76088306767931,29.85129737854004,2439591
2015-10-20,30.08235232572651,31.51891166260118,29.836228003697837,31.309202194213867,15788388
2015-10-21,31.544029248846627,31.616862129953308,30.13760883124419,30.89607048034668,10940028
2015-10-23,31.11707991021555,31.21251795413608,30.28955394725061,30.534420013427734,4580829
2015-10-26,30.740357644026094,30.740357644026094,30.01203206073607,30.163976669311523,8727213
2015-10-27,30.044673722118734,30.840808253839512,30.037139724854487,30.546966552734375,7597887
2015-10-28,30.551996407320125,30.860906164993438,30.137604343643083,30.438980102539062,8467767
2015-10-29,30.42767572402432,31.142188364803157,30.288288850986014,30.595943450927734,31515660
2015-10-30,31.518914909248597,31.865494689758965,31.0166187742371,31.23763084411621,23721390
2015-11-02,31.242647955912652,31.439799704619723,30.702681883438274,30.916156768798828,3293103
2015-11-03,31.167307649317713,31.770059205898807,30.26318031444607,31.593002319335938,11755029
2015-11-04,31.77006424747019,32.146783239724485,31.226332620645874,31.546545028686523,7079688
2015-11-05,31.392089640980224,31.5264528304953,31.016622632655086,31.149730682373047,3305280
2015-11-06,31.183633031674972,31.694718332714032,31.041735851977126,31.256465911865234,8562015
2015-11-09,30.8546296660716,32.649074660261064,30.514325586159682,32.410484313964844,11813043
2015-11-10,32.473276037983425,32.473276037983425,31.142198619551586,31.378278732299805,5994417
2015-11-13,31.770052363702817,31.770052363702817,30.730306942916652,31.03544807434082,3767379
2015-11-16,31.01662593180743,31.737417700628416,30.769246387698725,31.353164672851562,4003890
2015-11-17,31.402123841937733,31.8705121452086,31.35063783429171,31.49630355834961,4960758
2015-11-18,31.518917557162037,31.59300557937262,30.771755313201968,30.904863357543945,4275975
2015-11-19,31.045507810117982,31.456131394274742,30.90486575482684,31.340604782104492,2664156
2015-11-20,31.39334611000327,31.820295999015922,31.112061997969743,31.464923858642578,8867463
2015-11-23,31.69472078256386,31.749972226440597,31.208750884350223,31.41594696044922,4149420
2015-11-24,31.544025336738155,31.97097512952144,31.343108159141387,31.52142333984375,6782490
2015-11-26,31.521428342933874,32.43183464601672,31.34311313392927,32.13045883178711,15326388
2015-11-27,32.16561289780492,32.57372610541863,31.871771135398202,32.01869201660156,3939540
2015-11-30,31.694717974400184,32.01995407138456,31.3468798782582,31.490032196044922,7236141
2015-12-01,31.525198074250476,31.792672505123104,31.016626120577968,31.090717315673828,4438302
2015-12-02,31.266509432052505,31.266509432052505,30.438980435190913,30.600969314575195,6123315
2015-12-03,30.388747863610337,31.14595738778723,30.364890728813826,30.72528648376465,5696559
2015-12-04,30.46410238740052,31.11708176434201,30.40131378087453,30.7880802154541,3926439
2015-12-07,31.127132219095756,31.127132219095756,30.464105336305057,30.735342025756836,3788235
2015-12-08,30.587161198310586,30.89105044827215,30.391267712908295,30.510562896728516,3471864
2015-12-09,30.438988140388947,30.762965981167905,29.764658713805197,30.07105827331543,6490077
2015-12-10,30.11249314889152,30.294573769416548,29.600155867371136,29.935436248779297,7385664
2015-12-11,30.012032122541292,30.37619649571661,29.233478822366262,29.41179084777832,6885648
2015-12-14,29.409280911759115,30.076076209320362,29.08278969248307,29.78725814819336,3628944
2015-12-15,29.86134271125809,29.951753854178953,29.414301231457163,29.568756103515625,4976697
2015-12-16,29.941716032519864,30.529399653677682,29.685544222296528,30.010780334472656,6116022
2015-12-17,30.137603275257327,30.551995324244064,30.13634813576569,30.254384994506836,10445721
2015-12-18,30.26318796391063,31.380790486090262,30.13886904075952,30.98146629333496,32125863
2015-12-21,30.71524196871899,31.741177901642263,30.71524196871899,31.59048843383789,13544388
2015-12-22,31.51892242777961,32.12167413970097,31.418460647564487,31.901920318603516,12566730
2015-12-23,32.01869684135611,32.197012045879454,31.468686389404606,31.95088768005371,5534331
2015-12-24,32.272358360004986,33.51302458978206,31.999866548439233,33.079795837402344,20373309
2015-12-28,33.27568894381514,33.315869222770395,32.731954195561,32.82362365722656,9020814
2015-12-29,32.91655042408836,33.888487060321125,32.84999639875735,33.74407958984375,21020076
2015-12-30,33.980148154215534,34.556529077402686,33.80434326254443,33.96633529663086,16273092
2015-12-31,34.17729222204401,34.72102680019057,34.030371366023076,34.43471908569336,19482474
2016-01-01,34.58290415648584,34.65448189428398,34.198651211510196,34.551509857177734,7632504
2016-01-04,34.453566688886646,35.58372675198924,34.2815303449415,34.40835952758789,14444199
2016-01-05,34.63312834590741,34.95961954077107,34.130835415948134,34.31040573120117,8738796
2016-01-06,34.28152773246121,34.65824667093324,33.72900388268287,33.990196228027344,5917362
2016-01-07,33.980140855389564,33.980140855389564,32.26857672954142,32.493350982666016,14032953
2016-01-08,32.77464425892117,33.15011120331843,32.3225821843293,32.60009765625,6597558
2016-01-11,32.44815354585439,33.57579994128181,31.92325547983097,33.417579650878906,10047939
2016-01-12,33.70389496711515,34.39580584328501,33.51553546142201,33.65617752075195,16810035
2016-01-13,33.90480074190162,34.15594877236385,32.51093834136122,33.647377014160156,17194683
2016-01-14,33.20159816027738,33.39874994605695,32.397929340296805,32.84246063232422,5554494
2016-01-15,32.988120647251826,33.2769418731437,31.21753594113764,31.63318634033203,6103053
2016-01-18,31.44356298535553,31.70852386478842,30.06351348447408,31.021636962890625,7673622
2016-01-19,31.14219942221729,31.71983883553983,30.653719204191642,31.59677505493164,5920530
2016-01-20,30.77803102989467,31.107032526345797,29.551177895712993,30.461584091186523,8477106
2016-01-21,30.665021173449578,31.13843337999753,29.204601108198503,29.435657501220703,16178118
2016-01-22,29.883954401794455,30.438988642000897,29.10163234872563,29.978134155273438,11598576
2016-01-25,30.42391289733252,30.86593068855836,30.137605128534716,30.373682022094727,7404012
2016-01-27,30.638649227584214,33.11621304481922,29.97436410315309,30.288297653198242,37507305
2016-01-28,30.33851767070081,31.11707082544028,30.037141950005516,30.835786819458008,12522939
2016-01-29,30.916160742870893,31.169819094280506,30.563302096165398,30.929973602294922,5345769
2016-02-01,31.26776868638074,31.35566956672521,30.69013252322508,30.97769546508789,6798957
2016-02-02,31.11708075428982,31.267770243499598,30.514329120573024,30.721525192260742,5510934
2016-02-03,30.476656624590877,31.142193646752865,30.10621337312067,30.53944206237793,7856574
2016-02-04,30.831365652666936,31.12203957060892,30.211015663086727,30.725666046142578,8496345
2016-02-05,30.728196449470296,31.215167560524687,30.552029315008433,31.10317611694336,3783747
2016-02-08,31.105694917312373,31.59643925826933,30.828865344888598,30.958471298217773,4560798
2016-02-09,30.45136028435203,30.804949070778477,30.213539273515543,30.427453994750977,4598781
2016-02-10,30.50168641989429,30.50168641989429,29.7668264110298,29.901466369628906,6421965
2016-02-11,29.696363229785938,29.958093637462273,27.82146554090459,28.28830337524414,13682889
2016-02-12,28.312219588528478,29.142711388469912,27.397418982053072,28.323545455932617,14815482
2016-02-15,28.689711800466327,29.807101172784837,28.663290059326794,29.225759506225586,4469619
2016-02-16,29.571795101618115,29.721534139211673,27.73339002673814,28.0932674407959,5975376
2016-02-17,27.909549996049616,28.329829857163595,27.17972396334245,28.18889808654785,11192577
2016-02-18,28.66454871809708,28.941378242998447,28.312217639797964,28.809253692626953,7631679
2016-02-19,28.43805067679427,28.684682117248293,28.251818578814216,28.431758880615234,5712927
2016-02-22,28.66202561280457,29.545367037476755,28.388972475539497,29.1301212310791,8107869
2016-02-23,29.331458818706274,29.331458818706274,28.047973513264584,28.109630584716797,8421996
2016-02-24,28.16121915991486,28.63686756589228,27.230061799110278,27.456560134887695,9448065
2016-02-25,27.683059137083692,27.88439029193813,26.55057059900878,26.850051879882812,8384673
2016-02-26,27.028724123360096,27.140715538536362,26.42599012857019,26.569438934326172,8811000
2016-02-29,26.63865107709389,27.147013006377172,25.795577309817837,25.920150756835938,12762288
2016-03-01,25.79557563602618,26.25989496151431,25.367746191891825,26.155454635620117,19493628
2016-03-02,26.475070451094794,27.053898309541513,26.324072085939658,26.443613052368164,12335598
2016-03-03,26.67640294540513,27.36596293201072,26.56315377656217,27.057674407958984,16994406
2016-03-04,27.304303380589904,27.927172168609626,26.802233272619784,27.696897506713867,14022426
2016-03-08,27.808887592035912,28.04796948940905,27.165885721835505,27.333242416381836,6107805
2016-03-09,27.33072216636521,27.657886014806877,26.880244200068784,27.557220458984375,5204232
2016-03-10,27.58490278417339,27.715766406221363,27.02872209422986,27.27787208557129,5288217
2016-03-11,27.277877665985226,27.807630393150568,27.10422917253133,27.350860595703125,7105395
2016-03-14,27.456554589005247,27.607554505048338,26.53798100662593,27.046342849731445,10004445
2016-03-15,27.12939091611452,27.12939091611452,26.340424824391174,26.763221740722656,6046491
2016-03-16,26.928058833231336,26.928058833231336,26.32406552319,26.804744720458984,9017316
2016-03-17,27.05388927203384,27.58238416554875,26.92805655108767,27.27787208557129,12100539
2016-03-18,27.532061640110378,27.876840045818373,27.369735826662986,27.754783630371094,13588113
2016-03-21,27.808890172861233,30.275198250610824,27.732134060875286,29.62213134765625,30386136
2016-03-22,29.948031507824837,30.250028192657034,29.639743027387322,29.983266830444336,21158181
2016-03-23,30.06127751768879,30.75335595346964,29.566760176029785,30.242475509643555,9746913
2016-03-28,30.50924998201589,30.67283353603356,29.145232111078307,29.385568618774414,10003983
2016-03-29,29.459806232592797,30.02604883482449,29.23204703087605,29.698884963989258,8062098
2016-03-30,30.09903812338473,30.60488466294271,29.797041371437814,30.448850631713867,12866271
2016-03-31,30.677862677473648,31.432856098020146,30.124203581404416,30.81124496459961,26654034
2016-04-01,30.401029332335266,30.676601120237347,29.987041203666728,30.17704963684082,7250529
2016-04-04,30.577200311375986,30.67660817430641,30.256328153138305,30.348186492919922,6463941
2016-04-05,30.256315579155885,30.256315579155885,29.447218027657296,29.722789764404297,8653590
2016-04-06,29.847366116641343,30.126714239734063,29.32516291878997,29.484970092773438,6180009
2016-04-07,29.570545544274072,29.570545544274072,28.768993981225638,29.000526428222656,11185977
2016-04-08,29.193047867460386,29.6296846399777,28.80548457711086,29.385568618774414,5622408
2016-04-11,29.495036625906558,29.570535001413372,28.502219206869324,28.957731246948242,8720118
2016-04-12,29.06468973818794,30.02353276742691,28.94137561442416,29.78696632385254,9551091
2016-04-13,30.106578355525816,30.57467396861175,29.822196188486963,30.049955368041992,8398434
2016-04-18,30.124197823220488,30.614942027137197,29.77312450829932,30.354469299316406,7556703
2016-04-20,30.354468318443804,30.723156114222675,30.00213728943477,30.15313720703125,6570828
2016-04-21,30.25002869083615,30.42619580261192,29.122574382228215,29.42708969116211,6347979
2016-04-22,28.991707902649043,29.658619247095224,28.991707902649043,29.42960548400879,7199775
2016-04-25,29.56550329749811,29.856177293782505,29.350330850836606,29.495038986206055,5381013
2016-04-26,29.44470634166779,30.042407969355047,29.385564724901123,29.982011795043945,7310721
2016-04-27,30.039893158970735,30.753362584173974,30.022278663779087,30.516796112060547,9726387
2016-04-28,30.65268527468187,31.01759985408578,29.64854844683999,29.789480209350586,16132512
2016-04-29,29.944266357852253,30.3456709863853,29.570544370173184,29.742935180664062,5478495
2016-05-02,29.448478255604353,30.17452798060611,29.448478255604353,29.877565383911133,3579312
2016-05-03,30.066322906461583,30.173280292761774,29.469878895722022,29.59319305419922,4534959
2016-05-04,29.520204250838344,29.789487420023946,28.68971251442979,28.8608455657959,5203704
2016-05-05,28.911182081767993,29.243376900161007,28.708590035012925,28.85329818725586,7493508
2016-05-06,28.86083485555785,29.054616400012605,28.563872329179073,28.743812561035156,4345869
2016-05-09,28.80925977915074,29.21821394082322,28.701044664774212,29.00429916381836,7226010
2016-05-10,29.062179688466333,29.545374469371023,29.059664237010537,29.435901641845703,6585249
2016-05-11,29.092378219963457,29.386825407992955,28.8155455266236,29.128868103027344,2995509
2016-05-12,29.117542325881644,29.411989514816135,29.10621962728196,29.19430160522461,2950497
2016-05-13,29.16787533066636,29.185492992660635,28.840711450701075,28.913694381713867,3763254
2016-05-16,28.941381229729902,28.95396482326148,28.011481546805484,28.557594299316406,11061171
2016-05-17,28.689709957396904,28.941375441546345,28.312214899247014,28.502220153808594,7111038
2016-05-18,28.440561936878648,29.09237418375421,28.312213749044883,28.93760108947754,6377085
2016-05-19,28.94137822047536,28.986678518863847,27.992603245904906,28.131019592285156,5153676
2016-05-20,28.261884317676344,28.412881076989265,27.55722221396823,27.68557357788086,17118783
2016-05-23,27.829016721825283,28.312211349457893,27.490530204646216,27.649076461791992,5337123
2016-05-24,27.680531861116314,28.06935268583728,27.23005082250037,27.90703010559082,6896406
2016-05-25,27.959883020838497,28.348707100989923,27.75855190675559,27.913328170776367,9635175
2016-05-26,27.98756838500939,28.563879086101355,27.985049766076234,28.287046432495117,12716385
2016-05-27,28.538714900618046,30.325531073861676,28.538714900618046,29.77312660217285,27444186
2016-05-30,30.073866950204252,30.1745325208471,29.44470634166779,29.982011795043945,10446975
2016-05-31,30.0965166517761,30.099035271183883,29.570540213338496,29.65233039855957,4653825
2016-06-01,29.79703221514523,30.199694427340887,29.048330778311527,29.10495376586914,6768168
2016-06-02,29.238341590496237,29.419539620508232,28.85329696474874,29.30503273010254,3668346
2016-06-03,29.570531412576422,29.60828217978528,28.68970552229336,28.772756576538086,5763450
2016-06-06,28.865886747871798,30.04996757719434,28.865886747871798,29.856185913085938,13310682
2016-06-07,29.97319662284268,30.778521060181234,29.95054806107032,30.63633155822754,19364730
2016-06-08,30.95468791883696,32.72262849112648,30.95468791883696,32.44453811645508,41726619
2016-06-09,32.28849988749326,33.06739923392529,31.458008466511806,31.751197814941406,25260246
2016-06-10,31.835522211003052,32.56534853209926,31.583859819496734,31.853139877319336,15447861
2016-06-13,31.702128650500605,31.81286234445591,31.156019205522448,31.35483169555664,7603332
2016-06-14,31.536031490457024,31.760011151388643,30.98866117578804,31.289400100708008,7024908
2016-06-15,31.458017014353224,32.182809032935836,31.35735145621675,31.69835662841797,8456415
2016-06-16,31.885850584556948,32.278444728424084,31.659352257208802,31.9437313079834,13936791
2016-06-17,32.16266803832714,32.24194273994352,31.583842012929633,31.644241333007812,6652965
2016-06-20,31.483190392762488,32.754095422322884,31.330935868842747,32.332557678222656,14185578
2016-06-21,32.61567004127991,32.81448252346228,32.1425403699141,32.30486297607422,12154956
2016-06-22,32.288511725764394,32.43699304209999,31.508351200099646,31.82670783996582,8904258
2016-06-23,31.812863061576724,32.185324037478864,31.597690632048906,32.07207489013672,5525520
2016-06-24,30.250035553044935,31.632932012226107,29.697634139319877,31.4127254486084,10806411
2016-06-27,31.58385221361595,31.933664659372354,31.382517913589997,31.649282455444336,6742791
2016-06-28,31.694585760976175,31.890886009319857,31.308280228838996,31.430339813232422,10660155
2016-06-29,31.59140155213359,32.20797853617422,31.59140155213359,31.9764461517334,9329430
2016-06-30,32.213013912017054,32.389181051975875,31.73485320201428,31.888368606567383,10950225
2016-07-01,31.961354568837134,32.28726079889679,31.955062771526897,32.005393981933594,7899738
2016-07-04,32.207982506322914,32.45838714108079,31.992810031776866,32.07460021972656,10511523
2016-07-05,32.18658151672084,32.50871126411913,31.961340971374895,32.07962417602539,5635905
2016-07-07,32.41433419569274,32.43949820357779,31.836762714196592,31.95882225036621,5829021
2016-07-08,32.031821775999454,32.031821775999454,31.458029451800467,31.66691017150879,4411572
2016-07-11,31.858162408207512,32.13750733982136,31.59768969386186,31.66060447692871,6797505
2016-07-12,31.760025603185923,31.936189603992183,31.66565180503433,31.75499153137207,4329402
2016-07-13,31.83551360741235,32.15764340905256,31.229004778289518,31.36490249633789,8253366
2016-07-14,31.45801613009059,32.26334057254528,31.1056851024796,32.18658447265625,13721796
2016-07-15,32.253274197706354,32.36148926894348,31.430332130851514,31.52470588684082,10370745
2016-07-18,31.70213831383784,31.827971087301208,31.210136256412905,31.283119201660156,5091273
2016-07-19,31.406426227820724,31.689547527803178,31.012571225260288,31.245361328125,5785461
2016-07-20,31.2818525109437,31.83551471073832,31.20635412808631,31.449209213256836,6440181
2016-07-21,31.484438881217425,31.758752896660713,31.099391178479404,31.144691467285156,8993292
2016-07-22,31.138401970656098,31.369934333138342,30.869122004778045,31.108203887939453,9319200
2016-07-25,31.142175864258704,31.508345012789675,30.855278260657627,31.300722122192383,8267259
2016-07-26,31.470600813018912,31.53225787377088,30.728191128830353,30.862831115722656,4663791
2016-07-27,30.954691237184004,31.159795543186767,30.479046048040544,30.6816349029541,6979368
2016-07-28,31.156021142710742,31.43159291720509,30.612427114767524,30.7307071685791,15301506
2016-07-29,30.803694839625503,31.22775115356302,30.753363635546958,31.10317611694336,10115787
2016-08-01,31.105683389511185,31.65934549724606,31.088068898348833,31.223966598510742,10576599
2016-08-02,31.582592183295766,31.610277986761044,30.954692480400205,31.195032119750977,9098661
2016-08-03,31.181181055899415,31.507087151932968,30.772227071213717,31.119524002075195,12184260
2016-08-04,31.3019883427931,31.327152358001197,30.87918980148476,30.97859764099121,4116882
2016-08-05,31.16609713271946,31.885858522449443,31.12079999043294,31.693334579467773,14064567
2016-08-08,31.20635368679579,31.508350382029267,30.879189808274248,31.26549530029297,15772878
2016-08-09,31.329668552962307,31.609013494330316,31.168603661336,31.247875213623047,8674182
2016-08-10,31.256694888915845,31.38252449672505,30.95469812763853,31.002513885498047,5608812
2016-08-11,31.002504861079434,31.045286535112368,30.238704347333684,30.47904396057129,7988772
2016-08-12,30.57718244290017,31.005011737205248,30.466451943992027,30.923221588134766,3440019
2016-08-16,30.977338570889213,31.279335252948304,30.6539510511982,31.10065269470215,4589079
2016-08-17,31.1560248155638,31.417755304316696,31.011316668922557,31.217681884765625,4400286
2016-08-18,31.371737177203485,31.639111694822283,31.106911067947077,31.217681884765625,3674847
2016-08-19,31.320804667302433,31.570349895098023,31.19857725573315,31.310617446899414,2686464
2016-08-22,31.29534662514274,31.499059022043312,31.06744197868421,31.127283096313477,3929574
2016-08-23,31.152750456096776,31.176942707602983,30.872643483642108,31.081449508666992,4007025
2016-08-24,31.11581420839271,31.40101148097714,31.02669046140311,31.269872665405273,3262083
2016-08-25,31.244416549566104,31.361553580542257,30.582352870327927,30.704580307006836,6525288
2016-08-26,30.788608161235,31.21385895490379,30.7351332610007,31.045795440673828,3269310
2016-08-29,31.092903968067777,31.295343744896027,30.814072850818743,30.93630027770996,2505591
2016-08-30,30.96814049701438,31.208774412445397,30.965592088068256,31.039438247680664,2959242
2016-08-31,31.161657338188945,31.651839660341203,30.876460001059087,31.077627182006836,5384808
2016-09-01,31.112016523352708,31.422678840403883,30.957957966720233,31.18840789794922,2819487
2016-09-02,31.193490628609865,31.397203026829075,30.875189605699198,31.04070472717285,3834435
2016-09-06,31.062352550843972,31.259698741207792,30.8268090827793,30.894289016723633,3371247
2016-09-07,31.168031742279453,31.168031742279453,30.68676070868938,30.810260772705078,7576635
2016-09-08,30.811533388295437,30.894294170453286,30.556894444447227,30.624374389648438,12228117
2016-09-09,30.709666429241118,31.01523497831685,30.709666429241118,30.84208106994629,5343129
2016-09-12,30.43211483540627,31.106910927913635,30.07561654870109,30.55434226989746,6735102
2016-09-14,30.658737531061256,30.658737531061256,30.302239315717387,30.359535217285156,4491300
2016-09-15,30.551787972458403,31.14255379195791,30.37863407641182,31.04706382751465,12278871
2016-09-16,31.243143499119054,31.42266684728027,30.699486254550916,30.85991096496582,11109549
2016-09-19,31.142558509833353,31.575448123846215,31.092904618353103,31.462135314941406,11196603
2016-09-20,31.626383204639154,31.92176460663508,31.384473507274894,31.52325439453125,14822676
2016-09-21,31.677300183511562,31.95740707695431,31.454489193268508,31.709131240844727,12498651
2016-09-22,32.05926879401437,32.079640033118395,31.728235357187792,31.991788864135742,12518682
2016-09-23,32.0847268254098,32.466689919752966,31.970138217661326,32.11910629272461,26270244
2016-09-26,31.906484110188774,32.466694809606,31.828820160579987,32.21587371826172,26825238
2016-09-27,32.287170003577714,32.69841579255285,32.287170003577714,32.58637237548828,28611264
2016-09-28,32.79772171349144,32.79772171349144,32.51761481691181,32.61819839477539,13159707
2016-09-29,32.70859760448556,33.077828289252295,31.22531506441522,31.37937355041504,56855667
2016-09-30,31.66839345104203,31.942130967938724,31.379375101039805,31.69640350341797,12572670
2016-10-03,31.697673927224244,32.594008363858,31.697673927224244,32.41321563720703,8482584
2016-10-04,32.66404278742733,32.66404278742733,32.15221335394976,32.33428192138672,5913831
2016-10-05,32.56090559074878,32.56090559074878,32.26297586726604,32.414485931396484,11828124
2016-10-06,32.44123177259147,32.734067961520715,32.228607946207255,32.39412307739258,11703417
2016-10-07,32.395393102490644,32.49724929947602,32.088551910111924,32.27825927734375,5227035
2016-10-10,32.46414124869931,32.46668965674536,31.906479046240413,31.931943893432617,5917692
2016-10-13,32.045255417186844,32.045255417186844,31.576713834340964,31.679845809936523,6919506
2016-10-14,31.779155313023033,32.46286588649834,31.606001419041057,32.32663345336914,11869308
2016-10-17,32.59018913450756,32.59273433696646,32.16112057086925,32.20568084716797,9585906
2016-10-18,32.26297899907199,32.714964032948984,31.963773439805898,32.638572692871094,13391037
2016-10-19,32.72133738624111,32.833380820946786,32.28208147522579,32.40431213378906,10091697
2016-10-20,32.39030157880496,32.62457244974261,32.3431928843165,32.4896125793457,5921520
2016-10-21,32.49087639472514,32.591459969570884,32.02106538393603,32.18912887573242,3518658
2016-10-24,32.411947100369574,32.59401245113659,32.19168126744522,32.302452087402344,3416358
2016-10-25,32.31390988778387,32.44123094226906,32.0847326308196,32.2948112487793,2114409
2016-10-26,32.29481195233771,32.339375444319224,31.9612332826447,32.07072830200195,2585253
2016-10-27,31.88229143646438,32.31390522912499,31.88229143646438,32.06945037841797,5722596
2016-10-28,33.10329484247151,33.80355576996537,32.69714267108336,33.13385009765625,41732625
2016-11-01,33.867220841153866,34.21608036967404,33.61258191469005,33.872314453125,16200723
2016-11-02,33.510718136255434,33.510718136255434,33.09692716933357,33.1504020690918,6853242
2016-11-03,33.179683731196604,33.72206832050288,33.13130244370355,33.239524841308594,9568119
2016-11-04,33.43177420559492,33.57692125979349,32.75188463180057,33.09946823120117,10960587
2016-11-07,33.383393970833545,33.709333744117075,33.07273182303654,33.15421676635742,5020323
2016-11-08,33.300640697395586,33.8162878708306,33.300640697395586,33.594749450683594,5196807
2016-11-09,32.31390248972301,33.4445076811687,30.663832387334807,33.196231842041016,11724603
2016-11-10,33.510715847358334,35.240998335677894,33.4712459758951,34.71771240234375,10143276
2016-11-11,34.297558130025664,34.58784907372556,33.081646853294195,33.156768798828125,6715071
2016-11-15,33.54637144418724,33.54764404567483,32.26425589812505,32.83082962036133,7809153
2016-11-16,33.30700683841291,33.713159005039955,32.65512720963321,33.264991760253906,7524561
2016-11-17,33.01544081318167,33.739893926176904,32.695864029553086,33.478885650634766,5736522
2016-11-18,33.28790457649548,33.58710690755803,33.11984107661569,33.3044548034668,8050416
2016-11-21,33.30445915901453,33.45979025590223,32.27570999455991,32.546905517578125,7109982
2016-11-22,32.72134158111111,33.322294904929656,32.464154215055146,33.1083984375,7614024
2016-11-23,33.33246783845744,33.39485735935579,32.63220693269747,32.95305633544922,13912536
2016-11-24,32.69586710236548,33.459790159634736,32.650034219254465,33.06509780883789,9225579
2016-11-25,33.393586937032346,33.643135444229465,33.0192657790094,33.22425079345703,6715170
2016-11-28,33.07781776197614,35.52236870020718,33.07781776197614,35.2702751159668,27132633
2016-11-29,35.64588299637972,36.337232530584785,35.3326755930974,35.83559036254883,29433657
2016-11-30,35.835590132815334,36.79558357579097,35.79994126568497,36.644073486328125,21258600
2016-12-01,36.6453470937807,37.10370159006486,36.27866477897145,36.512935638427734,17914479
2016-12-02,36.552400472416785,37.05022157244069,35.964179804834764,36.134788513183594,10175220
2016-12-05,36.38051793019318,36.61733397269758,36.134790472794265,36.45054626464844,7455624
2016-12-06,36.77012566173236,37.61044016341247,36.540948396629524,37.096065521240234,19838346
2016-12-07,37.353250513351405,37.55823551429945,36.92418187296331,37.13935089111328,14647974
2016-12-08,37.872711659603056,38.33615972525069,37.22974666821758,37.69319152832031,15582831
2016-12-09,38.297968569933296,38.67993174512561,37.879083922633896,38.4138298034668,15616491
2016-12-12,38.19610580931661,38.832707786508216,37.857433583095045,38.342525482177734,10948938
2016-12-13,38.19610953130744,38.5526078272696,37.39399237232407,37.52513122558594,10120506
2016-12-14,37.61807637361123,37.89054130536074,36.184447567215045,36.28248596191406,11504262
2016-12-15,35.70063673997823,37.243760789468425,35.70063673997823,36.649173736572266,11336952
2016-12-16,36.897436496756264,37.048949778316796,36.473461521953205,36.794307708740234,6757773
2016-12-19,37.05022285773951,37.50221109457559,36.50274464496614,36.656803131103516,10815618
2016-12-20,36.849055728262016,36.94581829720807,35.85340716800949,35.956539154052734,7061934
2016-12-21,36.156427998400396,36.540936250685355,35.687889606096604,36.00237274169922,7208388
2016-12-22,35.98073437509503,36.00365402283989,34.93670755654771,35.5032844543457,11355597
2016-12-23,35.656066794917216,35.904342674583994,35.018192168428925,35.2664680480957,9659529
2016-12-26,35.39505202841375,35.47144335300654,34.2644469611547,34.534366607666016,6534099
2016-12-27,34.63113170491087,35.16587742735492,33.872302396499684,34.940521240234375,9690318
2016-12-28,35.1404283352122,35.267749412974595,34.401969930845404,34.605682373046875,6700254
2016-12-29,34.785196700644214,35.1378739746425,34.40196096550646,34.8259391784668,15370938
2016-12-30,35.07548367439524,35.484181007613884,34.8603114860904,35.01436996459961,12502347
2017-01-02,35.26774304553088,35.26774304553088,34.4528934238427,34.77119445800781,8992995
2017-01-03,34.936702614619726,36.299030256141954,34.803015373502426,36.23918914794922,20316219
2017-01-04,36.515483156653076,36.930546791402264,36.28630589397953,36.46965026855469,18360375
2017-01-05,36.668269543894425,36.97256556137905,36.212463421209954,36.45819091796875,7328706
2017-01-06,36.54985996609021,36.86943361370964,35.86360397498785,35.94636154174805,16340709
2017-01-09,36.06348726041998,38.32342514055108,35.67770956955343,37.029850006103516,31377258
2017-01-10,37.40545426762088,38.909105072232315,37.26030717389062,38.494041442871094,45535479
2017-01-11,39.29105912476834,39.42856416646835,38.67482843399607,38.900184631347656,28558068
2017-01-12,38.99694220512107,39.934022147203464,38.95874814595557,39.492218017578125,23395680
2017-01-13,39.59662201232264,39.647548492312204,38.70537815983574,38.92564392089844,10845780
2017-01-16,38.925655925850414,39.17647701115305,38.46221103117575,38.94984817504883,8161494
2017-01-17,39.26304508016696,39.32161037427812,38.37434639331477,38.5704231262207,6088005
2017-01-18,38.57042505249202,38.92564746032153,38.25976291801212,38.500396728515625,11967153
2017-01-19,38.57806994126648,38.75632069418551,37.744121708527594,37.941471099853516,13663023
2017-01-20,37.865074846516855,38.14645438754808,37.07569013882839,37.55696105957031,10197726
2017-01-23,37.68682371076963,38.7053855607636,37.49838896713455,38.56024169921875,14906034
2017-01-24,38.9090979781129,39.05679024792795,38.5156782627274,38.7041130065918,11601744
2017-01-25,38.985501518131734,39.03642801967377,38.448207212758376,38.56407165527344,12168948
2017-01-27,38.62900108160397,39.96459154626242,38.58825860037078,39.23632049560547,23096865
2017-01-30,40.4878717632321,41.37911581612114,40.12882829833618,40.35800552368164,63852426
2017-01-31,40.33382481135365,40.35419605324576,39.11281969385974,39.21467590332031,47114397
2017-02-01,39.46166987165745,40.072806983726096,39.29615477255148,39.93784713745117,25770492
2017-02-02,39.90085292523488,40.29502657968454,39.32170853575723,39.43524169921875,16414002
2017-02-03,39.442905845007246,40.041182420869276,39.16609039912952,39.40081024169922,15787497
2017-02-06,39.532191633615426,39.93784709169352,39.11250431088844,39.212005615234375,11405427
2017-02-07,39.28982050315605,40.116438368517386,39.28982050315605,39.92892074584961,18650082
2017-02-08,40.20828701271244,40.51571622910788,39.45693183208087,39.939125061035156,13352130
2017-02-09,40.23125021242298,40.34223010547463,39.67379424318937,39.91106414794922,11168817
2017-02-10,39.91233799531118,40.024596136995235,39.321714937507416,39.38932418823242,6972207
2017-02-13,39.54494987997525,39.573013610282054,38.70685345619145,38.94794845581055,7557297
2017-02-14,39.11122905051404,39.376562648920995,38.450446740557716,38.521881103515625,18594774
2017-02-15,38.8497358573874,39.361267976477286,38.805086957897295,38.89565658569336,23131218
2017-02-16,39.00408286411853,39.11123764378669,38.728545672615994,38.94285202026367,12281841
2017-02-17,39.14057044916126,39.465859859713674,38.807630797443636,38.97601318359375,7979565
2017-02-20,38.983670834146096,39.416115054586676,38.80635672416738,39.1839485168457,11227029
2017-02-21,39.28981736209764,40.055204332231135,39.16480562364662,39.80262756347656,11338899
2017-02-22,38.62648692927959,38.98111509778467,38.45299796546655,38.53846740722656,42311049
2017-02-23,38.473407850193226,39.389320243917304,38.28333694303958,38.40835189819336,44609301
2017-02-27,38.49636656583764,38.778282079003304,38.22337954416871,38.47467803955078,77749914
2017-02-28,38.53464039383606,38.87651496088776,38.53336535364592,38.66730880737305,25550052
2017-03-01,38.70303063437898,38.905858399588325,38.683895394166846,38.80891036987305,13325367
2017-03-02,38.82166754934999,39.07806949311863,38.269311717308966,38.356056213378906,12683550
2017-03-03,38.269300005028114,38.49509127611541,37.91977525869924,38.136634826660156,16429677
2017-03-06,38.26674449540645,39.1329076043852,38.26419120415224,39.0372314453125,15495249
2017-03-07,39.28982106686107,39.32043809016356,38.89182224574584,39.04745101928711,11109087
2017-03-08,39.08316552555869,39.11505758687862,38.525709636801245,38.81400680541992,8635242
2017-03-09,38.84717441900078,39.797529032242764,38.67751377521605,39.658485412597656,27252786
2017-03-10,39.80007583542946,40.12919032406437,39.54494578538575,39.99524688720703,23827617
2017-03-14,40.565466435384465,40.65603925645691,39.95315806555851,40.10368347167969,16393608
2017-03-15,40.18021570832084,40.612656594104195,39.93273912190878,40.04627227783203,12442188
2017-03-16,40.667516274614705,42.42790678513071,40.31033801172427,42.13450622558594,30188881
2017-03-17,42.33861023588096,42.47893210705161,41.02469893924029,41.22880172729492,20305566
2017-03-20,41.24157156172396,41.63702043685412,40.680287111685196,41.458431243896484,11478343
2017-03-21,41.458414489498566,41.560465874474126,40.029691888152776,40.69302749633789,14300866
2017-03-22,40.36136544351869,40.412392749121565,39.11123499650936,39.238800048828125,20921224
2017-03-23,39.481181593857805,40.23380881558215,39.22605143579969,40.10624694824219,10892574
2017-03-24,40.19554075535452,40.233808030133815,39.57047541317272,39.68528366088867,6134990
2017-03-27,39.672517630334646,40.820596629517084,39.430144362296566,40.514442443847656,15834465
2017-03-28,40.56546715191386,40.922648646465554,40.23379930947764,40.412391662597656,12604670
2017-03-29,40.77161925705743,40.77161925705743,39.783759580617385,39.93770980834961,10068646
2017-03-30,40.05316348781938,40.41238597413883,39.2705763723255,39.37321090698242,24407532
2017-03-31,39.51433628979323,40.45088016885933,39.309067194939495,40.21995162963867,17963398
2017-04-03,40.848584793898674,41.41307313662657,40.59199683444743,41.028194427490234,16554813
2017-04-05,41.182139285938455,41.54135847842713,41.105160976085294,41.400238037109375,14952531
2017-04-06,41.52854395179713,42.798647768516474,41.182154350903524,42.465087890625,32088790
2017-04-07,42.32395283064636,43.440102902406416,42.08019461898146,43.0167350769043,24437493
2017-04-10,43.00391494140435,44.492117522112736,42.631865911247694,44.10723876953125,26679721
2017-04-11,44.38948015918968,45.67241355986555,44.38948015918968,45.313194274902344,28558572
2017-04-12,45.6467570705435,45.67241651542726,43.87631028425923,44.81285095214844,13919162
2017-04-13,44.889828919991395,44.889828919991395,43.23484318912565,43.606895446777344,14012512
2017-04-17,43.61972191473599,44.389479357201694,43.50425765235801,43.9019660949707,8772819
2017-04-18,44.20987331888904,45.51846624573152,43.773675676608214,44.10723876953125,12658522
2017-04-19,44.71021493366322,46.77573880816445,44.65889927562261,45.852027893066406,42584797
2017-04-20,46.22407679209197,46.8270543452461,45.415830147224064,45.69807434082031,25164770
2017-04-21,46.21124637609465,46.916858464508636,46.05729617464176,46.313880920410156,17237962
2017-04-24,46.57046385043018,47.01949114442483,46.31387590242169,46.63460922241211,8938535
2017-04-25,46.87838152358554,46.92969719056871,46.03164556301167,46.2497444152832,10220826
2017-04-26,46.30104963195967,46.596126763168066,45.467143583857414,46.13426971435547,10616304
2017-04-27,46.51915295087572,46.583301563905074,45.90334564603954,46.070125579833984,9521120
2017-04-28,46.54481166721129,47.34022861599183,46.31388312400376,46.94252014160156,14299025
2017-05-02,46.51914956230962,47.288910252304106,46.51914956230962,46.98100662231445,8068744
2017-05-03,47.10929461770946,47.1990994279468,45.646748523711764,45.890506744384766,11362962
2017-05-04,45.941826930853814,46.775732916820814,45.49279963685916,46.63460922241211,8101486
2017-05-05,46.19841723435993,46.660274304599064,45.87768387559182,46.05729675292969,11472865
2017-05-08,46.0572931631002,46.878369463936615,46.0572931631002,46.403682708740234,6032136
2017-05-09,46.40369402014084,46.724427432092355,46.19842489489517,46.50632858276367,5079927
2017-05-10,46.28821619131015,47.46851493118407,46.28821619131015,47.199100494384766,8149076
2017-05-11,47.660954554365276,47.95603166358715,46.4549995968304,46.63460922241211,15243901
2017-05-12,46.77574426756032,46.77574426756032,45.531299846831516,46.03164291381836,7175988
2017-05-15,46.1855865013997,46.429344753139,45.877682871327224,46.172760009765625,5182042
2017-05-16,46.18558084405301,46.98100088017179,46.03163066289473,46.85270690917969,5923694
2017-05-17,46.94251118134937,47.07080515086972,46.05728957474355,46.19841003417969,6199492
2017-05-18,45.672422692130056,46.05730472731492,44.78720079429165,44.889835357666016,9948081
2017-05-19,45.15923948313716,45.50563226607865,43.87630612116774,44.67172622680664,9595324
2017-05-22,46.05729459352858,46.31387933048861,44.812847152628265,45.069435119628906,6467049
2017-05-23,45.14641904040998,45.28754277284337,43.683875740795756,44.14573287963867,6969454
2017-05-24,44.132889498319656,44.55625733456227,42.46507759313124,42.79863739013672,9802204
2017-05-25,43.375961692008545,44.54343075392738,42.84995928960733,44.13289260864258,13634989
2017-05-26,44.13290424151457,45.00529964521734,43.74802220632969,44.889835357666016,16167171
2017-05-29,45.15923842266978,45.23621351816899,43.91479425359714,44.27401351928711,8203582
2017-05-30,44.53060991688304,44.594755303615464,43.4657751788534,43.6582145690918,12844893
2017-05-31,44.120065346731046,44.87699630555009,43.760842834566546,44.29967498779297,13470012
2017-06-01,44.492113452133125,45.402997820644835,44.184209832225676,44.312503814697266,14179136
2017-06-02,44.6460673395413,44.91548179848562,44.04308981473212,44.15855407714844,9192975
2017-06-05,44.33816906626336,44.363828512127625,43.568408300622536,43.6325569152832,8791081
2017-06-06,43.78649764191678,44.31250001794518,43.273324986040336,43.40161895751953,10209972
2017-06-07,43.72235924605798,44.23553198379891,43.452941539968464,44.017433166503906,6827393
2017-06-08,44.33815521590177,44.36381465375054,43.37595536693317,43.45293045043945,10178609
2017-06-09,43.47859989346401,43.671039261533345,43.00391310418828,43.17069625854492,12007531
2017-06-12,43.337481450899205,43.54275056579746,42.36245477015304,42.490745544433594,13142731
2017-06-13,42.58054229227079,42.95259451114575,42.298298120395,42.34961700439453,13319423
2017-06-14,42.36244705529609,43.209182807558015,42.36244705529609,42.5933723449707,17473391
2017-06-15,42.59338463319651,43.47860980414599,42.49075006482855,42.83714294433594,19151632
2017-06-16,42.90127611162598,43.67103677002795,42.90127611162598,43.555572509765625,22207561
2017-06-19,43.87631210268688,43.87631210268688,43.05523567270468,43.27333450317383,12413695
2017-06-20,43.55556739527097,43.55556739527097,42.99107911142949,43.06805419921875,6717635
2017-06-21,43.10654240017709,43.7223528250702,42.99108137742751,43.44010543823242,7135689
2017-06-22,43.60689502642224,43.60689502642224,42.400936668814595,42.69601058959961,9751797
2017-06-23,43.003920510733444,43.003920510733444,41.69533064445969,42.41377258300781,9145884
2017-06-27,42.516403926338114,42.52923364945303,40.476539321846,41.194984436035156,9581484
2017-06-28,41.00254148448475,41.56703314672572,40.438053052284815,40.98971176147461,11784554
2017-06-29,41.22063581684384,41.69532259624858,40.835757088708625,41.053855895996094,7076104
2017-06-30,41.10516820895016,41.746634857026514,40.61765497762992,41.451560974121094,8591533
2017-07-03,41.75946729535478,42.02888498470193,41.3232696878713,41.66966247558594,10894996
2017-07-04,41.72097757933293,42.13151570679988,41.69531813885616,41.926246643066406,10296468
2017-07-05,41.90058963575162,43.65820649978913,41.7081502810816,43.517086029052734,14784669
2017-07-06,43.876304652819336,44.49211187074654,43.61971992703658,44.13289260864258,17489016
2017-07-07,43.9532837745311,44.10723720813829,43.13220740873483,43.67103958129883,10662973
2017-07-10,44.120064456010184,44.6845560408608,43.876306212318234,44.312503814697266,2278960
2017-07-11,44.60757816057781,44.966800669091604,43.67103757021474,43.9019660949707,17347773
2017-07-12,44.081580943240326,44.15855928061578,43.44011417869096,43.735191345214844,6511470
2017-07-13,44.2098653681319,44.54342840106655,43.97893686609712,44.41513442993164,8588639
2017-07-14,44.60757873851052,45.14641089324196,44.24835945538334,44.45362854003906,14834658
2017-07-17,44.50494664617186,45.14641337854379,44.49211692391952,44.87699890136719,5949296
2017-07-18,44.90265870266101,45.26187800841745,44.13289797169013,44.569095611572266,10553010
2017-07-19,44.646075435297824,44.80002565974191,44.13290263708217,44.556270599365234,4820290
2017-07-20,44.64606573594089,44.76152999420995,43.863475369903995,44.27401351928711,10397821
2017-07-21,44.29967826604896,44.53060681024093,43.49143159141794,44.00460433959961,7562362
2017-07-24,44.197040445751774,44.620408335426774,44.00460108317962,44.29967498779297,7285782
2017-07-25,44.45362841587509,44.50494407187535,43.86347737660773,44.29967498779297,9441366
2017-07-26,44.29966958294281,45.17206469887535,44.20986477336863,45.030941009521484,13393868
2017-07-27,45.40300178270014,46.05729824336532,45.210562407219996,45.53129577636719,37764926
2017-07-28,45.53129037624717,45.90333936071075,45.018114462442846,45.646751403808594,6569801
2017-07-31,45.91617561066469,46.005980439338195,45.31319802525614,45.8648567199707,16658911
2017-08-01,47.45569349711376,48.10998996792524,46.134274062961985,46.42934799194336,29153430
2017-08-02,46.942522181170666,46.942522181170666,46.44217913584257,46.71159362792969,14308899
2017-08-03,46.685931359170056,46.69876108046906,46.12143977221689,46.33953857421875,7276546
2017-08-04,46.031636292598115,46.28822103592252,45.64675433255046,45.91617202758789,8845141
2017-08-07,46.057290302257314,46.8013914611807,45.92899633071046,46.647438049316406,5944758
2017-08-08,46.570469681579794,47.16061751383596,46.00597806330463,46.660274505615234,10737771
2017-08-09,46.44216460262391,46.82704325089084,45.67240407605003,45.99313735961914,7223907
2017-08-10,45.77505044279376,45.77505044279376,43.619724932709644,43.812164306640625,12330222
2017-08-11,43.29898392722458,44.235524417158366,41.336094907328594,43.914791107177734,12930030
2017-08-14,44.4698634754827,45.94143460979822,44.06970002228765,45.50254440307617,5945438
2017-08-16,45.72199473201323,46.00598445704316,44.98620908076237,45.25728988647461,6269561
2017-08-17,45.14110869354136,47.73572323725743,45.089473021039446,47.2839241027832,26626620
2017-08-18,47.077384439133986,47.89062022119957,46.4706815818989,47.11610794067383,13600478
2017-08-21,47.232288860687206,48.20042847910588,45.96725387261519,46.23833465576172,19677741
2017-08-22,46.444863971286125,46.9741132909985,45.734893072906374,46.00597381591797,7591950
2017-08-23,46.393234717755085,47.37428324475373,46.00598017419377,47.25810623168945,10218766
2017-08-24,47.477550113029025,48.897488819366004,47.2839228462511,48.52313995361328,21204341
2017-08-28,49.1169331060304,49.38801062502189,48.587683735636226,48.7554931640625,14316997
2017-08-29,48.406962076199754,49.00075603365573,47.52918168255653,47.800262451171875,9450404
2017-08-30,48.12297291045791,49.90434818182705,48.12297291045791,49.53000259399414,16054206
2017-08-31,50.00761786283314,50.26578970749557,48.79421864286556,49.05238723754883,19380999
2017-09-01,49.258923589562386,50.2399720528195,49.129837666769234,50.07216262817383,10242157
2017-09-04,50.05925573532244,50.162523827737346,49.01366589337406,49.49127960205078,9781609
2017-09-05,49.49127872428641,49.86562758388817,49.33637496342172,49.6719970703125,4331424
2017-09-06,49.104019726018166,50.47232261415441,49.104019726018166,49.95598220825195,7678727
2017-09-07,50.007613706744614,50.84666725719576,49.955981292090755,50.09797286987305,7797820
2017-09-08,50.26580377059557,50.394889729041765,48.38115657723325,48.57478713989258,10831124
2017-09-11,48.923303016513316,49.69781532745491,48.665134412852304,49.568729400634766,9218018
2017-09-12,49.90435373280212,51.117756298981966,49.775267800233294,51.00157928466797,20454624
2017-09-13,51.104838248150465,51.41464248096511,50.07215747210166,50.304508209228516,19274115
2017-09-14,50.30451719222261,50.5368712208203,48.71676899677764,49.104026794433594,21851544
2017-09-15,49.02657325036367,49.24601836055356,48.277878742065106,49.078208923339844,13158420
2017-09-18,49.465460488828334,50.14961361464346,49.078205964769495,49.78817367553711,8670192
2017-09-19,49.81398592058546,50.13669907108093,49.11692720550424,49.271827697753906,6527172
2017-09-20,49.56873033621449,49.74945193716541,49.078207705014755,49.42673873901367,3679826
2017-09-21,49.6978080091833,49.80107608543677,48.36823193366714,48.587677001953125,7126359
2017-09-22,48.43277231339871,48.43277231339871,46.47067565305701,46.70302963256836,7359891
2017-09-25,46.728851318359375,47.103196899580134,44.94747607845503,46.728851318359375,15014148
2017-09-26,46.741769927500975,47.477555575905875,46.58686614626747,47.129024505615234,11293223
2017-09-27,47.271017732605365,47.658272297325546,45.46382434727858,45.65745162963867,13886829
2017-09-28,47.141931802211964,47.29812581999997,46.034381016945225,46.446163177490234,16193742
2017-09-29,46.51714832539372,47.31231414291602,45.99177299951715,46.23316192626953,11087949
2017-10-03,46.57396031035123,46.772755080251954,45.50900690005387,46.431968688964844,12084912
2017-10-04,46.687551691072265,46.92894067069731,46.30416785579387,46.71595001220703,7194519
2017-10-05,47.0283350478336,47.09933084614641,46.41776143240549,46.50295639038086,5632314
2017-10-06,46.85794033345411,47.80929699932485,46.65914885476811,47.198726654052734,14234925
2017-10-09,47.425907651244856,47.48270753135057,46.758537497317526,47.22711944580078,8180193
2017-10-10,47.39751475673144,47.39751475673144,46.77274525392722,46.92893600463867,6092373
2017-10-11,47.22712573067201,47.53951048792008,46.98573677053049,47.113529205322266,11937174
2017-10-12,47.141928471391054,48.27787749781684,47.070932672857985,48.09328842163086,17344374
2017-10-13,48.263673576538594,48.95944203660627,47.880289828141315,48.561859130859375,7833861
2017-10-16,48.57606213930463,49.002043393522435,47.908691941027286,48.76065444946289,8306547
2017-10-17,48.732266336992105,48.732266336992105,48.27788342069735,48.5192756652832,3679266
2017-10-18,48.53346424190622,49.41382505963821,48.27787289161453,49.03044128417969,10262934
2017-10-19,49.37122977532185,49.37122977532185,48.71805871221578,48.93104934692383,1513617
2017-10-23,49.35704705916665,49.953418435041264,49.07305728496134,49.49903869628906,8494290
2017-10-24,49.413832297490416,49.910809412558216,49.144044999308996,49.697818756103516,4764408
2017-10-25,50.09539562005805,50.22319129828962,48.12168331168017,48.67545700073242,8386635
2017-10-26,48.67546722459713,49.35703998501857,48.06489352254113,48.235286712646484,10685091
2017-10-27,48.817455776301486,49.39963107969278,48.51927016967536,48.94525146484375,5783406
2017-10-30,49.286032457535974,50.19479164863393,49.14404086516394,49.83980941772461,7391871
2017-10-31,52.82168195417974,54.63920046014097,51.47273898493347,52.42409896850586,75144498
2017-11-01,52.80747861127152,53.10566420191892,52.45249313432717,52.7648811340332,14100363
2017-11-02,52.892670957358156,53.00626747437087,52.31049896385247,52.60868453979492,8766645
2017-11-03,52.79327934323266,52.79327934323266,51.77092364172715,51.9697151184082,7825704
2017-11-06,51.95551177356605,52.67967857671795,51.188744246716695,52.438289642333984,9703422
2017-11-07,52.82168374881946,53.247665069374456,50.37938911098172,51.27395248413086,13384689
2017-11-08,51.67153411623782,51.8277248796573,50.32259113684965,50.76277160644531,9024780
2017-11-09,50.947349996225995,52.53767826562753,50.80535518200175,52.338890075683594,8723295
2017-11-10,52.310507472882584,52.537694043905,51.41594409958403,51.67153549194336,5964225
2017-11-13,51.82771806884095,51.955513744824216,50.663370826462845,50.81956481933594,6147795
2017-11-14,50.83376054569816,50.83376054569816,49.55581679035973,49.82560729980469,9238092
2017-11-15,49.78301613271454,50.72017370538663,49.456428948310965,50.10960006713867,9654879
2017-11-16,50.27998484266639,51.2597397322989,50.2657856848444,51.046749114990234,9771558
2017-11-17,51.40174443849206,51.82772575497122,50.57818012663508,50.748573303222656,10201404
2017-11-20,50.748563550749665,51.188743943188975,50.478776302153065,51.046749114990234,6510531
2017-11-21,51.14615424873779,51.188751728682554,50.294191649924876,50.39358901977539,9066429
2017-11-22,50.450387229050165,51.54373883154011,50.43618806862688,51.2171516418457,9406272
2017-11-23,51.72832372642524,53.361249690078864,51.72832372642524,53.13405990600586,31021161
2017-11-24,53.46064526147348,53.801431551179626,52.282095655387096,52.438289642333984,11278188
2017-11-27,52.509288848454155,53.247658107534164,51.71412620403301,52.9068717956543,7129203
2017-11-28,53.957625902228116,53.957625902228116,52.835876102610584,52.97787094116211,20069670
2017-11-29,53.176660878877136,54.923186724414656,53.10566508230298,53.673641204833984,26750220
2017-11-30,53.38965063348689,53.560043792419336,52.55189049786243,52.7648811340332,16002063
2017-12-01,53.048869640502524,53.64524409510252,52.196907062496614,52.39569854736328,10760892
2017-12-04,52.53769482066721,52.67968967963515,50.492986401418726,51.18875503540039,11866296
2017-12-05,50.83376248303621,51.84191901733082,50.08119730953342,51.71412658691406,11439243
2017-12-06,51.685723634485875,51.685723634485875,50.6207704929789,50.87636184692383,8780127
2017-12-07,50.83376160522678,52.29629770015051,50.74856665308678,52.054908752441406,4550679
2017-12-08,52.48089904274353,52.73649044309772,52.282107536901194,52.566097259521484,4826619
2017-12-11,52.708078070660264,53.21925751664535,51.77092062798944,52.08330535888672,4514526
2017-12-12,51.856119008843606,52.15430785122859,51.415938574826924,51.501136779785156,3302022
2017-12-13,51.401743212059344,51.95552021026108,50.989961065955875,51.30234909057617,4752969
2017-12-14,51.316551208496094,51.51534271289954,50.76277417837657,51.316551208496094,4593927
2017-12-15,51.472731317568446,52.16850306384548,50.89055933596137,51.10354995727539,8831664
2017-12-18,51.04675473218912,52.551891626776325,48.845852527804695,51.81352233886719,9356181
2017-12-19,51.82772108088796,52.67968363701203,51.82772108088796,52.282100677490234,6707226
2017-12-20,52.67969226062463,53.077275285230364,52.40990494034922,52.73649215698242,8328321
2017-12-21,52.56609171296033,53.048869640502524,52.21110622213143,52.39569854736328,4412676
2017-12-22,52.537685575903126,53.73043438140141,52.42409230870083,53.53164291381836,11938740
2017-12-26,53.75883442824764,53.80143515479849,52.821676943753346,52.97787094116211,9328047
2017-12-27,53.063068701409094,53.34705514355625,51.870319794428305,52.32469940185547,9960756
2017-12-28,52.3247059007939,52.523500659961115,51.34495076620809,51.55794143676758,23326452
2017-12-29,51.756730841120316,52.65129097109438,51.61473598319538,51.72833251953125,15759831
2018-01-01,51.96972534747435,52.22531351066269,51.45854902109768,51.529544830322266,8166816
2018-01-02,51.827715530842866,52.15430265904102,51.330738509649734,51.586326599121094,11789442
2018-01-03,51.685727469981614,52.140110327391966,51.34494438939798,51.40174102783203,8387208
2018-01-04,51.43014363442828,51.65733345708307,51.0325638822671,51.1319580078125,13893633
2018-01-05,51.40173519194006,52.11170284169754,51.344938559954414,51.77091979980469,10396050
2018-01-08,52.12590317057241,52.59448186572213,51.884514244282514,52.26789474487305,12205740
2018-01-09,52.537691348002134,52.537691348002134,51.785126120168606,51.841922760009766,7031151
2018-01-10,51.87031424401848,52.182702221934484,50.89055933596137,51.10354995727539,11870301
2018-01-11,51.14615112302124,51.40173923704937,50.6917715314203,50.833763122558594,11858856
2018-01-12,51.06095362247023,51.14614857290544,49.99600049213495,50.549774169921875,9999291
2018-01-15,50.691774562154556,51.11775586099619,50.492983072696504,50.72017288208008,8986140
2018-01-16,50.691771493203554,50.776966447822296,49.016244719201275,49.18663787841797,13604358
2018-01-17,49.12984475228932,50.20900049249372,47.425919425620805,49.996009826660156,14795268
2018-01-18,50.03861212791161,50.52139015029183,48.00809940146196,48.590274810791016,9535365
2018-01-19,48.774851483508755,49.24343019274318,48.30627277427432,49.058837890625,5545041
2018-01-22,49.24343290113193,49.953400582960235,48.94524731975861,49.81140899658203,7885137
2018-01-23,49.981791180825674,50.308378279014164,49.357021797295545,49.61260986328125,13850478
2018-01-24,49.6410229618799,49.6694212832281,48.94525433891047,49.28603744506836,10449144
2018-01-25,50.63497538452674,50.97575845653269,49.81141114804525,50.23739242553711,45728052
2018-01-29,50.69176936216241,50.74856599618723,49.55581718179178,49.88240432739258,10870470
2018-01-30,50.25158605959525,50.53557246337227,49.69780915975225,50.265785217285156,10192740
2018-01-31,48.632862990440856,48.8458536360194,47.56790976254814,48.09328842163086,43235283
2018-02-01,48.277879091629046,48.61866543579693,45.750392830638425,45.8781852722168,41361114
2018-02-02,45.849781503407776,45.86398066189583,42.654922093910876,43.12350082397461,39743727
2018-02-05,42.59812927246094,43.10930552373873,41.57577351992601,42.59812927246094,57654582
2018-02-06,39.758246253233075,42.683318253642845,39.758246253233075,42.370933532714844,41933931
2018-02-07,43.521084798501526,45.32440721925999,43.33649248377986,44.82742691040039,53579583
2018-02-08,45.544666136655586,45.544666136655586,44.32536224433993,45.028255462646484,21077784
2018-02-09,43.895027435801424,45.272125022444285,43.895027435801424,44.84178161621094,8938587
2018-02-12,45.329497149966485,45.35818955200133,44.68398212773665,45.257774353027344,6431490
2018-02-14,45.874593295423594,46.663557075072724,45.55900975351916,46.07542037963867,15063036
2018-02-15,46.26190719676255,46.5201125337671,44.81308380126619,45.028255462646484,10960020
2018-02-16,45.415566504236324,45.415566504236324,44.081502819368815,44.669639587402344,7547409
2018-02-19,44.75570479023398,44.75570479023398,43.39294876964077,43.952396392822266,10100100
2018-02-20,43.923704999124794,44.239291831715285,43.608118166534304,44.11018753051758,8543745
2018-02-21,44.138884990877365,44.39709035883245,43.04868199475416,43.2781982421875,11911635
2018-02-22,43.10605804153712,43.39295251540993,41.70027150797517,42.0445442199707,24507504
2018-02-23,42.70440342102061,43.52205643989377,42.00151016061175,43.306884765625,34034544
2018-02-26,43.880672933615436,44.97087576354471,43.694190395392695,44.526187896728516,19477392
2018-02-27,44.89915185432414,44.985222490177,43.66550338418416,43.851985931396484,10397679
2018-02-28,43.75155972471805,44.526178836130654,43.36425016901175,44.282318115234375,6432813
2018-03-01,44.425766910356636,44.45445930602007,43.923700876752534,43.9810791015625,4595199
2018-03-05,43.8663307047761,45.099982464210704,43.43598737318347,44.62660217285156,9187710
2018-03-06,45.17169911648152,45.31514796859428,43.36425539959167,43.608116149902344,10445304
2018-03-07,43.464671468170884,43.493360582527266,42.21667529411622,42.560951232910156,7936389
2018-03-08,43.26385685646515,43.26385685646515,41.5998614780312,42.24537658691406,9916260
2018-03-09,42.67571273899335,43.42164293353963,42.27405852396981,42.58964538574219,9234141
2018-03-12,42.962613732926954,43.2782006426895,42.36013560203404,43.07737350463867,14156727
2018-03-13,43.034327518204265,43.66549787402183,42.919567779301694,43.4790153503418,12466362
2018-03-14,43.09170793325306,43.53639578796184,42.80481349632253,43.3642578125,6788655
2018-03-15,43.335572963010726,44.26798572052291,43.034333938743174,43.40729904174805,9095664
2018-03-16,43.46468063352099,44.009780487754206,42.632683008708774,42.8048210144043,10796703
2018-03-19,42.8335073964254,42.948267153972175,42.030198943375446,42.61833572387695,6301965
2018-03-20,42.317088431044546,43.07736311674175,42.231021085460156,42.8908805847168,6695130
2018-03-21,43.03432818630781,43.60811703995279,42.46053604940414,42.560951232910156,7860561
2018-03-22,42.69005480025568,42.79046998976623,40.88261422165451,41.14081954956055,19364409
2018-03-23,40.42356985547022,40.4952926244606,39.60591715594814,40.15102005004883,24617190
2018-03-26,40.15103586477295,41.5998560685888,40.07930978427312,41.011722564697266,14150625
2018-03-27,41.32729970084878,41.45640071571744,40.88261186089489,41.0404052734375,8877729
2018-03-28,40.86827340702416,41.82937201650218,40.36620726326034,40.58137893676758,23399328
2018-04-02,40.968678195834755,41.7002637284531,40.767851116611936,41.52812576293945,7534800
2018-04-03,41.57115452992021,42.27404758266005,41.241223194665004,42.10190963745117,9860166
2018-04-04,42.25972173886384,42.67572058928646,41.02606974910986,41.241241455078125,11741064
2018-04-05,41.59985984598762,41.94413587052238,41.2125501392009,41.61420440673828,10456299
2018-04-06,41.61419562797841,42.00150525305989,41.183852329723166,41.54247283935547,5684175
2018-04-09,41.59986009386678,41.75765354632374,41.24123950644447,41.485103607177734,7065069
2018-04-10,41.59986393084148,42.15931170482996,41.49945199572704,41.74331283569336,6792945
2018-04-11,41.88674673997187,41.9728173721097,41.45640342905943,41.571163177490234,5636949
2018-04-12,42.03018841549942,42.79046300025514,41.85805046392658,42.25970458984375,13782747
2018-04-13,42.20232529615322,42.37446324335791,40.76784678045844,40.882606506347656,14176671
2018-04-16,41.054751135937416,41.08344025126482,39.7924103619791,39.892822265625,17572878
2018-04-17,40.165378599493536,40.409242685485545,39.54855595430698,39.864139556884766,10461405
2018-04-18,40.136684483864485,40.30882246532657,39.677652055471526,39.79241180419922,13714419
2018-04-19,39.591579972308914,39.62026908524568,38.80261623351368,39.060821533203125,15710562
2018-04-20,38.429660036288226,38.544416504620976,37.439869080623325,37.95627975463867,24909216
2018-04-23,37.99931789048543,39.849792265738145,37.99931789048543,39.37641525268555,26176191
2018-04-24,39.62027054338328,39.74937483960866,38.81696221855566,38.960411071777344,9272688
2018-04-25,38.96041425372139,38.96041425372139,37.81283318399949,38.099727630615234,8935848
2018-04-26,38.128415262765074,38.28620867972798,37.46855576295329,37.597660064697266,15748587
2018-04-27,37.66938966040379,38.6448361704253,37.58331901593341,38.21449279785156,13382757
2018-04-30,37.74110174274886,38.14275588084712,37.525930117571825,37.640689849853516,13847460
2018-05-02,37.870209773798706,37.941932561526464,37.23903939201814,37.38248825073242,9106338
2018-05-03,37.29642621227785,37.425530543181765,36.407050306578384,36.98084259033203,14574378
2018-05-04,37.196008071636285,37.95627951940595,37.0095255284923,37.181663513183594,7078263
2018-05-07,37.26772981084155,37.85586654056018,36.82304194485547,37.66938400268555,7313223
2018-05-08,37.841529846191406,38.11407978898761,37.64070270853642,37.841529846191406,8788539
2018-05-09,37.81283287778895,38.08538276402973,37.72676224622,37.97062301635742,6669102
2018-05-10,37.98497112769444,38.0997308861019,37.10993987165214,37.239044189453125,6999927
2018-05-11,37.296417962430255,37.46855593780594,36.57918022883351,36.67959213256836,7212126
2018-05-14,36.86608577766342,36.86608577766342,35.689815277356836,36.07712173461914,9882675
2018-05-15,35.603736195245546,36.67959450691254,34.22663886961539,34.48484420776367,37511736
2018-05-16,34.284011181348674,35.37421386328418,32.247054662004956,34.90083694458008,28314477
2018-05-17,34.94387152987539,36.364005606509956,34.011462224127975,35.9766960144043,22246566
2018-05-18,35.77587723431798,36.29228795467695,34.714363390682955,34.843467712402344,11526891
2018-05-21,34.42746660188511,34.85780993440867,33.49505385924467,33.65284729003906,9176997
2018-05-22,33.279879775108995,34.26967068130581,32.93560710405793,33.59546661376953,16655865
2018-05-23,33.5237439719502,34.054499180313044,33.30857232037576,33.5093994140625,8386623
2018-05-24,33.6098034536361,33.76759683673162,33.036011422634786,33.294219970703125,7425024
2018-05-25,33.39464366300632,34.197952133860355,33.15078286648118,33.98278045654297,8685510
2018-05-28,34.140566686830304,35.9766996543479,34.06884389705734,35.460289001464844,21852888
2018-05-29,35.43160158005641,35.732843905941884,35.00125821444229,35.230777740478516,13140726
2018-05-30,33.96843716233367,34.48484789382907,33.480715551114756,34.269676208496094,25204605
2018-05-31,34.39877414591253,34.39877414591253,32.66305642539465,32.82084655761719,27125460
2018-06-01,32.70608745587758,33.193808937140155,31.615884759565557,31.96015739440918,20689938
2018-06-04,32.13229873834963,32.82084736382863,31.558506575487716,32.160987854003906,24504603
2018-06-05,32.1753362868303,32.80650675701505,31.84540813381284,32.41919708251953,17626572
2018-06-06,32.41918566605821,33.53808061686023,32.34746289354196,33.33725357055664,19982229
2018-06-07,34.34139891999321,35.07298126497747,33.35160795135894,34.91518783569336,32471313
2018-06-08,34.28402072017846,34.61395216941041,33.85367735012074,34.011470794677734,10464249
2018-06-11,33.93974577989254,34.77174334549335,33.93974577989254,34.12622833251953,6191661
2018-06-12,34.08319417874222,34.958225493955396,33.997126816561014,34.829124450683594,10322559
2018-06-13,35.00124965270448,35.07297571826797,33.99711756740085,34.19794464111328,8779887
2018-06-14,34.068844821896896,34.126226338531815,33.122090838157575,33.32291793823242,11821971
2018-06-15,33.423335097732796,34.169265381848255,33.10775148132511,33.52375030517578,21030120
2018-06-18,33.552446482880164,33.68154755541059,32.53396604995048,32.792171478271484,9619353
2018-06-19,32.69174291386453,33.050363388439585,32.3474669956118,32.54829406738281,10429416
2018-06-20,32.476580019005425,32.763474505858795,31.87409864167992,32.06058120727539,10259367
2018-06-21,32.2470595399685,32.2470595399685,30.999063268596313,31.372028350830078,16149600
2018-06-22,31.357680450762636,31.644574869382698,30.755199216727785,31.472436904907227,17661147
2018-06-25,31.400710445591965,31.845398219868407,30.798229282077948,31.38636589050293,18864450
2018-06-26,31.2429243410351,31.328994974895952,30.195755159083973,30.410926818847656,19411377
2018-06-27,30.41092913889468,30.41092913889468,29.205969722247186,29.95189666748047,26922588
2018-06-28,29.621964409743633,30.267479420366506,29.062520037159285,29.765413284301758,24051936
2018-06-29,30.023613651647377,31.357680412249863,29.9518908678951,31.17119789123535,19270500
2018-07-02,31.228578679286535,31.228578679286535,29.779755345862693,30.29616928100586,18396411
2018-07-03,30.124035799292884,30.941688856211275,29.92320867508031,30.826929092407227,18868143
2018-07-04,30.654789309987162,30.769549067133774,29.79410262279461,29.937551498413086,13058145
2018-07-05,29.923204479122056,30.310514113168924,29.26334495874027,29.335067749023438,10440048
2018-07-06,29.40679252013432,32.20402421196353,29.349414284042815,31.788028717041016,53028897
2018-07-09,32.046238208428264,32.30444358750232,30.712174347162705,30.91299819946289,22921557
2018-07-10,31.12816467792987,32.46223159882716,30.9273408592935,32.36181640625,26831130
2018-07-11,32.419193678578914,32.47657519403204,30.89865082587821,31.070785522460938,23040108
2018-07-12,31.271613457902394,31.773679569598,30.15272148378303,30.410926818847656,17688438
2018-07-13,30.812575254173492,31.185540270156658,29.478511869993348,29.77975082397461,21314028
2018-07-16,29.880173625603373,30.152723537666663,28.83300437232324,28.976449966430664,15895158
2018-07-17,29.320725754430605,29.966240773192094,28.91907152721112,29.851484298706055,24264597
2018-07-18,29.894519087284223,30.138379887886185,28.402661880725784,28.560455322265625,24044445
2018-07-19,28.66086261601737,29.03382767828447,27.74279780113721,28.08707046508789,19658436
2018-07-20,28.23052312724086,29.894518290851625,28.044040570981807,29.736724853515625,27581040
2018-07-23,29.60762245508334,29.951895149567207,28.732587951925005,29.492862701416016,16157148
2018-07-24,29.50720658026206,30.855614776041264,29.392450112498203,30.669132232666016,22493088
2018-07-25,30.554377767685825,30.554377767685825,28.847348931733983,28.976449966430664,31127565
2018-07-26,29.076861086824213,29.406789190249985,28.617828683552602,28.746932983398438,32172804
2018-07-27,28.947759244766303,29.593274232284983,28.80431365860149,29.40679168701172,17262075
2018-07-30,29.550237193221644,31.21423206942057,29.4498252943345,30.927337646484375,42168243
2018-07-31,31.099474000994487,34.32704874463601,30.75520133162801,33.38029479980469,77121654
2018-08-01,34.05449903067684,34.97256386449144,33.423328636614585,33.59546661376953,80280801
2018-08-02,33.56678398696872,34.09753929560056,32.70609721807209,33.52375030517578,22892568
2018-08-03,33.56678164068826,34.58526178822785,33.4520218806692,34.284019470214844,28213677
2018-08-06,34.45615746861381,34.59960634782282,33.853676115847044,34.284019470214844,29598678
2018-08-07,34.0831879046917,34.25532588062626,33.29422738015138,33.4233283996582,13025202
2018-08-08,33.45202339559009,34.94388064384321,33.021680021733594,34.70001983642578,40606014
2018-08-09,35.00126056403585,35.31684747107616,34.18361074108861,34.77174758911133,38338101
2018-08-10,34.84345586687802,35.6897977420944,34.370078986936896,34.75738525390625,43808427
2018-08-13,34.61395566072914,34.628300222293966,33.423337351290655,33.667198181152344,14906724
2018-08-14,33.46636890028296,33.91106013019297,32.50527020373485,33.738922119140625,28673466
2018-08-16,33.56676922672216,33.93973420477676,32.79215016203305,32.94994354248047,14290698
2018-08-17,33.19381273384996,33.96843199655144,33.02167475510976,33.724571228027344,11741781
2018-08-20,33.738957380796066,34.113195850934694,33.52305107794205,33.81092834472656,9578118
2018-08-21,33.96926112587392,34.68894778670124,33.839719305938324,34.14198684692383,14753664
2018-08-23,34.14197976876198,34.19955389901957,33.393502897539605,33.451080322265625,13224216
2018-08-24,33.39350855843969,33.954866307018385,33.16321199836924,33.825321197509766,10920258
2018-08-27,33.969261948027416,34.22834888863837,33.47987513859904,33.60941696166992,15681402
2018-08-28,33.73896455232865,33.810935531557256,33.105639043039695,33.13442611694336,8750094
2018-08-29,33.163220604631604,33.55184944507343,32.96170447333608,33.04806900024414,8680368
2018-08-30,33.10563171337193,33.30714448055161,32.76018360854155,32.87533187866211,12692523
2018-08-31,32.87533710954566,33.79653659495947,32.54428248580536,32.673824310302734,29239140
2018-09-03,32.889733068161526,33.24957808498671,32.24201401455789,32.371559143066406,23274777
2018-09-04,32.6450363061014,32.6450363061014,30.946572744321465,31.421566009521484,20666517
2018-09-05,31.49353935589907,31.49353935589907,25.764822787026038,27.18980598449707,435838635
2018-09-06,27.261773117943463,27.30495537449408,25.793610987150256,26.268604278564453,144894588
2018-09-07,26.196634895395583,26.988292575774743,25.937547945562006,26.441329956054688,64860561
2018-09-10,26.44132811146449,26.801171438293345,26.095876672806106,26.182239532470703,32605425
2018-09-11,26.31177850390779,26.455717127840106,25.376185684519008,25.47694206237793,47399022
2018-09-12,25.476945245991516,25.505732315481524,24.541350662456047,25.232250213623047,56999529
2018-09-14,25.361799714706667,25.76482369909374,25.361799714706667,25.563312530517578,22618239
2018-09-17,25.54892029836246,25.563315484499324,24.98756404501269,25.07392692565918,22569123
2018-09-18,25.073921411486868,25.20346488035037,24.095146156290475,24.181509017944336,33779469
2018-09-19,24.397416288406635,24.44059689727987,23.69212147950131,23.778484344482422,23632947
2018-09-21,23.979994381251082,24.080750770902352,21.446692752572805,23.07318687438965,37031124
2018-09-24,23.202737319612986,23.28909854727102,22.223961914375156,22.36789894104004,21786213
2018-09-25,22.19517335467215,22.569410257875866,21.37472856889152,21.936084747314453,26192304
2018-09-26,22.655770397976077,24.843620700205538,22.526225286284326,24.23908233642578,142002327
2018-09-27,24.469381609679413,24.742863714535236,23.4618193413761,23.62015151977539,45255255
2018-09-28,23.778483689340153,23.97999648633247,22.69895202490601,23.116371154785156,22137960
2018-10-01,23.188341646660568,24.13832988854456,22.48304682174778,23.80727195739746,29322090
2018-10-03,23.821665973535914,24.397417333243865,23.36106620355732,24.008785247802734,30933705
2018-10-04,23.648937769449642,24.037568140050045,23.1739428979588,23.677724838256836,24482433
2018-10-05,23.60575793986594,23.965602925797064,22.914858334232292,23.202733993530273,20945433
2018-10-08,22.742135241702314,22.958041599359202,21.648209915872055,22.209566116333008,29928747
2018-10-09,22.209571091574883,22.67017263239601,21.53306479196609,21.849727630615234,28296093
2018-10-10,22.16638146716945,23.548182233992822,22.065625075461785,23.447425842285156,26090592
2018-10-11,22.59819331078677,24.90119340984773,22.367893465604116,24.440593719482422,42896796
2018-10-12,24.757261455167722,25.160287089848282,24.411811617113568,24.627717971801758,23021736
2018-10-15,24.886805585981275,25.361800566993477,24.267875227745378,25.11710548400879,17167395
2018-10-16,25.203464346381054,25.47694646128509,24.973164485006357,25.3330078125,13062003
2018-10-17,25.505735660783678,25.692854931480007,24.426203940973593,24.613323211669922,11772090
2018-10-19,24.440598240297433,24.814836793368546,23.663335707225926,23.92242431640625,22909692
2018-10-22,24.152722679513296,24.757261123433647,23.82166638324303,24.383024215698242,18668121
2018-10-23,24.2822677238682,25.189073739358008,24.210298391108704,25.05953025817871,21949755
2018-10-24,25.333010845809163,25.448160790284266,24.181511401058128,24.383024215698242,20489004
2018-10-25,24.123935878115194,24.526961511954823,23.605760298497785,23.99439239501953,27339909
2018-10-26,23.951211066166668,26.19663576524159,23.476216112720273,25.404979705810547,72418194
2018-10-29,25.620885245726118,26.196634939227774,24.771653418289517,24.87240982055664,39264528
2018-10-30,24.872410979919117,26.196636160315546,24.872410979919117,25.865581512451172,53536695
2018-10-31,25.620888499641158,26.887539633447222,25.620888499641158,26.78678321838379,34635969
2018-11-01,26.873141805474006,28.355697423775567,26.829959550348576,28.06782341003418,58131714
2018-11-02,28.29812121660068,28.470846930039123,27.218589625696612,27.348133087158203,20519661
2018-11-05,27.362529331196658,27.837524266563694,26.786779641455173,27.376924514770508,12621051
2018-11-06,27.564041990343128,27.851917657326524,27.261772787095758,27.42010498046875,12935340
2018-11-07,27.621616951729298,27.621616951729298,27.391315436729652,27.477678298950195,1471155
2018-11-09,27.492073998291758,28.571605742916688,27.434499850436943,28.398880004882812,26676957
2018-11-12,28.413281985020124,28.5860044598832,27.2042048941584,27.36253547668457,13179546
2018-11-13,27.34813447523869,27.43449733634134,26.68602195217598,27.23298454284668,11296545
2018-11-14,27.477677595008227,28.19736754599705,27.11783426674836,27.578433990478516,16517217
2018-11-15,27.549650631673313,28.053432676905807,27.07465730847894,27.837526321411133,8838150
2018-11-16,27.92388610003619,27.938279636692627,26.36936107985542,26.729206085205078,17977203
2018-11-19,26.772388099265495,27.20420081054397,26.599662355860197,27.031475067138672,10805367
2018-11-20,27.045866231459474,27.636011096950742,26.570872949624484,26.74359703063965,21194664
2018-11-21,26.901925198230494,27.391311943001924,26.57086897463971,27.132225036621094,10910604
2018-11-22,27.146625161059315,27.276168645699276,26.82996239458676,26.98829460144043,10296039
2018-11-26,27.29056052253823,27.679190929352263,26.801172071041254,27.607221603393555,20503503
2018-11-27,27.348138048562,27.492075071050266,26.657238363936578,26.815568923950195,13761777
2018-11-28,26.95950658016045,27.060262992441096,25.404981429594514,25.53452491760254,29465751
2018-11-29,25.620883092262726,25.678458880390913,24.037569509169106,24.411808013916016,80182452
2018-11-30,24.397415539165873,24.584533152438183,23.821664221796127,23.96560287475586,35208714
2018-12-03,24.22468739389734,24.886799860200956,23.72090545334701,24.52695655822754,30724905
2018-12-04,24.469388012146144,24.87241368381377,24.0375752631408,24.152725219726562,14637795
2018-12-05,23.908028360956433,24.15272177792764,23.31788512345505,23.80727195739746,16503828
2018-12-06,23.4762141156145,24.181508893724256,23.461820579951894,23.54818344116211,21612813
2018-12-07,23.692119714761752,23.76408903809105,23.030007211282644,23.058795928955078,21818304
2018-12-10,22.483051499351504,23.116377125704364,22.10881452772573,22.35350799560547,60029283
2018-12-11,22.022445133754186,22.97243329250029,21.59063248407273,22.670164108276367,49626948
2018-12-12,22.85728580789717,23.576974235308867,22.8141051940911,23.087587356567383,24321090
2018-12-13,23.346671265606783,24.51256580472967,23.217127793978598,24.296659469604492,51720444
2018-12-14,24.440597481038353,24.440597481038353,23.38985283434641,23.720909118652344,29710962
2018-12-17,23.836062337432136,24.325449205447672,23.82166715257745,24.109542846679688,24032520
2018-12-18,23.97999740969379,24.354235946299646,23.85045393442048,24.28226661682129,26882103
2018-12-19,24.3686247239792,25.13149523623169,24.296657050924775,24.94437599182129,35638596
2018-12-20,24.71408388322797,26.182246287366933,24.58453873669177,25.995128631591797,62658462
2018-12-21,26.239815906981285,27.29056048734432,25.33300833111547,25.448158264160156,113350500
2018-12-24,25.448158429328537,25.721640551606285,25.10270862795237,25.318614959716797,33134253
2018-12-26,25.261044403722803,25.76482481789121,24.54135597989459,25.53452491760254,37833786
2018-12-27,25.98072791045243,26.052697237947832,24.656502826838533,24.800439834594727,74696946
2018-12-28,25.045137048536102,25.404980422569,24.929987102956183,25.304224014282227,22391712
2018-12-31,24.87240876036826,25.822396949578657,24.84362168872889,25.318614959716797,31537269
2019-01-01,25.448159286747714,25.54891568811485,25.0739224011231,25.174678802490234,10478028
2019-01-02,25.117104293786337,25.980729694082363,24.973167276148573,25.822399139404297,30694161
2019-01-03,25.937549440427304,26.153455793476887,25.433769048134778,25.563312530517578,39807891
2019-01-04,25.59209813003902,26.527691174509442,25.47694819153136,26.441329956054688,34527270
2019-01-07,26.628443625281395,26.829956399576503,26.211026189652284,26.31178092956543,24057507
2019-01-08,26.340571170411284,26.441327563392424,25.923152063380055,26.153451919555664,14104692
2019-01-09,26.225422772909752,26.72920476721753,25.966334184165206,26.58526611328125,18285609
2019-01-10,26.455723860087055,26.772386607192068,26.340573919979292,26.599660873413086,17549421
2019-01-11,26.657237383308665,26.743598605283825,26.412542312674884,26.498905181884766,22185702
2019-01-14,26.455719006440606,26.642838242499263,25.822393628422375,26.369356155395508,15934200
2019-01-15,26.484505012852196,26.527685613026836,25.836786126826727,25.96632957458496,22043667
2019-01-16,26.0526979920232,26.268604333524042,25.448159576926983,25.592098236083984,17562354
2019-01-17,25.678462088143576,25.736036236229403,24.95877370642766,25.102710723876953,23812968
2019-01-18,25.30422513999911,25.404981552768266,24.77165600028639,24.85801887512207,11667606
2019-01-21,25.016343542331875,25.21785796760048,24.670893771659493,24.901193618774414,9151740
2019-01-22,25.03074114248294,25.160284613096778,24.282265743427338,24.51256561279297,19554852
2019-01-23,24.584537968731908,24.685294386648813,24.066363987713427,24.152725219726562,11639016
2019-01-24,24.167110037323482,24.267866412013337,23.72090229384888,23.8360538482666,13418628
2019-01-25,23.95120870720229,24.181508569182277,23.044401147517227,23.13076400756836,17708478
2019-01-28,23.130768584590285,23.34667495382351,22.756531646628968,22.943649291992188,13648203
2019-01-29,23.015611855372203,23.720904908714697,22.914855469575507,23.56257438659668,26089251
2019-01-30,23.706515749699975,24.368626629754022,23.60575770507499,24.181509017944336,23315919
2019-01-31,25.21785880510004,25.3330070852472,23.994388561722516,24.080751419067383,87060927
2019-02-01,24.224689579580204,24.81483442707586,23.96560264234062,24.35423469543457,29213256
2019-02-04,24.32544054198799,24.32544054198799,23.50499601197551,23.8360538482666,11287905
2019-02-05,23.49060859471167,23.951208311053403,22.814100908195915,22.97243309020996,15855786
2019-02-06,23.03001217636089,23.663337745941785,22.540625284470575,23.576974868774414,18884961
2019-02-07,23.605755548954043,23.893631179094506,23.188338109016847,23.5049991607666,16189332
2019-02-08,23.447213943226092,23.64946986573983,22.970469021093106,23.11493682861328,10374135
2019-02-11,23.071604846827345,23.0860514671729,21.9303036531213,22.175899505615234,24270603
2019-02-12,22.204790240867137,23.100493761012658,22.002534287290523,22.45038604736328,26343552
2019-02-14,21.699146224096555,22.089211439317953,20.947910676739525,21.52578353881836,53580390
2019-02-15,21.670251136104234,22.031421437269653,21.424653744135153,21.69914436340332,30063423
2019-02-18,21.829166282988005,22.045868801729224,21.62691203169734,21.756933212280273,12307260
2019-02-19,21.814722554815564,22.248127649635137,21.713594589137045,21.959190368652344,17095686
2019-02-20,22.479284299024137,22.753775055363565,22.045879059874355,22.392602920532227,37576563
2019-02-21,22.305912149347254,22.522614661609943,21.973635074098393,22.378145217895508,14611077
2019-02-22,22.768216721278204,22.898237934065225,22.537067531143627,22.695981979370117,31188135
2019-02-25,22.695978180143392,23.490555248194696,22.277021376474753,23.37497901916504,66028140
2019-02-26,22.970472806137362,23.273856739899177,22.363704938613736,23.02825927734375,45772245
2019-02-27,23.114936514550923,23.909511925079734,23.028255169892894,23.302745819091797,42834909
2019-02-28,23.403877050226384,24.03953812882193,23.129386362660842,23.837282180786133,71638554
2019-03-01,23.981750744177376,24.646305077701722,23.981750744177376,24.55962371826172,34016796
2019-03-05,24.790771784335742,26.336582850180033,24.602962468804236,26.047645568847656,59932653
2019-03-06,26.24990430144878,27.131161202241543,26.018755113041767,26.61107635498047,51195621
2019-03-07,26.79888262847679,26.79888262847679,25.686476597754073,25.816497802734375,34017735
2019-03-08,25.42643307090298,25.71537037397325,25.07970929920427,25.195283889770508,36310506
2019-03-11,25.354197912118114,26.582178456473752,25.224176715025507,26.481050491333008,42558603
2019-03-12,26.639967640751134,27.073372750626024,26.206562530876244,26.351030349731445,45229077
2019-03-13,26.379925299542904,27.26118384650542,25.411987047612065,27.04448127746582,63010848
2019-03-14,27.30451835966375,27.362304818342643,26.33658029701062,26.92889976501465,45891693
2019-03-15,26.885563904289118,27.579011431029365,26.683307962329216,27.43454360961914,63556005
2019-03-18,27.62235510088564,27.78126955156786,26.986693991537862,27.261184692382812,35936859
2019-03-19,27.2900778221131,28.0268652541957,27.001140504449108,27.940185546875,48370725
2019-03-20,27.925734707392753,28.214670328068262,26.88556184369518,27.015583038330078,54651846
2019-03-22,27.160049620488415,27.275624194194165,26.163218302285387,26.307687759399414,41619885
2019-03-25,26.148776317969165,26.900012006748774,26.004308488580186,26.524394989013672,30160203
2019-03-26,26.654414056912064,26.943349692450184,26.49549796938775,26.69775390625,20409297
2019-03-27,27.047124805764856,27.425610773224047,26.654083607937995,26.814212799072266,27294354
2019-03-28,27.04712472464767,27.134467768101686,26.683197320507592,26.91611099243164,49917378
2019-04-01,27.30914960811305,28.400933316677964,27.03256529043913,27.920547485351562,65733300
2019-04-02,28.06612204139273,29.638293468491437,27.96422376911926,29.361705780029297,106871754
2019-04-03,29.71107226411195,29.754742943873705,28.168018256181515,28.313587188720703,61986711
2019-04-04,28.328149785825048,28.823090861619598,27.978777654758556,28.34270668029785,37349862
2019-04-05,28.575625744266286,28.63385333320277,28.037010551023197,28.18258285522461,20317581
2019-04-08,28.211693930805925,28.371823116809093,27.498396039497084,27.658523559570312,20624223
2019-04-09,27.702192656369924,28.051563134047456,27.134465421902703,27.891435623168945,27228855
2019-04-10,27.818653106689453,28.182580504983644,27.62941012656729,27.818653106689453,21749289
2019-04-11,27.77498173971698,27.804095532791923,27.047125251333366,27.163583755493164,53425362
2019-04-12,27.236370225416785,27.42561322607159,26.78509973610928,27.352827072143555,41529546
2019-04-15,27.556623622821917,27.876880328898316,27.38193920691748,27.658523559570312,20654934
2019-04-16,27.6730782322804,27.847764300081344,27.338264657270095,27.41105079650879,13209351
2019-04-18,27.411053783024432,27.52751061893678,26.828767937532717,26.930667877197266,16277727
2019-04-22,26.755978281365667,26.755978281365667,25.795208321465793,26.028121948242188,22971246
2019-04-23,25.999013385147762,26.15914257693603,25.591413623428537,25.736984252929688,24354744
2019-04-24,25.76609971157392,25.969899592433535,25.474956786641616,25.736984252929688,20413533
2019-04-25,25.780654249343247,26.086354042665192,25.227483908730616,25.34394073486328,48818151
2019-04-26,25.474956844171697,25.78065666615148,25.1983724809019,25.664199829101562,21338169
2019-04-30,25.62052697743663,25.69331312390587,24.834442926102703,25.373056411743164,22789725
2019-05-02,25.271155063975364,25.984454594997473,25.111027549787476,25.69331169128418,24345006
2019-05-03,25.6933137931658,25.99901361718353,25.474957014000285,25.751543045043945,26423517
2019-05-06,25.518625615870228,25.751540938398794,25.387611892274705,25.69331169128418,11389035
2019-05-07,25.91167171229587,26.013571658118124,25.16925829728519,25.24204444885254,18255918
2019-05-08,25.242042496560085,25.416728580438964,24.92178578673545,25.300270080566406,15589908
2019-05-09,25.285712603380183,26.523066978781646,25.111026535025474,26.18825340270996,29622102
2019-05-10,26.231923894271524,26.421166855944975,25.85343963685443,26.115467071533203,20809257
2019-05-13,26.115469584094555,26.34838325197975,25.154699454620648,25.300270080566406,18117831
2019-05-14,25.300273106848763,26.14458650337229,25.03824561561809,25.94078826904297,17664834
2019-05-15,25.940788053336735,26.14458628597141,25.780658847637174,25.911672592163086,14422137
2019-05-16,26.05724341194478,26.100915771037897,25.2274885803374,25.984458923339844,12642906
2019-05-17,25.911670035060155,26.90155396902353,25.80977009583378,26.770540237426758,20954694
2019-05-20,27.6876369957064,29.143346463706095,27.6876369957064,28.910432815551758,51849138
2019-05-21,29.085121807251703,29.085121807251703,27.818653509910167,28.22625160217285,25111281
2019-05-22,28.531946094028157,29.76930210607544,28.182577297446727,29.434490203857422,45689826
2019-05-23,30.278806546743812,31.341476721791285,29.507280984936358,29.885766983032227,77956989
2019-05-24,30.016773463873832,32.75351299329231,29.987659674349967,32.549713134765625,108593046
2019-05-27,32.46237620215535,34.2820184695501,31.865536710381004,32.89908981323242,68298933
2019-05-28,32.884536314365114,33.39403441771431,32.47693649894159,32.8263053894043,35917173
2019-05-29,32.98643475235184,33.08833304074105,32.025662802522675,32.66617965698242,32644272
2019-05-30,33.77251351682533,33.77251351682533,32.418702129904204,33.01554489135742,105093189
2019-05-31,33.146563625891055,33.46681871797473,31.923764186603368,32.50605010986328,49922292
2019-06-03,32.60794419046185,32.811744070717616,32.21490132626431,32.375030517578125,31057965
2019-06-04,32.25856885352157,33.24845093105238,32.25856885352157,32.942752838134766,28189440
2019-06-06,32.89908748162939,32.94276150513021,30.919322805706408,31.108562469482422,41677017
2019-06-07,31.35602940004054,32.02565318639865,30.555386904229767,31.530712127685547,39082830
2019-06-10,31.60350388553028,31.88008823745055,30.962990475073948,31.356033325195312,15825306
2019-06-11,31.457928687666257,32.36046947081628,31.312356411337053,32.15666961669922,23772855
2019-06-12,32.02564655720554,32.287677258152556,31.0794353175529,31.152219772338867,20186847
2019-06-13,31.225018837775295,32.09844593813265,31.210461941560006,32.040218353271484,18529365
2019-06-14,31.95287395226397,32.4914891130039,31.690846486001846,32.258575439453125,24943608
2019-06-17,32.31680585937521,32.68073163204689,31.574394084539083,31.734519958496094,32924067
2019-06-18,31.836416151020916,32.22945898387001,31.661730077325792,31.96742820739746,23424801
2019-06-19,32.185783947898585,32.60794055769268,30.8756434344396,31.326913833618164,32430930
2019-06-20,31.443375489879067,32.3022456906618,31.34147388491063,32.20034408569336,16063953
2019-06-21,32.244011261030344,32.98642621165661,31.719956392707942,32.46236801147461,33804483
2019-06-24,32.564271337191386,33.539599984704694,32.46236973790622,33.40858459472656,42151767
2019-06-25,33.46681187035673,33.56871346871091,32.79718469495691,33.16111373901367,33003267
2019-06-26,33.14656053618147,33.58327410495366,33.04465892647589,33.30668640136719,21223506
2019-06-27,33.62694131425766,33.94719634333507,33.364913866492536,33.46681213378906,51050244
2019-06-28,33.481371976945084,33.801630366079046,32.52060347326333,32.753517150878906,20912469
2019-07-01,32.971865550042686,33.61237883362441,31.967423280012927,32.27312469482422,33367893
2019-07-02,32.31680320459087,32.85541503646604,32.31680320459087,32.63705825805664,14009295
2019-07-03,32.811745076820856,33.14656036602887,32.287690129728425,32.92820358276367,25226940
2019-07-04,32.957317256759545,33.32124633816839,32.70984668087116,33.07377243041992,12187362
2019-07-05,33.263013166202086,33.4085854552764,31.210460882739504,31.559829711914062,30916248
2019-07-08,31.472485380966628,31.95286955836534,29.332588592343775,29.463603973388672,53678784
2019-07-09,29.405382766825806,31.472495765751518,29.114241451821602,31.254138946533203,71879163
2019-07-10,31.28324339543616,31.28324339543616,30.075004467185366,30.235130310058594,24602505
2019-07-11,30.424374584499734,31.210460265347223,30.03133174407599,31.09400177001953,28447611
2019-07-12,30.977548196310288,31.18134807469785,30.36614856114759,30.875646591186523,58318251
2019-07-15,30.78830005719264,30.78830005719264,29.46360273548467,29.943986892700195,30095892
2019-07-16,29.95854946430498,30.62817669894052,29.842090960435304,30.002220153808594,23451318
2019-07-17,30.13323789020142,30.39526537939633,29.72563809284921,30.075010299682617,16754862
2019-07-18,30.220574420622235,30.2496882112041,27.92054998012746,28.10979461669922,43257153
2019-07-19,28.386377610919443,29.099675441877423,27.309150751252886,28.692075729370117,63753267
2019-07-22,28.64840608830681,29.623731389416314,27.891435880068347,29.25980567932129,41161548
2019-07-23,29.390820430426157,29.812973711890475,28.604734783034033,28.779420852661133,30391386
2019-07-24,28.866767308649813,29.172468817335023,27.905998754176842,28.415496826171875,24861369
2019-07-25,28.59018160665485,29.187021035371114,28.299040340650325,28.86676597595215,40596891
2019-07-26,29.085120458877565,29.085120458877565,28.488277745489107,28.72119140625,21059481
2019-07-29,28.54650617742465,28.61929064887755,26.828764330330273,27.003450393676758,41593818
2019-07-30,27.192697577390348,29.23069474746659,27.149025221801626,28.648408889770508,114516858
2019-07-31,28.357265795144965,30.1332337147622,28.240807298384244,29.900320053100586,68598411
2019-08-01,29.5072770715808,29.638292463349128,28.15346579470063,28.75030517578125,38784582
2019-08-02,28.240807889265213,28.721192118252105,27.44016695231041,27.76042366027832,41095086
2019-08-05,27.643967454849125,27.643967454849125,26.55218357696464,26.930667877197266,70443657
2019-08-06,26.90155405397665,28.44460837750036,26.90155405397665,28.22625160217285,42197172
2019-08-07,28.2116959132924,28.64840948263705,27.42561182165804,27.61485481262207,33700071
2019-08-08,27.71675730301846,28.357270819028706,27.221814434854103,28.240812301635742,31400160
2019-08-09,28.168024336597178,28.793980877214004,28.095236522756142,28.430051803588867,17455608
2019-08-13,28.430050371850022,28.662964034319764,27.192695915255815,27.440166473388672,22317750
2019-08-14,27.367380634212985,27.949666462808114,26.81421192912851,27.673080444335938,21367104
2019-08-16,27.673080930961344,28.095235915110898,27.38193967747406,27.97878074645996,16438485
2019-08-19,28.06612456321519,28.64841045267774,27.774983284414027,28.48828125,20751876
2019-08-20,28.710499089071863,28.84383093965483,27.25867826443595,27.65867042541504,27155040
2019-08-21,27.73273967376336,28.23643167866649,27.11053010788748,27.243860244750977,25750647
2019-08-22,27.510523995735984,27.91051443223409,27.288306521442106,27.64385414123535,35013807
2019-08-23,27.79200236977575,29.910477497552623,27.495711798295314,29.5993709564209,51949131
2019-08-26,30.206762835343135,31.11044702281159,29.688256515219486,30.280834197998047,51918060
2019-08-27,30.221573410841803,31.051186134168073,30.147498666478885,30.710451126098633,27645471
2019-08-28,30.57713418414447,30.977123034682908,30.443802306784658,30.725276947021484,26066439
2019-08-29,30.59194036505781,31.510442307495293,29.851216492274002,31.021564483642578,60333249
2019-08-30,30.814148983970252,31.110441160295252,29.821579348357794,30.488231658935547,26464308
2019-09-03,29.999357865563855,30.75489589253695,29.747511856572824,29.880840301513672,20432799
2019-09-04,29.89566181745859,31.76229101587493,29.89566181745859,31.554887771606445,51820020
2019-09-05,31.70302462477234,32.4289375400185,31.465996264880857,31.95487403869629,46413759
2019-09-06,31.851171746653545,32.44375283741078,31.688214744080334,32.310420989990234,29489361
2019-09-09,32.50300598144531,32.858555270868635,32.22153143860062,32.50300598144531,30785802
2019-09-11,32.503007176274146,32.99188492412564,31.76228341864368,31.984500885009766,28361922
2019-09-12,32.14745606321311,32.65115144517201,31.717838817153176,31.999313354492188,26803833
2019-09-13,32.02893799543194,32.53262992527694,31.228953902691995,32.191898345947266,22195425
2019-09-16,32.88819070274889,33.599286039789455,32.20672391423876,32.384498596191406,53785869
2019-09-17,32.57708602129897,33.31780987205624,31.83635877977183,32.01413345336914,55784604
2019-09-18,32.31042291923494,32.71041509461023,31.303038734643774,31.673398971557617,34163946
2019-09-19,31.9104272915824,31.9104272915824,30.79934003756866,30.903039932250977,20922834
2019-09-20,31.22896535152702,32.873376947067385,30.725273237023703,32.02894973754883,63740280
2019-09-23,32.66597184560073,34.265937135394545,32.11783354817097,33.31781005859375,60392520
2019-09-24,33.33261114991177,33.55482855757785,32.740030265879376,33.14002227783203,33511350
2019-09-25,33.036334228777356,33.05115189416397,31.96969289330872,32.28079605102539,18553128
2019-09-26,32.22153869835106,33.12522300590865,31.791917956321708,32.88819122314453,24021438
2019-09-27,32.72521728043434,32.96224896518175,31.95486515269743,32.04375076293945,18383574
2019-09-30,32.10301388664412,32.265974260235076,31.140072697802633,32.088199615478516,23611185
2019-10-01,32.1770876735431,32.947439923486264,31.303032137764394,31.747467041015625,30449868
2019-10-03,31.465993248591666,31.76228206082378,30.90304077550441,31.228958129882812,20914977
2019-10-04,31.406726032892504,31.851160851238944,30.88821987507784,31.095623016357422,26160762
2019-10-07,31.140077523820054,31.480809204204053,30.666013991512838,30.91786003112793,18641931
2019-10-09,31.110443961297683,31.59932168824993,30.82896942013871,31.228958129882812,20174292
2019-10-10,31.140079143459268,31.540071329263213,30.784529780351313,31.30303955078125,13718334
2019-10-11,31.317846402204886,31.525249583065133,30.81415102539045,31.12525749206543,18654189
2019-10-14,31.288226088639266,32.636345423361675,31.25859414863615,32.28079605102539,33280899
2019-10-15,32.577082832133804,32.932628753752034,32.04375886355214,32.74003982543945,25630197
2019-10-16,32.88819168010926,33.362255252224365,32.636345619346244,33.1696662902832,31470330
2019-10-17,33.16966776743512,33.628917085296614,33.08078211524398,33.54003143310547,24550347
2019-10-18,33.465955348798715,35.85108725479329,33.451137684747565,34.532596588134766,77943672
2019-10-22,34.60666839962186,34.97702859090055,33.969644530437535,34.17704772949219,28561275
2019-10-23,34.17705548515967,34.53260148510068,33.56966002218216,33.76224899291992,32842875
2019-10-24,33.910392867605154,34.428899252811725,33.36225454284758,34.354827880859375,21415911
2019-10-25,34.36963123371765,34.73999479386881,33.9696425220468,34.5770378112793,22725063
2019-10-27,34.60666391347129,34.79925281553978,34.4437035516027,34.562217712402344,2065533
2019-10-29,34.754814080470744,35.67331258705535,34.577042801082605,35.169620513916016,27978864
2019-10-30,35.52516971631129,36.177007910513225,34.87333152210935,35.36220932006836,28093326
2019-10-31,35.51035206070487,35.67330905065626,34.85851392859089,35.006656646728516,23706222
2019-11-01,35.199242078927526,36.073297592301564,34.991838903342035,35.67330551147461,25696773
2019-11-04,35.86589977401411,36.17700627924697,35.273322090201354,35.40665054321289,32659980
2019-11-05,34.16223167753781,34.3400029325199,33.065958651301514,33.362247467041016,62888307
2019-11-06,33.317803806733906,33.33261807760601,32.043756167118055,32.414119720458984,50423022
2019-11-07,32.45857639056849,32.66597966209348,31.910441352747895,32.265987396240234,26145681
2019-11-08,32.19191183882932,33.42151364068005,32.19191183882932,32.4289436340332,40157721
2019-11-11,32.340049119288146,32.6363413562346,31.925242700178845,32.251163482666016,22302711
2019-11-13,32.23634782666453,32.47337957158908,31.762284336815434,32.325233459472656,26958765
2019-11-14,32.428941418987066,32.858562154218454,32.2363524627692,32.384498596191406,17998971
2019-11-15,32.50300816681945,33.28817815426713,32.473379622503614,32.962257385253906,16088199
2019-11-18,32.902994656839255,33.27335817884356,32.45855978674168,32.562259674072266,17733186
2019-11-19,32.517823268744685,33.18447570517068,32.473380451136876,33.02151870727539,11950386
2019-11-20,33.16966156154339,33.40669331380918,32.71041232960533,32.82892990112305,20834538
2019-11-21,32.76966815987274,32.99188563099999,32.50300787267394,32.710411071777344,12233283
2019-11-22,32.65116115395998,32.828935848055465,31.999322869456737,32.4289436340332,17271447
2019-11-25,32.103015509164806,32.280790162906285,31.08081718399791,31.628952026367188,33287655
2019-11-26,31.984503186685558,32.236349214587925,30.399352264639102,30.56230926513672,31860954
2019-11-27,30.666012356288075,30.962301200488408,30.399352057430807,30.53268051147461,12796782
2019-11-28,30.532676383989994,31.184514465729336,30.29564466251834,30.903039932250977,22439826
2019-11-29,30.977119447131624,31.228965505626014,30.414170231854776,30.54749870300293,14661717
2019-12-02,30.606759192061098,30.6956448394932,29.851217625807827,30.54749870300293,20186343
2019-12-03,30.44379699867906,30.577128852791454,29.762330235952167,29.9252872467041,26022180
2019-12-04,29.984548671387948,30.162323352182284,29.65862785813666,29.99936294555664,18411348
2019-12-05,30.162317802940375,30.606752727774392,30.058614512068768,30.23638916015625,19073526
2019-12-06,30.369723098382227,30.81415810363436,30.073434225137472,30.414169311523438,24794031
2019-12-09,30.458609486771554,31.110447663875497,30.236392003458157,30.369720458984375,18155055
2019-12-10,30.473418407546323,30.48823267778073,28.962339108252888,29.54010581970215,35565381
2019-12-11,29.83639492398449,29.83639492398449,28.606793527955904,29.169742584228516,39852759
2019-12-12,29.421587829535618,29.466034030347,28.932710137531913,29.27344512939453,32591919
2019-12-13,29.569736902005697,29.984543285764392,29.184559061262707,29.62899398803711,28292490
2019-12-16,29.747520276070205,30.31046954002525,29.4808565291753,29.940109252929688,19226304
2019-12-17,29.940101323631527,30.058615499068438,29.628994831570644,29.688255310058594,12393666
2019-12-18,29.732698649832493,29.851212827358,29.525295448393294,29.762327194213867,13404162
2019-12-19,29.703069376951937,29.866029776425123,29.480851883404817,29.658626556396484,10160163
2019-12-20,29.673433810544523,29.747508551384126,29.18455611854082,29.27344512939453,10121097
2019-12-23,29.243818600475542,29.64380730913292,29.184558125574682,29.28826141357422,22862667
2019-12-24,29.288261516346243,29.569736057728175,29.184558227982812,29.510478973388672,11035944
2019-12-26,29.51047886983689,29.83639622332981,29.140115312476006,29.28826141357422,22525710
2019-12-27,29.42158826705777,30.147497680851117,29.377145456354544,29.54010581970215,17607090
2019-12-30,29.67344051935708,29.866029463851625,29.51048351235924,29.61418342590332,9577833
2019-12-31,29.688250749902238,30.221571238988563,29.510476123283805,29.6438045501709,22468632
2020-01-01,29.717887144707596,29.910476091888277,29.451223438906734,29.67344093322754,15438294
2020-01-02,29.821585454202122,30.754898201949047,29.599367971844774,30.56230926513672,26262750
2020-01-03,30.57713308046281,30.78453294100454,29.732705799461442,29.910480499267578,21950223
2020-01-06,29.480851293273844,29.895657725027757,28.34013699672037,28.725313186645508,36402729
2020-01-07,29.140119863495375,29.33270880777025,28.236435626277007,28.54753875732422,33298260
2020-01-08,28.16236028709331,28.784568194264057,27.984587325923716,28.28087615966797,20424309
2020-01-09,28.740131378173828,28.814202754382105,28.384583686218722,28.740131378173828,41681037
2020-01-10,28.740124593054432,29.21418807040851,28.740124593054432,28.79938507080078,23088681
2020-01-13,29.095669847551527,29.406772901657124,28.903080950907494,29.036409378051758,28538664
2020-01-14,29.28826392802847,29.688256061795244,29.02160363577382,29.584552764892578,21417702
2020-01-15,29.68825329296,31.006740358961604,29.480846718498164,30.76970863342285,39241374
2020-01-16,31.406737764230773,31.77710138145068,30.91785995959319,31.332666397094727,54250446
2020-01-17,31.288212410286533,32.28078193874834,31.021552192995944,32.17708206176758,33279852
2020-01-20,32.29561360275797,32.29561360275797,30.71046232255217,31.110454559326172,28115967
2020-01-21,30.81415102539045,31.40673202652961,30.76970821322809,31.12525749206543,17126625
2020-01-22,31.12526806486383,31.12526806486383,29.629002478420208,29.910480499267578,46807380
2020-01-23,29.954914198609885,30.977112477160876,29.673436263534988,29.969728469848633,64975338
2020-01-24,30.02898934567047,30.710456080989438,30.014175072561567,30.177135467529297,20621760
2020-01-27,30.13269562554785,30.66601629170423,29.925288999990247,30.117877960205078,24177363
2020-01-28,30.10305831485728,30.236390152993298,29.45122017764578,29.688255310058594,32134050
2020-01-29,29.895655853939264,29.96973060618262,29.540109928095564,29.791955947875977,28345554
2020-01-30,29.999361487806958,30.65119969186495,29.71788690150937,29.851215362548828,33639177
2020-01-31,28.517910510156913,29.332709115853916,26.63646895384163,26.858686447143555,169747995
2020-02-03,25.184648385621713,25.910559662847263,23.925416474956112,24.74021339416504,76345218
2020-02-04,25.051318046573577,25.806857865677422,25.021689499459487,25.14020538330078,44426844
2020-02-05,25.18464778533663,26.117962262380733,25.051317630154585,25.74759864807129,45829710
2020-02-06,26.029075350229032,26.073518170883823,25.377237141649196,25.77722930908203,31688880
2020-02-07,25.806861094839213,26.07352144300258,25.540200746675847,25.9401912689209,30367869
2020-02-10,26.029069996538936,26.029069996538936,25.436490699432838,25.629077911376953,37802355
2020-02-11,25.870013786281778,26.26152658012493,25.689314513261255,25.80978012084961,40352259
2020-02-12,25.719430740557073,25.794722392278345,25.147218667993002,25.297801971435547,23629242
2020-02-13,25.297801935139532,25.749548398267024,25.04181100896489,25.659198760986328,25245033
2020-02-14,25.674253676924067,25.824835238870353,24.891226452906952,25.01169204711914,28646769
2020-02-17,25.0267557608798,25.162279360655468,24.243726688229128,24.394309997558594,36810129
2020-02-18,24.3190155679405,25.267682381397364,23.957618768684355,24.936403274536133,45656493
2020-02-19,25.07192704519903,25.56884743246019,24.68041255063797,25.508615493774414,29175999
2020-02-20,25.493557311490957,26.231410667479746,25.252627819053536,26.065771102905273,38155335
2020-02-24,25.80977636915619,25.80977636915619,24.46959517167719,24.680410385131836,25592289
2020-02-25,24.755706345352785,25.23756878975427,24.755706345352785,24.84605598449707,17040831
2020-02-26,24.7255906863215,24.906288243620935,23.882329674670633,24.183494567871094,19537644
2020-02-27,24.243725225391024,24.319016875512748,23.23482469617416,23.32517433166504,42868818
2020-02-28,23.05412241731416,23.05412241731416,21.939814495914927,22.271095275878906,52332150
2020-03-02,22.888485336086898,23.15953423632145,21.68382930151975,21.969934463500977,27625068
2020-03-03,22.10545812645446,22.632496220400654,21.75911929994009,22.436738967895508,57863331
2020-03-04,22.496969103978174,22.64755065437647,21.247137582828035,22.542144775390625,61044003
2020-03-05,23.03907049709236,23.03907049709236,21.879586600496378,22.015111923217773,46784883
2020-03-06,21.35254944216987,21.729004254857635,20.8255113257862,21.533246994018555,29644698
2020-03-09,21.05138183741706,21.23208108918855,20.37376222818764,20.99114990234375,51248196
2020-03-11,20.93092019151706,21.12667746397624,20.358708084023853,20.735164642333984,36373143
2020-03-12,19.922020192627212,20.10271948404142,18.792653929478817,19.771438598632812,71924844
2020-03-13,18.069858078522188,21.24714122755888,18.069858078522188,21.05138397216797,65882406
2020-03-16,20.62975273340729,21.06644118404272,19.575678291950798,19.846725463867188,41016261
2020-03-17,19.87684187072971,21.50312824357001,19.831667919424724,20.99114990234375,37733433
2020-03-18,21.051385036494793,24.138318706554475,20.223183740448547,22.527090072631836,98464686
2020-03-19,20.795394357969244,21.834410831962877,18.943232908151455,19.440155029296875,60526506
2020-03-20,19.575675877608806,21.683826223791545,19.425094325479925,21.473011016845703,55460706
2020-03-23,19.59073487897878,20.373762092653266,17.211537270619008,17.90421485900879,24523071
2020-03-24,18.67218451350889,19.123930926926647,16.86519885983784,17.603052139282227,27422100
2020-03-25,17.407296367541143,19.078758582699407,17.04589955100648,18.88300132751465,18227226
2020-03-26,19.04864125226415,20.614695877066644,18.40113925651534,20.283416748046875,37021584
2020-03-27,22.28615772998424,23.114358984439004,20.705045147576804,22.030168533325195,47228853
2020-03-30,21.879588735137027,22.858373445781805,21.292318598060653,21.864532470703125,46529544
2020-03-31,22.572263744149147,22.82825293086938,21.864528122851613,22.421680450439453,21484521
2020-04-01,22.225925911485792,22.96377753493556,20.298472763423945,20.795394897460938,28985310
2020-04-03,21.608540546758636,21.653714507875737,20.629755879736067,21.066444396972656,27952953
2020-04-07,21.92476248500284,21.98499443052329,20.629754977000236,20.780338287353516,37884333
2020-04-08,20.78033599957119,21.473013636453445,19.605795958471,19.9973087310791,50097555
2020-04-09,20.298473545245926,21.518189364328077,20.19306764350123,21.126676559448242,29167602
2020-04-13,21.984987990354792,22.13557125659699,21.111612973217678,21.232078552246094,29985114
2020-04-15,21.683830337398454,22.060285150775172,20.750219711913616,20.961036682128906,34458015
2020-04-16,21.23208215826551,21.744060525270882,21.14173252783048,21.38266372680664,70586814
2020-04-17,21.834407775920425,22.015107017095627,21.27725379278518,21.473011016845703,59145438
2020-04-20,21.77417907159984,23.279999985898225,21.518188154781125,22.692729949951172,104546547
2020-04-21,22.572264659516343,23.204708659606368,21.77417937428363,22.858369827270508,62019870
2020-04-22,22.873431781889387,23.400469976152827,22.557208865331326,23.069189071655273,31721535
2020-04-23,23.099298263274335,23.822093535018812,22.798135146383572,22.88848304748535,39150099
2020-04-24,22.617438957068448,23.40046626880015,22.090402569580018,22.451799392700195,72877884
2020-04-27,22.647550431071327,22.843307650951903,22.03016452957765,22.18074607849121,21745512
2020-04-28,22.36145045860344,22.43674038873794,21.894645998665357,22.060285568237305,14137194
2020-04-29,22.27109974468382,22.316275423861033,21.72900365748894,22.030168533325195,29327631
2020-04-30,22.316275132605295,22.42168102833255,21.488072165683672,21.713945388793945,51318042
2020-05-04,21.247140728184338,21.29231468300853,20.178006564585942,20.31353187561035,36058335
2020-05-05,20.659872647996384,20.659872647996384,19.620854356267152,19.69614601135254,25048227
2020-05-06,19.666027635381617,19.83166891167239,18.898058361842264,19.169105529785156,31888788
2020-05-07,19.093814099249407,19.379920952394713,18.837824936044896,18.86794090270996,26103246
2020-05-08,19.123931498019587,19.19922314359623,17.919273785172575,17.979507446289062,39644082
2020-05-11,18.220441735775662,18.672188239334364,17.874102864599067,18.115034103393555,43531365
2020-05-12,17.97951298185318,18.431259547845855,17.39224279071798,18.235502243041992,40166454
2020-05-13,19.394982548622117,20.057546060475744,18.747480470796358,19.786497116088867,84071691
2020-05-14,19.410038451960453,19.726259573468543,19.04863993033544,19.169105529785156,33954891
2020-05-15,18.988407944830982,20.7201020096437,18.747476746533202,20.403879165649414,100684062
2020-05-18,21.38266170338787,21.623592879564967,19.274511326924724,19.425094604492188,128706990
2020-05-19,19.741323628863487,20.07260280785034,18.566781621466586,18.76253890991211,63288999
2020-05-20,18.852885142801163,19.334747559373785,18.581836241022113,19.03358268737793,50209938
2020-05-21,19.39497732309714,19.696142161293082,18.792649369981,18.97334861755371,61140009
2020-05-22,18.822763975486637,19.138986774230624,18.521600882347656,18.988405227661133,34434273
2020-05-26,19.13899129524347,19.66602941764707,19.078759351697933,19.575679779052734,32415078
2020-05-27,19.59073885019746,20.208126645396515,19.33474962939596,20.072601318359375,48061671
2020-05-28,20.162949985762683,21.20196652866101,19.937076749338,20.976093292236328,70314837
2020-05-29,20.780338503681627,21.217027006355227,20.479173603115946,20.8405704498291,40149138
2020-06-01,21.081500160994924,21.382665039846614,20.84056894722396,20.900802612304688,47417268
2020-06-02,20.961037029520856,21.20196652866101,20.67493012585411,20.976093292236328,21847401
2020-06-03,21.171848869984853,22.34639063978685,20.93091766676288,22.165691375732422,72952329
2020-06-04,22.165693957110484,22.527090804031094,21.593481852000497,21.924762725830078,30651105
2020-06-05,22.10545402425911,22.391560857386207,21.939814495914927,22.271095275878906,28620174
2020-06-08,22.647555999818326,23.310117735194556,22.331333118396575,22.481916427612305,45790467
2020-06-09,22.69273306318204,22.93366430466122,21.849471994728734,22.00005531311035,35356647
2020-06-10,22.180753495807082,22.451802442421908,21.608541350655187,22.120521545410156,28261539
2020-06-11,22.240984520358943,22.49697372560747,21.171850295395775,21.277257919311523,31884348
2020-06-12,20.29847379370023,21.759120852629284,20.29847379370023,21.65371322631836,42305706
2020-06-15,21.668770062197364,21.84946759528477,20.91585879171833,21.367605209350586,27797562
2020-06-16,21.939819634417372,21.954877620223048,20.84056943784285,21.277257919311523,31937172
2020-06-17,21.427839243584405,21.92476138559045,21.277257664058084,21.57842254638672,35644017
2020-06-18,21.66877280786986,23.26494345598615,21.57842316823995,23.14447784423828,100177014
2020-06-19,23.325174667199267,24.54489045568188,23.02401150893205,24.10820198059082,85894965
2020-06-22,24.665358671706635,24.966523585094382,24.15338021455125,24.484661102294922,68067777
2020-06-23,24.650299941002917,25.222512052886714,24.243727406356694,25.08698844909668,66445521
2020-06-24,25.327918428898556,25.779664901343956,24.710532387418656,24.84605598449707,69841656
2020-06-25,24.68041091441147,25.58390372100666,24.39430577807007,25.207448959350586,60786960
2020-06-26,25.583906269063792,26.03565271735357,25.23756744026003,25.689313888549805,46124379
2020-06-29,25.583912075057402,26.71327845207939,25.388156500109567,26.366939544677734,69975135
2020-06-30,28.038396898528998,28.369677755560964,26.502458222901158,26.69821548461914,186678036
2020-07-01,26.6982160159935,26.893973281607636,26.366935152368054,26.713274002075195,35384595
2020-07-02,27.08973063711706,27.255370207841423,26.653042146194583,26.818681716918945,27362040
2020-07-03,27.405949339049943,29.49904368949828,27.25536776793733,29.273170471191406,205331484
2020-07-06,29.574335602734816,31.185564208829586,29.212937050513624,30.77899169921875,132074268
2020-07-07,30.628410251744953,31.14038863536172,30.0260805114858,30.733816146850586,93081504
2020-07-08,30.417587402299574,31.74271058144374,30.282065555725445,31.185558319091797,68150529
2020-07-09,30.89945769952444,31.004863595554372,29.9658453876428,30.07125473022461,54329937
2020-07-10,30.071251220677063,30.568171565641766,29.619504825881613,30.026077270507812,36404634
2020-07-13,30.327246027738255,30.52300329478035,29.423753070037595,29.664684295654297,32371863
2020-07-14,29.905617110930955,30.16160633634653,28.7762525770488,29.24305534362793,57521871
2020-07-15,29.965845592413856,29.99596500946582,28.731073569151757,28.9418888092041,37963695
2020-07-16,29.062355431155815,29.137648811056412,28.35462144130057,28.444971084594727,36942912
2020-07-17,28.429904999803238,29.6496206025869,28.32449911675071,29.514095306396484,30369327
2020-07-20,29.514098794812288,30.08631256724168,29.00212040922673,29.137645721435547,34037145
2020-07-21,29.39363779360733,30.35736271889224,29.092474616093845,29.89055824279785,42519072
2020-07-22,30.086311813670484,30.101369798366324,29.062351621594626,29.48398208618164,26700693
2020-07-23,29.514101439295366,31.170507518154796,29.37857956149556,30.869340896606445,63984771
2020-07-24,31.004866319181982,31.516844752263093,30.477829899630965,30.763935089111328,68255931
2020-07-27,30.944632237064493,30.944632237064493,29.58939286901787,29.93572998046875,34955964
2020-07-28,29.27316888977552,29.875495141686688,28.716013143223343,29.077411651611328,64748145
2020-07-29,29.077418064877964,30.176668369909322,29.062356631034234,29.30329132080078,52234014
2020-07-30,29.453862115079456,29.619503370780816,28.5955450410996,28.806360244750977,36716154
2020-07-31,28.851540327493247,29.137647228506093,28.234154291188073,28.866600036621094,44032875
2020-08-03,28.911776809942836,29.875501784526964,28.625669881065555,29.152708053588867,31139499
2020-08-04,29.49905047320417,30.417598095895997,29.182825826923334,30.236902236938477,51828114
2020-08-05,30.402543554202122,30.79405469516267,29.77009770819304,30.236902236938477,34169139
2020-08-06,30.23689860727656,30.523003796167593,29.694800755820108,29.830326080322266,20002308
2020-08-07,29.90561378863141,30.342302255989814,29.619508621016156,29.875497817993164,23311572
2020-08-10,31.757773460065355,34.30261060725529,31.441548910526876,32.6160888671875,197460327
2020-08-11,32.947382650983606,33.23348788438799,31.697548902788963,31.87824821472168,64308066
2020-08-12,31.90835098267649,33.489463276062274,31.72765174555072,33.323822021484375,86740731
2020-08-13,33.429239618374304,34.754363089814106,33.02266709586743,34.468257904052734,89867817
2020-08-14,34.633892599408505,35.672910790477005,32.99254811911497,34.07674026489258,102780930
2020-08-17,34.60377919701712,34.61883718303737,33.097956469126935,33.3690071105957,45730728
2020-08-18,33.429241344829336,34.09180311476728,33.037726788376844,33.64005661010742,44837076
2020-08-19,33.926157084865814,34.664008687283165,33.670167894090476,33.82075119018555,50101056
2020-08-20,33.42924723339842,34.031573714676625,33.022674618276234,33.700294494628906,34004268
2020-08-21,33.88098445124556,34.1821476086282,33.369006049729485,33.76051712036133,29551281
2020-08-24,33.429231924701476,34.63388778214657,33.30876461568129,34.513423919677734,53662929
2020-08-25,34.679059947241214,34.91999455289179,33.51957809784696,33.850860595703125,43986726
2020-08-26,33.91110104999823,34.09180032639321,33.3087712775323,33.670169830322266,36546204
2020-08-27,33.68523023782337,33.92616147482023,33.06784243515228,33.21842575073242,27418104
2020-08-28,34.31766656504662,34.558597735611954,33.36899986553617,33.745452880859375,48606249
2020-08-31,33.88098241007408,34.06168167223816,31.622250249402477,31.953529357910156,42730581
2020-09-01,32.22457636731029,32.73655818198269,31.441550830569984,32.510684967041016,34287075
2020-09-02,32.51069074774482,33.03772719413679,31.99870884203727,32.82691192626953,17392587
2020-09-03,32.97749128212445,33.233480480938574,32.465512884496185,32.66127014160156,26656869
2020-09-04,31.772837413095488,32.67633048544043,31.727663448788753,32.043888092041016,29954895
2020-09-07,32.19446674977616,32.57092333113326,31.531908405347362,31.802955627441406,19157754
2020-09-08,31.953535178928497,32.104118499255826,30.59829563563973,30.914520263671875,30300756
2020-09-09,30.507951001525722,31.155454868245616,30.026088460374346,30.432661056518555,34565667
2020-09-10,30.613351290673627,30.929575894613524,29.815267680812997,30.59829330444336,23708142
2020-09-11,30.718756481021668,30.944629690440944,30.507941255793565,30.79404640197754,14088816
2020-09-14,31.923414698823183,33.02266485500503,31.441552277643833,32.23963928222656,53551527
2020-09-15,32.36170053061015,32.651596976353176,31.720877543646274,31.98025894165039,26941557
2020-09-16,32.04128662123176,32.19386184842223,31.21736642551085,31.568296432495117,14635695
2020-09-17,31.27839524737638,32.01077027706948,31.24788020317633,31.59881019592285,21721305
2020-09-18,31.73613104454304,31.919224820137845,31.186853209981923,31.705615997314453,27984618
2020-09-21,31.6445848009164,31.675099847082375,29.02025241618745,29.386436462402344,40827702
2020-09-22,29.40169145043107,29.47798255149127,27.7691121757523,28.135299682617188,48561300
2020-09-23,28.394687217875504,29.14231642368402,28.181078374469696,28.638811111450195,48748803
2020-09-24,28.135306142122666,28.364172513402284,27.357160130549595,27.60128402709961,30841869
2020-09-25,28.043760078478183,28.80664684135913,27.875925549400183,28.470977783203125,19431048
2020-09-28,28.684584715016225,29.996752872659837,28.638812138122002,29.73737144470215,21869313
2020-09-29,30.118809612745736,30.301899878030326,28.928703681169623,29.294889450073242,27336762
2020-09-30,29.294894411069993,29.432215625511304,28.654067897383126,29.218605041503906,14189412
2020-10-01,29.371181508800166,29.78314165252674,28.98973816002086,29.325408935546875,12637821
2020-10-05,29.416952793973337,29.50850142869476,28.86767495453812,29.35592269897461,11784675
2020-10-06,29.47798819958389,29.60004839711079,28.882934259969613,29.218605041503906,19176597
2020-10-07,29.249124651087023,29.43221845721657,28.65407065422196,28.73036003112793,13131330
2020-10-08,28.989737372311627,29.081284262442434,28.257365743488542,28.54726219177246,13561056
2020-10-09,28.44045563622195,28.69983876308101,28.013239757964772,28.31839370727539,12672492
2020-10-12,28.39468520562891,28.989737372311627,28.257365743488542,28.54726219177246,21410115
2020-10-13,28.54726099023931,28.669322923238994,27.76911507604656,27.921693801879883,19966965
2020-10-14,28.059012613789953,28.60829217272866,27.814888753397547,27.93695068359375,22321728
2020-10-15,27.997983589304766,28.211592425142726,26.807879213763865,26.9757137298584,15857307
2020-10-16,26.76210860015251,27.87592543454839,26.76210860015251,27.769119262695312,21800793
2020-10-19,27.891177817671135,28.059014071731397,26.990971690491428,27.479219436645508,22512567
2020-10-20,27.20458004260772,27.799633975448046,27.17406499357337,27.448705673217773,14685903
2020-10-21,27.463963185693398,28.31839678106282,27.204580030679896,28.196334838867188,28952280
2020-10-22,28.181074383525804,29.035507890034165,27.96746557037082,28.409940719604492,28783392
2020-10-23,28.63880952473274,28.76087146475731,28.12004497004452,28.257366180419922,17663049
2020-10-26,28.257366695410298,28.303139268961818,27.17406499357337,27.448705673217773,18531900
2020-10-27,27.433443727371152,27.60127997291675,27.06725793633292,27.372413635253906,12329295
2020-10-28,27.372418312622855,27.47922273819025,26.7621085566034,26.929943084716797,13325832
2020-10-29,26.746848252822918,27.128293363464845,26.35014736324502,26.441694259643555,16816755
2020-10-30,26.517983263241558,27.418193002858658,26.380663784562035,26.548500061035156,27632397
2020-11-02,26.80787807853712,27.34190014551791,26.624784299540366,27.052001953125,14246079
2020-11-03,27.113034019892957,27.586024249097225,27.113034019892957,27.280868530273438,10505982
2020-11-04,27.540246606306987,27.570763396783626,26.823132587056982,27.12828826904297,10174500
2020-11-05,27.280868875181568,28.5167475440145,27.174064459548514,28.34891128540039,21741264
2020-11-06,28.10478905144114,28.53200496633593,27.92169526926358,28.211591720581055,20163741
2020-11-09,28.837160934187185,28.959222874644023,27.997983129170745,28.394685745239258,24865398
2020-11-10,28.37942761305869,29.371180639763164,28.089529419363497,29.111799240112305,31640469
2020-11-11,29.279637531035807,29.722112741259995,28.83716232081162,29.20334815979004,24266727
2020-11-12,29.325407078117372,29.44746726572836,28.6845806164899,28.7608699798584,32573475
2020-11-13,28.654065764863535,29.676333811965325,28.30313748475549,29.508501052856445,23221539
2020-11-14,29.66108107228945,29.66108107228945,29.41695370032617,29.47798728942871,2843181
2020-11-17,29.76788347604693,29.828913572381122,29.21860387848065,29.340665817260742,13608048
2020-11-18,29.3406648196248,29.996748809579575,29.203345361430266,29.46272850036621,31608804
2020-11-19,29.44747332077937,33.033047944697685,29.203351149248856,31.461498260498047,127231584
2020-11-20,32.08706488945999,33.53655075860032,31.88871356665338,33.063560485839844,111976335
2020-11-23,33.12458305365118,33.27715825715823,31.888702951908737,32.346435546875,32719695
2020-11-24,32.34644140950375,33.23139171912762,32.34644140950375,32.86520767211914,32900253
2020-11-25,32.95675739648773,33.68912908463161,32.31593085977796,32.60582733154297,37300935
2020-11-26,32.7736705126858,33.353467070706614,32.60583420743971,33.23140335083008,28747059
2020-11-27,33.39923512333449,34.72666087224762,33.2771714200237,33.902740478515625,42740469
2020-12-01,33.90273562088454,34.421498428122476,33.65861174146531,34.1163444519043,32351613
2020-12-02,34.177369936611186,35.09283523395097,34.04005223734399,34.650360107421875,48411381
2020-12-03,34.81820315754322,35.642123483289545,34.74191553190881,35.09284210205078,48553872
2020-12-04,35.3674774352088,36.0083039017745,34.909744743693764,35.32170486450195,46007778
2020-12-07,35.352218403035565,35.62685730778011,34.89448573105361,35.077579498291016,26587011
2020-12-08,35.26066501498002,35.41324370068024,33.90272483969279,34.52829360961914,36642735
2020-12-09,35.32169403192879,37.38149051204127,35.03179768080185,35.68788146972656,147504747
2020-12-10,35.64211935280708,35.64211935280708,34.31469386725856,34.90974426269531,38748615
2020-12-11,34.90974709280607,35.52005855330235,34.58933558407405,34.98603820800781,41079909
2020-12-14,35.29119322490177,36.38975248905378,35.153875499522535,36.176143646240234,75008775
2020-12-15,35.82520952333845,36.40500588586315,35.76417943009056,36.084590911865234,32266752
2020-12-16,36.313461115114414,36.832227439553584,35.80995580783321,36.038822174072266,38725125
2020-12-17,36.00831024663979,36.87800321220776,35.336968614642046,36.710166931152344,56242236
2020-12-18,37.06109462847213,37.442539744745716,36.17614419374057,37.00006103515625,97760322
2020-12-21,36.83222153160432,37.59510813262503,33.30767796153132,34.162113189697266,86979072
2020-12-22,34.16212076884005,34.818204858009096,32.45325342560516,34.253665924072266,73882653
2020-12-23,34.54356446189169,35.38274231881043,34.329955616352805,35.23016357421875,39047973
2020-12-24,35.44376960904431,36.054077554565886,34.87923074337995,35.06232452392578,28256172
2020-12-28,35.45902330484244,35.56582596149989,34.75716679871012,34.97077560424805,28341882
2020-12-29,35.15387700963461,35.45903101580954,34.772431882748116,35.01655578613281,20782080
2020-12-30,35.09283803522325,35.184386667598844,34.60459030329758,34.90974426269531,18996630
2020-12-31,35.3064450356928,36.84747926110189,35.214899900256306,36.603355407714844,112170381
2021-01-01,36.92377602017162,39.059861139483125,36.8017158093547,38.57161331176758,201696168
2021-01-04,39.36501876682894,40.21945421395781,38.72419218148229,40.06687545776367,105614565
2021-01-05,39.67017023767587,40.661923358645055,39.365016237121594,40.12790298461914,64361523
2021-01-06,40.280485893039724,41.31801169746215,39.56337164769503,40.631412506103516,74098809
2021-01-07,41.01284430728397,41.195938063789846,40.06686397293038,40.20418167114258,46011027
2021-01-08,40.6008934860507,40.814502335311,40.14316073652488,40.310997009277344,19906347
2021-01-11,40.52460516351954,41.36378302066578,39.53285205396392,41.073883056640625,42426342
2021-01-12,41.180685419986155,41.48583938882887,40.70769519677945,41.028106689453125,32608233
2021-01-13,41.058630722137785,42.01987239495785,40.417807596556564,40.90605545043945,38455479
2021-01-14,41.11965066679575,43.02687252161177,41.058620573201935,42.46233367919922,94302666
2021-01-15,42.32502225129315,42.56914615412915,40.40254258770789,40.722957611083984,44817729
2021-01-18,40.845012702332,41.27223035186055,39.15140312019406,40.75346755981445,53634528
2021-01-19,41.05862018336899,42.17243684199721,40.92130247408667,41.821510314941406,64391526
2021-01-20,41.91305723258458,42.40130498185936,41.16542808477151,41.34851837158203,39771243
2021-01-21,41.65367668174313,42.05037929568598,40.37202369464627,40.86027145385742,31082454
2021-01-22,40.73821338480624,41.34852136953815,39.94480811554168,40.38728332519531,30823161
2021-01-25,40.814496699753434,41.11965065989455,39.334495977012274,39.88377380371094,22702206
2021-01-27,39.975317155620104,41.01284616123883,39.914287064766974,40.494083404541016,55897923
2021-01-28,39.97531666791254,41.10439428825906,39.62439015756531,40.03635025024414,49918659
2021-01-29,39.914294997794656,41.57738974964682,38.75470557999948,39.685428619384766,77617473
2021-02-01,39.67017702138012,41.13492415740843,38.32749360178097,40.799251556396484,47400000
2021-02-02,41.11965419536619,41.745223185054044,40.09738607105362,40.73821258544922,32215686
2021-02-03,40.951816688333516,43.08790133043372,40.93655916539,42.44707489013672,63440358
2021-02-04,42.64542820073692,43.270997147723584,41.82151144608887,43.01161575317383,55032168
2021-02-05,43.332038600525244,43.69822624894677,42.3250278057024,42.78276062011719,29863140
2021-02-08,43.522514447281196,44.077332637564595,42.99851909785264,43.38380813598633,31927191
2021-02-09,43.5995727781022,43.76909839386574,42.35122662461088,42.520755767822266,48306774
2021-02-10,42.81356765084679,43.876973027479785,42.64403854175661,43.106388092041016,33662136
2021-02-11,42.93687220864469,43.30674981594901,41.48817403707164,41.73476028442383,35392794
2021-02-12,41.87345854168021,42.2279246608447,41.34946330772544,41.99674987792969,24806265
2021-02-15,42.33581977804821,42.52076036085147,41.54982671044464,41.95052719116211,23422254
2021-02-16,41.95052089148559,42.67487169264385,40.85629603516095,41.04123306274414,48715293
2021-02-17,40.71758717152399,43.07556939911667,40.71758717152399,42.87521743774414,46231716
2021-02-18,42.95228096195361,44.354741259025175,42.48993133594216,43.630393981933594,43649379
2021-02-19,43.27592697596098,43.984862878029524,40.995001542367255,41.73476028442383,51636933
2021-02-22,41.765581930574434,42.08922879609344,39.839126266805216,40.16277313232422,28665003
2021-02-23,40.45558805533585,41.79640253637359,40.14735265185411,41.36487579345703,32119296
2021-02-24,41.81181307958618,42.82898071844552,41.673106798174786,42.0275764465332,22656720
2021-02-25,42.25875640078272,44.07732853404964,42.243344981790074,43.67662811279297,59326020
2021-02-26,42.95227526251921,43.876974391841706,41.9196926868039,42.258750915527344,38633409
2021-03-01,42.75192710547167,45.31026135497729,42.520752302640155,44.98661804199219,62059455
2021-03-02,45.60309048245735,47.32919788569221,45.156152210366045,46.69731903076172,106691166
2021-03-03,47.11342616687952,47.46789232143019,46.45072458603968,47.12883758544922,39659358
2021-03-04,46.697310893127465,47.760716413553965,46.250372698921154,47.09801483154297,30333900
2021-03-05,46.48155010347813,47.159663141990194,44.6167401294319,45.310264587402344,29141961
2021-03-08,45.61848953160246,46.450720164946425,44.447204194548114,44.70920181274414,34685358
2021-03-09,45.017447301510444,45.433559184017305,42.92145883117813,43.15263366699219,37113744
2021-03-10,43.58415685836547,43.96944939503421,42.85980957028853,43.0755729675293,24247668
2021-03-12,43.846154547285465,44.2314470842518,42.92145528052446,43.16804504394531,39599325
2021-03-15,43.56873899710271,43.56873899710271,41.11828842086645,42.258750915527344,30156603
2021-03-16,42.38204193892424,42.70568874826876,41.76557468143955,42.489925384521484,29273370
2021-03-17,42.38204736828211,42.67487138138174,40.94876425028033,41.256996154785156,35855832
2021-03-18,41.41111589701439,41.76558207542188,39.469248806957076,40.0086555480957,45353232
2021-03-19,39.57712209520126,40.0857059116833,38.52912810075431,39.438419342041016,56393928
2021-03-22,39.669594124755335,40.671350340701615,39.253478810380116,39.438419342041016,38945382
2021-03-23,39.85913949692551,40.4356809736192,39.313765412501986,39.45400619506836,38253711
2021-03-24,39.422835344721996,39.48516655732353,37.89578661569667,38.160682678222656,32029023
2021-03-25,38.223005754275704,38.441156056120924,36.103833940972535,37.163421630859375,60718449
2021-03-26,37.39716094890596,38.72164135486559,37.38157903627533,38.145103454589844,36092943
2021-03-30,38.64372950495756,39.56307656164692,38.30092388089811,39.204689025878906,42697440
2021-03-31,39.204703603646024,39.578673190178414,38.79956661563632,38.98655319213867,24134520
2021-04-01,39.26700818039301,39.57864991363622,38.7372161639385,39.29817199707031,30019032
2021-04-05,39.53191838458084,41.13688048509712,38.9553768696034,40.949893951416016,61276776
2021-04-06,41.23036559883752,42.05622117564246,40.13961752607672,40.80965042114258,61173012
2021-04-07,41.12130014482039,41.90040657075694,40.825236635798895,40.918731689453125,38346498
2021-04-08,41.24594965694007,41.6510865106638,40.35776638780387,40.529170989990234,25322349
2021-04-09,40.82522748429686,40.9966320721807,40.20194390985333,40.482421875,15591087
2021-04-12,39.859142747579334,40.04612928409349,37.55298378567168,37.98928451538086,35499102
2021-04-13,38.051608813269624,39.32934337504184,37.91136804478946,39.142356872558594,19430589
2021-04-15,38.955368126988056,40.42009267337418,38.76838520174236,40.046119689941406,42679908
2021-04-16,39.968221520973536,40.357772959319625,39.14236576671302,39.89030838012695,21451458
2021-04-19,38.67489549029054,39.407259647416055,38.06719376674411,38.45674514770508,30034584
2021-04-20,38.90862943939236,39.78123084772401,38.53465995472974,38.73722839355469,26634339
2021-04-22,38.36325702900596,39.48517266525987,38.1918524091614,39.2826042175293,23128215
2021-04-23,39.22027306554934,40.201947822335384,39.06445037353827,39.5474967956543,27613263
2021-04-26,39.89030113926182,40.420096848257884,39.79680966698249,40.31101989746094,16704927
2021-04-27,40.21752886052229,40.5447525835131,39.99937852303806,40.26427459716797,19097265
2021-04-28,40.63825395078384,40.684999694707976,39.95263900714821,40.139625549316406,19394331
2021-04-29,40.513592206688074,40.90314717816102,40.24869611001617,40.46684646606445,16660074
2021-04-30,39.93705180412999,42.52368852327031,39.82797484961242,41.058963775634766,53187741
2021-05-03,40.82522774745669,41.401769158974794,40.1551984355815,40.591495513916016,19524450
2021-05-04,40.949887848999545,42.773000039382154,40.684991785122996,41.38618850708008,52932507
2021-05-05,41.63550002367427,43.16254866381776,41.2926908569673,42.959983825683594,51816273
2021-05-06,43.536522744291894,44.59611052578304,42.81974413811025,44.377960205078125,61565505
2021-05-07,44.48703758205484,44.6896060099561,42.78858416322738,42.97557067871094,32525013
2021-05-10,43.318380059742545,45.46871625734831,43.20930666339806,45.110328674316406,67119504
2021-05-11,44.487040434723696,46.668540411327804,44.081907119413714,46.29457092285156,70482693
2021-05-12,47.50997738244797,48.49165218080046,45.43755082677532,45.76477813720703,136024881
2021-05-14,46.06083423438946,46.34131221544531,44.42470851734745,44.67402267456055,47657991
2021-05-17,45.03240923827243,46.46597006923628,44.84542629927236,46.16990661621094,51486270
2021-05-18,46.90226600274135,48.30465940946393,46.52829656749784,48.18000411987305,97548693
2021-05-19,48.08652143626594,49.208433513398155,47.696966452195774,48.351417541503906,83953914
2021-05-20,48.60073498057524,49.4577545762137,47.68138772459121,48.865631103515625,67499931
2021-05-21,49.39541481819804,49.55123750862119,48.694218061000576,49.11493682861328,58163772
2021-05-24,49.34867488694453,49.86288518942592,48.67864187570726,48.88121032714844,74623869
2021-05-25,49.19283709936306,49.19283709936306,46.372468690870996,46.497127532958984,53594838
2021-05-26,46.74645026798663,48.05535230207871,46.43480488855264,46.66853713989258,45070683
2021-05-27,46.995767726024816,47.04251346627542,44.315639387138134,46.29457092285156,360249207
2021-05-28,46.278984523100156,46.621790151510716,45.00124634795392,45.14148712158203,44625315
2021-05-31,45.359634832137374,45.562203241678745,44.78309699199493,45.312889099121094,29061186
2021-06-01,47.68137639364623,47.68137639364623,45.4998731352439,45.795936584472656,74882883
2021-06-02,45.57779497499692,47.05809823835245,45.49988183670818,46.85552978515625,24742749
2021-06-03,47.13600070882612,47.354154609991035,46.49713518323147,47.12042236328125,26792298
2021-06-04,47.24507984831233,47.7437081888656,47.01134759077353,47.61905288696289,23574183
2021-06-07,47.681376542880855,48.07092789515908,47.49439003922244,47.77486801147461,16889640
2021-06-08,47.868370448366754,47.93069810373357,46.20107713553264,47.665802001953125,31918326
2021-06-09,47.80603743948495,48.46048849578683,46.60621228616719,46.964603424072266,31016931
2021-06-10,47.04251334358101,47.665800578044276,46.77761724971374,47.38532257080078,17381064
2021-06-11,47.369729285074044,48.304658199469856,46.79319145221632,48.00859832763672,25835898
2021-06-14,47.681383128067424,47.79045652315739,45.98292958208093,47.29182815551758,26533281
2021-06-15,47.36973673528371,47.650218306892604,46.762034985230876,46.964603424072266,22951029
2021-06-16,46.74644938844824,47.213913882332726,46.201071767935645,46.652957916259766,19709055
2021-06-17,46.18549617546136,46.66853904370006,45.07916252292801,45.546627044677734,22419540
2021-06-18,45.67128347642357,45.811524263000884,43.78584342989475,45.56221008300781,34091544
2021-06-21,44.2532969071389,46.7464416506645,44.2532969071389,46.497127532958984,23199468
2021-06-22,46.746457584976156,47.369741308461386,46.434812156761865,47.18275833129883,28261329
2021-06-23,48.33583140565707,52.97930914847555,47.52555768019839,52.511844635009766,363893778
2021-06-24,52.65208503754552,54.07006048044458,51.982052097526534,53.33769989013672,169690515
2021-06-25,53.33769261093536,54.81799550210064,53.24420114826119,54.53751754760742,71399592
2021-06-28,54.89591820478975,55.19197812141622,53.91423984297138,54.147972106933594,38881053
2021-06-29,54.05447850385322,54.80242100584748,53.774000511414265,54.42845153808594,49605246
2021-06-30,54.80242489891875,55.75293589810582,54.47520114557308,55.47245788574219,43091670
2021-07-01,55.41012214057602,57.93443101621306,55.19197181470759,57.54487609863281,87835578
2021-07-02,57.79419040745772,57.79419040745772,56.1736466535739,56.29830551147461,40351092
2021-07-05,56.500886673947974,56.71903348316725,55.659449001072474,55.846435546875,22985568
2021-07-06,55.6282777478937,56.78135713225344,55.59711392216387,56.42296600341797,41588856
2021-07-07,56.12690651122301,57.15532703386428,55.75293346673276,56.999507904052734,17834940
2021-07-08,57.279980197367955,58.401895652590746,55.8152591242423,56.29830551147461,44887437
2021-07-09,56.29831382457388,56.9371829869008,56.15807303453626,56.36064147949219,18512454
2021-07-12,56.40737951697067,57.638371932315785,56.40737951697067,57.295562744140625,18021216
2021-07-13,57.34231933197754,57.59163353125973,56.14249407921859,56.60995864868164,15530661
2021-07-14,56.438553740091926,57.54488750001784,56.34506225325521,57.38906478881836,18423249
2021-07-15,57.389064504627584,57.4669776430773,55.92434315260926,56.08016586303711,14669931
2021-07-16,56.2515675619677,56.469721498933914,55.69061150439398,55.986671447753906,21219636
2021-07-19,55.93992201557769,58.5109769817967,55.36338408144554,57.96560287475586,45407127
2021-07-20,58.168172509698266,58.199336337428406,56.173655436726214,56.46971893310547,21901098
2021-07-22,56.75019964200328,57.57605181545387,56.71903224632275,57.49814224243164,14278368
2021-07-23,57.40465039088734,57.71629224747225,56.594376570706295,56.921600341796875,12770211
2021-07-26,56.92159537756057,57.65395599487117,56.1580709339565,57.529300689697266,13753260
2021-07-27,57.5292919419923,57.73186034856935,56.656690672574484,57.04624557495117,14436747
2021-07-28,57.03067607080432,59.71080453874009,56.874853362661334,59.19659423828125,48274629
2021-07-29,59.50823254401913,59.74196479506953,58.57330353981755,58.838199615478516,27425199
2021-07-30,58.729119196288195,58.729119196288195,56.87484320964199,57.54487609863281,28756776
2021-08-02,57.65395298296424,58.27724017568646,57.17091013417877,57.27998352050781,21084204
2021-08-03,57.27998244131191,57.6227880726442,56.57878570013714,56.79693603515625,17656980
2021-08-04,56.874842660256995,57.59162127648069,54.47519266535468,54.67776107788086,38353227
2021-08-05,54.84916917527708,55.81526562879883,54.25704933903969,55.036155700683594,33065568
2021-08-06,55.129650194544645,56.033415419566204,54.53752679776555,54.66218566894531,23813595
2021-08-09,51.42109611198427,53.88307396310677,50.59524047977191,53.33769989013672,110821485
2021-08-10,53.33770216831803,54.288213141706755,52.26253588902723,52.74557876586914,32690748
2021-08-11,52.745582350912585,53.82075226975252,51.51459328910424,53.680511474609375,27235548
2021-08-12,53.571432885466095,54.303793485894055,52.97930950012597,54.17913818359375,17966661
2021-08-13,54.28821475558709,54.7245154721574,53.77400447051188,54.38170623779297,27821241
2021-08-16,54.27262566154757,54.708926320394745,53.74283353286357,54.33495330810547,12560913
2021-08-17,54.2570446450687,55.00498711551623,53.69608868385081,54.864749908447266,18039039
2021-08-18,54.8803367922894,56.67228178803321,53.99215346783592,54.257049560546875,34210602
2021-08-20,53.571429882487024,54.50635886321619,53.072801568294274,53.30653381347656,15542163
2021-08-23,53.72726585476038,55.129659672663735,52.714423497515575,54.58428192138672,26688300
2021-08-24,54.5375285605537,55.61269843077285,54.35054203097584,55.36338424682617,14925912
2021-08-25,55.2543101341826,56.2671524022562,55.2543101341826,56.08016586303711,16571559
2021-08-26,56.204813912185365,56.78135536970445,55.90875401047077,56.500877380371094,21301485
2021-08-27,56.56320479903329,57.96559830644733,56.50087714976274,57.7474479675293,28167945
2021-08-30,57.622790981971875,58.19933245594258,57.248821507679885,57.35789489746094,13619223
2021-08-31,57.31115518227376,58.401907027076355,57.233245609956285,58.168174743652344,21603702
2021-09-01,58.33957604273075,59.944538106257774,58.13700759978407,59.165428161621094,26940252
2021-09-02,59.44589380859654,59.975689459372,59.13425203544148,59.258907318115234,25664589
2021-09-03,59.835451239523124,62.18835189809175,59.38356868770992,61.89229202270508,52170660
2021-09-06,62.71816365515922,63.23237038710963,60.69247915673925,60.9106330871582,36365391
2021-09-07,60.910629351517166,61.705317621570074,60.256174733341005,60.5522346496582,15882570
2021-09-08,61.082025533692914,62.14160974754736,60.53664794929529,61.424827575683594,19285563
2021-09-09,61.315768314060634,62.09487113101969,60.926209772638245,61.40925979614258,11581218
2021-09-13,61.54949940447447,61.90788697871515,60.97295790995322,61.23785400390625,10518984
2021-09-14,61.28488147481112,63.965799580707476,61.0497130939997,63.464107513427734,29010315
2021-09-15,63.91877303545683,65.47088602703128,63.55818337559496,65.1573257446289,35238519
2021-09-16,65.18868811234421,65.53359652790631,64.20097788948999,64.45182037353516,12378501
2021-09-17,64.5458708215587,65.01620749079179,62.93104777874057,64.3734130859375,16039149
2021-09-20,63.49547325408905,64.57724941895728,63.04081048218952,63.2132682800293,12243591
2021-09-21,63.21326643168756,64.98487373611351,63.21326643168756,64.1069107055664,20777913
2021-09-22,64.09122955046148,64.85944540905511,63.903097690844014,64.5772476196289,9672642
2021-09-23,64.90647443755697,66.06663512423822,64.76537197081706,65.04757690429688,19379646
2021-09-24,65.22003903117091,66.00392891779835,63.84038393151178,64.43614196777344,17282355
2021-09-27,64.62427755958069,65.75309025743842,63.57386390240273,63.9658088684082,10315860
2021-09-28,64.2793599461149,66.61536251781554,64.01283625909898,65.95689392089844,29934006
2021-09-29,66.12934776546547,66.59968450013658,63.871730003690345,64.32638549804688,27378225
2021-09-30,64.5929021469347,65.07892006908227,63.24460269722392,63.63655471801758,34237251
2021-10-01,62.71156345976111,64.04418901862925,62.445039783341315,63.260292053222656,22069932
2021-10-04,63.33868126951338,64.62426305306813,63.26028942320108,64.53019714355469,16627587
2021-10-05,64.84376983395518,65.1102935505981,64.13826461164683,64.54589080810547,18733530
2021-10-06,64.56155569424766,65.37680797124334,62.08445073528145,62.4920768737793,15618651
2021-10-07,63.025140264790714,63.903103374635876,62.868363701165165,63.68360900878906,7587423
2021-10-08,63.65223524643789,63.85604830846133,62.52342996197652,62.75859832763672,9881742
2021-10-11,62.7585948652723,66.16069894793566,62.7585948652723,65.40815734863281,21749220
2021-10-12,65.43951911664152,66.38019262033406,64.13825601700532,65.925537109375,18331041
2021-10-13,66.19207453993407,67.08571168336346,64.93784054888741,65.42385864257812,16863453
2021-10-14,65.62767060759415,66.67809158187737,65.54928590998325,66.01962280273438,15404877
2021-10-18,64.3577565809864,69.45307724036118,64.27937189050239,68.08909606933594,40084623
2021-10-19,68.73188534006972,68.73188534006972,64.51453526452897,64.85944366455078,15424062
2021-10-20,64.85943884086345,65.9098595592796,63.605212216885946,64.21664428710938,16082943
2021-10-21,64.54589507853969,64.90648474666004,63.667932009121714,64.09123229980469,15707487
2021-10-22,64.31071974342915,64.87512246260135,62.71157033287629,63.16623306274414,10288875
2021-10-25,63.495491749736296,63.495491749736296,60.75186178243736,63.11922073364258,13207770
2021-10-26,63.11920030867676,64.98487353706749,63.05648968908268,64.65563201904297,9505146
2021-10-27,64.7340254243328,65.7687650258306,64.60860418215623,64.92215728759766,9492999
2021-10-28,64.92215691951365,65.17300657921513,62.680219932850925,62.805641174316406,11429706
2021-10-29,62.02174871940792,68.62213816985948,57.52219368526093,64.85944366455078,95295024
2021-11-01,65.12596229425559,65.47087784411166,61.55140709942702,62.88402557373047,23954010
2021-11-02,63.33868542948865,63.840377489946135,61.84928331234679,62.89970397949219,19613109
2021-11-03,63.323000164563275,64.67129973410408,62.53910323007541,62.82130813598633,25307715
2021-11-04,63.40139602140544,63.43275132662678,63.11919109764406,63.291648864746094,1434759
2021-11-08,63.19758543381918,66.88188776795197,63.19758543381918,66.61536407470703,35893830
2021-11-09,66.61537360715838,70.29967646850336,66.61537360715838,69.23358154296875,51756600
2021-11-10,69.26494281544753,69.42172656041723,68.6535034343167,68.888671875,15949584
2021-11-11,68.90434745820217,70.55052640771552,68.82595559215892,70.0174789428711,23431827
2021-11-12,70.707299808438,71.49119690358496,69.64120492631277,70.11154174804688,23132022
2021-11-15,70.47212831892247,70.8640804377583,69.21790163360394,69.81365966796875,8602539
2021-11-16,69.75095478917193,70.2369656961009,67.94799211846149,68.29290771484375,8030718
2021-11-17,68.26154306613861,68.29289837272316,66.80349619126382,67.55603790283203,18084606
2021-11-18,67.58739906653113,68.19883836307135,65.34546215598729,65.48656463623047,28766142
2021-11-22,65.81579671948985,65.97257326063252,62.94673936757412,63.652244567871094,17243226
2021-11-23,63.809029162499456,66.36452629047157,63.55817951645459,66.16071319580078,17089326
2021-11-24,66.50563038005095,66.77215412726265,64.90648789678072,65.32978820800781,11478315
2021-11-25,65.32977063739702,66.66239619181353,64.4831702426382,66.36451721191406,9875469
2021-11-26,65.37680209804503,65.95688594893096,61.6454637540459,62.14715576171875,22881369
2021-11-29,61.5357286828223,63.119196859746104,59.19972593511876,61.84928894042969,14850591
2021-11-30,61.849296667154576,64.37343875546722,61.83361542276868,63.887420654296875,32274063
2021-12-01,63.96580682262431,64.68698611115094,63.18190973891383,64.54589080810547,14136084
2021-12-02,63.9971739961356,64.84378185521057,63.41708990311385,64.56157684326172,13228377
2021-12-03,64.54588758039326,65.78444017405181,64.46749572291124,64.7967300415039,12481431
2021-12-06,64.79672567789943,66.2234171980832,64.79672567789943,65.1729965209961,14751723
2021-12-07,65.65902684194751,67.32087987702779,65.28275592824815,65.97257995605469,23275224
2021-12-08,66.17639013495929,66.77214820212326,65.31410834423406,65.5179214477539,9462426
2021-12-09,64.62428155267907,65.64334713938538,64.02852344511426,65.14165496826172,12294123
2021-12-10,65.09461500405672,66.11368053741658,64.31072506464501,64.45182037353516,18276354
2021-12-13,64.84377151715294,66.28613730841701,64.65563248025823,65.5179214477539,27024840
2021-12-14,65.65902547328014,66.75647570332032,65.42385705421648,65.7844467163086,19438713
2021-12-15,65.69038385720118,65.9569075994906,64.71835482471545,65.22004699707031,14031681
2021-12-16,65.53358756416092,66.09799025283358,64.4518115577561,64.96918487548828,23209956
2021-12-17,65.1416711654702,65.26709244524388,62.80566035743569,63.11922073364258,12549333
2021-12-20,62.99377954854368,62.99377954854368,60.09336672125275,61.2221794128418,16835343
2021-12-21,61.26919767360336,63.1662258820449,61.26919767360336,62.554786682128906,10884186
2021-12-22,62.86834225746124,64.02850278611432,62.86834225746124,63.77766036987305,8943987
2021-12-23,64.0912324996222,65.76876677709957,64.0912324996222,65.50224304199219,8703837
2021-12-24,65.28274617796981,65.4395227116081,63.464109680686924,63.981475830078125,9183225
2021-12-27,63.96580055062149,65.0475765541109,63.18190354377402,64.89079284667969,8676960
2021-12-28,65.47088598727598,65.5649519189084,64.43614638577817,64.92215728759766,10372101
2021-12-29,64.87511934256001,66.7564664338343,64.87511934256001,65.75308227539062,24965061
2021-12-30,65.78443730378335,66.59968962036211,64.27936107247841,65.83146667480469,42195855
2021-12-31,65.84714791632486,66.78782145798664,65.40816645176471,65.83146667480469,12683187
2022-01-03,65.76876079057007,66.53697661458719,65.69037610764268,66.23909759521484,8974341
2022-01-04,66.63104889453504,68.68484669626734,66.22342271197138,67.7755355834961,31336737
2022-01-05,67.65010513463666,68.01070193250698,66.66240219291306,66.88188934326172,11957511
2022-01-06,66.16071147014905,66.83486135389644,66.03528306201308,66.44290924072266,8820915
2022-01-07,66.44291517508152,67.0857098083987,65.06325997652112,65.2357177734375,12974964
2022-01-10,65.51791992519635,66.3174910772991,65.22004089853672,66.11367797851562,9408897
2022-01-11,66.16071615554286,66.52130580964158,65.3924931170967,65.9882583618164,10022118
2022-01-12,66.16072965109977,66.45860874583619,65.4708983354812,66.0353012084961,7794744
2022-01-13,66.44291525361416,66.56833649633046,64.98487536511067,65.7060546875,12144687
2022-01-14,65.56495001769528,69.64120486116796,65.34546285025084,69.01409149169922,27463650
2022-01-17,69.60984748011661,69.86068994973152,67.66578963352055,67.8852767944336,28842888
2022-01-18,68.44968848092611,68.51240628330333,65.09461977359919,65.32978820800781,17939775
2022-01-19,65.58062720931414,65.97257214392137,64.2793639979314,65.2670669555664,30378717
2022-01-20,65.53359408782406,66.72511737298498,65.04758320469743,66.58401489257812,20278191
2022-01-21,66.286129088262,66.36452094197762,64.27936078871438,64.89079284667969,17723898
2022-01-24,64.89079343500252,65.45520330404078,61.15945455726867,61.864959716796875,20025537
2022-01-25,61.551413317762474,64.43614488108345,60.89293745817093,64.02851867675781,29718342
2022-01-27,63.30734266069108,64.68699071757688,62.131500539777576,64.24801635742188,23800311
2022-01-28,64.82809613936634,66.16072205451836,64.38911458258713,64.9378433227539,24666333
2022-01-31,67.32086912586267,68.90433721792115,65.1102877289693,65.75308227539062,53776260
2022-02-01,66.36453197887252,66.61537446964809,63.7619980764515,65.03190612792969,29395494
2022-02-02,65.70605787322393,66.53698441166235,65.37682350674558,66.08232879638672,30206025
2022-02-03,66.16070811511332,66.30180340486017,65.07893210751365,65.20435333251953,11555226
2022-02-04,65.6746911701876,65.72172771871386,64.07554899506992,64.21664428710938,17933076
2022-02-07,64.24801539839265,64.53021319713707,62.586155209815125,63.370052337646484,18325029
2022-02-08,63.40139425303034,63.93444160369481,61.58275789384034,62.554786682128906,26278878
2022-02-09,62.997109054499184,64.2134519425527,62.58639474458911,64.00809478759766,15305202
2022-02-10,64.1186590576155,64.68733750151092,63.34462350465523,64.0712661743164,12104241
2022-02-11,63.45519016626173,64.3398042275726,63.13926173803514,63.29722595214844,11505933
2022-02-14,62.23886352282107,62.99710640634147,60.92774213324293,61.89134216308594,31961610
2022-02-15,61.98611292612177,62.99709848967458,60.84874874377051,62.85492706298828,10746255
2022-02-16,63.10767367906619,63.613166433685635,62.09668093868854,62.870723724365234,13420629
2022-02-17,62.949693176778965,64.65573549794499,62.696950451354496,63.50257873535156,19166469
2022-02-18,63.18665313720703,63.6921458995118,62.87072468022834,63.18665313720703,10616886
2022-02-21,62.5548028451345,63.77114575171387,62.19148142358052,62.602195739746094,10470885
2022-02-22,61.60699869281622,63.21825576617234,61.08570581142101,62.34944152832031,20409699
2022-02-23,62.365230969745795,63.36041644080653,62.365230969745795,62.870723724365234,10145349
2022-02-24,61.82813896085409,62.15987468675727,59.0795216191183,59.34806442260742,24915339
2022-02-25,60.927725659904205,63.54997496120967,60.62759004207575,63.234039306640625,22461840
2022-02-28,62.25465995560076,66.81989533971796,61.98611712307267,66.48816680908203,35587689
2022-03-02,65.57194967081402,69.37894163167383,65.57194967081402,68.24158477783203,51608091
2022-03-03,68.87343634873265,69.4895075453283,67.18319418236237,67.94143676757812,28625697
2022-03-04,67.60973021885272,71.00600845389248,67.15162306634643,67.8940658569336,46128378
2022-03-07,67.23059038965023,68.9998183554667,65.25600534811801,67.68869018554688,38244033
2022-03-08,68.3837795589352,68.79449390514563,65.77732924971906,67.29380798339844,20461842
2022-03-09,67.7361014558158,71.1955726112902,67.35698004145128,70.27936553955078,30245265
2022-03-10,71.19555078817783,71.55887205130502,68.13099479515776,68.47852325439453,37328694
2022-03-11,68.95243613179034,69.12620039432696,67.64131499046314,67.86246490478516,29348391
2022-03-14,68.24159972036706,68.27319257149492,66.0932496879716,66.2828140258789,28491564
2022-03-15,65.71413694190889,66.39339410303675,64.21345117083283,64.94009399414062,23328489
2022-03-16,65.99846696532106,66.31440268778148,65.27182420414363,66.03005981445312,23656146
2022-03-17,66.40917587813732,66.91466865461354,65.39819032518488,66.15643310546875,36269526
2022-03-21,66.34599506079776,67.73610210605236,65.36660228245243,65.99846649169922,38413833
2022-03-22,66.12484253909946,66.55135687603583,64.766335478321,66.2828140258789,19632078
2022-03-23,67.57813798880473,67.57813798880473,65.35080236551408,65.52456665039062,33279774
2022-03-24,65.524561844702,66.52700466075115,64.9994786470056,66.03373718261719,15609300
2022-03-25,66.2246865344667,66.2565095397928,65.22224365714686,65.55638885498047,22413369
2022-03-28,65.55638865888835,65.81097998455468,64.77671410500243,65.25406646728516,13461477
2022-03-29,65.55640079727064,66.38381365411568,65.39728574165443,66.0019302368164,12104067
2022-03-30,67.43397140004109,67.43397140004109,66.0814755424442,66.3360595703125,22181898
2022-03-31,66.89297006868325,67.57717553874163,65.79505828800184,67.08390808105469,21738033
2022-04-01,67.13165102406876,69.05697556360245,66.90888999371431,68.45232391357422,45845880
2022-04-04,69.21609511221259,70.1230617208449,68.67509671929304,69.83665466308594,29426580
2022-04-05,70.45721321467585,71.18914963572044,69.21609413053174,69.56615447998047,29299197
2022-04-06,69.37522106562815,70.32992597609011,69.12063697420919,70.0116958618164,27765654
2022-04-07,70.64814353249389,75.70808105037554,70.50493637938057,74.5783462524414,162897504
2022-04-08,75.96268534875949,77.07650530087709,74.76930422726909,76.24909973144531,86792331
2022-04-11,76.96511717576499,78.98590357187112,76.71052584120699,77.63340759277344,53098242
2022-04-12,77.63339689096976,78.41307136460752,75.56487262858762,77.14013671875,34166946
2022-04-13,77.66522911458672,79.63828460537509,77.66522911458672,78.63584899902344,35185764
2022-04-18,78.28578836307061,81.56360892831002,77.72887483905217,81.13398742675781,58066713
2022-04-19,81.1499007751989,82.58195784770241,78.93816915661934,79.6541976928711,39192846
2022-04-20,80.41794905394448,81.3408306717598,79.74965873378983,80.60889434814453,31402827
2022-04-21,80.97486571805625,82.3273615547237,80.16336821605579,80.48160552978516,32102493
2022-04-22,80.33840021249783,81.6749882201591,79.82922486917239,80.08380889892578,14025423
2022-04-25,79.55873321454526,79.55873321454526,77.25152516585413,78.2221450805664,15988692
2022-04-26,78.61993024507913,80.64072379361055,78.60402238485194,79.71784210205078,16455561
2022-04-27,78.77904570131761,79.2245750474203,77.28334264076534,78.44490051269531,13818495
2022-04-28,79.55872647891204,79.55872647891204,77.49019479770759,78.49263763427734,9256521
2022-04-29,78.84269174855191,79.51098206438202,75.34210331032506,75.91492462158203,21932493
2022-05-02,74.7852078157949,76.18544193417674,74.37150145311172,75.78764343261719,13942155
2022-05-04,76.05813550610358,76.32863467425601,72.81213820445603,73.5759048461914,16041333
2022-05-05,74.73747230566667,75.86720727049368,73.8305056749957,74.75338745117188,18857412
2022-05-06,73.9100587516759,74.5465334562497,72.31888655788016,72.60530090332031,16795458
2022-05-09,71.60285549131189,72.28706104048347,70.48903572272006,71.76197052001953,23472795
2022-05-10,71.60284536357709,73.00307926960825,70.67996375996978,70.93455505371094,13234959
2022-05-11,71.57102969927116,71.6664987127791,68.65917744245684,69.69344329833984,17541396
2022-05-12,70.01169361072205,71.0141293641834,68.78648950061138,69.47068786621094,23454804
2022-05-13,70.13897448597068,71.82561562033266,69.08880074218429,69.61388397216797,12118287
2022-05-16,69.62980478559733,72.41435804036398,68.83421501974131,72.19159698486328,15258537
2022-05-17,72.81213404727193,74.4351362473402,71.96881358787633,74.06916809082031,17055900
2022-05-18,74.62608662644142,75.50123751600773,73.83050417896935,74.18055725097656,18878982
2022-05-19,73.03492022386756,73.44862662550554,71.34827160825272,72.39845275878906,11176905
2022-05-20,73.51226775483039,75.85129154259269,73.0508232283756,74.76929473876953,17729133
2022-05-23,75.18299815430632,76.44002508877917,73.28949653830917,73.63955688476562,15413691
2022-05-24,70.01165977383377,74.26009152197844,69.72524553480116,73.7190933227539,36815832
2022-05-25,73.83049550964402,74.92840003229564,71.76196390794144,72.03246307373047,12376107
2022-05-26,72.30296522182734,73.05081674442259,70.83908518075884,71.92108917236328,11313504
2022-05-27,73.19402391147926,74.0373517303353,72.30296522834529,73.48043823242188,11187723
2022-05-30,74.43515251248314,74.88068191144288,72.87580325803393,73.40088653564453,8326164
2022-05-31,73.63955384391113,75.08752603657669,73.08264762534799,74.70564270019531,13674072
2022-06-01,74.89658394768765,78.82678707013719,74.70564591319436,78.31761169433594,34360020
2022-06-02,78.98589705092733,79.41551852680901,77.69704719091962,78.20622253417969,26049855
2022-06-03,78.60401770348327,78.90633986798265,76.93328458527839,77.09239959716797,11056728
2022-06-06,76.66279161590482,78.07893354566262,75.83537891960466,77.4583740234375,13057254
2022-06-07,78.28579109401979,79.09728869127929,77.06058712549401,78.2221450805664,28241430
2022-06-08,78.58810162816809,79.70192126581969,77.66522000251908,78.0630111694336,24623397
2022-06-09,78.03117873077048,78.74720711491503,77.36288848576253,78.14256286621094,6650814
2022-06-10,77.33109424356127,78.74723639746517,76.85374180995905,78.50856018066406,9887892
2022-06-13,77.33107461139655,77.33107461139655,74.73745989501491,74.9443130493164,13056528
2022-06-14,74.48286892843292,77.14013694430777,74.48286892843292,76.80598449707031,11702244
2022-06-15,77.36290764570384,77.53793782079669,76.01041167973986,76.42411804199219,9599067
2022-06-16,76.75826239210068,77.61749811306602,73.54408783180985,73.95779418945312,12906030
2022-06-17,73.1940321979404,75.9467697112075,72.81214882138929,74.68973541259766,20333781
2022-06-20,74.78520180569801,75.18299299146996,71.18914413863087,72.28705596923828,12914700
2022-06-21,73.14629806266304,73.95779564921784,72.63712267793339,73.27359008789062,12811437
2022-06-22,72.9235180285727,73.17810932197862,71.61875312798081,71.87334442138672,11056173
2022-06-23,72.17565838668904,72.65301063433091,71.61874500316775,72.20748138427734,9004842
2022-06-24,72.8598889440162,74.43515336247573,72.65303574628638,74.307861328125,9668958
2022-06-27,74.7852007152937,76.79007904240375,74.68972442234013,76.39228057861328,14977953
2022-06-28,76.20134779092622,76.5354929877444,74.72155255439267,75.24664306640625,9497565
2022-06-29,74.75338545952752,75.64443692095313,74.53061713130667,75.13526153564453,20182623
2022-06-30,74.9443162558412,76.12178194439727,73.76684328346659,74.49878692626953,19573899
2022-07-01,74.14873716983035,74.94432693251024,72.31888872786816,73.13038635253906,15324042
2022-07-04,72.78031918643686,74.03735337058377,72.2234129600043,73.09855651855469,13538427
2022-07-05,73.76683551850944,74.75337036742944,72.58936995389755,72.9394302368164,14922519
2022-07-06,73.13037653856216,73.7350208894704,71.33235134569364,73.52816772460938,21103464
2022-07-07,73.67138471111545,75.69217848211962,73.54409268000893,75.31029510498047,19351467
2022-07-08,75.77174473631592,77.15606387719252,74.29194928187259,75.10344696044922,21179418
2022-07-11,75.03978788809697,75.86720056962014,74.40332051667387,74.70564270019531,10090566
2022-07-12,74.30785557012199,75.35802933977871,73.25767451664606,73.9100570678711,12953874
2022-07-13,73.79866339837415,74.88065992798693,73.51224912462133,74.29192352294922,12866319
2022-07-14,74.46696118572748,75.72398797815694,74.35557703647422,75.54895782470703,16879224
2022-07-15,75.58078676655079,78.5085468925931,75.54896376195157,78.12667083740234,24300105
2022-07-18,79.47915823745242,82.99565449801295,79.28822023028908,80.97486114501953,114055476
2022-07-19,80.70436437713296,82.31145147826433,80.21109691832841,81.1976318359375,30352653
2022-07-20,82.13643089372546,82.26372291709134,80.51343574435309,81.11808013916016,16157313
2022-07-21,81.14990252717237,85.89160319964215,80.95896449357726,85.50971984863281,56209248
2022-07-22,85.87569538195444,85.95525654465021,84.45955330241588,84.90508270263672,28925541
2022-07-25,85.82795418090271,87.32365724311008,85.30286368118745,85.9393310546875,27481563
2022-07-26,86.16210118583773,86.24166234063412,83.69577822533945,84.93689727783203,16387791
2022-07-27,85.36651632651628,87.14863385144017,85.2233091532957,86.92587280273438,26434413
2022-07-28,87.19637043833512,88.11925219118638,86.28939654676755,86.67127990722656,26787639
2022-07-29,87.19636339512394,87.92829976671452,86.55988875116317,87.57823944091797,14660187
2022-08-01,87.89648301873237,91.58800999469362,86.84630925041765,90.4423599243164,24181113
2022-08-02,90.98335218201441,91.34932033990341,88.8193516684337,89.74223327636719,32577612
2022-08-03,90.0604800889428,90.41053314121096,87.19636595838087,88.10333251953125,15700254
2022-08-04,88.54885865976819,91.49253383740353,87.81691500937711,90.42644500732422,39839988
2022-08-05,90.66511449937754,90.69693750063199,85.0482710140583,87.88056182861328,80363784
2022-08-08,88.13654704572161,90.74432704523747,87.92856414247191,90.18437194824219,21774303
2022-08-10,90.16836254733225,92.24818391809355,89.83239247319672,91.96021270751953,28967340
2022-08-11,92.31218163696919,93.51208004353117,91.40026177742155,91.97621154785156,23053884
2022-08-12,92.15220366976762,93.48008937385484,91.89622190856088,93.14411926269531,13774848
2022-08-16,93.5920864307702,94.5040063947584,92.84015049811337,93.99205017089844,18326535
2022-08-17,94.47201120670908,94.6160004991735,92.98414138084253,93.22412109375,12973041
2022-08-18,93.12813059284123,94.2320388227931,91.75225314561447,92.39219665527344,16134525
2022-08-19,92.6321704300241,93.4960988728479,90.66433382823654,91.22428894042969,17598678
2022-08-22,91.19228987286172,92.87214784420392,90.48834548371286,92.50418090820312,18811092
2022-08-23,91.92822693315989,95.8639001756829,91.80023970291194,95.49592590332031,30535758
2022-08-24,95.99187062746552,96.27984916878732,93.27209851848781,94.08802795410156,20796507
2022-08-25,94.5679922643663,95.76789071010668,94.40800824613387,94.93596649169922,22580238
2022-08-26,95.1919532885728,98.5196725653494,95.1919532885728,97.70374298095703,31345068
2022-08-29,96.56783116911024,99.6075716371927,96.19986424357799,98.82363891601562,27834195
2022-08-30,99.60757740494556,99.78356350741645,96.99980464607613,98.07170867919922,25458348
2022-09-01,98.18369812204361,102.64732218938191,97.91172160582296,102.32734680175781,33768936
2022-09-02,102.71130888532608,105.49507479647062,102.55132486408756,103.84721374511719,37018653
2022-09-05,104.90312635352353,105.23909647088038,103.78322352113423,104.91912841796875,24073551
2022-09-06,105.41508146806942,106.8069607927921,103.92720440486997,104.19918823242188,28364094
2022-09-07,104.43916197343154,105.5110658638138,104.2311790912621,105.35108184814453,14016204
2022-09-08,105.9110499302351,106.0390371585308,104.6631524835528,104.9991226196289,13824843
2022-09-09,105.27109914155714,106.4869997811655,104.85513332599638,104.9991226196289,16733637
2022-09-12,105.54306963431746,108.72679935970017,104.32717638776693,108.32683563232422,39074646
2022-09-13,108.95079425676997,109.30276647017767,107.20694257921356,107.4469223022461,18851928
2022-09-14,107.19092616558865,108.6148095709117,106.56697750450098,107.4789047241211,48838458
2022-09-15,110.05469505319226,110.05469505319226,104.24718321655442,106.64698028564453,25552945
2022-09-16,106.88694970688032,108.95077645241676,105.06310264515976,106.55097961425781,27675466
2022-09-19,107.84689353050757,109.19078153722427,105.5910854425905,106.071044921875,18503444
2022-09-20,107.0309556460775,107.60690551218843,105.59107731900022,105.7830581665039,13735873
2022-09-21,105.97503355460836,106.11902283466767,103.33525694005044,104.10318756103516,16931740
2022-09-22,104.24719177813333,107.51091752485794,103.28727287166137,105.59107971191406,20701188
2022-09-23,106.1190281746874,106.55098871300306,101.8473850438353,102.3753433227539,15215768
2022-09-26,100.79148000409123,100.79148000409123,95.51192628959122,96.66382598876953,41567351
2022-09-27,97.19177791050501,97.76772772229188,94.50400235736743,95.75189971923828,28782718
2022-09-28,95.03195981405977,96.90379851732129,94.6479908349397,95.17594909667969,24892912
2022-09-29,95.89588790326296,96.66381853563837,94.40801085991198,95.0319595336914,74476855
2022-09-30,95.36793984116336,97.28777761279665,92.39219275985175,96.90380859375,28502920
2022-10-03,97.3837619083575,98.87163901718206,94.16803530795545,94.5040054321289,21407465
2022-10-04,96.23186751648375,98.34368611857762,95.84789850057582,97.95972442626953,14768228
2022-10-06,98.82363899278855,100.79147549134503,98.29568803913635,100.45550537109375,20520361
2022-10-07,100.98345349863938,102.23135085161994,99.83155388327205,101.99137115478516,20045623
2022-10-10,100.88746031708902,101.3674196975924,99.78355227721147,100.26351165771484,11511957
2022-10-11,100.79147839967068,101.17544740115125,98.43968016645152,98.91963958740234,11739022
2022-10-12,98.5356606303677,99.30359123214137,96.9517932365362,99.11161041259766,6659580
2022-10-13,99.11162577128174,100.2155339637206,96.99980713465084,97.33577728271484,7795689
2022-10-14,98.87163748448576,99.44758730608329,96.4238415881971,96.75981903076172,7476515
2022-10-17,96.4718443873364,98.63166179899319,95.94388609060267,97.71974182128906,9943468
2022-10-18,98.24770061846837,102.61533466152358,97.95972933480772,101.70340728759766,21766333
2022-10-19,102.37534224253626,104.82313080649607,101.0794533176635,101.65540313720703,22878764
2022-10-20,102.51934200346888,104.77514996593959,102.279362277172,103.6712417602539,25579790
2022-10-21,104.1991992863987,104.58316098664153,98.58366787534727,99.39960479736328,19880033
2022-10-24,100.40749916172048,101.12743821974945,100.16751947571082,100.5994873046875,3728536
2022-10-25,100.7914786674001,101.27143808962582,99.39959927238536,100.8394775390625,13217298
2022-10-27,101.41541859311751,104.53515456725185,100.9834507563857,103.52723693847656,29990758
2022-10-28,103.67123544413252,104.19919373926008,99.73556963736223,101.12744903564453,20059496
2022-10-31,101.65540185156621,102.90329189086184,100.93546275534209,102.56732177734375,12793983
2022-11-01,102.99929205972535,105.97503892961764,102.47133378059634,104.15119171142578,26521676
2022-11-02,104.15119992711114,105.83105799045164,102.51934073787749,102.80731201171875,19881462
2022-11-03,102.51932219452507,107.70287742208309,102.23134364917246,105.54306030273438,34173239
2022-11-04,106.16702803761379,106.9349660809947,104.24719025276146,104.58316040039062,22356935
2022-11-07,105.01511673885096,105.87904511167608,104.43916693150061,105.25509643554688,15333789
2022-11-09,105.78305802168884,106.74297690509292,103.3352692631684,103.71923828125,17033165
2022-11-10,103.7192438947566,104.15120448622712,100.50350960243067,102.42334747314453,12937603
2022-11-11,103.6712306988056,104.10319123061092,102.42333332576915,102.9992904663086,11075218
2022-11-14,102.99929438340848,103.33526451243404,101.2234386718742,102.32734680175781,10547759
2022-11-15,102.42333803542589,103.09528562241982,101.22343947679344,102.75931549072266,11675691
2022-11-16,104.58314696850404,105.39908378115335,103.04727840259778,103.9592056274414,27372424
2022-11-17,103.86320108657459,106.88694647597492,103.7672106806695,106.16700744628906,26985734
2022-11-18,106.40699508105133,106.93495333841315,102.13535944821147,103.04727935791016,23962357
2022-11-21,102.80731556430439,102.90330599223518,100.31152782010321,101.5594253540039,16407321
2022-11-22,100.98345509426233,103.47924983965909,100.83947313276573,103.14327239990234,11999335
2022-11-23,103.67122748391921,104.72713666949859,102.08736004375064,102.61531829833984,21024176
2022-11-24,102.7113265991211,103.09529563991264,101.79940653539146,102.7113265991211,12820212
2022-11-25,102.9992901880662,103.67123041874802,102.37534150323351,102.85530090332031,8834584
2022-11-28,102.80729732261142,104.39116473503518,102.66330804446399,103.09527587890625,11289089
2022-11-29,103.57523594731137,103.57523594731137,101.03144976174943,101.89537811279297,8717535
2022-11-30,102.23134651120705,102.27934537797579,99.97553892145417,100.88745880126953,27869373
2022-12-01,101.41542603813859,102.08736629091737,99.6875692115653,99.97554779052734,19098551
2022-12-02,100.35950955738166,102.18334934740818,100.11952986673617,101.89537811279297,13020973
2022-12-05,102.08736318186484,103.28726168499819,100.7914742632007,103.14327239990234,17476086
2022-12-06,102.95129416405436,104.05520227948439,101.27143621732154,101.46341705322266,13880227
2022-12-07,101.9913753373499,102.8553037461038,101.22343734654655,101.46341705322266,11943855
2022-12-08,100.7914663377067,101.27142570121958,100.07152729243737,101.0794448852539,15789329
2022-12-09,101.75140620986545,102.61533470844284,100.31152782010321,101.5594253540039,12630851
2022-12-12,101.75139937905269,102.27935768262917,99.83156165491961,100.3595199584961,19335542
2022-12-13,100.8874717081453,101.17545029840214,100.21553142901236,100.93547058105469,7421330
2022-12-14,100.93546320263592,101.4154226022456,100.64748463343042,101.22343444824219,6168426
2022-12-15,101.03144790243006,101.4154168651163,98.63165104013956,99.11161041259766,10186774
2022-12-16,98.15170397488015,98.2956932693921,93.92805950292819,95.46392822265625,38364152
2022-12-19,95.4639245553846,96.80781237987075,93.83206547653678,96.42384338378906,22872344
2022-12-20,96.71181834600456,97.52774785492348,95.03196045910126,97.23977661132812,10478941
2022-12-21,97.76771633181268,98.10368640591271,94.50399134713022,95.22393035888672,11606766
2022-12-22,95.51191008667303,95.89587902912808,92.92013254139866,94.31201171875,14577136
2022-12-23,94.98396753931235,95.17595570400017,92.15220985346348,92.68016815185547,23099245
2022-12-26,92.72815582087915,95.8478919614402,90.85631706598227,95.27194213867188,12096095
2022-12-27,95.79988918487014,96.9037898309387,94.45600154021454,96.23184967041016,10240049
2022-12-28,95.60791043539176,96.85580779726261,95.27194032214936,95.75189971923828,9470020
2022-12-29,94.55199752434251,95.79989483735207,94.36001670246361,94.93596649169922,11367064
2022-12-30,95.41592988374055,97.28776860839633,95.27194059947489,95.89588928222656,9236774
2023-01-02,96.37583894012297,97.14376950592727,95.89587959014587,96.23184967041016,6973552
2023-01-03,96.27986642143705,96.85581628368816,95.79990698229449,96.3278579711914,8833881
2023-01-04,96.66383112910428,96.85581930490989,94.50401358559162,94.7919921875,8927128
2023-01-05,95.03196582825,96.13587396673242,94.36002556496483,95.94388580322266,10448282
2023-01-06,95.79989985743443,96.47184009282032,94.74398331097188,94.98396301269531,7215940
2023-01-09,95.89588428484916,97.6237336351967,95.5119153213501,95.99187469482422,11920266
2023-01-10,95.99187860006037,96.0878690139406,94.360019593299,95.17594909667969,10397112
2023-01-11,96.32785006345097,96.71181904796423,95.5599194180237,96.1838607788086,11130194
2023-01-12,96.42384206352456,96.47184093372735,94.93597229402967,95.41593170166016,9299447
2023-01-13,95.511925251625,96.08787509495508,93.49609713816992,95.94388580322266,11684608
2023-01-16,96.42383073526074,98.87162635603897,96.18385105963928,98.00769805908203,16485682
2023-01-17,98.2476917333821,98.87164044362,97.43176218473232,98.77565002441406,11762030
2023-01-18,98.96763294894659,99.83156138720969,98.00771408945418,98.58366394042969,13005273
2023-01-19,97.91171636900158,98.87163515693297,97.76772708609205,98.72764587402344,4842895
2023-01-20,98.7756510911569,99.25561051596952,97.52775365720424,97.71974182128906,7912700
2023-01-23,98.24768987906175,98.39167916695278,97.0477913526355,97.4797592163086,9725869
2023-01-24,97.47975785949527,97.76772910766967,96.13587006388344,96.61582946777344,10169994
2023-01-25,96.18385942782085,96.85580697218074,94.8399789862993,95.17594909667969,9232812
2023-01-27,95.60791294367036,95.94388306572695,88.74449192051684,90.52034759521484,24624255
2023-01-30,89.22445637848176,89.22445637848176,83.51294200956629,85.38478088378906,62828817
2023-01-31,86.6806705492919,92.39218447852464,85.4807720495708,91.144287109375,59004021
2023-02-01,93.1121228273002,93.3521025253087,85.48077136006938,87.30461120605469,44092961
2023-02-02,85.96073137846898,89.75240770501662,84.76083287973881,89.36843872070312,24502896
2023-02-03,89.65642596375085,90.61634485560343,88.0245594534415,90.08838653564453,15906920
2023-02-06,89.75241480428706,91.19229311665529,89.46443621237349,90.71233367919922,7015869
2023-02-07,90.7123283992003,91.28827822590392,89.99238928492093,90.6643295288086,10315670
2023-02-08,91.1442837892451,92.44017998061743,90.56833399507906,92.2481918334961,11577350
2023-02-09,92.48816358870441,92.82413366283994,91.72023303690868,91.96021270751953,6577385
2023-02-10,92.29832731091793,93.36089158054901,92.10512911750294,92.97450256347656,10685751
2023-02-13,92.97448828043606,93.89215560647028,91.23574165560068,91.42893981933594,13582939
2023-02-14,91.57384393115595,91.91193153256467,89.93169257183835,91.38064575195312,9624926
2023-02-15,90.84936006764295,91.57383659969828,90.22147893257703,91.42893981933594,11575131
2023-02-16,92.63639843130969,95.05132014552653,91.04254862597531,94.4234390258789,32927840
2023-02-17,94.23025802281482,95.29282221347033,92.92619426590078,93.16768646240234,20383244
2023-02-20,93.40918009348893,93.45748148143385,90.9942580913847,91.67044067382812,17505922
2023-02-21,92.6847062208644,92.9261984281827,91.38064977529699,92.29832458496094,11933886
2023-02-22,92.44320396770183,92.87789431549118,91.57383801163616,91.76702880859375,14589841
2023-02-23,91.86362592401971,92.44320569548145,90.46297419550746,92.1534194946289,16196352
2023-02-24,92.39491902087903,92.63641122565406,91.76703781451249,92.1051254272461,8061923
2023-02-27,92.1051181096085,92.44320569548145,89.9799898243299,92.1534194946289,13928820
2023-02-28,91.91193153256467,92.87790031930784,91.18745494250729,91.38064575195312,10965145
2023-03-01,91.96021313729779,93.79555505832755,91.5738315705597,93.74726104736328,14285091
2023-03-02,93.89216408582162,94.23025906045241,92.92619528917837,93.4091796875,10048980
2023-03-03,93.94046972793905,94.37515275821166,92.34661966734387,92.5881118774414,7938348
2023-03-06,93.07109105775311,93.94046443911014,92.63640805195307,93.16768646240234,8289319
2023-03-08,92.974486621527,93.11938339930403,91.28404141022652,92.82958984375,14292676
2023-03-09,92.8778961038965,93.60237266107237,92.00852276133415,92.20171356201172,7884249
2023-03-10,91.09086086727453,92.25002048038172,90.36638426664325,91.67044067382812,9620249
2023-03-13,90.84936568484873,91.6704376646603,88.7725313572617,89.20721435546875,11482697
2023-03-14,89.69020808392362,89.7868034969488,88.09635797485639,89.59361267089844,14285446
2023-03-15,90.31808095677552,91.0425575419903,89.06231859450047,89.4487075805664,8318506
2023-03-16,89.54530018022375,89.54530018022375,86.5990999144749,88.77252960205078,12278142
2023-03-17,89.9316801499499,91.47722852130742,89.73848936718869,90.22147369384766,13158718
2023-03-20,89.83509687766313,90.17318447798252,88.62763589812465,89.49700927734375,6579446
2023-03-21,89.83509100327196,90.26977397957874,89.20720986101821,89.93168640136719,5886671
2023-03-22,90.31808126947853,90.7527642742096,89.35211248584774,89.49700927734375,6096408
2023-03-23,89.15892694977146,89.59360998020912,87.7582677088194,88.96572875976562,9969670
2023-03-24,91.34786454414747,91.8826341652526,88.67403127478826,89.01434326171875,16650432
2023-03-27,90.52140110926335,91.1533994960525,88.81987098533703,89.20879364013672,15959308
2023-03-28,89.20879411044558,89.93802131025848,87.50726397754879,87.79895782470703,14999850
2023-03-29,87.70172826774855,89.50049476523861,87.41004181648658,89.01434326171875,36103221
2023-03-31,91.6395643220898,95.72323424772397,91.6395643220898,94.8481674194336,64455094
2023-04-03,96.20937957701186,96.25799769459596,93.14663103937767,93.92446899414062,24154016
2023-04-05,92.4174111722222,95.72323572588729,92.4174111722222,95.52877807617188,24875169
2023-04-06,94.8967731405922,96.2579988503758,94.84816244050766,96.01492309570312,11440418
2023-04-10,96.1607613392247,97.7650626586527,96.01491441598894,97.13306427001953,10870304
2023-04-11,97.61923125046248,98.1539934965421,96.06354779755581,97.23030853271484,8458648
2023-04-12,97.37614974151867,98.29983465092043,96.74415128967796,98.00814819335938,8938731
2023-04-13,98.00814837789554,98.98045140776321,97.71645450170186,98.10537719726562,9153834
2023-04-17,98.20259194755792,98.68874339284287,97.23028905698804,98.59151458740234,8323162
2023-04-18,98.59152940942475,100.97366888221335,98.39706435122592,100.09859466552734,19758227
2023-04-19,100.14719772869768,100.2444265341382,98.4456676702004,98.59151458740234,11271768
2023-04-20,98.6887655772989,100.43891414097722,98.5429186273117,100.00137329101562,13241812
2023-04-21,99.85551492540334,100.63336029102132,99.3693634264129,99.95275115966797,5625649
2023-04-24,99.95274883720523,100.34166409289436,98.68875200196655,98.9804458618164,5994078
2023-04-25,98.98044813919182,99.17490577151054,97.95952702431066,98.34844970703125,5696053
2023-04-26,98.00814628186104,99.07767810822546,97.61922359461492,98.83460235595703,4576455
2023-04-27,98.39705335732839,99.2721274762424,98.34844266177255,98.64012908935547,5362153
2023-04-28,99.12628128213719,100.5847356850215,98.44567219469091,100.43889617919922,11812226
2023-05-02,101.1195076224452,102.18903939252756,100.63335614349114,101.41120147705078,13598952
2023-05-03,101.26536285902257,103.59889163309509,100.77921134017761,103.40442657470703,16034319
2023-05-04,103.98780137625043,105.25179822517164,103.55026799982245,104.27949523925781,15414305
2023-05-05,104.08503164098022,104.96009834365908,102.86965297827882,103.35580444335938,9315810
2023-05-08,103.35581434727489,104.52257500803825,103.06412047304235,104.32811737060547,6721354
2023-05-09,104.2308702937368,105.15456252068637,103.647490024027,104.57118225097656,10063354
2023-05-10,104.91149559510818,105.59210473054443,104.27949715901268,105.05734252929688,10360986
2023-05-11,105.25180509650588,105.98103238354864,104.52257780946312,105.59210968017578,9435021
2023-05-12,105.64072496848509,105.64072496848509,103.64750080342404,104.32811737060547,6855025
2023-05-15,104.13365686026533,105.59211145891913,103.93919921434497,104.66842651367188,7833289
2023-05-16,104.71703128688485,106.07825698550396,104.42534483451999,105.44625854492188,9051577
2023-05-17,105.78657015834185,106.7102550480162,104.9601066676947,105.25180053710938,9456088
2023-05-18,105.49487149707825,106.22409871940829,104.27949279319486,104.81426239013672,7220608
2023-05-19,104.81426042321935,104.86287111961272,102.77241830454561,104.03641510009766,9255095
2023-05-22,105.54349927604315,108.21733266940315,104.61980692566864,107.390869140625,27946526
2023-05-23,107.87701098607367,107.9742472170279,104.76564446569456,104.91149139404297,15214733
2023-05-24,104.9115010845461,106.27272684472725,104.3281207353495,105.78657531738281,10722681
2023-05-25,105.00872403177866,107.68255728258782,105.00872403177866,106.56440734863281,11158044
2023-05-26,106.51579910870313,107.92563552444679,106.07825829761887,107.63394165039062,7958341
2023-05-29,107.92562582600434,108.70347114153294,107.14778051047574,108.3631591796875,10330215
2023-05-30,108.36317407723851,109.4813240902509,107.92564066340415,108.16871643066406,7803617
2023-05-31,107.48810926854189,109.33547919994986,107.14779725351889,109.04379272460938,15741522
2023-06-01,109.09239370262053,110.30777245339875,108.89793606972928,109.77301025390625,9185292
2023-06-02,110.25915508009149,110.35638389065173,108.89792947799994,110.16192626953125,9939324
2023-06-05,110.21053113453507,115.36373942048176,110.21053113453507,112.44683074951172,35214281
2023-06-06,113.03023175779823,115.21791366278788,112.68992716730547,114.78038024902344,18999553
2023-06-07,115.46098943000895,115.70406519723002,114.24561059390359,114.78038024902344,11262532
2023-06-08,115.21790484824481,115.41236247991155,113.17607004341154,114.29421997070312,11188999
2023-06-09,114.73175955013514,118.08620209517262,113.46776262175617,117.01667022705078,19873573
2023-06-12,117.60005158838314,120.46835005278494,115.46098783364589,115.8012924194336,24331332
2023-06-13,116.57912945318351,119.0584976155313,115.60682646761582,118.71819305419922,16552079
2023-06-14,118.96126725451236,119.7391126000905,117.7458885383484,118.03758239746094,8660080
2023-06-15,118.03759493666392,119.35020260594348,116.72498726738435,118.57235717773438,13948239
2023-06-16,118.91265761025006,123.72555440166717,118.28065918862887,121.73233032226562,32649860
2023-06-19,122.85048331751098,122.85048331751098,121.00310612259918,121.39202880859375,10053869
2023-06-20,121.53787651427325,123.23940678547308,120.4683446845643,121.68372344970703,15471361
2023-06-21,122.65603274350684,122.80187968641,118.37789778748807,119.39881896972656,14141162
2023-06-22,120.12804373372524,123.82279084024194,119.398816452666,120.03080749511719,25032998
2023-06-23,120.32250150522452,120.4683484452112,116.19021357474207,116.72498321533203,12413343
2023-06-26,117.64865972467187,119.15573229994838,116.6763567517407,118.03758239746094,17369553
2023-06-27,118.71818431855729,119.20433577556865,114.63451504689489,115.12066650390625,19093714
2023-06-28,115.84990293963997,119.00988766252773,114.82898183116606,117.40558624267578,61890385
2023-06-30,118.03759580295466,123.19079769388763,117.40559731515691,122.2671127319336,27973500
2023-07-03,122.51018399325285,122.51018399325285,119.30158096905328,120.32250213623047,15492508
2023-07-04,120.56557409739045,120.76003173354,118.1834346731834,118.66958618164062,7595425
2023-07-05,119.15573691624051,120.32249756172698,117.69728240034078,118.37789154052734,15615891
2023-07-06,118.91266434451269,121.63510839616777,118.52374164625239,121.34342193603516,16906327
2023-07-07,120.90588324260027,122.41295594305153,120.22527407225147,120.61419677734375,22837962
2023-07-10,120.76002228048031,121.19756305469124,119.10711024834858,119.59326171875,9068813
2023-07-11,120.03079777244682,125.08677021101629,119.98218707516384,123.87139892578125,46215137
2023-07-12,124.7464851649246,124.94094280906712,123.04495481538477,124.11448669433594,18031857
2023-07-13,124.21169891965341,125.23261996019869,121.53786587050236,122.02401733398438,12374030
2023-07-14,122.51017649612484,123.96863097822157,120.66279933518571,123.62832641601562,9577719
2023-07-17,124.26032484187415,124.69785821926993,122.89909917496726,123.62832641601562,9411535
2023-07-18,124.16308457493787,124.74647228329064,121.78094529880126,123.57970428466797,8994063
2023-07-19,124.21170998417186,124.21170998417186,123.19078885268507,123.38525390625,8975718
2023-07-20,123.48247291928246,123.72554865337553,122.0726366287757,122.51016998291016,10187180
2023-07-21,122.85048350653383,123.14217737599938,121.29480017824514,121.4892578125,9926528
2023-07-24,121.87817159065162,124.21170012156168,121.53786704653785,122.51016998291016,13121674
2023-07-25,123.04495351818919,123.67694456403149,121.87818541138374,123.5311050415039,7151050
2023-07-26,123.53109103333415,123.82277746339622,122.16986543879639,122.51016998291016,12681896
2023-07-27,122.70462674722313,125.23262029862734,122.51016912853788,123.72554779052734,11597763
2023-07-28,125.67016787892857,128.05230735891664,124.45478907932578,126.54523468017578,37245053
2023-07-31,126.69109416330896,127.3717033513882,125.28125766596604,127.08000946044922,16197160
2023-08-01,127.37169130199875,129.55937302283462,126.44800643154574,126.83692169189453,17079508
2023-08-02,126.83692535084579,127.0800011046175,120.27387999900957,121.87818145751953,20816954
2023-08-03,122.0726526715294,122.99633761524042,120.07942842278413,121.19757843017578,12415922
2023-08-04,122.80188263242748,124.50341303158892,122.02403719700585,124.06587219238281,10589274
2023-08-07,124.89232674652445,125.621554051198,123.09356754527975,124.98956298828125,8339894
2023-08-08,125.13540359238019,126.39940056526638,124.06587168659854,125.57293701171875,12505272
2023-08-09,126.20492225263972,128.73290094833703,125.42707694774624,128.0522918701172,13111006
2023-08-10,127.9550803546738,129.46213813126747,125.52432286188869,125.81600189208984,11116731
2023-08-11,126.593857279826,129.55938462304667,125.9618662161318,128.3926239013672,10967883
2023-08-14,128.29537251765726,128.29537251765726,125.86461511930769,126.88553619384766,8529502
2023-08-16,127.12862907569742,128.2467716952422,125.86463209088524,127.66339874267578,7062446
2023-08-17,128.39596218381485,128.54248611135284,125.27031215191258,125.70985412597656,7162118
2023-08-18,125.2703111700875,126.58895198621941,123.80516133184085,124.19586944580078,8997702
2023-08-21,124.24469600367131,126.68661225729801,124.19586214988098,126.2470703125,5063202
2023-08-22,126.68660718594,130.59367303534,126.34474786668156,130.20297241210938,20596242
2023-08-23,130.83786847173397,132.2541769026467,129.7145929689383,130.30064392089844,19426832
2023-08-24,131.9123119195763,132.3518538407759,130.4960035493673,131.27740478515625,17543374
2023-08-25,134.06120087247336,134.74493443523048,129.9587845916568,130.30064392089844,33919926
2023-08-28,132.93792455193758,133.2309425739783,131.47277482463898,131.7657928466797,13346571
2023-08-29,132.15652515191482,132.69374976761165,130.98440820220623,131.4239501953125,11118400
2023-08-30,132.3518754928203,132.3518754928203,131.13091723181643,131.4239501953125,12555619
2023-08-31,131.42394170169413,131.91232497453262,129.12853435764333,130.1053009033203,14954352
2023-09-01,130.9355618797782,135.18448752289248,130.78903795150006,134.64727783203125,23415545
2023-09-04,136.25893800784598,139.04272872455508,135.96590505278053,137.2845458984375,28262276
2023-09-05,138.01711711670887,138.6031681067803,135.96590139077182,136.45428466796875,11695197
2023-09-06,137.2356905274918,137.4798821476475,134.54958270577933,135.08680725097656,10151022
2023-09-07,135.23331753225952,137.72407506210988,134.40307495849194,136.60079956054688,18438943
2023-09-08,137.28453422138793,140.94740858746405,136.94265998551123,139.97064208984375,16579557
2023-09-11,140.9962753722458,143.73121013638595,139.72647571502264,141.338134765625,19902175
2023-09-12,141.24042365785564,141.58228294623052,130.49599354265777,131.033203125,48752780
2023-09-13,131.86349848467933,133.7681904819361,130.20299815128308,132.69375610351562,19282289
2023-09-14,134.79379052070058,135.47752415842876,132.35187402576037,133.62167358398438,13197189
2023-09-15,134.3053779080391,134.98911139653467,131.9611445462622,132.5471954345703,9651337
2023-09-18,141.6311586231358,141.6311586231358,135.77055895597158,136.64964294433594,51859825
2023-09-20,136.74731198975286,136.8449946028838,133.08443756145593,133.71932983398438,19080613
2023-09-21,133.8170073503928,134.79377382740296,131.47277376727786,132.107666015625,9531884
2023-09-22,131.03321858990023,133.7193264357215,130.93555088352556,132.8890838623047,12604969
2023-09-25,133.13325191424704,133.67047636915387,130.49598584066138,133.42628479003906,14984591
2023-09-26,133.4263265259918,135.0868268025252,132.74257796717583,134.45191955566406,12315581
2023-09-27,134.2076859197895,134.3542098098211,132.54718616266305,133.42628479003906,8713378
2023-09-28,133.7193321379095,134.79378128376524,131.47278103993298,131.91232299804688,22012674
2023-09-29,132.84024136468958,135.4286665766303,132.5960497445339,135.08680725097656,8504659
2023-10-03,134.69609714955962,137.33337867704307,134.0123635663979,135.9658966064453,19010910
2023-10-04,134.79378118380944,135.91705673196475,133.37747269570403,135.62403869628906,14912053
2023-10-05,136.25895011183007,138.06597440835705,134.89148273908503,135.7217254638672,15996620
2023-10-06,135.77053833007812,137.23568802428758,135.42866410638655,135.77053833007812,4987359
2023-10-09,133.03561133630643,134.4030935537914,131.91233567933295,132.5960693359375,10489249
2023-10-10,134.2077284509647,137.7240942662823,133.32864444927327,136.698486328125,15593722
2023-10-11,136.69847447446423,137.23569905303566,134.30539942912745,134.54959106445312,10778916
2023-10-12,134.74494410195044,135.4775190226616,134.0123691812393,134.9891357421875,7567439
2023-10-13,133.13325542983728,134.98910551840794,133.13325542983728,134.25653076171875,8303230
2023-10-16,133.81701723754603,134.6961011700974,133.37747527127036,134.2077178955078,7785480
2023-10-17,134.30538590638582,135.6728529648143,134.30538590638582,135.33099365234375,6076896
2023-10-18,135.52636015595695,135.72171048703848,133.23095277899296,133.86585998535156,6806231
2023-10-19,132.84025005702554,134.01236692961496,131.91232482057038,133.8170166015625,7775836
2023-10-20,133.52399356897564,133.71934391152917,130.39834337529197,131.0820770263672,8982112
2023-10-23,131.1797297760821,132.742547064884,128.347098289169,129.6168975830078,19333777
2023-10-25,129.4215633676474,131.52160541529952,126.24707219070508,128.15176391601562,10225867
2023-10-26,126.97965222515411,127.17500255541476,124.04935255841978,125.85637664794922,18167694
2023-10-27,126.24708158339142,129.7634472642521,126.24708158339142,129.1285400390625,8761931
2023-10-30,130.39834489258425,130.83788689451305,127.76107797673549,128.8843536376953,9052085
2023-10-31,129.4215693661688,130.54484494990103,127.71222788397411,130.15414428710938,8098744
2023-11-01,130.6425238384016,131.42394004595346,128.9820237125254,129.32388305664062,10431945
2023-11-02,130.59370048974634,131.86350013860303,130.20299978437964,131.6193084716797,4885035
2023-11-03,132.00998094682177,133.81700485733452,131.61928032500603,132.79139709472656,9154983
2023-11-06,133.76818590112393,134.79379383507205,132.8402605910855,134.45191955566406,7070089
2023-11-07,134.3542527939198,135.72172011274955,133.5239951975958,134.84263610839844,8587321
2023-11-08,134.5495903873537,137.8705906493608,134.50074907967945,137.1380157470703,9755483
2023-11-09,136.69845157864773,136.69845157864773,134.40305953360948,134.7449188232422,5481774
2023-11-10,134.30539586168018,135.86822824796215,133.86585391062405,135.5751953125,5781314
2023-11-13,135.91705587107734,140.84972979879225,135.8193881612289,140.0683135986328,20245049
2023-11-15,141.14276418211347,142.0218481011227,139.1892311138489,139.72645568847656,11440473
2023-11-16,139.92181861216932,140.9962678581616,138.89621067813593,139.28692626953125,11453235
2023-11-17,139.53109076130312,143.09628227609738,138.50548302693383,142.70558166503906,13496261
2023-11-20,142.9986163028195,143.3404905554623,139.82412502987057,140.50787353515625,7741502
2023-11-21,140.80089730835988,141.19161288504247,138.94504675801218,139.53111267089844,9972235
2023-11-22,139.9218191208055,140.11716946507534,136.89383661965712,138.55435180664062,7445272
2023-11-23,138.55432763711661,139.23806117492805,135.86821988521413,136.11241149902344,13138745
2023-11-24,136.69847206985736,138.84735544206836,134.15888804970777,137.0891876220703,19614754
2023-11-28,138.3589797208378,138.50550365000637,137.13802149914218,138.01712036132812,8595693
2023-11-29,138.74966774201218,139.33571862948543,137.2356768668966,137.72406005859375,14680789
2023-11-30,137.72408834745113,142.94979553369217,137.479896701445,142.51023864746094,27591484
2023-12-01,144.51258363179053,146.80799059748534,143.34046695103515,144.02420043945312,34466616
2023-12-04,148.46850712204338,153.8407228402752,148.07780648606334,149.9824981689453,51416976
2023-12-05,150.12899047513278,151.49647235743836,146.46611652939464,148.46849060058594,29109123
2023-12-06,149.05457039679808,153.4988459450676,148.32199553882748,152.52207946777344,26688698
2023-12-07,158.04082014012604,158.04082014012604,154.5732961400166,156.62451171875,51346222
2023-12-08,157.60127479129537,158.57804125444744,153.6453676346748,155.06167602539062,22869782
2023-12-11,156.08727748197498,159.45711866275286,155.45237036403125,157.5035858154297,22941648
2023-12-12,158.6757151619874,159.01758939916635,156.2826402145568,157.06405639648438,16306341
2023-12-13,156.47801150829443,160.09204506682656,155.69659522162573,159.0664520263672,16804086
2023-12-14,159.31062860031918,160.53158677504794,158.82224533042768,160.18971252441406,13887946
2023-12-15,162.1432347603242,166.24565097220056,161.41065990447936,165.12237548828125,39766631
2023-12-18,167.75966624866243,170.29926541122586,165.513100051668,168.68759155273438,35901409
2023-12-19,168.882940787718,170.3480907016807,167.12477281438336,169.0294647216797,14732129
2023-12-20,169.7131948656387,172.20395264883842,162.28976282635244,163.3642120361328,24511237
2023-12-21,161.1664712039413,167.8573276368448,160.23854601725824,166.68519592285156,22646625
2023-12-22,167.95499434231024,171.17832672802948,165.46423682133295,170.73878479003906,19640046
2023-12-26,173.8644316740431,180.2134137295559,173.8644316740431,177.72265625,52736391
2023-12-27,179.72503661643714,180.60412050774272,174.93888671173076,176.01332092285156,26206240
2023-12-28,177.28314424934482,179.969252495547,176.5994105857122,178.45526123046875,20453485
2023-12-29,178.69942155900625,180.89714610240438,176.8924125436652,179.92037963867188,19305150
2024-01-01,180.5064603404384,182.65534375672135,180.16458608827477,180.65296936035156,18008785
2024-01-02,181.6785871475002,181.87393748615852,175.57379591270515,177.91802978515625,22790965
2024-01-03,178.11338806152344,180.40878053346117,176.40404658263847,178.11338806152344,18738690
2024-01-04,178.25989608837784,183.29023787929887,178.25989608837784,182.5576629638672,25403124
2024-01-05,183.3390716234239,184.26699683049696,179.77387981046328,181.62973022460938,22023938
2024-01-08,182.4111748810089,183.143749880531,178.94365023574886,179.33436584472656,11472441
2024-01-09,180.60411593606253,182.36229857844233,179.9203823818797,180.35992431640625,11550790
2024-01-10,180.11575572560923,181.67858825293612,177.8203631499251,181.2878875732422,8701594
2024-01-11,182.65535052503972,183.29024284055572,179.5297004487818,180.06692504882812,10942508
2024-01-12,181.04365709140816,181.19016608880068,178.8459327048863,179.23663330078125,8853157
2024-01-15,180.60413879142578,185.48797180259766,179.8227374330587,184.2670135498047,24570393
2024-01-16,184.51120766337522,185.8298485557042,180.7995064487581,182.4600067138672,16471601
2024-01-17,181.97159231467717,184.12047552026596,179.52967619371873,181.33668518066406,16350370
2024-01-18,181.33671109193278,184.6088851232885,175.81798583170334,183.8274688720703,24831623
2024-01-19,185.58566069958027,189.19969426919056,185.58566069958027,187.39268493652344,22303305
2024-01-23,190.71369423671234,190.9578859066697,180.11576979885143,182.7530517578125,26628471
2024-01-24,182.4599980077395,185.78099837949526,179.72504863461856,184.8530731201172,14742783
2024-01-25,186.31821034751832,187.53916847561476,183.92513539730408,185.2926025390625,12592882
2024-01-29,185.5856377782371,189.19967090148478,183.19256279826732,186.4647216796875,28919512
2024-01-30,187.53918812845058,187.8810624018533,182.6553551042722,183.53443908691406,20894159
2024-01-31,183.82745277727392,184.70655157202918,180.55529393668357,181.5808868408203,23757415
2024-02-01,183.33906052715938,184.0227940644486,177.3319527937473,179.1389617919922,27835431
2024-02-02,180.70181210926216,183.38792012710257,179.57853653623883,180.3111114501953,27710061
2024-02-05,182.65536065078166,182.65536065078166,174.64587722876837,177.3319854736328,23880364
2024-02-06,178.16219881073295,179.2854891978602,176.50169878658136,178.845947265625,12134363
2024-02-07,179.8715602543394,179.8715602543394,175.47611063189999,177.47848510742188,14192151
2024-02-08,177.96685557388852,182.753020427091,177.52731362417455,180.50645446777344,29094709
2024-02-09,181.87914658557028,182.07523970829808,173.05482141430272,177.12380981445312,21081134
2024-02-12,177.7120827596908,179.52597758878818,170.26042530511356,171.24090576171875,19640568
2024-02-13,171.33896763667977,173.44699473052125,168.39752613218744,173.15286254882812,13961795
2024-02-14,173.79017111353363,178.59451964794994,171.87823710334533,178.05526733398438,23449380
2024-02-15,179.42792858180897,182.66351717137485,179.0357423725655,182.32034301757812,17335763
2024-02-16,185.3107992436892,186.6834658463019,183.20277232661735,184.6244659423828,29843059
2024-02-19,186.24224730530716,188.74247529490893,184.6244606442996,185.065673828125,25343215
2024-02-20,185.40885616235283,187.71297620703567,182.6144809394388,186.9285888671875,17809897
2024-02-21,187.56591781644642,188.79151840991386,183.34984878272948,185.01666259765625,17870782
2024-02-22,186.04616050083615,192.17416315237887,185.0166530631882,190.9485626220703,31992371
2024-02-23,192.46833846346246,202.95947754739458,192.12516428033237,201.29266357421875,76179371
2024-02-26,201.635804503479,202.86140510211658,198.84144411515217,200.2631378173828,27013630
2024-02-27,199.57680692875581,204.92042261234323,199.13559370000917,201.3416748046875,28877205
2024-02-28,202.17507047482025,204.92041879051854,197.51778822958119,201.63580322265625,38996363
2024-02-29,201.43970153264092,201.88091473434926,195.85096606879893,201.09654235839844,24059731
2024-03-01,201.92993589769875,203.98895072727538,200.8023894192291,201.58677673339844,12949604
2024-03-04,203.89092615301436,208.79332887350495,202.32216625902487,205.50872802734375,34272251
2024-03-05,206.88138110612212,209.57770242385592,205.75383453944772,206.63626098632812,24964592
2024-03-06,207.66577196302592,209.28355879640938,201.58679588241424,206.3421173095703,26236957
2024-03-07,207.32260295730643,212.56817972357064,207.02845580912376,210.99940490722656,41484038
2024-03-11,212.22497528620215,212.22497528620215,207.7637865644377,208.40110778808594,22800967
2024-03-12,206.88138105002582,207.22455520202226,197.5668165003801,200.2631378173828,34719550
2024-03-13,200.11606725879855,201.58678794430386,184.52641901587572,186.58543395996094,41620003
2024-03-14,185.31080930272688,193.30171916923376,182.61448800334858,191.43881225585938,34622781
2024-03-15,192.90951586857452,192.90951586857452,175.60404304695268,185.16372680664062,88781999
2024-03-18,186.29129133713764,188.25225229858117,183.39887691119733,186.1932373046875,22999225
2024-03-19,186.29128288561324,188.69345696221257,180.94766750029368,181.78106689453125,27819341
2024-03-20,183.25180936383907,184.28131693663622,178.9377009151936,183.79107666015625,16235947
2024-03-21,186.29128651470353,193.64488992975762,186.29128651470353,193.00758361816406,43152810
2024-03-22,193.35198843267898,195.76273541281446,189.66206498930725,194.33596801757812,31321524
2024-03-26,193.84397566307246,197.28790416470065,192.81079410971665,196.2055206298828,25723863
2024-03-27,196.79590671214595,200.68262286684362,194.8279476450245,196.2547149658203,37817130
2024-03-28,197.28790154468922,199.20665868153336,195.81193220644965,198.27188110351562,17425093
2024-04-01,201.71578283512773,209.34162340572402,200.4858085495477,207.7180633544922,45840349
2024-04-02,210.32562117770786,219.0830328490804,209.19405074201828,217.45947265625,93873385
2024-04-03,218.14825469142028,221.83817785945627,215.34392209231441,217.9514617919922,47658754
2024-04-04,219.9194223741498,220.31300817579645,214.7535299022738,216.77069091796875,18279026
2024-04-05,216.8199026850415,222.3793812095455,215.2455293787083,220.90341186523438,25365958
2024-04-08,221.93657160328968,222.08416251748497,218.5418454477818,219.96861267089844,16422350
2024-04-09,221.19859647888694,225.23290345450116,217.65626424310963,224.4949188232422,29048035
2024-04-10,225.3313220414959,229.11964940033,222.8713731109119,225.0853271484375,37218693
2024-04-12,227.59444926761995,231.62875599479722,226.85646468180687,229.7592010498047,57174716
2024-04-15,226.31527932305514,234.1871151255962,222.37936142178464,230.69398498535156,51676313
2024-04-16,228.77524440697889,233.1539503830839,226.3152955423877,229.71002197265625,32508661
2024-04-18,231.8255899424112,233.5967411358911,225.52811176065677,227.44686889648438,18623078
2024-04-19,224.88852101278363,230.74319612043496,222.08417339108664,229.5624237060547,27227241
2024-04-22,232.21916539199424,232.3667563134158,228.57844419168183,229.5624237060547,17549094
2024-04-23,230.49720761237427,232.31757577001014,228.03725875845353,230.59561157226562,19202860
2024-04-24,231.48117675136058,235.3186907852876,230.34960633514345,232.71115112304688,33392337
2024-04-25,232.61276110494828,236.2042954940662,231.67798352932508,233.79354858398438,16197834
2024-04-26,234.67911468626056,237.77864415751458,234.08872097062368,235.1219024658203,20473627
2024-04-29,236.3026715585429,236.3518735365431,231.08759220590287,231.62876892089844,19876408
2024-04-30,232.5143539217236,233.49833340085544,229.46401153068072,230.0052032470703,14514418
2024-05-02,230.93997954198827,233.59672111888736,227.05326362260487,230.9891815185547,19171145
2024-05-03,233.30156336033397,234.18713897256274,227.44687287455048,230.34962463378906,15782582
2024-05-06,231.33359944816075,232.0715841146083,226.3152977105828,228.1356658935547,32422021
2024-05-07,228.77522883822635,232.02236412137793,221.83817050929696,223.75692749023438,26418769
2024-05-08,223.56015975227425,228.92284551267937,221.00182182793907,227.88967895507812,18952985
2024-05-09,230.74320516737347,234.38392651043063,221.69059628307727,222.576171875,35229412
2024-05-10,224.24891778941617,224.83931148394842,219.57501525309777,223.4617462158203,18478580
2024-05-13,224.74090256672497,225.03609940747174,217.45946057142484,221.14938354492188,32874369
2024-05-14,222.13337067150368,228.18483855117256,222.13337067150368,227.25006103515625,23191411
2024-05-15,228.0864626349342,230.74320441639213,225.87250864799654,229.11964416503906,33045920
2024-05-16,230.98918521271293,236.155077533764,223.8553339122138,234.08871459960938,55556781
2024-05-17,237.13904488709142,245.65046103186933,234.0395156588239,244.22369384765625,82231249
2024-05-21,278.4662208862688,278.4662208862688,266.7076529045134,269.75799560546875,127035921
2024-05-22,272.5623389850753,279.94218570849796,260.0657865219437,279.0566101074219,85801218
2024-05-23,281.7133153904184,288.60117180611246,278.66300300069065,283.8780822753906,70631009
2024-05-24,283.3860676787851,295.09541655283454,281.4181088754602,292.4386901855469,63609206
2024-05-27,296.9158267293967,298.3426090764337,285.0096682682332,289.7327880859375,49890427
2024-05-28,290.96274595361206,291.0119329164322,280.48334040722654,284.4684753417969,33893805
2024-05-29,280.82774287705496,289.2407856067589,280.4341570833739,287.4696044921875,31645904
2024-05-30,288.3059795449799,291.5530997263394,285.0096423737999,285.9936218261719,42769599
2024-05-31,289.48680647489334,292.4387452355673,281.71334371551285,291.2087707519531,51397345
2024-06-03,317.82539146827526,317.82539146827526,304.3448597567587,313.5450744628906,67256146
2024-06-04,307.0016212948326,307.0016212948326,226.36449973003474,251.4559783935547,268052657
2024-06-05,260.26255519625784,260.26255519625784,226.3152653880503,256.1790466308594,193487058
2024-06-06,262.72253337055145,276.99023649367126,262.72253337055145,269.2659912109375,95502477
2024-06-07,269.6104008901822,279.9913732925502,264.3953212056005,278.66302490234375,60109827
2024-06-10,284.27165873464963,287.32200105293185,276.59663099196393,278.8597717285156,42363741
2024-06-11,282.4021007438313,285.8460288016829,280.7785406651494,281.61492919921875,32269277
2024-06-12,283.28771641015646,288.30601829752044,281.46734817285034,285.8460693359375,33990756
2024-06-13,289.1915804834062,298.14580029332984,282.45131463605685,296.0794372558594,49511492
2024-06-14,300.1137336688821,305.5256206694685,296.66980557759985,304.6400451660156,67366844
2024-06-18,307.9855966620434,315.8574329984535,307.24761200550495,313.1514892578125,64859245
2024-06-19,314.7750689463477,314.7750689463477,299.2282032327693,304.3448791503906,58698689
2024-06-20,304.83683529858655,308.32998052027824,297.40780212867696,306.9031982421875,39505506
2024-06-21,307.6903853997005,308.9695466706269,299.2281561412042,300.0645446777344,37620968
2024-06-24,299.9169780479276,306.90323939953447,292.68475181845116,304.7876892089844,39139609
2024-06-25,305.919191107069,309.9043257158006,304.24644413523254,304.7384338378906,29124110
2024-06-26,305.0336727678284,306.50964215218886,300.95016347683264,301.93414306640625,24238007
2024-06-27,301.1961383812668,303.21328439452793,296.37464471813445,299.62176513671875,39996580
2024-06-28,301.09776309839117,304.8368736352019,297.89982933999323,300.9993591308594,24256902
2024-07-01,305.96846412595136,307.49362047202305,300.9501622341132,302.7213134765625,39495237
2024-07-02,304.049671071161,304.049671071161,298.14579396298313,301.1961364746094,23974162
2024-07-03,302.08173150819135,310.39637098299704,300.85175703136645,309.4615783691406,44919849
2024-07-04,312.31508662162867,313.3974700750318,308.034769800113,312.2658996582031,35591681
2024-07-05,312.56105819654766,321.56446392527283,309.46152901500875,318.8585205078125,63125211
2024-07-08,323.1880947697401,330.42032042947284,320.38374705031674,329.23956298828125,70983243
2024-07-09,332.5850868939758,333.91346528819224,323.4340891181255,329.43634033203125,52225572
2024-07-10,334.5530242110381,335.045013952525,318.9569434001718,328.5015563964844,46779965
2024-07-11,330.1251220703125,332.78187873033494,327.6651733216514,330.1251220703125,31919433
2024-07-12,331.50269044349835,332.093084154396,322.84368277923755,327.7635803222656,24517961
2024-07-15,330.6171013549197,330.6662883168675,325.69720401332864,326.0907897949219,22021426
2024-07-16,327.9111876236458,329.04275810933564,319.3013664932425,320.9249267578125,26585927
2024-07-18,321.2692788274086,321.4660867217719,307.29675913033867,308.5267333984375,48043715
2024-07-19,304.93527695887997,311.82313427011684,300.11378284674913,301.3929443359375,43313606
2024-07-22,301.09772465697284,309.65835825182575,292.5370910621199,307.2967834472656,39386992
2024-07-23,311.921537482509,311.921537482509,276.59667536325315,296.62066650390625,76513131
2024-07-24,297.65378098141724,301.5896987464608,294.50503475791464,295.292236328125,24099148
2024-07-25,293.17673785662305,298.5394087330449,288.69961259795,296.62066650390625,27820556
2024-07-26,298.93299064746907,305.52566598288513,297.1618393778786,304.9352722167969,24512844
2024-07-29,307.78877015057793,320.3837255452554,305.87002817668065,316.2018127441406,51391698
2024-07-30,319.9901359822914,321.31848424521183,312.5118859969194,313.0038757324219,41111245
2024-07-31,314.7750212384837,315.46381886755387,310.3963306866429,310.9866943359375,25709971
2024-08-01,312.61030605223846,312.61030605223846,303.11487964499673,306.16522216796875,28141436
2024-08-02,300.4089158328719,303.7544700054009,296.8666138150623,298.0965881347656,26155604
2024-08-05,285.20645084509323,292.68470070378265,280.4341444858285,285.60003662109375,50390560
2024-08-06,287.3220042734171,297.7521926260629,281.76252629235387,282.6481018066406,39171936
2024-08-07,290.765939893589,296.1778270997303,285.1572447775742,295.3906555175781,22199473
2024-08-08,296.177837004106,297.8506142079568,292.38950982738885,293.4718933105469,21963656
2024-08-09,297.6537633463907,300.1137118037988,295.8333954821751,297.35858154296875,15551076
2024-08-12,294.2098966462558,298.7853957221434,293.47191195567154,296.5714416503906,15361379
2024-08-13,297.1618035533529,297.80138421089583,290.66753296665144,291.405517578125,14746085
2024-08-14,292.1948495686581,293.082823860793,286.7683032044892,289.777587890625,16641055
2024-08-16,292.5401566267218,299.8413214615087,292.0468342715334,299.24932861328125,21353408
2024-08-19,300.72931823275735,301.46930182103677,297.07875059658437,298.1147155761719,12232725
2024-08-20,298.1147041304614,300.43332530671853,293.82279346122095,299.1013488769531,14183642
2024-08-21,298.9533780531444,302.6532960983565,298.50937584371485,301.3213195800781,11862616
2024-08-22,302.3079687573493,302.801291170501,299.4467047830716,300.433349609375,13074829
2024-08-23,301.419977175644,305.07057486792866,300.03868051991776,301.9132995605469,21891698
2024-08-26,304.57726299639717,304.77457389116375,301.71596897718763,302.6039733886719,15280637
2024-08-27,302.5052959892033,303.34395007536733,295.5987825196325,296.88140869140625,16873099
2024-08-28,297.02940751565166,300.43334414853064,295.50012010668286,295.9441223144531,14005947
2024-08-29,295.3521267566245,297.0294048497931,288.19895196014545,292.24420166015625,19185385
2024-08-30,292.8361529903347,298.11470848313735,290.41889139214135,295.3027648925781,28684991
2024-09-02,297.91741944463536,297.91741944463536,291.1095460071836,292.9348449707031,11713172
2024-09-03,295.99340084960363,297.325377175428,292.78680567373294,293.18145751953125,13971488
2024-09-04,293.18147988948425,297.86804242719097,291.35618108963894,294.95745849609375,17937646
2024-09-05,295.00677330596204,295.50009566934995,286.1269707649799,286.7189636230469,26342723
2024-09-06,286.4722905951829,286.4722905951829,278.2831216355769,279.81243896484375,30062372
2024-09-09,278.2337970675809,280.70040874371193,272.0672678772533,277.789794921875,29170063
2024-09-10,278.7271507977396,284.49902879201323,278.529809797419,281.9337463378906,19982334
2024-09-11,282.624425795,286.5710051456859,280.5524656138877,284.2030334472656,21650737
2024-09-12,287.0149568913482,288.59359454161176,285.14033785478904,287.8042907714844,16102095
2024-09-13,289.0868909456839,290.0735356246794,285.7323050591004,286.07763671875,12330463
2024-09-16,287.01495935095,288.2976156259098,284.54834741065304,286.5216369628906,9184637
2024-09-17,286.6203227757322,286.96565448782553,280.10846088343806,280.50311279296875,15946216
2024-09-18,281.0951197215297,282.1804351093373,276.65521777050867,279.072509765625,10450571
2024-09-19,280.20711844020377,281.04577252795974,263.532827625447,269.05804443359375,44560220
2024-09-20,270.3406690320036,275.6685448084427,269.20603355989294,273.64593505859375,38501362
2024-09-23,276.2605593702826,282.8710919420761,274.9285827941736,282.4764099121094,19445968
2024-09-24,282.47637750463576,289.48156119270556,280.7497492066612,287.9029235839844,25346532
2024-09-25,290.07357384153494,291.06021865051974,283.8083732824794,285.97900390625,19263084
2024-09-26,286.71900131819825,288.00162758763156,285.18968372463075,286.6203308105469,18343882
2024-09-27,288.44562946141485,290.91224159960035,285.3377041893034,289.53094482421875,208588855
2024-09-30,289.530940388497,290.665575932677,279.8124826909342,281.2924499511719,32695169
2024-10-01,281.292411267048,282.7723783237564,278.77644920463956,280.15777587890625,13883476
2024-10-03,271.376657947439,282.4764126735024,271.376657947439,274.9779357910156,27321529
2024-10-04,274.97792254779733,278.13516789625885,269.8966776521302,273.4979553222656,17451235
2024-10-07,273.6952476756934,275.1752148009513,261.46085879556307,263.77947998046875,21704629
2024-10-08,263.43415869271297,277.7405081348266,262.00351170449784,276.5072021484375,29190708
2024-10-09,278.23385758945926,282.7724300827791,274.78060049171773,278.6285095214844,18984175
2024-10-10,280.1578057698494,285.7323429228818,279.615133058486,283.0683898925781,19155691
2024-10-11,283.3643823064533,284.7949991181663,280.35509777352485,282.08172607421875,9677338
2024-10-14,282.2790818275773,285.33768671360326,280.84843483104606,281.8844299316406,11386559
2024-10-15,283.3150623184596,285.5843635367668,281.93376555210506,284.99237060546875,14701531
2024-10-16,284.3016916130087,287.16295549606156,280.94710533253266,281.8844299316406,11835439
2024-10-17,282.2297230069943,284.05502184439314,277.93784236690533,280.749755859375,11695551
2024-10-18,279.1218228519102,283.9563766089188,274.0899280803252,283.3150634765625,10095514
2024-10-21,282.47636393344095,283.6110294198886,277.34582958909664,278.52978515625,8393942
2024-10-22,278.23384430384027,278.3818350075316,267.0354193710275,268.0220642089844,15240897
2024-10-23,267.38075521607504,271.0313532169042,262.74351236205,265.0621337890625,13503954
2024-10-24,265.4074529018803,269.50202282613407,264.7661397997699,267.72607421875,10700271
2024-10-25,267.38073106601985,272.31395488642613,254.01170655672232,268.71270751953125,40406841
2024-10-28,273.00463252193845,274.2379385414448,263.82881767080477,266.44342041015625,24479817
2024-10-29,267.5780764408826,280.70043997386455,267.2327447458022,279.8617858886719,34271117
2024-10-30,279.6644856154948,290.8135600112784,278.28315878273406,284.69635009765625,40787587
2024-10-31,284.10440827315057,284.5977307184174,279.9604876889045,281.0951232910156,18720310
2024-11-01,282.82175414820654,286.3736818049998,282.1804409861497,284.7950439453125,5265231
2024-11-04,285.14033564718477,285.14033564718477,276.55651419096506,280.3551025390625,15157659
2024-11-05,278.72716816810447,283.36441097455173,273.44861223566204,282.5257568359375,18761867
2024-11-06,283.66036731698375,300.2359871718511,283.36438593422156,297.8187255859375,52804364
2024-11-07,296.98005815765276,297.96670286914,292.1455050933668,296.3387451171875,24357284
2024-11-08,296.33878111867443,300.43335114678445,291.8002088724516,293.77349853515625,22935845
2024-11-11,293.52684472778424,299.74269527801505,290.4682396514756,295.7467956542969,20155408
2024-11-12,295.99342002506404,296.83207407046996,283.46301986666657,286.27496337890625,14292965
2024-11-13,284.15366509029536,284.9923190821811,275.71786520192956,277.789794921875,20001842
2024-11-14,278.2338410001119,280.65113286840784,271.82064962954195,277.1978759765625,20541591
2024-11-18,279.2204822403163,282.8710800945295,273.5472745622887,274.3365783691406,12999925
2024-11-19,276.26054004956313,281.39110498020165,273.30060569188925,275.2738952636719,13160982
2024-11-21,274.7312662914815,274.7312662914815,266.64076660219325,271.7713317871094,14858108
2024-11-22,272.31400908388264,279.71384628724905,271.8206866036582,277.0992431640625,13268900
2024-11-25,286.12699633862144,295.0067996732683,284.10438651195597,288.44561767578125,49366681
2024-11-26,290.07356959478005,296.9800831565605,289.2349154974191,293.9214782714844,27347402
2024-11-27,294.85878940479097,303.8372626470817,293.4774927775174,303.2452697753906,39464505
2024-11-28,303.8865766174366,305.36654371135273,300.2853293775757,301.6666259765625,27772319
2024-11-29,301.6172954068495,306.45184839197265,300.9266320761148,303.8865661621094,23241947
2024-12-02,303.68924378946315,305.2678814207356,299.2493423883891,302.80126953125,15549685
2024-12-03,304.8732492849979,308.57316735884496,303.6892634573627,307.9318542480469,21405136
2024-12-04,311.77970805940106,316.5649406133264,307.0438258037666,308.6717834472656,41441172
2024-12-05,309.80648226351354,311.18777902867345,306.45189580240765,310.2998046875,17911694
2024-12-06,310.29979807333166,311.6317746117058,308.91850133761466,309.559814453125,8359798
2024-12-09,309.41179277184364,312.86504932039094,309.06646109498735,310.3984375,11830104
2024-12-10,313.30900311107416,314.0489866140384,309.80642657437886,310.64508056640625,15811501
2024-12-11,310.69442460268374,312.27306221884066,308.819805606626,309.9051208496094,9281006
2024-12-12,309.3624706152446,311.7797624631561,307.93185369526475,308.7705078125,10978047
2024-12-13,308.81981508851356,312.1250811122614,304.0345818998047,311.4344177246094,15557064
2024-12-16,311.582399311701,313.1117167367982,309.8064508096616,311.9770812988281,10543307
2024-12-17,311.3357473597776,314.39435219069,305.8598808910543,306.4518737792969,18053073
2024-12-18,306.0572265383874,306.4518784332061,297.6213955003411,299.74267578125,16598070
2024-12-19,291.06020162253327,296.43742756091893,291.06020162253327,294.5134582519531,13349532
2024-12-20,294.02014128636335,298.0653908629762,285.4856700529052,286.96563720703125,14964305
2024-12-23,290.07358307877826,291.3562093272991,284.1537140363542,290.4189147949219,10201072
2024-12-24,292.2935191654974,293.3788344569746,287.60695641094514,288.5442810058594,10685518
2024-12-26,289.08690738060153,292.04684158586366,288.59358501305786,291.2575378417969,9172485
2024-12-27,291.8988963284155,292.1948777510048,287.45899432950097,288.1496276855469,9495184
2024-12-30,288.1496282363282,288.5936304810734,279.07251330942677,281.0951232910156,25876258
2024-12-31,280.70042298832004,290.0735478332727,280.4537618081897,289.2348937988281,15725947
2025-01-01,289.2349309154305,290.6655779877798,286.37366688074314,289.97491455078125,6954271
2025-01-02,290.51756003772954,293.8227958776528,287.4589552764494,292.8361511230469,13361957
2025-01-03,292.5401861974629,293.28016980504503,287.60696214691546,288.05096435546875,8167968
2025-01-06,288.6429046220777,288.6429046220777,276.80316782497306,278.3818054199219,12638091
2025-01-07,278.3817899927646,284.35100836317844,277.296474824507,283.1670227050781,13247733
2025-01-08,283.1670422495901,283.1670422495901,276.35919952064336,278.3324890136719,10996122
2025-01-09,277.4938659667969,280.30580983059605,275.8659079751273,277.4938659667969,12715512
2025-01-10,276.260540388607,277.24718517570915,266.3940925175853,267.3807373046875,15317565
2025-01-13,261.4608714931383,265.3087801836769,254.8503393019494,256.13299560546875,19429753
2025-01-14,259.48759718785993,267.3807560376808,257.71164849065485,266.2954406738281,18938129
2025-01-15,268.3673972237835,268.5647382363348,262.7435095761924,264.2728271484375,11376064
2025-01-16,269.74867148880264,274.33656360295765,267.77538196787503,272.4619445800781,17234302
2025-01-17,271.77130377420974,280.108433702833,270.3899770598747,278.3818054199219,12741720
2025-01-20,279.4178104344948,283.95635228079664,276.9511985136748,281.9830627441406,10483849
2025-01-21,281.98306776372897,283.06838305021125,274.5339116742534,275.2738952636719,13020489
2025-01-22,275.2738813448143,275.5698627216121,262.7434811535741,266.7394104003906,21272549
2025-01-23,265.21010657963853,273.2512856779982,263.5328285085154,270.2913513183594,11978782
2025-01-24,270.29135200463537,273.0046251745267,265.2101072530131,266.5420837402344,10164897
2025-01-27,263.4341623467767,263.4341623467767,258.3035973282288,259.4382629394531,13710372
2025-01-28,259.9809262773305,262.15155706065275,249.325158546044,254.80104064941406,29049716
2025-01-29,255.54100091255776,264.42080403307136,255.54100091255776,263.6315002441406,14361301
2025-01-30,265.2594741950421,276.7538806863964,264.3221495426523,275.0272521972656,46735932
2025-01-31,280.10846527828227,290.27092524070645,277.8391941803683,288.7416076660156,50252116
2025-02-01,291.997515304229,295.59876249020135,265.7034095744425,278.0364685058594,61832253
2025-02-03,274.1392450161092,274.1392450161092,259.7835460886172,270.4886474609375,41786023
2025-02-04,272.31395883677504,282.18040662071616,272.2152883369338,280.700439453125,29035155
2025-02-05,281.8350879503778,287.9029475959063,281.1937748367872,285.0910339355469,18818511
2025-02-06,285.09099826958425,286.07764297014,275.27387145505196,276.01385498046875,16834939
2025-02-07,277.0005430763262,278.5298305577653,269.45271595662274,273.3499450683594,26682639
2025-02-10,275.17523080309866,278.4311767340126,268.36738765302033,269.79803466796875,21789085
2025-02-11,270.14330336833655,270.3406443498207,259.24089161647953,261.5101623535156,23839025
2025-02-12,261.4115533000847,262.200857100598,250.60778063424985,255.68899536132812,27997028
2025-02-13,255.68900420730844,261.95420496192156,255.14636158943316,258.05694580078125,18016813
2025-02-14,258.69827761921357,260.9675486065712,244.88523541679098,247.00653076171875,25683310
2025-02-17,245.625215779157,246.66119581257072,239.36003043852048,245.1812286376953,24947159
2025-02-18,245.67455941963203,246.41454303234175,237.3374137274367,241.3333282470703,21180375
2025-02-19,237.48540656947134,250.60778576418775,237.04141940884293,250.0157928466797,21516255
2025-02-20,248.6345024878422,257.4649859495697,246.90787399834332,256.7743225097656,18922988
2025-02-21,256.03433495573404,258.9942694638928,251.00244026986195,252.67974853515625,16594628
2025-02-24,247.64783608531206,254.9983516306525,247.154513702672,252.9263916015625,15409569
2025-02-25,252.92640019615868,255.0970006875281,251.93975539735175,253.22238159179688,14770656
2025-02-27,253.66636775062503,254.94899386394283,248.5358030773382,249.07846069335938,11087361
2025-02-28,246.6611755680917,247.59848502424975,240.2479850033213,242.9612579345703,17754591
2025-03-03,244.19459798348524,255.44234314132842,241.09653378702632,253.95252990722656,24644079
2025-03-04,250.49922518557503,262.94081559904714,249.12778963887206,261.1747131347656,24998454
2025-03-05,261.46085359300287,272.1166046388278,259.8131436445983,271.2483825683594,28499877
2025-03-06,272.52115968409294,277.2471968440163,268.1996505171076,269.3047180175781,22586087
2025-03-07,272.1166312139894,275.99416826729987,270.3406825695804,273.2907409667969,25542382
2025-03-10,274.8792447555823,279.6842000694687,267.923380914014,268.6929626464844,20986855
2025-03-11,269.8041763707704,276.30248114148384,266.9270347514657,274.9928894042969,20980143
2025-03-12,276.5802245769067,278.1874367703465,271.95699168703294,274.6455993652344,15308721
2025-03-13,280.7669500750436,283.54484418415734,277.2152118729071,277.8600769042969,38015489
2025-03-17,278.7826945169963,281.1439193361923,274.536468210157,277.72113037109375,13883681
2025-03-18,277.72113037109375,277.72113037109375,277.72113037109375,277.72113037109375,0
2025-03-19,283.74326319201236,290.67809759334756,282.51305733387323,287.7117004394531,21095205
2025-03-20,292.4837395498496,295.4303053742539,288.80302253392284,294.7060546875,27889890
2025-03-21,298.6249073348683,298.6249073348683,290.4400053896435,293.4064025878906,41751586
2025-03-24,294.55726670966175,302.4941416915416,294.0116186653676,299.71624755859375,29935092
2025-03-25,301.6012424701591,302.09729714527447,296.2934513910695,297.6625671386719,19364944
2025-03-26,298.6943481060123,303.0893849486624,296.13468920939107,297.1764221191406,23869923
2025-03-27,294.6564862568375,299.61703316351833,294.28941063002725,298.2776794433594,14453677
2025-03-28,301.60122848137075,304.1608571644653,296.71013687801616,298.9423828125,20850848
2025-04-01,299.6170160999037,303.3870194235638,287.7117042018943,289.6959228515625,33171384
2025-04-02,287.6125124845601,288.45581154011865,272.2844402351665,280.17169189453125,52653587
2025-04-03,280.7669230850883,285.9754967465608,280.370085432902,285.2314147949219,20968721
2025-04-04,284.8345700681542,285.7274623325893,276.1039905530401,277.79058837890625,19699594
2025-04-07,254.9720856694907,272.3339981178023,254.17841035399118,269.95294189453125,24954083
2025-04-08,280.2212963558332,285.7274911049586,274.4174506374088,279.22918701171875,26787606
2025-04-09,278.7827522030337,280.5685370815237,274.4174767292313,277.939453125,11389916
2025-04-11,280.76694100363216,284.7353783323054,280.4196966820184,282.75115966796875,13883110
2025-04-15,287.6125040210562,291.8289688979957,285.2810409160993,291.3825378417969,19512440
2025-04-16,291.1840776930125,293.0194859416621,289.00142513622285,291.2832946777344,12479078
2025-04-17,290.68801604719033,294.259615473773,288.8526078427325,292.821044921875,13609937
2025-04-21,295.1525110690441,299.22016517610643,292.8210482035644,297.58319091796875,14064356
2025-04-22,298.624896971109,302.34530681709464,297.38476035578054,300.95635986328125,11962358
2025-04-23,303.18861817459975,307.8515138729347,299.41858454370174,303.4366455078125,21918666
2025-04-24,302.5933531379796,306.16495286971724,301.0555957491358,303.287841796875,17241517
2025-04-25,304.37912707415745,305.37123639353445,291.38251921173753,295.2517395019531,20307004
2025-04-28,293.66436685201637,305.4208686749267,293.51555650525034,302.6429443359375,29913417
2025-04-29,304.13109843269496,316.92933281888276,303.3870164463712,314.5978698730469,57882724
2025-04-30,316.48285025818495,317.921420779158,310.13335712340637,311.62152099609375,24863436
2025-05-02,308.3475798841215,315.2427521118331,308.1491761763161,308.69482421875,15451259
2025-05-05,311.47274932367014,314.3994538038169,310.7286672949722,312.81207275390625,10955241
2025-05-06,313.15928341679864,316.780476178404,306.76019682412465,308.0499267578125,17029890
2025-05-07,302.59334961987673,312.71287702934956,302.59334961987673,307.5043029785156,19274367
2025-05-08,308.0499209066627,311.22468260481514,302.39488609331977,304.7263488769531,17110997
2025-05-09,302.593335138848,319.2607591931639,302.593335138848,313.35772705078125,44244945
2025-05-12,322.4355212143501,322.4355212143501,313.7049715198707,320.25286865234375,39927141
2025-05-13,321.1458026755016,335.0849266705545,320.2528800558485,333.1007080078125,57985762
2025-05-14,336.3250822583202,343.269847968669,331.86059001595316,341.63287353515625,43684324
2025-05-15,343.7659111853109,348.23040353836694,338.1108754273961,347.6351318359375,35959338
2025-05-16,348.82563230097537,368.22135680318405,346.84141372164873,361.028564453125,68855818
2025-05-19,369.9575861391922,370.552857829615,359.68924787891996,360.8797912597656,52003735
2025-05-20,366.48520093822043,368.0725820103317,355.6712146919243,360.92938232421875,67088831
2025-05-21,364.0049084300885,380.87076710071415,361.12779741810135,379.9778747558594,88688170
2025-05-22,379.9778876502587,383.69829777738266,376.0094501813265,380.3747253417969,43486783
2025-05-23,386.0793363345486,386.82341832553516,378.0928684086688,380.77154541015625,37666187
2025-05-26,381.8628693156297,382.75576164383926,375.51337575452743,381.515625,26722908
2025-05-27,381.46602492385057,385.7320827927839,380.4243222720889,382.3589172363281,16859142
2025-05-28,382.4085633281068,390.39503153209415,381.06920964233683,387.3691101074219,27549144
2025-05-29,388.46038292783305,389.00606120696335,382.50772714892554,383.74786376953125,18562683
2025-05-30,383.7478688973991,386.92263079928205,380.62273062706726,381.56524658203125,23144580
2025-06-02,381.962109375,386.17857421875,380.72197265625,384.4423828125,11943152
2025-06-03,384.4423570781174,388.7084149943394,382.45813846094,382.9541931152344,18630318
2025-06-04,383.946314143069,388.2123721895045,381.069203115698,387.5179138183594,20648850
2025-06-05,390.59345350703256,391.5855628323979,386.4265822297887,390.39501953125,20746844
2025-06-06,391.73437411967495,393.7185927751862,386.12896247321027,387.61712646484375,17366507
2025-06-09,390.89105928691595,392.18078924999617,388.70840674364035,389.3533020019531,13744521
2025-06-10,393.3713593446415,398.6791504504223,391.5855746159558,394.2642517089844,26456073
2025-06-11,395.107534540827,395.107534540827,387.5179043394652,389.79974365234375,18042738
2025-06-12,389.70052385328023,392.62725842094926,382.5573550057477,384.3431396484375,15555771
2025-06-13,376.65429921068466,394.61148404995964,376.5054888672777,391.0895080566406,35564550
2025-06-16,393.0240766773944,401.3081950407595,391.0894817894909,400.663330078125,32061745
2025-06-17,402.59795623517454,404.28455421623414,397.3397888677344,398.5799255371094,24371681
2025-06-18,398.4807023776465,401.80427465545995,395.3555640745699,397.33978271484375,18879759
2025-06-19,397.83583127496325,400.61372521804424,390.34541813348807,395.4051513671875,18220823
2025-06-20,395.85164420413446,406.76484742780735,394.6115074741716,405.0286560058594,122552435
2025-06-23,407.75695021719395,419.06699095618444,405.82232483903005,417.5788269042969,43017721
2025-06-24,423.0354426383612,423.1346596338416,411.72540151944725,415.1977844238281,33807025
2025-06-25,416.98356719959605,417.0827841945921,401.8043055452632,402.84600830078125,29028317
2025-06-26,405.7231245099769,410.6340475503591,403.6396888518871,406.8640441894531,25730795
2025-06-27,407.2608718411914,413.5111483848048,406.2687625309814,411.22930908203125,41398277
2025-06-30,413.36233607862556,419.66223622386565,410.9812798007951,418.174072265625,20350621
2025-07-01,421.4480371929882,432.55967395577284,420.75357881829814,428.8392639160156,35405785
2025-07-02,427.6487091852915,429.3353071357022,419.26540361872327,423.5810852050781,22843521
2025-07-03,424.32516730109614,427.30149525426697,420.7039440699861,422.8865966796875,13499244
2025-07-04,426.60701052779746,428.98806685678386,422.3905458888599,424.17633056640625,16618426
2025-07-07,424.0771449883108,424.0771449883108,412.8662913993505,413.8088073730469,22221724
2025-07-08,414.70169819474785,420.00948914326506,412.96550687455453,418.6701354980469,15970711
2025-07-09,420.6047687062589,420.6543620627735,413.2135419791159,414.3544616699219,14956297
2025-07-10,415.14816649098225,416.18986918992545,407.2608851071857,410.2372131347656,17914452
2025-07-11,407.75691037136903,409.93956287822635,401.90347172796174,406.0703125,15186245
2025-07-14,402.3003055279451,407.11204150145124,401.9530612310746,404.0860900878906,17844425
2025-07-15,405.2766831979227,409.64195843037874,404.58219451869707,405.72314453125,11971127
2025-07-16,406.1695456890163,407.06243801316805,402.30032543317645,402.9451904296875,9173824
2025-07-17,402.9451845609661,405.47508143211815,399.869639687661,401.0105895996094,7922270
2025-07-18,401.0602010928656,403.7389084242327,391.0398906935702,391.6351623535156,21172393
2025-07-21,391.48636769326123,397.78626831628156,388.0139848606898,396.7941589355469,12980473
2025-07-22,399.82006401650534,401.5066620052003,396.59570866153354,399.9192810058594,12447434
2025-07-23,400.3161240480796,401.7050710873152,393.4705755658094,397.04217529296875,10413255
2025-07-24,397.5382239346563,398.7287369744533,392.875297934322,395.1075439453125,6767566
2025-07-25,395.8516380108779,397.5382360479501,390.3950364844122,392.0816345214844,9202508
2025-07-28,392.0816209989964,393.2225406780078,380.27549570022234,386.1785583496094,19856033
2025-07-29,386.92262314245613,387.66670511003775,375.0173116611498,385.1864318847656,25307639
2025-07-30,387.8651549803505,389.30369534392156,381.96209235148166,383.45025634765625,11335944
2025-07-31,376.0094029348653,385.1864134286582,375.81096897564237,380.0770568847656,9702316
2025-08-01,380.0770715136157,380.4739091705643,373.2315235317423,374.2236328125,8702605
2025-08-04,376.00945445645965,387.17068496473183,373.4795876519615,386.4761962890625,13454379
2025-08-05,386.9226630965875,387.17069044472635,380.3251416914496,383.5990905761719,13482710
2025-08-06,388.90686993967745,390.39503398281397,384.0455401207865,386.6250305175781,16852693
2025-08-07,382.95420781325555,387.2202658932116,380.4739344465894,384.6903991699219,11520396
2025-08-08,382.25970493278646,384.34314053859885,380.5731372722895,381.56524658203125,7139111
2025-08-11,380.9699750429961,385.33524995167573,378.5392951227676,380.8707580566406,8910936
2025-08-12,380.9699783580749,382.30933199359475,376.5550797794138,377.3487854003906,9329093
2025-08-13,379.1842169628049,386.8234410190346,379.0849999694979,385.78173828125,10930440
2025-08-14,385.6822730687998,385.83142863417856,380.41187709832144,382.7487487792969,8046552
2025-08-18,385.83144275939543,387.5716618955525,378.97001337766454,380.3621826171875,11778056
2025-08-19,380.3621917909198,381.555497080442,375.39013699626724,377.9258728027344,11111204
2025-08-20,381.75433716417723,382.1520954534448,369.0258898255405,369.7716979980469,20289349
2025-08-21,370.91527629009346,375.29067830561416,369.42365989750596,372.10858154296875,12680853
2025-08-22,371.71079416107784,377.826445669144,371.5119301829295,372.75494384765625,15246732
2025-08-25,375.738151767814,377.92583746469256,369.42363669964254,369.9705505371094,8577673
2025-08-26,369.92085783213173,369.97056623873425,362.2141732939623,363.80523681640625,15718869
2025-08-28,362.01527021861335,365.69460262859633,359.18122347653144,361.81640625,12218065
2025-08-29,360.275064574407,368.92645172675054,359.5789951378473,367.33538818359375,12739664
2025-09-01,367.88233672292273,373.1527025278823,365.4957262066261,371.81024169921875,8821349
2025-09-02,375.19121712072905,376.83201936886144,371.6610705956819,374.4951477050781,12169182
2025-09-03,375.63873252693435,379.06946240820946,374.992371485437,376.58343505859375,9919255
2025-09-04,379.3677584040085,379.3677584040085,369.9208548526636,370.4180603027344,9288078
2025-09-05,371.9096967714739,373.4013132023755,366.4404365248346,368.7275695800781,7325669
2025-09-08,369.57280840546497,372.40688556662957,368.77729181675784,369.8214111328125,6897641
2025-09-09,369.82141603082044,371.90968503759996,367.8325941856996,369.87115478515625,10598912
2025-09-10,371.6113620279412,386.82583651826076,370.96497067131645,385.8811340332031,23174318
2025-09-11,387.4224855325338,390.3062710197102,381.903486931564,382.9973449707031,19042696
2025-09-12,383.8426147382252,397.6152120359294,383.14651495611236,397.0682678222656,26356961
2025-09-15,397.76434716740664,400.8470269273563,393.4883925741616,396.2230224609375,18486916
2025-09-16,396.2230523539146,401.0459211495708,393.9856277322958,400.6481628417969,12467341
2025-09-17,403.2336141266324,414.32128943210535,402.73640868381284,409.89617919921875,31367478
2025-09-18,412.6805411833569,412.6805411833569,405.91855891241096,407.6090393066406,12000897
2025-09-19,406.7140406609978,411.13918111506246,405.9682325179764,406.6145935058594,16150731
2025-09-22,407.5095614373578,409.10062489505157,403.0844512843788,404.1285705566406,10884230
2025-09-23,404.1285972721155,405.4213496937683,400.05150637569454,402.18951416015625,11906108
2025-09-24,402.189505333258,402.6867107890554,392.7923100798836,393.23980712890625,10835672
2025-09-25,393.23981310575414,404.17833329954965,390.2565803256281,400.8967590332031,23804019
2025-09-26,401.39397118740845,403.87999854561986,392.19566996202633,393.6872863769531,11687034
2025-09-29,398.75877997448714,405.8688120018865,396.81966653655417,397.71466064453125,23390892
2025-09-30,402.7364105557349,404.12857973269803,399.6040223208149,401.6922912597656,14681751
2025-10-01,399.7531783325646,406.71405457218634,397.11799553982445,404.22802734375,13156495
2025-10-03,404.5263485188481,411.4872249313446,402.83586816973525,410.3436584472656,16002501
2025-10-06,410.393393756744,412.58107954553054,405.2224448977711,410.9403076171875,14684188
2025-10-07,410.9402991585538,413.2274320604379,406.8135000458437,408.00677490234375,11933246
2025-10-08,408.1062249525611,409.69728845284834,400.8470375629538,401.3939514160156,8668516
2025-10-09,401.4436878209362,407.7084642795984,400.7475880601906,407.0621032714844,9035150
2025-10-10,406.7140547949573,413.1777255924321,406.06769378461223,411.18890380859375,13813014
2025-10-13,410.64199330959315,410.69170171579015,404.0788752999383,407.11181640625,7858503
2025-10-14,407.708468847991,411.8352680120499,399.3554233605078,400.15093994140625,10789648
2025-10-15,400.74759016949633,407.9570691489724,400.74759016949633,405.819091796875,10892830
2025-10-16,406.8134914377868,410.39337662556153,406.7637526862693,409.4983825683594,11479498
2025-10-17,408.0565094113286,417.6525683041526,407.3604096586837,410.4927978515625,19566580
2025-10-20,414.172119140625,415.21623839461216,410.19447573951453,414.172119140625,10580573
2025-10-21,415.8129146979951,416.8073256050079,414.2715899309303,415.3654479980469,2915071
2025-10-23,419.14419677973757,420.1386076855021,415.66375860956185,416.31011962890625,21980966
2025-10-24,419.6413926688684,421.3319033089458,417.5531237449527,419.69110107421875,18720794
2025-10-27,422.6246036445406,422.6246036445406,412.28273706005274,412.82965087890625,12158324
2025-10-28,414.4704523792608,414.4704523792608,408.5537257125103,411.2386169433594,12247991
2025-10-29,411.2386182799948,412.5810790732889,404.5760834140735,404.92413330078125,14498733
2025-10-30,405.5207702577559,408.3548475135985,402.0403319586191,407.6090393066406,11172780
2025-10-31,411.4872035028686,424.8620417663239,405.86878818905325,423.7184753417969,51342361
2025-11-03,425.60788227946875,428.59111509918466,414.07270930716453,419.9397277832031,27222212
2025-11-04,417.6525494840166,420.03912941166607,412.1832899074402,412.82965087890625,12831686
2025-11-06,408.70288337372733,412.68052700753486,405.17273678752815,406.5151672363281,12786294
2025-11-07,405.7196246039529,413.6749113608932,403.03470318468135,411.9346923828125,10141248
2025-11-10,413.62523886826466,418.0503493027928,411.68612541410306,414.52020263671875,9288444
2025-11-11,414.8185089200637,425.50842630262815,414.8185089200637,424.9117736816406,24889361
2025-11-12,425.7570286508718,427.0000422988931,419.44251324952074,422.37603759765625,15221773
2025-11-13,420.78495682607763,422.82351733355375,416.6581577530571,417.45367431640625,9091428
2025-11-14,416.4592685614959,426.30396064935616,416.359851750113,424.46429443359375,14719899
2025-11-17,425.55814526948774,427.099469983943,420.03914671573744,422.1771240234375,12996079
2025-11-18,422.1771401426069,427.04977788430585,417.9508937706931,418.54754638671875,13340937
2025-11-19,417.6525896890106,421.87883613229224,412.730243457442,420.834716796875,9661756
2025-11-20,422.62462498730235,424.8123410672178,419.8402866556025,420.63580322265625,10463382
2025-11-21,419.14418974566877,420.98385595986235,413.1777244112108,414.0229797363281,8395038
2025-11-24,411.6861249612484,413.0285857859595,398.7587828730933,401.5431213378906,23696864
2025-11-25,404.2280209835966,410.09503908099185,403.7308155457324,407.9570617675781,14107503
2025-11-26,407.9570882092508,414.17215658538197,406.2168690639341,412.9788513183594,8339381
2025-11-27,412.9788491642838,414.9676710342722,409.69730521760835,410.7414245605469,5251173
2025-11-28,411.6860938567281,412.9291074251361,406.3659897145397,409.44866943359375,6690232
2025-12-01,413.5754774797031,416.8570515804613,411.18889744543185,414.9179382324219,9650320
2025-12-02,415.71347923551787,416.31013186591707,408.7028942826141,410.7414245605469,11215451
2025-12-03,409.69728678756246,410.39338654955003,401.1453470619148,401.6922912597656,12294040
2025-12-04,403.5319288713866,407.21126132004287,399.50457688724595,404.8743896484375,10865110
2025-12-05,406.7140624387108,408.40457312554963,403.08446868439376,404.62579345703125,11774958
2025-12-08,404.178344819902,404.178344819902,382.8482176952199,384.2403869628906,25593778
2025-12-09,382.8979136101939,388.81467073849797,378.423064458472,387.2733459472656,19270896
2025-12-10,387.8202413437346,389.2621492516377,383.5939951239631,385.18505859375,8372979
2025-12-11,383.8426121471774,387.820255796371,382.99735680232124,385.334228515625,7666925
2025-12-12,385.8314379706834,391.8973506679756,385.8314379706834,387.2733459472656,12661065
2025-12-15,386.8755294535111,390.206811873856,385.8314101987364,388.5660400390625,9087687
2025-12-16,388.5660815484745,389.0135786180461,382.59961580492785,385.8314514160156,8700626
2025-12-17,385.8314348619479,386.22919315838243,382.84820211817,383.4448547363281,6612962
2025-12-18,381.90350704839005,384.63813711677903,378.3236519637461,381.306884765625,7510229
2025-12-19,381.3565794258314,391.30068840694827,381.3565794258314,390.6543273925781,11595429
2025-12-22,390.8034882979109,397.0682649028128,390.70404113733844,396.7202453613281,9321669
2025-12-23,396.7699358145179,400.2503738479786,393.538100497733,397.1676940917969,7734965
2025-12-24,396.76993240356444,401.3939368245797,395.37776327155063,397.76434326171875,8097208
2025-12-26,400.7475797711622,405.2721370813869,394.9302701244366,396.2230224609375,13284184
2025-12-29,398.7587470014006,401.19506569919093,390.25654645476345,391.05206298828125,15690096
2025-12-30,393.587803254129,394.7811084158529,387.37273542642356,391.1017761230469,37726382
2025-12-31,393.68727514205665,399.05708801314887,393.48841116728306,397.3666076660156,9409818
2026-01-01,397.66491969622643,398.51017504520087,392.3945539741718,395.47723388671875,6084786
2026-01-02,397.4163207897227,403.3330779424446,396.7202513492345,400.8967590332031,10950368
2026-01-05,400.5984321241579,416.2604036032752,400.5486933715726,411.4872131347656,26097635
2026-01-06,412.3822317972524,413.37664274410184,407.90738253643013,410.7911682128906,9927677
2026-01-07,410.7911381889684,413.9235263732011,407.2609613774585,413.3268737792969,8279218
2026-01-08,413.3766125312123,420.58609136894376,411.7358103112228,413.3268737792969,22238704
2026-01-09,414.6693477037973,422.17713790351434,413.52578123157065,416.31011962890625,22963210
2026-01-12,417.1553754918649,417.4536866251637,408.3051244888536,415.3654479980469,14594852
2026-01-13,417.40399142173555,419.98946593115375,407.1118321391941,411.3878173828125,13393010
2026-01-14,408.7029033426613,418.4481185828291,408.7029033426613,415.2660217285156,17676239
2026-01-15,415.2660217285156,415.2660217285156,415.2660217285156,415.2660217285156,0
2026-01-16,414.2218381458624,414.91793789767695,404.07886542163965,407.9570617675781,18888193
2026-01-19,407.70845953500617,412.5810667624856,405.4213266569071,410.4927978515625,8012134
2026-01-20,411.58666067529464,413.0782770080248,403.7308207256511,407.0621032714844,32732305
2026-01-21,404.2280241033164,407.21125675352533,394.781120710988,400.3995361328125,19150437
2026-01-22,403.7308204731197,415.96206225505233,403.7308204731197,414.9676513671875,19763144
2026-01-23,416.6581699202649,416.6581699202649,406.21685539959003,408.4045715332031,12715222
2026-01-27,414.1224190581764,416.9067573560971,409.29952026801783,413.6252136230469,15482165
2026-01-28,415.66375799789597,454.94298871779284,414.9676582260801,450.4681396484375,71986647
2026-01-29,451.7111620221819,453.4016727310206,435.8005872453962,442.0156555175781,42412510
2026-01-30,444.35253159609937,449.42403342512193,436.8447108417874,446.4905090332031,36684903
2026-02-02,429.58548984048224,438.8832374145337,417.9011622811635,436.64581298828125,43652893
2026-02-03,457.429010741047,457.429010741047,432.81734114139283,436.4966735839844,26696516
2026-02-04,434.35865939047756,440.92177725496515,431.37542675634785,436.7452697753906,12400181
2026-02-05,436.54638125598905,436.54638125598905,425.7570170165924,430.48046875,14345511
2026-02-06,430.57990921224587,430.9776674931551,423.1715360488887,427.2486267089844,11078888
2026-02-09,429.5854999558252,437.1430287096356,427.09947275700677,434.8558654785156,12162696
2026-02-10,435.55196523298946,438.8335089966251,431.12682468028794,434.8558654785156,10878065
2026-02-11,436.24805844182873,436.24805844182873,431.9223651113867,435.1044616699219,8274702
2026-02-12,434.55754694767495,442.4631254439944,432.17096694688405,441.4189758300781,16140306
2026-02-13,441.4189988256017,443.7061621368923,430.3810316065381,433.11566162109375,14086068
2026-02-16,430.6296253729841,436.14862404116235,426.701720551122,435.5519714355469,8156650
2026-02-17,439.52960969940614,446.83853574910404,437.8390990617575,444.3525085449219,17963084
2026-02-18,447.48488674413784,450.9653247521478,443.65639886592464,445.19775390625,14341134
2026-02-19,445.1977588851793,446.73908359573124,430.5301985445293,432.9167785644531,9791516
2026-02-20,432.5687358043798,442.9106029588063,431.276013790206,438.6843566894531,9533724
2026-02-23,440.3251470036851,442.81117432495034,433.2648536889026,437.2922058105469,12915631
2026-02-24,434.55755206437163,435.05475750151624,427.9447258197509,432.6184387207031,12223376
2026-02-25,432.56874131555014,438.535206713006,431.12683337236,436.8446960449219,9469190
2026-02-26,438.1374379578767,447.3854469642441,437.5407853629794,446.5401916503906,13738213
2026-02-27,446.0927350078478,446.4904932977306,439.2313058795791,442.21453857421875,22732811
2026-03-02,439.62906652062566,454.1474717815863,439.2313082286156,451.412841796875,35034174
2026-03-04,457.4290055695177,458.274260888342,442.0156369035883,444.3525085449219,35193505
2026-03-05,446.2916018430224,465.28485619017204,443.35810788267736,457.42901611328125,38023711
2026-03-06,461.37367338602763,472.8081629796919,459.72591636203305,467.81494140625,28154230
2026-03-09,469.3628248727434,469.3628248727434,449.38993870794576,456.72998046875,21898419
2026-03-10,464.36958923873874,465.16849247060304,452.9351000659266,462.7218322753906,19398151
2026-03-11,462.8716251648443,469.1630719571855,452.6355212642194,453.484375,16015126
2026-03-12,451.3872331217367,454.3831660849341,447.89197799800644,452.93511962890625,14089623
2026-03-13,451.2873442781618,451.7866664184289,433.0620861584128,438.8042907714844,19502809
2026-03-16,431.31446482161357,437.20646006559326,421.67755347219696,428.917724609375,22324389
2026-03-17,431.8637246789886,440.4520409788001,429.71661512783135,438.7543640136719,14421128
2026-03-18,444.8461118082401,447.1429814880484,439.9028103751766,441.9999694824219,13700203
2026-03-19,435.5087753371483,438.404837645488,427.81920221302113,430.2159423828125,12237975
2026-03-20,431.6140751429234,438.35492411314317,424.1242429537904,425.5223388671875,17599734
2026-03-23,420.0297911009727,421.1782259300223,403.4522899246686,404.95025634765625,18894757
2026-03-24,411.94078445010706,416.8840860539908,408.19586822783333,413.8881530761719,14642804
2026-03-25,415.7356077086464,421.427892379131,411.9906916033816,412.8894958496094,15134997
2026-03-27,411.34156377723303,412.88948066286406,402.7032970407261,404.2012634277344,21818224
2026-03-30,399.45772932610197,412.6897666100291,398.80861661118826,400.1068420410156,22694742
2026-04-01,414.4373891123022,429.616794831717,412.0905688859432,418.13238525390625,25301241
2026-04-02,416.4346725140353,423.0257309800021,406.9475516773846,421.0284423828125,19686517
2026-04-06,421.4278804568256,427.4696660785803,419.4305919238549,426.5708923339844,12327836
2026-04-07,423.4251652322168,428.41838652033255,420.0797008739384,427.2200012207031,11417162
2026-04-08,439.40348740306126,439.40348740306126,428.2186591695922,432.5128479003906,20054221
2026-04-09,424.4238354117441,442.69901425193206,423.92451325243616,439.1538391113281,19917307
2026-04-10,443.4979462329217,446.8434107822526,439.8529005796771,441.8501892089844,10833065
2026-04-13,434.41027741934147,444.8960427363601,433.41163310343495,440.9513854980469,15149734
2026-04-15,446.893330785941,448.5910383112526,444.1969789460239,447.0431213378906,9915383
2026-04-16,449.2401324848322,456.38043294441087,448.2914082346191,455.0322570800781,12197884
2026-04-17,457.37908971818445,463.12129444717914,453.83391464120035,462.1226501464844,14128030
2026-04-20,461.37366682767515,463.7704070536168,455.38180102471836,456.9296875,9914017
2026-04-21,456.8797748350226,461.17393320583113,448.8407002770417,450.8879089355469,13492130
2026-04-22,450.18883395127864,451.2374287419903,444.0971281604044,448.0917053222656,11538028
2026-04-23,451.08762379040303,455.0822008247171,443.89737293815597,449.3399963378906,15021500
2026-04-24,449.3899368417641,450.5883221971577,438.15518842072,443.84747314453125,11651499
2026-04-27,444.3967107151517,447.6922246940179,432.36305916604374,435.00946044921875,18502535
2026-04-28,435.00945017737297,440.4021231410015,432.9622111378202,435.15924072265625,10883746
2026-04-29,436.4574649755619,442.1996695144127,434.65991748431645,436.956787109375,9507163
2026-04-30,435.8583134814188,435.8583134814188,423.9245020002352,430.71527099609375,15795581
2026-05-01,430.71527099609375,430.71527099609375,430.71527099609375,430.71527099609375,0
2026-05-04,432.4129770698985,438.0053911826717,428.0189482942214,432.96221923828125,10764998
2026-05-05,432.9123027563425,435.90823564738986,428.7179845183941,432.76251220703125,11671943
2026-05-06,436.40754121230975,439.05394240359664,434.5600432377948,437.6059265136719,9748728
2026-05-07,439.3036196943305,440.4021345151195,432.9123022954746,438.854248046875,15696400
2026-05-08,438.40484915072017,443.1983296161,437.20646379627243,439.1039123535156,11164661
2026-05-11,437.4061961244125,438.55463095506894,430.415686140689,431.3644104003906,7631226
2026-05-12,429.61677177029014,431.9136413720762,414.93668899444543,415.9353332519531,15199825
2026-05-13,416.0352035769296,431.4143190400613,415.18634986320717,427.6694030761719,13230827
2026-05-14,430.4156948802983,434.56006264527355,423.8745868817644,428.26861572265625,9807792
2026-05-15,428.26861564477605,428.9177283468002,421.627637121842,423.0756530761719,7593616
2026-05-18,423.2753956360961,427.2200223631989,414.0379357959335,426.02166748046875,10452161
2026-05-19,427.8192105623125,430.31582130377814,418.7315413681365,422.3766174316406,13350029
2026-05-20,415.7356180170917,419.4306141897217,406.44823803623035,412.73968505859375,28012723
2026-05-21,419.43059599219407,425.52233217208357,417.483227463177,419.8300476074219,19789651
2026-05-22,420.8786413317477,420.8786413317477,414.8867756896844,415.9852600097656,9175611
2026-05-25,418.7315454227762,421.9771394181091,416.7342568102637,421.2781066894531,8862027
2026-05-26,422.92587167057115,424.97308034649876,418.2821816541993,419.5304870605469,12315435
2026-05-27,421.4278921921968,421.4278921921968,415.53589695110145,418.5318298339844,10871894
2026-05-28,418.5318298339844,418.5318298339844,418.5318298339844,418.5318298339844,0
2026-05-29,412.73967652353423,418.53183174257776,409.34429200269096,410.1931457519531,26559872
2026-06-01,411.7909918946751,413.1391678233812,404.20128895918725,406.6479797363281,16453240
2026-06-02,405.24984949833356,409.044716168526,399.7573057839706,407.2970886230469,15004796
2026-06-03,407.4468629754008,408.3955872242812,402.5535121378489,406.04876708984375,6626958
2026-06-04,404.45094825986143,410.99205634370526,403.4523039431704,409.34429931640625,9119774
2026-06-05,409.54402447815625,411.441442511,404.55080308845965,407.6466064453125,11084641
2026-06-08,398.4590673526883,414.9366979574987,398.4590673526883,412.3901672363281,12017495
2026-06-09,416.4346649035769,416.4346649035769,409.44415494116674,411.4913635253906,10996007
2026-06-10,412.4401072640354,414.687057000946,406.54811182693334,407.7964172363281,5371511
2026-06-11,406.7977494860193,406.7977494860193,401.20533547869206,401.75457763671875,6994969
2026-06-12,406.7977673362203,408.44552435880803,402.7532395794621,405.94891357421875,8086130
2026-06-15,411.44144164283307,411.94076378074914,405.4495759878404,408.9947509765625,11500111
2026-06-16,409.0447061154138,410.24306097428115,405.59937113423456,406.9974670410156,9701695
2026-06-17,406.4482371801279,421.8273535727834,405.59938341510014,419.28082275390625,24506595
2026-06-18,421.9272151143893,429.41704733535477,421.17823189229273,428.0189514160156,23598062
2026-06-19,427.3198722862395,431.01486823463534,423.974407923698,426.32122802734375,10829044
2026-06-22,427.51962407457137,432.11339387620086,425.5722555302943,430.9150085449219,9754708
2026-06-23,434.4102674211774,434.4102674211774,417.93263658796036,419.43060302734375,15566093
2026-06-24,419.6303585227573,421.97714831095186,412.24036611975794,412.9893493652344,9620759
2026-06-25,413.0392972960314,414.48731327588115,405.4495943605436,406.6479797363281,21994027
2026-06-26,406.6479797363281,406.6479797363281,406.6479797363281,406.6479797363281,0
2026-06-29,406.24848135259623,417.7328905850087,403.00288743908834,411.0419921875,26669735
2026-06-30,412.93940667245596,413.88813092179834,407.94618531003204,411.24169921875,14611849
2026-07-01,412.4401054130302,417.08379541989694,410.84226840093464,415.6856994628906,8844076
2026-07-02,415.6856900384534,417.7328986637762,411.74103286142014,414.4873046875,10736747
2026-07-03,418.0325185114173,423.92451390508063,416.53455203118733,417.4832458496094,12085695
2026-07-06,421.4278780432778,429.31716160808884,419.53046004306316,424.9730529785156,16516762
2026-07-07,424.9730740828543,425.32260568672115,415.4360331094067,418.5817565917969,7821978
2026-07-08,415.9353525248167,417.23357792924986,405.44958733511544,407.04742431640625,12837834
2026-07-09,408.59530487751834,410.44280290799,403.5022129067767,405.6493225097656,10893635
2026-07-10,407.84632967314747,414.88679033685116,407.6466190970842,414.28759765625,9273712
2026-07-13,411.3915378532554,412.34023166700905,408.04607330196296,410.2430725097656,6650781
2026-07-14,408.79505363412613,410.6924717243592,405.1500080046404,409.5440368652344,10652838
2026-07-15,408.44551474415954,413.738317292416,407.84632207472174,410.39288330078125,9115088
2026-07-16,411.691107690617,411.9407687625943,405.9489030351384,406.548095703125,5679241
2026-07-17,406.5481077372203,410.6425555340879,404.55081910228057,408.8949279785156,6678047
2026-07-20,407.9961007792163,408.94482501796926,405.5494406246604,407.5966491699219,5382967
2026-07-21,407.59666153099965,410.3928838332693,405.94890454506145,409.49407958984375,5242231
2026-07-22,409.4940919522253,409.99341411311144,405.4495946395302,406.1985778808594,6665967
2026-07-23,405.00018664996276,406.3983130611988,400.0569156143689,404.80047607421875,9947413
2026-07-24,403.6520245120481,405.54944252222776,400.4563506703318,404.450927734375,6176660
2026-07-27,407.4468762149598,407.89627834244385,404.05149167507625,406.5980224609375,9683515
2026-07-28,405.59936907499844,405.59936907499844,387.4739814503334,388.4726257324219,35317783
2026-07-29,390.3700617623735,390.4200122645027,381.6818743935533,387.02459716796875,32630643
2026-07-30,385.4766886215101,386.9746550280704,382.1811747175593,384.378173828125,16521484
2026-07-31,384.4780459528546,390.07045998922797,384.4780459528546,387.3241882324219,17114563
2026-08-03,389.4712680674532,391.7182176909193,387.47397951326116,391.61834716796875,9389415
2026-08-04,389.6710128988952,393.5657195221647,388.72228863595546,390.96923828125,10632551
2026-08-05,391.7182326683631,392.16763480072126,384.6778024361254,389.4712829589844,13854251
2026-08-06,389.12174220416085,400.3564904868973,388.1230979123621,398.6588134765625,17574744
2026-08-07,400.45635986328125,402.45364844115295,397.80995859284224,400.45635986328125,10798068
2026-08-10,401.4549987052577,405.10004421517647,398.70872694794565,403.80181884765625,7836426
2026-08-11,404.7006119983069,406.2484985088667,400.85582525854136,405.2998046875,6803132
2026-08-12,405.44957498801335,405.69923605635574,398.7586461659559,405.1499938964844,13125672
2026-08-13,405.70001220703125,412.0,402.8999938964844,410.5,13819369
2026-08-14,410.45001220703125,412.5,408.25,410.79998779296875,7388147
2026-08-17,411.0,413.95001220703125,409.1000061035156,412.45001220703125,7410599
2026-08-18,412.70001220703125,416.3500061035156,410.95001220703125,412.0,9120934
2026-08-19,412.0,412.75,406.3999938964844,409.20001220703125,10660149
2026-08-20,411.79998779296875,412.20001220703125,406.29998779296875,409.3999938964844,6984638
2026-08-21,413.45001220703125,415.95001220703125,408.6499938964844,414.0,13688811
2026-08-24,414.29998779296875,414.6000061035156,405.54998779296875,409.0,9480784
2026-08-25,407.0,413.25,405.95001220703125,413.25,9410099
2026-08-26,411.75,412.29998779296875,406.8999938964844,406.8999938964844,7631016
2026-08-27,410.79998779296875,412.8999938964844,408.0,411.0,9156009
2026-08-28,410.8500061035156,411.8999938964844,407.25,411.8999938964844,8025382
