Date,Open,High,Low,Close,Volume
2010-06-07,63.88377613082854,63.88377613082854,61.89368046056353,62.4957275390625,1269104
2010-06-08,62.713123553852974,63.18137950161225,60.95715609434509,61.04913330078125,2222048
2010-06-09,60.87353011754027,61.5257454909355,60.05407977129465,60.848445892333984,1509960
2010-06-10,61.17455718374513,61.61773398928439,60.229680512770734,61.358516693115234,1627448
2010-06-11,62.54588001142427,62.54588001142427,61.42540364892145,61.8100471496582,904312
2010-06-14,62.21139772837903,64.04262236424523,61.86020333338485,63.64125442504883,3838884
2010-06-15,64.04263928960222,65.45577184500432,62.92216285316628,64.31021118164062,4427544
2010-06-16,65.03765408868519,65.03765408868519,63.55762414608661,63.95899200439453,1505904
2010-06-17,63.959022251098816,65.2216443502834,62.71311956758019,64.49417114257812,1479160
2010-06-18,63.55765047647519,66.55952033188072,63.55765047647519,65.0962142944336,6824788
2010-06-21,65.22164683148543,65.68990276729436,64.27677014810966,64.92898559570312,3389428
2010-06-22,64.8871716399226,66.11634975227646,63.13120436616181,63.55765151977539,3639224
2010-06-23,63.13118459393241,63.87538205641543,61.91037167501489,62.33681869506836,3767840
2010-06-24,61.67625842506443,61.8769424419946,59.033947789254306,60.898616790771484,29461428
2010-06-25,60.589210760822546,60.67282822259768,59.393482078159046,59.95372009277344,7822984
2010-06-28,60.20462119006505,60.64779307532568,59.736365066697026,60.54745101928711,3441680
2010-06-29,60.20457821212526,61.040752909515895,59.719597908359766,60.3049201965332,4653972
2010-06-30,60.02063314801345,61.29162001348924,59.46875975686531,60.898616790771484,4196660
2010-07-01,60.87350480450316,61.124357159466776,59.978797051078764,60.773162841796875,2451500
2010-07-02,60.388556975794884,61.032412719382606,58.78310002273147,59.02559280395508,5959000
2010-07-05,58.69948757743433,59.9871991754193,58.69948757743433,59.41023635864258,1603712
2010-07-06,59.36844131681654,60.37185159259373,59.142672984044964,60.20461654663086,1845480
2010-07-07,60.204604876831596,60.455457397151726,59.368429809097826,59.56074905395508,2143340
2010-07-08,60.17114605738553,60.48889661438927,59.819956668877005,60.129337310791016,2582096
2010-07-09,60.204582231825825,60.99058854129471,60.07915601884286,60.4219856262207,4019368
2010-07-12,61.040789343815625,61.87696454030625,60.65615079487329,61.01570510864258,3859896
2010-07-13,61.54245419170789,61.54245419170789,59.56908406069841,60.34672546386719,3218068
2010-07-14,60.522307942232054,60.873502245136336,59.569072095610736,59.702857971191406,1972088
2010-07-15,60.11261430703042,60.11261430703042,59.58582004849746,59.811588287353516,1816936
2010-07-16,60.02061665226002,62.54586517050686,59.8032132800078,62.42879867553711,8399136
2010-07-19,61.87692852465132,63.549277944236486,61.30833074271344,63.264976501464844,4732324
2010-07-20,63.56600172521648,63.65797890078953,61.575906959608965,62.04416275024414,2098508
2010-07-21,62.378661852511,62.59606533495065,61.550846470129756,62.119449615478516,2262252
2010-07-22,61.818403924570994,62.50406830326787,61.801679407313785,62.01072311401367,2922484
2010-07-23,62.71308789111904,63.18134357259773,62.161214759118856,62.34516906738281,2691788
2010-07-26,62.40374554538796,62.788389146483446,61.87695626279115,62.53753662109375,853800
2010-07-27,62.71311926622428,63.783422147646505,62.20305460430168,63.632911682128906,3693356
2010-07-28,63.96739236501859,64.21824488409709,61.93548798120422,62.303401947021484,3258296
2010-07-29,63.54926609278603,66.19994044921918,62.65455829944302,63.2231559753418,15329908
2010-07-30,63.21481534220226,65.89057472176637,63.21481534220226,65.58955383300781,10248516
2010-08-02,66.31702375863117,66.86053739839977,65.25508580689127,65.69825744628906,2705800
2010-08-03,65.72334466606637,66.09126364965992,64.90389431563312,65.68989562988281,2129332
2010-08-04,65.59792344887559,68.23187448601973,65.22164472928357,67.52112579345703,7891700
2010-08-05,67.95595820692071,69.76209456245279,67.73018988657712,69.29383850097656,10054828
2010-08-06,69.29380023360382,69.90420675994926,68.62486045599664,68.9091567993164,3400668
2010-08-09,68.86739041535033,69.90424974973239,67.99777123182504,69.59486389160156,2971760
2010-08-10,69.49446945746162,69.70351310894429,68.69174387721002,69.04293823242188,1574052
2010-08-11,68.56633869963456,69.21019436424264,67.50439560393114,68.01446533203125,2172020
2010-08-12,66.05781756357354,67.56293239413597,66.05781756357354,67.12812042236328,1787124
2010-08-13,67.12811176120356,69.47776600569408,67.12811176120356,68.74192810058594,3584140
2010-08-16,68.91753767223491,69.48613559501065,66.48426560187018,67.11139678955078,2284780
2010-08-17,68.34894546223116,68.34894546223116,65.98256616670992,66.2835922241211,2298644
2010-08-18,66.28358113975136,68.90080739003508,65.70661845390202,68.42418670654297,2945340
2010-08-19,68.424188161207,69.05968412057557,67.56292907124288,67.91412353515625,1480288
2010-08-20,68.21514007078049,69.06803939884824,67.39568977660011,68.19005584716797,2230840
2010-08-23,68.40745245129948,68.92588180334316,67.76360199367038,68.41581726074219,1205292
2010-08-24,68.31548499715858,68.86735835471393,67.57128734191595,68.42418670654297,1441008
2010-08-25,68.39911166311752,69.36071286620536,67.43751046002969,68.4910888671875,4007504
2010-08-26,69.21853637695312,70.51460708203157,68.14823384767385,69.21853637695312,12596468
2010-08-27,69.21855828745007,69.21855828745007,66.89399304969452,67.45423126220703,2399616
2010-08-30,68.53289883795696,68.53289883795696,65.23837250206316,65.77352142333984,2679856
2010-08-31,65.72333824183325,66.39227807126666,63.290071653711536,63.975730895996094,5544012
2010-09-01,64.24334000688522,64.97081345626782,63.0141614342882,64.56945037841797,6853124
2010-09-02,65.89060075202144,67.79707904239893,64.63633804735097,67.54622650146484,5708704
2010-09-03,67.73016626880984,68.2904044673102,66.74348091672626,67.24518585205078,2794504
2010-09-06,67.39568618606076,68.23186095263719,66.96087428671986,67.87230682373047,2762144
2010-09-07,67.73015055034543,68.21513085455275,66.72674091256253,67.20336151123047,3199340
2010-09-08,66.75185397982905,68.02284109100323,66.57625925877531,67.85560607910156,3534212
2010-09-09,67.8890446757861,68.80047228823017,67.49604143757315,68.58306884765625,3217908
2010-09-13,69.19347153220176,69.36906621609769,68.23187041725272,68.65831756591797,1976264
2010-09-14,68.90081630236695,69.40252127544244,68.18170788240151,68.44927978515625,2007072
2010-09-15,68.23187903258986,71.02470553443527,63.1228518964699,70.70695495605469,6247968
2010-09-16,70.94105554113197,71.21699214010572,69.48610968675442,69.8205795288086,2061360
2010-09-17,69.82058957850002,70.74038177654013,69.77042113641276,70.11325073242188,2262320
2010-09-20,70.20523081577298,70.90761965569145,69.7202504756415,70.58987426757812,3099464
2010-09-21,70.74040368921405,71.91104866752255,69.56975871090555,71.62674713134766,6165932
2010-09-22,71.91106691582229,72.23717728397692,70.03803243378077,70.42267608642578,3836256
2010-09-23,69.40248371184524,70.90759781643948,67.07791961547053,68.8171615600586,2292356
2010-09-24,68.81718833476201,70.70694140433488,68.7419305588101,70.4811782836914,2952248
2010-09-27,70.48958205385168,71.24213986937322,69.49453134521835,69.8457260131836,2101788
2010-09-28,70.2219781517034,70.2219781517034,68.98444012532808,69.24365234375,2947612
2010-09-29,69.82058469834634,70.48952443198318,69.19345369806179,69.77041625976562,2207600
2010-09-30,70.22194688238228,71.39259140565383,68.83389898908806,70.36409759521484,3811708
2010-10-01,70.65678858364936,72.38767188091701,70.33904309949759,72.06156158447266,4598816
2010-10-04,71.91938394745975,73.83422605301752,71.87757521243539,72.86426544189453,6559352
2010-10-05,72.99806714071744,74.15198745624116,72.0113818014611,72.42110443115234,3818352
2010-10-06,72.91444855176063,73.51649547795515,72.0197404215166,72.53816986083984,2079820
2010-10-07,72.5799906714762,73.2154816359126,71.47623864054337,71.87760162353516,1702752
2010-10-08,71.91103134197238,72.74720612501856,71.40932647214467,72.43782043457031,1224764
2010-10-11,72.91445216147345,73.03151869033131,71.25882686017967,72.03646850585938,1154308
2010-10-12,72.07825382982648,72.63012704972655,71.49293158294854,71.85248565673828,1295540
2010-10-13,71.91103032014982,74.75402454210924,71.2755395355071,74.29412841796875,6806636
2010-10-14,74.50321001315903,76.17556040627147,72.99809465935783,73.39109802246094,3558520
2010-10-15,73.91784054529835,74.9546991735749,71.9110213449735,72.14514923095703,2227200
2010-10-18,72.07825885618111,74.88780379567596,71.09993344031234,74.66204071044922,4066656
2010-10-19,74.75404860746745,74.92128361553785,72.60507773304137,73.45797729492188,2721300
2010-10-20,72.74721753604044,74.37775861874479,70.9494414704946,71.25882720947266,3060488
2010-10-21,71.24210698082386,71.71036291953672,70.32231451980383,70.84074401855469,4760728
2010-10-22,71.32859850266568,71.63982100876272,69.51174002832992,70.12577056884766,3430336
2010-10-25,70.41178284545029,71.58096876007698,70.20991245338118,71.42115020751953,1424816
2010-10-26,71.32857300940334,71.74914242573237,70.68089508147584,71.16875457763672,1594576
2010-10-27,70.67248737065785,71.24446076322761,69.82293404980935,70.20144653320312,1776400
2010-10-28,69.83136798527089,70.65568326322743,67.12289910006606,69.04069519042969,5889116
2010-10-29,68.7294560844518,68.80516063749242,67.45933842453414,67.93037414550781,3416932
2010-11-01,68.15750689166245,68.80518508859303,67.29113456097117,68.60330963134766,2884776
2010-11-02,68.60332823690601,68.80520374890101,67.47620450767197,68.30892944335938,2741284
2010-11-03,67.79582205644587,69.04912156489809,67.79582205644587,68.31732940673828,3960364
2010-11-04,68.13227130109242,69.98277743519616,68.13227130109242,69.31827545166016,4074184
2010-11-08,68.63695170579084,69.81454646544901,68.13226823736589,68.24161529541016,1955936
2010-11-09,68.46872155584242,68.63694937293295,67.66963942466245,68.1070327758789,2139344
2010-11-10,67.49302223133337,69.11642011959555,67.49302223133337,68.13228607177734,2578936
2010-11-11,68.63695071295476,68.63695071295476,67.62758379070543,67.73693084716797,1192016
2010-11-12,67.45932242789033,68.3677511794404,67.29109469116243,67.70325469970703,1358532
2010-11-15,67.29110402988255,68.5359884276546,66.03780516376446,68.02289581298828,2747656
2010-11-16,68.46874098949755,68.55285492191709,64.81819426892714,66.00420379638672,3156624
2010-11-18,68.08179467714294,68.08179467714294,65.60884389225733,66.1892318725586,1931828
2010-11-19,65.9453235089937,66.19766530813526,61.85738841646329,63.421905517578125,2843744
2010-11-22,63.60692757079443,66.1051112454955,62.4209185868936,65.65089416503906,3014880
2010-11-23,65.8948549807996,67.03880237810539,64.64996470655244,66.61823272705078,4664804
2010-11-24,65.94531203109996,66.70233729676309,65.28081002212207,65.6929702758789,3555456
2010-11-25,65.27240302728046,66.95468145581862,63.49760133873524,64.89389038085938,5205576
2010-11-26,65.27240869950275,67.20702906044161,64.44809322466666,65.94532012939453,4427316
2010-11-29,66.29017623427536,66.92103061463165,64.80977334193507,66.20606231689453,2234448
2010-11-30,65.2723936665538,68.30049440366196,65.18827975718968,67.92198181152344,2527028
2010-12-01,68.46873420016473,69.6463291372683,68.42667723812532,69.15005493164062,2189460
2010-12-02,70.23509663062644,70.71454682003554,68.97338830792057,70.52949523925781,3386256
2010-12-03,70.65572240226416,71.91743173087602,70.35291421696067,71.27816772460938,3734464
2010-12-06,71.49682376207589,72.50619068577578,70.65568465899264,71.6902847290039,3319000
2010-12-07,70.86596147332484,73.80994800337395,70.86596147332484,73.33049774169922,5127824
2010-12-08,72.84264199359811,73.28003532796198,71.94262218006011,72.8510513305664,4011780
2010-12-09,72.84263442745859,73.26320391029611,70.57155922013598,71.56410217285156,3422196
2010-12-10,71.3286025196297,73.68379222546653,70.65569117510489,72.64077758789062,3147728
2010-12-13,72.51458871871444,74.1295765716498,72.01831980560365,73.62489318847656,4003740
2010-12-14,73.51556597755888,74.85297935725774,70.84074435206739,74.60904693603516,4051028
2010-12-15,73.87726476985978,75.70253810426625,73.70062756784594,75.4333724975586,4830808
2010-12-16,74.61748056721983,75.95489438233237,74.61748056721983,75.5343246459961,4709040
2010-12-20,72.89309783462076,76.10624958345174,72.89309783462076,75.55950927734375,2379776
2010-12-21,75.99689249146952,76.5268089220172,75.45856159236794,76.19035339355469,2879908
2010-12-22,76.12310587244592,76.20721980158675,74.55858884398931,75.96328735351562,1977360
2010-12-23,76.37543499719267,77.13246023394898,75.55111965506143,76.9810562133789,3424088
2010-12-24,75.92962317080044,77.04833708200037,75.87074241044142,76.55206298828125,2114260
2010-12-27,76.9978629793773,76.9978629793773,75.83708709950247,76.13990020751953,938476
2010-12-28,75.92123439185062,77.3932282294251,75.57636931775313,77.30070495605469,1948436
2010-12-29,77.36798117131997,77.5109758594806,76.35861414981832,76.93058776855469,2315432
2010-12-30,76.96423576733126,77.39321470001292,76.22403430804417,77.29228210449219,3912636
2010-12-31,76.71187981592465,77.3679672349377,76.41748115435038,76.75393676757812,1482424
2011-01-03,77.38478362556359,77.38478362556359,75.91279045877297,76.40065002441406,1763960
2011-01-04,76.54363962442368,78.04928030356476,76.02213248152034,77.57823944091797,2118248
2011-01-05,77.55300834121282,79.90819731469867,77.38478055739239,79.46239471435547,5206448
2011-01-06,79.79887772024487,80.9932964228427,79.74840628740179,80.36244201660156,3605056
2011-01-07,80.58113039929914,82.26340869573545,77.55302946571379,78.26799774169922,5623508
2011-01-10,78.4530541253986,79.84093380388812,77.21657847596303,78.20912170410156,2512036
2011-01-11,78.20913332023038,82.88587104210379,77.88950140388567,79.95870208740234,9608028
2011-01-12,80.24469468560044,81.59051765726669,78.52035900315305,80.1858139038086,5377136
2011-01-13,79.23529213612409,81.05215028440955,77.17450162939899,78.18386840820312,5567776
2011-01-14,77.88948204485409,80.74935503570187,77.78013498669105,79.16801452636719,3733116
2011-01-17,78.4110081132783,80.55591337041804,77.78856296548672,80.14375305175781,2836656
2011-01-18,80.41288753421715,83.27276010342571,80.41288753421715,82.2213363647461,4606684
2011-01-19,84.7195591997561,86.99904999504055,84.60179763324423,85.46817016601562,13229200
2011-01-20,84.45038380102957,86.46911807515778,83.3064364325863,85.93920135498047,9301052
2011-01-21,85.29153058838234,85.91397576458233,83.69336581404382,84.0382308959961,2748028
2011-01-24,86.14104093919792,86.56330094380182,84.84047806320145,85.82856750488281,4157024
2011-01-25,85.80328903273262,86.47890548180925,84.2409259942429,85.88774108886719,4004700
2011-01-27,85.80322877252026,86.81665273440042,85.0262693708373,85.38941192626953,4323848
2011-01-28,85.63436913798634,86.4788895436864,82.22250463714069,83.32038116455078,4540688
2011-01-31,81.85090480517583,83.38793271257182,80.73613702868298,82.88966369628906,3062924
2011-02-01,83.50617444727985,83.69196996246443,81.34420432843211,81.84246826171875,1960824
2011-02-02,83.835506287319,85.03472578769542,82.02823132081105,84.14797973632812,3296436
2011-02-03,84.13112001808052,84.92496607058587,82.13804885860365,82.94879150390625,3492820
2011-02-04,83.10075641788758,83.10075641788758,80.73610074745987,81.13302612304688,3796984
2011-02-07,81.58064459869544,82.24781756354498,79.08086707446519,80.68545532226562,2543044
2011-02-08,80.73613002500808,81.05704666574718,78.05899999640849,78.61638641357422,3292400
2011-02-09,77.54383810114442,78.87817885384501,76.26016649359963,78.15189361572266,3295320
2011-02-10,78.03366041767147,80.85435972835208,77.83942181767004,79.34266662597656,3084956
2011-02-11,76.34461021220214,80.11961575249693,76.34461021220214,79.30043029785156,3752584
2011-02-14,79.41868027827151,82.74608671524456,78.54037722384392,81.45397186279297,4540248
2011-02-15,81.41175390523907,82.75454319433133,79.78183081750537,81.58065795898438,3449144
2011-02-16,82.06205101338729,82.06205101338729,79.56226745397245,80.018310546875,2777548
2011-02-17,79.89160072641562,80.52499079559968,78.54036857882296,78.95418548583984,3841848
2011-02-18,79.25823586542975,79.38491391955671,76.26018858442522,77.2905044555664,10064364
2011-02-21,76.85134941038609,78.96265021836373,75.45789087712085,78.55728149414062,8976980
2011-02-22,77.86476586383321,78.43903859417642,76.69932896749562,77.69586181640625,4359160
2011-02-23,77.0962517981534,78.69239189747181,76.53042222826646,77.6367416381836,3250960
2011-02-24,77.3580396861417,78.28701177844252,71.8686591407277,74.46977996826172,16981564
2011-02-25,74.65559102365704,75.77035879835772,73.37191919686663,75.31431579589844,3191652
2011-02-28,75.55077069434981,78.03366200167441,73.47325318339475,74.7315902709961,2431036
2011-03-01,75.16228898111979,79.85781868037085,73.76038767542343,79.17375946044922,5109796
2011-03-03,77.72963221025356,78.54036944594343,76.53041263511685,77.77185821533203,3417636
2011-03-04,77.87319289038422,79.18219898707558,77.87319289038422,78.1772232055664,2473024
2011-03-07,77.27356867559314,77.94918457658194,75.54230292930937,76.32770538330078,3284216
2011-03-08,76.26865496562397,79.03868671687589,76.26865496562397,78.37151336669922,3639092
2011-03-09,77.99146163989704,79.30046830521205,77.62831888623451,78.45594787597656,1469756
2011-03-10,78.20258503815248,78.20258503815248,76.61488779830813,77.18071746826172,1916248
2011-03-11,76.36151291696518,77.35804566205266,75.58455334883966,76.83444213867188,1678540
2011-03-14,76.20950340683015,78.6839465131213,76.05748565019442,78.47281646728516,1579500
2011-03-15,76.68245776581581,77.69588231778695,75.08631203464375,76.9358139038086,3762616
2011-03-16,77.02024297566497,78.54037935018466,77.02024297566497,78.40525817871094,3145884
2011-03-17,77.69585289547724,78.66705105667072,76.46285555264838,77.33271026611328,4237992
2011-03-18,77.72964941197905,78.33769989603842,75.25520084314738,76.0574951171875,2974972
2011-03-21,76.23482742010265,76.95266947649807,75.77034138361148,76.16726684570312,1934844
2011-03-22,76.39529149866013,76.73309956215992,76.00681428745217,76.35306549072266,2459780
2011-03-23,76.31929418939077,77.32427017001481,76.04060354449645,76.7584457397461,3577348
2011-03-24,76.97803999559338,78.01679913138324,76.95270541268022,77.76344299316406,1647364
2011-03-25,77.71275956741181,80.87971071403088,77.71275956741181,79.59603881835938,4662664
2011-03-28,78.9964370266736,81.04017218692775,78.7092980406736,80.54190826416016,3615188
2011-03-29,80.90504765510559,81.58066391944885,80.06897046616359,81.0739517211914,3917004
2011-03-30,81.27665459544302,82.01983160100127,79.5876136034724,80.44902038574219,4872560
2011-03-31,80.40676223710005,81.91845538278473,78.50659188028287,80.7276840209961,6580500
2011-04-01,80.47434485271461,80.56724002782674,78.37148715495097,78.90353393554688,2213416
2011-04-04,79.04710323910246,82.57719720327341,79.04710323910246,81.95225524902344,3696084
2011-04-05,82.28162112071604,83.16836753618567,81.09929256675653,82.22250366210938,2153052
2011-04-06,82.2562815657075,83.89465309608195,81.74956935893722,83.05013275146484,5984004
2011-04-07,82.77142776163832,84.45202512341123,82.59408057069618,84.08888244628906,2383700
2011-04-08,84.11420672428,84.95872687211413,81.68198972942606,81.87622833251953,1993212
2011-04-11,81.75799730264353,83.50615512194607,81.08238115253953,82.98255157470703,2426640
2011-04-13,82.18026082981969,85.08541245845639,82.18026082981969,83.99597930908203,3776508
2011-04-15,84.28311735630155,84.42668682358848,80.92192793552584,81.52998352050781,4065600
2011-04-18,81.63131264675344,83.60749178717613,77.71274238702902,78.21100616455078,4171144
2011-04-19,78.54037895782356,81.04860499415929,78.54037895782356,80.49121856689453,2245856
2011-04-20,84.70536571249399,88.84351418698273,84.70536571249399,88.31146240234375,27525060
2011-04-21,88.3114702564185,89.18133015715317,87.29804605008721,87.66119384765625,7735960
2011-04-25,83.60029547364552,88.41573101011554,83.60029547364552,87.33903503417969,3222984
2011-04-26,86.82189091652296,87.8646733821825,86.26235339671575,87.57642364501953,2516028
2011-04-27,88.16139259347118,88.16139259347118,87.12708600483576,87.50011444091797,1562236
2011-04-28,87.66118739711561,88.83113775147888,86.48276124142353,86.86426544189453,3764672
2011-04-29,86.89819254641546,88.91593032756717,86.81341382197994,88.37334442138672,3163448
2011-05-02,88.67853989541588,89.33981804187007,88.05965110837634,88.25464630126953,3676200
2011-05-03,87.57641868220949,88.16139392616245,86.4573385315287,87.32208251953125,3105704
2011-05-04,86.49127039418914,86.94059667511702,83.99877340265174,84.54983520507812,3550544
2011-05-05,83.25270581092293,84.73633346030293,83.10010514474037,84.17679595947266,4233320
2011-05-06,84.21915975902961,85.20259057548155,84.10046751331114,84.83804321289062,2380036
2011-05-09,84.35482858488815,86.28778241605742,84.27004986269229,84.67698669433594,2342984
2011-05-10,85.19414812157629,86.25388224999432,84.23614432989994,85.30435943603516,1853720
2011-05-11,85.05002680589953,86.10128000061192,85.05002680589953,85.68586730957031,856392
2011-05-12,83.59181052409785,86.16908545386282,83.59181052409785,85.60954284667969,5628568
2011-05-13,84.97372143262506,86.81342093858346,84.76177460416172,85.5841293334961,2843012
2011-05-16,85.45695876211518,85.67738138754173,84.3717920666992,84.71090698242188,1220572
2011-05-17,85.11784519453697,86.07584381173027,84.45657213330072,85.30435943603516,1817940
2011-05-18,85.79608089161937,85.79608089161937,85.03307226708917,85.47392272949219,3189328
2011-05-19,85.62653366859217,86.37258560031282,85.40611099824882,85.94021606445312,3443972
2011-05-20,86.05040199270522,86.05040199270522,84.89741345451715,85.78759002685547,901068
2011-05-23,85.11781646092157,85.44845546716589,83.269641799754,83.70201110839844,874748
2011-05-24,83.09162297443525,83.82919888728787,81.7606011848361,83.2272720336914,2368548
2011-05-25,83.08315389337152,83.7189943568412,81.6419155095069,83.31205749511719,1819912
2011-05-26,83.09162729396077,85.05849477232135,82.84577209321743,84.65155792236328,3789232
2011-05-27,84.81263037258965,87.74597190463278,84.81263037258965,86.26234436035156,3230980
2011-05-30,86.28775741618183,87.32205856220317,85.51627333751208,86.27928161621094,1521540
2011-05-31,86.28778952084939,87.66120596840376,86.28778952084939,87.28817749023438,3966884
2011-06-01,86.7116746731362,87.49163994005646,86.3047378478464,87.22035217285156,1150796
2011-06-02,86.30476229854806,87.36449660967953,86.25389712140732,87.1016845703125,1230756
2011-06-03,86.82188416694247,87.7459742749938,86.2877792714694,86.87274932861328,1516668
2011-06-06,86.14366597897931,87.15253494157875,85.63499359605181,86.3895263671875,1141176
2011-06-07,85.46542508657095,87.3136053118713,85.46542508657095,86.77949523925781,1614776
2011-06-08,86.81342450878914,86.93211680740308,86.22844916837994,86.63539123535156,642400
2011-06-09,85.40609783265278,86.29627453059801,84.38875303500109,86.0843276977539,1814400
2011-06-10,85.45696056577896,86.2284449455379,84.96524496249945,85.26197052001953,720624
2011-06-13,84.94825448421146,85.79604145511178,84.18524621040117,84.83804321289062,1490548
2011-06-14,85.45694451350045,86.35559682053608,85.13478643217535,86.06735229492188,1209236
2011-06-15,85.6264896575857,86.37254120584463,84.4565445961704,84.64305877685547,1673208
2011-06-16,84.40570113247772,84.40570113247772,82.53209327783321,82.92207336425781,2491304
2011-06-17,82.75251589421545,83.64269255503103,80.53979312140991,81.37910461425781,3937452
2011-06-20,81.72667975775173,82.06579461151833,74.59679202710167,78.86116027832031,5147044
2011-06-21,79.52243027286082,79.52243027286082,76.63147832100691,78.85267639160156,5531680
2011-06-22,78.93746923765728,79.69200196434686,77.67426933248655,78.57292175292969,2097880
2011-06-23,78.21684485094673,80.38718318343905,77.85229739054819,79.80220794677734,2605116
2011-06-24,80.2345853110101,83.8715894136834,80.2345853110101,83.55790710449219,3968564
2011-06-27,82.44730764217155,84.18527145365178,82.43883183971346,83.14249420166016,1810108
2011-06-28,84.09202555465329,84.35483755160374,81.53170683728588,83.05772399902344,3530532
2011-06-29,83.71052014253068,84.08354345015609,82.09124329347253,82.87968444824219,2832376
2011-06-30,83.08314434743518,84.76176194323179,82.99836562871332,83.88854217529297,4528380
2011-07-01,84.0411473431699,85.37217433341358,83.93093603781475,84.13440704345703,1513268
2011-07-04,84.77872308799479,84.94828053417078,84.27852655198258,84.59220886230469,592820
2011-07-05,84.77873159766267,86.12671549985875,84.54135218408584,85.89781188964844,2149012
2011-07-06,85.99953069020734,86.88123139727573,85.11782998313895,85.35520935058594,1725576
2011-07-07,85.49936057410414,86.64387358129343,84.88895260203977,86.406494140625,2041216
2011-07-08,86.47431832632061,86.88973623905433,84.9567767486436,85.16024780273438,1521372
2011-07-11,85.45696631767808,86.03346069048001,83.25271917059511,83.62574768066406,1420352
2011-07-12,82.913577916833,83.82918694482191,81.8877576013561,83.345947265625,4389860
2011-07-13,83.43918899967865,84.23610559308916,83.08311746137662,83.90547180175781,1499404
2011-07-14,83.28661169839232,84.1004852927226,82.95597264004945,83.45616912841797,1657744
2011-07-15,84.42266127811688,84.60069972208912,83.13402350174825,84.3802719116211,2487108
2011-07-18,84.77870958183564,86.13516893514502,84.57523860904652,85.49932861328125,2608212
2011-07-19,85.79608508657451,86.47431500820751,85.51631627879763,86.12672424316406,1621760
2011-07-20,86.22844312559108,86.47430350928322,83.4222692677791,84.71090698242188,1685428
2011-07-21,83.93092797142187,86.08430940532999,83.64267827021202,85.35520935058594,2077948
2011-07-22,85.31281735293288,86.05039318657131,85.09239477022805,85.60954284667969,4319188
2011-07-25,85.11783406943358,88.04269988158045,85.04153115236724,87.59336853027344,3081688
2011-07-26,87.07620559747382,88.3394103683104,86.47427886341325,87.34750366210938,2071188
2011-07-27,88.16985841781374,88.48353550529167,84.99065679217142,85.45693969726562,5040528
2011-07-28,83.59182333703438,83.93093823901019,82.37100762012841,83.2527084350586,6509136
2011-07-29,82.91360928233412,83.422281731919,81.2265102547508,82.54058074951172,3671940
2011-08-01,82.59142952882807,83.90549968039441,81.67582039360089,82.41339111328125,3829676
2011-08-02,82.15905885011323,82.53208730319757,79.91242267801798,80.59065246582031,2993448
2011-08-03,79.70046846334199,80.52282303953339,78.3524899900323,80.13284301757812,3584764
2011-08-04,79.78523644806646,81.04844121036366,78.87810845276576,79.35286712646484,2134896
2011-08-05,77.65732094966819,77.65732094966819,72.40103940067318,75.19026184082031,6903112
2011-08-08,72.06191516164235,72.90970239883814,68.63685265357829,71.08695983886719,9761400
2011-08-09,67.67886119771815,72.58755188490889,67.65342861283553,70.05266571044922,8045204
2011-08-10,72.06190638827655,74.03724937555292,70.30698598604212,71.57866668701172,7931996
2011-08-11,70.02724929862818,71.89238184653352,69.26424052903053,69.96790313720703,4923744
2011-08-12,70.54437150948371,71.29890419441378,68.39947090809166,69.13704681396484,2984700
2011-08-16,69.51007957399605,70.70545754177978,69.36595470478171,69.84071350097656,1761964
2011-08-17,68.78097024522941,72.23146497062395,68.78097024522941,71.75670623779297,2447900
2011-08-18,71.55322106586644,72.02797970456791,66.38172049120074,67.2803726196289,6360328
2011-08-19,66.12739971705845,67.12778754967647,62.0071561121731,66.46651458740234,9753844
2011-08-22,66.1697864729207,66.77171327431012,63.76206891839892,65.64415740966797,4102364
2011-08-23,65.89852482002576,67.77213839865678,64.2622958935178,67.3143310546875,7282896
2011-08-24,66.80565308166841,67.4075801195903,65.12703491476697,65.65266418457031,2823672
2011-08-25,65.66958881046331,66.04261721626582,62.29539707872636,63.134708404541016,8383976
2011-08-26,62.566696293308596,63.58404094848434,61.040679310544974,61.515438079833984,3701356
2011-08-29,62.0580376396739,66.58522442252553,62.0580376396739,66.20372009277344,4234224
2011-08-30,67.4838679075351,70.36634467745495,65.82220689819802,70.03570556640625,7429412
2011-09-02,69.34902116213398,69.34902116213398,66.49197610136432,67.3143310546875,5385900
2011-09-05,67.31430110731016,67.31430110731016,64.14357503069938,65.1185302734375,8449072
2011-09-06,65.07612895166876,67.31428873246516,64.54202416916637,66.92430877685547,6434680
2011-09-07,67.31428458027163,69.62874194467193,67.11929461449449,68.93355560302734,7472232
2011-09-08,69.51856341925068,70.9937154933062,69.37443853336288,69.74746704101562,4858472
2011-09-09,70.34938466542324,71.09543640729558,68.06884007748982,68.84032440185547,5014184
2011-09-12,67.56015299301706,67.56015299301706,63.58402960524322,64.03335571289062,5684324
2011-09-13,64.60138970778394,66.4665216940979,63.07537262807251,64.34705352783203,6802736
2011-09-14,64.94050643888446,67.61951220651783,64.78790576152258,67.00910949707031,5868676
2011-09-15,68.47577082596061,68.51816018450404,66.14435610607171,68.3570785522461,4276116
2011-09-16,68.70466592442884,69.3998471792266,64.79636444400107,65.4237289428711,4990712
2011-09-19,65.43223858467375,66.70391984185639,64.3301148284488,66.52588653564453,3016616
2011-09-20,66.56825995413539,68.63685786527519,66.04263079226567,68.36557006835938,3874724
2011-09-21,68.96750531967106,69.6711678301379,68.00950658798847,68.68773651123047,4344900
2011-09-22,67.14474549097302,67.80601846469976,64.21140388148861,64.89810943603516,3468008
2011-09-23,64.20294403928044,66.7123980540404,64.20294403928044,65.79678344726562,4613364
2011-09-26,66.12741044946529,66.1528430339723,64.49965777273567,65.3983154296875,2497756
2011-09-27,66.12739329457403,67.3058194243598,66.12739329457403,66.6954116821289,1864124
2011-09-28,67.31429073324368,69.4676718768705,67.31429073324368,69.0098648071289,7975044
2011-09-29,69.00988612549521,70.06962024904398,68.1620988266562,69.54399108886719,8327164
2011-09-30,69.68811776839115,70.52742928575994,68.84033044760781,69.37443542480469,3949976
2011-10-03,68.67076917319442,69.1794415374403,66.65303649658232,67.95862579345703,2618240
2011-10-04,67.04301607642036,67.86537076076024,65.53395577522507,66.5089111328125,3983220
2011-10-05,66.82259906378611,67.9671119709036,66.13588821482566,67.0345458984375,3405980
2011-10-07,69.00990189428819,70.53591938089407,68.16211440172937,68.73013305664062,4515436
2011-10-10,68.51817885011387,70.36635435118811,68.51817885011387,70.17984008789062,3313680
2011-10-11,71.1548040082447,71.68890909960996,68.00951444560596,68.38253784179688,5326780
2011-10-12,69.55246656435368,71.87540047471892,69.55246656435368,71.07848358154297,11281516
2011-10-13,71.83300676030414,73.58792725862638,71.31585865005373,72.32472229003906,8133448
2011-10-14,72.22303068982919,75.20723902520912,72.22303068982919,74.67313385009766,8689808
2011-10-17,75.11396143121823,75.45307638124629,73.26578598846191,74.62224578857422,4408396
2011-10-18,71.01066956844197,71.01066956844197,67.69582295025187,68.09428405761719,12421812
2011-10-19,69.29815185456052,70.11202577930287,68.50970534526634,69.09468078613281,6470156
2011-10-20,68.50119898423983,70.18829741515434,67.82296929132656,69.80679321289062,2991184
2011-10-21,70.7142776101726,71.65599317156715,70.25197878993322,70.73995971679688,4881992
2011-10-24,71.57036919805995,72.81172129539472,71.57036919805995,72.75179290771484,3979896
2011-10-25,73.60791764264634,73.96748284039289,72.02412316053145,73.51374816894531,5946372
2011-10-28,74.91773538664809,77.90554348513378,74.91773538664809,77.34907531738281,5354148
2011-10-31,77.68299110721115,77.68299110721115,75.50848172040052,75.97933959960938,2190480
2011-11-01,74.82359586661795,76.87824838469442,73.1370675463132,73.60792541503906,2596060
2011-11-02,73.20554707871159,75.47422565779418,72.21246722476074,75.04617309570312,2450592
2011-11-03,75.42286946069568,76.23616941515267,74.13871163786885,75.0119400024414,3882304
2011-11-04,76.12484316744568,76.45016196052573,74.6609007607116,75.12319946289062,2107700
2011-11-08,74.82357953837223,75.1317752587276,73.12849262591686,73.3596420288086,1835820
2011-11-09,73.95034637675478,74.50681460810662,72.64906577531274,73.04287719726562,2712668
2011-11-11,73.42812673096154,74.26710858403663,71.9299429843095,72.96582794189453,2888068
2011-11-14,73.79624285808323,74.36127000564386,72.50352654080832,73.50516510009766,2050028
2011-11-15,72.79461112988137,73.5394235661133,72.1182912776367,72.828857421875,2908196
2011-11-16,72.25527557135793,72.25527557135793,69.22466121203223,70.35472106933594,4591792
2011-11-17,69.87530409594909,70.72284506788475,68.92502423467123,69.9609146118164,2434412
2011-11-18,69.34450308776742,69.77255557596352,68.53976231985872,69.2160873413086,3215152
2011-11-21,68.14595899452176,68.47984203949454,66.81043726513127,67.55524444580078,3696404
2011-11-22,67.54668631489747,69.00206485400172,66.22828248937346,67.0758285522461,10657552
2011-11-23,67.06726358922927,67.06726358922927,64.72153394605789,65.9115219116211,5112844
2011-11-24,65.74886465615467,68.14595868007697,63.80550524171045,67.36690521240234,6380708
2011-11-25,66.33101795318734,67.2898566502512,65.74030860629347,66.21116638183594,4300328
2011-11-28,67.11861402571469,67.80349784230361,65.5776254383896,66.81897735595703,4495988
2011-11-29,67.13573891072855,67.59803236378964,65.92006905964375,66.88746643066406,3711180
2011-11-30,66.07416465538593,67.28983446559012,65.07252103623006,65.714599609375,23609944
2011-12-01,67.46108492488736,69.63559406713519,67.46108492488736,68.58258056640625,4883004
2011-12-02,68.83084511581816,71.91282325533241,68.51408520642912,71.36491394042969,3309884
2011-12-05,71.03958289062872,71.45051219372445,69.21608051578232,69.66981506347656,3113728
2011-12-07,70.02936799821279,72.25524033067433,69.96943962113525,71.50186920166016,5956360
2011-12-08,71.05669972427158,72.68329887458623,70.2091538663764,71.52755737304688,4976048
2011-12-09,70.28622644215109,71.03959786079271,69.22465406230336,69.81536865234375,3687392
2011-12-12,70.20060871334994,71.11664209161076,68.83084073845531,70.80844116210938,4378792
2011-12-13,70.54304869954649,73.17985093113002,70.21772985981703,71.279296875,9789328
2011-12-14,71.48476767682459,72.70043782488172,69.97802496319761,70.48312377929688,4867412
2011-12-15,70.6714640170122,71.27073748535754,69.56708653524721,70.79132080078125,5419008
2011-12-16,70.62010471271718,71.9128211940821,69.75543551320956,70.60298156738281,6033700
2011-12-19,71.91282052727432,71.91282052727432,69.68694751095391,70.44888305664062,8480380
2011-12-20,70.88549832406784,71.05671933451245,66.24540789596884,66.998779296875,9013180
2011-12-21,67.80352324557443,68.28294000670545,65.98002044576255,66.64778137207031,6148580
2011-12-22,66.43375167828998,67.08438942421425,65.13247096119089,66.51080322265625,3740676
2011-12-23,67.08437192304518,67.46961909387106,65.98855879330144,66.6820068359375,2841340
2011-12-26,67.11008114689811,67.99186835836664,66.18548345500788,66.46800231933594,2650472
2011-12-27,66.94740240780844,67.45250638308228,66.45942157538704,67.09294128417969,2340248
2011-12-28,67.20423387484607,67.44394219903128,65.68036821547273,67.09294128417969,2401548
2011-12-29,66.93885194015598,68.37710729295853,65.44066819239288,66.40806579589844,5211392
2011-12-30,66.60498140941098,67.04159295065753,65.92009728180778,66.42520141601562,3024140
2012-01-02,66.60496811975358,67.63229410617652,66.09130512654211,67.39258575439453,2099152
2012-01-03,67.97475103802905,69.46437613576397,67.80353000266878,69.03632354736328,10143220
2012-01-04,69.59276746192593,73.28257738748083,69.51571593298415,71.63885498046875,9475148
2012-01-05,71.63887937225215,72.75181609001616,70.58587106126413,71.01392364501953,3231968
2012-01-06,70.88548427389064,71.91281013293253,70.20060036786272,71.49331665039062,3272260
2012-01-09,71.3991577016304,71.7073534145589,70.72283265488414,71.04815673828125,2156612
2012-01-10,71.74160068878588,72.02411430038616,71.3649123898186,71.89569854736328,6297316
2012-01-11,72.56347204931919,72.75181623158832,70.68004067713038,71.10809326171875,2967676
2012-01-12,71.05671758645857,71.09096387780524,68.83940346564843,69.4729232788086,4445508
2012-01-13,69.6013408879077,69.87529555022878,67.8035202745669,68.10315704345703,5498304
2012-01-16,67.97473402835779,69.92665229797599,67.640851002854,69.50716400146484,3312632
2012-01-17,72.25524450039732,74.05306456498067,71.00533359321516,72.83739471435547,19160384
2012-01-18,73.01720061269708,73.06000586449834,70.77420437326073,71.47621154785156,5520804
2012-01-19,72.08402548150319,72.34941588426894,71.12518704287518,71.73302459716797,3026768
2012-01-20,72.64488866637123,72.64488866637123,70.5029591206643,71.8534927368164,3041328
2012-01-23,72.25776304736299,72.8771163521175,71.35454100927096,72.30077362060547,2915000
2012-01-24,72.25777291845479,73.9781960831799,70.70939207020218,73.71153259277344,2002912
2012-01-25,73.80614224658407,73.97818453620314,71.74163477115515,72.39539337158203,3440640
2012-01-27,72.6878466561576,73.9953687348279,72.22333050639561,73.63407897949219,3227024
2012-01-30,73.11797386178783,73.9953905981921,72.1287306860107,73.81474304199219,2673028
2012-01-31,74.15024630576222,75.61260615169952,73.99540925449075,75.29432678222656,4355496
2012-02-01,75.66420538679303,75.85345297672774,74.24485633775464,75.33732604980469,2112760
2012-02-02,75.6986213819195,79.79322652927006,75.61260022125822,79.38893127441406,8703964
2012-02-03,79.65558903227819,79.73301017142028,77.29860729987975,78.10720825195312,2837152
2012-02-06,78.35665004950889,80.5071783168649,78.35665004950889,79.61255645751953,5223688
2012-02-07,79.65556853697368,80.60180099259647,78.62331494902153,79.24266815185547,2864588
2012-02-08,79.39752296983319,80.57601379745482,79.19967537110884,80.37816619873047,1746136
2012-02-09,80.51580743998056,80.98032381379878,79.2254900130578,79.73301696777344,2186664
2012-02-10,79.65557215671828,80.85986806405526,79.32008762526328,80.63621520996094,1772184
2012-02-13,80.85986439194815,81.72007571526674,80.18029534640115,80.56739044189453,1399924
2012-02-14,80.85990437325856,80.92012024572735,79.53517618020862,80.55883026123047,1204780
2012-02-15,80.85989154142678,81.07494444446249,80.21473283231965,80.80828094482422,1670112
2012-02-16,80.91149073322748,82.0813815110299,80.75665371492967,81.9007339477539,3158044
2012-02-17,82.23624212029361,86.52009552377713,82.23624212029361,84.73945617675781,7489652
2012-02-21,84.26631552682741,85.1523375624786,83.66416748335183,84.94588470458984,3321024
2012-02-22,85.16094712211056,85.67707407436578,83.3545027892173,84.66202545166016,4318952
2012-02-23,84.64479368201114,85.67704726349909,84.37813027358538,85.229736328125,5101628
2012-02-24,84.47278204827097,85.99535768311443,82.99321699491847,84.79106140136719,2929116
2012-02-27,84.98890075823523,85.67706999514402,82.62331900636127,83.3717041015625,4858240
2012-02-28,83.67277237937012,83.81900938220343,81.28138549589258,82.97599792480469,3498548
2012-02-29,83.26846538402434,83.62975523017481,82.91578080225473,83.4319076538086,2691580
2012-03-01,82.75231993742503,83.44048891819364,81.64264535581059,82.92436218261719,1683944
2012-03-02,83.78457811451483,83.78457811451483,81.8921133111069,82.86415100097656,1191136
2012-03-05,82.09857870597301,83.25986410431642,80.78245105426616,82.72653198242188,1175480
2012-03-06,82.92439342826071,84.55879537342352,81.72009725814074,82.8211669921875,2283156
2012-03-07,82.49427988874311,85.47060947177752,81.6340684196217,85.14373016357422,2902328
2012-03-09,85.53942961347158,88.29210628324941,85.53942961347158,87.20823669433594,6700976
2012-03-12,87.22543503575604,88.0856464266412,86.05554964427768,87.21683502197266,5146680
2012-03-13,87.39748114885539,87.72436044167219,85.36738427741305,86.8985595703125,4438628
2012-03-14,87.74157644091275,89.32436776310993,86.39104328288678,86.84695434570312,3655696
2012-03-15,86.43406035484523,87.01040317582073,84.87707946190906,85.36740112304688,2046256
2012-03-16,85.84910969576279,87.05340582375946,84.40395539222968,85.53083038330078,2789108
2012-03-19,84.99748092988139,86.44264019025164,83.95662730218255,85.84049224853516,11628208
2012-03-20,85.84909418927946,86.18457872160745,83.56093405951023,84.6447982788086,2010852
2012-03-21,84.21474081992359,85.50505860572426,83.94807724431806,84.6190414428711,2622888
2012-03-22,84.64482087909052,85.30718485676427,80.77386870474186,82.0641860961914,5161080
2012-03-23,82.71792797557467,84.1114715248329,81.80610597128837,83.4319076538086,10785640
2012-03-26,83.93943374023152,86.79533685530538,81.1179411838979,82.1243896484375,11350256
2012-03-27,82.58028852205854,83.42329458399189,80.54158659910755,80.99749755859375,3814424
2012-03-28,81.040535403195,82.20182110141688,80.11150789468051,80.96311950683594,2521068
2012-03-29,79.99970308138022,83.33732405234655,75.8018702493238,81.22980499267578,4696456
2012-03-30,81.23834728705613,83.68994919072782,81.23834728705613,83.13941192626953,2436200
2012-04-02,83.25128572019388,86.8469695089371,82.15021581483303,86.23622131347656,3030536
2012-04-03,87.05342176386411,87.11363763135279,85.6598777962372,86.9501953125,1730140
2012-04-04,86.70932109552741,88.1544806473711,86.02115188048356,87.57813262939453,2006100
2012-04-09,87.22543818723499,87.99102845290925,85.16953078861347,85.72866821289062,2460700
2012-04-10,85.44481636904742,86.37384383818952,83.85342492411282,84.4727783203125,1837152
2012-04-11,84.12870077016402,85.05772831756289,83.29429440571384,84.30074310302734,3409644
2012-04-12,84.52436141793673,86.61467910637057,84.36092441884281,85.05769348144531,4141292
2012-04-13,82.5459128804966,84.30074685390827,81.72011174613556,82.3996810913086,5581508
2012-04-16,81.54805029936561,83.9738477823843,81.03192339873672,83.4061050415039,3347708
2012-04-17,83.94803322926066,85.62544547131223,82.45986329631774,82.72653198242188,5020204
2012-04-18,86.36523222932921,87.97382874023712,84.7222304095543,85.0405044555664,21929216
2012-04-19,85.43619443009126,86.83833791496056,85.04049404918614,86.61468505859375,4754624
2012-04-20,85.90934295179946,87.50073458610619,85.685684761113,86.94159698486328,3921352
2012-04-23,87.57203597360838,87.58067016059871,85.1711468897112,85.59432220458984,2286284
2012-04-24,86.15566893310027,89.73109684461888,86.06067180525766,88.12474822998047,7551668
2012-04-25,88.05563615198743,88.62562934806742,87.06246251527179,87.9174575805664,4147640
2012-04-26,87.71019899563315,88.09019803681116,85.71521720738733,86.52703094482422,5816988
2012-04-27,86.7083965296148,88.69474425887888,86.53567064011357,88.2542953491211,4363632
2012-04-30,87.93472919031619,88.86744770381816,87.39927801386197,88.44426727294922,2886084
2012-05-02,88.60836275507592,90.58607588410256,88.43563690175218,89.54972076416016,3586380
2012-05-03,88.8329175835975,89.929733242169,88.3579214156932,88.99700927734375,3006780
2012-05-04,88.99699206444869,90.16289152380828,87.83109260508911,88.64290618896484,4723676
2012-05-07,86.19020476024366,88.36655166614011,86.19020476024366,86.69110870361328,1665664
2012-05-08,85.84476526965821,86.55294245589657,81.87206989500602,82.68388366699219,4185456
2012-05-09,82.06208337154426,84.42842524724522,82.04480972578772,84.04843139648438,3117456
2012-05-10,84.63568793877948,85.95703997175177,83.35751737924535,84.8602294921875,4664208
2012-05-11,83.96204057017388,84.79112257953258,83.59931521438888,84.38521575927734,4320540
2012-05-14,83.77203598211615,84.58384957329925,81.70795999738594,83.78067016601562,2461360
2012-05-15,82.90845400867836,84.88616819714807,82.05345846824285,84.45435333251953,1892964
2012-05-16,83.58206132516491,84.11751266536034,82.56297957708878,83.9275131225586,1844248
2012-05-17,84.29024282747295,84.60114735238243,82.27798706010974,83.81524658203125,3467600
2012-05-18,83.05524809542213,84.21250843521408,82.07934783784968,83.49569702148438,2465052
2012-05-21,83.77204965775375,83.93614134802776,82.39024265308977,82.81342315673828,3098148
2012-05-22,83.27114794789107,85.32658486925128,82.76160449252957,84.22977447509766,1341912
2012-05-23,84.80841873428635,85.1452363550417,83.27979343198912,83.7288818359375,1492984
2012-05-24,84.54068931426663,84.54068931426663,82.82206459327678,83.8929672241211,960808
2012-05-25,84.41111274029618,84.46292837929859,83.34021051740608,84.13475036621094,1782796
2012-05-28,83.99659336551612,85.27476909491284,83.53023665205495,84.90340423583984,1254444
2012-05-29,85.63751257284834,87.72749734560725,85.3352422003346,87.28704833984375,4832832
2012-05-30,87.06246114922403,88.41836010361348,87.06246114922403,87.9520034790039,3254580
2012-05-31,87.24382715670932,87.73609687931099,85.52520285516955,87.06246185302734,5094492
2012-06-01,87.22654157780325,87.64972195729382,82.99475886759299,84.13475036621094,3612636
2012-06-04,83.75477574847565,85.57703689276183,82.44205804400217,85.30067443847656,2007540
2012-06-05,85.3093064265483,86.01748355017233,84.6184029442176,85.55976104736328,3037768
2012-06-06,85.68065245801682,87.48563962891937,85.68065245801682,86.72564697265625,3822576
2012-06-07,87.22655824329308,87.6670070724873,85.1883952284544,86.19883728027344,2928540
2012-06-08,86.3629439019063,86.47521467474364,84.83431874060742,85.60295104980469,1725020
2012-06-11,86.25928322475336,86.25928322475336,82.45931475431335,83.34021759033203,9440728
2012-06-12,82.56298198572073,83.97933650482493,81.5352607500221,83.7288818359375,4812836
2012-06-13,84.02251890293215,85.36114467157657,83.77206423129589,84.77387237548828,2805520
2012-06-14,84.63570202859823,85.43887651402201,82.29526788709447,82.69253540039062,1938148
2012-06-15,82.90843596395541,84.29024323002133,82.77889153276173,83.9361572265625,2513820
2012-06-18,84.0916005971664,84.61841245317372,79.28981769266468,81.16389465332031,9566876
2012-06-19,81.19843854554607,82.27797531287365,80.31753548917165,81.51798248291016,9035916
2012-06-20,81.37115171395384,84.58385368576633,81.37115171395384,84.07431030273438,5473216
2012-06-21,83.4265923686992,84.46294755340354,82.56296304811225,83.22795867919922,3844684
2012-06-22,82.58025907999041,83.46979646715364,81.44890120055435,81.63890075683594,4842672
2012-06-25,81.72527196188406,82.04481598363468,79.64392663329635,80.2916488647461,5371344
2012-06-26,80.15345290898955,80.43845486492161,78.28801527133663,79.60936737060547,8198500
2012-06-27,80.26572915801741,81.43162900218448,79.48846259523935,81.13799285888672,7825664
2012-06-28,81.24161571537061,81.25888935696852,78.59890668615031,79.28981018066406,8155704
2012-06-29,80.31753644911318,82.54569930927279,79.71299585218438,82.29524993896484,6162824
2012-07-02,82.56297884312018,83.92751237645955,82.29525581099053,83.67706298828125,3038188
2012-07-03,84.46296833036754,84.54933128367058,83.3402499374281,83.6943359375,3066012
2012-07-04,83.16751590265937,84.0484189944928,82.13116056430847,83.50433349609375,2358420
2012-07-05,83.42659163930549,85.15385026537805,83.21931849570677,85.05885314941406,2854932
2012-07-06,84.87748820192262,85.15385063753706,83.33159488753644,84.7134017944336,2799232
2012-07-09,83.8238649021403,84.75658884266868,83.30568727792469,84.10022735595703,2444808
2012-07-10,84.6011399813349,86.22476758668758,83.59933191397661,86.07794952392578,3358784
2012-07-11,86.36294461195672,86.36294461195672,84.90340873954432,85.11931610107422,3867312
2012-07-12,82.90843420348172,83.77206372643465,82.47661944200526,83.11570739746094,4750868
2012-07-13,84.10022857696983,84.46295397342207,83.3488699567135,83.53023529052734,3072376
2012-07-16,83.77204995639032,84.29022758498655,82.40751658865534,83.1416015625,2494724
2012-07-17,83.40934692456074,83.66843580832175,81.65617986534656,82.69253540039062,2051012
2012-07-18,82.6061711388936,83.46980073783655,81.43163699280187,82.2607192993164,4858332
2012-07-19,83.25387433224103,83.84978072794408,82.58887863863012,82.82205963134766,2144868
2012-07-20,82.64934454308417,83.59070282242156,81.58708129441457,82.87388610839844,2720100
2012-07-23,81.88933693123222,82.67523753999546,81.88933693123222,82.5284194946289,1954268
2012-07-24,82.5629624051102,83.31432096240425,81.52660722847702,83.04659271240234,1891348
2012-07-25,87.24386120171803,89.54111904658897,87.24386120171803,88.7033920288086,29765676
2012-07-26,88.6170128546546,89.10928795044822,87.31293453632125,88.39247131347656,12816148
2012-07-27,88.60839029122505,89.81747164022812,88.60839029122505,89.42020416259766,8025584
2012-07-30,89.4633942781962,89.94702475602767,88.7897589589052,89.26475524902344,3476524
2012-07-31,89.80018760195927,89.86927162729697,88.86746364991774,89.56700134277344,4073420
2012-08-01,89.59294356220356,90.31839458932814,89.56703045530992,90.13702392578125,2534068
2012-08-02,89.89520121661778,90.69837036599307,89.47202063218418,90.66383361816406,3415360
2012-08-03,89.38562612936649,90.42198121492436,89.31653157338965,90.23198699951172,1832752
2012-08-06,90.68108268338632,90.68108268338632,89.55836451683011,90.37017822265625,1710472
2012-08-07,90.64654853655786,92.99562705856285,90.50836992758158,91.63108825683594,9698000
2012-08-08,91.54471613397726,93.01288610971086,91.54471613397726,92.81424713134766,4143600
2012-08-09,92.7538038792748,93.16835023645808,92.07153449832188,92.70198822021484,2684704
2012-08-10,91.95062123850643,93.25471011230236,91.95062123850643,92.71925354003906,2816332
2012-08-13,92.24426526465365,93.93697698495693,92.24426526465365,93.77289581298828,2651068
2012-08-14,92.14923434163569,95.34466233661276,92.14923434163569,95.09420776367188,3938596
2012-08-16,94.99923767574882,96.54513647003357,94.69696737405326,96.38967895507812,3403952
2012-08-17,96.38969381712725,96.71787726936755,95.88015026437652,96.26878356933594,3252888
2012-08-21,95.88013230592802,96.55376745862633,95.25832335139967,96.33786010742188,4398716
2012-08-22,95.51739197185165,96.05283787265665,94.99921443855047,95.53466033935547,2612512
2012-08-23,95.3274428380609,97.07197047484884,95.241079875005,96.61424255371094,4449184
2012-08-24,96.53649359185219,96.53649359185219,95.7764955419372,96.27740478515625,1261504
2012-08-27,95.90603520429868,96.72648305161145,95.80240390368338,96.47602844238281,1281996
2012-08-28,96.72649243273543,97.02876272158773,95.90604450585062,96.294677734375,2023568
2012-08-29,96.54513676523156,96.7092284665526,94.36015007506789,94.57605743408203,2358248
2012-08-30,93.96287146099664,95.76785887602443,93.31514946103572,94.4033203125,10861308
2012-08-31,93.75557662676636,94.73148176458625,93.37557769954675,94.03194427490234,3093860
2012-09-03,93.54833466106507,96.19104912307296,93.09925157910823,95.9578628540039,2429712
2012-09-04,95.18060788655536,98.03921950717962,94.78334041333899,96.985595703125,3384972
2012-09-05,96.89922920919699,97.87513475418058,95.7074162907526,97.0805892944336,3589564
2012-09-06,96.38968615973599,98.7905803810279,96.38968615973599,98.20330810546875,5814716
2012-09-07,98.79924257169357,100.3105946215228,98.78197419378048,99.66287231445312,8574480
2012-09-10,99.66282773947255,99.66282773947255,98.29828913927092,99.09283447265625,3096752
2012-09-11,99.12740105012682,99.74921009089526,98.51421565378124,99.65421295166016,2692404
2012-09-12,99.5073727609237,100.9841874318478,99.43828873606314,100.56964111328125,4396860
2012-09-13,100.06009697371809,102.19326784886964,100.06009697371809,101.52826690673828,6785748
2012-09-14,101.90825766900461,102.91006555117909,100.00827320398928,100.67326354980469,5841380
2012-09-17,101.04464927393273,101.30373811822487,97.34831087842412,98.04785919189453,5143392
2012-09-18,98.12558366734949,99.55921713104969,97.22741738375534,99.08422088623047,3237596
2012-09-20,98.79923042625768,102.20193330290553,97.59014893502726,98.12559509277344,6275572
2012-09-21,98.86825464520757,99.43824769119895,97.69371074153266,98.42779541015625,3917652
2012-09-24,99.05830975281035,99.05830975281035,94.56743607613542,96.50196838378906,7298332
2012-09-25,97.14101576157805,98.90281087989572,94.82648530940008,97.64191436767578,3540044
2012-09-26,97.24469972654619,98.45378125067731,96.38970425458261,98.25514221191406,2909388
2012-09-27,97.6160424075876,101.71828235632309,97.6160424075876,100.77692413330078,17329580
2012-09-28,101.46783677800819,101.46783677800819,98.8942165314882,99.7405776977539,3269144
2012-10-01,99.1446596157227,100.72510570632859,98.81647621190078,100.37965393066406,10459796
2012-10-03,100.94102003457877,102.40919018250814,100.9151069326744,102.1414566040039,19337484
2012-10-04,102.25372223278532,103.2209829558847,100.93236501739753,101.74417877197266,12359556
2012-10-05,101.90823645267986,102.25368810167198,92.28740591977936,99.06689453125,6983728
2012-10-08,99.83554714808795,100.01690719274167,96.16512262058471,96.51057434082031,1548440
2012-10-09,96.75240201829229,97.65921285192096,96.1651298329068,96.85603332519531,3679576
2012-10-10,97.03737393309855,99.27417564950402,96.89919537080775,97.64191436767578,4351692
2012-10-11,98.27238902254692,100.25010240646515,97.3310308921386,99.63691711425781,2735004
2012-10-12,98.62648372140562,101.32100340298318,97.95284852983535,100.46601867675781,6166264
2012-10-15,100.93236437422449,101.8219068785689,100.18101100860045,100.82009887695312,2731356
2012-10-16,101.04463777958173,102.06372466814521,99.98236942188169,100.9582748413086,3000956
2012-10-17,103.46281110662191,104.82734989408411,99.75783855034344,100.27601623535156,16696820
2012-10-18,100.52643665180427,104.32640504757696,100.4746210094225,103.8082275390625,10292964
2012-10-19,103.98214803529,105.78183481378262,102.46067011671342,105.26018524169922,7644600
2012-10-22,105.19931394499714,106.66862879955342,104.32120609168983,106.2686996459961,4317840
2012-10-23,106.59038503536719,106.59038503536719,104.80808251234515,105.84268951416016,2231456
2012-10-25,106.22524310754376,107.72932630622584,105.1993280597823,105.9383316040039,4855128
2012-10-29,105.37323085597303,106.76429660984726,105.37323085597303,106.06876373291016,2121740
2012-10-30,106.06007814301944,107.11206956075021,104.74726188057905,105.44279479980469,2750208
2012-10-31,105.38187302597554,106.39909574492394,104.85153158087479,105.720947265625,2039356
2012-11-01,106.4164985130145,106.66863122849391,105.24278713235626,105.73834991455078,2205924
2012-11-02,106.2426134991041,107.9640610726801,106.2426134991041,106.79904174804688,3303096
2012-11-05,106.8164010787836,107.25110888930526,106.27736763893022,106.73815155029297,1584520
2012-11-06,106.59906235992939,107.25981620345846,105.49490860909697,105.79051208496094,2746680
2012-11-07,105.55573419746571,107.88577199292436,105.55573419746571,107.13807678222656,1995328
2012-11-08,106.43386606758246,107.79016305403235,106.41648199872424,107.54672241210938,1321904
2012-11-09,107.11202468016616,107.44240692356223,106.2947717199119,106.88597869873047,871504
2012-11-12,106.8946695881505,108.30311889914015,106.28607854535502,107.80755615234375,1743544
2012-11-15,106.76427348842972,109.97242031112737,106.42519916175667,107.92060089111328,9559376
2012-11-16,108.50311507770722,108.50311507770722,105.2080263674132,105.6775131225586,3965184
2012-11-19,105.89487230336788,107.4772052305216,104.67768986309929,107.08596801757812,2888672
2012-11-20,107.08593409930457,107.79016934993507,105.3992760281248,106.70339965820312,2682316
2012-11-21,107.54670109922587,107.63364265225677,105.74701519667921,107.37281799316406,4760092
2012-11-22,107.0772928912684,109.37255369230594,107.0772928912684,109.07695007324219,3519308
2012-11-23,109.54641994699259,111.24178120807699,109.35515266529647,110.66796875,6985368
2012-11-26,111.25916323426397,112.3459332534038,110.44192067026158,111.27655792236328,5736628
2012-11-27,111.49389385559509,112.46763538972789,111.12004078440859,111.78949737548828,4319516
2012-11-29,111.54606295406722,113.0240700236067,110.55492667895504,111.07657623291016,7209576
2012-11-30,111.28521723867098,114.92807139431518,109.81590248221958,114.15428924560547,41511124
2012-12-03,113.87610778413207,114.0673750519814,112.42417674913806,112.65022277832031,3987088
2012-12-04,112.72843600948819,113.02403946607328,111.24173730526212,112.71105194091797,3278872
2012-12-05,113.0588369710161,113.37182454809151,110.41581071784985,111.11134338378906,3775256
2012-12-06,111.28525525517614,111.63302167784856,107.14683694797206,108.75525665283203,3547056
2012-12-07,108.67699518517543,109.18995272504702,106.2426304930275,106.7729721069336,5140800
2012-12-10,106.24263340703197,108.67699816594923,106.24263340703197,108.04232025146484,2307172
2012-12-11,107.48591424752047,108.98130566036892,105.72968739760529,106.82514953613281,3263172
2012-12-12,106.97292496387837,109.54639367686464,106.59907191486606,107.16419219970703,5707108
2012-12-13,108.1552960954206,108.97254884767712,107.38151412133747,108.00749969482422,3549052
2012-12-14,108.15536926993674,110.23327599506811,108.15536926993674,109.70293426513672,3260060
2012-12-17,109.1116837084399,110.71141091488991,109.1116837084399,110.0593490600586,4187352
2012-12-18,110.28540667862065,110.8505270124094,108.47701736530182,110.02458190917969,2110896
2012-12-19,110.42454238192109,111.80691617416862,110.05069980760864,111.53739929199219,4167592
2012-12-20,112.10249026798576,112.58066902151425,110.52014693397186,111.19829559326172,1721692
2012-12-21,111.02441890647131,111.02441890647131,108.8943497888452,109.5377197265625,1795100
2012-12-24,109.98112796265525,111.54607681904086,109.08562520519469,110.66796875,1200440
2012-12-26,110.76362873549917,111.61566089404563,110.06809574500937,110.32022857666016,1297916
2012-12-27,110.85055686772414,110.85055686772414,108.00757036031258,108.72917938232422,3306052
2012-12-28,109.02478893023194,110.38107604791423,108.15537275056501,108.90306854248047,1438688
2012-12-31,108.8334733168848,109.35512279318306,107.11202579990629,107.58151245117188,2061996
2013-01-01,108.65955977850096,109.18120910895372,107.7814415818526,108.18138122558594,1223180
2013-01-02,108.85087900874807,108.99867547786191,107.95537631803366,108.72046661376953,2322316
2013-01-03,109.54639542043759,109.89416175510564,108.51178845220286,108.84217071533203,4041084
2013-01-04,109.24212043144796,110.65927275705124,109.02476643138539,110.25064086914062,4405880
2013-01-07,111.11135831747106,111.11135831747106,108.86826092314395,109.18125915527344,1205952
2013-01-08,109.01607553463305,110.51146682551474,108.62483833042684,110.3636703491211,2580932
2013-01-09,110.24192665202885,111.78078841767108,110.00718862438382,110.56360626220703,2559260
2013-01-10,111.0244276075074,113.31968806122354,110.78098687264784,111.56346130371094,3364128
2013-01-11,113.71957503590554,114.31947399928822,111.8242445401132,112.1285400390625,6828592
2013-01-14,113.02403780950192,117.54499932188199,112.74582903854918,116.98857116699219,12102412
2013-01-15,117.71889651631793,118.44920789352145,115.15411996740258,115.47579956054688,4186764
2013-01-16,115.89313059177562,118.40574447288924,114.48468118686752,117.1624755859375,10660852
2013-01-17,122.06598336046392,125.42192636444352,119.90982784223557,122.41374969482422,29586880
2013-01-18,121.89211489425561,124.63077510764295,121.80517330017982,122.70067596435547,8911400
2013-01-21,122.09041856218168,125.21176962263091,121.62831390085047,124.71479797363281,4523228
2013-01-22,124.85421705540834,124.85421705540834,121.13126386276267,121.6543960571289,2742436
2013-01-23,122.06419352475127,122.75298645970013,115.8302007840229,117.94889068603516,11598412
2013-01-24,118.03604751857921,119.09974523191163,115.69938647346027,116.19635772705078,4735396
2013-01-25,117.1292654036756,119.36129330321411,115.83015204771361,118.75968933105469,5296860
2013-01-28,118.40227496592948,122.76171071577961,118.40227496592948,121.4713134765625,7459896
2013-01-29,121.45384986137196,122.56986939374046,119.91933098672855,120.65171813964844,5634676
2013-01-30,121.15742877319438,122.04675999731204,119.49212654789231,120.14604187011719,4817056
2013-01-31,120.26807757704329,122.53498345036411,118.5940483923931,119.97163391113281,9893804
2013-02-01,120.31176007118663,121.52368584312684,118.95161767927048,119.96300506591797,2876756
2013-02-04,119.96295925874834,120.75637446414184,118.57665651352556,118.96028900146484,2509300
2013-02-05,117.92267523666017,118.83815626437546,116.57125086241379,117.02462768554688,3933688
2013-02-06,118.00118959856484,118.10581178209313,116.71079257157226,116.8415756225586,11367776
2013-02-07,116.562564706778,117.16416881146415,116.06558277544993,116.61487579345703,4135276
2013-02-08,116.83282107182724,117.92267947734801,116.18762276712924,116.8676986694336,6208728
2013-02-11,117.5304111020867,117.5304111020867,113.69410688213728,115.00193786621094,17760612
2013-02-12,115.08912617086749,118.63770330387361,114.03414464293236,118.31510925292969,4948684
2013-02-13,118.92542206627263,124.55781162787713,118.91670532231814,123.69464111328125,11434616
2013-02-14,123.80800634317502,125.37740360668006,122.31708107147651,123.50284576416016,9397740
2013-02-15,123.1976391533697,123.45920526622187,120.7650721752141,121.54105377197266,5011932
2013-02-18,121.62824629517404,122.66579403736198,120.01525521527388,120.52967071533203,3825096
2013-02-19,120.66917448631844,123.58127952524026,120.18963658192916,123.02326965332031,2620520
2013-02-20,122.41294132805953,126.720065466381,122.01187541530179,126.0487060546875,15294124
2013-02-21,125.08090255758486,127.72272433331214,125.07218581651725,125.58660125732422,8070544
2013-02-22,125.1245233516297,126.94676963226202,124.67986303168591,125.59534454345703,4848304
2013-02-25,125.81332756908671,128.15870635163895,125.05478993455992,127.9145736694336,3427332
2013-02-26,128.1674003042771,128.44639991162393,126.34515418492586,126.7200698852539,4070164
2013-02-27,126.94671930941917,127.46985139448545,124.03461524058692,125.5168228149414,2711884
2013-02-28,125.7697071135232,127.50476447373713,125.5343018670015,126.14462280273438,5751912
2013-03-01,125.91790440096231,127.21701803700662,124.88908422393423,125.97894287109375,4185324
2013-03-04,124.91524931802404,127.12112773976783,124.08695664756603,124.75831604003906,3710256
2013-03-05,124.68858033983666,130.57381865647295,124.68858033983666,130.0245361328125,7964048
2013-03-06,130.4343222406125,132.16937985894128,130.19018957274008,131.88165283203125,4185976
2013-03-07,131.7508516217558,134.9594002625879,131.7508516217558,134.51473999023438,7889252
2013-03-08,134.80242587195255,136.5287661193889,133.85206706186185,134.8198699951172,12723888
2013-03-11,134.45368681360685,137.04319748688795,134.45368681360685,136.5200653076172,10133052
2013-03-12,136.08410195769963,136.27591280483549,133.69512989250376,134.87217712402344,4722176
2013-03-13,134.27062202085168,136.64215082785455,134.1572724333128,135.770263671875,6109100
2013-03-14,136.01435527157386,138.82182680902176,134.81987448574398,138.02841186523438,5563356
2013-03-15,138.281315015311,140.09484471539662,137.8104937813316,138.0982208251953,5285708
2013-03-18,137.26990512606903,140.46100973632707,137.06936683876842,139.85940551757812,5934792
2013-03-19,139.61526738376327,139.83323913035434,136.0753977046032,136.28465270996094,6497364
2013-03-20,136.20618844590823,136.7641982773298,134.11365956044153,135.00299072265625,10002516
2013-03-21,135.05530511855315,136.72932401059893,134.4449841787017,134.81117248535156,4612020
2013-03-22,133.97423587771593,135.29951131066056,133.07619810672858,133.9132080078125,4516588
2013-03-25,134.44498399766522,134.71526685631923,132.52683247500073,133.76490783691406,5216056
2013-03-26,134.20956448948854,135.82255537125053,133.9392710164019,135.2122344970703,3586592
2013-03-28,137.84532191438495,140.3737939798607,136.01435938421287,138.63002014160156,24468836
2013-04-01,138.6387518903237,139.50192216233356,136.40672326435677,137.49658203125,1620592
2013-04-02,138.23769355664754,139.2926747720949,137.30477865840174,138.77825927734375,2992776
2013-04-03,139.67626385313528,140.7661223413776,135.42145205777757,136.11024475097656,4182904
2013-04-04,135.1250994635095,135.42153263417097,128.91725543489784,129.99839782714844,6570244
2013-04-05,129.43159993163127,133.36380740685215,129.43159993163127,131.9949493408203,5343432
2013-04-08,131.99496733506885,133.74745797389315,129.23107932090406,129.97218322753906,3010860
2013-04-09,131.00108381705377,131.62012175171762,128.79520440466857,129.12652587890625,4507564
2013-04-10,129.3880615234375,134.57579040527344,128.42898559570312,133.39874267578125,3796480
2013-04-11,134.23578584664793,138.40341199610245,133.7475310171983,137.88027954101562,5224088
2013-04-12,132.35242548496646,136.2410387559606,132.30883114192133,135.3342742919922,9597216
2013-04-15,135.14250565769038,136.71190249758615,133.09357089449315,133.3900146484375,9824632
2013-04-16,132.50943322287702,134.34911325714535,132.12580069060817,133.01512145996094,7339540
2013-04-17,140.40869733540066,141.24570680263759,129.91989151742516,131.00975036621094,28222348
2013-04-18,131.96879847355578,133.92182724957553,127.40883639254977,128.38534545898438,9565588
2013-04-22,129.39072693067527,130.0901362654357,125.23798400553537,126.09476470947266,11641000
2013-04-23,126.73297162099762,128.99731151775,126.17344200862078,128.0181427001953,8919768
2013-04-25,128.5164586642888,128.5164586642888,124.9057538901032,125.7275619506836,7982256
2013-04-26,125.42164722727294,125.42164722727294,118.4887547079456,119.64277648925781,14659260
2013-04-29,119.43291507936713,122.89499004153946,117.66691032420042,122.53654479980469,7340976
2013-04-30,122.26556413353009,126.66310710522463,122.26556413353009,126.1385498046875,7386976
2013-05-02,126.1472570373165,131.3491155630091,126.13851655237414,128.64764404296875,13483624
2013-05-03,129.56562972916723,132.31081457175782,129.39077732737348,131.21798706054688,9582080
2013-05-06,131.66385467529298,134.46149302164713,130.78959269205728,131.13929748535156,6847016
2013-05-07,132.01357562413813,132.8878377143642,129.9852918436715,131.7512969970703,7104564
2013-05-08,132.0135212090049,132.78287580013864,131.0081202196648,131.296630859375,4516352
2013-05-09,131.92612307378474,137.01432315409556,131.66384449908537,134.66256713867188,8729028
2013-05-10,135.24835113912596,136.54226335682634,134.8112200753279,135.49314880371094,5857196
2013-05-13,135.77288687507576,135.80785948906015,131.8124757965333,132.60806274414062,3741036
2013-05-14,133.23760427624558,133.67473552387105,128.7089202819858,130.2825927734375,5783876
2013-05-15,130.4486322556057,132.01356338647008,129.21592495708794,130.3612060546875,6634336
2013-05-16,130.75458959829453,130.99064668202726,128.51648157736184,129.1984100341797,3496504
2013-05-17,129.28586033915283,131.034384224334,125.30796850036566,125.88497924804688,6403588
2013-05-20,126.2609530115629,128.49907296485912,125.9374802398888,127.25761413574219,3265484
2013-05-21,127.99195527419462,129.99401736475653,127.69470406330947,128.80502319335938,4222380
2013-05-22,129.21595409604856,131.66388827378157,129.04110165478193,130.02902221679688,4347576
2013-05-23,130.78958952334014,131.30540621538086,127.81709885235514,128.83998107910156,4821008
2013-05-24,129.0935263865873,130.780856336371,127.81710598518589,128.96238708496094,2910452
2013-05-27,128.73511658623968,131.03443057748754,128.01822580857393,129.6880645751953,2576904
2013-05-28,130.39618674787698,130.6147522637132,128.72634834131728,130.2388153076172,2901148
2013-05-29,130.70216369628906,132.85284599458868,130.20383864536782,130.70216369628906,4270132
2013-05-30,130.43117829793033,131.36663457264024,128.568995563838,129.74050903320312,4277368
2013-05-31,130.43989985104423,131.38410714831434,129.39952586123505,130.2388153076172,5051248
2013-06-03,131.43659296640067,131.43659296640067,128.53403580109213,129.76675415039062,2848988
2013-06-04,130.43988331465053,130.43988331465053,127.90452365236844,128.6214141845703,1948328
2013-06-05,129.1896948658381,129.1896948658381,126.10355632803031,127.08272552490234,1839204
2013-06-06,126.41827787555049,131.05186620708864,126.06857309581176,130.7283935546875,3382144
2013-06-07,129.5656076044784,131.82120747130784,129.5656076044784,130.12513732910156,3713360
2013-06-10,130.96442799540688,132.2670803148363,130.3087315935607,131.74252319335938,7422292
2013-06-11,132.2233514694664,135.10841529388867,131.13926474646746,132.13592529296875,6363000
2013-06-12,131.8211905687839,134.58385555670472,131.57639301060564,133.5260009765625,4490080
2013-06-13,133.74458295224247,134.06805556999086,131.62012237406017,132.45941162109375,6391744
2013-06-14,133.72710814387713,134.01561886142582,130.9731829518226,133.53477478027344,3832808
2013-06-17,133.23749791550352,136.19250705938884,132.28455042196836,135.73788452148438,4248740
2013-06-18,135.80792191374192,136.66469265338924,134.88994640345302,136.34996032714844,3965100
2013-06-19,136.38486910493148,136.8657131947245,135.70294049054948,136.34115600585938,4030392
2013-06-20,135.86029475198046,135.86029475198046,132.62552582931426,132.861572265625,3152420
2013-06-21,132.8878465429366,134.00690636162997,131.13932224631898,132.66928100585938,2996392
2013-06-24,133.06264924830683,134.16421700910107,131.8998767567154,133.01893615722656,3464660
2013-06-25,132.53808673453008,134.11175794905617,130.26500609132574,131.32286071777344,3422596
2013-06-26,131.66384014860097,134.9860353183532,130.26502112975794,134.12051391601562,3512944
2013-06-27,135.50187241032393,139.881922989504,135.09096285825598,139.07760620117188,7696940
2013-06-28,139.881928434077,139.881928434077,134.61887514560254,135.6854705810547,6568320
2013-07-01,136.36738929638034,136.36738929638034,132.15344010663023,132.60806274414062,2742568
2013-07-02,133.23750105761874,135.10842348248866,132.8877963304334,133.9543914794922,2463896
2013-07-03,133.2462261094251,135.68541843347552,132.3020298586618,134.23414611816406,3266880
2013-07-04,133.94566825405346,140.23161366955495,133.94566825405346,139.83819580078125,6883720
2013-07-05,140.07430580721535,141.1059396222594,138.51812526795354,139.12136840820312,2890504
2013-07-08,140.35400933326736,143.65871295372432,139.715793869349,143.16912841796875,4591276
2013-07-09,142.7670051067008,144.8040401281529,142.50472646902776,143.85983276367188,3513816
2013-07-10,143.8597873676051,147.57540022881642,143.72864809015059,146.80604553222656,4127192
2013-07-11,147.2257315469669,148.44969843631225,145.5471526532939,146.98968505859375,3493012
2013-07-12,148.62454642867908,151.29104564401715,148.16118327977912,150.8276824951172,4853628
2013-07-15,150.46049309049258,154.3859316803328,150.46049309049258,153.03956604003906,3786484
2013-07-16,151.0724694002993,154.72688872756663,150.81019080759046,153.34555053710938,3098124
2013-07-17,152.71609336268227,155.39133299964752,152.6986017190601,153.03956604003906,3321512
2013-07-18,153.677765408866,153.677765408866,149.5862153319805,150.17196655273438,4242288
2013-07-19,151.5620587134322,158.57364638113833,151.5620587134322,156.01205444335938,9537080
2013-07-22,156.49290243918492,157.27973826150483,153.31932702030366,155.662353515625,3851664
2013-07-23,155.8372174374616,158.39005846968305,155.8372174374616,157.44586181640625,4931300
2013-07-24,156.4229250077984,158.75721053677458,155.6273488634331,157.38461303710938,3090068
2013-07-25,157.36719984048614,159.6228006403916,156.1432327306157,157.78684997558594,4243444
2013-07-26,159.0457120497549,160.67184763426152,157.68186569332445,158.0315704345703,5295436
2013-07-29,158.24142428138896,158.71352790262407,156.02953712064246,156.80763244628906,3827536
2013-07-30,158.59111848024386,159.98119712174847,157.71685652610802,158.35507202148438,6222296
2013-07-31,160.51451406985527,166.09231027643452,153.34556518438242,163.93287658691406,16167372
2013-08-01,166.2846552720386,166.37208148406387,162.00951136957454,162.7351531982422,6363796
2013-08-02,163.13732039397166,166.01364505839098,161.98329860216515,163.65313720703125,5528720
2013-08-05,163.70554253947506,168.0331389911194,163.70554253947506,166.04856872558594,4003976
2013-08-06,165.93487351159558,167.85824928464885,164.36994290727424,165.13929748535156,3769488
2013-08-07,166.45946628638967,167.15887580860138,157.16605799114447,158.5211639404297,5661036
2013-08-08,157.0174502666911,159.17687306998707,154.4820905463492,158.39878845214844,5307584
2013-08-12,159.81508165115812,163.66183416354926,157.90044587988038,163.19847106933594,4591444
2013-08-13,164.01155927113408,166.4070394034462,163.4870020453202,164.46617126464844,3725304
2013-08-14,165.2267351958957,165.5676994229953,159.61396819017395,160.89913940429688,5897512
2013-08-16,160.68935769543975,164.52737005991733,158.41627646579806,161.0390625,8401384
2013-08-19,162.43789667199334,163.91540174170575,159.9462497101248,162.8662872314453,5959248
2013-08-20,163.382099202536,163.382099202536,156.08201094966674,157.2185516357422,5191016
2013-08-21,156.25683939319342,159.7801085762731,154.09740601761933,154.9017333984375,5213524
2013-08-22,154.2373146836223,158.52995011203458,152.41885592751018,157.778076171875,4733996
2013-08-23,157.55076088808173,166.63434566389495,157.12237035189366,165.47157287597656,7902228
2013-08-26,164.47492708317978,168.9948577048235,164.1164710976682,165.15684509277344,5192304
2013-08-27,164.36124555511495,168.02440523675594,164.36124555511495,165.70761108398438,3159176
2013-08-28,164.88579121649232,172.21211006856342,164.8595590911323,171.38156127929688,6561592
2013-08-29,171.53020799334118,179.42479828758027,169.66802562547338,177.9385528564453,9258668
2013-08-30,176.8806389242202,182.70323091223878,176.5833984569623,181.9251251220703,6049048
2013-09-02,180.09795500627015,183.59500267629483,180.09795500627015,181.55796813964844,3931360
2013-09-03,181.8465148647748,183.03551984583714,178.34946650199066,179.02264404296875,4718252
2013-09-04,179.18876110908482,183.74365365427215,177.47519892656118,181.72412109375,6988140
2013-09-05,182.23113481309315,182.66826574609738,176.7932302753772,178.33193969726562,5768332
2013-09-06,177.65001969485843,182.08252329929346,175.39441970349785,177.81613159179688,5481388
2013-09-10,177.3003268208108,187.6078668689807,176.8107422539591,185.80690002441406,8011760
2013-09-11,187.08329632699756,189.05913676804454,183.85727843847292,186.4888153076172,4176852
2013-09-12,188.05373037526664,189.16403869393463,184.48673763625135,187.85264587402344,5773264
2013-09-13,187.85265691283607,188.85805813384852,181.55797100736675,182.8518829345703,6290308
2013-09-16,184.09338845282187,184.29447302906496,172.0985152550827,174.2229766845703,10046268
2013-09-17,175.07091055488291,181.81147699710516,175.02719746860203,181.34811401367188,3625604
2013-09-18,183.59501532404755,183.59501532404755,178.0609327361368,179.88815307617188,3725976
2013-09-19,179.9231359809637,181.47057559299174,174.1704872283608,179.0488739013672,5247480
2013-09-20,181.81151183043903,186.6723951496019,180.02800476190853,185.65826416015625,4133648
2013-09-23,184.7315246484129,192.20646329367523,184.7315246484129,190.76393127441406,5997308
2013-09-24,189.64485910992394,193.02824789507778,186.83849163138368,187.546630859375,5725484
2013-09-25,187.97508300577317,189.00669510048567,184.22448618232727,185.86810302734375,5015716
2013-09-26,186.31393288929846,186.98711017809185,182.58081808508885,183.98838806152344,6380440
2013-09-27,183.49007749169948,189.5399650977336,182.72072281100705,187.5728759765625,4014632
2013-09-30,188.12372873957787,193.03707762401217,187.44180001172197,190.09954833984375,5254356
2013-10-01,189.80228749496692,190.5891233252086,186.0167286206132,187.28440856933594,2051744
2013-10-03,188.8405729193316,195.09154558772613,187.96631100766803,193.14193725585938,8287912
2013-10-04,192.55620659495185,195.74726291309747,191.0087671150099,191.7781219482422,5397444
2013-10-07,192.3900532528428,197.50448459694672,192.33758900903683,195.72097778320312,5895704
2013-10-08,195.8259360918203,195.8259360918203,192.93214168948248,193.5004119873047,2544784
2013-10-09,193.4042227435407,196.53408476804555,192.43380479347277,194.40089416503906,5126556
2013-10-10,194.4009001129791,197.58320514485425,194.4009001129791,195.4237823486328,5806820
2013-10-11,198.4574462419174,204.29751985392846,195.57238204544902,202.38287353515625,10934984
2013-10-14,203.70303006917547,204.2275872281519,201.98946814547168,202.8025360107422,6419404
2013-10-15,205.6264461386769,206.05482603041665,202.26053705009735,203.02989196777344,5579340
2013-10-17,203.7030306724963,204.28005208679355,188.32477178733836,189.37388610839844,16121608
2013-10-18,189.36513383505496,193.9812410893649,187.28438617502783,192.792236328125,7820096
2013-10-21,193.38675163245543,194.82053275422183,183.99718642454368,189.55747985839844,8981476
2013-10-22,192.07995553003605,195.583465890821,190.11799828148855,194.25213623046875,5073020
2013-10-23,196.1615641714569,196.17907744745378,188.3312052650232,193.85800170898438,4021456
2013-10-24,192.86831583599093,194.44489607443225,183.75918556944094,184.74893188476562,7210448
2013-10-25,183.04098300907248,190.5735335741887,182.5942766895058,188.97067260742188,6109920
2013-10-28,187.61304904508134,189.94289284815602,185.33576647030443,186.18536376953125,3539636
2013-10-29,186.57944191787618,190.0304124892036,186.5269020921588,189.29466247558594,4523612
2013-10-30,189.89030403428376,191.71213410619364,186.4043061687155,190.2318878173828,3709464
2013-10-31,191.99234735526946,194.72508086934704,190.2668729628094,191.87847900390625,7494488
2013-11-01,192.12375421134843,196.17907183205875,192.0098858450309,193.23611450195312,5212456
2013-11-05,191.3091740096064,194.4097934286808,189.54867292923362,192.8682403564453,3171148
2013-11-06,192.86833138608435,194.74270171163576,188.99695498741679,189.72393798828125,4078512
2013-11-07,191.6245082492048,196.79218616051986,191.0113939207437,193.23611450195312,3972848
2013-11-08,193.13108540555976,198.38635303564303,192.73694033330352,195.1981658935547,4594308
2013-11-11,195.32073919223572,199.3322635833343,192.11501805827754,193.04345703125,3360592
2013-11-12,193.7441611147887,196.28420662669143,191.51944015096075,192.23765563964844,4512768
2013-11-13,190.94138840541976,194.79525129066676,190.94138840541976,192.0187225341797,3054692
2013-11-14,190.8274756845208,193.35000780947263,188.7604170835928,189.99539184570312,2580632
2013-11-18,188.09473542572061,195.20685804842387,187.21009039828112,192.04495239257812,3925068
2013-11-19,193.30624092802887,195.14558440763403,192.43036308059783,193.1660919189453,3945228
2013-11-20,194.35732543294304,195.4171463513505,189.63635163365143,190.3983612060547,2153208
2013-11-21,191.36177517564022,192.2551662042617,185.29193808889096,186.0189208984375,3041036
2013-11-22,185.70359376387506,186.9736164841793,183.65404841011903,183.97811889648438,4398836
2013-11-25,182.7080986262047,187.3502507006001,182.7080986262047,184.45985412597656,3398352
2013-11-26,183.40881503159832,187.16632231614392,182.88328834096336,185.64230346679688,6000408
2013-11-27,185.7036076775979,187.7882011273067,184.8978043748808,185.43209838867188,2826432
2013-11-28,186.5619443611539,188.2085986632476,185.265641128283,186.0626983642578,3658696
2013-11-29,186.12400602899203,191.68582926797603,186.12400602899203,190.24063110351562,3602484
2013-12-02,189.61004419489802,199.70015290714315,189.61004419489802,198.4301300048828,4515568
2013-12-03,197.94841437936734,199.70017025883075,194.6375914904337,195.9163818359375,3753980
2013-12-04,196.23164088146385,198.6490720043222,194.67259560675924,195.60101318359375,2375652
2013-12-05,197.94834940275058,198.29870046364042,192.9295661787575,194.21710205078125,3172604
2013-12-06,193.39380483940647,198.47389572739812,193.39380483940647,197.35276794433594,2035128
2013-12-09,198.2636833587854,201.45186961131486,196.66956884878795,200.29571533203125,4063508
2013-12-10,199.35854669342484,204.22841423776353,199.34977936227892,202.30148315429688,12426016
2013-12-11,202.33660399294013,207.75828075943008,202.33660399294013,206.07659912109375,9236796
2013-12-12,205.16558129604644,208.1085388842665,202.67809721304405,206.83851623535156,3782148
2013-12-13,205.58601593143683,208.1085480634987,204.6138044841076,206.90859985351562,11441044
2013-12-16,206.6195021192177,208.8091958678317,204.64001041697944,207.70558166503906,8242520
2013-12-17,209.68514123379518,209.86031679038146,204.58753681388097,205.01670837402344,7373060
2013-12-18,206.36365175222818,211.24100932661943,205.80021010610452,210.84483337402344,3504008
2013-12-19,210.86248320863913,221.62085826665484,210.84485819131237,217.64149475097656,6543352
2013-12-20,218.28420913037834,220.43237678698443,216.78754392856536,217.9320526123047,11683408
2013-12-23,218.7595681359039,221.84972776477738,217.8175540295622,218.45143127441406,4224696
2013-12-24,219.1822632478328,220.71413576807598,217.28060912469547,217.94090270996094,2197664
2013-12-26,218.3369805380762,219.3934497987443,217.45658948751944,219.19976806640625,2933928
2013-12-27,219.7456419415963,222.19313375880145,218.33701603171426,219.4022979736328,3104892
2013-12-30,221.68257153455716,223.61943276321492,217.29821772726356,219.5167999267578,1578700
2013-12-31,220.4147758803504,223.26723511308822,218.01130331713756,222.3076171875,1495972
2014-01-01,223.40809703370525,223.6017788141125,220.50280584581418,221.594482421875,737988
2014-01-02,221.85859129859858,222.73898253391047,218.36344239319567,220.28269958496094,1030976
2014-01-03,219.2350396181834,222.91507959110345,218.94450618722922,221.81459045410156,2725944
2014-01-06,222.7389990068641,222.91507726694857,219.0941876206867,220.2122802734375,1392104
2014-01-07,221.1542277564781,223.17912713482164,218.71554889090956,221.21585083007812,3879316
2014-01-08,221.50640075827758,224.76384782825224,218.72435628472988,219.46389770507812,2576776
2014-01-09,220.1858909264123,227.22020967191088,218.8829073450548,226.3046112060547,3250300
2014-01-10,228.69038091485663,232.17671647237063,223.6193200207544,228.584716796875,5292496
2014-01-13,229.72929987752605,238.23388853131513,229.4299754296405,236.53472900390625,4611212
2014-01-14,236.38506306742826,236.38506306742826,231.54291093755543,232.59938049316406,2560164
2014-01-15,234.2369212635032,237.24785525426682,232.96914487680954,234.24571228027344,3919128
2014-01-16,237.8816966523223,246.15737373793232,235.9888556167838,244.8719940185547,13027348
2014-01-17,244.57271914148998,246.3335018566915,241.19202492587493,242.9263916015625,7473896
2014-01-20,243.95650121379157,253.02453427947924,242.22213413982075,251.8976287841797,7594044
2014-01-21,252.17043000972149,256.8188993706636,251.95912324690562,253.5790557861328,7940204
2014-01-22,254.2589092106117,255.9892909642574,249.51804427671448,255.0976104736328,7216076
2014-01-23,255.09754997310338,255.09754997310338,246.94890269210234,249.26194763183594,6043544
2014-01-24,249.53572894668582,252.67866060040086,247.2668253381353,249.2885284423828,4416224
2014-01-27,248.96189407450393,252.41382115641812,246.59586892644037,251.5221405029297,6256364
2014-01-28,250.55095791860364,251.79577573908261,246.86066818113673,249.39442443847656,3914664
2014-01-29,249.1384169520238,253.37606543313547,248.27322607637123,251.13365173339844,2616276
2014-01-30,251.23954359979007,255.14170656592248,248.57336121909813,253.23475646972656,5446576
2014-01-31,253.57027277767307,259.53830268293746,252.51086071546948,258.1787109375,3797684
2014-02-03,256.73084231706906,259.7589992727641,255.78620425754121,256.53662109375,2420852
2014-02-04,253.28773477571463,253.90572506620958,242.7995523919851,247.53160095214844,5091952
2014-02-05,249.31498221784233,249.66811958642282,242.87022524124797,246.074951171875,6655344
2014-02-06,247.1961153615186,249.23549193476742,240.839643823651,248.7322540283203,5371304
2014-02-07,250.67455932932603,251.23959206680323,244.65357134092056,247.2050018310547,4448856
2014-02-10,247.972987064722,251.16887494126632,246.59574313597184,250.04766845703125,3536760
2014-02-11,249.8446666434641,261.1803665721311,249.8446666434641,260.1033020019531,7607308
2014-02-12,261.3215961437967,266.7069398481114,260.92431669019965,263.2285461425781,7410744
2014-02-13,264.67651859998495,265.2680195175839,261.4188342474088,262.9461364746094,5433888
2014-02-14,263.79363101690643,267.280862752237,261.0744687960667,264.3851318359375,4833648
2014-02-17,264.85299481355554,268.7375054041544,264.4998574871375,265.2767639160156,2792108
2014-02-18,266.26555590744675,267.4662314919418,261.8954812995494,262.4958190917969,2802144
2014-02-19,263.4404451500464,264.85299445379997,260.50940965551604,263.8553771972656,2796248
2014-02-20,263.9702183333876,264.48227189710144,259.08808924876985,260.06805419921875,3687320
2014-02-21,259.73249522614753,273.04577631464304,259.73249522614753,271.597900390625,5888384
2014-02-24,272.0923447145436,272.0923447145436,268.4903392148316,270.1853942871094,2819804
2014-02-25,271.73040665634613,274.5378534460153,271.03296887587186,273.49609375,2798184
2014-02-26,273.50481159536383,279.3580660703476,272.1187521417421,277.6806640625,5771220
2014-02-28,270.1500382818315,280.74415743013856,270.1500382818315,278.1927490234375,16188144
2014-03-03,278.27224344323866,278.27224344323866,263.40516900770007,265.674072265625,8926652
2014-03-04,266.97184496988166,269.2672378168449,260.4476408456075,261.56884765625,6936724
2014-03-05,262.53992518353425,263.8641900342611,256.6160384631,258.2228088378906,8011076
2014-03-06,259.4501932032917,264.76490965315696,259.3795613741164,263.4141540527344,7490368
2014-03-07,263.4404494359899,265.7358420919335,257.12811963214494,262.7165222167969,8818956
2014-03-10,260.96854083690397,261.95732125462007,253.81750842560857,254.4443359375,9844140
2014-03-11,254.4443860251821,259.0439886727672,253.87935313683366,256.82806396484375,7583096
2014-03-12,255.42421462733165,259.2822354678227,254.25886580315873,257.8343811035156,4396776
2014-03-13,255.14172040008145,261.1450549977304,253.78215030389543,257.64898681640625,5891488
2014-03-14,255.07118425830294,255.14181606139832,248.158514135222,250.17140197753906,5609800
2014-03-18,251.61030701928678,251.93695468606285,248.6086401987058,249.5003204345703,4530072
2014-03-19,247.90249520559186,250.72759486605446,242.1198693380825,247.8318634033203,6437264
2014-03-20,246.48992220581624,251.76933101081215,246.48992220581624,248.4939727783203,4944164
2014-03-21,249.1385011554015,257.2076842438749,246.754823079145,251.8400115966797,7872676
2014-03-24,254.25892612473896,256.02461311171635,248.75880684954527,249.7299346923828,3845692
2014-03-25,249.15607912531112,252.40494739696862,246.03082187139995,246.79005432128906,5035292
2014-03-26,248.07900951092975,248.60871558105984,244.54763571006242,246.68411254882812,4753584
2014-03-27,248.07897401624282,248.07897401624282,244.1503212248824,245.28036499023438,7130636
2014-03-28,247.37267670888446,251.08061832978848,246.36624403329796,248.22021484375,4330940
2014-03-31,248.07903354094154,248.07903354094154,243.84138456942367,245.55409240722656,3926028
2014-04-01,248.96179989538675,252.40488861734423,247.19611337130598,250.45379638671875,5962896
2014-04-02,252.84627770727337,253.69381575127096,251.11589651485653,251.73388671875,4831084
2014-04-03,253.92349783500492,254.2589827480021,249.49162682147704,251.4868621826172,5065728
2014-04-04,254.31191097780138,254.31191097780138,246.31334012845542,246.8253936767578,4219764
2014-04-07,246.7547408406687,249.26200758225448,244.30926882896378,248.33502197265625,3937144
2014-04-09,246.40164202258458,248.07904481671898,241.4047387616965,243.70896911621094,7069268
2014-04-10,243.66471748960709,245.25383521236537,238.35882136043753,239.6742706298828,5669992
2014-04-11,237.00815007783785,248.07899779939646,235.7191900798536,247.31092834472656,7490088
2014-04-15,248.43211186345533,253.77331398418704,246.82534132136556,251.57504272460938,6943812
2014-04-16,253.99388953825013,253.99388953825013,247.54913669282357,249.40310668945312,4719656
2014-04-17,256.20116646655043,256.5189987266899,249.84469369412054,251.5662384033203,6078460
2014-04-21,253.90578970854895,254.84161243678187,250.93942693744518,254.20594787597656,3760100
2014-04-22,253.39139753539968,258.5084527377018,253.39139753539968,257.2070617675781,3949268
2014-04-23,257.26912748598033,258.5085520506065,253.90497509628062,254.69288635253906,6748472
2014-04-24,254.69288635253906,254.69288635253906,254.69288635253906,254.69288635253906,0
2014-04-25,256.39268630925847,259.18139158407877,253.71905316739898,256.6317138671875,4847132
2014-04-28,256.73773092730875,257.62303344774773,250.64684526392224,251.35508728027344,4263628
2014-04-29,251.60309963197238,253.8340587542166,249.26590847797206,250.44334411621094,2714904
2014-04-30,249.75289468517323,252.96652801379616,247.07926172701596,248.39837646484375,2430288
2014-05-02,248.41599174214363,253.67468228031512,245.40596190635145,252.26705932617188,2547248
2014-05-05,253.19663447972943,254.68394770433656,243.1041812172507,244.66232299804688,3030128
2014-05-06,244.54732255771464,246.64548695020684,242.40489300245324,244.7952117919922,2567100
2014-05-07,246.46843501022272,248.50463256957443,233.03838847413823,233.86172485351562,5386704
2014-05-08,236.37591524258897,238.38554885090886,232.3212229355091,237.22581481933594,3806532
2014-05-09,237.0841777784467,243.9895421797607,236.40249869236823,242.69699096679688,4030548
2014-05-12,241.15658736707104,248.09735568540086,237.73930843064778,246.8933563232422,4273256
2014-05-13,247.2916376506118,255.88791494691841,247.2916376506118,253.7100830078125,2679708
2014-05-14,253.90480779634376,256.3747936199583,247.1765074502761,249.9032440185547,3872396
2014-05-15,247.9911217028843,252.65666512449297,246.486106301472,248.91184997558594,2618476
2014-05-16,248.77013966751701,255.99422069628153,240.5899487026346,241.7142791748047,6331776
2014-05-19,243.9541735667215,243.9541735667215,222.38817763173498,231.45367431640625,7669000
2014-05-20,230.17880735298945,237.79241405774218,223.7072330084115,231.68382263183594,8200708
2014-05-21,232.00250309570276,237.79237582734714,231.96707800888277,236.5618133544922,4006508
2014-05-22,236.56191706071587,237.24359631819965,232.48065996716082,234.40176391601562,4503816
2014-05-23,233.21533063657668,239.35932367884377,233.21533063657668,237.44708251953125,4848756
2014-05-26,237.43833445611253,247.70785227748055,235.95102065576526,245.44146728515625,4342600
2014-05-27,246.46827142437658,252.21387729588338,242.1391498714007,244.9632568359375,3412420
2014-05-28,245.23786931472446,257.2248670352392,243.98958304908592,255.04701232910156,5542120
2014-05-29,257.6232695404941,257.6232695404941,245.23788457479216,247.84066772460938,4595600
2014-05-30,247.88482889504147,253.55076784121385,243.7681701294631,251.1693115234375,3531480
2014-06-02,251.43498680741928,252.26716322392735,243.76825195195084,244.8394775390625,2573924
2014-06-03,245.22891951344982,246.11422247198212,237.43825347836548,238.73080444335938,4747996
2014-06-04,237.63300760811774,239.91709348509832,230.46205389140445,231.63951110839844,5684584
2014-06-05,233.50753909877838,237.172685048617,231.41821527326798,236.00408935546875,4592304
2014-06-06,234.82658380421014,236.26077011579787,232.74612208153383,235.08331298828125,5101056
2014-06-09,235.14528331733626,242.7588873314076,235.13642164387784,242.39590454101562,4268888
2014-06-10,242.9272008712062,248.2390201322384,241.56384257308045,247.57504272460938,3781152
2014-06-11,248.41607155075835,251.0719810826624,245.61850486494725,248.91184997558594,3514840
2014-06-12,248.46915139977148,251.76247427377388,244.59151989370798,249.0800018310547,4033532
2014-06-13,249.29247788649553,255.8525821504939,245.4060061318924,254.78135681152344,4694564
2014-06-16,255.48081226251077,256.38381724079636,250.0007722613269,251.8599090576172,4908220
2014-06-17,254.25899771831027,260.9872998863435,254.1704674266256,257.5257568359375,7930660
2014-06-18,256.20677696903533,258.0039470044769,252.4885030807494,254.40960693359375,4956524
2014-06-19,252.48847797164763,259.18137895051666,249.58467909156033,258.2606506347656,5159952
2014-06-20,259.74792765992737,260.0843471582614,254.00231922805256,255.6666717529297,5725620
2014-06-23,252.95757430071916,255.56921757036167,249.65539052175947,251.25779724121094,2225304
2014-06-24,250.54073968042655,251.93066101595593,248.59307315287552,250.7089385986328,2555768
2014-06-25,250.70893575287366,254.68395899819717,249.4606715517809,251.2312774658203,1952040
2014-06-26,251.42607234145095,256.1093169448085,249.81482507386266,253.92262268066406,4119512
2014-06-27,253.72787877724178,263.0678268620286,252.46189096999436,262.30645751953125,7069016
2014-06-30,264.333742444175,267.0073528615994,262.9349595487235,265.617431640625,4008964
2014-07-01,264.7056827231652,266.1133063034776,261.6956515483867,265.1571960449219,3690944
2014-07-02,264.4931318106273,264.9180599577619,260.65090383851765,262.1028137207031,2509572
2014-07-03,258.5085412178879,263.9974212026513,258.5085412178879,259.65057373046875,5190000
2014-07-04,260.96073949556416,262.8641407888078,260.04887315789324,262.11163330078125,1332268
2014-07-07,263.8204463444129,267.7157817937935,261.17339749139865,267.0960693359375,4390260
2014-07-08,269.7252052454421,269.7252052454421,260.27902849986435,261.7220764160156,5588164
2014-07-09,264.7055714427051,264.7055714427051,257.6939766824424,260.84564208984375,7289728
2014-07-10,260.633211962194,265.2190859791345,258.614716731566,260.70404052734375,2593028
2014-07-11,264.52846220434395,267.18437045940766,262.11158136946864,265.8387145996094,3741516
2014-07-14,264.7764815298795,265.9450774141228,254.96731789369963,256.552001953125,6545688
2014-07-15,256.73794425247064,260.86346607117065,256.73794425247064,258.9512023925781,2453024
2014-07-16,259.92497823599285,261.54508715743975,256.91494783407745,260.2171325683594,2416688
2014-07-17,260.64206203635854,262.6428338262585,258.3314125859914,259.7124938964844,1463300
2014-07-18,262.9350184393096,267.0516778189149,262.0674170860001,265.63519287109375,2523740
2014-07-21,267.3614948616418,268.9550401952542,265.6085906718997,267.0162353515625,3082780
2014-07-22,265.9450124709086,271.50471945119136,264.88264890577847,270.70794677734375,3525144
2014-07-23,271.78798317059403,274.44389180092554,268.93731223013947,273.2044677734375,3395676
2014-07-24,274.20489788921947,281.25189668208975,273.55862238734824,280.1983947753906,3779220
2014-07-25,280.818058838609,280.818058838609,275.94003157957815,280.1717834472656,4394592
2014-07-28,280.17185940079344,287.7234989419464,278.1799274850415,285.8377990722656,7546896
2014-07-30,285.0675856738643,286.22734132944163,281.7211357801414,282.8631896972656,4575384
2014-07-31,282.24357202096104,282.41177101332806,272.86819649769353,275.3470458984375,9427436
2014-08-01,273.6029880752148,274.44402622008283,266.8304177507515,268.2911682128906,7734044
2014-08-04,269.1320730129622,276.9227382843901,269.1320730129622,275.3291931152344,5132232
2014-08-05,276.93519496394833,278.3894659691477,272.6794619492724,275.5879821777344,2896968
2014-08-06,275.68610205082695,278.16638913763876,273.9641747916631,276.1589660644531,2478928
2014-08-07,273.3664199826589,275.0348072886987,269.4407925416546,270.91290283203125,3065656
2014-08-08,270.3240569283283,274.91882552812257,269.8155140804663,273.5091857910156,2715936
2014-08-11,273.72334133655266,275.30251010326043,268.0490156390951,270.3865661621094,2854212
2014-08-12,270.8682813757066,271.5909623806881,268.13817733681424,270.71661376953125,2328568
2014-08-13,273.00968628677396,279.7189395803081,269.6550487490338,278.38958740234375,3841344
2014-08-14,280.9945306170281,281.3960151027486,271.58194989624815,274.43695068359375,2531680
2014-08-18,276.6854143791142,277.28317614729997,270.86835137397924,271.76947021484375,2279596
2014-08-19,273.54481519486825,275.1507534445446,272.2333033140189,274.5708312988281,1789556
2014-08-20,276.38201559620705,279.2459261376081,274.5530301128265,278.10394287109375,3005680
2014-08-21,278.89795485639013,282.894961252945,274.8295690670172,277.568603515625,4270200
2014-08-22,276.7925369417869,288.16793971736615,276.7925369417869,284.5635070800781,4872620
2014-08-25,285.50022852370023,288.71210609459183,282.73444505987686,285.0898132324219,2884572
2014-08-26,285.4822788508015,288.6227757951853,279.87933467372375,285.7856140136719,3685648
2014-08-27,286.3744835081401,295.43909972486125,286.3744835081401,294.4041748046875,4965876
2014-08-28,294.6005448419295,297.23250004266754,289.9254873676313,290.9871826171875,5173812
2014-09-01,296.0280153748652,296.0280153748652,291.4778560065355,292.17376708984375,1488544
2014-09-02,293.08374826190544,295.67109337593746,289.82726217010645,294.0651550292969,1692040
2014-09-03,294.4220475034633,298.3476748035095,293.1283748704936,295.84954833984375,5052412
2014-09-04,297.76779036224025,298.67781790448805,294.87710951464453,296.3938293457031,2324000
2014-09-05,297.25918963920924,298.33872400444614,294.60046515513557,296.97369384765625,2265920
2014-09-08,298.85630632437045,300.31950818511746,295.0288272835555,297.3217468261719,2090484
2014-09-09,297.99085741149344,298.3477326898306,291.9418170872916,292.7804870605469,2050352
2014-09-10,291.7454528808594,295.4748027817167,290.5499297683711,291.7454528808594,1732968
2014-09-11,293.4941582075791,295.27853411647266,289.30978363206435,292.22723388671875,2561660
2014-09-12,291.56709525821975,292.28084579740755,287.7663649242695,289.2474060058594,3091296
2014-09-15,289.43474002119774,289.96112226885015,286.4637493966406,287.23101806640625,2725728
2014-09-16,286.4101990407799,292.24512186701946,284.59014415960246,286.4905090332031,2231668
2014-09-17,285.6518117635736,291.74545982205376,285.6429029532278,290.2376708984375,2415480
2014-09-18,290.1396199779484,294.8325389031598,287.33815757531613,292.0845947265625,2857328
2014-09-19,292.63761730544206,305.3066848839094,291.57592246762425,298.62420654296875,8784152
2014-09-22,298.14243410831557,303.8524368200314,295.3142027465551,303.2279052734375,1930320
2014-09-23,303.3439352476949,309.589251561618,302.77294361176723,307.70672607421875,6775140
2014-09-24,307.8049240524001,309.5893004237184,304.0131242633488,305.02130126953125,2213248
2014-09-25,305.1996203791679,308.69699235232275,302.3892286857869,304.8516540527344,3119252
2014-09-26,306.87704903187284,307.8049160079333,301.77371531772746,305.84210205078125,3100920
2014-09-29,306.1720647334437,308.2419359497726,303.4152133084183,304.4144592285156,2720028
2014-09-30,305.8420324018283,307.6264083201587,304.4234622595287,305.9758605957031,3400592
2014-10-01,306.91277754835056,313.2473145268194,305.726162743883,310.50830078125,6437036
2014-10-07,306.28826312654746,316.949913998561,306.28826312654746,308.5544128417969,4816416
2014-10-08,307.8227005469642,311.29332494901536,297.09860510351825,298.5439453125,4308300
2014-10-09,299.9536698706134,305.1283613793866,298.1692934882778,302.541015625,2169268
2014-10-10,303.3618282790664,311.0168074134442,301.01536894993814,310.035400390625,4150172
2014-10-13,310.82052425680973,315.5223516355252,307.18039210550353,313.3008117675781,3618772
2014-10-14,309.1788648180599,313.0509743584051,306.30602340550485,307.4480285644531,2849840
2014-10-15,307.4480285644531,307.4480285644531,307.4480285644531,307.4480285644531,0
2014-10-16,307.3943982260942,310.5705957375613,294.07405083014527,295.4658508300781,5132920
2014-10-17,282.8236071416525,284.2778779953292,267.1746377179449,268.6378173828125,17284108
2014-10-20,273.00961959925434,273.9018078985983,264.08773660581465,267.00518798828125,8686504
2014-10-21,268.1965457775034,271.24219793396134,266.05564021537464,269.647705078125,5980376
2014-10-22,272.3708771588378,273.02477906700227,269.0923135915946,271.1078186035156,2648100
2014-10-27,275.54198085108885,275.54198085108885,266.40502309854946,268.15179443359375,7635320
2014-10-28,267.1305314261422,270.7046844618884,265.1508491089311,268.94000244140625,4554792
2014-10-29,267.9009287464383,272.1379726551197,267.9009287464383,270.8838806152344,5262128
2014-10-30,271.9498408861814,284.4280606341382,271.9498408861814,282.4842224121094,7462896
2014-10-31,284.49969364784323,291.0657646289432,283.75619196369223,288.15447998046875,3381084
2014-11-03,289.336960951334,291.7197446717266,280.57622754303003,281.41827392578125,4489700
2014-11-05,281.45404577522635,288.6202850056586,278.05008214077105,287.54534912109375,4521552
2014-11-07,286.8735563469133,291.11954496700633,286.8735563469133,289.9908752441406,4924336
2014-11-10,289.99082940975285,291.307621479786,283.9622263502219,289.79376220703125,2880496
2014-11-11,287.90365733763855,291.48677690624635,287.54534538077775,289.4264831542969,2249508
2014-11-12,290.1968856660445,290.1968856660445,285.10885110044296,286.7391662597656,4119820
2014-11-13,287.5364088749024,295.06992730282906,284.52660124459237,293.72625732421875,3344836
2014-11-14,290.6089723339631,295.6074296085429,287.7245648189817,288.56658935546875,3885944
2014-11-17,289.4981784424278,290.9314264110818,286.3539819633417,290.1700134277344,3151992
2014-11-18,291.1284933448151,291.1284933448151,286.2912814553936,286.7749938964844,2493496
2014-11-19,286.6585389547801,292.9200318042121,286.6585389547801,292.23028564453125,2264496
2014-11-20,293.8158491237587,295.96572119051797,290.6268634768807,295.4282531738281,2598452
2014-11-21,296.68237797855016,296.68237797855016,292.04223254807516,294.2906494140625,2194876
2014-11-24,294.3532673442344,302.6840201935995,293.5201876853727,299.7727355957031,3043364
2014-11-25,300.98209615830734,304.02774832181404,290.25064680826074,296.9600524902344,3713920
2014-11-26,294.10254383586704,295.7955814950389,289.51615369580077,292.58868408203125,3226832
2014-11-27,292.9199695365127,300.0414183371711,290.77009820046493,298.1781921386719,3862052
2014-11-28,299.1905246016459,300.6954393987177,294.6578689840806,297.8199768066406,1872272
2014-12-01,298.2947316670101,302.7378090907424,295.6073917420821,299.39654541015625,2494504
2014-12-02,297.39894485379153,300.0862847169282,293.46647960191933,294.0487365722656,1474592
2014-12-03,296.9510753379528,297.5781213492245,292.26614147981127,296.4315185546875,2619556
2014-12-04,295.3566276257782,297.37213296970435,289.62363464749933,290.9225158691406,2789168
2014-12-05,291.65701665814566,291.6659832064647,285.21636687020384,286.0763244628906,5571848
2014-12-08,285.0550932592332,285.5746500077023,275.9002264817199,279.3937683105469,5132660
2014-12-09,279.98497919114425,282.3767071920704,277.0289054694176,279.6087341308594,4783444
2014-12-10,280.3792051787216,283.06654580343775,277.1006408687142,281.7318420410156,2574040
2014-12-11,279.66239672925036,283.0394815150614,276.4734125414405,278.0589599609375,3030856
2014-12-12,277.7097109258224,280.53141792277165,269.8089357082903,270.97344970703125,4364788
2014-12-15,268.71601429800313,269.93426163858277,259.7761280018094,266.100341796875,4641384
2014-12-16,263.717653853891,280.63893070828055,263.717653853891,279.28631591796875,4342056
2014-12-17,279.46545318492184,279.4833644112788,270.5255642698916,275.7927551269531,4354888
2014-12-18,276.79596285968034,279.8416142309519,272.3349750066577,278.4531555175781,3485132
2014-12-19,280.2537545368025,286.82877134060584,276.89457935714205,284.7147216796875,4051596
2014-12-22,283.7921198780221,285.7359584419841,280.3433662785424,284.58935546875,1639088
2014-12-23,282.797781285585,283.8100171858107,272.6754660225913,275.4255065917969,4030532
2014-12-24,275.8107046419226,280.16420486285034,253.50577919345272,275.8465270996094,8100376
2014-12-26,276.17787745183523,280.88072137741636,272.6753697041719,280.3163757324219,2106668
2014-12-29,282.34990980216736,284.41020419475933,281.2839401468969,283.07550048828125,1203840
2014-12-30,282.3499290630975,285.9061722094133,281.3556042579466,284.6968688964844,1301668
2014-12-31,284.67884068750453,288.40529366839445,280.1641189222489,286.09417724609375,2909288
2015-01-01,286.47037265175334,288.7366998612282,284.0696784757439,287.8677978515625,1336492
2015-01-02,287.0167976001623,290.04451565054825,286.65848570121744,287.590087890625,933372
2015-01-05,289.3368808233321,289.3368808233321,281.04195097200227,282.7528991699219,2012624
2015-01-06,281.9914613162027,282.0631280691148,272.7918077875941,275.2014465332031,3470408
2015-01-07,275.81062017027165,277.3334459393183,267.42611189402345,268.66229248046875,3540560
2015-01-08,271.77971164499667,275.90030054930446,267.8382787800066,274.8791198730469,3906036
2015-01-09,275.3000386678193,283.72036965523546,272.83664396405396,276.89453125,6164448
2015-01-12,278.6054428707516,282.887274901514,276.0255925445898,282.2691955566406,2661684
2015-01-13,282.2692331612049,285.7448419252969,280.0835169275986,283.71142578125,2916072
2015-01-14,285.9150338419051,286.43459055962205,277.74552549965773,282.8514709472656,4133276
2015-01-15,285.7448029803852,289.954968236734,278.1306743252863,285.44024658203125,3658976
2015-01-16,285.57469779591213,294.55041008420363,282.2692779525887,293.63671875,3185348
2015-01-19,295.6074672605668,309.93995052168515,293.7800843926277,294.64898681640625,3335832
2015-01-20,297.8468846538314,300.84774800297527,295.5536788391704,299.57574462890625,3099268
2015-01-21,297.6139225261108,303.13193577868014,293.99498026762063,302.28094482421875,7541032
2015-01-22,302.4153539057151,303.3201005310697,296.8615174299585,298.420166015625,3769104
2015-01-23,297.954340127076,298.9934536780698,292.2571924316254,295.0072326660156,4683076
2015-01-27,295.4103018056644,295.4103018056644,288.00220635619087,289.5787658691406,4461772
2015-01-28,288.4411625369056,298.42910962475185,288.4411625369056,297.2914733886719,4173388
2015-01-29,297.0406208881451,297.88264526343926,288.2440664649608,295.41925048828125,4751440
2015-01-30,324.2723434148048,326.0639033231739,314.0873297096521,321.00274658203125,21415344
2015-02-02,322.4808296030126,340.39643124762443,322.1314841187951,338.7840270996094,10089756
2015-02-03,342.1879943197236,343.08377440956576,335.20090961895437,340.44122314453125,8442272
2015-02-04,341.83538066429605,343.63451424673974,339.23564142249694,341.8983459472656,4939900
2015-02-05,341.8355048645265,356.3815007712126,339.4876259015429,354.9062194824219,8494896
2015-02-06,354.42950347163804,359.2871667171884,349.9856499540638,351.67681884765625,4023848
2015-02-09,349.2119962128395,361.53606717655896,347.4668445838351,358.8013916015625,4670508
2015-02-10,357.12822822422754,357.640977207345,346.3334203182055,347.835693359375,5786408
2015-02-11,348.97813508286634,353.88978140319256,345.64973602035536,351.85675048828125,2142516
2015-02-12,350.83117646461767,358.027713417738,350.6512630407897,357.02020263671875,4365376
2015-02-13,358.02770535859867,360.5464932354933,355.6528570023615,358.5584411621094,3286008
2015-02-16,358.93632660209585,361.2661969259204,356.3365641491546,357.1011962890625,3024868
2015-02-18,358.3065611128402,367.0233570581364,357.58690747154975,365.79095458984375,6327804
2015-02-19,365.224334270806,369.66818807537226,363.4251996192257,368.48974609375,4136952
2015-02-20,368.822559612655,369.72212683122245,359.1252206040798,359.9618225097656,2668572
2015-02-23,359.8268335691749,364.81042642927315,352.3514223169405,354.6093444824219,2666340
2015-02-24,354.609281405221,359.6108822869924,351.8476153412347,355.5178527832031,3643048
2015-02-25,357.9377235037184,358.6753640805726,354.75326498218647,356.80426025390625,2276348
2015-02-26,356.7683283130092,361.26616402043487,353.5208821474124,355.40997314453125,4156644
2015-02-27,357.8478296659113,364.4416615883723,355.4099937860663,363.78497314453125,4808820
2015-03-02,367.1853182683914,367.1853182683914,359.8898200045661,364.2976989746094,4098336
2015-03-03,365.404150613086,367.90495150649895,357.1371378712486,365.44012451171875,4306688
2015-03-04,366.4836243515165,369.12834275272365,363.42509631323674,366.3037109375,3430308
2015-03-05,366.3037205730743,373.3023349927427,366.29471611730196,371.5212097167969,3448716
2015-03-09,370.0369089965119,373.3023198446314,361.80587042274726,371.6471252441406,6555768
2015-03-10,369.72204505377715,372.24083270864475,364.8643831479611,367.7699890136719,5425488
2015-03-11,370.6216535969435,380.85870985720817,366.2227791631159,370.45074462890625,10074260
2015-03-12,371.5212939465327,374.09406520276684,367.42826274203696,369.308349609375,4880440
2015-03-13,370.4057633029257,370.4417372026174,356.417494693162,362.09375,6368968
2015-03-16,363.4251725007216,371.70119128044104,362.34569179032343,370.08197021484375,7937836
2015-03-17,371.8450651047409,372.2228569320978,365.76398272613164,366.8614501953125,10007444
2015-03-18,367.02343667206117,369.31733315126155,358.9363359086578,361.0053405761719,18927840
2015-03-19,356.2286246122104,362.12979445122875,349.751740528352,352.5044250488281,10163240
2015-03-20,352.6123167835941,354.4294379359242,347.5027712554506,352.5943298339844,6271108
2015-03-23,352.8281814832009,355.3649561539861,346.0634417070784,348.456298828125,3897136
2015-03-24,348.6722320192696,352.27050066755925,345.55972085366346,349.1579895019531,5298696
2015-03-25,349.75170488158824,366.2317705340026,348.70819821181806,362.3996276855469,7518574
2015-03-26,361.9857691165084,363.425076349576,351.9465923810275,355.2929992675781,7048128
2015-03-27,353.85378039436296,360.9063788126451,343.5987137979917,346.4593200683594,4280330
2015-03-30,347.5927941351967,354.86130209027647,344.17443849929157,352.79229736328125,3275064
2015-03-31,352.63044396662764,354.087738857948,347.95269317931525,352.7743835449219,3726676
2015-04-01,340.75600406645884,346.5132332798309,336.4380821564298,338.5430603027344,8281168
2015-04-06,335.71839624059317,337.8773569881211,328.2160164277674,335.3765563964844,7728748
2015-04-07,338.1652443881368,343.9944433222065,333.72139190202023,336.2761535644531,4348138
2015-04-08,340.01837857202185,348.67220972542106,338.23723131258595,345.01995849609375,3587334
2015-04-09,348.672183738637,348.672183738637,338.5970329185319,346.9270324707031,2674132
2015-04-10,345.18188321594084,351.8027058567059,343.9944590363708,348.0425109863281,2837478
2015-04-13,348.27646931853036,352.0906257177595,343.63469347006674,351.20904541015625,3099142
2015-04-15,351.9107706727269,351.9107706727269,337.7875623405137,339.8565673828125,3098572
2015-04-16,341.4756856213261,344.67815341778396,335.8983693651295,343.3647766113281,2057382
2015-04-17,341.11586486903053,342.087401787974,336.24021528573587,338.2732238769531,3138232
2015-04-20,340.03643421822534,341.00797127983867,328.36004644974196,332.5880126953125,3223104
2015-04-21,302.5425018831038,331.0408013480981,300.4914838301586,320.4798889160156,14596284
2015-04-22,318.2669056358068,320.9296335859403,310.5666008864632,315.6761474609375,7934682
2015-04-23,317.65527220936127,326.36309002924236,317.45737175115664,322.045166015625,6391380
2015-04-24,322.04506227668105,329.92449934336736,320.74387893014034,324.1956481933594,6406490
2015-04-27,323.8702617248452,327.4485481393813,315.9004660495749,319.2257385253906,3789232
2015-04-28,317.5812921937831,319.42463913708843,308.79822647617357,314.6355285644531,5803656
2015-04-29,314.63541992799196,322.84016188448805,310.2800460401483,320.6715087890625,4076096
2015-04-30,318.8282976533799,320.96081640648316,311.7440362056213,318.26806640625,7338470
2015-05-04,318.26798098906033,334.96661798939255,312.9367075978075,332.45458984375,3352524
2015-05-05,333.611211681859,335.7798652789242,327.15947605486423,329.6172790527344,3459534
2015-05-06,327.84619228749233,334.6232345543112,318.1414765856815,322.0992736816406,4595278
2015-05-07,323.8883236568121,334.3159436246999,318.1052488663899,332.7978820800781,3639964
2015-05-08,335.21961782218386,342.9183333039863,331.0630319639537,334.5148010253906,3579368
2015-05-11,337.7677625324891,343.1893959599769,333.7557626204213,340.44244384765625,3592212
2015-05-12,340.47858386976145,341.0026795203388,329.0931535174287,330.95458984375,2464630
2015-05-13,331.0810405318895,341.20142168351936,331.0810405318895,338.7797546386719,2774824
2015-05-14,339.3220371159115,340.478656923117,331.80404146010767,334.44256591796875,2252426
2015-05-15,334.3340826875076,337.87621234060055,328.0088432853115,330.32208251953125,3405608
2015-05-18,331.623300937792,337.4063775753993,325.98481004039957,336.3401184082031,3014132
2015-05-19,336.14130218174137,338.58103743951204,332.5268795776366,337.64129638671875,2588934
2015-05-20,340.1170930354823,348.33990267050586,339.48456921740353,347.0206298828125,3073544
2015-05-21,348.41221905037037,352.02664111207724,346.98451792385987,350.6893005371094,2092768
2015-05-22,348.15919761764746,357.1048920282748,346.0628372790104,355.7133483886719,2995660
2015-05-25,356.0207137731937,365.05677249840164,351.7737661723459,361.1351318359375,3291366
2015-05-26,361.3519404065267,363.9723970886446,356.20138761753645,359.0929260253906,2462108
2015-05-27,357.82780126436035,363.23136691781224,355.7675761782775,358.3699645996094,2945442
2015-05-28,356.41819574756533,360.2314291533716,346.4423984201478,354.2495422363281,3337232
2015-05-29,352.76761097498763,377.6890346960372,347.707419833953,365.3277282714844,11358676
2015-06-01,358.83984100392746,360.900066124033,350.3278809120871,351.7917175292969,2304588
2015-06-02,353.12914374538286,356.70743150832686,342.1774459512922,344.3460998535156,2331440
2015-06-03,345.2677667955158,349.1532716299066,337.02688653564314,344.2015075683594,3619974
2015-06-04,340.51464354170474,342.93631037911587,337.6953991602361,339.9905700683594,3107452
2015-06-05,340.11718405075817,342.9725868750336,334.5148287343004,335.7798767089844,3000646
2015-06-08,332.1654676048748,335.4184482451837,329.9787461421378,332.14739990234375,2978860
2015-06-09,330.73767729368456,334.3340315588046,325.74977939715967,329.4184265136719,2442408
2015-06-10,330.71966880357166,341.9243788941845,328.82209693338723,340.6773986816406,5172246
2015-06-11,339.77372357395797,341.5447991150344,329.09311135720293,330.6473083496094,3641272
2015-06-12,330.32221351482247,330.32221351482247,319.0632740897022,323.9788818359375,3693056
2015-06-15,324.9365935425536,333.5569826671005,322.0450554465131,328.2076416015625,1717342
2015-06-16,328.80398559070693,329.50880231822003,324.71969299578836,327.5750732421875,1778324
2015-06-17,328.96663899869947,332.02080805011974,325.1534060028593,327.5750732421875,2501764
2015-06-18,330.86421074159495,332.7256249029072,326.81605354218084,330.267822265625,2637416
2015-06-19,330.7377298149252,338.8521128221089,330.2678592972821,331.87628173828125,3563616
2015-06-22,332.23764459135924,338.12914750616136,329.6352565746864,336.7014465332031,1651062
2015-06-23,339.6472718607579,343.13517618407894,334.42442716487903,335.2196044921875,2200268
2015-06-24,335.77985403872395,341.1653524487641,335.5991329116848,339.0689697265625,2617310
2015-06-25,336.1413538271568,337.2437484786459,330.28598389673965,334.7317199707031,3102502
2015-06-26,335.0568836498086,346.98447497714807,335.0568836498086,345.9905090332031,3170238
2015-06-29,336.8641408999569,343.1713118986858,332.30997786227744,335.5629577636719,2336726
2015-06-30,335.2557071413228,335.97859153904466,329.2738431623105,332.43646240234375,3974968
2015-07-01,331.53286615194685,343.0086562858518,331.4786409963329,341.2195129394531,2148066
2015-07-02,341.63520418285674,346.96647713738287,339.9364212699558,344.9966125488281,1977048
2015-07-03,342.2857905175318,350.23751954750617,339.7556949170854,348.755615234375,1725652
2015-07-06,341.5989600689113,352.586810025711,341.02066146515455,350.580810546875,1624082
2015-07-07,348.79182510243095,349.8038591465492,337.22567131665085,338.4184265136719,2544644
2015-07-08,334.3340179672323,342.2857459621286,334.3340179672323,337.2255554199219,2349626
2015-07-09,339.3942701064917,339.3942701064917,329.72568999429933,331.6051940917969,2299680
2015-07-10,336.1412650791087,336.1412650791087,331.4605839113007,334.5690002441406,2360456
2015-07-13,337.91242917239384,348.0689494012602,337.8039788293258,347.2918395996094,2415516
2015-07-14,348.06884608307314,349.87605712192607,342.64721296651436,345.15924072265625,2424140
2015-07-15,344.07492254430554,346.06285473583546,340.8400102932249,342.7014465332031,2391962
2015-07-16,346.5507938177132,348.2857120500316,341.5809633257853,345.737548828125,1770108
2015-07-17,348.0687898902172,351.6832113844043,344.29171501665604,345.32183837890625,2073870
2015-07-20,345.79191518611157,346.9123776939134,340.84015037091757,342.159423828125,1413184
2015-07-21,342.7918011860246,357.82778831519863,342.61108008081493,352.3338623046875,3963108
2015-07-22,352.3338671042791,356.36395662962707,349.62305048920615,355.3157653808594,1401298
2015-07-23,355.6591584918902,359.61695536895184,349.00861255760594,350.6170349121094,1595332
2015-07-24,354.4664232339396,354.4664232339396,343.5689304416049,344.3279724121094,2367716
2015-07-27,344.0386996601303,346.3519382310004,333.7014630542876,338.7074279785156,3351408
2015-07-28,338.924473058899,342.9906992210789,332.58116465803624,333.7377624511719,2392180
2015-07-29,337.58704876743434,344.8158934947884,334.44249689889864,343.8580627441406,2906782
2015-07-30,346.9484093706141,351.6832938135114,344.4725168303783,346.22552490234375,3093446
2015-07-31,345.53878797172393,363.6109003133413,345.53878797172393,360.8097229003906,3933792
2015-08-03,344.25565439154775,348.23151889863317,337.69546913058366,339.34002685546875,7071618
2015-08-04,340.6954249819929,343.3701062125531,336.14126187123617,337.189453125,3809446
2015-08-05,339.35817295336597,341.5629620854099,336.5750629242364,338.8160095214844,2358616
2015-08-06,341.9965482093118,343.3700238927474,340.35199092806613,341.92425537109375,1869728
2015-08-07,343.7411390673742,344.1953424752328,339.9258304413621,341.32476806640625,1818186
2015-08-10,341.28849901846445,345.194648993922,337.9637206333085,340.2710876464844,2216746
2015-08-11,341.99701510193444,343.74115181722374,340.4708871593432,341.7063293457031,1718378
2015-08-12,342.21501381555385,353.7699441648389,341.81532368472205,352.7525329589844,4219772
2015-08-13,355.2961034930099,359.32944344938073,347.411127138785,350.84490966796875,3156994
2015-08-14,351.40803691567567,357.5125476465358,349.50038285675635,353.8062438964844,1578496
2015-08-17,354.78735858284296,356.1681324439696,349.55492669258405,351.89862060546875,1681246
2015-08-18,353.8971083469288,358.257460774606,350.64500772570636,352.31646728515625,3223016
2015-08-19,354.2969101111873,362.5270867834721,353.0069765470341,359.0569763183594,3291464
2015-08-20,360.61929929935616,360.61929929935616,347.55640640556425,349.2823791503906,2518670
2015-08-21,347.7381292032436,355.1870650952671,341.56096285376066,350.60870361328125,3595260
2015-08-24,343.0144380799376,344.75857485493304,333.94853297688417,337.164306640625,4216894
2015-08-25,337.92738515718196,339.2718318777967,323.3565465608135,332.1317443847656,5470038
2015-08-26,331.42314810187116,339.70783636166334,321.21266392299106,330.66009521484375,4808772
2015-08-27,329.9697460791295,337.18251088434545,328.98868427254286,331.78656005859375,4055770
2015-08-28,335.96519324449366,346.97510242538834,335.9288658402798,345.9940185546875,3081798
2015-08-31,348.174211570946,356.0955155423273,348.174211570946,352.8434143066406,5442574
2015-09-01,351.37173574111046,354.82368143867046,336.4738648358514,345.9212951660156,2847484
2015-09-02,345.1946425812474,352.08037172937,343.0507932982654,344.7949523925781,4090120
2015-09-03,349.55492154219644,351.2808943876491,345.3762504426796,349.1915588378906,2251964
2015-09-04,348.1924107848467,350.40891504260435,340.10758830640907,341.6700439453125,2665780
2015-09-07,341.5610372125892,343.3596875356196,332.47696707395653,334.6026306152344,1340504
2015-09-08,333.5669830139289,343.03257760614053,333.5669830139289,340.23468017578125,2376662
2015-09-09,342.6510778962466,347.3747937102988,340.8342641216111,342.7237548828125,2106428
2015-09-10,339.01744929697287,340.10753755837794,330.2967432057324,332.803955078125,4118846
2015-09-11,334.65704925202755,336.0923363635526,329.37012636229036,334.3663635253906,2202750
2015-09-14,334.7297445200046,338.29069476617366,333.2762936294947,337.40045166015625,1539742
2015-09-15,337.9273727630875,338.5087443181852,334.65710786538017,337.4913330078125,2451676
2015-09-16,340.834158598312,344.34061696890916,337.98177072640334,341.16119384765625,1801066
2015-09-18,346.6480761837934,347.3384743052158,340.68891799458794,345.39447021484375,2847952
2015-09-21,342.3059034733599,352.18937555410093,342.17873537114633,343.01446533203125,1972562
2015-09-22,344.104555050447,350.8267665271453,338.2907505300593,339.74420166015625,3214488
2015-09-23,339.744232338877,339.744232338877,331.65940969765774,336.8736572265625,2276518
2015-09-24,337.20059560647866,348.2831582853554,337.0552416510056,346.99322509765625,3062620
2015-09-28,347.374776793053,350.4451963582371,343.3777866835095,345.37628173828125,1557438
2015-09-29,341.5610184199197,349.0099555237584,341.5610184199197,346.5390930175781,2818428
2015-09-30,349.55506077539104,359.62021612934933,346.59364468456096,356.8768310546875,3516284
2015-10-01,323.39288281855164,332.40427556712814,303.3534160963301,311.4200744628906,26766424
2015-10-05,307.2959021371412,316.41629888535914,304.51616804732424,312.4556579589844,13383762
2015-10-06,313.5819382695446,315.3987513533774,308.38585728536157,310.16632080078125,5909462
2015-10-07,307.0415757182853,308.40418626141377,294.72356753724137,296.9400939941406,13752674
2015-10-08,301.15510757256317,304.2800412017857,295.23229790856357,301.1006164550781,16981832
2015-10-09,303.5895232171133,309.14896786019534,302.8627978473536,308.5675964355469,9468336
2015-10-12,312.1286411065615,312.83720299285005,301.4639519375866,310.7115173339844,4835846
2015-10-13,309.58508759452945,309.94845037339627,300.264823445434,301.5547790527344,5837378
2015-10-14,301.2277766090549,304.843241089582,299.7743253347048,302.8810729980469,2702158
2015-10-15,303.4078369140625,304.82496023308374,300.8642981614895,303.4078369140625,3644676
2015-10-16,303.7893845086654,307.3140071761204,303.40785810471243,305.6425476074219,2270164
2015-10-19,301.59103229003483,312.85527566472285,297.48503833419596,311.6743469238281,10051980
2015-10-20,312.1286554095418,315.5806021224529,308.29518217973225,314.0544738769531,5670558
2015-10-21,314.96295265183323,315.74419174650706,309.6215136648147,313.600341796875,2594696
2015-10-23,316.87128924037404,317.9311905955212,309.9271664081167,311.7362976074219,3064858
2015-10-26,314.0753306048647,317.47431354932,313.2530003390389,315.6103515625,4157440
2015-10-27,315.40942531496086,319.4297076770287,312.3393825883431,317.1089172363281,3081400
2015-10-28,316.8713005673547,321.6225426750544,312.120058459655,320.72711181640625,3351280
2015-10-29,320.7819137259353,323.5230146937874,319.155522690249,320.1240539550781,4243554
2015-10-30,320.1606104719858,320.5260906209264,317.07229875200994,318.58905029296875,2655794
2015-11-02,319.7952353363958,321.95157784609364,318.0043730956539,320.2703552246094,2020104
2015-11-03,320.2518829304428,322.3168540656285,319.52092285528056,320.1970520019531,2115610
2015-11-04,321.2569751152959,323.2305763767413,319.7950548644869,322.20721435546875,1683688
2015-11-05,322.20726081984503,323.0113215351673,319.44789040995033,320.70880126953125,2370498
2015-11-06,320.70874795179475,325.0945086075458,319.6488468704687,323.61431884765625,2653852
2015-11-09,321.2204743876758,323.4498941135136,318.00423160614946,322.53619384765625,3043880
2015-11-10,320.2518794946034,321.5675986929271,309.63468897820565,311.1331481933594,1678382
2015-11-13,301.52106820059765,313.14333036799394,300.8632085132232,308.24591064453125,2950796
2015-11-16,302.65397615039143,307.88035794555384,301.5209970841993,306.49151611328125,2876114
2015-11-17,308.64793001948,314.27633221918376,305.4499792939969,313.12506103515625,3405776
2015-11-18,312.1017483118999,312.1017483118999,305.2672657077198,309.0682678222656,3046948
2015-11-19,310.6581823878081,320.47131722626034,309.21453107881285,319.41143798828125,3528336
2015-11-20,318.698719603481,319.57588096561267,312.66829658346103,316.70684814453125,3386922
2015-11-23,315.04388143315845,317.2184927327847,313.8012400313328,315.6834716796875,1179312
2015-11-24,315.08031492706124,318.88131604111976,313.07017482594244,316.57879638671875,2248674
2015-11-26,314.7515429872788,317.6022839978684,313.1616907820616,315.37286376953125,2081658
2015-11-27,315.77483801428093,319.79511951677756,315.4824583664359,318.8996887207031,1580942
2015-11-30,318.75355260772,322.2621534645746,315.28149084654797,318.3149719238281,5165146
2015-12-01,318.3148396080931,323.70567010170737,317.6204186216565,320.7818298339844,2547178
2015-12-02,322.35346940815674,322.35346940815674,312.850986182973,314.18499755859375,2575382
2015-12-03,312.85106131539345,312.85106131539345,310.3840698856284,311.0784912109375,3836614
2015-12-04,310.38393144744435,310.65804148404794,303.7687514869309,305.54132080078125,3778328
2015-12-07,307.07640325382533,311.69971341717957,304.81042203387284,307.8439025878906,2622184
2015-12-08,307.6063889391036,317.200243243656,307.6063889391036,313.6002502441406,3176258
2015-12-09,313.21660583514165,313.21660583514165,306.8938013339712,308.5567321777344,2604402
2015-12-10,308.46522717426285,310.65810793616515,305.90686628537674,309.0865478515625,1837816
2015-12-11,310.62164005586993,310.62164005586993,305.6328262560093,307.22265625,1062294
2015-12-14,308.09975606261276,311.6266483140611,301.8865937220856,307.31396484375,1536460
2015-12-15,310.54843848940703,310.54843848940703,307.33221814272963,308.9037780761719,1609352
2015-12-16,310.4022863907494,314.23982795903845,307.99012632782296,309.5799560546875,1630720
2015-12-17,311.1880350627777,315.884445416719,309.65301418403243,314.47735595703125,1939764
2015-12-18,314.31286671405314,316.14026710192553,308.7941264655319,309.2509765625,2838258
2015-12-21,308.8306616376372,313.563633043688,308.15453242554423,312.6499328613281,917704
2015-12-22,312.48554417270753,312.65001471001574,309.14139170695097,310.384033203125,1436920
2015-12-23,310.6581600889002,316.3048334601795,310.47541999473026,315.7017822265625,1346418
2015-12-24,314.56877789102106,316.5058182758543,312.6865461458554,314.4225769042969,741556
2015-12-28,313.76477471753213,319.42971823310785,312.0652827400024,317.127197265625,1803666
2015-12-29,316.12200574598654,316.50575537595086,309.3971632216115,312.302734375,2285528
2015-12-30,312.4306968966236,313.7647083652367,306.27236530002136,307.1860656738281,1752074
2015-12-31,305.90691235476936,314.3129565413401,305.8886428070962,312.5220947265625,1747706
2016-01-01,312.52211030932654,312.52211030932654,308.2825489093046,309.14141845703125,970392
2016-01-04,307.368816731836,312.4672694612889,306.0713666160961,309.1779479980469,2172072
2016-01-05,310.27432277483456,311.0418220308585,305.68755216725464,308.026611328125,1465382
2016-01-06,312.01041614187625,312.01041614187625,305.9068930262802,307.5150146484375,2797870
2016-01-07,305.57791852871816,306.2358005885317,299.3282174175792,301.53936767578125,2901314
2016-01-08,302.6175132551696,305.81546402930337,297.42769153743427,302.74542236328125,3376870
2016-01-11,297.86631378597286,304.4449562990373,296.4409323186206,297.70184326171875,2535276
2016-01-12,298.9627924015769,299.32827258788694,291.67145822326444,296.0572204589844,2315328
2016-01-13,297.79322325095495,303.29369507459285,293.95568165672324,302.0328063964844,3158468
2016-01-14,296.05720008783254,307.66119520472535,296.05720008783254,302.92822265625,5081220
2016-01-15,302.8003182815389,307.73430053476864,298.2318161952152,306.2906494140625,4571182
2016-01-18,303.75047088080265,312.10170368935553,303.75047088080265,307.86212158203125,3774136
2016-01-19,316.8712618742777,317.96770222678384,292.38409400164034,306.36370849609375,10618998
2016-01-20,303.73225068386023,309.19618296481946,300.79014016553947,307.6977233886719,3976018
2016-01-21,308.465224027705,310.71293570858137,303.80535245619643,305.26727294921875,3348430
2016-01-22,306.272397811476,311.0053707116375,304.04297758558516,306.729248046875,2018478
2016-01-25,309.7444806921286,313.91096404553434,305.8521074986274,306.52825927734375,2190134
2016-01-27,308.4792999559612,309.5468387400963,305.60801740937404,307.7430725097656,2201518
2016-01-28,306.63873197059786,312.8230380377737,305.42396117545456,310.8720397949219,3201306
2016-01-29,311.14797765658557,320.2587880050038,310.0620381921904,318.6943054199219,3835114
2016-02-01,318.7126775068795,327.58422671895846,318.7126775068795,324.0503234863281,2594492
2016-02-02,323.94000125056846,325.7805694394921,319.17292514768144,321.234375,2225464
2016-02-03,318.9151738969926,320.25879737889056,312.47318659339425,313.6695556640625,1956090
2016-02-04,314.77390346323637,322.02574525686003,312.51001849749565,319.2832946777344,2634614
2016-02-05,322.8356001110585,322.8356001110585,315.97027305997557,320.1299743652344,1967702
2016-02-08,318.8231211391599,319.87225818628116,311.42404813168855,312.8044738769531,1610434
2016-02-09,310.31967517503784,310.68778866872117,296.6810747276438,298.33758544921875,3334436
2016-02-10,300.1966184540092,306.6386059744815,297.2885122433339,304.5771789550781,2265394
2016-02-11,304.5772663965766,304.5772663965766,295.0799155226346,297.43585205078125,3238414
2016-02-12,299.64449997736745,304.00663758079776,288.9508033353862,293.8467102050781,2784934
2016-02-15,299.27631330377534,306.45452746050796,298.30080341840556,304.4667053222656,2761612
2016-02-16,303.73055208906567,308.44242460436004,301.5770963055256,303.4360656738281,2104598
2016-02-17,305.5158499507502,307.3748189128771,300.5094921140829,303.62005615234375,2720362
2016-02-18,305.1845027579269,311.79214479466924,304.5587052936915,310.6694030761719,2129164
2016-02-19,309.9515616449353,315.4732640495363,304.94522711857627,313.467041015625,2366136
2016-02-22,312.8229596959356,312.8229596959356,309.2522529752037,311.4057312011719,1847550
2016-02-23,311.0559225453239,312.52837661654434,304.4298792248318,305.147705078125,1260954
2016-02-24,305.3870979765017,308.8473755333945,297.80396520442923,298.55859375,1722248
2016-02-25,297.06771517581143,300.012624372102,294.3804900277711,297.7119140625,1619632
2016-02-26,299.7732924274108,306.27050626501267,299.6444616583177,303.56488037109375,2047824
2016-02-29,302.58934075877073,306.1416455346311,292.65027482143887,299.36834716796875,3094060
2016-03-01,299.6077012025946,309.7308263235244,297.80393537571587,306.3257751464844,2114472
2016-03-02,308.11103647172877,318.4182157085369,305.29495887166803,314.6818542480469,3279278
2016-03-03,318.4182900268781,318.91523444034885,313.48555839653795,316.3200378417969,2015842
2016-03-04,316.65133847042904,316.9826272456685,305.66313350027406,307.5221252441406,3554776
2016-03-08,304.7980626868675,306.25211590944315,297.96955985816953,300.1046142578125,6490012
2016-03-09,299.62603351567174,301.1168889244747,294.9877892275566,300.2518310546875,12221478
2016-03-10,302.51575979407073,302.92069824524447,296.8468236884835,301.06170654296875,5015794
2016-03-11,300.7488083479751,303.6937171200483,299.0922971636839,302.97589111328125,4241030
2016-03-14,303.27035255122433,305.6815143843244,302.58935144084694,304.76123046875,2852722
2016-03-15,304.06178184921083,304.41149420326457,298.3560220203213,298.85296630859375,2711290
2016-03-16,299.44196938851053,300.56471121361614,297.25168928964484,299.9757385253906,2436508
2016-03-17,301.8531240934655,305.16614618717426,298.3744464014975,300.12298583984375,3429634
2016-03-18,300.38066384978487,305.092512906796,300.01255029114543,303.38079833984375,3323064
2016-03-21,304.7980632291728,304.7980632291728,300.0862136051946,302.7918395996094,3316402
2016-03-22,302.1292656368281,305.90243039196366,300.7488395069005,304.9637451171875,5466422
2016-03-23,304.79800408996005,305.53423115297926,299.42355551706646,301.0064392089844,5018640
2016-03-28,301.8163669129852,304.2459078249831,296.8652342158463,298.41131591796875,5914488
2016-03-29,299.8652382313404,300.45423329265014,294.4539879339503,296.99395751953125,5063370
2016-03-30,296.4970677251346,302.58934257414256,296.4970677251346,302.073974609375,4604684
2016-03-31,300.01246343775864,303.5095412324319,298.13509381934205,299.68115234375,9173934
2016-04-01,301.8531423060962,303.3255966588089,297.06766565978,302.0003967285156,5329616
2016-04-04,300.0125731262748,309.93323878028207,300.0125731262748,309.1601867675781,5661970
2016-04-05,309.16017853319113,312.4916243780103,306.47295391573516,310.4117736816406,4999776
2016-04-06,311.7920934458248,312.1418057183506,304.09851332170507,308.7551574707031,2165840
2016-04-07,311.7554461700061,311.7554461700061,304.4299758533742,304.9637451171875,1881660
2016-04-08,306.2151816479032,307.74286153861937,303.9144724557783,306.6753234863281,1445784
2016-04-11,307.90864881859574,309.9332737738084,303.47288409211353,308.957763671875,1940546
2016-04-12,310.3197805220477,311.05600775934795,305.9944455029089,309.08660888671875,1419372
2016-04-13,311.0376179803075,311.6081896165683,307.4301088787937,308.3135681152344,2636408
2016-04-18,311.07439094686424,316.8169765462435,311.0559897605709,314.111328125,5853044
2016-04-20,317.49798073184286,317.49798073184286,307.558913508933,309.65716552734375,2778022
2016-04-21,310.68785773633675,314.8659378313067,308.66323307099333,311.51611328125,2235054
2016-04-22,308.60801569672066,313.9640863449004,308.60801569672066,311.1112060546875,2221718
2016-04-25,309.6756059171242,312.89660033230973,309.6756059171242,311.09283447265625,1662860
2016-04-26,308.86577602132803,314.8844481176529,306.69391880896256,312.822998046875,2257126
2016-04-27,312.712530513024,315.0684667459452,305.9208295062471,308.3135681152344,4550172
2016-04-28,296.3314413758067,302.9574860276881,293.2577018716655,294.4540710449219,17843912
2016-04-29,292.2822180906644,292.2822180906644,275.0545049436305,276.1956481933594,17978662
2016-05-02,276.08517907387255,278.4042900845192,272.44084572294963,273.2138977050781,5021166
2016-05-03,274.98090787026695,275.1833658925268,267.2689220917092,268.1340026855469,6999808
2016-05-04,267.61860917344103,272.5881431814761,267.34252395077243,271.3365478515625,6404110
2016-05-05,273.4520504529853,274.56545458565404,269.2582327503861,272.004638671875,5077866
2016-05-06,272.02317287810615,272.02317287810615,267.588108845976,268.1819152832031,6136478
2016-05-09,268.7014215082333,272.0416325490815,266.5673977876914,267.7364807128906,7384902
2016-05-10,268.5159439913274,268.7757428006936,265.76953826762195,266.7716064453125,5401936
2016-05-11,263.8767399863591,266.02931645720196,262.16952963244347,263.04168701171875,8421688
2016-05-12,263.87673622898046,266.8087090257626,263.32003425381384,265.24993896484375,3558646
2016-05-13,266.47472504006976,269.8149374709341,264.61905146736734,268.3860778808594,7150908
2016-05-16,269.27665782964135,269.2952100259743,265.78800678563476,266.8271789550781,3233028
2016-05-17,267.21690934733056,274.26846667732957,267.21690934733056,271.7818603515625,7834720
2016-05-18,271.6706007651987,276.34688893057915,269.8149272627042,275.4747314453125,4249196
2016-05-19,273.89736579914427,276.1241736511698,270.0004520580995,270.96539306640625,3490682
2016-05-20,270.5570522303164,274.6395317564254,270.5570522303164,273.396240234375,3846760
2016-05-23,274.0272301713689,274.58393208624454,271.67053445929906,272.24578857421875,2076592
2016-05-24,272.78388427486686,275.17770656528086,270.9467637890954,274.3612060546875,2790030
2016-05-25,275.3818803732076,278.49942015531724,274.69529040622643,278.1097106933594,3373494
2016-05-26,278.7406663277784,279.0932487655807,273.3963411129854,274.9736633300781,6462218
2016-05-27,275.6046105336039,281.9510272963412,275.6046105336039,281.171630859375,6090190
2016-05-30,282.4705194126859,283.43548291079526,276.569493189653,277.441650390625,3186652
2016-05-31,277.6086460037606,279.5942068039816,273.28491939480523,274.5653381347656,30096216
2016-06-01,276.12407748253474,276.2539655010944,271.55912750621764,272.6168518066406,4493556
2016-06-02,272.7839844032262,274.4911948365454,265.5468582864059,267.7179870605469,8587656
2016-06-03,269.18393272737114,269.6107465971078,267.4767225529433,267.9220886230469,3006706
2016-06-06,267.9592227695676,270.4458295057763,265.58395190017916,268.9241638183594,4081070
2016-06-07,270.1860839006193,271.4665032517554,267.8108125636634,269.70361328125,4984376
2016-06-08,270.55714647386725,276.4953005802896,270.3158999023898,275.9385986328125,3800608
2016-06-09,277.8684533418482,280.54062674025994,276.1241163559227,279.4828796386719,5557702
2016-06-10,278.35100526175796,281.32008265121675,276.84791436379703,278.7406921386719,11571664
2016-06-13,276.4954244488209,280.5779072259176,275.270684146146,279.70574951171875,4130226
2016-06-14,280.20657893093085,283.899372150604,276.1426511696273,279.24163818359375,3292742
2016-06-15,278.72205307973354,281.0601962648647,278.3323663242543,280.28082275390625,1958544
2016-06-16,279.2973584475732,279.8355081860753,275.5674599842983,278.9819030761719,2266304
2016-06-17,278.35109843841036,280.20677242799974,277.5531495619787,279.70574951171875,5434012
2016-06-20,278.33231262591426,290.02304894834526,277.552916613068,286.0148010253906,8265372
2016-06-21,285.2169541696579,287.9262323528541,284.36334907800153,285.8107604980469,2932940
2016-06-22,287.25816654655574,287.25816654655574,284.4004257339228,285.9406433105469,3134118
2016-06-23,285.77360277815416,286.5158718762793,282.8045263856539,285.6993713378906,2584436
2016-06-24,276.10562927180257,277.12624956622926,268.4416896363851,275.32623291015625,6163378
2016-06-27,271.00252675507977,277.97985366508624,267.5880834346157,272.8025207519531,2887506
2016-06-28,270.55716025296897,273.7118047826675,263.9324158015066,264.6932373046875,5685362
2016-06-29,265.6211207502869,270.9097904528615,262.7633789068637,270.35308837890625,4966468
2016-06-30,270.6313576241516,272.95094889792506,269.59218526395273,271.09527587890625,4793986
2016-07-01,272.7839438086187,273.4519815895349,270.92827072148526,271.5592041015625,2023766
2016-07-04,272.78391828996183,278.3509370305733,272.43133590593834,277.7385559082031,3263618
2016-07-05,277.60865918892347,277.60865918892347,271.7447374958655,274.0457763671875,3735640
2016-07-07,275.01078294889953,275.01078294889953,265.63963278768534,266.1406555175781,6865136
2016-07-08,265.3613009108981,269.3509987917262,265.3613009108981,267.903564453125,1702632
2016-07-11,267.9591092545494,269.66631889527025,265.3797199466486,266.0292053222656,4248750
2016-07-12,266.4746949680495,268.4417042026815,265.75097782591496,267.7179870605469,3229836
2016-07-13,268.14472484588623,268.70142669677733,265.95502183814534,267.2168884277344,6713100
2016-07-14,267.77355900459014,270.8910980663767,267.0683943482504,270.2787170410156,2168772
2016-07-15,272.0045441218785,274.63959059233446,263.59833678135885,266.2890625,5935062
2016-07-18,268.0333480151905,268.96118429144616,265.3611750091236,268.1446838378906,1857346
2016-07-19,266.38183947532923,271.55917129338883,266.38183947532923,270.9839172363281,3469512
2016-07-20,269.03556672157083,271.6335097531954,265.95513043368925,270.9283447265625,2444450
2016-07-21,270.92836958481166,271.262399923289,267.272701330088,268.5345458984375,1770048
2016-07-22,269.07254750543075,270.92822024684756,267.8106809803653,270.6313171386719,1828628
2016-07-25,270.7427094563436,275.0107576520228,269.0726036406431,274.7880859375,2976604
2016-07-26,274.23128719726833,277.3859304022475,273.2477717254035,276.5879821777344,2698330
2016-07-27,277.23758811419106,280.16956095836497,275.567482161696,279.64996337890625,3354578
2016-07-28,281.134371687036,281.67252121939543,276.9034295076771,278.64776611328125,4554068
2016-07-29,277.97984494257736,281.3200566975616,276.6808737045279,279.4458312988281,1694656
2016-08-01,279.4642996934439,293.56741176296697,279.27873242937125,289.6519470214844,6053078
2016-08-02,291.65609052735886,298.72622215321223,289.91177618359814,297.1860046386719,9400178
2016-08-03,318.0623788291682,318.61908077577704,302.9757470151653,306.6128845214844,19105090
2016-08-04,309.15523022074893,310.2686344112198,304.36758314081766,305.75933837890625,2971674
2016-08-05,306.1118144011349,308.5798685589042,303.3283048933913,304.9798583984375,2600712
2016-08-08,305.07269852894166,307.81910414594665,301.212888902707,303.99639892578125,3029132
2016-08-09,304.70162572375807,306.03770174519656,301.0088304796002,303.1614074707031,2480738
2016-08-10,305.36715221935503,306.5822648544489,301.1796825744415,305.8905944824219,2305396
2016-08-11,306.58238502639676,309.3678027226253,304.2643185268548,308.2835388183594,3479246
2016-08-12,308.8443286400705,312.3775078893298,301.7219016956184,304.4138488769531,3303140
2016-08-16,304.03996821479905,308.0030968324184,293.70215166561565,296.2445373535156,4489542
2016-08-17,295.36590248051454,299.42250100055503,292.3748553667878,293.3282470703125,4735658
2016-08-18,295.2911474664604,296.263251555045,291.6644979611128,293.7956237792969,3083444
2016-08-19,293.49639807866305,297.0108863683176,291.477432836543,292.31866455078125,2618344
2016-08-22,293.4777836414478,294.3750840074694,286.0188559707834,288.7294921875,2693530
2016-08-23,290.13162327897834,297.55315116402494,288.48653793655683,295.7398376464844,3415382
2016-08-24,297.23532047879183,298.4878123868198,292.03836675378943,295.49676513671875,2417448
2016-08-25,298.3569819042097,300.9741484121414,296.88014766790064,298.37567138671875,4425822
2016-08-26,298.35687324438203,299.2728857525279,288.9350726832165,291.15966796875,3324064
2016-08-29,292.7299451361317,292.7299451361317,280.82182925732224,282.3173522949219,3060904
2016-08-30,282.6539881690069,290.0381366694538,281.8688473298233,289.3464660644531,4320538
2016-08-31,289.38383779943234,296.65582640113325,289.0286463544362,291.0849914550781,5584352
2016-09-01,292.1131492911091,295.1976667866991,291.29060672830917,293.0478515625,2597516
2016-09-02,294.2255703323819,294.4312002574749,291.29059166011046,293.3282470703125,2263652
2016-09-06,291.7205412033933,294.73027756436164,289.64550699302856,293.7207946777344,3044598
2016-09-07,296.07623189379234,301.7218231746874,292.7486834520201,294.2815856933594,3579364
2016-09-08,292.1879083911963,292.337469871491,280.59760108457175,289.3651123046875,5158732
2016-09-09,289.3837270285383,295.1788791847946,289.0098462442637,291.8326416015625,2934120
2016-09-12,288.63600612519406,296.1510018199336,287.8882444512946,292.63653564453125,4770494
2016-09-14,293.3656811499265,297.10449045371763,289.7577210438156,290.262451171875,3247132
2016-09-15,292.73016106900883,293.3096721095818,289.7578022752402,291.2533264160156,1906998
2016-09-16,292.37478730642573,295.72102504993046,289.3837408889687,294.00115966796875,4318854
2016-09-19,295.36587252505166,298.43170006966665,292.3374467574921,295.01068115234375,3766566
2016-09-20,297.2166184466555,297.51571859505935,293.3095585772216,296.1323547363281,3031210
2016-09-21,296.8427350675704,298.3569480973217,294.8050796675917,296.3379821777344,2806130
2016-09-22,298.7308439277968,299.08603535251285,293.0478495919779,294.9359436035156,2234722
2016-09-23,297.1044569046716,300.6002340810207,296.26322490631054,298.0765380859375,5211570
2016-09-26,297.2539611448585,297.9643438780497,293.7394948950658,294.9732971191406,3651990
2016-09-27,294.9733966133085,299.0299960204147,293.12268124301437,297.55316162109375,3263196
2016-09-28,298.3569766449887,299.8151213730856,295.36592926007654,297.72137451171875,3066374
2016-09-29,298.7307799823202,300.8245034800287,292.113084797961,295.7584228515625,5692688
2016-09-30,297.98308851615826,300.60025491466905,294.24427937542856,299.0673522949219,3662600
2016-10-03,300.9741974737211,303.59136440827524,297.0110681007788,302.3201599121094,3033736
2016-10-04,303.7781587734631,306.956145665247,302.84345674646784,305.8905944824219,3013374
2016-10-05,305.9279933536754,307.7973975293777,301.44142333199,305.0867614746094,1596940
2016-10-06,305.0868803918799,305.3672911275342,298.0579225154556,299.6842956542969,3177462
2016-10-07,299.9086179058764,302.6379443199948,293.60871010697434,301.5536804199219,1535854
2016-10-10,299.85242922924834,305.0306696584368,299.85242922924834,303.9651184082031,1538488
2016-10-13,302.7687881821931,308.4891621425639,295.60898169495573,300.33856201171875,4152022
2016-10-14,300.60031916722426,307.5171175560223,299.0487039142156,303.85308837890625,2752386
2016-10-17,305.6849551290362,305.8345165878359,300.22630418096844,302.2452697753906,1480186
2016-10-18,303.59124401392285,312.71394569598607,303.59124401392285,312.11572265625,2653938
2016-10-19,312.0410075999652,314.67688634943755,308.82564080668556,310.52679443359375,4278520
2016-10-20,310.1528809291152,311.4427745352837,303.60996549770164,304.9185485839844,4977454
2016-10-21,307.70403592264756,317.31278134107384,307.04974423022395,310.9754943847656,10282518
2016-10-24,310.7885162298623,312.9009525658731,302.33881652558006,303.0865783691406,3414444
2016-10-25,301.6284814429377,303.4044161028125,300.03948727357607,300.8059387207031,3469130
2016-10-26,299.74036842180914,300.54419878912154,294.4686332250829,295.6837463378906,3223550
2016-10-27,295.6648982781411,296.36187954457154,290.5789194442476,291.7091369628906,4050632
2016-10-28,291.652583469233,294.3085895254262,286.32171600638225,287.5084533691406,5422932
2016-11-01,290.7672443195347,292.5002580449031,288.9589011666409,291.1816711425781,2196342
2016-11-02,288.20549450575777,291.2194081737918,287.45201608874925,287.9417724609375,2054166
2016-11-03,288.5444507352313,289.80651736874563,286.5100506453442,287.48956298828125,2406676
2016-11-04,287.4519250323166,301.0145322422293,287.4519250323166,299.41339111328125,5683326
2016-11-07,301.3912385573088,311.75156238271626,299.46987860923656,307.87115478515625,5987574
2016-11-08,305.53546074677456,307.38149184051196,298.0948622883913,304.781982421875,2514742
2016-11-09,288.2054825568618,300.5436911238386,287.50852424775917,295.6837463378906,5296796
2016-11-10,297.6427167531812,303.5763574864193,292.3495370789046,297.4920349121094,3644546
2016-11-11,295.68363787503387,298.7540703684811,284.43798629029413,287.8663024902344,5043522
2016-11-15,288.2054236675291,296.4936842174449,277.2799893062763,290.3716735839844,5257576
2016-11-16,292.3495490646639,296.85158602348196,287.9228645266358,291.53955078125,4562692
2016-11-17,288.5821801437544,292.3495715294431,284.81478875806573,286.3782653808594,5376838
2016-11-18,285.41747582294687,293.4608677942931,285.41747582294687,287.7720947265625,3682234
2016-11-21,288.2054896873239,293.66820811930586,284.5134501045757,285.7001647949219,2155720
2016-11-22,288.2053759392535,289.1472235730419,284.4568177579102,287.1128234863281,2063646
2016-11-23,287.45198377245947,289.5994016183813,284.9843468330437,287.62152099609375,1801756
2016-11-24,288.2054195133643,291.0874829062301,283.68455018766446,289.2602844238281,4187488
2016-11-25,290.82377228922434,305.9121696542143,290.1079587536309,302.1259460449219,5477332
2016-11-28,303.6517303870275,305.5919460506323,297.75575396776037,303.6705627441406,3033048
2016-11-29,303.6516919198713,306.5525873720658,301.1275355395378,303.3879699707031,1647360
2016-11-30,305.1586936866579,305.3282308931279,300.63782415055925,302.8229064941406,3063460
2016-12-01,302.8606749149153,303.840187711041,298.3774688991252,302.55926513671875,2512750
2016-12-02,302.031702657569,307.7581408481673,297.6238511492776,298.9801025390625,2103394
2016-12-05,297.45438668970763,301.9375917032015,294.68536317770594,298.90484619140625,1507316
2016-12-06,300.63784807975696,301.95643513273836,293.2537697807945,294.19561767578125,1557628
2016-12-07,296.3806208009934,297.2847807413808,290.50347771400277,295.87200927734375,1621702
2016-12-08,297.24719596105973,300.26110922809204,294.98676101078553,299.45111083984375,2063636
2016-12-09,300.2609788632052,303.61396511473947,295.08081768457396,302.6344299316406,2699554
2016-12-12,299.8841925429507,302.7285669060205,297.8686484365269,301.3157958984375,3011062
2016-12-13,301.78702386464505,302.86074470965104,298.07615080738486,301.7493591308594,1877952
2016-12-14,303.68946807496053,310.5461262978981,299.97859605307474,309.2275390625,3721154
2016-12-15,309.6795977481501,316.46090280832857,309.6795977481501,313.5035095214844,5601630
2016-12-16,314.8785385902396,314.8785385902396,307.11772224394724,309.152099609375,2632882
2016-12-19,309.1521330533297,311.5256080612521,307.04240303999035,310.69677734375,2148158
2016-12-20,310.8097842701566,314.2569565297947,310.56489463633227,312.75,2804568
2016-12-21,314.5772404449826,315.25536642432,307.53221261698815,309.2275390625,2063788
2016-12-22,308.28567928024694,310.01869337728084,303.65179177143585,307.8335876464844,1582514
2016-12-23,307.4191277066929,307.4191277066929,298.00064952940454,299.03668212890625,2905268
2016-12-26,298.33982812626306,300.5625759557211,295.0998567052303,297.77471923828125,1117150
2016-12-27,297.2095645234112,305.12108773527484,296.4937508446034,303.2185363769531,1011418
2016-12-28,305.15874850739715,308.07847727398024,302.9548334103558,304.04736328125,1434432
2016-12-29,304.0661587910454,310.7721340570361,303.3880329198589,308.68121337890625,3560002
2016-12-30,309.679600929825,312.69351432086955,307.00476199300675,311.92120361328125,2051884
2017-01-02,310.0562614850704,314.2003913469608,309.7925395313572,312.1283264160156,842486
2017-01-03,313.07012980539935,315.3305639556188,310.244587117625,314.63360595703125,1437066
2017-01-04,314.78433214710407,323.995607206671,313.8424844517358,322.8465576171875,4233756
2017-01-05,323.9957059693125,327.6689131009413,316.49858683112564,318.2127685546875,4157614
2017-01-06,314.5772243843836,316.5739374971779,303.9343422420377,306.81640625,5591598
2017-01-09,303.84013383030305,316.5174158158724,303.63293189028985,315.8204345703125,3839588
2017-01-10,317.47810822408644,317.96786455403503,314.3888423819221,315.6509094238281,2613934
2017-01-11,316.2725274846821,318.1562233005527,311.4691031542119,313.91790771484375,2766112
2017-01-12,312.71236049576333,320.1906472242704,312.71236049576333,319.36181640625,3290556
2017-01-13,320.30358585684843,323.2233138676099,315.93339852156254,320.3224182128906,4573998
2017-01-16,319.4371026815761,319.4371026815761,311.4878936113498,312.9006652832031,2429338
2017-01-17,311.5632442609832,317.7794395817888,311.5632442609832,315.6131896972656,4099262
2017-01-18,315.5190270711766,318.55177252356145,315.0481031501748,317.9866638183594,2168782
2017-01-19,317.9678329588244,320.77454414008804,315.5566932741999,318.02435302734375,2112076
2017-01-20,316.4608530877422,318.34454864183584,314.0874012884502,315.98992919921875,2219790
2017-01-23,314.2003780007736,324.1839631530764,311.93994362666734,322.9783935546875,3969016
2017-01-24,317.2143322025387,321.73520154509265,311.52558081089046,319.7761535644531,7390624
2017-01-25,321.3584470479662,322.97842055262464,315.537823449228,316.9317626953125,3855738
2017-01-27,317.96782994717876,320.1906000414617,316.70576304263307,318.0431823730469,2699128
2017-01-30,313.107821106157,317.3649908461428,311.97760393504444,316.55499267578125,1899068
2017-01-31,314.6713531485833,315.44366375349387,296.53135514019016,305.5919494628906,9645094
2017-02-01,305.53505961453857,311.03848615417934,295.53401444498445,308.9320068359375,9033230
2017-02-02,308.95090888993275,316.5797857031279,307.4896638574027,313.94195556640625,3760086
2017-02-03,313.1259262723231,317.18707928256777,310.032612401056,315.3083190917969,2257058
2017-02-06,316.92139932931684,317.49071920835155,309.93773288021714,312.7843322753906,2185076
2017-02-07,312.7463929809496,314.1507200097536,308.19183385986787,309.5961608886719,2605080
2017-02-08,310.848704152293,310.8676768515211,305.4401644280315,306.86346435546875,2824810
2017-02-09,307.7933468421456,312.10119186290683,304.41537254022063,311.1143798828125,3130268
2017-02-10,312.0252805291391,315.02370822307984,308.3057281254259,314.41644287109375,3550994
2017-02-13,315.40319778334595,316.4090054541032,311.60773210604935,313.9988708496094,1209256
2017-02-14,314.71995877167166,316.7125778734894,312.9360856092893,315.7826843261719,2246504
2017-02-15,315.7827765887574,318.28777492523017,312.2150292216002,315.1375427246094,1995766
2017-02-16,313.98002566726956,321.4381280182999,313.98002566726956,320.71697998046875,3441322
2017-02-17,322.61457991521917,322.61457991521917,315.44114057788954,318.5344543457031,2079702
2017-02-20,319.57830897326716,321.47604239947424,317.7754622183705,320.33740234375,1331008
2017-02-21,320.3752616762664,327.35892807480286,320.3752616762664,323.1080017089844,3074096
2017-02-22,323.48764482781405,328.3078925070091,315.23250417807134,316.61785888671875,3487340
2017-02-23,316.9214167905088,322.9941625014646,316.9214167905088,319.9008483886719,6776184
2017-02-27,320.6789005017647,323.1269573017646,317.3198995181621,318.8001403808594,2385238
2017-02-28,320.3373271730035,321.09642036535655,317.2440131478903,318.8570861816406,2286110
2017-03-01,319.95781554802903,322.99418864931516,318.6483750149617,322.2730407714844,2193694
2017-03-02,322.61456705729165,323.94297998046875,318.55341434472797,320.2424011230469,1735692
2017-03-03,320.3372973384551,324.43639556225594,316.9783195414047,323.71527099609375,1712464
2017-03-06,322.88027770366654,329.3325695129989,321.1343495499658,324.7210693359375,3084616
2017-03-07,327.055277284844,327.055277284844,323.4495849439003,325.40423583984375,1494044
2017-03-08,325.271478423817,325.6510250730863,320.432258645633,321.74169921875,1458528
2017-03-09,324.1327567998161,324.1327567998161,319.7110301837561,320.4701232910156,1533834
2017-03-10,322.3679490714504,325.651036973885,319.16079830047164,321.22930908203125,1412616
2017-03-14,328.30785923473525,328.30785923473525,322.6146593636127,323.98101806640625,3171728
2017-03-15,322.80434435036335,324.8539050093374,317.7753525071625,319.9197998046875,2478532
2017-03-16,326.71372239715913,327.8903308060903,322.4627956651145,324.6641845703125,3690466
2017-03-17,325.3662919505221,330.58505720490496,323.7532190537129,328.5924377441406,3987020
2017-03-20,330.9456642661848,333.6214631773024,326.84656559748487,328.06109619140625,3392968
2017-03-21,328.30773740832916,331.87548393661115,323.3546599915478,326.1443176269531,7366514
2017-03-22,322.88030012441726,331.989418605422,322.0452929638546,331.2492980957031,3364236
2017-03-23,330.60404793159273,334.0009944974022,329.80700937008885,332.7295227050781,2848278
2017-03-24,331.07849922566464,332.6725996013297,330.6420345289082,331.3631591796875,1751020
2017-03-27,329.44640660049197,331.4200533008205,321.49490171588036,323.43060302734375,2353860
2017-03-28,324.72112009769086,330.49023360337674,323.43067543350753,326.3721618652344,1796222
2017-03-29,328.45960779597726,333.81120511540837,326.2582191785303,333.0900573730469,4242538
2017-03-30,330.20556482312173,334.64626498319086,328.3268043901285,332.4259033203125,2927478
2017-03-31,335.5191675858281,337.8533882555552,329.0668759014852,332.00836181640625,4314580
2017-04-03,331.7618119347104,333.33694024684627,325.8408917755964,328.7823791503906,1874754
2017-04-05,329.8259944029936,329.8259944029936,321.2482505351971,322.80438232421875,3578706
2017-04-06,321.8555173778925,325.1006361805819,321.475970777211,323.9430236816406,2089810
2017-04-07,324.09480496450544,325.8786551985381,321.4379791419412,322.348876953125,2059774
2017-04-10,322.23504700927,325.4611929451696,315.40320855677663,316.1812744140625,1485086
2017-04-11,316.9214334858431,318.0600733666306,313.50551384348074,316.4659729003906,2620546
2017-04-12,315.53614187075374,316.90252389922824,313.8851229810842,315.6500244140625,1311888
2017-04-13,315.97255603640053,315.97255603640053,305.686852067136,307.0911560058594,2293364
2017-04-17,303.69429186492596,310.2794176396874,303.69429186492596,307.7364501953125,1404094
2017-04-18,308.1918713301389,311.20927174785123,305.1554982135858,306.6926574707031,2028564
2017-04-19,306.1043590432803,311.05743796316784,305.1365197637578,306.9013977050781,2636200
2017-04-20,307.71729235876415,309.67196589348737,306.90125820372185,309.29241943359375,1079608
2017-04-21,310.0895131726296,311.7784998542582,306.59768048418334,308.4764404296875,1780310
2017-04-24,308.5713780301883,312.7463905250617,307.14807831602695,311.0574035644531,1373968
2017-04-25,312.746356890891,313.44850874142384,308.79906350851917,311.2091979980469,2194602
2017-04-26,311.94940253372994,311.9873479326529,302.3278810064663,303.7322082519531,1918248
2017-04-27,302.49863185368747,311.2282034128278,302.1949992152023,307.3188781738281,5640334
2017-04-28,308.53336277596986,311.22813369166215,303.54231697549614,308.9888000488281,2794138
2017-05-02,309.766945219341,313.29672371965205,308.077958334178,312.0062561035156,1722732
2017-05-03,313.1069364192764,317.870241070237,311.60772288795766,316.9593200683594,1989864
2017-05-04,317.33883796168675,319.80589035611536,306.7305311981889,310.46905517578125,2758496
2017-05-05,311.58867163256735,315.7826553913482,309.0646784019304,314.8717346191406,1856816
2017-05-08,314.96672893678607,320.7168690505343,313.3916244852391,318.8950500488281,1581634
2017-05-09,320.7168680557471,324.4553926952116,318.800162412338,322.51971435546875,1814522
2017-05-10,322.14012929056685,322.95616362661866,318.09794932980833,320.1854553222656,1515412
2017-05-11,325.57507557238387,325.9546221802243,317.149136245189,318.32574462890625,7029834
2017-05-12,318.81920647746693,321.9314938405041,318.4586325036698,321.7227478027344,3295402
2017-05-15,322.04529732224296,322.61461723501066,320.71688419245174,322.06427001953125,1375146
2017-05-16,322.6145659226402,324.9297906000472,321.8744455206223,322.4627380371094,5948804
2017-05-17,323.3736825383818,324.6261816052175,319.65413072917585,323.96197509765625,2747118
2017-05-18,322.93725600844806,331.0595635374951,320.4322573992895,322.00738525390625,7317362
2017-05-19,323.75329040327495,324.3226103746758,320.3753159733544,320.6030578613281,2896062
2017-05-22,322.61466398347835,327.26411061147553,321.8555706564584,325.4422912597656,5784538
2017-05-23,327.5486886792173,330.50914728095637,326.0874436564817,328.26983642578125,6427042
2017-05-24,326.7410523885477,327.90675152620986,321.04629333060683,326.721923828125,4033036
2017-05-25,328.7858525992414,331.5567882939168,325.8620283628188,328.53741455078125,5896078
2017-05-26,327.81121977099036,330.9834584136088,326.9512742958973,328.3462829589844,2604830
2017-05-29,328.26988842004226,333.27667314662864,325.42250850804555,330.3910827636719,3686630
2017-05-30,330.3910994069116,333.2575846987857,325.9958219593713,331.80523681640625,2826830
2017-05-31,330.2572971969058,332.2447315510389,328.0214481282034,330.31463623046875,5747114
2017-06-01,329.83697207155836,332.89455698068053,328.3655186650519,329.5503234863281,1843166
2017-06-02,329.7603902566346,332.3975654719262,326.28239820401456,327.88763427734375,2223574
2017-06-05,327.1613899013437,331.3273561831933,327.1613899013437,328.1933288574219,2816618
2017-06-06,334.6143176211983,347.647258868015,331.0216474270988,339.94598388671875,13253770
2017-06-07,341.4364405697056,342.0288659002566,330.4291471357604,336.52520751953125,6733948
2017-06-08,336.3341146152195,336.48700308922884,330.60114675246007,331.8815002441406,2830620
2017-06-09,331.19370317007053,333.6206746932737,327.39082804935515,328.9769592285156,2701028
2017-06-12,329.7604483605551,331.996320783354,325.65181962848493,330.8114929199219,2065426
2017-06-13,329.4546217333422,330.5630050817789,321.9253177080409,323.77899169921875,2487790
2017-06-14,324.67717476123966,327.1805667934253,321.4284920237817,326.2633056640625,1801536
2017-06-15,326.01492108582437,326.01492108582437,321.6196437206579,322.72802734375,3547290
2017-06-16,321.8107175406455,323.7217075497942,319.13533152783725,320.66412353515625,3824660
2017-06-19,320.85517617969913,323.3012523690123,317.3389504053782,322.00177001953125,1690856
2017-06-20,322.95728353579074,326.7983684555363,322.1928875984279,326.49261474609375,2082258
2017-06-21,326.3970828025155,326.3970828025155,320.32012544275113,322.3648986816406,1819308
2017-06-22,324.4861179974173,326.39710809163057,319.5939880217344,324.54345703125,2895584
2017-06-23,324.8682604997883,327.9258441280216,321.94443682428545,325.5753173828125,2161888
2017-06-27,325.63264217061413,328.3080277283539,318.44732562390084,321.1227111816406,2184790
2017-06-28,320.4730055770477,327.6392176874468,318.4855714195943,324.25677490234375,2476764
2017-06-29,325.5944280236911,327.54362814841255,322.0017581272317,323.9509582519531,2984220
2017-06-30,324.27592095853976,327.142406163558,320.4348354493185,325.2123107910156,2257114
2017-07-03,325.632696899634,326.377987667196,318.10339161332973,320.3392639160156,3953676
2017-07-04,324.25677252757794,324.8491747255297,320.28190424178206,321.6387023925781,1981500
2017-07-05,320.6640561596315,321.5048962524889,319.17347493467935,320.09075927734375,2420508
2017-07-06,321.04630075341913,321.9635852294342,319.40285411744594,321.29473876953125,1373060
2017-07-07,321.2374245314512,321.2374245314512,316.7657031889488,317.9505310058594,2303234
2017-07-10,320.43483036614936,326.32066589724144,320.28194182663384,324.73455810546875,390438
2017-07-11,323.20573978508304,332.13005352639186,323.20573978508304,325.1167297363281,2993400
2017-07-12,324.9065435613163,328.11701641931467,323.3586461691631,326.3971252441406,1205956
2017-07-13,327.19965648977603,330.18081916930913,326.97034705020195,328.1551513671875,1912818
2017-07-14,328.6902336713098,328.8431221807661,322.97636971117254,325.00201416015625,1288116
2017-07-17,324.4860993675714,332.51225730245835,322.53689891439035,331.78607177734375,1818014
2017-07-18,332.1682654206141,337.9776795628453,331.8816169266966,336.6017761230469,1977378
2017-07-19,338.24519414618743,343.82527502369595,338.24519414618743,342.2200622558594,2912888
2017-07-20,343.59592412110135,343.59592412110135,337.25144809013597,338.49359130859375,1613768
2017-07-21,337.86297423816666,347.03572466997207,337.86297423816666,345.8700256347656,2483620
2017-07-24,345.87003736478033,348.5645282300034,344.43679506120304,346.8064270019531,3004440
2017-07-25,344.7425228778699,345.8509061737804,338.6273561749365,342.08624267578125,3584666
2017-07-26,341.30285665312255,345.315936154643,337.86307422324785,341.1882019042969,3023714
2017-07-27,345.12479452697187,354.6797445415614,338.37899048566584,340.25177001953125,9319652
2017-07-28,339.39183341249475,342.79340503783783,321.4285269143109,341.3410339355469,3042762
2017-07-31,339.391838309953,343.21381847110115,335.7418519215597,341.2646179199219,1894566
2017-08-01,339.77399873387606,343.21378049833595,335.56982102175834,337.939453125,2664554
2017-08-02,339.39172861527425,341.30271807819804,335.1493413385865,337.0985412597656,1658180
2017-08-03,337.9413653457553,338.7841165571971,333.63186601733366,335.4705810546875,2544010
2017-08-04,335.1833119066693,342.6531114291608,334.45547593431615,341.1783142089844,1141420
2017-08-07,340.9293308645554,342.7297488609581,337.6349669072912,339.3970642089844,1646970
2017-08-08,338.09460724320456,339.1672125400473,335.6046740822367,337.8647766113281,1731896
2017-08-09,333.6510757815278,338.87994527658645,333.6510757815278,336.6198425292969,1071692
2017-08-10,334.43631339426753,339.3970308806497,333.57441348514624,338.20953369140625,1693074
2017-08-11,336.3708298367655,340.62288385483373,331.1802811920538,334.1490478515625,3384860
2017-08-14,334.41715461913594,336.4857236906418,327.9241708241359,329.4755859375,808098
2017-08-16,330.9696299793956,332.75089949295744,325.9897628616501,331.1611633300781,2250010
2017-08-17,334.1873574244787,335.221618683137,329.72462156488143,333.8042907714844,1602350
2017-08-18,334.7428010476894,338.89908845569624,330.7972190131262,335.66217041015625,2129910
2017-08-21,336.2366562974519,339.01388871916254,333.34450858956876,334.8193054199219,1339674
2017-08-22,337.48171370361075,339.49281358663455,334.53209586573604,335.5089111328125,1506462
2017-08-23,336.2941413559951,338.228622802021,330.58644027709965,337.09857177734375,1509778
2017-08-24,338.6309021523775,338.6309021523775,331.73570278728386,332.310302734375,1624246
2017-08-28,332.6167160720762,335.0108822642634,328.61366552263337,332.36773681640625,1792508
2017-08-29,332.50191209605777,333.1148094942504,325.6067111539736,326.5835266113281,1945588
2017-08-30,328.28805499172626,328.67112156697914,323.02088958199903,325.3001403808594,3387850
2017-08-31,325.60655494874646,333.42112161972676,321.8525075795602,331.46746826171875,5019082
2017-09-01,330.8163205183614,339.01395546023366,327.52195697005624,331.6399230957031,1600518
2017-09-04,334.7619498496715,334.7619498496715,328.28811420794364,329.6671447753906,1149942
2017-09-05,328.67112045609633,330.394920038908,324.99369069830936,329.3989562988281,1095614
2017-09-06,330.5865319386962,334.0341319241519,324.1510166419523,326.0088806152344,1658772
2017-09-07,328.4413158980746,330.8546308291985,326.085446929281,329.16912841796875,2949318
2017-09-08,332.08049116139324,333.0764551079502,327.94335260053685,329.24578857421875,2320104
2017-09-11,330.2035179565824,332.2337669291639,326.37285069490514,329.7055358886719,1439608
2017-09-12,332.1187903235206,332.1187903235206,327.96252646349603,330.9887390136719,1698738
2017-09-13,330.9696091431268,335.1833425928657,330.08856046156103,333.7659912109375,2237308
2017-09-14,335.5663447930629,337.88389306900945,333.76592707982513,337.4050598144531,2327652
2017-09-15,337.78821620256093,342.21263197456966,332.6168156787891,339.79931640625,3502380
2017-09-18,340.9293423248331,344.18540907737366,340.54627564806367,343.744873046875,1361938
2017-09-19,343.9938145260731,343.9938145260731,340.64198170079123,342.3274841308594,1095726
2017-09-20,342.8446431074878,343.4767124162676,339.0139767040522,340.7186279296875,1792966
2017-09-21,341.23573921748516,342.461557073272,332.9040402618435,333.38287353515625,5197522
2017-09-22,333.26793622366256,340.92926809087317,333.1147002341066,338.8032531738281,6281534
2017-09-25,337.0985560145345,338.63082217823694,333.3061879071605,334.8193054199219,3550896
2017-09-26,336.6772987067016,339.7418320038184,331.0845114111434,334.66619873046875,3446850
2017-09-27,335.5471456520649,337.4624783821063,334.07232542161705,335.0491638183594,2541882
2017-09-28,335.04926674155047,337.3859640377963,330.0694001136863,335.25994873046875,6193068
2017-09-29,335.94931835353265,339.4926834558932,332.0037381048467,335.1065673828125,2360270
2017-10-03,336.50487566961715,339.9524752358322,335.8536577421148,338.075439453125,2684244
2017-10-04,338.59253953625125,340.3354876968212,336.332437494725,339.6268005371094,1240900
2017-10-05,340.1631533952876,345.41117068571293,339.0714228970758,342.1359558105469,3552176
2017-10-06,340.0865407529664,348.20755777768306,340.0865407529664,347.78619384765625,3640948
2017-10-09,347.72873454979975,347.72873454979975,343.7831529236611,345.8325500488281,1206462
2017-10-10,346.6752583579697,351.2720573638212,343.6490229935726,344.606689453125,3423160
2017-10-11,344.5684916241932,350.8890920820022,344.5684916241932,348.1884765625,4337494
2017-10-12,349.3567715440775,352.4213046277975,347.17328704582064,350.8890380859375,2076624
2017-10-13,352.32561555914924,358.55044975630733,350.08468460038716,354.91131591796875,2210684
2017-10-16,354.91119816243844,357.362833708109,352.4212653097068,353.5704650878906,1651154
2017-10-17,351.77012195283874,357.72680405564955,351.77012195283874,353.6854553222656,960424
2017-10-18,354.7196409570804,356.63497379162186,351.5784904323268,353.8385925292969,1160686
2017-10-19,351.1188532444335,354.71968881136166,351.1188532444335,353.3023376464844,58388
2017-10-23,353.49385769761034,361.53825638621896,353.2257063985507,359.0291748046875,3597394
2017-10-24,359.6995715826502,359.8911049008518,347.84365450986326,350.3335876464844,3155652
2017-10-25,342.6147925981711,353.9535551422919,335.56635747256246,347.4605712890625,6147680
2017-10-26,347.3456694746608,348.59063603191765,328.6711711158081,332.904052734375,11565142
2017-10-27,333.28716627251544,333.9575329746131,326.46858392157174,327.50286865234375,4592368
2017-10-30,329.437343927405,330.7589286460114,318.71147691581507,320.3778076171875,7251452
2017-10-31,321.7760118139188,329.68634812322483,320.62681177172624,327.8284606933594,2958728
2017-11-01,330.2090209907494,330.45860695050254,321.7618134770326,322.7793273925781,3257662
2017-11-02,324.219106085135,330.208933173229,322.97122348884085,329.4026184082031,2965682
2017-11-03,330.2090440532386,330.2090440532386,324.4303904693675,325.2751159667969,2761172
2017-11-06,327.1373042936812,328.3851872032522,321.608213720231,324.46875,2273368
2017-11-07,326.36934557224833,337.8882636512689,324.1807464501747,336.640380859375,5960612
2017-11-08,338.65622541243886,339.7121263420128,332.26321586471624,337.3507385253906,3821814
2017-11-09,337.69625810843627,341.13273978250027,334.98931723589993,336.33319091796875,1600452
2017-11-10,338.25306313234995,338.25306313234995,331.2457206990376,332.91595458984375,3070800
2017-11-13,331.9368391601843,337.2739475098122,331.9368391601843,333.8566589355469,5322040
2017-11-14,333.28073232083835,339.75051596469723,332.5511913897943,333.97186279296875,2012894
2017-11-15,336.73638592580414,336.73638592580414,324.8335034130334,325.7358093261719,3122146
2017-11-16,326.25412119263,329.7097961938659,322.03051841334167,327.0988464355469,2181070
2017-11-17,325.9470743969083,328.7500071284672,321.95383911132814,322.52978515625,3096988
2017-11-20,323.68164566402174,325.77425411012007,321.3394746839902,323.35528564453125,2260478
2017-11-21,323.71990557666885,324.9102075471644,320.6481948429406,321.6465148925781,2987142
2017-11-22,321.97300121040746,324.1807941671905,320.37956470278016,323.35528564453125,2269436
2017-11-23,325.60147010575014,328.67318208787987,323.3744836057666,327.7900695800781,2332448
2017-11-24,328.2891483206871,331.55284160808577,328.2891483206871,329.5946350097656,1646756
2017-11-27,329.24909385096515,331.36089561910546,327.55964306233284,330.477783203125,1592740
2017-11-28,330.5929268333917,331.7640120729778,328.9802737227547,329.9209899902344,2108650
2017-11-29,330.20903190082134,331.34173036009975,324.89114000537666,327.5788879394531,1523670
2017-11-30,326.36936835522926,329.4026930352392,323.41284115483353,325.6014404296875,6822606
2017-12-01,325.2174814614905,326.3501798561202,317.57658911088413,318.6900939941406,2768524
2017-12-04,320.9938708597028,326.25418180367427,316.71266332758546,325.5822448730469,1793768
2017-12-05,325.5630534075306,327.4828732213849,322.1841517869067,325.6014404296875,1980098
2017-12-06,324.6414390797894,330.26651892406534,324.44945715248025,329.6713562011719,3179456
2017-12-07,330.26661704190303,332.8967608533019,327.7516342987499,331.5528869628906,2450146
2017-12-08,333.933462575257,335.12374148382446,331.5144943007262,334.221435546875,1739846
2017-12-11,335.77638244628906,338.65611128373575,334.7204818725586,337.88818359375,1597008
2017-12-12,338.2722438167559,338.57941029320716,334.14463130707355,336.0452575683594,2921624
2017-12-13,334.0486028947721,335.4116700930879,331.3800490236682,332.6471252441406,8609940
2017-12-14,331.36086936021934,339.8272692726879,331.05370290534603,338.9825439453125,6365040
2017-12-15,341.3056163375497,344.20453991303134,339.80814733112175,342.4190979003906,4469222
2017-12-18,340.99841499814795,342.39989295571536,336.25646902827896,339.8081359863281,2615662
2017-12-19,341.34386035616956,341.34386035616956,332.1287280180953,333.8373718261719,3971188
2017-12-20,334.0486317978403,335.96845152081636,331.74484813026896,333.99102783203125,2109744
2017-12-21,335.5844393362995,342.4957893455139,334.60533610538664,341.8238525390625,2859366
2017-12-22,342.11180963831043,342.84135036855946,337.1586663199341,340.5375671386719,2104074
2017-12-26,338.694566496986,342.99496711393607,338.67537298793,341.13275146484375,2127136
2017-12-27,340.19203974216384,342.3422283619002,338.0994316503697,339.28973388671875,801620
2017-12-28,338.6561446864702,342.0542156757026,336.1987664620193,337.2354736328125,2319726
2017-12-29,337.2355265641739,346.23948571763634,335.96845023890415,341.9198913574219,3093850
2018-01-01,341.34392278577036,341.99666613282517,336.33319834757197,337.38909912109375,1286288
2018-01-02,336.6979363561628,343.64767322263646,336.67871941389166,342.8029479980469,1906518
2018-01-03,342.8797825752619,348.5624439376019,342.8797825752619,344.53082275390625,2583906
2018-01-04,344.031656546535,345.35633669685944,339.05931932345146,342.91815185546875,1193460
2018-01-05,341.05593114674144,346.7193986214551,338.77134127496714,345.5867004394531,1492292
2018-01-08,345.62514348201523,346.8730262636079,343.6861068731477,345.759521484375,2353168
2018-01-09,345.75954646954784,346.6618524027053,339.8081050811214,343.2061767578125,2504270
2018-01-10,342.49582060615177,352.4788826417571,342.1502437000308,351.6533508300781,3400572
2018-01-11,352.8629557416913,355.128352970956,349.42647286759194,352.056640625,4243446
2018-01-12,352.6708040687818,356.31846072490964,350.27102995290824,355.51214599609375,1980698
2018-01-15,355.1666645745442,357.5088353668075,347.6793673213511,349.1192321777344,2536486
2018-01-16,350.98138207570014,366.68551453295777,349.40713950260897,364.47772216796875,8963404
2018-01-17,364.7656367801826,369.98753546944516,362.1930744442534,365.85992431640625,5498922
2018-01-18,365.9176280916377,368.4709976198069,361.11807892989015,366.3975830078125,1869500
2018-01-19,367.4533968583868,371.29303527905955,363.28739854607403,367.9525451660156,4748438
2018-01-22,368.6054475433657,374.3265206345663,362.8459874255006,371.0436096191406,4431318
2018-01-23,372.42582732490695,383.96393900494576,371.8882684361804,382.1784973144531,5015202
2018-01-24,381.6600829363756,399.5911767365592,380.8921552041092,391.0480041503906,9269776
2018-01-25,391.18246485264535,391.64322627650114,380.14350136691064,387.63079833984375,5307454
2018-01-29,388.57337670635945,392.80536397741884,386.668977738019,389.362060546875,4013296
2018-01-30,391.4588429256265,391.4588429256265,383.95668328233444,384.8800354003906,2711352
2018-01-31,384.70697632124995,391.6128164500531,377.6857230264311,379.5516357421875,3221144
2018-02-01,377.83949617356245,390.47776273984755,372.7995936195241,378.916748046875,3055658
2018-02-02,377.0316040018957,387.6885224032111,376.204433437123,381.2251281738281,3345056
2018-02-05,380.87892343611054,385.4186877261562,377.0316615832205,382.0908203125,2177578
2018-02-06,371.2414206710719,372.70337501994834,364.73954078767514,366.970947265625,3310994
2018-02-07,368.64456374263494,368.9523399346422,354.7174738474871,361.0846862792969,4051696
2018-02-08,363.85469647070914,370.4912214658133,360.68070625565935,363.3160705566406,2896536
2018-02-09,359.7188599772473,373.4150980873984,354.9290159154119,370.87591552734375,3456506
2018-02-12,371.45304444313314,374.2423086297853,360.6229954843014,361.3155212402344,2975588
2018-02-14,361.56556421827116,369.2600857955139,357.91066646908087,360.7961120605469,2889532
2018-02-15,363.18150901741325,365.3552212977993,358.56479491973425,361.5271911621094,2281842
2018-02-16,363.5661090350661,373.5497545033442,358.17994445676885,360.5267639160156,5698140
2018-02-19,360.8153721641205,361.5271295553175,346.29196154006445,351.71661376953125,2925546
2018-02-20,352.40906246113633,355.94854682413944,348.1770759031969,349.1196594238281,2462802
2018-02-21,353.1786101332727,364.64344485082086,350.87025320429706,362.75830078125,5569512
2018-02-22,362.7966432155889,370.491163750384,358.3915255130561,362.0271911621094,8186574
2018-02-23,365.06661047342504,372.37640646935006,362.75825384313293,367.6442565917969,5675166
2018-02-26,367.7597819823343,371.299244217719,362.81603624999667,363.97021484375,2112112
2018-02-27,366.6439659562755,368.79842268039556,363.1814311256286,365.4513244628906,2879428
2018-02-28,367.3750115071814,368.70229794457,360.02672792349676,361.75799560546875,5119548
2018-03-01,363.1044831744528,366.43237328352063,360.87307652344316,362.7197570800781,2772230
2018-03-05,362.719815536401,363.43157301479215,353.10166162696197,358.6032409667969,3747704
2018-03-06,360.87310864133633,366.6440005705688,356.4487581622581,358.8725280761719,2929756
2018-03-07,360.8731290849059,366.5670714146149,359.2572745568183,365.31671142578125,5695220
2018-03-08,366.64399567909754,370.8759830374082,363.777781362787,365.7398986816406,4238350
2018-03-09,365.48983593128645,367.7404744756089,361.6425745004308,362.7967529296875,1464728
2018-03-12,365.4898773670558,375.49275822131204,365.1051511803536,372.2803039550781,4946236
2018-03-13,372.28020350365676,372.79957432283504,363.7969745904238,368.182861328125,2513508
2018-03-14,370.10646693118923,372.47254157508655,369.33701481698716,371.2798767089844,2354082
2018-03-15,372.41485680235735,374.1845874316252,367.5095991326982,369.0100402832031,2590154
2018-03-16,369.337016637316,376.8584063943483,364.3548094769392,372.26092529296875,9482072
2018-03-19,370.37581993896,370.722059338722,354.3327369257623,356.44873046875,3318748
2018-03-20,355.87164447477824,364.6241632983471,352.25520972198314,360.5653076171875,3707786
2018-03-21,363.5661497783955,365.451316984788,356.4294856087385,360.62298583984375,3818980
2018-03-22,362.02728974321417,365.0666355748064,355.871671639185,358.00689697265625,3095286
2018-03-23,348.1771630153738,369.54869578365503,347.61930540589117,368.3368225097656,5478072
2018-03-26,368.25974405626613,373.5689583352136,363.56608200491956,372.0492858886719,3571336
2018-03-27,375.1079692180122,376.6084104876119,367.2210837113771,373.9730224609375,2495200
2018-03-28,369.933376610419,377.64713021596486,367.4326569614209,372.64569091796875,4620172
2018-04-02,371.7608740397726,378.91679451869436,371.18378481478635,376.8392639160156,1295646
2018-04-03,374.1460504696669,380.4940297321342,370.51038492298215,372.89569091796875,2036000
2018-04-04,377.4163158855185,377.51249741352194,365.29744335708443,369.04852294921875,1804780
2018-04-05,373.18427878243347,378.6473935393229,368.0097085709944,370.1257019042969,2805104
2018-04-06,373.9538103581075,373.9538103581075,365.72066151922354,366.5093688964844,2515810
2018-04-09,367.1441005176813,370.35657743663336,364.72033086337035,366.7401428222656,1708072
2018-04-10,366.6824866906159,370.0873272305925,363.00835662924646,364.8935241699219,2431772
2018-04-11,367.41341216815016,376.14669901762034,366.0091525613776,372.1455383300781,3716964
2018-04-12,372.3955725185047,389.7274758033264,372.14549120152236,388.592529296875,8182766
2018-04-13,390.30465414232447,392.42064783161254,380.2055933525403,381.3597717285156,6361110
2018-04-16,376.646837495106,387.3229863617957,375.53112245504957,384.6876220703125,3824528
2018-04-17,383.5910751151638,390.88163792037585,383.5910751151638,388.9580078125,3729906
2018-04-18,390.4586085444759,390.8048480165575,382.0330958298204,383.5142822265625,2008262
2018-04-19,386.6497887424337,392.99777034865275,384.34143179471766,391.8628234863281,2301628
2018-04-20,392.42057558448914,413.2727089526444,392.38211237176563,408.7137145996094,9490598
2018-04-23,408.5790326735553,426.27642956902,405.8859505372889,418.5819091796875,9086924
2018-04-24,417.3893991060838,423.1025728982053,407.07871975807086,408.5599060058594,3993618
2018-04-25,408.5213770412284,416.08125387608635,402.4234780900474,411.19525146484375,3002280
2018-04-26,406.27073931796997,418.71661857764525,404.59719026748326,414.4654235839844,6052212
2018-04-27,414.34999678315177,419.60151727716914,398.19150108687285,400.74993896484375,4764608
2018-04-30,403.53923011452093,415.11947674593887,402.0580439692763,405.0204162597656,3147666
2018-05-02,403.9623666560274,404.71256369436486,382.9947961962622,384.9184265136719,15014958
2018-05-03,383.5719601977204,383.5719601977204,353.9480475244762,356.1409912109375,15276024
2018-05-04,355.0829528707306,363.18143244661417,349.2158799419055,357.737548828125,8365006
2018-05-07,360.41144918642067,361.8926589388869,354.352012381709,357.1028137207031,2576842
2018-05-08,357.8722593248801,358.9494878181095,348.9850714216419,353.98651123046875,4080268
2018-05-09,356.2613041715802,361.1387004871172,355.02749408257375,357.61077880859375,2757280
2018-05-10,359.692883608002,361.6207047795896,357.07102798826423,358.65185546875,3741482
2018-05-11,359.0373561949069,361.75557885943914,358.9987856585137,359.67352294921875,2117402
2018-05-14,361.4278217417871,361.4278217417871,354.8925050883517,356.7624816894531,3132296
2018-05-15,354.83475503923523,359.615760889291,351.46106803741407,356.64691162109375,4239330
2018-05-16,355.68294907548903,358.92169753716905,353.3695640408517,354.8154296875,1963972
2018-05-17,357.37952639716576,357.37952639716576,348.8199950134273,350.76708984375,2899904
2018-05-18,348.93559077980615,353.94792523299674,342.0339823887632,343.4220275878906,3517726
2018-05-21,343.92321444324966,347.21978314864015,341.99539373448704,345.4461975097656,2942476
2018-05-22,343.28711613522637,351.5189268860645,342.97866944580977,348.8970947265625,2485094
2018-05-23,348.93555223731886,354.102121208495,343.8653743026723,344.82928466796875,3734828
2018-05-24,349.30192652736906,353.90942388340164,347.0849321563006,351.5189208984375,6309330
2018-05-25,353.9093696841254,356.2034577251774,351.6345316124795,353.1767883300781,2089082
2018-05-28,353.17683805547796,353.56240228916295,343.53773221335246,344.88720703125,2651764
2018-05-29,346.62218906832067,350.6706128561042,345.0799323872603,348.97412109375,1985832
2018-05-30,349.7067367450418,351.5574402373187,346.0824237757303,349.8416748046875,2374048
2018-05-31,350.0922856146365,352.7141174082401,347.4126097791638,350.99835205078125,5618644
2018-06-01,350.86344225744216,356.22279436005806,347.00780003483294,348.8777770996094,1939062
2018-06-04,349.7068213884478,353.5239173857023,346.68015103548737,347.27777099609375,1505886
2018-06-05,349.3019237590322,350.9405717594438,339.3158006492171,341.2436218261719,2547736
2018-06-06,343.90399618383174,353.87082143591203,343.15214128005084,350.4585876464844,2337712
2018-06-07,348.9355678134488,357.03241524337415,348.9355678134488,355.2395324707031,2137298
2018-06-08,355.104576677131,360.84949183677764,353.89004021016217,358.07342529296875,2268428
2018-06-11,359.7314619433471,363.3943224883222,349.99596417907105,351.4803771972656,4105194
2018-06-12,352.0007356322889,356.2612140591962,351.4995070290582,352.7140197753906,2961048
2018-06-13,354.71900734648653,356.9552746427296,352.4248960162935,356.1455993652344,2113706
2018-06-14,357.8036203400315,362.4303912927043,355.12394412334703,361.2544250488281,3755080
2018-06-15,361.2543794544131,367.82824431337764,358.97954127660313,365.6305236816406,6186584
2018-06-18,368.0210770605464,369.11992576115716,359.05670823743725,359.8085632324219,2653666
2018-06-19,359.6928262660124,362.64237806854186,352.94545324111755,354.8925476074219,2812474
2018-06-20,355.1045595294608,358.09268150161427,349.4753327112358,351.2296447753906,2820262
2018-06-21,351.67313107032703,353.56240524436413,346.6607959905269,347.9909973144531,3208902
2018-06-22,349.7260400499571,355.413112604016,347.721101290406,348.8585205078125,4036700
2018-06-25,348.8971956986085,353.7552971785494,348.55017836447814,350.439453125,4255720
2018-06-26,350.4778703651932,352.98403775504335,349.552506838829,351.0176696777344,3249236
2018-06-27,351.71157694056325,356.6467927169727,350.97899573693155,355.1238098144531,5751028
2018-06-28,357.20593801038495,358.5554126356354,348.89703466722267,350.70916748046875,13566568
2018-06-29,352.4443210583265,358.0928475280844,352.15514783017466,357.1289367675781,6059554
2018-07-02,357.41800106793403,359.5193305920257,355.0467719065606,357.07098388671875,1776396
2018-07-03,358.57469921874997,362.3917941397508,353.6202087556362,361.4664306640625,2054476
2018-07-04,361.2543619681388,361.85198173857714,356.26130114698486,356.8974914550781,1547894
2018-07-05,357.84213409590046,360.69531866474836,355.1046376164973,358.97955322265625,3416140
2018-07-06,360.5024905498648,366.1124443860523,355.87572061767395,363.93402099609375,5055508
2018-07-09,365.90037149212884,372.06939777650615,364.7051320627178,370.73919677734375,3711984
2018-07-10,383.63641552308695,383.63641552308695,375.9444042941952,377.679443359375,11042854
2018-07-11,379.2795063925948,385.988309320018,377.5251939977645,383.03875732421875,10209714
2018-07-12,387.85836460902357,393.1984200943363,386.33538110466077,387.89691162109375,10093442
2018-07-13,384.40752272052134,384.71596938622025,376.3106741978223,379.1445617675781,11524056
2018-07-16,379.7806715010078,382.0555093018657,374.0743270317485,374.806884765625,3404444
2018-07-17,376.77326648876635,379.3950978240465,373.61163596697264,377.968505859375,3241946
2018-07-18,380.1277566178968,384.3303923049213,379.41444872356413,381.6700134277344,3784400
2018-07-19,381.70859506277094,383.44363413123807,376.5034778573695,378.6626281738281,1501536
2018-07-20,379.24089187423783,387.29919209355285,378.06492591295165,385.2557067871094,4379550
2018-07-23,386.72085877198856,389.78609860045407,382.13263578015017,387.43414306640625,3296730
2018-07-24,386.1425343279676,389.03426573831183,381.3808260187889,382.325439453125,2925630
2018-07-25,382.8652580075651,383.058040111295,370.1416391613923,371.799560546875,5643672
2018-07-26,371.7994653748388,373.2067837850148,364.3773562811257,367.2883605957031,7970088
2018-07-27,369.7560668830513,373.88160851941467,366.47877119117857,371.4718322753906,4929768
2018-07-30,375.15399008745015,378.29634792737374,363.6256103724987,365.1871643066406,6447110
2018-07-31,366.4208696306373,372.6477398809451,365.26417721507306,372.1079406738281,4771570
2018-08-01,373.22615968041316,377.8529302549637,372.0694670367755,377.3324279785156,3568096
2018-08-02,377.0812875170809,380.17211774263075,370.3394093713677,371.0928039550781,3200706
2018-08-03,373.23711052604335,374.724586911359,369.9144770403549,372.30987548828125,2289018
2018-08-06,373.9904931921393,374.20298307431085,368.19518596292227,369.54742431640625,2165794
2018-08-07,371.2473191069463,375.1301694872158,370.5518635083157,374.29949951171875,2235882
2018-08-08,374.3768107660816,374.6858890721532,369.83715387598716,372.65753173828125,1517966
2018-08-09,373.97113960197856,373.97113960197856,369.00647946611014,369.6053466796875,2005458
2018-08-10,371.4019058484345,373.91320556618166,369.47013683478286,373.2177734375,2417448
2018-08-13,373.1983493890856,380.2686171585036,373.02448551337085,379.7856750488281,2885640
2018-08-14,381.7754728451035,387.12646292512676,378.2403265505979,386.23785400390625,4962034
2018-08-16,385.5037496022844,392.07176305529583,383.378804073369,385.291259765625,5908118
2018-08-17,386.3537911804761,389.36734603545096,384.44133519789995,387.53216552734375,2960410
2018-08-20,388.28554315082096,388.8650738122401,381.33117521379137,381.8141174316406,2829604
2018-08-21,387.0491956235619,391.762716255292,385.7162704230289,388.1309814453125,9839198
2018-08-23,390.2173173453144,397.21031132270076,390.2173173453144,396.2637634277344,5537558
2018-08-24,398.1181936822917,401.44087358586563,394.13877844604775,395.3750915527344,4540390
2018-08-27,396.3989105077749,401.92378748211866,396.0125567938297,401.4215087890625,2488450
2018-08-28,401.80798243078914,404.41587077829666,400.6102949925485,402.0977478027344,2626156
2018-08-29,401.1511581573429,402.2522570240041,396.7853414748212,399.0455017089844,4063384
2018-08-30,397.55803401409355,399.0648231673119,391.58886348103124,392.7479248046875,4883942
2018-08-31,394.46709225340794,407.60311687301214,393.8875617554842,404.2997741699219,6558672
2018-09-03,406.8304699779642,409.9212997593732,403.5850892750208,405.343017578125,4454306
2018-09-04,406.1157716123629,416.87571459079084,406.05780911484817,415.85186767578125,5584742
2018-09-05,415.63919462355096,419.96633579627365,412.6256178752716,416.8561706542969,5701112
2018-09-06,415.3302263592486,421.04827996847007,411.62124028189913,420.66192626953125,5991810
2018-09-07,419.94725158984545,419.94725158984545,411.6020187923807,414.9246520996094,4379878
2018-09-10,416.1029410066344,423.7913891819318,416.1029410066344,420.6232604980469,8205078
2018-09-11,421.12550326865176,424.60268632316354,418.03467388686346,419.23236083984375,8472420
2018-09-12,421.89839489003,424.6028717803507,418.07348242696673,419.8893737792969,4139134
2018-09-14,418.8074999994299,420.52675546567764,411.54403002749797,413.6689758300781,7290574
2018-09-17,413.417876305735,418.9620435512526,413.417876305735,416.6439208984375,3018112
2018-09-18,417.262101138726,421.5119929095834,416.6439444954307,418.7688903808594,2745526
2018-09-19,418.42114887435525,424.3902959836707,417.68706725088214,420.0824890136719,4439812
2018-09-21,421.5118688875534,421.8982225712267,416.701784390747,419.1551208496094,6595630
2018-09-24,419.541542949744,427.3072438255006,417.474559837483,423.55963134765625,4432578
2018-09-25,425.76180274569913,434.6672749257707,422.78689794352914,431.30596923828125,5664544
2018-09-26,432.7547768316789,433.0445421112951,419.25173366649096,421.1835021972656,2870394
2018-09-27,422.65158279667037,426.70829637356763,420.5459741383492,421.9754638671875,5731064
2018-09-28,421.9369888959405,424.8926049919102,419.3870631677368,420.27569580078125,4445086
2018-10-01,419.27110399410174,425.3755125947242,417.6484369799245,424.3710021972656,3406600
2018-10-03,424.95056300503313,425.64597156228604,414.86673804505983,421.6279296875,4730720
2018-10-04,419.1358430305262,422.2266729330048,409.9213158162261,416.1416015625,3891118
2018-10-05,414.1711894242966,424.2163861827217,413.4371079210247,418.80743408203125,2895914
2018-10-08,413.39853589631275,419.0200021418891,404.89875291526704,414.2098693847656,2311830
2018-10-09,412.0462834166616,416.89504195048863,403.1408104188168,412.7803649902344,2694524
2018-10-10,409.14861038542324,410.7133618963019,401.2476952726542,406.36688232421875,4523678
2018-10-11,396.20576947366277,396.20576947366277,385.5810413795373,389.8309326171875,6266576
2018-10-12,387.62873131178804,389.05824497180976,376.50174749258053,380.6164245605469,4651748
2018-10-15,378.6267062625861,388.7298670917521,378.6267062625861,387.4935302734375,3614908
2018-10-16,386.3537158146259,391.1831372623087,382.1231379102239,387.6673278808594,3003220
2018-10-17,389.0582369840928,400.2624960432176,389.0582369840928,395.72283935546875,3253970
2018-10-19,392.5353765751337,393.84898864574257,368.3109937966371,370.3200378417969,6869592
2018-10-22,372.4449329360604,381.67879495895016,369.7984197641536,378.6459045410156,3774108
2018-10-23,374.7631809608539,380.01758313773627,366.10884652475613,367.63494873046875,2948962
2018-10-24,376.6948738248928,382.702669404022,365.4133405797513,378.8970947265625,8442982
2018-10-25,378.16302903693594,390.7774878482732,373.99041343795125,388.2275390625,6176258
2018-10-26,386.33443558895925,386.33443558895925,371.67230611486906,373.44952392578125,3615756
2018-10-29,372.90869144330827,383.2436555646813,368.48493572932875,380.80963134765625,2786080
2018-10-30,382.2226169135397,393.7013063323729,378.11894988450064,389.01690673828125,6121068
2018-10-31,389.19108493908124,412.5742815601463,387.913530134519,408.6641845703125,6582228
2018-11-01,408.4319825844422,409.380455015119,388.4943076052017,390.5848693847656,3946070
2018-11-02,393.33353301700686,398.5599136230399,385.26168797711006,388.9201354980469,5575206
2018-11-05,389.2685502328155,396.4887073342265,388.6104087239054,395.17242431640625,1938928
2018-11-06,395.9467205631583,403.3991521161681,392.4043865032014,398.32763671875,2921884
2018-11-07,398.36641339439825,400.63116926671574,397.4953498082589,399.3536376953125,139254
2018-11-09,403.7863155905245,405.33487288904996,392.3657055138989,397.9405212402344,7343566
2018-11-12,399.70201437146585,409.98058330956997,399.54719643364007,401.3861083984375,4782454
2018-11-13,402.566764676858,408.37385378771774,398.50180229925616,399.9922790527344,2737474
2018-11-14,399.1406337935832,399.29549897123775,372.815160371698,386.0166015625,3033632
2018-11-15,387.1006402449685,398.36638572490324,380.0934039279291,382.7840270996094,3582306
2018-11-16,385.9779694256981,401.77327534259786,384.7197664160356,395.73388671875,6698234
2018-11-19,395.7338249574773,403.70890927461426,392.6560625806657,402.6636047363281,4180070
2018-11-20,400.6891919833458,400.6891919833458,388.41687094267184,390.6042175292969,2628564
2018-11-21,388.32006857119455,392.5592486148988,379.2222950579301,381.3902893066406,2503064
2018-11-22,382.493710801019,387.9136621686448,377.61576402180094,379.02880859375,3129880
2018-11-26,381.1385665962185,389.42335545381104,372.81507326780945,387.3327941894531,4758562
2018-11-27,386.63600240885364,398.36631782901804,384.42930379418357,396.1015625,4103018
2018-11-28,396.12095397436553,405.6252194831526,391.920478206452,403.82501220703125,2460574
2018-11-29,403.90246673853983,404.69607398033367,390.4299996567168,392.3463439941406,3260512
2018-11-30,394.1078290967518,397.32110436693785,388.7846634286965,392.9464111328125,4219388
2018-12-03,395.3078396831459,397.08867060563097,388.95877078763647,394.1851501464844,2908898
2018-12-04,394.14659797435286,403.7863781016756,393.7401063463818,401.1731872558594,2836286
2018-12-05,401.25052963059164,409.59340088652976,395.6563853554191,406.9028015136719,3873412
2018-12-06,406.24465170226716,412.49696141372493,390.6235889877508,391.97857666015625,4051262
2018-12-07,387.1392750613571,387.1392750613571,361.7623003069064,372.40863037109375,21093670
2018-12-10,371.6343350638962,375.79608208315165,362.78818885015517,364.6851806640625,6182964
2018-12-11,364.29802606105875,373.6474481900379,360.3104966015141,370.4341735839844,5605848
2018-12-12,373.58944297603966,377.07369684835504,365.1885150247463,376.0090637207031,3653708
2018-12-13,375.54445678065525,380.3836978185718,372.989346964278,378.6415710449219,2756644
2018-12-14,373.97654997831194,375.0605352524277,367.7823214072426,372.1182861328125,4611032
2018-12-17,373.62815890826965,377.07370840592245,369.29221730422023,376.1639404296875,2792580
2018-12-18,375.5057932585849,382.80336008803056,371.42147810294824,381.40966796875,3874502
2018-12-19,379.396414195024,380.7901058567529,369.3307950429111,370.55029296875,6117266
2018-12-20,367.12423964685735,373.4733344171897,367.0081025680693,371.460205078125,4527954
2018-12-21,370.51174093014276,373.20236436168494,365.84671610144426,369.50518798828125,10439250
2018-12-24,369.7180933562953,370.0665282362338,362.03338641723576,363.0786437988281,2941564
2018-12-26,363.1366397711894,366.89189546266147,360.4266648475238,364.9949035644531,2434064
2018-12-27,367.39515108227727,371.6536828651066,364.9368262774677,367.3177185058594,5096808
2018-12-28,368.5953025724904,372.81513021661607,367.78231952833363,371.0149230957031,1556666
2018-12-31,372.6021876164198,374.20880137702716,369.9502694929848,373.3377380371094,1437004
2019-01-01,372.42797043808855,373.5893882253175,368.88563673539807,371.5956115722656,717468
2019-01-02,371.2666460840563,372.4280641635684,363.5819392429286,366.36932373046875,2270096
2019-01-03,367.78228285842374,371.6536753095651,365.84658663285313,367.14349365234375,2809224
2019-01-04,366.2338020671106,367.99528127300687,358.10387622841154,360.9493408203125,3077278
2019-01-07,363.87228161833553,367.78237957054665,362.3237242306701,364.51104736328125,2344752
2019-01-08,367.0080616903551,367.0080616903551,361.23967658556177,365.90472412109375,3031576
2019-01-09,366.6209846003309,367.2210458999895,360.93003111672095,363.2915954589844,2471720
2019-01-10,365.0724076150694,365.0724076150694,360.8138747584779,362.3043518066406,1832096
2019-01-11,361.97518838570534,364.2980238191965,356.1680998019774,363.93023681640625,4331368
2019-01-14,364.298120622582,365.45953864794626,359.265309179337,362.8269958496094,1956808
2019-01-15,359.6523973510343,370.0664536151021,359.6523973510343,366.89190673828125,3693892
2019-01-16,367.0080369298311,369.40830518831586,362.65272003588535,363.2334289550781,1701242
2019-01-17,362.01398354980313,370.4923444576889,361.2397048780002,369.6019287109375,3690234
2019-01-18,367.2402819380175,375.04114725251156,366.3692186282697,374.0926513671875,4685056
2019-01-21,375.1573462659214,379.97723543511256,372.4473710768783,373.8797912597656,3265418
2019-01-22,372.428004013171,373.4152044954925,362.7495215803963,364.2012939453125,4791592
2019-01-23,366.81452881952146,367.7630249391249,363.40770731461873,365.6337585449219,5641586
2019-01-24,365.8079587897239,369.214780134571,363.6206121449802,366.40802001953125,2954782
2019-01-25,367.3952253874511,377.73185025852587,366.27251187508693,375.2928771972656,4310008
2019-01-28,376.6865966408192,379.39657215622077,373.16363792244164,378.54486083984375,3029930
2019-01-29,378.6222060647376,385.1454933126769,372.0795429500134,382.6678161621094,4733138
2019-01-30,394.10770810956075,400.68907455146893,387.71991126888514,394.2625732421875,14053348
2019-01-31,394.7272890438436,396.1016526996428,382.0097702926864,389.1524963378906,9058428
2019-02-01,391.24303356947314,406.4963340314404,391.20432908454336,404.11541748046875,6460222
2019-02-04,404.5606548228403,409.516057823482,402.74111862788425,404.4832458496094,4133944
2019-02-05,405.91831546056187,409.21531085608484,403.9789064043719,406.4031677246094,2368564
2019-02-06,407.66385328633146,413.0747865383607,405.3753407391191,409.2929382324219,2331000
2019-02-07,409.60317766392404,418.05901977872395,409.60317766392404,412.2795715332031,3251088
2019-02-08,411.1546992930901,417.36080796166505,410.39834873864817,414.4322814941406,3733802
2019-02-11,414.2965469734011,420.4638771504524,412.31835923517605,418.66021728515625,3157886
2019-02-12,417.36091110012,418.2918371002275,408.34265721250125,410.6893615722656,2788882
2019-02-14,415.0335494935112,415.0335494935112,410.01049883871593,411.65899658203125,1970720
2019-02-15,413.55962802121957,414.00570163843577,403.9789648373997,410.0881042480469,2492120
2019-02-18,411.4650455574719,415.8093029170638,400.48797132636975,405.84075927734375,2550698
2019-02-19,406.5002411918,407.74144436276293,401.98140747595386,403.0287170410156,1837440
2019-02-20,404.308550965855,411.7364962847562,397.9666935357135,410.3594970703125,2558354
2019-02-21,411.1547985718214,411.7366213999891,404.40564429530383,408.59478759765625,2603154
2019-02-22,405.02621748676785,415.227529299336,404.9486600546537,413.5402526855469,2844492
2019-02-25,415.2662927793676,420.85180080358305,412.2989872025477,419.7851257324219,2340940
2019-02-26,419.14501583487606,425.0989913164543,409.1958393291413,410.7085876464844,3726370
2019-02-27,411.1546561303336,413.48194663673166,402.6212576068738,411.2904052734375,3325110
2019-02-28,415.0141096853155,415.0141096853155,406.38373970363125,408.78863525390625,6661660
2019-03-01,409.2152885589869,411.69774148541836,404.85161842032477,408.28436279296875,2295910
2019-03-05,410.2625987410808,411.0771884752569,405.41407579411305,408.2650451660156,2117558
2019-03-06,411.3874550529044,411.9304990789001,402.85405488366166,404.65771484375,2807252
2019-03-07,406.3449094532699,407.46977599145913,400.2939636584349,401.2830810546875,2073614
2019-03-08,399.28552909123806,399.49883566909597,390.20908562191227,391.3921203613281,3176094
2019-03-11,390.5969842167854,396.3182409369419,388.2696933475692,389.5885009765625,4547588
2019-03-12,390.6357970598308,395.4455414128981,387.90123478445577,393.06005859375,4902188
2019-03-13,395.1351897420128,404.5607126361383,393.35091927836754,398.87823486328125,6803340
2019-03-14,401.4576921635892,403.610455249516,389.4721342031369,390.5000305175781,3793832
2019-03-15,392.5363908982254,401.0115989592118,391.2951643739385,399.24676513671875,5207688
2019-03-18,400.33283389868734,403.3776968448082,392.4976397425583,393.0212707519531,1690728
2019-03-19,395.67823833756944,404.17285973458365,392.9630655754369,401.9231262207031,3242552
2019-03-20,404.1727771606017,409.02129895955323,400.10001884948235,402.6018371582031,4408802
2019-03-22,402.6213156317778,406.5001337014481,394.86367949243714,397.5206604003906,5237090
2019-03-25,399.13032317534186,399.13032317534186,392.47814165265015,394.7278747558594,3055910
2019-03-26,393.06006198313054,404.8710926875469,392.3424900326744,401.30255126953125,3311446
2019-03-27,395.63945346577754,409.738948048439,395.63945346577754,404.6189270019531,2911690
2019-03-28,407.8188652519664,422.15107640673347,407.2758213537258,420.0371398925781,8627614
2019-04-01,422.7910543094474,434.42750534548725,419.7074137244331,430.839599609375,4617730
2019-04-02,430.54870944353274,434.42752664572674,423.7607793396933,427.6783752441406,2787844
2019-04-03,427.67849692268925,439.58649753066845,423.3924311041446,434.6603698730469,5296628
2019-04-04,433.65192047426046,433.67133350684895,419.4942325518003,425.9136962890625,8444208
2019-04-05,422.9269499119707,428.4736790997447,421.04573247937,423.8772888183594,3409044
2019-04-08,424.7306414138979,427.0579325997275,419.2808822808695,425.2542724609375,4027848
2019-04-09,425.2542101478883,437.8603688906017,425.1960184069973,433.7100524902344,6500982
2019-04-10,434.427549427535,436.48334159204273,425.1959450626618,426.1656494140625,4826866
2019-04-11,423.6833134064156,427.0966448719628,420.85175729795725,422.3450927734375,3035580
2019-04-12,422.3258163202809,426.9997646361999,417.5936289028395,420.2506103515625,2839484
2019-04-15,422.40334753144117,429.77310290618624,420.8518200841264,427.9306640625,3868302
2019-04-16,430.35486301672717,432.9730652027235,427.5814986388271,429.4045715332031,2401182
2019-04-18,429.77312613245635,435.9404575386062,422.98519318361343,427.6979675292969,4055238
2019-04-22,428.02757497856754,432.2167174430465,424.7305796117186,427.0966491699219,2230516
2019-04-23,427.6783677516454,431.30505230239237,425.35107747110084,427.4456481933594,2135528
2019-04-24,427.8334746563822,442.99963822293824,425.4479929571166,441.7778015136719,5681646
2019-04-25,442.5731332242952,446.60711340881824,437.9379646598657,439.7415771484375,5361098
2019-04-26,442.18528832906065,453.76355154053715,440.2458791697227,442.08831787109375,3465934
2019-04-30,442.2047140884409,460.6484673153089,442.18530105674614,458.9999694824219,8310400
2019-05-02,453.8217466245332,457.89450588911234,448.5853418557886,449.96234130859375,4226194
2019-05-03,443.736724340139,445.73432483294306,436.85182324133007,443.3682556152344,5710316
2019-05-06,442.1464726651511,443.8919407626853,437.55008281141494,440.65313720703125,2827130
2019-05-07,441.1573274454251,446.06404137026794,432.8760610167122,438.9851989746094,4689204
2019-05-08,439.08222178320307,442.18527635410913,435.3585657678869,439.31494140625,2987822
2019-05-09,436.1731852324131,444.12476397608987,430.58767654756997,440.8665466308594,4962690
2019-05-10,430.93670365453784,430.93670365453784,416.1196370138789,421.4917907714844,15535450
2019-05-13,422.1318461495358,426.96095635523164,418.13664406172126,420.32818603515625,3368062
2019-05-14,420.32813655207366,420.32813655207366,409.9910767554045,414.1995849609375,4388014
2019-05-15,416.1777222735591,421.43353914724025,412.26012590311973,414.04437255859375,3240598
2019-05-16,419.65982580203695,419.87353277691426,410.3914894991389,416.68695068359375,2226902
2019-05-17,417.77510893547327,418.53287929615266,411.8293582489302,412.9757385253906,2780046
2019-05-20,413.8695053579944,421.1753897797806,408.52611972543815,417.192138671875,2380474
2019-05-21,416.35670078673456,417.36707714702914,409.070264384028,410.41094970703125,1613426
2019-05-22,410.760593626434,417.7555706229106,409.4781622019904,412.3150329589844,3424864
2019-05-23,413.48099239132466,416.20126207810966,408.1376055065683,414.4136657714844,3884200
2019-05-24,416.201176825661,417.3670064526236,409.63366043955904,414.2386779785156,4340468
2019-05-27,416.58989259601424,420.0873823659435,411.22705597369304,413.5587158203125,3164414
2019-05-28,416.2012386210715,423.56537788301665,410.08063217076165,416.3178405761719,10631688
2019-05-29,416.35669897442455,425.5278840658302,415.1131187044668,421.64178466796875,4354812
2019-05-30,422.8075412329804,426.8296439253624,415.0353437838447,418.9991455078125,4745448
2019-05-31,421.64184227785614,427.23783566291735,419.7182417881835,424.57586669921875,4255094
2019-06-03,427.02404427046,434.85454443755816,422.4773267219459,433.3778076171875,3400394
2019-06-04,432.28959508026855,432.67820491988806,420.0872366286716,421.97198486328125,4128970
2019-06-06,423.58470030899895,427.91770925383264,417.9693074313675,419.3876953125,4701806
2019-06-07,420.8646184121067,422.49676139207037,416.29845103782947,419.5433349609375,3272806
2019-06-10,422.3802139765862,428.17051240229546,420.2428589994129,424.05120849609375,2056008
2019-06-11,427.47092662923205,434.05784602356084,425.1004155236535,430.54095458984375,6485078
2019-06-12,430.1911909098871,431.3570206955508,424.09003400667484,430.61865234375,3136202
2019-06-13,428.6366583438422,429.8413393738547,424.7505599001084,427.8205871582031,3951850
2019-06-14,424.7895175029062,428.38415946124644,421.2531765233297,422.41900634765625,3467872
2019-06-17,421.25329140689297,422.6911296072593,416.3956658141013,417.7169494628906,2487348
2019-06-18,417.7169254828723,425.1976684663219,417.61977297659377,423.4294738769531,1412162
2019-06-19,423.62368232426064,426.1496469117083,418.8438085675783,421.2920227050781,2437878
2019-06-20,415.81258993052086,423.9733977702788,414.1221463655459,422.5549621582031,1895088
2019-06-21,424.55639768948265,424.6146986732811,416.2595842107421,418.2414855957031,4695110
2019-06-24,419.31012135458064,421.2726205083968,415.0742635604857,418.8826599121094,1350104
2019-06-25,418.8826277017269,420.12616042742735,411.9848018613876,419.3100891113281,2203934
2019-06-26,416.6675377062685,424.6146390416324,416.6675377062685,419.21295166015625,3277734
2019-06-27,417.4836724680456,421.27261933722207,411.90708194629946,412.9952087402344,2776050
2019-06-28,416.08461252311696,418.12481455483976,411.42129359346484,413.7335510253906,2829874
2019-07-01,414.74389155359756,415.7737172160013,407.0105455076853,407.69061279296875,2467696
2019-07-02,409.2061836098725,413.7334979778121,405.32008500009215,411.92645263671875,2014050
2019-07-03,412.31514071995014,413.7724279750866,407.10775810738187,408.5067443847656,1213340
2019-07-04,407.5352616235882,408.50678656065,401.74501094889274,404.4458312988281,2553038
2019-07-05,405.66992769539576,407.65182891084675,393.52586701525854,394.983154296875,2514352
2019-07-08,392.88471810282505,406.4083653568334,392.5155338514366,403.7852478027344,4008224
2019-07-09,401.6089110946118,407.1855015112961,391.7188074026451,396.673583984375,3205934
2019-07-10,394.0504224418639,402.2112300072279,393.7006640586594,395.9546203613281,1731600
2019-07-11,399.41322481143385,399.41322481143385,394.45842548018186,396.69293212890625,1550706
2019-07-12,394.84710298628517,400.1516141430022,392.10740780436896,397.897705078125,2903286
2019-07-15,401.9975733053075,403.3771577041515,396.3821780907847,399.2967529296875,2633206
2019-07-16,401.00662679015375,401.10377928005164,393.8367682919142,396.24615478515625,3450502
2019-07-17,398.09206769799215,405.32020374218376,396.73193278610563,404.4458312988281,2291110
2019-07-18,401.58953660844827,402.9885229575903,394.8277139102331,395.81866455078125,2608300
2019-07-19,397.93660492836665,400.5791716705651,392.18518217903534,394.6722717285156,2139624
2019-07-22,394.67223308704814,399.1995482323286,389.8729099674701,395.9740905761719,1902156
2019-07-23,396.6347556402862,398.69435991620156,391.38852130622263,392.865234375,2011658
2019-07-24,392.47658556808443,398.2668590285137,389.19282706623846,396.8872985839844,2384560
2019-07-25,396.80959330472825,399.3550073422939,389.7757630013243,393.001220703125,6042040
2019-07-26,391.6022128274255,393.312082207863,387.59953548003915,389.17340087890625,2332384
2019-07-29,390.55297418130874,397.93656274792056,390.1643642567502,394.61395263671875,1825826
2019-07-30,394.43906164825216,399.2383845856867,392.8068952700723,397.7810974121094,2134474
2019-07-31,397.35363900899983,403.33824120142543,389.75631989690436,402.0364074707031,3714036
2019-08-01,399.93782399814484,405.10630637745845,394.47783680280156,396.984375,3490012
2019-08-02,395.21624127689535,395.5659996505268,385.88960431460873,392.6902770996094,3544858
2019-08-05,389.9312149328177,395.2163005160854,387.48295338815467,392.9234924316406,2687280
2019-08-06,392.9234111100153,402.98841574490183,389.8534075164684,398.0141906738281,3174832
2019-08-07,398.38348161793994,406.44713771383385,395.0025704628759,397.4119567871094,3967844
2019-08-08,402.58046545643873,425.5279023625948,399.5104847503152,422.90478515625,12493298
2019-08-09,421.5639663532692,428.42289196432256,418.84369751878614,422.1468811035156,5645698
2019-08-13,424.32312914661384,424.32312914661384,414.7827378044282,416.7840881347656,2507610
2019-08-14,416.25856542281014,421.8066030431861,411.7033060186832,418.9839172363281,2803920
2019-08-16,419.2758360685979,419.2758360685979,408.9973589049819,413.7667236328125,3108220
2019-08-19,414.87645256786436,419.68474289986824,411.78125022567053,414.27301025390625,1682212
2019-08-20,415.7718920361326,424.6876952580049,414.68173230914704,422.0401916503906,4282308
2019-08-21,421.63142173393567,421.8650613658597,415.05168105002934,416.64794921875,2555246
2019-08-22,416.78410366856974,422.95506851467314,411.1582186174492,420.0545349121094,2580980
2019-08-23,420.0935032203204,427.27673271247687,419.5484233679594,423.20819091796875,3319154
2019-08-26,424.99907839373293,426.71216593743935,414.1171585010355,425.4857482910156,2314884
2019-08-27,427.88028292484097,428.269618942061,414.1756741292427,425.58319091796875,6604388
2019-08-28,427.10147193593673,439.9495563241646,425.2716122608822,437.59405517578125,6985284
2019-08-29,433.33089114440634,438.2754384568942,432.1628833515643,435.18023681640625,2948038
2019-08-30,434.3821203556253,434.4210919735042,421.7287013994538,428.40582275390625,6738070
2019-09-03,430.9949137644014,440.18323304398865,429.3791600024691,431.5205078125,4086894
2019-09-04,433.07773446048327,439.365518106129,429.78786545330354,438.25592041015625,2425690
2019-09-05,438.17815481222965,438.17815481222965,429.72958315064045,432.922119140625,2775294
2019-09-06,434.3043182372089,436.50407619433395,427.08211625642383,428.42535400390625,2075686
2019-09-09,429.0481331764115,429.0481331764115,420.8720798218701,422.1958312988281,3521728
2019-09-11,423.5974645566748,425.93347998621533,409.81496401711485,411.8005676269531,5325506
2019-09-12,411.52813683608434,414.42867091865907,408.0241129652,410.7105407714844,4064734
2019-09-13,410.7104731016994,416.5894360111649,410.32113718019366,416.00543212890625,3091588
2019-09-16,416.5894611986074,420.07399889621985,411.5280939130169,416.550537109375,3888868
2019-09-17,416.2000991268536,416.2000991268536,407.45952671981206,411.080322265625,3815108
2019-09-18,412.5598830616671,415.4020072160332,409.0558592217128,412.0926513671875,2572672
2019-09-19,411.91746399184734,411.91746399184734,401.8920625761667,408.6275939941406,3762272
2019-09-20,409.5814458938541,414.07829541777807,403.85822606919095,408.4523620605469,5736082
2019-09-23,413.8641136394337,413.8641136394337,395.9546599918194,402.1451110839844,4733492
2019-09-24,398.3686214014002,409.46467423564474,398.29074944457074,407.7905578613281,5614452
2019-09-25,408.6080340534306,413.4747328868445,406.5445347375208,410.3016357421875,4312820
2019-09-26,410.3600727247754,410.96356243050246,402.2813521279641,406.9144592285156,6062076
2019-09-27,407.0507633893907,410.2043752934474,402.6123237524688,405.3182373046875,4458334
2019-09-30,406.466802940487,426.9069438929541,406.0969527337997,420.71649169921875,8559586
2019-10-01,420.8721412471713,420.8721412471713,410.04858335904095,412.5209045410156,4190696
2019-10-03,411.917554079708,424.3763080783381,410.4186197445228,419.2370910644531,3435302
2019-10-04,418.92551425697803,421.1836819503217,414.50656039160344,420.1324462890625,2694188
2019-10-07,422.7214122460585,424.7654255219432,416.16111247539385,418.3024597167969,1910498
2019-10-09,416.60890088895934,418.1272728854686,404.96774791547216,409.23095703125,3750540
2019-10-10,409.211563358396,415.0710408056026,405.45446198979033,414.05877685546875,2707552
2019-10-11,408.80273674968885,424.37617434015317,408.0240648701656,420.28814697265625,4312780
2019-10-14,421.41722245191283,428.1916771763934,418.14679111667823,423.13031005859375,2781204
2019-10-15,424.0257686071438,427.9386138687483,420.268667228963,422.2348327636719,3002070
2019-10-16,423.9867364548693,430.9947816855283,421.6896454573281,428.6198425292969,3018788
2019-10-17,428.26952538600034,429.1260454262288,422.25430424453145,425.56365966796875,1552278
2019-10-18,426.30339381715606,430.39142143000674,423.7532717744811,426.5175476074219,1647630
2019-10-22,424.45411353617743,426.67335738452226,409.3868284469655,414.4287109375,5502486
2019-10-23,416.5895373433269,429.80747608306524,415.8108653109095,426.38134765625,7829074
2019-10-24,449.7219019457864,451.240321506169,432.35752979516883,435.6863708496094,13502160
2019-10-25,436.44569601657156,442.77240659665125,427.52989129383116,441.52655029296875,4587220
2019-10-27,443.0643067054124,443.70672052181277,438.0418634949559,440.144287109375,303910
2019-10-29,440.29996187401844,446.12051434452127,439.1513924973985,443.7455749511719,3218206
2019-10-30,447.73635015992886,447.73635015992886,443.1421668607866,446.47100830078125,2441752
2019-10-31,446.86087723122796,456.3187661885549,444.05278079074264,453.49114990234375,5848998
2019-11-01,451.9896741162099,455.14879504839575,445.944424481891,449.2985534667969,2131710
2019-11-04,452.4381869005689,454.87578747735876,449.31805816227785,450.8196105957031,3022168
2019-11-05,450.8976801364357,452.6527528840029,445.9249740183287,451.9117126464844,2878100
2019-11-06,452.41875895516273,452.4382788074968,445.0864358869586,447.87506103515625,4576658
2019-11-07,448.1285904425781,450.15665553311123,443.09737220293607,447.9140625,2538638
2019-11-08,447.87493648926016,454.13471334507295,446.99740034738267,448.5574645996094,4026580
2019-11-11,448.5185492129956,449.9615898493158,440.7962108001807,446.93896484375,1906640
2019-11-13,448.5185197693122,450.8976084827327,442.5512543321045,444.07232666015625,3378350
2019-11-14,445.20331080612556,451.404575379966,442.70719862182364,447.6604309082031,2540924
2019-11-15,448.8891970563201,452.34087905755666,444.6185380373556,445.5155944824219,3061712
2019-11-18,447.738453197625,448.4014614800351,444.1503243586102,445.0473327636719,2484314
2019-11-19,444.228298644451,445.98337093935885,440.19164188803956,442.53173828125,2365020
2019-11-20,442.6684109297322,443.72143568289675,438.96325682943933,441.8103942871094,2225036
2019-11-21,444.0724212905324,447.93359106627014,441.32283573599943,443.2923889160156,3876184
2019-11-22,440.8938042832934,442.64887722324806,432.50845579239893,434.77056884765625,2597928
2019-11-25,435.6480595134422,439.19719711920175,431.37740151899794,438.6706848144531,1693202
2019-11-26,439.3531264672839,442.4732551949699,428.4131560720804,432.1573486328125,6459924
2019-11-27,432.5279249431763,442.4343450092903,432.5279249431763,440.0357360839844,3354312
2019-11-28,444.2283628718731,445.9444433302184,438.9631452258939,441.75177001953125,2413116
2019-11-29,443.0583834151953,443.38988764851206,438.8071975031524,439.8017578125,2387702
2019-12-02,444.22845686339303,444.22845686339303,438.1832056944882,438.88525390625,2995916
2019-12-03,440.6986083573005,441.10814424584316,437.2079838192663,438.5925598144531,3567662
2019-12-04,439.5482506093212,440.71829919124485,435.4335607191302,438.9632263183594,5903136
2019-12-05,439.7822067342995,442.785359692604,434.59502043987277,437.5201416015625,2683884
2019-12-06,439.8602076721318,442.3172807099367,435.76503833306646,437.05206298828125,1659752
2019-12-09,438.80719152940026,439.31423160361544,426.6776979380498,430.6168518066406,2192234
2019-12-10,430.6168560597527,432.83997685781134,422.621524346662,424.6886291503906,1628853
2019-12-11,425.11759734058217,428.9397745989609,420.788427660185,424.1815490722656,2387958
2019-12-12,426.9117256837369,427.3017418861904,417.3563287236258,418.370361328125,2061911
2019-12-13,419.65728449472243,425.11750938591774,418.72123642006954,423.6744689941406,2889796
2019-12-16,425.8976764749932,432.8789757486149,425.15663619734215,430.73388671875,4590144
2019-12-17,433.30791571534627,436.038028595641,430.96781896080796,435.06298828125,3852266
2019-12-18,436.8181218314437,442.2393562581955,436.03808947103045,440.4842834472656,4618387
2019-12-19,441.1083249702487,447.73860041188817,440.52330066657464,444.22845458984375,3465644
2019-12-20,447.34865592537926,447.54366405786635,441.10839568579246,444.5405578613281,3135806
2019-12-23,442.66825450360767,448.9475039222664,441.92721442353076,445.359375,1591463
2019-12-24,446.1784491397097,446.6854891483974,436.2720299953241,437.2470703125,2354963
2019-12-26,438.105186124368,440.7182754394096,436.46708963231833,437.2081298828125,1848547
2019-12-27,439.1192370456331,443.8384234141855,434.47803487117983,442.7073669433594,2786795
2019-12-30,442.27826210295655,450.4686002900483,440.1331735301468,444.07232666015625,1800754
2019-12-31,443.9164460202986,445.7885429346512,440.75732413555556,443.13641357421875,1838808
2020-01-01,444.1504229514591,446.8805360769894,442.16130244391417,446.1394958496094,918373
2020-01-02,446.607449449524,448.5185379592282,445.0083928795473,447.3874816894531,1075642
2020-01-03,447.7384425722336,459.04890845602694,446.84138657907613,456.3577880859375,3269446
2020-01-06,456.3189178152183,461.93516017174625,451.98974786038895,453.97882080078125,3589985
2020-01-07,453.9787835842226,458.4639691608708,451.6776788534551,455.7338562011719,3179728
2020-01-08,454.758750664796,462.559072288549,450.8585898529196,456.9038391113281,3593096
2020-01-09,457.09893417237834,458.7760226845158,451.83371607397635,452.6527404785156,2313648
2020-01-10,453.97872251367045,460.0629639120797,450.3905935787942,452.691650390625,2049636
2020-01-13,455.49984937093564,460.2190350388627,453.19874467386313,457.4889221191406,4096054
2020-01-14,458.0349709284128,465.99130982077276,457.9959788357302,463.57318115234375,3395378
2020-01-15,465.6792028045334,466.69323509780867,461.5450418492513,464.70416259765625,2348102
2020-01-16,465.6793328633652,466.6933654398479,457.68400093396906,462.75421142578125,2107442
2020-01-17,456.3187877590057,469.5793337280708,456.3187877590057,467.0832214355469,4555694
2020-01-20,482.05992984245734,482.05992984245734,455.6168175597703,459.6340026855469,10272118
2020-01-21,459.6729274965917,462.75406395079983,454.2516946380811,455.5777587890625,2640668
2020-01-22,456.47494934441096,464.11925699659304,453.58882007314094,460.72613525390625,4402650
2020-01-23,460.2968531937078,467.9801967763445,457.87877309504745,467.2001647949219,6089397
2020-01-24,468.8045924409412,476.6310464048968,466.0653335535567,475.6136169433594,3551260
2020-01-27,475.613835302367,475.8486194753006,470.9570835020759,472.991943359375,2450421
2020-01-28,475.30065606886114,475.3397787944845,463.79575637075004,470.7221984863281,5330709
2020-01-29,473.5006575677482,478.58785471517024,471.30925911956245,476.5138244628906,4281329
2020-01-30,478.97910797193373,480.42698322670856,472.4440363089603,475.7311096191406,3334901
2020-01-31,475.731173096617,476.55298930271476,461.4478889677591,462.856689453125,3590768
2020-02-03,462.85662046418093,464.61757303951475,451.977827669005,453.23004150390625,4024193
2020-02-04,456.2824380781949,461.1739736493591,455.89111523250176,459.0216979980469,3246094
2020-02-05,461.29140309720714,468.4134599894859,458.63038856113405,466.1437683105469,3006324
2020-02-06,468.7656463467733,479.76180875549653,468.02212338627555,469.3526306152344,4704968
2020-02-07,470.878621848943,476.7875850379527,468.9220083579541,475.6136169433594,2865379
2020-02-10,476.5530379764967,478.6270206470664,470.87885603069316,473.4224548339844,2286213
2020-02-11,474.2832555880175,480.34875926921734,474.048471450912,477.9225769042969,2458748
2020-02-12,479.7616676940239,485.6315086527599,477.64851539510136,480.62255859375,4873027
2020-02-13,478.9790987605513,480.50526720744006,472.7570567964023,479.331298828125,2090363
2020-02-14,479.3313579289678,487.7839217484458,479.1748192386457,486.5317077636719,3650630
2020-02-17,487.58814657391747,487.9794693239768,479.25295289009773,480.1138916015625,2190578
2020-02-18,480.11393119008613,481.95312915946266,473.61798255724614,475.10498046875,5237465
2020-02-19,480.89670478093797,483.87074916460176,472.7180468991823,474.0876770019531,3799862
2020-02-20,478.19654028375606,479.7227090086553,473.61808187796265,475.8877258300781,4820313
2020-02-24,475.84857333725233,476.6312190170833,462.93491962004066,465.7915954589844,4070143
2020-02-25,466.06547520182886,466.2220138824606,450.0212396994989,455.8519592285156,5525575
2020-02-26,451.5084166554074,461.01753521230626,450.41269334162473,456.7521057128906,5460070
2020-02-27,455.5779583520912,455.81279023365164,444.54267513671266,448.4950256347656,4078174
2020-02-28,438.28157614288864,441.41215882962354,415.74139035217735,418.2066955566406,7894806
2020-03-02,423.4504327206981,442.8600358984715,420.9459570080077,430.2203369140625,8175982
2020-03-03,435.150953592649,445.1296849924804,434.3683079926622,442.23388671875,4682284
2020-03-04,445.32526894599187,450.3342190223597,439.0641052349762,440.7076416015625,5175180
2020-03-05,444.54279142432796,455.42158658963365,440.74697859807355,451.1170349121094,6061347
2020-03-06,446.1079853321592,449.1994449597314,437.9293293806238,443.1339416503906,3288548
2020-03-09,434.368381858606,436.71631905784176,419.8503130637795,422.98089599609375,3699776
2020-03-11,412.2585668381025,424.7026508962558,402.27983550979536,420.1241455078125,4850031
2020-03-12,407.7584041487328,413.08038528249824,380.63973578981955,386.1182556152344,5321388
2020-03-13,360.01701406080866,404.82347939772455,309.8885676350351,385.76605224609375,6859998
2020-03-16,367.0608408902763,375.51340507128236,349.725243053692,352.7384338378906,5281571
2020-03-17,352.1905343836915,374.57420423474485,346.98594570802237,352.6992492675781,5148153
2020-03-18,356.10375772760597,363.7736752633441,335.79409429903217,339.8638610839844,4936397
2020-03-19,327.8502740553742,340.1378209155918,293.6877945376157,323.5848693847656,9270044
2020-03-20,323.62402439266145,361.543221326913,322.33266365504693,348.1990966796875,11916337
2020-03-23,324.7979076419484,347.4946288988557,313.4104242892445,326.4805908203125,9525470
2020-03-24,323.23265889748455,359.11696733163774,322.3326211617061,345.968505859375,9915953
2020-03-25,338.10293747024355,366.2781822594305,326.950236407857,358.138671875,11976272
2020-03-26,360.87798236743237,365.299926350868,345.2250664016747,350.3905334472656,9504717
2020-03-27,352.38621625536376,358.0212746865202,329.1025073523164,337.0463562011719,9150873
2020-03-30,320.8847169716774,343.3075101002473,320.8847169716774,327.92852783203125,6325701
2020-03-31,339.0420876861931,351.72093223305194,332.8591682618151,341.5465393066406,6381806
2020-04-01,338.8856486278786,339.04218734961825,319.476041354937,323.6631774902344,8136746
2020-04-03,327.8502580066893,335.4419303654363,312.5103984898658,317.59759521484375,8166356
2020-04-07,332.62439743594166,358.41258086151976,332.62439743594166,353.090576171875,5972948
2020-04-08,352.9731896061519,373.1654379056729,351.40789829969447,362.4432067871094,7991061
2020-04-09,376.21781758418865,376.45260175291463,361.5823326608037,367.0999755859375,5069225
2020-04-13,367.84342447916663,368.6260700631649,355.32109513519504,358.6473388671875,2236731
2020-04-15,367.84353008220467,377.23527978643114,362.130225232582,374.6916809082031,6333188
2020-04-16,370.19137392360403,372.53931075610046,357.4342600208195,359.8213195800781,10484842
2020-04-17,367.84336749961386,371.75659481343956,355.0471094065151,356.2993469238281,4706460
2020-04-20,358.45175677360373,370.661035361997,354.9298508664395,367.843505859375,4800719
2020-04-21,358.4517480069149,363.8911454398401,350.50789854304077,356.65167236328125,3405204
2020-04-22,354.53852055610366,367.4130525450898,352.19058333387784,361.8953857421875,3768051
2020-04-23,363.93026276803175,376.2569329585619,361.8953791025459,373.869873046875,3052968
2020-04-24,375.6698614830552,388.89656641254845,364.0475703665338,366.35638427734375,6738184
2020-04-27,370.2696138493085,380.1309525393504,365.69113261274117,378.0960693359375,2914569
2020-04-28,382.71376047361514,382.71376047361514,367.4130460657208,368.70440673828125,4262237
2020-04-29,371.6001734958349,392.1055006483938,368.0000223379618,384.86602783203125,3849090
2020-04-30,396.4100025624548,442.58609368029255,392.1054516955377,425.4070129394531,8035267
2020-05-04,412.84567366077533,412.84567366077533,397.7406187564475,402.4756164550781,7032527
2020-05-05,411.6715840780349,414.7239210143089,403.5712212555409,407.2887878417969,4592828
2020-05-06,400.87107543153894,412.2194363359269,396.1752019538611,406.27130126953125,6921533
2020-05-07,414.8021727442217,424.03738137606837,397.23176926948423,400.5188903808594,19998641
2020-05-08,407.6409849683961,408.9323694531773,393.2011864446912,405.7235412597656,10120968
2020-05-11,411.67170466550175,418.63727162767225,407.91501425275453,412.8847961425781,4425540
2020-05-12,411.24116541654547,422.6286500445207,406.9757370799088,412.767333984375,6439945
2020-05-13,422.511230572114,422.511230572114,408.18882488251506,413.8238830566406,3502017
2020-05-14,406.5061795946903,412.88471313583375,402.5537807510368,404.9800109863281,3741672
2020-05-15,405.3712676390714,405.3712676390714,395.431659711544,400.1275329589844,4895121
2020-05-18,402.8277884787692,405.91924883253836,397.1927293655164,399.736328125,5159655
2020-05-19,400.71463458755426,407.3671236383242,396.1752986713985,405.6061706542969,3966934
2020-05-20,403.1016420801429,413.7456518350108,403.0625193504909,412.25860595703125,3138708
2020-05-21,414.6455806459963,420.67196061226645,409.6366780553894,418.5979309082031,4523685
2020-05-22,417.6589246214854,418.71547727901975,409.32372825593893,415.1153259277344,6410434
2020-05-26,414.8022280394576,419.88942517579056,407.1714323349582,410.1063537597656,4055691
2020-05-27,414.5674691659129,417.8545909159768,403.8452126861618,415.5457763671875,4828798
2020-05-28,415.58491619068656,427.32460308872857,409.3237498450642,424.7027587890625,4492767
2020-05-29,422.628728995698,434.36841591224515,420.0460074278393,430.6508483886719,7853755
2020-06-01,435.93360105568195,448.7690080578783,434.7596326506846,438.08587646484375,4503261
2020-06-02,437.7338624894245,444.34723020298816,430.4552648377693,438.4382629394531,2930058
2020-06-03,441.41217634041743,444.85583653999595,435.9336564212988,440.4729919433594,4202273
2020-06-04,442.19475543610326,456.83023742644014,437.4988819270473,453.1126708984375,5315353
2020-06-05,457.8477970595669,459.53050465205035,448.064724472824,450.7648620605469,3995824
2020-06-08,453.2693417455745,456.6738319248541,446.9298819983825,452.56494140625,3771973
2020-06-09,449.35603961839996,456.75200313423295,446.1080409147059,448.33856201171875,3812291
2020-06-10,450.0211637580485,459.8042325353974,448.9254409474292,452.9169616699219,6491708
2020-06-11,453.93452444368046,457.7695076370596,449.3168955185019,452.4083557128906,4975680
2020-06-12,434.5249660084195,452.91714265950736,434.5249660084195,446.6950988769531,6624056
2020-06-15,449.86467261378226,454.71708479358585,441.1773257295869,453.1126708984375,3787100
2020-06-16,457.84765214816633,464.50013940160125,452.68221056482156,454.6388244628906,4728405
2020-06-17,453.9345223168113,455.3823978062946,448.4560022198843,450.6865234375,3572351
2020-06-18,447.04716761590686,456.90848287736617,446.18622881124264,453.1126708984375,1918229
2020-06-19,449.2386431849894,452.36922606432734,443.9166618438958,445.79498291015625,6182627
2020-06-22,450.0212889048239,451.31267345011236,442.50790910197446,445.79498291015625,2666273
2020-06-23,445.87310525690214,456.6736024974082,441.21635545486527,454.1300048828125,4521803
2020-06-24,450.02114307640323,453.77783176048075,433.89866557983,437.9683837890625,5339893
2020-06-25,436.40322824466915,438.8294586039879,428.8898485455923,430.4942626953125,6353371
2020-06-26,430.49426981683655,449.16039894720757,426.54191847465944,440.15997314453125,7034875
2020-06-29,439.8468712070046,442.8992084599518,430.6899072170643,433.3509216308594,3857610
2020-06-30,436.71625419387226,438.90765236723047,432.99868751390653,435.8161926269531,3110587
2020-07-01,436.67715013442086,437.9684867960636,431.2377533111088,431.8247375488281,3004648
2020-07-02,434.36844457826714,447.986501407745,432.72490740904914,445.4820251464844,5243652
2020-07-03,447.6733511129022,454.36496245425315,446.57762799912035,453.269287109375,3735570
2020-07-06,453.2691616996845,460.9782007886792,451.7821161379713,452.9169616699219,3288417
2020-07-07,455.4997770652341,465.24372514901796,450.1386733671296,463.3653564453125,7255475
2020-07-08,465.47852143056883,465.47852143056883,448.4559777716956,449.9430236816406,4625011
2020-07-09,450.5298610034138,463.01301740002896,450.021122366228,460.39117431640625,4807930
2020-07-10,460.3912776883143,460.6260618163139,453.8170354909436,455.6954040527344,2376881
2020-07-13,457.84785710480236,473.50077529641953,456.5564722464278,471.6224060058594,5443990
2020-07-14,473.187466563863,480.3486922441844,460.2738153670743,462.8174133300781,6212718
2020-07-15,464.6175784563595,491.4623129195328,463.7175169109148,481.48358154296875,9928037
2020-07-16,493.0668000252016,510.4415444370132,475.1833645604204,491.30584716796875,20771204
2020-07-17,492.67543874985427,504.5325395048491,480.07486283934804,487.7056579589844,26830157
2020-07-20,495.4145601412748,510.2848233998597,490.60127161054675,507.6238098144531,10543170
2020-07-21,510.28502254188817,518.3853868443085,503.4759950492813,510.5589294433594,8801061
2020-07-22,514.1981700155969,514.980815632059,503.31937683921484,508.8370666503906,3837958
2020-07-23,510.28951242364883,515.7456944859017,505.22586075556796,512.5269165039062,3172594
2020-07-24,503.22387985746525,537.6095269633737,503.14539295848476,533.802001953125,12365728
2020-07-27,536.9814878301414,552.9967443529988,531.0935329197232,550.406005859375,11348828
2020-07-28,551.1126942242812,562.1427891336848,546.1668206542483,559.3165893554688,8469603
2020-07-29,557.3931695826246,557.9819651842964,543.6546055436163,545.146240234375,7142681
2020-07-30,547.9724153922157,559.3950399693509,543.7723594550874,545.9705200195312,7966760
2020-07-31,550.9948347918104,562.6530149717854,546.4022488494674,553.6248168945312,6322671
2020-08-03,556.6864742494738,563.6735330315655,549.9742154379983,554.2135620117188,5546316
2020-08-04,557.0004055645661,558.177996274005,539.3757883633739,543.7721557617188,6683186
2020-08-05,543.7722374920307,551.4265782538495,534.6262624408778,540.4357299804688,6052220
2020-08-06,543.2621602305707,555.5090914969877,538.8658382160405,553.3894653320312,5132907
2020-08-07,549.4640411915226,549.4640411915226,537.7666167840051,541.9274291992188,7371589
2020-08-10,545.5778422367724,545.5778422367724,537.8449670208662,543.3011474609375,3769570
2020-08-11,544.8321530495398,550.2883347706888,535.0188938087339,536.8245239257812,3956468
2020-08-12,534.3123238260442,564.4586755974951,531.5253677648392,562.967041015625,13085350
2020-08-13,562.8885381430993,572.3092668149502,559.7875387053541,568.85498046875,8850347
2020-08-14,571.4456402833925,571.4456402833925,555.2341194324893,556.6864624023438,3887203
2020-08-17,558.2565399924583,565.8716369387349,556.8041971361321,564.3407592773438,3344102
2020-08-18,564.4194310602032,566.5783481045896,559.2772927741077,560.8866577148438,3634301
2020-08-19,560.376328998543,560.6903724511848,553.4678042871556,557.2753295898438,4858027
2020-08-20,556.2155406205696,561.985717958721,554.2921322024174,557.4716186523438,3025569
2020-08-21,561.3184107756662,561.3184107756662,551.6621735721566,554.1743774414062,4164686
2020-08-24,554.2921471225319,556.1763121372154,546.0882524920706,554.0173950195312,4066936
2020-08-25,553.4677482776445,558.6098858592339,545.3816333115997,550.7985229492188,3982510
2020-08-26,553.2320941419532,563.4771231616348,547.1871192527475,559.591064453125,4511228
2020-08-27,560.1799805079287,565.2436309517977,554.6453128714516,557.5108032226562,3917059
2020-08-28,560.297706878782,562.6136450132828,552.0545713574103,554.6060180664062,5416681
2020-08-31,553.4678655714795,569.1690816160605,538.5517103291276,545.146240234375,7786675
2020-09-01,545.6172773398301,552.6828248161733,535.7255300394739,541.3779296875,6377322
2020-09-02,541.6135124442238,553.3108906372361,540.9854254162582,551.073486328125,4090511
2020-09-03,553.3107967872289,562.4175300686486,547.6583499084693,554.8416748046875,5467610
2020-09-04,545.7350285382242,553.0753277743845,543.3013113340738,550.1705932617188,3354824
2020-09-07,546.6769139614933,559.277174563079,540.9459813291503,556.450927734375,4238823
2020-09-08,556.4509237526305,580.0812757154579,552.0546037167204,569.87548828125,11522742
2020-09-09,559.0417203155348,573.800900204908,557.5501336952625,566.7745971679688,5514179
2020-09-10,572.0345595888789,572.2700682408835,560.3763781934181,567.1279296875,3366359
2020-09-11,558.9631475042022,576.2344807136018,557.5108045599304,566.5390014648438,7221661
2020-09-14,586.4957060411176,649.5538157527293,585.8265690862288,625.8184814453125,32312474
2020-09-15,622.7480280217042,637.5481740372143,616.4500894577035,624.0469970703125,14024028
2020-09-16,621.9608389879655,626.8811039126368,613.4586308080258,621.3310546875,7471292
2020-09-17,625.8183364295619,643.5706423989935,621.5278558703429,636.3280029296875,19972637
2020-09-18,636.3279630982215,648.6876772380123,632.942830703109,638.1386108398438,8847382
2020-09-21,647.9004615888396,669.077300270033,624.637459485548,631.8406982421875,24911507
2020-09-22,640.776060667252,654.5921573243972,622.3545664247448,646.3261108398438,21882919
2020-09-23,654.9857640610654,665.0624585136495,637.7845345492013,640.8941040039062,18070370
2020-09-24,638.4536662788382,638.8079350130545,617.1981188194935,620.583251953125,10553627
2020-09-25,626.0546174492408,658.1347503144486,623.9684055400587,651.6006469726562,19813100
2020-09-28,660.0242059340968,665.0231771551895,646.1687075359821,657.5443725585938,11145837
2020-09-29,659.2370330262407,662.1497924742663,637.8240227290563,639.8314819335938,10554255
2020-09-30,643.9642738267615,645.9323797981148,635.3833125718768,638.9259033203125,9470272
2020-10-01,645.4601142557917,646.2867092315647,638.6110952218062,639.98876953125,4321350
2020-10-05,652.4666335224691,660.6539754842669,641.681400685121,648.8453369140625,11889998
2020-10-06,653.4113244558586,656.9539159739927,647.6644633807798,652.7421875,7848500
2020-10-07,653.4113533721472,653.883679709012,647.9006552111773,651.876220703125,6980002
2020-10-08,675.0602827697654,691.9859924835264,664.8261327102821,668.8016967773438,25860257
2020-10-09,671.4391782847877,678.996687411844,668.6050763250381,673.6828002929688,7286954
2020-10-12,677.6582702941795,686.4360425587264,674.7848642706404,681.594482421875,8717550
2020-10-13,681.9882506265424,713.7141176038901,679.6265228408915,708.833251953125,18948618
2020-10-14,711.6671868026701,716.9417209165214,694.3478526105697,701.0000610351562,15441198
2020-10-15,708.4789764798701,711.4311361840341,656.1273443926949,677.0286254882812,15648823
2020-10-16,676.2412549975923,690.4116188974253,646.0111261248288,651.1676025390625,28982990
2020-10-19,661.1262721609005,678.3669029200798,655.7730325256871,665.0231323242188,15671485
2020-10-20,666.7550251744998,697.496834276216,664.1177340481767,692.4978637695312,21563969
2020-10-21,693.560611193822,701.9447626601627,677.0285194400532,685.7275390625,11161929
2020-10-22,679.282002470151,694.3876833344607,673.4690470011934,685.0949096679688,9607794
2020-10-23,688.851556659591,692.3709571601279,672.7177006624376,674.1808471679688,5447267
2020-10-26,674.6157295475889,680.8636553782296,665.9556469290644,670.503173828125,6612856
2020-10-27,671.4127943997108,678.1352264279064,663.3063322480633,670.0682983398438,5807904
2020-10-28,673.8249179711313,673.8249179711313,649.7823194299035,656.1093139648438,6853002
2020-10-29,652.4713135488022,666.3116141392313,647.6865335703385,664.3739624023438,6690978
2020-10-30,666.5489940109246,679.9147918693847,658.7984338550941,665.8767700195312,8727274
2020-11-02,665.8764968925791,667.3791288073337,647.8841100707102,650.4149169921875,5953172
2020-11-03,654.843986550597,658.0074840701651,642.4667831968303,643.811279296875,7011687
2020-11-04,642.3481245091874,665.718450725391,641.0826966499674,644.6812133789062,10077502
2020-11-05,659.5891898913793,673.1131215986825,656.4652266399443,666.6279907226562,8903859
2020-11-06,669.0796393576755,676.830197629814,661.4872655954042,672.3222045898438,5871913
2020-11-09,685.5298784979559,690.2751246088385,669.9496441129965,676.1975708007812,7505062
2020-11-10,671.0568868452543,671.0568868452543,637.2470083389084,640.3709716796875,10397497
2020-11-11,642.9809771728291,655.634969343512,636.9307678577616,653.3018798828125,9779484
2020-11-12,654.171782804076,661.9618763777223,650.0987603136053,652.234130859375,4699639
2020-11-13,650.8105872870008,657.5725540044045,647.0539337472048,654.923095703125,3918289
2020-11-14,659.5891047138396,659.5891047138396,655.6347335824616,656.821044921875,475390
2020-11-17,662.7131360584104,662.7131360584104,643.7716867271376,644.5625610351562,5977903
2020-11-18,647.7261526466569,648.437958936045,632.8972572106071,644.009033203125,5816221
2020-11-19,644.5625587412654,648.8728333588547,635.0720670788173,636.2979125976562,7170339
2020-11-20,643.7320823343763,651.2849214965336,635.862874175122,647.9237060546875,7455575
2020-11-23,652.47141649926,665.916282051366,645.5512651121467,663.7018432617188,7116516
2020-11-24,667.4189729284204,678.0957780876448,660.6569577106615,664.72998046875,8465615
2020-11-25,664.7299367926829,669.0797460161924,650.4941975157426,652.234130859375,5610232
2020-11-26,651.7594852691643,668.2887772941243,648.2005509522133,665.9556884765625,8414555
2020-11-27,665.9162770766023,670.5033391647062,644.0485795482298,650.1778564453125,11723771
2020-12-01,651.6803417324911,660.9335795399577,644.6415420339671,659.6681518554688,8078785
2020-12-02,661.2895635083595,670.2264334205485,657.4537942007998,666.82568359375,7062229
2020-12-03,671.056857907086,683.3154098193545,666.9443018048717,681.891845703125,9633229
2020-12-04,684.89713333121,686.3602314553916,675.7625449600612,678.965576171875,5577388
2020-12-07,678.5701848288421,680.11239944859,672.5595591434758,676.434814453125,5314265
2020-12-08,679.3608574005199,692.5684646316815,676.9882350813097,683.1570434570312,8722526
2020-12-09,684.9763266603087,695.9695005802038,683.3945777953537,688.4957275390625,5952003
2020-12-10,688.4956080778887,694.2294467184697,684.1062653934642,685.4902954101562,4641898
2020-12-11,688.8514236180324,697.3928552669921,676.3556209953756,681.9312744140625,5637035
2020-12-14,684.9762364007439,692.5291248525729,678.6492417746342,690.4332885742188,5143894
2020-12-15,691.7777300586516,703.0872224071494,688.0606113545781,700.714599609375,7527270
2020-12-16,700.9123767237061,705.4599041326328,694.7435665884332,699.9633178710938,4378179
2020-12-17,701.5054686279913,701.5054686279913,693.5967260279011,695.4552612304688,4863371
2020-12-18,707.6348998554729,715.741362804362,701.2288362482232,704.392333984375,11568187
2020-12-21,701.2286764726288,720.091008118177,672.2431157610658,688.41650390625,8875855
2020-12-22,695.2971034035847,727.0111409366432,689.6423333116702,722.7008666992188,10251896
2020-12-23,727.604329698877,739.4674437700543,723.4917738333086,729.6605834960938,10723068
2020-12-24,733.8918805692011,734.1291332257381,720.2492977002069,727.09033203125,4390561
2020-12-28,731.558761633875,733.5359474761287,722.4637067595079,729.0279541015625,3884750
2020-12-29,734.7223901520473,747.3763818015981,731.7566108591838,740.179443359375,6760167
2020-12-30,741.840215322322,751.3307084820958,736.3040943124539,743.9755859375,6382809
2020-12-31,742.6705298961525,751.2119630055095,739.467498514036,748.2857666015625,3468390
2021-01-01,745.0036422031168,755.6804459926518,745.0036422031168,751.72607421875,3142822
2021-01-04,758.4485593300427,778.7740413250243,753.4265261340727,775.373291015625,5259092
2021-01-05,764.933677653261,787.5526646566046,764.933677653261,784.0332641601562,7150252
2021-01-06,789.2135351698904,789.2926032966346,764.0636921593585,773.63330078125,5995748
2021-01-07,781.3838029287618,781.5419874418815,758.7648174155942,761.2560424804688,5261000
2021-01-08,771.0232406551262,793.6422224037217,767.1479379487893,786.6430053710938,8034775
2021-01-11,802.7375535077196,837.5756110724335,797.2014324490457,834.4515991210938,13384331
2021-01-12,831.999979771796,842.320930685314,821.4813102319064,839.98779296875,6700542
2021-01-13,841.4902952969951,843.8629183100505,823.3001855302368,835.1237182617188,6691409
2021-01-14,829.6271556511181,829.6271556511181,796.0940654183472,812.781494140625,15021108
2021-01-15,828.5595448997797,832.6720529664688,778.2203724353194,782.8074340820312,23769415
2021-01-18,790.8744015258852,794.7892394676668,772.6052221590943,776.2432250976562,12947569
2021-01-19,781.3838323242592,788.5017012421928,774.5427501113458,778.1016845703125,6387923
2021-01-20,784.3495708023694,798.5062397880229,781.027889156844,790.2811279296875,7444118
2021-01-21,801.1994291341764,809.9340116123489,780.5143594129883,788.7327880859375,8857975
2021-01-22,787.4622138732736,797.2290541463818,779.2834792857161,782.7772827148438,5379466
2021-01-25,791.670794532796,791.670794532796,747.2038291427893,752.3651733398438,7731883
2021-01-27,756.017730110076,764.8714391368026,748.3948418234481,758.717529296875,7531736
2021-01-28,753.3973790257246,756.2559985341816,738.5485801579061,741.605712890625,6960905
2021-01-29,747.2038341831064,753.9532843324756,722.191165982503,725.764404296875,7692663
2021-02-01,729.7346212901098,741.4469016644614,711.7493035664888,737.1589965820312,8651478
2021-02-02,751.9679575187907,764.6728015740184,742.8760437987416,758.04248046875,7690178
2021-02-03,767.0551292611268,772.8517059486426,756.3751076751764,762.21142578125,6354619
2021-02-04,766.0229910970181,770.5887961587708,754.4695288511784,760.4249267578125,4623148
2021-02-05,762.9259974692728,765.3875904765458,746.4494002080137,751.2931518554688,4631703
2021-02-08,758.3205049575013,765.7846214604173,747.4816636943033,760.504150390625,6509526
2021-02-09,766.2611177823328,779.68063239173,751.6505237152429,755.6207885742188,7557977
2021-02-10,758.3602735490243,766.3404961439198,751.293231248756,761.8541259765625,4896963
2021-02-11,761.8540612850937,772.2164418920042,756.7721033611356,770.5489501953125,3745595
2021-02-12,774.2016129575524,783.3332217257696,760.3850724787134,762.6084594726562,8045740
2021-02-15,770.2311708481806,771.2237367899952,754.4295016684375,758.04248046875,4643228
2021-02-16,759.9088784137756,764.0776575273308,749.6655732058335,756.1768188476562,3277086
2021-02-17,755.9382776166444,761.0202350034837,747.2036966777966,748.9506225585938,3643176
2021-02-18,749.5858943829759,759.7100682742713,745.0994763705811,752.8414916992188,5133094
2021-02-19,754.3503550850124,760.7027791278335,749.9433705983352,754.469482421875,5494816
2021-02-22,753.9531984105853,755.5016111967158,727.3921202743406,730.6477661132812,5043203
2021-02-23,733.7048337334486,738.4691508356138,719.8486018016234,722.5484008789062,5916942
2021-02-24,728.9405227061442,730.0919090417908,719.0148619939146,727.3524169921875,3435827
2021-02-25,735.2135385828518,741.6850401025955,732.2358404545572,737.8735961914062,6234947
2021-02-26,721.0000418108767,734.4989412720936,718.6972689873177,722.1514282226562,9198218
2021-03-01,727.3524910754902,742.0027774719501,727.0745919332988,738.7471313476562,5397960
2021-03-02,741.5263297996702,760.6233420663705,737.3575518018921,757.3280029296875,6715548
2021-03-03,766.2609594543188,768.6431178774928,751.9680089152745,766.45947265625,5742015
2021-03-04,755.9382589256589,770.1518233062191,755.4221052241616,760.7025756835938,6268541
2021-03-05,759.1939214338934,771.8193813167984,743.4716844704681,747.6007690429688,5992152
2021-03-08,756.3353829085069,772.6134672650679,749.5859332972499,763.7994995117188,5621823
2021-03-09,765.5465688105677,775.7104871894925,753.6357723963478,772.7327880859375,5440319
2021-03-10,782.69798716022,790.1620556647707,777.9336695536429,784.9213256835938,7694950
2021-03-12,784.9213448028526,796.2762923487519,773.089936405603,777.5763549804688,6447010
2021-03-15,776.186727111985,789.5664993902108,768.1270706106469,787.9783935546875,5321071
2021-03-16,788.4945000189059,808.9810543747072,786.4696748931544,799.8097534179688,8094575
2021-03-17,803.581450331773,813.0306982345753,780.3157125003728,784.0874633789062,6758901
2021-03-18,790.0825962961208,793.8543473839665,740.3749066086722,752.5635986328125,8269566
2021-03-19,754.35033003595,769.437336636669,744.5834880874614,762.648193359375,9004154
2021-03-22,762.6482219569338,780.117388149662,750.0624526889922,777.1793823242188,4745254
2021-03-23,781.0700663287091,788.4150548248404,771.6605114464746,778.8466796875,5158305
2021-03-24,771.0650400722211,781.9435742302965,766.8962624487542,774.7177124023438,3874331
2021-03-25,770.2312977673205,773.8045357466534,754.3502400813964,759.9483032226562,4879437
2021-03-26,766.2610552399531,774.2015843097971,757.3676529886991,761.139404296875,4271178
2021-03-30,766.2609567392639,794.6880374620558,765.8242373895902,790.7177734375,5475000
2021-03-31,794.0528597421896,794.0528597421896,777.09985057275,780.2760620117188,4445140
2021-04-01,787.7003693643687,804.7725043858746,786.588676069937,796.1173095703125,5269079
2021-04-05,799.61134377504,825.8150918828616,796.1174913079383,820.6537475585938,9452833
2021-04-06,825.0208217477918,826.2912867840638,810.1323324236618,816.6038818359375,4260257
2021-04-07,818.6684639830185,829.785203552138,813.665892404804,823.591552734375,3551106
2021-04-08,828.9912389401355,837.2494085991598,819.1847048770447,823.8298950195312,4852068
2021-04-09,827.4825528235978,837.5670833616424,821.1698706965041,830.1029663085938,3708082
2021-04-12,828.1573827858628,828.1573827858628,795.005724697433,801.5169677734375,5976427
2021-04-13,803.9785631242154,810.5691925165507,771.9782408726455,780.8716430664062,7773994
2021-04-15,768.6433291141811,789.8445545999267,761.2983386241954,787.6212158203125,7430279
2021-04-16,794.052828391138,807.3929062150814,789.6855378349867,804.177001953125,4677808
2021-04-19,790.8766470011461,816.6436234852459,784.4050968188458,789.7649536132812,6239343
2021-04-20,798.8171702760245,798.8171702760245,759.9085804713276,763.322998046875,9742418
2021-04-22,767.0550969969739,771.7400284661387,758.558721322716,763.7994995117188,4970596
2021-04-23,765.4670537900043,774.0825090238851,754.5091326300233,758.8367309570312,6023490
2021-04-26,746.4096982288567,757.923464850472,732.9504923815954,737.5162963867188,19619972
2021-04-27,739.2632022492952,745.2582915648411,733.2284199843365,737.5559692382812,6406825
2021-04-28,739.422031042912,743.1143477534293,731.918221841984,733.5460205078125,6845677
2021-04-29,751.2425202485042,751.2425202485042,732.9805989340854,734.9603271484375,8588734
2021-04-30,731.2835789257989,739.3640604608905,723.526336379849,726.3948974609375,10921664
2021-05-03,726.2331701963661,735.6873420533325,719.9707979359803,733.4652099609375,6871176
2021-05-04,735.3235655857786,739.3638049571291,726.6370509373752,728.0107421875,6217026
2021-05-05,730.435056415422,735.9701659192566,727.7280658127581,734.8389282226562,2696835
2021-05-06,736.939865711995,746.555657810316,728.2533486545345,740.1720581054688,6319104
2021-05-07,741.788157528244,744.5355408023818,738.3135605540172,740.4953002929688,3651558
2021-05-10,741.8284801072207,744.6970407345,735.4853228334056,738.5155029296875,4029147
2021-05-11,734.1116963892118,737.3034962373811,731.3643131306844,733.1420288085938,3818154
2021-05-12,732.2127441031739,734.4752687294583,723.2029888164407,732.1723022460938,4076940
2021-05-14,734.5156612319776,736.9398053284527,724.4150608299976,735.6065063476562,5184569
2021-05-17,739.0407987357162,749.2222347483147,735.4045821567903,745.1416015625,7956551
2021-05-18,749.8686952667091,759.1612491412426,747.0405266961989,752.7776489257812,5913426
2021-05-19,749.8686445359513,760.3732699443212,747.5657271549302,752.6160278320312,4178834
2021-05-20,753.1008013670184,755.363326099532,745.0607132052944,746.9596557617188,4753782
2021-05-21,747.8485421802663,755.2422022763986,745.8284218610328,752.010009765625,4161547
2021-05-24,752.6968007579667,758.757161472604,749.626227859752,753.7472534179688,4191877
2021-05-25,757.9490216919444,762.6356902138057,755.6461046266915,760.0499267578125,5032874
2021-05-26,759.5651622578156,766.7972021240316,753.5451944590321,764.2518310546875,5017674
2021-05-27,766.8376141057527,773.2212135504913,758.029870464684,761.5045166015625,9078274
2021-05-28,759.605673030208,767.4437501501515,757.4643749693831,761.6257934570312,4098094
2021-05-31,760.8175728908474,765.9082653490607,753.5855335376758,763.7669677734375,4171524
2021-06-01,766.0295640759671,769.2617563294522,761.22166823504,768.2113037109375,2944472
2021-06-02,765.2214930411837,768.2112806497742,757.6258217457746,762.5953369140625,3657189
2021-06-03,763.6053842174243,767.4840048765659,757.1410000124091,759.1207275390625,4164240
2021-06-04,759.645904283153,762.958930671313,755.3228672153781,756.77734375,3550303
2021-06-07,758.7570983258653,769.2213301527999,757.2217873448617,767.3223876953125,3282517
2021-06-08,769.2616673413643,785.4226267392921,768.8172508217881,781.5440063476562,6385642
2021-06-09,786.9580713696506,795.9273856322876,779.8472085704567,784.8571166992188,5521459
2021-06-10,791.4831466905056,793.2204699051085,781.0189134987735,782.635009765625,3878256
2021-06-11,788.6549215496344,799.9675946046497,784.2106571351642,794.5940551757812,4777035
2021-06-14,794.3113991679944,798.71527182481,788.6550616357706,795.2810668945312,2236373
2021-06-15,796.0080471694474,802.3916459536098,794.4727855955781,796.2908935546875,2559001
2021-06-16,795.1597378940523,796.7354415825517,787.0388642002083,791.40234375,3138753
2021-06-17,791.8871272873797,799.1191675484133,790.7154476943617,797.0586547851562,3609989
2021-06-18,799.9675983271518,805.3815303211128,783.8874218249606,788.0488891601562,5622783
2021-06-21,782.1906216188264,794.6749755984092,776.7362965197282,793.5032958984375,1639495
2021-06-22,793.5839916515439,798.5131144815288,788.8569301588658,791.9678955078125,2529648
2021-06-23,795.9273250040119,795.9273250040119,784.614652364361,786.1499633789062,2395543
2021-06-24,785.4226385108582,803.6845031764838,783.0792796353038,799.72509765625,4686567
2021-06-25,804.0078910764784,816.1286130525057,799.3616143190012,804.5331420898438,5196000
2021-06-28,808.0479930967646,808.0479930967646,795.2808446697028,796.169677734375,1844159
2021-06-29,797.5030109928566,803.1189546505805,792.2910913490794,794.7960205078125,1895170
2021-06-30,792.6950899559529,801.1392014406557,792.6950899559529,794.7152099609375,2682591
2021-07-01,797.543493076365,798.3515411949835,787.9681425984743,796.3314208984375,2861509
2021-07-02,794.7556488044135,798.0282335393018,789.6649559591052,795.64453125,1646631
2021-07-05,801.3413042103714,804.7351160670352,790.2710354652414,791.6851196289062,2598033
2021-07-06,791.8871884690677,793.6649042662347,783.9683264482461,785.4631958007812,2486069
2021-07-07,783.8066013714279,789.9477467678397,775.9685254938458,788.129638671875,3014899
2021-07-08,787.8467930080253,793.5031289578266,783.8065530438816,789.30126953125,2555624
2021-07-09,785.4229046324488,791.4832665509091,781.0594243234168,789.3419189453125,3218471
2021-07-12,791.8870434912171,794.3515800382154,787.8468034734047,791.442626953125,2037878
2021-07-13,794.31126018695,794.31126018695,778.958346714364,782.150146484375,2997764
2021-07-14,782.392504241988,802.351300426307,782.2712773098777,799.5231323242188,4371180
2021-07-15,802.3916637276651,850.470519711347,800.6139482644013,840.1679077148438,12701032
2021-07-16,844.3293924320842,847.4403575688452,806.4723132556425,812.0882568359375,8665827
2021-07-19,812.0883991281772,822.8354297701835,801.987797148971,808.2097778320312,4644600
2021-07-20,807.2401977584009,817.9064444695292,783.2815475366299,789.624755859375,10216774
2021-07-22,783.8067258673186,793.0992798337868,783.8067258673186,790.7559204101562,6156400
2021-07-23,795.6850519339166,811.1995868386562,793.9881211659633,803.1998901367188,5265839
2021-07-26,803.1998946849136,811.28037652279,797.745569444347,808.2905883789062,2477027
2021-07-27,812.9241081976122,814.7125511590369,799.7953640034408,806.4207153320312,2883514
2021-07-28,808.8595474296754,809.6318353129237,794.4707797278875,799.1857299804688,2952249
2021-07-29,801.1773883233813,820.2404696169577,801.1773883233813,819.1023559570312,4732101
2021-07-30,823.4921393598916,853.5296461118866,820.972094416923,833.20654296875,9330054
2021-08-02,840.5635465327329,844.6281671639356,831.6620174270085,841.70166015625,2536478
2021-08-03,837.3118640910919,847.8391920091611,832.4343192517264,844.9939575195312,3359006
2021-08-04,846.3354565085841,851.7414228713259,841.0514486358438,845.4005737304688,3122161
2021-08-05,845.4410354332326,872.267529826787,840.3195740827231,862.6343994140625,7896314
2021-08-06,862.6344730154702,869.8288318244336,847.8798799933497,853.5296630859375,11584782
2021-08-09,859.9111558011233,867.1867868290258,848.2863014352832,854.0174560546875,6321578
2021-08-10,855.6025656915501,871.6985016327965,851.944407453439,864.707275390625,5871606
2021-08-11,870.6010005069849,877.1450790199227,859.3827077855293,867.3493041992188,5011239
2021-08-12,870.6416526617005,895.1513324783672,868.2028805253932,891.3712158203125,6540144
2021-08-13,893.403753859917,913.6861742744527,886.249980741448,910.0280151367188,7270809
2021-08-16,911.247427726375,918.0760114933407,905.8821473501594,913.4423828125,3159376
2021-08-17,909.865329669426,936.447908944094,904.4187777089461,929.131591796875,5295838
2021-08-18,941.2847552084571,941.2847552084571,919.9048135026268,922.05908203125,4871006
2021-08-20,900.3133360685853,927.3430592507798,900.0694191733864,908.3206176757812,3467046
2021-08-23,917.7915090235581,957.787343771052,915.3934220992171,945.51220703125,9383780
2021-08-24,949.4546630098071,953.5599694088352,934.8627151067011,937.22021484375,3947317
2021-08-25,942.9107556103116,951.0399972325508,926.977461877504,938.3989868164062,3447912
2021-08-26,942.9106396089014,952.7470009149131,938.9272918572735,949.0481567382812,4654833
2021-08-27,949.0481729910481,950.9179380597185,942.5854662793278,945.3900146484375,3050466
2021-08-30,946.2437160913619,951.405764627038,938.5616225228422,945.7559814453125,2956868
2021-08-31,947.869596429761,970.14373886846,944.6585856036869,961.1203002929688,7199002
2021-09-01,967.3799507442394,967.7864129084177,944.4148384681682,946.7723388671875,3200410
2021-09-02,952.7470574054706,960.8762985096129,938.1144234180146,953.3567504882812,5224479
2021-09-03,953.9666937166236,959.7384365672291,941.5695977820872,954.9828491210938,4533364
2021-09-06,955.185739057078,983.7193527770261,954.3728150238379,975.6307983398438,4331916
2021-09-07,986.889844084133,987.6620822751538,959.3316976191886,961.038818359375,3721585
2021-09-08,963.3151453230171,968.3146488353991,948.7231961064131,966.404296875,3118518
2021-09-09,969.005507753611,979.5328349437849,961.6891910004377,974.3302001953125,3388292
2021-09-13,969.0055490269782,987.7028037481364,956.3645392936783,982.3375244140625,3723138
2021-09-14,988.5159555696198,1008.5138736397862,981.1996368195157,1006.9287109375,5593286
2021-09-15,1006.9285085889883,1047.8185334015566,1000.0999259476855,1035.0556640625,6063895
2021-09-16,1046.3961437414562,1052.9809101126114,1020.382565533003,1026.8046875,3616292
2021-09-17,1028.348850038371,1041.355633912374,1023.0648440895573,1026.9669189453125,4817180
2021-09-20,1022.6584940188274,1055.8258362211047,1016.155101370059,1037.4130859375,5453683
2021-09-21,1047.8591941724883,1068.995221362934,1038.1041046999749,1056.3948974609375,4645597
2021-09-22,1056.8012882756082,1080.0915826678456,1056.4760988016674,1069.401611328125,5367303
2021-09-23,1078.6283294130694,1086.4323809782009,1068.101001941603,1079.80712890625,3037295
2021-09-24,1089.3184661957255,1120.0063558217619,1086.8796935102127,1104.1136474609375,7951730
2021-09-27,1110.4544887513787,1112.0396512928535,1048.7129337006784,1052.8994140625,7653504
2021-09-28,1060.8255414775124,1060.8255414775124,1019.4070874658319,1031.6009521484375,8572321
2021-09-29,1032.4137213820281,1057.9801474659955,1023.3090101468687,1041.5184326171875,4639821
2021-09-30,1049.850965117123,1049.850965117123,1031.4788972263077,1040.17724609375,3589722
2021-10-01,1035.6653892449706,1043.794630918793,1024.8128714571992,1035.462158203125,3372796
2021-10-04,1041.7623707827079,1051.5987338360196,1035.4622081814077,1039.445556640625,2706626
2021-10-05,1032.4137316963513,1067.8572068904832,1026.0728832569353,1060.988037109375,3710314
2021-10-06,1066.5565349850685,1072.9379700160555,1033.8770223109498,1036.8441162109375,2861608
2021-10-07,1043.8350493326495,1071.3118196087619,1043.8350493326495,1061.922607421875,2421641
2021-10-08,1061.9226694600238,1087.6923207743514,1051.9643503796906,1074.8074951171875,5197831
2021-10-11,1056.8016791717919,1077.043515796561,1004.4900158995746,1059.1591796875,5264998
2021-10-12,1062.4510569915794,1064.1175910025972,1005.018051730617,1016.4395751953125,12811641
2021-10-13,1026.7230711882125,1033.0639184473023,1010.83036637848,1028.6334228515625,5705730
2021-10-14,1048.1843113691975,1051.3140491789732,1011.318224793965,1017.0899658203125,10360519
2021-10-18,1008.0258240570458,1034.4458557359603,987.7027227655731,992.9054565429688,23861603
2021-10-19,999.8966390092182,1018.5938932345938,995.8320185254408,1001.603759765625,10189780
2021-10-20,1007.2130289288516,1027.0483981750388,992.0926594793643,1002.2542114257812,8222562
2021-10-21,1015.3672270740864,1015.3672270740864,974.470586165391,992.2552490234375,5998795
2021-10-22,986.1493956599404,1002.6227626051735,972.0117874528895,978.568359375,3812305
2021-10-25,970.4140009090422,975.2904129556674,948.3675001365141,955.1289672851562,6690819
2021-10-26,958.8987119845883,968.7335705690456,945.1708885437833,956.276123046875,5126660
2021-10-27,958.8990744060096,968.2011949905278,951.9327136090429,964.759033203125,3536653
2021-10-28,969.7990528115769,971.1922844250996,939.8846913081878,944.1464233398438,4096585
2021-10-29,944.1464754098361,961.3574788678278,932.6724731045082,937.385009765625,3558520
2021-11-01,937.1801388144398,976.4785576123439,937.1801388144398,974.634521484375,4511112
2021-11-02,976.1096565003105,979.4698796412417,957.9561277662349,959.431396484375,3016082
2021-11-03,962.9968085931026,973.4053298252761,960.2921817933701,964.1032104492188,2063067
2021-11-04,971.1923990051544,972.9544980503973,965.4553974920437,969.6351928710938,256369
2021-11-08,973.2003686725639,977.5851572746925,957.7105436819098,969.4303588867188,3808317
2021-11-09,973.6511135272593,976.109828460409,959.2675911501873,961.1936645507812,3565461
2021-11-10,953.9815170212986,962.9968062714998,952.4243106871879,958.2023315429688,2401325
2021-11-11,955.6203190339882,957.0955876749912,944.35121149821,951.2765502929688,2861259
2021-11-12,957.9974685640424,965.5785074887866,953.1619750786426,960.824951171875,3812518
2021-11-15,959.718353699585,968.4057927419349,953.5715666348993,959.5953979492188,3619915
2021-11-16,959.6363496242999,963.4063587519869,951.0717668842341,953.4895629882812,3141207
2021-11-17,951.1129731687863,954.596152949887,942.5074701801847,944.515380859375,3172985
2021-11-18,940.8681753898305,946.6051764592808,912.5929558332547,918.0840454101562,5384530
2021-11-22,918.0842342550756,922.7148346512643,903.1680684244748,909.8065795898438,3961223
2021-11-23,905.6266831160603,917.9202579999888,893.333108232132,911.8554077148438,4545069
2021-11-24,917.92028686661,928.2878886871688,912.1422664713099,917.469482421875,2675632
2021-11-25,915.0516420453201,926.9354296043502,910.5439984884466,921.8541259765625,3106454
2021-11-26,917.9203235707146,922.8377538755576,904.2335159070515,909.765625,2207274
2021-11-29,902.4303205306256,938.4095358441153,901.6107488836002,928.6976318359375,3661152
2021-11-30,928.5747829530605,948.9821393218284,928.5747829530605,933.2053833007812,7421904
2021-12-01,939.2290976083419,953.1618154611708,938.5734002794742,947.9984741210938,2918586
2021-12-02,952.2603588508046,972.3398650919805,944.9661508602418,970.946533203125,4011279
2021-12-03,973.651010425163,975.0442420549354,958.6118923523304,960.046142578125,2571036
2021-12-06,958.8168862095769,961.0707082303063,930.0908600726784,931.4841918945312,2493755
2021-12-07,942.5072279660516,946.6050854789476,927.2632180271488,942.2203979492188,2299958
2021-12-08,948.5722664018991,968.4058607043893,948.2854363278233,960.2101440429688,2525711
2021-12-09,966.9306298729855,966.9306298729855,946.6052138348368,957.71044921875,1734844
2021-12-10,946.7692234699259,956.4402099122107,946.7692234699259,952.5062255859375,957733
2021-12-13,955.6203955474192,961.7261633738996,945.170858632128,949.96533203125,2225682
2021-12-14,947.4249507796233,955.5387311803241,938.8194473339606,952.6292114257812,1972685
2021-12-15,949.2688709739455,952.3012460843141,936.19674307322,941.6058959960938,1604301
2021-12-16,947.4247754264119,957.177697535462,942.1385785920477,950.4981689453125,2121810
2021-12-17,960.537865503612,969.4712154904898,954.8008646004334,960.046142578125,6373455
2021-12-20,950.7030308987644,960.8247198824511,938.8192430125299,950.62109375,3091768
2021-12-21,957.9974042347543,995.7386219418024,954.8420731194657,987.5839233398438,6217986
2021-12-22,998.2384397082692,1004.795014024908,991.7638025615114,1002.1724243164062,3809814
2021-12-23,1007.9912871257217,1008.6468844801472,996.2713714105483,1005.9832763671875,2814281
2021-12-24,1034.4224853760131,1052.166233448468,1021.309337615548,1036.922119140625,15952929
2021-12-27,1039.2169767135842,1046.5931224473557,1027.7839908443902,1038.561279296875,3372907
2021-12-28,1040.8556188424684,1056.4274745574344,1040.8556188424684,1052.2476806640625,3446067
2021-12-29,1051.5103582124386,1064.623503755228,1046.6748657844628,1058.8045654296875,2254162
2021-12-30,1058.8046233308537,1087.1207635085782,1051.2645042041986,1079.4168701171875,4518139
2021-12-31,1081.8346804623736,1089.5795932702604,1072.7783728539887,1081.0970458984375,2231508
2022-01-03,1078.8431575432805,1098.1441105643216,1076.9991212691189,1086.875,2661272
2022-01-04,1089.620520052781,1095.521395976251,1071.385050649867,1092.8577880859375,3367100
2022-01-05,1089.2105988788624,1090.0301704355809,1067.0821668474632,1074.25341796875,3510253
2022-01-06,1057.2472997798477,1063.639997889682,1046.5928696270275,1053.0675048828125,4409632
2022-01-07,1063.435366520164,1064.2139196661883,1050.8548600942752,1057.6983642578125,3898684
2022-01-10,1069.418010205723,1069.418010205723,1049.0516754224152,1055.690185546875,2529949
2022-01-11,1056.1409689450443,1104.7825236997558,1049.0516545516969,1101.2174072265625,6772189
2022-01-12,1109.6997809749068,1112.2404325470948,1091.1774855851336,1108.18359375,3162044
2022-01-13,1098.2260871188168,1114.1257982399104,1082.7771804546157,1093.5135498046875,4598005
2022-01-14,1081.8346807138212,1100.6438118489903,1059.7062440628565,1095.9312744140625,5636243
2022-01-17,1043.314760834316,1043.314760834316,1019.0554588318464,1031.6358642578125,11973283
2022-01-18,1040.8147500924802,1040.8147500924802,997.4184806997304,999.6723022460938,7799487
2022-01-19,999.8772670092752,1000.2870527744429,976.1096926295465,982.8301391601562,8464215
2022-01-20,991.756133141444,992.9132021407726,966.9622298129079,971.3837890625,6172404
2022-01-21,971.3837326103936,975.1028178935388,954.5652226739436,965.2678833007812,5514748
2022-01-24,960.7635358708635,962.4164623841897,918.2006781527134,929.6885375976562,5878438
2022-01-25,921.5067686182491,941.879113321535,899.52286050388,928.6969604492188,4725254
2022-01-27,921.5067095348381,922.2918094259711,884.481108115461,890.720947265625,8304735
2022-01-28,891.7539390259637,910.9278480553702,890.307628188804,892.9522705078125,7654724
2022-01-31,909.6470930714277,920.6389973506717,903.2006372635551,908.614013671875,7572995
2022-02-01,922.9116320796727,939.2756476418167,910.1428129921255,936.2177734375,6783774
2022-02-02,944.5650757388971,970.1440785810443,936.631046976345,967.747314453125,6982539
2022-02-03,960.3502845475605,967.6644640417034,951.2591889107075,956.0113525390625,4169794
2022-02-04,958.6976551970085,964.5655258402794,939.9782368384596,961.8382568359375,3625482
2022-02-07,956.2179601943295,968.0776874057586,947.1268646350056,956.5072021484375,3824483
2022-02-08,957.8297527739985,966.8382243470766,949.234613802971,960.3091430664062,3267641
2022-02-09,968.6150371312268,982.6649139496832,963.656257077654,975.9705810546875,3772972
2022-02-10,979.3176565722426,985.0616370954818,970.3505498567413,983.7805786132812,2053245
2022-02-11,974.4003008487332,974.4003008487332,957.0859338218959,961.75537109375,3912397
2022-02-14,938.3250571407962,962.2924920659078,936.8787464125567,947.498779296875,3243813
2022-02-15,953.3256005946872,970.2681015155291,948.8626777357691,965.763916015625,3000492
2022-02-16,973.5738681109667,977.4169430308388,958.6975271720894,965.1439819335938,1885868
2022-02-17,970.2678104257205,970.2678104257205,958.6973254632333,961.2180786132812,1644055
2022-02-18,952.7884045760136,967.0448996334757,950.5156300016355,962.8299560546875,2166690
2022-02-21,952.9950321942126,966.5490536367364,950.5982678907193,962.6233520507812,1706058
2022-02-22,935.5566223367372,953.8628078716281,935.5566223367372,950.0610961914062,3254855
2022-02-23,955.3917438543474,957.8711341930698,948.8213998113936,952.912353515625,1937649
2022-02-24,914.0686730622597,937.9947521335914,902.498183529826,907.9115600585938,5469084
2022-02-25,922.0023453524467,942.9945312562469,921.5064875992247,933.6554565429688,3213276
2022-02-28,925.308266544452,936.6308739932653,914.8948494114044,931.3827514648438,4571884
2022-03-02,929.4823467484258,929.4823467484258,916.5481706907392,921.9615478515625,3867328
2022-03-03,929.7714973144958,952.0860132500438,926.0524113252379,941.9204711914062,3969380
2022-03-04,932.2507049508578,954.4412268195666,927.8291459867974,940.88720703125,3522375
2022-03-07,918.2010490834361,959.8548342236909,917.7878172881691,953.9042358398438,5249845
2022-03-08,955.3916843874434,974.8962003273667,954.5652209926445,971.3424682617188,3805165
2022-03-09,975.226901957109,987.6238541006317,959.6067220789397,977.4583129882812,3781326
2022-03-10,990.2684760110955,990.2684760110955,971.0945641209847,985.2684326171875,3834327
2022-03-11,975.2269406311427,997.6654450780809,972.1690660024714,986.3428344726562,2770879
2022-03-14,986.3427348530864,1003.9878096976313,973.284673261583,994.1115112304688,5740660
2022-03-15,997.5412416869841,1003.574464365015,965.3917978960496,972.6233520507812,3003066
2022-03-16,983.6155430865555,994.1942152296344,979.3592359344877,991.3429565429688,1894018
2022-03-17,1004.1531835016913,1004.1531835016913,984.1528065388734,989.1942138671875,6987787
2022-03-21,991.6734869646541,999.9381212407382,962.912519329222,965.3506469726562,4046440
2022-03-22,966.9623222579396,976.6732686566838,960.5985934832139,972.251708984375,4516870
2022-03-23,983.4913863246919,984.1938599947389,966.9621193276383,975.8052368164062,2338886
2022-03-24,966.1357654144621,986.7973515011699,966.1357654144621,985.22705078125,2351703
2022-03-25,990.9294768215451,990.9294768215451,971.4249635101403,974.689453125,2489854
2022-03-28,979.2765049318325,981.5079157619468,957.2098715726485,961.9620361328125,3406258
2022-03-29,964.4827952670546,971.0945025182426,961.7141630329488,965.061279296875,2443230
2022-03-30,973.0367293866967,976.8384411055691,960.4331616873283,962.9951782226562,3073672
2022-03-31,970.9293368100864,970.9293368100864,959.5241004296456,961.796875,3006639
2022-04-01,959.5242265184115,970.2682531719338,952.1274177539233,966.6731567382812,2479745
2022-04-04,969.6069277666876,982.6237277563835,965.309357966022,981.0535278320312,2282137
2022-04-05,983.4912988967976,994.2353214897878,978.6151453888067,987.9954833984375,2634464
2022-04-06,983.4914638384037,987.5411547491855,964.896037001123,967.3754272460938,2838968
2022-04-07,963.325625032862,975.846564500627,961.1768405794869,969.689453125,3391918
2022-04-08,974.4002631527399,975.2267264802656,960.8049817695976,963.1190185546875,2656091
2022-04-11,962.0034610460548,962.0034610460548,935.3500146382066,936.7963256835938,5679058
2022-04-12,933.7385424516539,943.5733778114994,925.2672912155996,934.854248046875,2906617
2022-04-13,938.0361969243402,944.7305319849683,928.1186336088406,929.8541870117188,1971580
2022-04-18,917.3742916764168,919.647065822462,896.3821030228904,910.5559692382812,4391701
2022-04-19,922.2506629041884,922.2919255482262,875.0182525199921,884.5225830078125,3422431
2022-04-20,888.4482705492212,904.8122883521401,879.9356560674349,900.349365234375,2573318
2022-04-21,904.9775021694356,913.283500420721,893.489639727123,908.4486083984375,2547848
2022-04-22,898.0349758915681,937.9944551251854,893.489427871709,910.8038940429688,9567571
2022-04-25,906.5476149267295,907.456704380385,890.3489544065557,900.7210083007812,3565801
2022-04-26,912.4157034419967,914.8950939404804,896.7542604812378,904.3990478515625,3213714
2022-04-27,898.3657622068922,909.0271607949574,888.1175953401735,905.4733276367188,3288792
2022-04-28,917.5732129129719,926.2280195946415,901.8602328048281,917.9933471679688,5202061
2022-04-29,919.2537010746032,924.7154460992696,902.7424052164375,906.8597412109375,2988180
2022-05-02,901.6081002443351,909.1705167421907,892.365146746956,896.4824829101562,2584604
2022-05-04,904.0448215185445,904.1288278469153,870.3500780954929,878.0384521484375,3385725
2022-05-05,889.844270375852,903.4565779591018,879.8450555107091,900.809814453125,2982126
2022-05-06,882.1978711433973,887.8696832128761,864.5941854735443,882.4498901367188,4075606
2022-05-09,877.2404113659591,909.9268801582368,868.9217317782912,904.2130126953125,4207192
2022-05-10,901.6079381266126,911.6911583106939,896.2302001807385,901.2298583984375,2473518
2022-05-11,898.2470111529391,906.9018175838022,885.685038321303,891.4408569335938,2895668
2022-05-12,882.3658217782614,899.8853973136071,877.0301379801247,890.1803588867188,3195189
2022-05-13,899.0872728171354,905.8094206512822,878.1645671689862,884.0885009765625,2496626
2022-05-16,885.642949465429,896.524384903088,874.047203785251,877.7024536132812,1415370
2022-05-17,889.1720648064157,912.5315695870091,878.3746353491503,909.9267578125,2620776
2022-05-18,910.4730162269864,922.068660519085,899.759592357504,902.1962890625,2865869
2022-05-19,886.5671554457415,889.2560758297731,844.1336018622088,848.1669311523438,4729354
2022-05-20,864.6363757437853,869.2578529707929,854.3850887285108,864.5103149414062,2005622
2022-05-23,859.5947191852325,871.3584787830754,852.6625037079323,855.6454467773438,2285466
2022-05-24,858.7966182789447,859.0907430967711,829.3452104742051,833.3364868164062,3418456
2022-05-25,833.5464472553723,834.2186518750061,809.178657970689,818.7997436523438,3904551
2022-05-26,820.9422052405592,828.5046206419564,814.2620613788094,824.0512084960938,4278059
2022-05-27,831.0255717174316,849.049341846546,831.0255717174316,843.5455932617188,2795530
2022-05-30,856.2335352108691,885.0967354369283,853.4186564681631,873.795166015625,3562969
2022-05-31,878.0806629365092,878.7529188268264,857.4520796290133,874.509521484375,5185485
2022-06-01,874.5094408714517,878.4586617904424,849.9735904283958,855.309326171875,2554081
2022-06-02,849.8475393649966,881.3576065559188,846.4024079139058,873.6270751953125,3560227
2022-06-03,885.6008615630213,898.7931373199717,874.047170770634,876.3999633789062,3556955
2022-06-06,872.1988037274691,880.0552945954225,858.040298381716,871.6106567382812,1997494
2022-06-07,865.476567071185,868.6275739901334,851.3180631630777,859.5106811523438,1839248
2022-06-08,859.6785850508656,868.6695185317469,853.7126998868877,865.6444702148438,1665512
2022-06-09,861.2331082725179,866.9049203197236,850.0996025768823,864.3421630859375,1654005
2022-06-10,850.3518077671754,860.22496363799,847.1587974023096,853.1666870117188,2260855
2022-06-13,836.9074338888878,841.9490449364112,825.5638090319601,833.3782958984375,1738804
2022-06-14,830.18528605216,841.0667734898858,821.9086617612508,837.6636962890625,2461791
2022-06-15,831.0254761808751,846.1503079010529,830.1852077519763,831.78173828125,2408630
2022-06-16,846.1502931641953,846.1502931641953,808.0441410916729,810.8170166015625,3198618
2022-06-17,800.2717374309256,809.3046237778943,793.2554647061473,805.607421875,4302066
2022-06-20,810.859046073994,811.6993145155215,800.0195626639236,806.69970703125,1305407
2022-06-21,816.4890009215155,840.1845854678165,809.7248490146088,829.0089721679688,2128325
2022-06-22,821.7406135128539,822.6228852060951,805.9435755148036,807.7501220703125,2575065
2022-06-23,808.4222410761865,821.3623954939874,805.4813015526787,816.1107177734375,2169033
2022-06-24,826.8241087033152,827.2862460678671,806.6576670276246,812.2874755859375,1922313
2022-06-27,828.6309515590048,845.9824684486266,826.9924174306665,833.840576171875,3626024
2022-06-28,831.7818181734615,846.1503891733581,826.1940120702129,841.9070434570312,2702471
2022-06-29,827.7485826362195,840.4786725219544,827.6645762900525,829.8072509765625,3150015
2022-06-30,831.865880316032,837.3696291659888,815.018505825402,817.7913818359375,3741119
2022-07-01,810.4388942545788,824.6814542863756,810.1868239847774,819.5557861328125,2827579
2022-07-04,819.5558248231881,831.4456440882869,817.9593455151347,827.3283081054688,2738846
2022-07-05,829.681123908659,842.4952183250687,822.1607106988938,825.2697143554688,2476050
2022-07-06,825.1437571600006,839.4283232208153,823.505223148781,829.0089721679688,2998254
2022-07-07,837.7475633724185,841.0246305238467,827.6223397894427,831.7396240234375,2985141
2022-07-08,839.4282030642869,839.4282030642869,822.7488944186678,826.446044921875,3141642
2022-07-11,819.2617184687643,822.748852964305,789.8523234468087,792.8352661132812,5787815
2022-07-12,785.65101744449,797.0366449267427,776.7441921995932,779.60107421875,5305354
2022-07-13,781.4495987607685,786.4912090753542,760.4428891166618,771.1563110351562,12874342
2022-07-14,778.2146873502834,779.3910324720218,749.7715680159769,758.762451171875,4916497
2022-07-15,752.8804974314992,760.4429131423067,737.209471027516,742.0830688476562,5591590
2022-07-18,752.0402399509442,762.5435952575216,746.8725686257421,756.49365234375,5156225
2022-07-19,756.2387272417317,762.6115255050047,751.9901950662163,755.9838256835938,4636293
2022-07-20,768.6444674294686,780.7103099177967,760.5722558026109,779.520751953125,4827089
2022-07-21,782.5797324990465,787.6354968436117,776.2494083295643,785.51123046875,3498709
2022-07-22,789.7172177955205,791.8414839808302,772.3831849786063,781.9423828125,3514659
2022-07-25,781.942450109098,791.9265020393146,776.63178418877,790.7794189453125,2120224
2022-07-26,788.9525070315707,789.9296902783366,774.167592778598,776.2069091796875,2780103
2022-07-27,775.0173013669381,789.6747389356557,774.1675948412153,788.9100341796875,1742497
2022-07-28,795.2404436634051,806.3715796022709,792.5213721163764,803.9074096679688,2843497
2022-07-29,813.1691497540381,820.5616069423781,804.799561172727,805.8616943359375,3617725
2022-08-01,810.6201543510248,812.7444210028881,803.1427461088618,809.0482177734375,2489519
2022-08-02,809.0480505359508,810.492510071052,799.6162774341227,808.1133422851562,2545241
2022-08-03,808.0708597622931,817.2476793430361,807.2636282366145,813.3390502929688,4119614
2022-08-04,819.9666937622591,824.172750905764,803.6523201564618,814.1036987304688,3513266
2022-08-05,818.1823443198866,819.9242321335244,811.4696427606409,813.8063354492188,2565683
2022-08-08,813.8064547403193,822.515946947146,807.2637038808452,820.8590087890625,1746911
2022-08-10,820.8590268216434,821.6662584406964,805.6067834202822,808.963134765625,3271939
2022-08-11,819.9668310211197,822.9408039833725,814.6561650170969,817.715087890625,3594584
2022-08-12,819.1171118093324,819.1171118093324,810.6200463341319,812.6593627929688,3022304
2022-08-16,823.3656016004435,823.3656016004435,809.4729210179171,814.1887817382812,2784861
2022-08-17,818.2673544066251,835.17653439616,811.4697024489377,833.22216796875,4649125
2022-08-18,835.6439216469013,835.6439216469013,822.6008949142176,827.1893310546875,2829269
2022-08-19,828.039016946702,838.7028235703889,821.4962662659551,824.2578125,2880969
2022-08-22,819.9667148633089,824.2152470646731,811.6396021210279,815.2508544921875,3616799
2022-08-23,807.178814056936,808.0709956355578,797.8745161953615,804.5872192382812,3753715
2022-08-24,807.1362422909211,810.4500665943411,802.2504298118283,806.4989624023438,1494361
2022-08-25,810.5351932725813,810.5351932725813,800.9759934707806,801.953125,3316314
2022-08-26,805.9891423061753,812.319466512796,801.9105612149071,803.5250244140625,2195046
2022-08-29,775.4420695912366,783.4293308018988,764.8207391844865,779.6056518554688,4974880
2022-08-30,787.5929564756361,803.1850496273439,784.8738853692489,797.8319091796875,2998417
2022-09-01,779.4357348882618,791.0767239045786,778.5435534667778,786.8706665039062,2953921
2022-09-02,791.2467496808766,796.1750372981613,780.8803193991571,785.51123046875,1750283
2022-09-05,786.8282520261586,800.6784581851103,783.8542791513297,795.3253173828125,2279812
2022-09-06,795.3254577718133,801.1884546476155,787.720572562817,796.8549194335938,2108615
2022-09-07,787.6779995614797,792.3938607074952,784.3641231551047,791.671630859375,2709547
2022-09-08,795.6651624098743,799.4888415400461,788.5276072887666,791.1192016601562,3214686
2022-09-09,797.8744431225703,809.7703347133221,793.8808120018521,805.9466552734375,2206526
2022-09-12,811.5971602459703,818.6921885666022,810.1951238175975,811.93701171875,2517615
2022-09-13,811.4697279942841,815.548308924898,807.6035736940353,811.8096313476562,2442828
2022-09-14,793.031060706844,797.4070698969953,787.2955418706875,791.9264526367188,6761712
2022-09-15,795.7502507689607,795.9202024655992,778.5861666479984,781.6451416015625,2995215
2022-09-16,777.5664239795735,780.0305936585775,759.1278337889855,762.101806640625,5095937
2022-09-19,762.9941149289239,770.8114266676765,754.1146698523511,762.8666381835938,2686561
2022-09-20,766.6901377921179,782.4521824440529,766.435236223417,776.6317138671875,1836721
2022-09-21,772.3830946947616,776.4191999750697,763.7585542457396,765.54296875,1819649
2022-09-22,762.6965478916622,768.8994469470204,756.0263724869448,762.7390747070312,2315711
2022-09-23,761.7618636513339,775.4421173123319,757.9381844695927,761.2095336914062,2569608
2022-09-26,757.3009182435204,779.5207639667855,749.4411331172903,770.4288940429688,4182702
2022-09-27,774.295108468192,782.962125816033,771.1936587566989,780.6679077148438,3545337
2022-09-28,775.7820892437666,787.6355061276074,774.8049059550232,782.4097900390625,4154139
2022-09-29,787.6778840739997,791.0767098952467,778.8409161939709,784.321533203125,2928360
2022-09-30,783.3444246911533,794.9428870264816,773.275371785531,792.2238159179688,3229901
2022-10-03,792.2239383343277,792.6487916399957,778.3312559837744,790.4395751953125,1598950
2022-10-04,800.848353992809,808.070859042081,796.2174433241175,803.8223266601562,2331351
2022-10-06,811.8946989300323,822.4735570278898,811.8946989300323,819.5845336914062,3713623
2022-10-07,819.9668245219204,826.7220019978893,811.4697589828332,813.7639770507812,2174327
2022-10-10,800.5934856650839,821.7936735035706,800.5934856650839,818.4797973632812,2758812
2022-10-11,822.6009520396158,825.9148285780836,795.3253904825991,797.5346069335938,3134969
2022-10-12,801.5281362912399,819.032121422278,801.5281362912399,808.9205932617188,3502390
2022-10-13,825.9572248542823,840.4022359122048,823.6205318890302,834.4967651367188,9698562
2022-10-14,853.9549600661253,869.2496757688021,844.6081893589339,851.8731689453125,7424383
2022-10-17,854.5498150120228,855.4844713927241,842.1440693201793,845.1180419921875,2136170
2022-10-18,849.7063726399454,861.3048853712651,848.9416161597849,857.523681640625,2487826
2022-10-19,863.7887960813426,863.7887960813426,853.061165727625,854.4772338867188,2517099
2022-10-20,849.6283238633057,874.7738789317455,847.9119030070162,873.143310546875,3931399
2022-10-21,877.5201030693222,883.8708807578735,868.1655890866462,881.5536499023438,2071897
2022-10-24,888.2478315538513,891.5519208927345,883.9567792275041,885.3298950195312,398105
2022-10-25,889.1058787825743,890.1786416672059,876.1469240886261,880.952880859375,3068136
2022-10-27,884.8148406763976,890.3502553403289,875.0312220676335,885.7160034179688,3313674
2022-10-28,885.6301944760588,892.3242776074457,880.0947792127295,883.9567260742188,2423629
2022-10-31,891.6805226600084,903.2663619823473,889.4491967799584,893.5256958007812,2418565
2022-11-01,900.2625841065048,911.29056525684,896.829742985031,909.745849609375,2275488
2022-11-02,913.9511823692701,915.1526979589654,894.6843995546512,897.0015258789062,2799322
2022-11-03,887.3895512767131,900.4343074177557,886.617140966333,896.9586181640625,2396164
2022-11-04,896.9585267958589,900.2626155382368,886.9174033077744,897.130126953125,1709158
2022-11-07,899.4903068101385,906.0126849522835,891.3802603671179,898.675048828125,2213508
2022-11-09,910.4755180345129,910.947470940704,900.4343925739815,904.081787109375,2307691
2022-11-10,901.1208153408794,911.762644017305,898.5891368597215,903.223388671875,2321667
2022-11-11,919.1432867485469,942.9156715878479,917.5126661277776,936.0071411132812,3923101
2022-11-14,939.7405586555071,946.5632906697006,935.4924583088631,943.1734008789062,2170007
2022-11-15,938.4530699151369,949.2664999741024,934.5053230379922,947.3784790039062,2172420
2022-11-16,950.4679442262793,954.7160434717443,943.4735090567733,948.4940185546875,2213697
2022-11-17,939.8261910525093,944.5463482674002,934.6769286362646,937.6378173828125,2460883
2022-11-18,942.3580110107215,949.1807420710733,930.300112481956,946.73486328125,2623894
2022-11-21,943.0875533949167,949.4811798099688,937.6807852598873,940.1696166992188,1733741
2022-11-22,936.3933113911526,949.0948667398973,933.7328802032691,946.9493408203125,2529146
2022-11-23,951.7123455045859,953.9008238473655,943.8168520253173,946.9493408203125,2217599
2022-11-24,949.1805842063101,974.0686827071988,947.0350584734748,969.434326171875,3295202
2022-11-25,974.2403828245955,976.2572610300047,961.7534846354545,968.23291015625,1977441
2022-11-28,965.4866336941543,972.1377638373807,958.6209509656626,960.165771484375,2368293
2022-11-29,960.1657746975852,977.2870291542564,959.5221169396351,968.8765258789062,1785948
2022-11-30,967.2032485317909,969.6920799728758,958.6211433984121,961.8823852539062,6053488
2022-12-01,969.7777571653736,987.4998229721698,968.4046414704623,975.2703247070312,3919684
2022-12-02,975.2701071428174,978.7029479953004,964.4995270633565,974.5406494140625,2944923
2022-12-05,972.5668057150302,980.0331932915643,967.3745915847064,970.507080078125,2646466
2022-12-06,962.5687830165732,965.4867193875695,950.0389318773683,962.0109252929688,2807894
2022-12-07,956.046393009441,958.2777191143316,945.7478681296266,949.0949096679688,2399879
2022-12-08,955.8319557912271,955.8319557912271,943.0017505677957,945.1901245117188,1752350
2022-12-09,922.5762137531365,922.5762137531365,875.9753978044122,881.8112182617188,12415478
2022-12-12,879.6656209460497,891.809318519316,868.8950913804231,882.5835571289062,4275785
2022-12-13,885.758957309569,898.4605134845785,884.9007468859066,896.5723876953125,2284909
2022-12-14,896.8299183809329,907.3859487987404,896.8299183809329,906.4418334960938,2425507
2022-12-15,902.4512016840564,902.6657542873038,890.0499983591483,894.5556030273438,1906369
2022-12-16,883.9568468740504,898.0743682032958,877.3915153599104,883.656494140625,5159215
2022-12-19,883.6563741052133,890.3933049055903,878.2496065898969,886.7459106445312,3328172
2022-12-20,881.3819707936954,886.8315852011203,868.0797112539658,883.6990966796875,2629849
2022-12-21,888.2477676567814,903.9101075212609,888.2477676567814,892.8391723632812,2878658
2022-12-22,897.6880912542275,905.1116322729295,887.0462611894421,891.7664184570312,2623451
2022-12-23,883.5276081632895,896.0574590702208,881.467882247709,884.4716186523438,2177675
2022-12-26,884.8149440241865,894.0407060496569,883.0985231822385,885.4156494140625,1680715
2022-12-27,891.6807118889668,893.1825802679905,884.2571700916731,889.4064331054688,554319
2022-12-28,883.9566456734092,891.0798333637343,880.9529094987907,888.6338500976562,1397806
2022-12-29,883.9566900191138,897.6880560776632,882.3260693472592,896.3577880859375,1277244
2022-12-30,901.1209197239448,905.6265243225645,887.6470583528771,891.9381103515625,1860560
2023-01-02,891.7664197685973,894.6843561270739,885.2440415780112,892.0667724609375,701880
2023-01-03,891.6806750857106,897.5165481652855,886.9605175178845,893.6974487304688,2484372
2023-01-04,889.2775445085798,894.255206565089,885.2439976697594,889.620849609375,1219170
2023-01-05,894.0836739719452,900.9493574587345,886.6171803228522,896.0574951171875,2294943
2023-01-06,895.9716557664627,899.3186972720156,879.8802107993927,886.3597412109375,1887689
2023-01-09,896.7868255555034,919.1432461361649,892.5816788272265,916.0965576171875,4562242
2023-01-10,910.5612014789573,920.5164208066273,906.5276546495936,913.007080078125,2297082
2023-01-11,917.4269020134657,926.5239111465106,901.5929623072795,905.2403564453125,3594167
2023-01-12,910.5613916892405,922.1472340905644,910.5613916892405,919.7013549804688,4748542
2023-01-13,895.8858933700182,930.3001108350365,893.397062158001,924.979248046875,8253765
2023-01-16,932.874726912727,944.4176151615334,925.6228907656352,938.6246948242188,4508538
2023-01-17,942.2293423544431,956.0035582188808,939.7405109165057,953.5148315429688,4390338
2023-01-18,960.2945230217879,966.2161959675718,956.1322233701479,957.0333862304688,6905092
2023-01-19,954.6084936492879,964.1342283639467,951.4910016119344,962.4456176757812,2298287
2023-01-20,962.1426690468024,971.10549942994,958.6787650757378,959.3282470703125,4747128
2023-01-23,962.0990356423117,972.4041679671448,959.6310259547918,970.9319458007812,1696834
2023-01-24,975.0023981418142,990.4167074937014,970.9322475216826,985.3507690429688,4861107
2023-01-25,982.7527627053265,982.7527627053265,967.078619519312,972.2744750976562,2692236
2023-01-27,972.2743900997866,982.2764534976828,956.9033186909501,966.0826416015625,3864525
2023-01-30,966.0826783185884,987.1691700233764,957.5961780526296,982.6661376953125,3508427
2023-01-31,983.7486051981375,985.2207219184165,963.8311598464146,971.798095703125,4582858
2023-02-01,984.6145798278508,984.6145798278508,965.0867813652283,980.3712768554688,2393911
2023-02-02,985.3073662480385,1000.6350965375927,982.882591579548,995.5258178710938,3048359
2023-02-03,999.3363428708607,1001.6312005021152,986.0002908101404,992.5384521484375,1814055
2023-02-06,983.0558124991159,995.7423807452042,976.8208282199896,992.1485595703125,2070175
2023-02-07,994.010584974841,998.4703827614322,975.0024530163182,977.0374755859375,1931191
2023-02-08,981.930107950507,995.0063230822701,980.890873429934,991.5424194335938,2848255
2023-02-09,990.6764645216608,997.6042719658682,985.4806089385052,992.7114868164062,1501083
2023-02-10,974.9155909766955,978.5526470268031,952.5733732119322,966.1259155273438,3185163
2023-02-13,970.9756623959605,970.9756623959605,956.9035513467437,963.8313598632812,2009185
2023-02-14,970.7590590937696,989.2909659312174,968.1611311925374,974.6126098632812,3938046
2023-02-15,974.2229775996834,982.5363258665423,969.5466861652131,981.064208984375,1648954
2023-02-16,986.0003354117312,997.7343534829165,973.3571058900291,976.950927734375,2369355
2023-02-17,971.3650891257446,971.3650891257446,959.1116151580425,960.8435668945312,1958807
2023-02-20,960.8435226764653,982.6227301925754,959.1548063851367,966.169189453125,1706036
2023-02-21,970.7589379065006,971.6682548423977,955.2579488889309,957.0764770507812,1313278
2023-02-22,948.2436465842043,957.379734960846,943.957108000065,946.165283203125,2212194
2023-02-23,956.7302368703206,962.9218801185187,946.0786907907102,947.6807250976562,2139983
2023-02-24,949.9755166985524,956.4703356367831,936.9858788220909,948.1136474609375,1684570
2023-02-27,943.9135116678254,943.9135116678254,931.789851884936,938.67431640625,1834553
2023-02-28,938.2848770387391,949.8889751094956,924.9488271875695,933.1755981445312,20793703
2023-03-01,932.959253399922,956.0375357073133,932.959253399922,953.5261840820312,1655100
2023-03-02,944.1735747911416,967.2950892511233,944.1735747911416,957.7260131835938,4074162
2023-03-03,965.5631957680546,978.2930001009246,962.1426330087332,969.027099609375,3253621
2023-03-06,977.6867330247285,994.1402741473767,972.750712971911,975.6949462890625,4091674
2023-03-08,962.9652197924593,973.3569307974138,958.8951752661657,970.4559326171875,3209393
2023-03-09,971.5817358622323,975.6951218831731,964.7406099953737,966.9921264648438,1834324
2023-03-10,956.9036363020012,968.2912437040615,956.9036363020012,966.689208984375,1193681
2023-03-13,970.7158106592844,981.6704288303447,948.2437744528141,951.3612670898438,3028387
2023-03-14,951.3178193516505,955.5177811132877,923.1302629412768,938.7611694335938,3683544
2023-03-15,948.2869781094712,950.7549883515296,931.3571065068398,934.950927734375,1528510
2023-03-16,938.6745042835571,941.7921019910891,926.2911127384317,928.6725463867188,1812907
2023-03-17,942.35497837475,967.3817042557936,938.7612627812227,959.8909912109375,5350523
2023-03-20,956.903422109269,959.7611850203645,940.6663730915777,944.6498413085938,2066169
2023-03-21,951.7077489363193,954.6520888648324,932.7428509046924,938.6315307617188,2421127
2023-03-22,945.6023909783372,957.55290130483,934.431385854388,936.5096435546875,1382329
2023-03-23,932.6560121889363,935.6003512895533,918.8003982659809,923.043701171875,2178855
2023-03-24,929.192149175667,943.9137396099507,906.7201166496669,910.7901611328125,2688253
2023-03-27,912.1324072160496,922.6972703267096,904.7716124738844,910.5736083984375,1459887
2023-03-28,915.1633901881311,921.2252215993054,900.0520470300189,901.5675048828125,2965015
2023-03-29,905.8108982774078,926.594322329662,902.4335707269242,924.4293823242188,2478745
2023-03-31,938.1982587852448,949.8889327820916,926.0745968625887,939.80029296875,3131614
2023-04-03,943.8706122091795,951.924232259843,942.1820010904792,950.9716796875,1540702
2023-04-05,939.8871223609361,963.8313822442176,923.2604238191484,962.2725830078125,3342291
2023-04-06,960.410595689532,960.410595689532,939.9734802750203,945.5157470703125,2378264
2023-04-10,945.5158271282921,956.9034321002547,945.2127566854551,955.258056640625,711625
2023-04-11,956.0373860826817,961.1466649944972,939.5838441120559,941.3157958984375,2318905
2023-04-12,945.6458508808246,950.3653780907025,935.3407146971812,947.810791015625,2715967
2023-04-13,943.0477355463953,943.0477355463953,920.5323626132398,928.1962280273438,3071057
2023-04-17,913.6046766448395,913.6046766448395,880.0481067680741,902.5201416015625,9509446
2023-04-18,908.885100988117,923.476774609753,905.1180210360714,921.2684936523438,3686404
2023-04-19,930.0148496866648,930.0148496866648,897.5407508469615,899.4891967773438,4322881
2023-04-20,900.6149519954819,906.8499363022396,893.5572271431425,898.4500122070312,3057560
2023-04-21,912.7385769204183,930.058094509041,898.6664688796623,908.3653564453125,7708194
2023-04-24,915.336752780442,916.9821285395446,905.8110155235026,912.7821655273438,2033625
2023-04-25,909.6644620933735,916.895446381988,904.425370631938,912.2623901367188,1237595
2023-04-26,913.6044527394132,923.9961621544587,907.5426222473034,922.7405395507812,1647101
2023-04-27,922.740676357351,930.9241064510101,918.8004436693225,927.6766967773438,1654910
2023-04-28,933.5777930059579,941.3286591239502,928.1170288204561,937.2330322265625,2629188
2023-05-02,937.2329283375851,946.6572880860006,937.1448723152937,940.2716674804688,1905168
2023-05-03,935.3834905413515,937.1450413709962,929.2180626375949,932.6970825195312,1649820
2023-05-04,930.1429916842213,940.6241339170618,923.3169816920321,939.611328125,1403672
2023-05-05,939.6112378789529,942.3855943702748,926.663775014496,929.7025146484375,1641673
2023-05-08,931.8605572919693,949.0356809849687,929.2182305699694,947.4943237304688,1389075
2023-05-09,943.310486009543,953.5274594994305,938.9506906354394,950.356689453125,2981949
2023-05-10,954.8926266498423,958.9882535711531,944.2792405707653,949.7401123046875,2091411
2023-05-11,953.1313155120371,962.3353773174958,951.2817082971303,958.3718872070312,2653108
2023-05-12,956.5220989051446,971.8476126008535,948.9914261143347,964.8894653320312,1585037
2023-05-15,967.9282101158745,974.0936387266916,962.5115267067478,968.6328735351562,1523466
2023-05-16,969.0289868303902,973.5210270811717,958.371626711237,960.66162109375,1166324
2023-05-17,960.4856425245669,963.5242748656918,936.0000416434151,946.4373168945312,3602382
2023-05-18,952.9550003459217,955.6414086025261,945.0721027009314,951.1494750976562,1515743
2023-05-19,958.8120901989172,972.3760530215454,953.3952999219858,964.75732421875,1984436
2023-05-22,964.757366252447,988.141997422584,959.1203818773304,986.3363647460938,1864932
2023-05-23,986.4685526871178,996.4653330347016,972.3761447915875,975.3267211914062,2138096
2023-05-24,968.0161967289222,982.0645206317994,967.091339599745,979.3781127929688,1302744
2023-05-25,976.9563002962233,984.9273628727083,971.5396161045359,982.9456176757812,1124803
2023-05-26,982.0646706941013,1004.3923078473814,981.1838952046896,1003.37939453125,1635167
2023-05-29,1009.3686570205608,1011.0861261266788,990.3439289674591,991.9292602539062,1288914
2023-05-30,994.3955423190168,1007.6071748564706,993.5588485982611,1000.4288330078125,1983735
2023-05-31,999.5040052762147,1015.8423250631766,997.125847095051,1008.575927734375,5967930
2023-06-01,1011.1302160630588,1017.4277820305215,1002.0142116637065,1005.7575073242188,1445692
2023-06-02,1011.1302270794359,1013.8606094994269,996.6854880464225,1001.4857788085938,1336554
2023-06-05,1007.6071079814442,1011.570597479623,1000.5609044291264,1002.5867309570312,1435758
2023-06-06,995.2761367676417,997.3019630614764,980.9635374557176,994.0430297851562,1943605
2023-06-07,998.623197334488,998.623197334488,983.1214641911091,994.4395141601562,2459039
2023-06-08,994.4394615851963,996.3771243674121,984.9711264807104,992.4136352539062,1385218
2023-06-09,994.4834730449721,996.1569677921372,974.0935012283263,977.4404907226562,1824218
2023-06-12,980.2588687472635,1004.9205781943261,978.9817875146489,1003.775634765625,1670970
2023-06-13,1008.4435776706797,1008.4435776706797,994.6595310461308,996.4210815429688,2014656
2023-06-14,1002.3225218414891,1002.674853545796,991.7972975932673,1000.4288330078125,836964
2023-06-15,1004.0841123819712,1010.2495411422113,1001.045479785328,1007.2548828125,2109652
2023-06-16,1012.8918965381232,1016.6351926775033,997.43424241477,1011.3064575195312,2909817
2023-06-19,1011.3063815153992,1016.3268663525968,1000.0764939412346,1001.9262084960938,1278608
2023-06-20,997.9186897776286,1031.1679665111728,997.4783020063235,1029.318359375,3504867
2023-06-21,1034.911135687293,1035.5276354849193,1023.1528051383226,1030.903564453125,2019683
2023-06-22,1030.6394483509903,1030.903616484792,1020.6866424307497,1024.6942138671875,972005
2023-06-23,1023.3729535972627,1030.9916822721086,1013.7724802824208,1026.2354736328125,1699790
2023-06-26,1028.0849819534594,1035.747684153959,1024.3857686531876,1028.30517578125,1190307
2023-06-27,1027.8648759890825,1034.4266096115366,1021.8755603546006,1030.5072021484375,1504039
2023-06-28,1033.5458552796372,1033.9862429818343,1027.4245092257097,1030.7274169921875,1424076
2023-06-30,1030.8155124648054,1051.64587307893,1026.103385374333,1046.317138671875,3036648
2023-07-03,1048.123024273459,1052.526902526709,1034.4710016883846,1040.7244873046875,1749952
2023-07-04,1041.0765976360026,1050.765127732446,1038.0379652941872,1048.6512451171875,1094468
2023-07-05,1051.6458005586953,1059.2204473006204,1046.0088166403355,1052.3504638671875,1653610
2023-07-06,1052.350444029781,1055.1688821775692,1034.8669671056903,1039.887451171875,2334220
2023-07-07,1037.6855485837548,1041.9132059513465,1016.2386893126182,1019.5855712890625,2159585
2023-07-10,1021.6994098071366,1023.3729044816769,986.468395675856,990.431884765625,3960400
2023-07-11,996.8173593747074,996.8173593747074,979.4220487074659,981.976318359375,4982603
2023-07-12,986.2043349321978,990.4321005556834,971.0109567778309,978.1453247070312,3824027
2023-07-13,968.8528936101346,990.3438338444278,957.4468957328792,976.603759765625,12294227
2023-07-14,981.3599570124775,1019.1452450754853,979.025988098357,1013.7284545898438,6605038
2023-07-17,1014.6092023502191,1032.2687925328412,1007.2988308720637,1016.1946411132812,3159479
2023-07-18,1020.7746184919372,1030.5072297798029,1009.720951605499,1028.041015625,2431478
2023-07-19,1026.1034704701688,1034.8231695336958,1019.0572663811032,1029.670654296875,2242397
2023-07-20,1030.5145773577005,1033.0020697151974,1019.8540817298623,1026.783447265625,1990001
2023-07-21,986.0959013395616,1012.6583261365524,972.7702810511892,990.9375,5259150
2023-07-24,994.9794342953185,1001.8198745284378,986.9840638411596,988.6719970703125,2672505
2023-07-25,993.6470609230275,994.0912482546873,981.7428187457097,987.472900390625,2506726
2023-07-26,986.2734173211683,995.7346283060219,986.1846015518222,990.5376586914062,1969964
2023-07-27,990.5376466228523,997.3780874415967,985.1629370908664,992.6253051757812,1769815
2023-07-28,989.6938397520522,993.6470636369529,974.9467335453294,980.3659057617188,2031899
2023-07-31,984.3190966424814,994.5354049560091,973.6586010109745,992.0479125976562,2526624
2023-08-01,994.9795595218488,1014.5238008695994,987.783746896283,1011.4144897460938,2710536
2023-08-02,1010.0817823582119,1010.0817823582119,996.3119779373216,1004.6627197265625,2701150
2023-08-03,1000.3098489430045,1008.7938701691679,990.5821899708272,999.8656616210938,1608187
2023-08-04,1004.2630215862282,1023.7184469839464,1000.3097980002166,1016.6114501953125,3315303
2023-08-07,1025.6728350804024,1026.7388411159695,1015.5453439658982,1022.3414306640625,1655404
2023-08-08,1025.984054846701,1027.7608044062433,1010.0821245999573,1013.946533203125,1667697
2023-08-09,1013.5909131904206,1018.0772481064246,999.4213823034272,1016.4337768554688,1559337
2023-08-10,1012.7471027807666,1017.0113444859331,1002.6640721743713,1007.6834106445312,1676669
2023-08-11,1030.5146762607021,1054.456331611673,1025.4509837291619,1040.6865234375,7391806
2023-08-14,1039.9754676155358,1045.616623120263,1025.1840128129002,1040.286376953125,1720940
2023-08-16,1044.5064979379797,1053.8344317915614,1039.4871594612657,1045.750244140625,2567226
2023-08-17,1045.4837417607368,1049.1260563340786,1034.0236864665146,1045.3504638671875,2331256
2023-08-18,1042.0633618479555,1046.371956787395,1029.315208564479,1042.6851806640625,3406088
2023-08-21,1042.0190408470673,1056.1886821047012,1038.4655421157497,1047.6158447265625,1661946
2023-08-22,1050.0587049017724,1054.5005775959423,1044.8617355384251,1047.8377685546875,1805887
2023-08-23,1059.7861542740534,1061.6073650981104,1047.0824659339216,1050.502685546875,2347850
2023-08-24,1056.232852776328,1056.2773148804363,1038.5098243021278,1040.5086669921875,2464221
2023-08-25,1034.9565991597728,1040.109216164165,1021.6309777113637,1025.1400146484375,2105159
2023-08-28,1026.0724512810116,1030.2477676618141,1012.1250163165805,1018.476806640625,2571967
2023-08-29,1025.0954238707116,1033.4461664023459,1020.1205480361718,1028.3380126953125,1794652
2023-08-30,1035.8447217652044,1043.9733705587976,1031.9803141747234,1039.8424072265625,1497356
2023-08-31,1047.8376358131784,1055.4776341904737,1035.7557653044157,1041.30810546875,4483967
2023-09-01,1042.0634536035036,1055.3890732148016,1040.3755200972385,1053.4346923828125,1669640
2023-09-04,1053.6123318252407,1097.1426895482061,1052.7239571778334,1094.9217529296875,4517935
2023-09-05,1098.6972316750293,1103.0946423477324,1088.4364621798425,1097.6312255859375,2842400
2023-09-06,1101.4513258702477,1103.7167246830716,1086.2156784116517,1097.8978271484375,1767709
2023-09-07,1099.8077351693332,1116.6868522680547,1092.9672942490954,1114.021728515625,2582004
2023-09-08,1118.4635100651783,1127.8359045398913,1114.2881932384664,1121.173095703125,2280777
2023-09-11,1134.054587163999,1140.9394899992535,1128.591061934933,1138.4964599609375,2691836
2023-09-12,1141.561461458803,1147.5579905365048,1124.2381552343309,1139.251708984375,2140769
2023-09-13,1138.896309202546,1139.2516807538461,1124.7711304807003,1132.8997802734375,2275523
2023-09-14,1137.8745967772404,1146.625064991121,1133.2106300778246,1140.317626953125,2655172
2023-09-15,1149.5565192762276,1163.7705102410034,1146.935858069755,1158.9732666015625,4286280
2023-09-18,1156.6636118220188,1164.925538141266,1145.7365619732275,1159.3287353515625,2761885
2023-09-20,1138.4520026505509,1158.4404303209662,1138.4520026505509,1149.023681640625,2220756
2023-09-21,1140.6730212001173,1141.5613958272204,1118.7302112883433,1135.3427734375,3112700
2023-09-22,1130.4124807090966,1140.317881504043,1123.8829475611726,1131.52294921875,1321467
2023-09-25,1128.2357672551072,1137.1195134539662,1116.3315256598025,1122.4168701171875,1246703
2023-09-26,1122.9054130920695,1127.3028236659934,1116.7756071070867,1120.6400146484375,903152
2023-09-27,1118.0193494661808,1126.1479981296768,1113.3998452735423,1120.3291015625,1670373
2023-09-28,1120.3292102432813,1124.6822675648698,1100.2964276529194,1103.2724609375,1807072
2023-09-29,1097.2312910256803,1110.2015366557978,1090.2575730943913,1096.96484375,2338327
2023-10-03,1094.9218077877847,1116.4204319545072,1086.215692429327,1100.4296875,2162636
2023-10-04,1096.2542918858574,1105.848781254098,1088.2589202270465,1101.184814453125,2253785
2023-10-05,1109.580001039443,1113.9774124297026,1090.7465007645628,1097.54248046875,2995200
2023-10-06,1112.2450606248713,1115.7985592211169,1092.7896341215926,1099.541259765625,2497711
2023-10-09,1098.0309210281455,1125.2596221097863,1093.7223262388322,1110.11279296875,3430211
2023-10-10,1115.398587405298,1123.5715889920407,1108.8689484229856,1120.950927734375,1532394
2023-10-11,1124.6825610265823,1132.1892851375887,1102.473189758285,1106.5596923828125,2186131
2023-10-12,1106.0261497302733,1109.1799222898921,1079.5081950580989,1087.148193359375,3921609
2023-10-13,1075.82167431789,1125.1264661631772,1073.645199857342,1115.709716796875,5740821
2023-10-16,1122.0171448910648,1136.4976945725516,1119.6185767950928,1128.813232421875,2527113
2023-10-17,1136.1423020404116,1136.2311178119235,1129.1241209843274,1134.587646484375,1687345
2023-10-18,1135.3424705851355,1138.4517809505878,1125.9257237385937,1127.746826171875,1743126
2023-10-19,1125.393050805527,1132.4555859004283,1123.705117280481,1125.881591796875,2279726
2023-10-20,1122.8769670696267,1131.2626477630074,1117.002447131701,1128.7962646484375,1625449
2023-10-23,1119.2895214782643,1130.500354025122,1105.2087595917258,1109.110107421875,1646367
2023-10-25,1104.2219638263093,1123.684032085698,1098.9305391911814,1102.2489013671875,1420065
2023-10-26,1089.692852158171,1110.5001122095377,1087.0471396427736,1104.76025390625,4617424
2023-10-27,1109.4241057846532,1139.0207068282211,1106.2401852134046,1137.854736328125,2675348
2023-10-30,1139.0206838601378,1143.3256877174395,1126.46455033727,1134.3121337890625,1158770
2023-10-31,1140.8142671495395,1147.8546477668453,1127.0921649551924,1144.4017333984375,2525870
2023-11-01,1147.9893163383501,1153.3256291336995,1125.8367537919505,1129.1102294921875,1572719
2023-11-02,1135.4332329373574,1143.5050331715092,1134.5363662446737,1142.070068359375,1368604
2023-11-03,1150.3212195046915,1154.5365587270742,1132.7426538977666,1135.657470703125,2052536
2023-11-06,1144.6261074970614,1147.5409242252615,1134.6709091830603,1138.7515869140625,1175823
2023-11-07,1138.1239078637643,1145.926604810934,1136.4198391394384,1142.5633544921875,1385282
2023-11-08,1147.9891211871745,1148.7066581802262,1135.3433254202519,1136.912841796875,937671
2023-11-09,1136.9131163569127,1144.2226020008384,1131.6664679555968,1136.778564453125,1483749
2023-11-10,1132.114815540416,1139.9175115993296,1121.6662971768048,1125.97119140625,1469902
2023-11-13,1130.0518639100912,1133.2805616251067,1124.0429017593897,1130.94873046875,730991
2023-11-15,1143.5048894578354,1150.6798220975706,1137.5855919262103,1144.9847412109375,2410620
2023-11-16,1151.3973009929277,1182.0252055670535,1146.19543129957,1175.8369140625,3936945
2023-11-17,1177.9447400975735,1189.021021893958,1171.6666732273054,1174.133056640625,2882039
2023-11-20,1179.3347094518642,1194.3572252257263,1178.4827299614826,1188.70703125,2831858
2023-11-21,1197.8548795821694,1198.2136480795457,1185.478187528495,1189.7830810546875,1514256
2023-11-22,1189.7830902074884,1197.9894406697133,1184.2225616380897,1192.5633544921875,1535630
2023-11-23,1196.374992139901,1197.5409623512744,1188.9758437112187,1191.935546875,1307344
2023-11-24,1191.8461738817382,1195.2094239908101,1170.994023205491,1174.133056640625,1795933
2023-11-28,1174.1328758177733,1183.7741913122984,1161.7112958907508,1180.859375,2152951
2023-11-29,1187.4513434552393,1200.7250125369312,1185.2091770212226,1196.3751220703125,1835524
2023-11-30,1199.1108403697413,1207.9001782799564,1192.563669326336,1202.608642578125,4104385
2023-12-01,1207.1825789119257,1209.8731790135125,1191.0389783024052,1198.8416748046875,1854324
2023-12-04,1210.770179351536,1210.770179351536,1193.7297101606625,1199.962890625,1547057
2023-12-05,1208.079303405702,1208.079303405702,1173.3706099732199,1181.6666259765625,3932040
2023-12-06,1188.3481685184481,1201.7562795331937,1183.4602896553442,1192.428955078125,2077245
2023-12-07,1193.7295404457184,1199.1107404777804,1188.6622218527014,1191.0389404296875,1985003
2023-12-08,1195.523002079607,1228.66217428643,1191.9355362069002,1223.41552734375,4509751
2023-12-11,1228.79679968699,1240.366399714977,1225.164555961974,1233.4605712890625,2824656
2023-12-12,1234.9852005838925,1243.9538658023666,1228.7071349309606,1233.4605712890625,2730422
2023-12-13,1237.0930872603083,1240.1873431300987,1217.093025110177,1227.9898681640625,1896931
2023-12-14,1247.5414888488085,1272.8779712787,1239.4696891366307,1268.70751953125,5145574
2023-12-15,1275.3444101654043,1342.6094107015545,1275.3444101654043,1337.497314453125,7374290
2023-12-18,1336.1967058519176,1354.1789252936933,1328.2594581970664,1349.156494140625,3075527
2023-12-19,1346.6451131194701,1349.470264623569,1325.2996456227008,1334.8065185546875,2590417
2023-12-20,1331.8468765444763,1348.0353621695358,1287.0035473678945,1291.4429931640625,4368383
2023-12-21,1274.5820803335043,1297.8109488071018,1273.640326544804,1275.3892822265625,2841508
2023-12-22,1283.4161728189206,1316.0172535656466,1276.2412396375428,1311.8468017578125,2303438
2023-12-26,1311.8469132568287,1316.017365419126,1293.4163677691558,1307.7662353515625,1363265
2023-12-27,1314.3131367037345,1323.775123281019,1307.2279780323215,1320.2325439453125,1402329
2023-12-28,1318.9318832861854,1329.7839462891911,1317.0035983707576,1320.591064453125,1928616
2023-12-29,1321.9366218971302,1329.0218906869745,1307.228095677157,1314.896240234375,1481617
2024-01-01,1309.4251280144272,1341.48810632026,1304.9856825028535,1330.7257080078125,1222315
2024-01-02,1330.9951687010118,1335.2552858421568,1310.6362274116875,1317.9906005859375,1440888
2024-01-03,1309.4253767687142,1313.9097102507988,1287.4521427064994,1289.4700927734375,1651716
2024-01-04,1288.797357256519,1295.792960816825,1270.994576409781,1273.5057373046875,3392241
2024-01-05,1278.034792849379,1290.4563722731984,1275.2545285295112,1285.0303955078125,1776925
2024-01-08,1287.0036405263313,1302.7884716429,1283.012627733044,1298.5732421875,2025264
2024-01-09,1309.9635092391663,1328.2147250936594,1302.5643587997124,1309.7841796875,3119270
2024-01-10,1322.7884175914846,1352.4746767296479,1314.8511709935694,1338.2144775390625,4368914
2024-01-11,1345.2996847448783,1345.2996847448783,1321.981156875967,1331.6673583984375,2271368
2024-01-12,1349.784222032328,1394.6275516679536,1343.9545891796968,1381.89208984375,5862043
2024-01-15,1443.9551773970231,1452.56507457106,1413.0132807385155,1424.4034423828125,9712071
2024-01-16,1423.327437878691,1423.327437878691,1379.380970042487,1395.03125,4459799
2024-01-17,1363.2370886769272,1421.53341154798,1360.1429430245425,1413.3719482421875,3846289
2024-01-18,1414.3586464684065,1420.8160422794983,1378.5288691279295,1405.88330078125,3205598
2024-01-19,1418.9430140776165,1437.0187212633186,1408.142823164304,1417.0902099609375,2374099
2024-01-23,1408.9110468572069,1417.045115253595,1371.0876508790757,1377.0526123046875,3196630
2024-01-24,1382.8819877028752,1429.0653985501233,1377.0977392065138,1424.727294921875,2136023
2024-01-25,1418.9428990472807,1418.9428990472807,1388.892038287203,1401.0931396484375,2641656
2024-01-29,1414.423982111705,1435.7532929398205,1401.0931490534638,1423.05517578125,2521598
2024-01-30,1427.980772497676,1439.2328553406965,1405.386140021447,1409.2724609375,1939386
2024-01-31,1409.2726721010422,1429.155951659408,1397.5685845294183,1424.3658447265625,7025931
2024-02-01,1424.3656599361354,1443.345151597721,1415.644109559907,1425.6309814453125,2845408
2024-02-02,1432.3190138297282,1458.6191444768338,1423.461873597203,1431.3699951171875,2337374
2024-02-05,1432.454290015482,1435.66277156397,1402.1774862084987,1405.7022705078125,1452864
2024-02-06,1415.327761890156,1470.4586644925184,1408.1427129762185,1467.5213623046875,4988311
2024-02-07,1471.3627176168695,1473.079932042799,1445.1077060746995,1459.9298095703125,3320199
2024-02-08,1469.5550440859258,1489.1671429180583,1461.6921553233612,1476.6046142578125,3496692
2024-02-09,1482.2078841133039,1488.3084348558434,1459.2969489452819,1473.7122802734375,3341297
2024-02-12,1481.3041850650288,1522.8783110644133,1481.3041850650288,1506.56494140625,4885445
2024-02-13,1513.8403301820244,1513.8403301820244,1489.9803769427422,1505.3447265625,3129897
2024-02-14,1491.019673330642,1515.557464227914,1469.0576482567644,1510.677001953125,1386643
2024-02-15,1516.551941648843,1533.2719719947927,1491.336306251229,1502.5885009765625,2555162
2024-02-16,1513.8404692618824,1515.648039971449,1491.2910687901856,1507.016845703125,1776881
2024-02-19,1509.3216548544526,1521.0256319400926,1499.9674978011171,1514.0665283203125,762624
2024-02-20,1501.187479089757,1511.8069570423788,1486.7269133670382,1503.040283203125,2240414
2024-02-21,1496.261758168711,1504.6217719737042,1475.0228041776465,1478.8638916015625,2890991
2024-02-22,1485.8231548356644,1528.6626036277505,1481.304227965726,1524.1436767578125,3820901
2024-02-23,1533.7236369896023,1534.0399397760027,1503.4015963827367,1505.4803466796875,2191549
2024-02-26,1505.4803951850522,1508.282107608994,1481.756030560344,1491.0650634765625,1844253
2024-02-27,1490.3420779769356,1512.3944631121337,1489.438292605209,1499.19921875,2049420
2024-02-28,1504.5313987551174,1511.1290758119515,1486.0037994404374,1492.9630126953125,936575
2024-02-29,1484.1510862671528,1516.3258216149818,1479.180267003924,1503.76318359375,3532888
2024-03-01,1514.2472248277827,1517.6364201237284,1481.394647157489,1485.91357421875,2371138
2024-03-04,1490.342220119919,1494.8611474095487,1477.6892237089553,1480.3553466796875,1788071
2024-03-05,1467.7474237913298,1473.1249025500758,1452.428306078332,1463.5447998046875,3339546
2024-03-06,1457.8056064738694,1491.2456606831274,1449.5359493813753,1486.003662109375,2366177
2024-03-07,1491.245710506753,1495.3579776567758,1473.2603613876922,1480.083984375,3181239
2024-03-11,1495.7647837378047,1500.102997633473,1475.02295367654,1480.9879150390625,2970902
2024-03-12,1478.5023808895505,1504.802510815306,1475.9266148730453,1478.231201171875,2414182
2024-03-13,1481.077955212653,1492.375269897723,1455.4104341831066,1474.5255126953125,2564135
2024-03-14,1476.7853510681853,1521.0708358921395,1455.0945013584935,1517.681640625,3513306
2024-03-15,1515.647920788352,1515.647920788352,1484.783631284449,1488.8055419921875,3931561
2024-03-18,1491.1553660802865,1503.2661109829858,1477.011104283209,1485.28076171875,1183544
2024-03-19,1483.608724763169,1483.608724763169,1440.72404835442,1445.2882080078125,1915379
2024-03-20,1450.3495385502144,1463.3188362409896,1426.2636369385693,1434.397705078125,1815178
2024-03-21,1453.2867566030643,1464.0869467648424,1431.0084269818583,1442.2606201171875,2684744
2024-03-22,1409.904952292788,1420.253248998389,1363.088833464723,1407.9617919921875,7468824
2024-03-26,1411.9385986328125,1439.3233376188189,1405.883281194166,1411.9385986328125,4496344
2024-03-27,1418.039087527938,1425.1337798268542,1391.8293147183076,1397.4327392578125,2589697
2024-03-28,1399.9633050428313,1410.8539610682342,1383.6951710913975,1395.0377197265625,5301493
2024-04-01,1399.9633829043216,1418.0390883001166,1399.0595976345319,1406.9224853515625,1014857
2024-04-02,1409.0012917104173,1414.4240035450948,1378.3629477794175,1381.255126953125,2031775
2024-04-03,1378.5887465162095,1408.5040148697597,1371.9459472949684,1388.0784912109375,3343884
2024-04-04,1392.5523145237446,1403.1265574935583,1372.5785728524497,1391.512939453125,3388449
2024-04-05,1394.0434539598702,1398.7883263155204,1377.1879480424543,1396.5740966796875,2773570
2024-04-08,1404.4823949416975,1404.4823949416975,1389.7055269441585,1391.8746337890625,1820136
2024-04-09,1391.8293573515093,1411.5319209558475,1386.9037716131015,1392.28125,2432095
2024-04-10,1392.7783713501115,1402.8103660477295,1388.3949244142395,1391.0611572265625,1829986
2024-04-12,1389.1180475681892,1394.495526133577,1370.3192686368632,1375.109375,4319991
2024-04-15,1362.094881275488,1383.2434805671337,1350.255315235085,1360.2421875,3295684
2024-04-16,1343.3413003993523,1357.1240266533184,1326.1242560937108,1335.162109375,2446933
2024-04-18,1334.9360832174405,1338.4156344575977,1312.3865744338084,1325.7174072265625,5180223
2024-04-19,1303.258428796956,1315.4595305922116,1296.9319315697862,1308.229248046875,5219506
2024-04-22,1312.476961975373,1331.546919970421,1310.940571103187,1324.85888671875,1939632
2024-04-23,1332.9930706796263,1356.988506173144,1329.5586421269877,1343.612548828125,2783858
2024-04-24,1346.6400077372402,1352.9212710257416,1334.258194078117,1336.92431640625,1321471
2024-04-25,1337.5571601079328,1369.280115943993,1337.5571601079328,1359.4288330078125,4558032
2024-04-26,1370.9067132992257,1384.1019566436012,1324.000234059479,1332.0439453125,4328477
2024-04-29,1278.856319795706,1297.8358128810132,1248.1276167052085,1253.911865234375,11493223
2024-04-30,1243.970177668547,1263.4015626914145,1231.3623058422147,1235.113037109375,7606726
2024-05-02,1227.3404634168528,1245.3258133331726,1227.3404634168528,1229.7806396484375,6555505
2024-05-03,1238.1858208824124,1238.1858208824124,1205.2428918949147,1218.3477783203125,5964228
2024-05-06,1227.340648208788,1233.6671463954312,1218.754686384058,1228.063720703125,2504082
2024-05-07,1234.6122397500967,1235.4824293683716,1214.6452844655537,1219.0416259765625,5096525
2024-05-08,1219.0416110959218,1221.8352070790652,1197.3802292911425,1203.1962890625,6832455
2024-05-09,1204.4326729148268,1226.4147140935004,1203.9747137236045,1209.05810546875,5653762
2024-05-10,1209.1039647898854,1211.66858126008,1193.9913098485972,1205.5318603515625,3357203
2024-05-13,1205.5321080801677,1210.7529115802345,1192.205558522754,1202.5096435546875,2316566
2024-05-14,1210.8440767463294,1215.3778279238243,1198.6623177871977,1209.9739990234375,3200462
2024-05-15,1208.3252075923356,1227.6053323754115,1207.409289299675,1220.8275146484375,2975965
2024-05-16,1231.9104884125336,1243.6342909430614,1216.797831863235,1234.795654296875,5055915
2024-05-17,1237.4058099134795,1237.4058099134795,1218.3546616777978,1221.1024169921875,2487831
2024-05-21,1203.516657607744,1236.3523066126959,1203.516657607744,1229.07080078125,4966721
2024-05-22,1235.5280967620936,1239.1460415722408,1227.3306716998115,1230.124267578125,2390777
2024-05-23,1233.4214740027596,1244.229243498088,1225.4987578779112,1239.7413330078125,3326149
2024-05-24,1245.649020796782,1245.649020796782,1228.109161120597,1232.0933837890625,1769966
2024-05-27,1237.4057940685718,1245.2826701743359,1225.498854525351,1239.512451171875,1942325
2024-05-28,1243.679671879724,1248.6714938213488,1232.459672428789,1244.1834716796875,2147233
2024-05-29,1251.1444706820594,1251.693999332784,1233.6961813280827,1239.3291015625,3845920
2024-05-30,1232.8262352418744,1237.9096273683128,1213.6835172516428,1219.865966796875,4150461
2024-05-31,1219.8659460003635,1228.1550525644968,1205.119681549608,1212.767578125,10319045
2024-06-03,1236.9937003814814,1240.8405131271677,1199.7157525932184,1203.928955078125,5384064
2024-06-04,1213.5918388617622,1213.5918388617622,1131.1591856560576,1193.9454345703125,5447244
2024-06-05,1209.0123814567949,1242.8097953906279,1205.4402770593817,1230.7196044921875,3005139
2024-06-06,1240.1536393112701,1282.1027510061247,1237.314314344744,1279.99609375,5936709
2024-06-07,1288.6972059329155,1317.6860460396042,1280.4539402233233,1311.13720703125,5884025
2024-06-10,1318.9226183920705,1320.7544553620594,1279.9960827798045,1299.4593505859375,3293739
2024-06-11,1305.1837718597524,1317.0448708884594,1296.3909772316713,1308.664306640625,2269082
2024-06-12,1348.2319993483927,1348.2319993483927,1313.8850564302102,1317.7777099609375,5990861
2024-06-13,1326.021039198166,1335.1343837624213,1316.2664845851311,1322.7237548828125,4232861
2024-06-14,1322.7236065785853,1324.4180332917008,1304.6342178112884,1310.72509765625,3065114
2024-06-18,1310.7253444072533,1318.6937914265734,1307.061670043158,1316.358154296875,2223029
2024-06-19,1318.9685014189658,1329.8221134535993,1310.0382959033311,1324.28076171875,3117522
2024-06-20,1327.1199487664967,1327.1199487664967,1309.351220879319,1322.0823974609375,3163919
2024-06-21,1339.0726944173266,1357.3452216876528,1318.1897102742869,1326.1124267578125,6489262
2024-06-24,1316.9531726937482,1322.5402522484014,1306.649091291398,1319.700927734375,1988692
2024-06-25,1319.7926722838677,1328.1733486307992,1306.5118544924153,1326.2041015625,2079037
2024-06-26,1326.2040547202953,1331.1043077981906,1317.2738499690483,1322.3114013671875,1917424
2024-06-27,1314.3429036322482,1337.7446634682785,1303.8098420351955,1332.5697021484375,6613193
2024-06-28,1344.5682488555071,1345.2093470308835,1320.754369788584,1336.87451171875,4943575
2024-07-01,1341.8205380634413,1354.2770067039685,1332.6613535032814,1345.3468017578125,3723295
2024-07-02,1350.9796208203409,1366.9623519508582,1349.1477840463472,1356.2919921875,3811366
2024-07-03,1363.802690030754,1363.802690030754,1347.4992954877885,1356.475341796875,2070876
2024-07-04,1360.138977014922,1405.5227835631545,1360.138977014922,1394.3485107421875,6822557
2024-07-05,1394.9437683604585,1400.6682585457854,1378.9610364856053,1391.646484375,3061687
2024-07-08,1399.5233784068973,1410.5143997032865,1379.5563116625433,1404.4693603515625,2939620
2024-07-09,1404.469450241303,1416.2848212524264,1396.775712480121,1402.36279296875,2658608
2024-07-10,1402.362787426647,1403.7366651711977,1362.749312458762,1382.9910888671875,3507096
2024-07-11,1387.6163020664915,1405.0187507392727,1381.2507142482343,1384.7769775390625,3304053
2024-07-12,1401.3550579689258,1434.32811815643,1383.4946503673611,1429.0157470703125,6430647
2024-07-15,1447.151184815436,1498.8090089638094,1435.6106344370594,1437.6256103515625,10337489
2024-07-16,1433.412238638257,1449.898769178505,1424.2530550047854,1437.5797119140625,3540650
2024-07-18,1427.046641096455,1464.7824326888906,1426.0848820988606,1460.4776611328125,4399468
2024-07-19,1475.086514206946,1480.536183709475,1455.0278798238437,1460.4776611328125,5633838
2024-07-22,1455.028057510823,1460.431998839283,1438.816345331896,1444.4949951171875,2704495
2024-07-23,1452.709268431197,1477.444134585597,1431.5738950426269,1475.182861328125,2907674
2024-07-24,1471.1679584882304,1474.8597224994933,1455.3394977572018,1461.66162109375,2484299
2024-07-25,1449.0174900556444,1471.16807589089,1442.418438826153,1465.26123046875,2934731
2024-07-26,1479.2900006346795,1513.623363572176,1471.1680741061273,1509.3316650390625,2814159
2024-07-29,1513.807808579666,1518.2379705196097,1495.1644451317736,1506.562744140625,1639491
2024-07-30,1503.4708355097953,1507.1625993784505,1493.3184848709939,1504.62451171875,1783877
2024-07-31,1496.0873245666544,1518.2379080272342,1494.4259857416334,1516.0228271484375,1984986
2024-08-01,1513.669510921287,1527.9289050481918,1510.0238261832649,1514.1309814453125,1785188
2024-08-02,1495.2105558060407,1512.700242031903,1477.7669490302255,1485.2889404296875,1692851
2024-08-05,1453.6319628576234,1472.7367950182772,1418.5602075632808,1442.0029296875,3279717
2024-08-06,1442.5568268058462,1481.3203499829708,1442.5568268058462,1460.784912109375,2138704
2024-08-07,1481.32028851341,1490.5496984106899,1467.4761736674902,1471.7216796875,1897787
2024-08-08,1473.9370011864214,1478.55170688832,1434.7581948427876,1437.8038330078125,2373805
2024-08-09,1462.769269081842,1478.551538249518,1454.4166076485976,1467.4300537109375,2021762
2024-08-12,1467.4762551007334,1477.1671360306439,1452.5707347567497,1463.09228515625,1273739
2024-08-13,1456.4008889713941,1484.4583177301981,1456.0778821561357,1469.9219970703125,1973825
2024-08-14,1476.7977971968537,1504.1630190015014,1475.0903789655772,1500.8404541015625,3932148
2024-08-16,1509.0085014938934,1545.003199694665,1506.8856921755498,1539.6962890625,3101056
2024-08-19,1536.6965482573726,1555.1553656538576,1531.2050951473905,1549.15625,1631947
2024-08-20,1550.5410217040908,1564.431330089006,1540.5732129276532,1556.7708740234375,2786109
2024-08-21,1556.0784187402182,1558.7087778761695,1544.7723922695375,1548.002685546875,1410370
2024-08-22,1557.0015588061515,1557.0015588061515,1544.0803840442748,1546.9876708984375,1749127
2024-08-23,1546.8951937503457,1556.0322188438697,1529.451587607248,1533.420166015625,2158185
2024-08-26,1542.23459799823,1600.3798880484326,1538.635105129047,1586.9510498046875,2672708
2024-08-27,1592.857596855788,1621.4687659614717,1573.7065723737578,1579.7056884765625,3556487
2024-08-28,1580.5828462634904,1603.8409172180875,1562.5854945812848,1586.9510498046875,2516461
2024-08-29,1581.9209520069987,1620.6844759184887,1566.4616894946782,1616.854248046875,5112407
2024-08-30,1616.8542223287839,1630.1907878225138,1607.9478188485234,1618.1463623046875,4792561
2024-09-02,1628.252602255204,1672.3692307817046,1624.3762947990067,1667.4315185546875,4445349
2024-09-03,1666.8313914032008,1677.122205748866,1649.3417050915511,1652.4796142578125,2553290
2024-09-04,1629.0830155503281,1657.2789060712662,1628.9907439899218,1647.6802978515625,2644961
2024-09-05,1653.9104851820123,1659.1712044946182,1631.1138846091062,1652.572265625,2878565
2024-09-06,1650.21869931477,1657.3714928940146,1605.9637182996366,1620.77685546875,3351716
2024-09-09,1622.8535557924054,1630.1910055657902,1606.9790130072404,1612.1474609375,1418238
2024-09-10,1614.6392899851082,1651.418583581032,1612.5165930169758,1642.0045166015625,2307528
2024-09-11,1641.1734897750914,1658.3863603703505,1637.020255658129,1641.68115234375,2303930
2024-09-12,1661.2940196148545,1674.3997384818872,1640.1586453881232,1668.308349609375,3349489
2024-09-13,1665.9084373020685,1679.7525517394818,1657.278961835486,1673.107421875,1599349
2024-09-16,1678.8296413550793,1683.6750814964284,1668.861833713112,1672.2305908203125,836199
2024-09-17,1672.322792100972,1687.136039261716,1667.938822633525,1673.984130859375,830317
2024-09-18,1668.7696073117113,1668.7696073117113,1606.0096190204538,1621.1458740234375,2629136
2024-09-19,1639.1433052746186,1639.1433052746186,1588.843018035054,1602.6871337890625,4167373
2024-09-20,1613.3008790893257,1630.0060887714128,1588.7506708533147,1624.42236328125,4644317
2024-09-23,1628.067727850068,1628.067727850068,1598.9950898527454,1617.7308349609375,1541597
2024-09-24,1615.1469006508103,1646.0654270346972,1604.394614465165,1638.774169921875,1907389
2024-09-25,1641.7274837853122,1646.5729239996585,1619.7614430814644,1645.050048828125,2240579
2024-09-26,1644.9115006132429,1669.0464288780813,1641.8196709776237,1646.38818359375,4303250
2024-09-27,1670.523069661957,1687.6436688391605,1658.1095593202751,1669.04638671875,4099016
2024-09-30,1668.6774794372927,1680.3987861355565,1651.2800625411662,1657.6944580078125,2117894
2024-10-01,1652.0645224762593,1682.013915262372,1652.0645224762593,1676.5224609375,1642542
2024-10-03,1640.989041503562,1669.8771388744728,1633.6055137577641,1641.4967041015625,3552386
2024-10-04,1640.9891614670892,1668.585120967133,1631.0675453333595,1639.697021484375,2982759
2024-10-07,1647.4034251573898,1665.1700386769787,1631.6673493525404,1640.0198974609375,3419048
2024-10-08,1637.2972479895525,1655.7560670198745,1608.6860784925536,1651.556640625,2353030
2024-10-09,1654.8794598632057,1684.3673807232644,1652.202908341919,1670.246337890625,2499596
2024-10-10,1679.7527020791267,1698.1653308633595,1658.5250580418628,1669.27734375,3753869
2024-10-11,1664.9856783619666,1710.0252473210535,1661.893848332339,1697.8885498046875,2977110
2024-10-14,1703.795284119454,1721.7464415672332,1691.19711689232,1712.88623046875,1751092
2024-10-15,1688.9820317536867,1737.6671695542368,1688.9358396381601,1725.991943359375,5696544
2024-10-16,1724.9766535987135,1739.7437089532234,1711.1787313173195,1721.515625,2144442
2024-10-17,1725.8072940750626,1732.4063443587645,1708.7789660565293,1723.869140625,2399099
2024-10-18,1723.131004572265,1729.499320587357,1700.9804185466976,1714.547607421875,2366406
2024-10-21,1730.7914799882533,1742.9742573730343,1698.2116142792604,1701.5341796875,1284980
2024-10-22,1699.8619093025782,1720.4853929502126,1690.2932896721986,1693.3125,2089660
2024-10-23,1666.139706207197,1732.5623373718552,1666.139706207197,1714.6793212890625,2522186
2024-10-24,1713.9826466158788,1730.6579337791286,1707.2009896994264,1713.8897705078125,1621637
2024-10-25,1727.9174488750862,1738.6473042006112,1709.523443574712,1720.8106689453125,4078295
2024-10-28,1714.0753386034114,1743.5243194149257,1714.0753386034114,1738.8328857421875,2418907
2024-10-29,1738.8328857421875,1742.6882077284597,1719.7421414088356,1738.8328857421875,1719955
2024-10-30,1728.8462617129542,1736.696163107448,1704.9713210844202,1708.2227783203125,1732047
2024-10-31,1709.3376442424465,1712.9607195383278,1631.8136535096858,1640.6390380859375,3616088
2024-11-01,1650.8112872458057,1654.8059800658266,1626.6576049338244,1632.6031494140625,242223
2024-11-04,1637.8054058811172,1655.5490492542572,1621.083626354254,1637.7589111328125,2843690
2024-11-05,1643.3792617236159,1656.7102127039268,1636.4118538870262,1647.606201171875,1818350
2024-11-06,1663.9100279345903,1721.4143955052841,1656.3852494257537,1707.8511962890625,3477029
2024-11-07,1718.6739005238142,1730.286247860123,1685.3695976418162,1701.859130859375,2173869
2024-11-08,1708.3618793775272,1722.4825604075638,1698.2360042055934,1707.014892578125,1521324
2024-11-11,1715.561735094185,1740.9231475456304,1703.7636353248058,1734.698974609375,1679869
2024-11-12,1756.7160104226286,1758.5274913550322,1732.051337839937,1739.8548583984375,2711052
2024-11-13,1733.491190775196,1746.1254018539637,1727.0811524376231,1732.3299560546875,1254074
2024-11-14,1739.0652311669462,1762.289927095992,1715.236670463378,1726.94189453125,2462563
2024-11-18,1726.9417159209622,1732.6086318630128,1686.1127500612015,1704.6925048828125,2483933
2024-11-19,1706.5504797321917,1732.5621364728022,1688.2494666004202,1691.2686767578125,2354204
2024-11-21,1704.692544474217,1708.9194841550334,1690.9434802261737,1705.9466552734375,1841245
2024-11-22,1715.2365939728818,1766.9347874858383,1706.0860868652692,1763.5904541015625,2765950
2024-11-25,1782.7274999119172,1783.6099929174802,1745.1034958752145,1757.3660888671875,6531524
2024-11-26,1755.8798107621496,1778.9651348153143,1754.9973177165698,1764.6588134765625,2079873
2024-11-27,1762.0576363513833,1780.8696395864515,1753.0928812651694,1756.762451171875,1631975
2024-11-28,1751.234797469664,1765.5412316031673,1704.6925335394958,1710.173583984375,3631255
2024-11-29,1711.1954965200996,1739.343871709582,1703.717099505195,1716.81591796875,2482280
2024-12-02,1716.815868412719,1745.1499949802283,1705.11053196173,1738.6005859375,2014744
2024-12-03,1750.2129750718962,1761.6395701106446,1739.1116164771556,1756.483642578125,2954648
2024-12-04,1748.3551164387954,1775.2957638228152,1744.267547258784,1762.893798828125,3730643
2024-12-05,1751.1419141614758,1800.4711411585508,1750.212926408605,1787.3724365234375,3881814
2024-12-06,1789.2305000178403,1801.6324644481897,1779.290375934029,1786.164794921875,2250408
2024-12-09,1779.0116187620004,1789.2769792074946,1766.0057896953329,1774.2738037109375,1379520
2024-12-10,1780.3585795450927,1804.8374981860254,1776.4103814935652,1798.845458984375,2695207
2024-12-11,1789.4626549815325,1797.4055456116162,1779.9405305358164,1793.782470703125,1387117
2024-12-12,1788.25506375356,1810.5972662478289,1785.050101126323,1798.7061767578125,2306173
2024-12-13,1801.307329364767,1834.750889889332,1776.5497820182993,1828.9912109375,2569918
2024-12-16,1830.8955734008173,1839.3958344068512,1811.7584475009908,1815.61376953125,1371189
2024-12-17,1807.1601725001037,1823.7889648690514,1800.3785155996989,1812.083740234375,1987909
2024-12-18,1810.5970036341191,1831.9172257097202,1808.50678133644,1821.1409912109375,3460812
2024-12-19,1774.3666991556402,1807.9960121768104,1774.3666991556402,1796.8946533203125,1916115
2024-12-20,1815.7995728816857,1818.6330310974608,1761.732527041298,1775.620849609375,3786921
2024-12-23,1782.2629572537091,1801.6788234611013,1764.287067386323,1767.8636474609375,2058339
2024-12-24,1773.0661390381713,1787.0474511566665,1755.0902473157016,1762.243408203125,1310301
2024-12-26,1770.2790053348926,1773.3447102214668,1752.3496100884684,1765.7734375,1065107
2024-12-27,1765.0769223622488,1767.7710098188536,1749.0053871294785,1757.64501953125,1328546
2024-12-30,1753.9289427297554,1829.1304587641368,1733.1660883603279,1791.970947265625,6262203
2024-12-31,1779.1973697587334,1790.902706632299,1745.1500579822189,1781.2412109375,1968650
2025-01-01,1781.2412743322218,1799.4029182290549,1772.4158900145558,1776.17822265625,880695
2025-01-02,1776.1781443405744,1835.9585988305873,1774.4131582763305,1832.149658203125,3487645
2025-01-03,1839.39578190372,1850.6365112238773,1803.1652589268285,1808.4140625,2853344
2025-01-06,1812.687273827258,1833.264374337359,1792.9462849386844,1814.3594970703125,1789037
2025-01-07,1820.8161183017348,1840.3248624263963,1773.344863612092,1779.8477783203125,2494547
2025-01-08,1770.9293133583365,1800.8426721992153,1760.0137077878744,1795.0364990234375,2372138
2025-01-09,1789.9734941220481,1806.3700358329381,1783.6563325834222,1797.4053955078125,2742139
2025-01-10,1798.520426295895,1860.1587457047497,1797.8236854282702,1853.423583984375,4802079
2025-01-13,1853.237728643335,1869.3091490543711,1825.8325893752476,1848.1282958984375,5694121
2025-01-14,1798.613255928026,1801.307343226937,1670.0878165478216,1684.765869140625,15819311
2025-01-15,1705.6215982017811,1712.635501441829,1683.836879685699,1696.052978515625,3350594
2025-01-16,1702.8346466094251,1707.4330908835625,1658.5219736705017,1664.9783935546875,5362008
2025-01-17,1663.8055351506061,1682.6676054474335,1642.2690118617163,1678.726318359375,2424374
2025-01-20,1679.852244571819,1688.2041389869971,1654.0459000347748,1685.5765380859375,3401004
2025-01-21,1681.0721161839897,1708.6144991781723,1681.0721161839897,1691.3946533203125,4005357
2025-01-22,1696.8375516893925,1718.6556437932056,1692.9432311922842,1715.1365966796875,3009261
2025-01-23,1705.1425174400829,1716.3095348003362,1693.0838249010083,1695.71142578125,3750930
2025-01-24,1689.14253374764,1716.7318847093134,1680.7906394203148,1682.432861328125,3171259
2025-01-27,1665.682213664374,1670.1396731093914,1602.1517322373663,1606.5152587890625,4174844
2025-01-28,1606.5151863588676,1623.9227835434008,1586.8554908823407,1588.9669189453125,5079829
2025-01-29,1591.5477362383654,1617.9171068351532,1591.5477362383654,1613.1312255859375,3733620
2025-01-30,1615.9462541458195,1626.2218247493452,1593.2835703540459,1607.5943603515625,2543744
2025-01-31,1603.793964194231,1631.1485975285875,1603.793964194231,1619.183837890625,2033832
2025-02-01,1619.7001007692593,1625.2836097568943,1584.0404230002953,1589.6708984375,569018
2025-02-03,1562.4569280096825,1595.864392568976,1559.1724840168695,1587.7940673828125,2659929
2025-02-04,1590.7031810309018,1628.9904610685767,1587.8410913220712,1625.8468017578125,3647768
2025-02-05,1623.4535376302758,1639.2189126027504,1604.6852886403306,1607.3597412109375,2681942
2025-02-06,1617.6825474781042,1621.9992225540007,1607.3600088150683,1617.3541259765625,2057798
2025-02-07,1617.0255507399675,1624.3920660841331,1595.9112691184232,1619.37158203125,2428098
2025-02-10,1617.7761000689636,1632.8376657376364,1606.6559354282797,1627.06640625,1823071
2025-02-11,1635.4653644908951,1641.2834762186028,1609.3774509519176,1617.0723876953125,1702553
2025-02-12,1617.729388478944,1635.0900203386902,1594.503678288202,1611.535888671875,2214307
2025-02-13,1606.5623441284795,1623.4068041937128,1595.53599626428,1598.21044921875,1838463
2025-02-14,1605.6237953113587,1617.2601332784309,1595.2542913149882,1605.8583984375,1460459
2025-02-17,1605.8585088625016,1614.2104036379035,1589.7647103920724,1604.5916748046875,1127023
2025-02-18,1600.931790462683,1622.0460725760536,1596.4743309054159,1619.2308349609375,1511900
2025-02-19,1617.072477330942,1624.9551657442344,1598.5388292736943,1606.8438720703125,1294110
2025-02-20,1600.180930784951,1608.9551792009363,1579.8643920353359,1583.6180419921875,1681532
2025-02-21,1585.917161721241,1599.1957218141617,1581.3658839013194,1595.9581298828125,1222563
2025-02-24,1581.2251903726578,1585.917253252102,1536.7444113650647,1542.7972412109375,4455420
2025-02-25,1535.242973645093,1550.2106084046304,1530.785513911099,1535.3367919921875,1951519
2025-02-27,1520.2283446195179,1557.7648469558023,1515.723918518238,1528.8616943359375,2266866
2025-02-28,1512.7209263718523,1515.48919738269,1466.2225419022172,1478.046630859375,4910121
2025-03-03,1478.046630449053,1504.6506014906618,1471.8530164056688,1475.559814453125,1784684
2025-03-04,1463.9234789665418,1463.9234789665418,1429.2022169654124,1440.932373046875,3246644
2025-03-05,1437.6479808555375,1484.0055822609495,1436.7565347823277,1476.075927734375,3112003
2025-03-06,1482.6917280450903,1496.486345769904,1478.1404503979445,1487.8060302734375,2011489
2025-03-07,1485.1786140907477,1489.260685687368,1459.7945093234823,1461.999755859375,2091986
2025-03-10,1461.108298968804,1475.6067266347575,1451.7241737345792,1453.882568359375,1855766
2025-03-11,1435.7240627060792,1477.014209949576,1428.8267542020003,1471.2899169921875,1846190
2025-03-12,1460.1699602910955,1468.615673429026,1414.2815626645433,1445.7183837890625,3113860
2025-03-13,1445.718328113091,1452.6156373329825,1434.9735504112195,1440.2286376953125,1983351
2025-03-17,1433.8943612072458,1452.240372186287,1425.4956147946596,1449.9881591796875,2029100
2025-03-18,1449.9881591796875,1449.9881591796875,1449.9881591796875,1449.9881591796875,0
2025-03-19,1462.516041720709,1465.1904947286948,1431.1730378712193,1449.331298828125,4522829
2025-03-20,1452.521854437945,1484.662484537233,1451.7711931232186,1465.8004150390625,4608677
2025-03-21,1440.557003390561,1493.9996639060917,1427.7946163227189,1470.2108154296875,8109210
2025-03-24,1493.0144655011259,1511.6888993880027,1463.923674532845,1505.3546142578125,2487843
2025-03-25,1522.1051188470806,1556.7794159000157,1519.2429148187066,1524.8265380859375,4906013
2025-03-26,1524.8264723795628,1543.6415740044204,1522.1050532579748,1532.802978515625,3096513
2025-03-27,1525.5303175393603,1543.6885766705861,1514.1755490955886,1529.753173828125,3383080
2025-03-28,1516.5685105057582,1525.4365779010805,1484.1932772882224,1494.4219970703125,2211077
2025-04-01,1479.8765773281762,1487.3838776570444,1432.1113560752888,1436.099609375,4126827
2025-04-02,1421.6950443873868,1443.79470624483,1413.6247191910966,1433.47216796875,3167863
2025-04-03,1407.6187370667203,1407.6187370667203,1374.7742998684969,1379.5601806640625,3966161
2025-04-04,1359.759800282287,1366.5163248975466,1331.7012418104437,1334.5164794921875,4421312
2025-04-07,1262.1648740781764,1298.5283602272689,1222.5169440188433,1289.47265625,6484139
2025-04-08,1295.009353925452,1336.5341103828443,1287.5020533229856,1316.9212646484375,3938359
2025-04-09,1295.6192683920913,1303.1734204452107,1273.4727558349355,1295.00927734375,3306801
2025-04-11,1276.240998242005,1337.2378106579831,1276.240998242005,1304.9095458984375,4859622
2025-04-15,1332.5457046995487,1340.8037802397348,1319.407930146173,1338.6453857421875,3265147
2025-04-16,1327.853824014455,1347.6543068896485,1318.9389043479268,1343.5252685546875,2553111
2025-04-17,1332.5457093049156,1353.2846020111017,1298.762860336622,1349.4371337890625,3549969
2025-04-21,1346.621790176783,1406.68018360627,1341.9297281901042,1390.7271728515625,2840104
2025-04-22,1398.2346574265296,1407.5249643024429,1374.3051381215787,1388.7567138671875,2608145
2025-04-23,1459.2316198408828,1501.4601876176287,1448.6275114449047,1495.8297119140625,13293318
2025-04-24,1496.7681185599965,1504.5569890731178,1479.0320972540565,1488.979248046875,3193118
2025-04-25,1492.075876810925,1518.3514268428155,1471.5246201255204,1481.0025634765625,3800415
2025-04-28,1485.5588882674936,1489.7355626297328,1459.0750996085858,1470.6558837890625,2618810
2025-04-29,1476.0664903532554,1500.556900336968,1469.5167187646914,1489.3558349609375,2231069
2025-04-30,1491.2543430553478,1507.2965039752792,1475.1172814182116,1487.9320068359375,3682256
2025-05-02,1487.4574604298189,1500.7468059601426,1478.0599714871676,1492.5833740234375,1370848
2025-05-05,1499.7975435119658,1516.599026605548,1483.9452993699736,1488.9761962890625,1012225
2025-05-06,1496.760057193726,1503.4047299968138,1485.6538916985114,1498.9432373046875,2055057
2025-05-07,1473.2189870905163,1498.2789208704455,1466.5743138239998,1483.9454345703125,5469936
2025-05-08,1482.6165331329305,1516.8840405359633,1476.8261979552287,1500.462158203125,2789018
2025-05-09,1486.508160175475,1497.614209275505,1478.2498278573905,1489.735595703125,2035161
2025-05-12,1517.6433288868916,1589.9752928759262,1513.0869354293889,1585.513916015625,4028207
2025-05-13,1599.4675775411424,1602.4101950134725,1533.2106546857274,1537.3873291015625,3118470
2025-05-14,1547.2596313457075,1558.9353178581853,1534.919523856447,1554.5687255859375,1569126
2025-05-15,1566.244308903532,1616.1742558186468,1542.5133345262059,1609.9093017578125,4961582
2025-05-16,1606.0174938270525,1607.5362530584684,1573.8382684209864,1575.641845703125,2586263
2025-05-19,1576.6859717484479,1579.5336887353506,1554.948375573644,1565.8646240234375,1642018
2025-05-20,1576.4960594943752,1581.432055575185,1553.3346064540299,1555.13818359375,2421580
2025-05-21,1561.4981492899233,1573.3636367465335,1545.740805122325,1568.142822265625,1420835
2025-05-22,1555.2332136218106,1557.4163938155039,1532.0717586557046,1550.1072998046875,2202093
2025-05-23,1550.1071374029464,1585.9884144896923,1540.1401288648378,1564.5355224609375,1459454
2025-05-26,1568.522541916578,1590.73475762256,1562.0676703870101,1588.6463623046875,1078813
2025-05-27,1588.8361022895458,1590.4497620548775,1558.1756397571362,1568.237548828125,2740015
2025-05-28,1579.5336830231895,1582.1915985509136,1563.396620155765,1573.173828125,1775441
2025-05-29,1585.2291331768304,1590.449947687293,1571.560068374657,1580.1981201171875,2374051
2025-05-30,1580.1982532287088,1580.1982532287088,1544.6968042661408,1553.524658203125,4408910
2025-06-02,1542.6081971440656,1552.1954873809045,1524.1929383073668,1548.683349609375,1883100
2025-06-03,1563.3016023546027,1567.8578796516067,1534.919335438567,1547.63916015625,2380133
2025-06-04,1548.2086668947275,1561.1182929350127,1539.8553181118948,1543.557373046875,1659720
2025-06-05,1551.9108171545088,1569.9463576069004,1542.133609401811,1549.5377197265625,1409322
2025-06-06,1548.3986718413075,1556.5622202640966,1539.6657190446242,1554.5687255859375,1261281
2025-06-09,1564.3457971984335,1573.8381867445405,1555.8026466069373,1564.630615234375,1299786
2025-06-10,1569.3768695722647,1599.3727985016626,1565.295095562959,1583.425537109375,3055223
2025-06-11,1590.9245363876787,1637.816965348587,1581.43214655243,1634.49462890625,5085821
2025-06-12,1637.4372714141487,1638.3865104120698,1608.9601014765112,1614.8453369140625,3607962
2025-06-13,1581.432124861516,1624.1478785342463,1580.1031671280296,1609.244873046875,1988422
2025-06-16,1606.112289101041,1641.6138486897555,1597.948857378498,1635.5386962890625,2116100
2025-06-17,1640.2849517495486,1650.5367790475427,1632.6910399358933,1641.8037109375,1777245
2025-06-18,1640.1899392095554,1656.421901429878,1623.1985395100812,1628.799072265625,1794428
2025-06-19,1632.4061510673155,1632.4061510673155,1611.0482750180745,1626.900634765625,2514527
2025-06-20,1626.9005987693738,1654.1437092665208,1622.3442056301249,1651.580810546875,2719770
2025-06-23,1641.424111675593,1641.9937478022082,1612.9469403011108,1616.743896484375,2221446
2025-06-24,1632.5960763959326,1644.6513645867021,1603.4543714079707,1605.9224853515625,3601071
2025-06-25,1615.6046259750926,1633.3553472552276,1614.655387064414,1629.9381103515625,1307518
2025-06-26,1623.1986394339156,1639.2408012089484,1616.2691486002234,1636.5828857421875,2971055
2025-06-27,1646.9296583037208,1663.5413407361789,1623.9581209466817,1635.8236083984375,6478283
2025-06-30,1637.4372550040107,1646.7398434399704,1626.3312051891958,1640.8544921875,1855229
2025-07-01,1640.8544845891133,1656.422027101697,1626.9956185973117,1631.077392578125,1639826
2025-07-02,1634.5894961996328,1650.2519391074688,1624.1478675944086,1631.362060546875,2069447
2025-07-03,1628.894176185843,1642.6581421268072,1619.8764053969353,1625.0023193359375,1839063
2025-07-04,1627.944776322193,1641.2341214350274,1619.5914273302828,1638.29150390625,768500
2025-07-07,1637.9119776639309,1637.9119776639309,1616.8389171435201,1623.5784912109375,1366412
2025-07-08,1613.706207247965,1631.6468464915597,1601.8407204299654,1621.39501953125,2139193
2025-07-09,1623.1986031481015,1627.2803769792602,1586.1782841289344,1589.0260009765625,2894808
2025-07-10,1589.9753485757974,1594.626642919546,1565.2951342098447,1579.2489013671875,2740853
2025-07-11,1559.7893616463275,1571.4650468215598,1547.2594541341846,1555.13818359375,2548153
2025-07-14,1556.7518506109018,1559.0300472255988,1525.4269658120238,1537.5772705078125,3334703
2025-07-15,1509.2899558749805,1539.0960825808759,1471.3203972366161,1486.887939453125,14685607
2025-07-16,1486.888062580964,1494.1022561448747,1480.8129095209686,1483.4708251953125,5218099
2025-07-17,1484.2298665223354,1487.2675004154505,1464.106048928695,1465.5299072265625,4966082
2025-07-18,1477.1057905368714,1482.8458389456935,1463.71234424962,1481.6978759765625,3902458
2025-07-21,1481.697931914697,1483.5155205541757,1459.8857004250685,1464.0950927734375,3368842
2025-07-22,1466.677982232691,1473.087772892238,1452.5192665194224,1454.2412109375,3218227
2025-07-23,1458.0678802596879,1469.45233249405,1452.2321879726355,1463.52099609375,3471536
2025-07-24,1463.71250156516,1471.2702561387111,1436.542912820311,1441.9002685546875,4654421
2025-07-25,1436.064314859312,1446.683380274027,1422.1925322304887,1425.5408935546875,2733655
2025-07-28,1425.5410042674102,1429.4633473383515,1400.0934795834673,1402.580810546875,4404841
2025-07-29,1402.5808125832252,1413.4869279726304,1397.7017947668448,1408.60791015625,6223556
2025-07-30,1416.3568500502006,1419.9922605116933,1405.1638031150178,1412.5301513671875,1642426
2025-07-31,1401.528476378077,1418.461572349329,1396.2667653746096,1404.3028564453125,2306285
2025-08-01,1401.5285055326744,1403.346210909819,1387.1783843156165,1389.1873779296875,2152783
2025-08-04,1389.1873471188792,1411.4779149609608,1378.1855877631428,1410.521240234375,2384774
2025-08-05,1415.7829287286452,1421.044639641239,1407.4597886706842,1418.4615478515625,2614394
2025-08-06,1416.739609011352,1419.4182281448032,1393.3010784903524,1399.806396484375,1735697
2025-08-07,1394.8316794757075,1415.113135921434,1388.1349567347404,1411.573486328125,1495363
2025-08-08,1410.9038567259868,1417.9831558923304,1395.7883501556053,1411.7647705078125,2815614
2025-08-11,1411.095332073909,1464.6691209526473,1402.102565584374,1423.5321044921875,2374556
2025-08-12,1425.445406004107,1444.483257266117,1424.488731234977,1434.151123046875,3422656
2025-08-13,1435.0121342495343,1442.187194920782,1424.4887119317043,1436.064453125,2916128
2025-08-14,1435.9687383495286,1450.5101472151196,1421.427329483938,1425.2540283203125,4227538
2025-08-18,1433.1944030282975,1436.8298137488491,1411.9562705367805,1420.6619873046875,2795155
2025-08-19,1412.3389880278332,1418.3659689175522,1405.5465038396178,1412.1475830078125,2515817
2025-08-20,1404.3984120414857,1435.299050517699,1394.8316653654538,1431.185302734375,10219330
2025-08-21,1435.0120868816957,1439.7954605046348,1421.714284853609,1428.793701171875,2157601
2025-08-22,1425.0625441411648,1426.8802493437775,1400.5716963052566,1402.7720947265625,2802805
2025-08-25,1415.8785483938768,1444.291740118609,1412.2431378407746,1439.030029296875,2764914
2025-08-26,1436.829739757093,1441.2304199732146,1420.6619141455185,1428.1240234375,4092265
2025-08-28,1423.5319882641413,1423.5319882641413,1383.351649885718,1386.987060546875,4367902
2025-08-29,1386.9871339428964,1399.2325009801284,1376.846287914066,1391.7705078125,3404604
2025-09-01,1383.3517118814798,1408.7035931849784,1383.3517118814798,1404.78125,2105254
2025-09-02,1405.3551934727484,1413.3912846474257,1396.4580716755017,1402.1981201171875,1295198
2025-09-03,1411.095239074557,1411.095239074557,1389.665701579074,1402.580810546875,1800307
2025-09-04,1401.623991771506,1402.38937819617,1378.472512195081,1380.7685546875,2192155
2025-09-05,1385.264927848617,1389.3786756591405,1342.0232792996746,1357.5213623046875,3895199
2025-09-08,1362.2091241287956,1366.7054484911205,1340.3012502157765,1342.214599609375,2929976
2025-09-09,1349.102681235138,1369.7669491914457,1348.0503623699672,1365.2705078125,2906889
2025-09-10,1372.7327480642123,1408.1297170614887,1370.0540118058339,1400.476318359375,3205017
2025-09-11,1400.4761563014292,1406.694542027328,1395.1188011862023,1404.1114501953125,1982922
2025-09-12,1411.0951659256086,1415.8785393694243,1399.6150696604511,1403.633056640625,2110883
2025-09-15,1403.6331265794308,1404.6855622147725,1389.091717298308,1402.9635009765625,1725617
2025-09-16,1400.4761305717655,1420.8532318148527,1397.7973946725745,1418.84423828125,1724524
2025-09-17,1426.2107202474265,1434.0554062440674,1411.3822620774579,1417.3135986328125,2656774
2025-09-18,1427.9326087877762,1437.7864047373657,1421.7142233469772,1429.0806884765625,2792406
2025-09-19,1429.0806980526554,1429.0806980526554,1400.571745589634,1403.824462890625,3197957
2025-09-22,1361.3480439968562,1386.4128734280896,1353.69464670102,1377.515869140625,4457129
2025-09-23,1381.6296610067534,1381.6296610067534,1358.8608714691968,1367.8536376953125,3106480
2025-09-24,1363.357015656249,1382.1078153752596,1358.4779983143922,1379.8118896484375,2894044
2025-09-25,1377.8028975155194,1380.0032961040897,1354.6514157943786,1362.113525390625,2713246
2025-09-26,1358.4779609420507,1364.6963459745318,1331.6910715713623,1334.84814453125,2568054
2025-09-29,1336.570348321117,1341.8320597549628,1323.0812569106674,1327.2906494140625,2990852
2025-09-30,1331.7869333983938,1344.128061375167,1322.0288973878787,1325.0902099609375,2782077
2025-10-01,1326.0468430517603,1336.2833329104571,1322.124499946586,1329.299560546875,2253527
2025-10-03,1335.9961225265322,1339.1531955222524,1320.593684319884,1333.1260986328125,2793839
2025-10-06,1333.1262283449394,1359.4347832638384,1330.5432533018986,1356.2777099609375,1970901
2025-10-07,1360.391613035583,1379.4294655757335,1355.7995271228247,1371.2977294921875,1592836
2025-10-08,1371.1061300689087,1395.501334860933,1365.36608188255,1390.2396240234375,1735807
2025-10-09,1390.239729338229,1426.497726485028,1389.570103711726,1422.0970458984375,2681316
2025-10-10,1426.401995047643,1433.5770553849047,1410.0428808350023,1430.70703125,2129445
2025-10-13,1425.4453259408936,1437.116710756099,1412.53021728304,1429.941650390625,1820492
2025-10-14,1449.744945271399,1468.4957470896468,1425.6366714065782,1430.6114501953125,5802489
2025-10-15,1433.0030698582757,1444.0048290109378,1421.7142615803032,1430.8983154296875,1710696
2025-10-16,1434.9164178827316,1454.0499120426946,1433.0987125812192,1449.3621826171875,2021043
2025-10-17,1445.5049950102464,1447.7229617012551,1426.4115530606123,1433.1617431640625,3210161
2025-10-20,1436.7298482567198,1456.0161067266026,1435.9583508323326,1442.0335693359375,2354881
2025-10-21,1449.072972763074,1449.3623137236605,1428.1474295573794,1432.968994140625,274400
2025-10-23,1456.1125063872835,1492.2742408174313,1451.7730982556657,1469.5164794921875,5011470
2025-10-24,1470.5771723395956,1477.9059268360006,1462.2841049432955,1469.4200439453125,1491451
2025-10-27,1476.7487702026774,1494.2028098142143,1472.3129544907802,1478.7738037109375,1394846
2025-10-28,1480.2202995851405,1486.9704898764082,1458.0411029138322,1467.7806396484375,1936466
2025-10-29,1475.3986987319204,1503.3637721065777,1467.684195732015,1501.7244873046875,2596355
2025-10-30,1502.1101652795687,1504.2317242993038,1483.2096558812607,1494.4921875,2183395
2025-10-31,1494.4922478418825,1502.592382401083,1482.727559295551,1486.4884033203125,1723467
2025-11-03,1485.1381829149193,1494.395562645935,1473.6628365639656,1488.4168701171875,2252136
2025-11-04,1481.5702926395418,1486.8740133372978,1470.577102559581,1474.53076171875,1666863
2025-11-06,1474.5308438593693,1477.2309670869563,1460.2590834514915,1471.92724609375,2474769
2025-11-07,1461.030355386082,1464.5983835103627,1437.30828314533,1458.4267578125,2238714
2025-11-10,1463.8270072305563,1489.7670482269107,1457.4625655245236,1485.5240478515625,1558896
2025-11-11,1492.5636133270089,1516.3820958228628,1486.1990537615907,1513.9713134765625,2270763
2025-11-12,1518.7928011904994,1542.9006234316184,1517.3463318560323,1537.11474609375,2331564
2025-11-13,1542.3218845373528,1547.72201256488,1523.6141930545236,1541.4539794921875,1944022
2025-11-14,1533.2574217656438,1540.971924516666,1517.9248240051934,1537.6932373046875,2543918
2025-11-17,1537.114640997858,1550.3256795971333,1528.917981996301,1549.0721435546875,2000978
2025-11-18,1546.7578509686116,1546.7578509686116,1533.3538784679217,1538.2718505859375,1640123
2025-11-19,1538.3684141194399,1609.920384105191,1531.9074470708654,1603.2666015625,6342672
2025-11-20,1603.2665542011332,1608.8596159330084,1583.9802968001477,1586.680419921875,2724035
2025-11-21,1577.6158729667095,1584.8482195726083,1548.6864865431146,1550.6151123046875,2958835
2025-11-24,1556.6902870321276,1581.4730802901095,1545.6970969556094,1552.929443359375,6392688
2025-11-25,1560.5475556076767,1561.1261197835458,1535.7646443632036,1543.9613037109375,2285950
2025-11-26,1543.961240617917,1569.419122741588,1543.961240617917,1560.1617431640625,1243303
2025-11-27,1561.3190013514552,1574.9157897727193,1556.4010290774631,1570.86572265625,2106176
2025-11-28,1570.865564972418,1578.483659702002,1561.2224368878728,1566.23681640625,1841289
2025-12-01,1571.8298725197803,1587.7410338060236,1569.9012469093266,1584.26953125,2034350
2025-12-02,1592.080392947732,1593.9126107646616,1566.043947999465,1577.133544921875,2326220
2025-12-03,1577.133636037448,1595.5519875776963,1570.6727871514972,1581.9552001953125,2371611
2025-12-04,1591.1161864307182,1612.3310689164612,1586.3910299706451,1595.552001953125,3935708
2025-12-05,1603.3629998227739,1630.6531017754521,1592.0805860622538,1622.9385986328125,3391204
2025-12-08,1622.9386164010136,1634.8961199458129,1617.0563312331458,1628.3387451171875,2702407
2025-12-09,1626.7957674386714,1626.7957674386714,1597.2878179621275,1598.4449462890625,2817704
2025-12-10,1603.941568474416,1611.3667301393214,1597.8663505929717,1606.545166015625,1482249
2025-12-11,1607.9916404756361,1617.5383610143572,1590.1518531600145,1612.716796875,1408684
2025-12-12,1617.5384660183624,1618.0206224635979,1600.759398181377,1613.48828125,1284337
2025-12-15,1613.4882062129197,1627.760083413747,1600.7593237362678,1623.90283203125,1689723
2025-12-16,1621.0099068593954,1621.9742197129704,1586.6803928149234,1592.7554931640625,1929309
2025-12-17,1592.0806145705485,1605.0988388568612,1587.5483909786828,1595.9378662109375,1394918
2025-12-18,1597.8662532166159,1614.163162504345,1592.2731920883905,1602.1092529296875,1822056
2025-12-19,1615.2240514930982,1621.0099286924765,1574.240754664169,1583.7874755859375,3487150
2025-12-22,1592.948392786367,1613.777526441746,1585.3302978609083,1610.6917724609375,1339691
2025-12-23,1615.3204698744262,1626.6994088603938,1597.0949330335684,1619.94921875,1614314
2025-12-24,1616.1883461808325,1620.0455976036985,1605.6773125107284,1614.9346923828125,989858
2025-12-26,1608.473917383925,1616.5741692876468,1591.5984416319955,1601.6273193359375,921138
2025-12-29,1600.4699875803433,1601.5308258848768,1567.3941275049592,1572.6014404296875,1516288
2025-12-30,1572.6014804595475,1577.3265193663256,1553.6044462320297,1557.55810546875,3323273
2025-12-31,1566.526268992036,1573.4692746222004,1559.1011069232775,1565.369140625,1359963
2026-01-01,1564.9834275068804,1586.9696909781806,1560.6440194608895,1576.16943359375,773806
2026-01-02,1573.758696709966,1584.3661389059278,1567.1049139715212,1581.666015625,950573
2026-01-05,1567.0084378561032,1575.2050973771966,1523.710765784238,1550.2293701171875,3245802
2026-01-06,1543.1898909839229,1567.972683983436,1540.2969524525881,1558.618896484375,2112043
2026-01-07,1562.9583926368216,1595.455690223662,1559.004615582644,1588.8983154296875,3816569
2026-01-08,1594.2986416497984,1601.3380555313697,1577.0374163633985,1587.93408203125,3266398
2026-01-09,1588.3195332906948,1615.2238830041229,1588.3195332906948,1602.1092529296875,3281306
2026-01-12,1599.987883032742,1617.345514868645,1582.9195921463609,1608.088134765625,4175707
2026-01-13,1624.8671900660424,1637.0175087160264,1567.97273059192,1605.5809326171875,7149266
2026-01-14,1605.5809595772776,1618.0206193834642,1590.3447688512542,1608.9560546875,2470615
2026-01-15,1608.9560546875,1608.9560546875,1608.9560546875,1608.9560546875,0
2026-01-16,1622.0685339254821,1652.081682009063,1617.0178290309627,1649.264892578125,3098089
2026-01-19,1649.264930539804,1669.662199998777,1636.7351555873774,1667.525390625,2087629
2026-01-20,1670.6334850729563,1670.6334850729563,1633.5299283544177,1638.8720703125,1739341
2026-01-21,1639.1633154048784,1646.2538418405477,1621.0000809866287,1634.209716796875,1728435
2026-01-22,1642.0772742114043,1659.9491909105602,1633.2384812850246,1654.218505859375,1853439
2026-01-23,1663.5429459948182,1671.604771225789,1650.04199127234,1658.006591796875,1874357
2026-01-27,1670.6334244449179,1675.975566209131,1651.6931036445249,1670.82763671875,2671530
2026-01-28,1656.1610721542709,1684.6201660350766,1642.465786823139,1679.9578857421875,2713867
2026-01-29,1673.3531293582296,1675.489938664914,1647.4193878632143,1672.1875,2235602
2026-01-30,1664.028545737421,1664.028545737421,1634.695378411855,1646.9337158203125,4448681
2026-02-02,1622.0684627483904,1640.037484641112,1606.1391439517708,1628.67333984375,1916380
2026-02-03,1728.9113946545401,1729.0085007948294,1640.6203339894569,1646.6424560546875,3200948
2026-02-04,1594.8722589690967,1597.7861546919391,1540.4795388093712,1575.2520751953125,5834470
2026-02-05,1567.3844065854084,1584.9650050129394,1554.2718762952904,1563.7906494140625,3184531
2026-02-06,1565.7331840230888,1565.7331840230888,1528.9209471121815,1547.9583740234375,3342992
2026-02-09,1554.4662097186297,1573.4065312801788,1548.6384184689223,1556.020263671875,1863558
2026-02-10,1549.22116873538,1556.4088016328246,1522.8018959178016,1527.94970703125,3234785
2026-02-11,1528.8237593707415,1532.8060592999798,1501.724508918872,1507.066650390625,2944646
2026-02-12,1485.115481610435,1490.9432729051784,1427.3232179375632,1433.7337646484375,5397659
2026-02-13,1382.1577086918394,1434.4136132707504,1355.9326502697174,1413.4334716796875,7214938
2026-02-16,1409.4512728724128,1424.894943209499,1405.2747603343228,1419.84423828125,2388700
2026-02-17,1421.9809909201456,1467.3405830262284,1416.1531999737515,1440.047119140625,2840341
2026-02-18,1440.6298873232702,1440.6298873232702,1401.9722781753735,1425.089111328125,2036245
2026-02-19,1427.8089128327592,1458.6962551084828,1401.583851168484,1408.771484375,2397127
2026-02-20,1401.5838264016543,1413.2394091575932,1389.9282436457154,1395.2703857421875,2392491
2026-02-23,1396.9214511058526,1400.2238897093428,1374.8730226483146,1385.265869140625,2629763
2026-02-24,1362.0519713376468,1366.3255900015026,1284.542301484879,1300.762939453125,10004684
2026-02-25,1316.1094767557106,1351.4647661176937,1315.13817824888,1338.6435546875,5703505
2026-02-26,1351.0762149795514,1364.6743939944429,1328.7363494550873,1334.0784912109375,2329520
2026-02-27,1357.8754160439462,1364.480293820491,1342.3346387501672,1349.2308349609375,8651443
2026-03-02,1312.2242981891923,1346.2197463288087,1311.2529996709177,1331.6502685546875,2088938
2026-03-04,1317.080808041033,1342.3345698471294,1317.080808041033,1324.8511962890625,3161598
2026-03-05,1338.643498816475,1338.643498816475,1294.255206333629,1315.2352294921875,2217963
2026-03-06,1317.080758597693,1341.169008688996,1315.3323738808347,1317.7606201171875,1871596
2026-03-09,1291.8270860425002,1333.3014871677035,1289.8844889206318,1319.606201171875,2256550
2026-03-10,1321.9373243586176,1325.2397631364865,1306.3965475843795,1322.4229736328125,1671877
2026-03-11,1327.959283660933,1336.506758028498,1308.2419949259765,1311.54443359375,1837000
2026-03-12,1311.25298917672,1324.2684129307795,1302.5113025822084,1319.1204833984375,2616965
2026-03-13,1311.252927306642,1317.7605795932589,1283.0852718311662,1287.3590087890625,2190786
2026-03-16,1275.1207179295407,1299.3059557205356,1265.0191898185524,1290.4671630859375,3618375
2026-03-17,1290.4671115039953,1290.4671115039953,1260.4539653473184,1283.182373046875,2285672
2026-03-18,1288.427519984832,1338.8379381853317,1288.427519984832,1318.246337890625,2564106
2026-03-19,1302.899825821349,1315.3323754260534,1271.6239431203578,1274.1494140625,1663249
2026-03-20,1296.586405720121,1313.6812357960657,1290.7586146555914,1295.4207763671875,5050431
2026-03-23,1277.0633953429879,1325.8225356751977,1272.401114823816,1319.606201171875,5166409
2026-03-24,1340.3919298664168,1353.9901088650618,1320.965959868353,1333.88427734375,3555664
2026-03-25,1309.3103756668886,1370.8907241704983,1309.3103756668886,1341.6546630859375,4167275
2026-03-27,1337.4780839327325,1367.005583137401,1320.7717965419583,1325.23974609375,8956139
2026-03-30,1311.2529249424974,1320.188823374682,1297.8489587275135,1303.093994140625,5541018
2026-04-01,1359.5264850203223,1359.5264850203223,1310.281697700231,1315.5267333984375,2469237
2026-04-02,1308.3390820367895,1372.2505708873946,1302.7055032991818,1361.9547119140625,6509389
2026-04-06,1356.9039655583058,1381.4778643297457,1354.0871762758024,1363.023193359375,2134581
2026-04-07,1351.0761971608322,1404.98326325891,1348.2594078315547,1400.223876953125,3459049
2026-04-08,1408.2857488059858,1423.9236312751325,1390.8023754342585,1419.067138671875,4239052
2026-04-09,1417.0274334936837,1426.837524825088,1394.784673688786,1422.855224609375,3101205
2026-04-10,1410.3255482102886,1415.7647965837057,1380.312398161064,1409.5484619140625,3450066
2026-04-13,1399.6411847669165,1406.2460622119338,1376.8156692623902,1388.3741455078125,2252652
2026-04-15,1403.526280064429,1432.5681278427714,1395.8529984877596,1409.6455078125,3993858
2026-04-16,1418.0957990201716,1426.5460484780597,1393.9104428440883,1408.5770263671875,5229848
2026-04-17,1401.8751070484177,1416.1531469053489,1388.9567901746564,1400.90380859375,3319268
2026-04-20,1404.400493568223,1410.228284438359,1383.129033178886,1387.3056640625,2352656
2026-04-21,1388.9568315587173,1413.2392936489045,1381.5749867966422,1399.8353271484375,3091487
2026-04-22,1306.3965083504145,1319.0233891002697,1244.2334031203575,1248.4100341796875,33066256
2026-04-23,1252.9751562640483,1257.15178754495,1235.4917819905966,1240.9310302734375,8304759
2026-04-24,1251.6218619302792,1252.0178436546378,1185.9918485183598,1191.040283203125,10903519
2026-04-27,1196.7816837673115,1219.549242680999,1188.8625328408116,1215.78759765625,6066942
2026-04-28,1215.4907250223948,1220.2421431663045,1180.2505268992788,1183.9130859375,6643295
2026-04-29,1187.8727482542276,1198.5636513231816,1180.0525618275544,1188.0706787109375,4777201
2026-04-30,1187.8727402459547,1201.4342390290972,1172.0344370426753,1186.9818115234375,5070033
2026-05-01,1186.9818115234375,1186.9818115234375,1186.9818115234375,1186.9818115234375,0
2026-05-04,1195.7918803363182,1201.2362970100348,1179.359665088433,1188.36767578125,3318673
2026-05-05,1187.8727482542276,1193.2181997887046,1177.9738086854425,1188.0706787109375,2459953
2026-05-06,1195.7919057864779,1199.751481633453,1174.4102203801453,1177.0828857421875,3541520
2026-05-07,1182.9231744098379,1183.913068279637,1169.1636254523005,1171.4404296875,3725309
2026-05-08,1167.8769370248579,1190.644498001188,1164.90725515838,1186.2889404296875,2813749
2026-05-11,1184.804006505599,1194.1090331242458,1179.0625736796997,1182.82421875,2505962
2026-05-12,1171.0444630813495,1172.0343569639203,1131.0527260581548,1134.220458984375,3959561
2026-05-13,1134.7154964657793,1142.931543844691,1125.6083995174693,1131.646728515625,2635034
2026-05-14,1127.4891556166244,1131.6466616749285,1092.2489568340422,1112.6407470703125,5837032
2026-05-15,1110.5619921830983,1140.3577744488487,1110.4630269602867,1121.15380859375,3729249
2026-05-18,1117.5902205133277,1137.8830455979364,1110.0670509907557,1135.0123291015625,2588569
2026-05-19,1144.3174142705511,1186.1899769855322,1140.6548549643858,1167.48095703125,5756760
2026-05-20,1154.4141906480702,1169.0646683575774,1150.652666418684,1157.9779052734375,1415960
2026-05-21,1161.8384595944722,1168.6687518922563,1151.4445733090024,1156.39404296875,2245247
2026-05-22,1158.0769708112805,1164.1152998147552,1148.1780311870052,1152.236572265625,2044782
2026-05-25,1156.1961159082641,1166.0950552567938,1150.3557175252993,1153.9193115234375,1419803
2026-05-26,1153.9192390579726,1161.838390039478,1148.2768923183116,1150.15771484375,1196820
2026-05-27,1143.6244635296307,1157.9779249858127,1142.0405366306575,1153.42431640625,1004168
2026-05-28,1153.42431640625,1153.42431640625,1153.42431640625,1153.42431640625,0
2026-05-29,1168.0747806951965,1179.6564907792917,1165.1050990493613,1171.83642578125,12446602
2026-06-01,1178.072747125031,1200.5434119372007,1178.072747125031,1183.022216796875,5970435
2026-06-02,1197.7716587190891,1244.2966735618968,1190.0504377083842,1230.93310546875,7663067
2026-06-03,1216.3817277239782,1217.5695521230916,1164.907242593571,1167.0849609375,4800922
2026-06-04,1154.6123413674918,1164.610246215695,1146.4951383776315,1156.4931640625,2025595
2026-06-05,1167.0848647183482,1170.5494932395648,1135.4082610957976,1143.0303955078125,1971395
2026-06-08,1130.3598899886003,1147.2870518319028,1120.856932535927,1139.6649169921875,1546444
2026-06-09,1146.9900420972515,1147.2870586092952,1124.9154800807084,1134.7154541015625,2225582
2026-06-10,1129.2710855592654,1140.3578496517691,1118.5801823841139,1120.658935546875,1600595
2026-06-11,1101.6530107998524,1102.7418699870848,1078.4894679990384,1098.980224609375,3435236
2026-06-12,1108.6811510385824,1111.155885750722,1089.3782202838927,1098.38623046875,2203987
2026-06-15,1112.1457872602355,1116.6003097726264,1101.7519013979902,1107.98828125,2361006
2026-06-16,1129.4688977693256,1150.1577036749375,1126.0042692485608,1147.2869873046875,8343470
2026-06-17,1157.1860191207213,1161.7395070902196,1147.58409621033,1155.00830078125,2263670
2026-06-18,1140.3578288590681,1156.9880955312617,1124.6184909080034,1150.058837890625,3368037
2026-06-19,1098.7822889851088,1124.5195317901655,1080.370285607286,1120.262939453125,10014063
2026-06-22,1124.519489786046,1137.0910941981099,1115.6104445324595,1119.0750732421875,2312385
2026-06-23,1110.2650463176826,1114.4226734702142,1094.3277776579753,1098.287353515625,3235632
2026-06-24,1086.5075036113628,1110.1659916215428,1082.1519463516245,1102.642822265625,3503015
2026-06-25,1121.5497933111187,1122.0447402631537,1086.4085597166397,1089.576171875,5877425
2026-06-26,1089.576171875,1089.576171875,1089.576171875,1089.576171875,0
2026-06-29,1084.5277065108403,1097.0994312395699,1075.0247494674097,1091.259033203125,5186504
2026-06-30,1091.35807971494,1094.5256920198099,1057.8006506475288,1060.9683837890625,3794233
2026-07-01,1059.1864801751997,1065.6207905687872,1019.5907239069678,1023.7482299804688,3819777
2026-07-02,1038.3987015097157,1071.956128900288,1037.408807609325,1067.20458984375,3726609
2026-07-03,1115.7093743357589,1147.2870134549564,1103.8306477080976,1127.4891357421875,12768463
2026-07-06,1133.4285739039879,1136.2992905292433,1114.6205888348386,1122.7376708984375,2747815
2026-07-07,1123.529612762691,1163.1253700406712,1122.5397188307415,1156.39404296875,5179529
2026-07-08,1153.2264273281507,1164.6102075120768,1130.1618504469234,1134.0224609375,3091794
2026-07-09,1132.5375461008239,1150.1577052219316,1109.6710220003508,1138.77392578125,2033525
2026-07-10,1161.1455289767832,1179.4585658788042,1141.8425981881667,1152.33544921875,3979475
2026-07-13,1150.2567271120654,1224.4987706003656,1150.2567271120654,1208.8583984375,9028077
2026-07-14,1187.8726953172163,1196.88070575604,1152.2365144577,1154.9091796875,9754723
2026-07-15,1145.3072123070285,1169.6585774419905,1132.9335388810666,1156.196044921875,3253196
2026-07-16,1163.521297781958,1191.8322387544756,1162.8282995597583,1175.4000244140625,5147444
2026-07-17,1197.800048828125,1223.5,1195.800048828125,1203.9000244140625,5037972
2026-07-20,1205.0,1224.699951171875,1200.0999755859375,1221.300048828125,3612829
2026-07-21,1219.0,1240.699951171875,1217.199951171875,1239.5,4642320
2026-07-22,1243.800048828125,1243.800048828125,1227.699951171875,1237.300048828125,2377718
2026-07-23,1236.0,1248.800048828125,1228.800048828125,1244.699951171875,1878476
2026-07-24,1237.0,1276.0,1236.5999755859375,1271.0,3674904
2026-07-27,1284.5999755859375,1303.0,1277.300048828125,1295.9000244140625,3847049
2026-07-28,1301.0,1342.0,1301.0,1318.5999755859375,5187064
2026-07-29,1344.0,1352.699951171875,1323.199951171875,1344.300048828125,3061520
2026-07-30,1349.0,1369.9000244140625,1345.5999755859375,1352.699951171875,3747919
2026-07-31,1317.699951171875,1356.5,1294.300048828125,1346.9000244140625,3369019
2026-08-03,1352.0,1377.0,1343.5,1377.0,2314332
2026-08-04,1375.699951171875,1375.9000244140625,1347.4000244140625,1369.9000244140625,3013543
2026-08-05,1370.0,1375.0,1337.0999755859375,1350.0,3215211
2026-08-06,1349.9000244140625,1363.199951171875,1332.5,1335.0,3821560
2026-08-07,1329.0,1369.0,1328.0,1356.5999755859375,1725616
2026-08-10,1356.5999755859375,1367.5,1351.5999755859375,1357.199951171875,1321698
2026-08-11,1360.0999755859375,1379.800048828125,1358.0,1365.4000244140625,1828636
2026-08-12,1370.0,1370.0,1340.4000244140625,1365.4000244140625,1418468
2026-08-13,1362.9000244140625,1372.9000244140625,1354.0,1370.0,778760
2026-08-14,1372.800048828125,1374.9000244140625,1346.5,1360.0,1033374
2026-08-17,1355.0999755859375,1362.800048828125,1325.0,1325.0,970745
2026-08-18,1318.0,1320.0,1292.5,1298.0,3056990
2026-08-19,1309.0,1324.800048828125,1301.4000244140625,1324.800048828125,1693632
2026-08-20,1339.699951171875,1345.300048828125,1318.4000244140625,1318.4000244140625,1510868
2026-08-21,1319.9000244140625,1321.699951171875,1302.5,1302.5,1484443
2026-08-24,1302.5,1325.800048828125,1301.0,1322.0,1091648
2026-08-25,1322.0,1322.9000244140625,1294.4000244140625,1315.800048828125,1314934
2026-08-26,1319.5,1323.0,1296.5999755859375,1298.5,834925
2026-08-27,1295.0,1304.699951171875,1280.0,1282.0,1936771
2026-08-28,1290.0,1334.199951171875,1290.0,1316.0999755859375,3459476
