Date,Open,High,Low,Close,Volume
2010-06-07,237.89131583428778,243.68342106010266,232.92961923319018,240.92230224609375,3295406
2010-06-08,240.8185148635978,243.30974087942812,236.56267041988767,236.97787475585938,2473282
2010-06-09,238.6594221646139,242.47930672248953,236.99860499528177,240.13339233398438,2263042
2010-06-10,240.81846574246757,249.08104047976443,239.98805723990733,246.11231994628906,2620950
2010-06-11,249.10177521994643,255.9733999473651,249.10177521994643,251.90440368652344,5418614
2010-06-14,251.61377951151852,256.8038327192644,250.05676354919478,255.64126586914062,3005094
2010-06-15,256.59629890013275,256.59629890013275,251.19864212715262,252.5065460205078,2226442
2010-06-16,253.6898219583217,264.04917409360763,253.48221981269296,261.2880554199219,6623234
2010-06-17,259.502664938924,266.2289790825523,259.502664938924,263.5301513671875,6815058
2010-06-18,263.03192948369605,266.97637041518004,255.35064977501668,257.0945129394531,5478530
2010-06-21,260.3330680603067,265.73072337894143,259.50265954974753,264.46435546875,2801608
2010-06-22,264.48512300056007,267.8067571983693,260.91437637473825,262.8865966796875,3188464
2010-06-23,261.57882048234893,264.44374151017416,260.3747173623482,261.9525146484375,2551704
2010-06-24,262.40908494388543,264.81726451578197,257.4681442519486,262.4298400878906,3510454
2010-06-25,257.4266150110965,263.8622803863739,250.4096535941336,254.66549682617188,2249686
2010-06-28,253.27465017843608,260.3331240358679,252.44424148932646,258.6100158691406,2442170
2010-06-29,258.25712731322636,259.7103426598442,252.85947031150297,254.89398193359375,1652116
2010-06-30,252.85943481842006,262.80358350571754,252.85943481842006,260.4784240722656,3473310
2010-07-01,259.5027165430816,261.62024857324826,254.52026438545442,255.4129638671875,2102312
2010-07-02,256.96999551361813,258.00800644178423,249.5378271311236,250.0983428955078,3142034
2010-07-05,249.95303208982745,254.9354845567343,248.54132708737833,253.31617736816406,1504652
2010-07-06,253.37839444490032,261.26727522237366,253.37839444490032,260.35382080078125,2641624
2010-07-07,261.5579149626941,261.57867010619617,257.0114234852943,258.1117248535156,2404716
2010-07-08,262.5812560591235,266.8609929674741,259.39781924192755,262.3282775878906,3236166
2010-07-09,263.61423668571354,270.2341129702687,263.61423668571354,269.24322509765625,2743146
2010-07-12,270.69795884385366,273.2278463096841,266.54473721492053,268.9270324707031,1742978
2010-07-13,269.8546183270013,270.65575951929634,262.4336266171455,266.5235900878906,2781902
2010-07-14,264.7948586368604,270.27628086978905,258.89178853986033,260.0302429199219,3296870
2010-07-15,261.42172544529666,261.7590386536403,256.91008729457434,259.8405456542969,3474800
2010-07-16,259.5242635837454,262.64446811105864,253.74768262660794,254.65423583984375,4613614
2010-07-19,255.0969641992509,258.8496405783031,250.88048545215582,255.70835876464844,3115018
2010-07-20,257.41602848043846,259.3134439237832,252.9887257793007,253.87417602539062,2266842
2010-07-21,255.5186758176682,261.82231826420053,254.46455586792536,260.0513916015625,5724102
2010-07-22,260.78923811161417,267.3247808613798,257.6268787165663,267.008544921875,3952244
2010-07-23,266.48143137399376,270.27626188406646,263.9515443672786,264.752685546875,1972120
2010-07-26,261.42174437197826,268.99033066659183,260.789272409788,261.632568359375,1555444
2010-07-27,263.52989139299814,270.97198582007275,261.08433914793926,269.7913513183594,4084588
2010-07-28,270.3816405577844,277.44424091543414,269.4329330470553,273.24884033203125,6198744
2010-07-29,272.3845653574742,274.998787695281,268.4421674688076,271.4991149902344,2166672
2010-07-30,270.2762928657791,280.35368755850055,269.8546449829932,278.9200744628906,4685954
2010-08-02,281.68184194012247,282.5040603973025,275.54687085020475,278.8778991699219,2403426
2010-08-03,279.9741873161302,280.3958351885942,274.0711171016335,274.830078125,1414664
2010-08-04,274.53496645702666,278.2876434584081,270.95095892763806,276.9594421386719,2163534
2010-08-05,278.2032493614036,278.2454295880758,271.203905268089,272.08935546875,1853342
2010-08-06,271.11959202643305,277.4443103474229,270.69794413836706,273.5440673828125,2275590
2010-08-09,277.3178230372604,286.5940766385744,262.5390696058723,273.7759704589844,1715038
2010-08-10,274.0710964869606,276.9382966569866,268.2734386766595,270.31842041015625,2192742
2010-08-11,271.96291278315346,272.8062086367446,261.61146132739117,264.3521728515625,4120430
2010-08-12,261.4216645739914,271.96286072616846,259.3555798340278,266.9241638183594,5151604
2010-08-13,268.35785045532003,268.8638331565888,263.0239934440001,264.5630187988281,2749328
2010-08-16,264.7948973751271,267.936179569083,260.62057261599824,263.6142883300781,2474604
2010-08-17,263.6353285417489,265.55382118734707,259.35559240243157,261.5060119628906,2019616
2010-08-18,263.1082617397512,263.52990959510333,257.62683962017303,260.6416320800781,2983554
2010-08-19,261.88551190990773,263.25586764515674,259.31346990096364,259.7561950683594,2556726
2010-08-20,258.048506199905,262.2649850593806,256.4884038748301,260.451904296875,4478298
2010-08-23,263.5298991577804,267.53555362497866,261.4427372093824,263.1715087890625,3858098
2010-08-24,264.47866748885644,265.5538645770944,258.9339868440144,259.77728271484375,1777466
2010-08-25,260.5784258317956,261.3163097237141,256.0667877455671,259.3767395019531,2257516
2010-08-26,260.5783729491704,263.2769295003862,256.7413877840235,261.04217529296875,2815598
2010-08-27,261.21083534165075,261.63248317916754,256.78353304772446,257.9641418457031,2666498
2010-08-30,259.10261867224114,261.12652332114754,254.7807279620858,256.9311218261719,1546066
2010-08-31,257.6268576790104,265.42734354981513,255.09697036956024,264.2467346191406,4321692
2010-09-01,266.4814848894529,268.5475699873231,263.61428418644584,265.7014465332031,3435526
2010-09-02,267.1983198311782,267.6199677950162,263.1504839371243,264.0570373535156,1282542
2010-09-03,264.7526998379776,270.19194175481545,263.10826290071105,265.9122314453125,3344436
2010-09-06,266.94527041080386,268.9270206523496,265.65924948592516,267.43017578125,1960008
2010-09-07,259.31338795603955,269.83350534620183,259.31338795603955,265.3218688964844,2154446
2010-09-08,265.63818561144114,269.01136892079273,264.5840658272687,267.8518371582031,2019674
2010-09-09,269.8546756227104,277.4443383745991,268.7794785465956,276.432373046875,4424118
2010-09-13,277.4443029047723,281.7029361658599,274.76684918151585,280.33258056640625,2926698
2010-09-14,280.81747054561396,286.0880687165151,277.2123865437861,282.9046325683594,3402996
2010-09-15,282.9256867380648,288.82875620800957,281.23909546093773,285.0760803222656,3218328
2010-09-16,285.07618715719536,287.9855684946932,280.8175528806232,284.4226379394531,2940474
2010-09-17,286.7205810546875,289.25046853458184,285.5399720444728,286.7205810546875,2231462
2010-09-20,289.25046883395606,292.623652143973,284.14853937169386,290.0094299316406,2709896
2010-09-21,290.9370419635633,297.87315485019826,286.7205630945261,288.9552917480469,3773068
2010-09-22,289.6720918794334,295.84924357973364,283.1365497773501,287.5216979980469,4169084
2010-09-23,290.093804887354,292.62369272067394,288.0277195293361,291.2744140625,2001696
2010-09-24,291.42192016580805,292.83443016114535,288.87093009952855,291.33758544921875,2178346
2010-09-27,295.15353615460765,296.84012778977683,290.76838760902933,292.83447265625,2488416
2010-09-28,293.38254957541665,301.89984073196194,293.38254957541665,299.9180908203125,3650554
2010-09-29,301.4782430959302,303.6708172836969,293.5934223601984,294.62646484375,2426774
2010-09-30,294.6264662780541,297.0930961667091,287.6060185405821,291.56951904296875,4695752
2010-10-01,294.6475275403166,303.50213284431646,293.59340786126904,301.7944641113281,3136178
2010-10-04,303.5865126164928,313.4952390699478,301.8999208797345,308.2246398925781,3647092
2010-10-05,309.0679137594984,316.1305161544119,308.85708980741146,313.8536071777344,3023730
2010-10-06,315.392603721228,320.2415541795089,310.2484946097222,312.20916748046875,2346064
2010-10-07,314.08548554677697,314.97093571448823,303.1647962231821,305.8844299316406,2312254
2010-10-08,307.40238617931624,308.6884070847067,292.6657874147216,297.2828369140625,5141872
2010-10-11,298.56883535205054,303.5021203946994,295.5751458804936,298.31585693359375,2266932
2010-10-12,298.94837002382366,303.0383599229819,297.2617783734777,301.6258239746094,2924386
2010-10-13,303.08050084463684,311.9140293647251,301.14093082775395,310.26959228515625,3440122
2010-10-14,310.33282120170554,313.7060040408545,299.3699769744714,302.84857177734375,3184188
2010-10-15,305.29417067866376,306.32721322753275,297.49368417527853,299.64410400390625,2345872
2010-10-18,305.2730824433316,305.2730824433316,290.0937579019505,295.6595153808594,4708334
2010-10-19,298.63201090784816,300.10777799316753,293.5089805889623,295.785888671875,4203720
2010-10-20,295.11141732522225,299.3278969227517,293.0453320282932,294.7740783691406,2898738
2010-10-21,295.5541111635448,301.4782592221699,294.3523991645983,300.5506286621094,4364822
2010-10-22,301.4782476558967,302.91186080602097,294.77403577052957,295.8281555175781,1825938
2010-10-25,296.62934427132507,303.6919477063566,295.61737885813596,301.351806640625,4055336
2010-10-26,303.2491838775329,307.1283498203756,301.47825749761057,302.30047607421875,4422230
2010-10-27,303.54429115900643,309.5738501407999,301.94200877425214,307.3601989746094,4016586
2010-10-28,309.06797304078646,311.8930196876837,304.1557637208274,309.08905029296875,6460580
2010-10-29,313.01033737747827,314.25420394521365,297.5147756115566,309.36309814453125,5639100
2010-11-01,313.7060078660103,325.0905000869542,311.95615895272795,323.1930847167969,7258484
2010-11-02,324.6688117592256,325.51210737418467,316.23585560963534,319.44036865234375,3010558
2010-11-03,320.17835136617776,324.66891219917557,317.50089725451846,320.4102783203125,3485120
2010-11-04,323.4249820433988,335.6106153475151,322.7292785238271,327.8312072753906,5243630
2010-11-08,336.64369221835034,336.64369221835034,326.50303967832394,327.5571594238281,2619186
2010-11-09,336.68588684775,336.68588684775,325.1538257514248,329.328125,3576570
2010-11-10,331.3730794909836,341.4715256379983,329.2648400890441,339.9957580566406,6669918
2010-11-11,340.2698834777278,348.5763529426551,340.2698834777278,343.0738525390625,5873120
2010-11-12,342.79976020916865,343.64305605224166,323.8256037400265,325.9971008300781,5882410
2010-11-15,326.27113838217826,338.92057532438224,323.08770189879266,337.2972412109375,2646680
2010-11-16,336.8966337499246,338.11942281486864,326.7770853018668,328.16851806640625,3866078
2010-11-18,332.1742566005159,332.1742566005159,320.4524484998288,329.0540771484375,3537676
2010-11-19,331.41526642453624,331.41526642453624,314.97099747980735,317.5008850097656,3235580
2010-11-22,318.7657924438388,325.51215842148616,309.6582086681524,323.21417236328125,3477512
2010-11-23,324.66884254475787,328.67449709563476,313.70599851077907,321.3589172363281,5636698
2010-11-24,324.6688567706822,336.4117395428611,323.8044837925822,330.84600830078125,5661098
2010-11-25,332.6801782784903,336.81232236732666,323.74123804966734,329.11724853515625,8334036
2010-11-26,331.79473268913654,332.89100690157767,316.3202500838182,319.377197265625,3213206
2010-11-29,320.45244680506374,326.69283141156626,313.0525303186745,324.8586730957031,2520902
2010-11-30,326.48187227219717,330.3610370114865,319.187370794761,322.6870422363281,3357116
2010-12-01,325.51214633834695,340.64931473293314,323.40390704859084,338.3724060058594,3998890
2010-12-02,341.5347518515595,343.55865634509297,329.55994285052856,332.91204833984375,4022968
2010-12-03,334.78839045589956,339.0048689251174,332.6801512212906,337.276123046875,4149926
2010-12-06,339.7638281971567,341.3239303700053,333.94509308591006,335.1257019042969,1695766
2010-12-07,334.8305989296036,339.55306072357615,334.3667965173498,337.7189025878906,2069200
2010-12-08,333.1018908990186,336.05342664116176,330.5720031200387,332.8067321777344,2744072
2010-12-09,333.10181460692104,334.36675820669416,316.65754780987055,320.5999450683594,3721616
2010-12-10,320.45240516430516,330.9725254545972,316.23592614898536,329.20159912109375,4954314
2010-12-13,333.10181583555647,333.10181583555647,320.15722113639714,323.9942321777344,5447910
2010-12-14,324.2472525521048,324.2472525521048,317.52196303805744,319.5458679199219,4415392
2010-12-15,319.25065188677667,324.37365737319664,315.0130707781241,317.4586486816406,5004014
2010-12-16,317.0791381847739,317.0791381847739,304.0080566904548,309.0467529296875,11975430
2010-12-20,309.86907977478455,318.25985829556373,305.694754896541,314.46502685546875,3900342
2010-12-21,314.5914473615789,319.52473230300717,314.5914473615789,317.9646301269531,1731572
2010-12-22,317.92249770189966,322.5184698328419,317.1635366740833,318.8501281738281,2135510
2010-12-23,321.50652973025933,321.50652973025933,313.7481979318104,316.8051452636719,1995952
2010-12-24,316.2358946333528,322.5606125260199,313.0946129329262,321.2113342285156,1476358
2010-12-27,320.536702245532,323.3617480010716,318.765776120019,320.515625,800846
2010-12-28,320.4524626869843,324.20513997837986,316.7630428863118,322.28662109375,1423448
2010-12-29,320.6843215775103,326.734984692767,318.0068675698922,325.9971008300781,2068256
2010-12-30,327.99995370233455,330.02385873441295,325.8284564451507,327.240966796875,4179444
2010-12-31,326.5030743047272,330.9514806907948,326.5030743047272,328.1264343261719,983276
2011-01-03,335.10462574300254,338.0350834209472,330.6562461129855,332.0687561035156,3674214
2011-01-04,331.87901367070674,333.9450984375,326.8614196783185,329.4123840332031,3201716
2011-01-05,329.4124164393037,332.68018761038155,322.64497290304365,325.1116027832031,2542148
2011-01-06,327.6203981272792,328.04204600131686,319.6090885205632,325.1959228515625,3362466
2011-01-07,322.2232986546114,322.9401051612231,308.6673097079389,312.1459045410156,5000746
2011-01-10,312.4410801082355,316.2359110407242,304.450847608871,307.1915588378906,2875516
2011-01-11,307.5921504613118,313.26332000002554,306.1163827757538,309.89013671875,2192548
2011-01-12,310.88097689539296,317.8803471472666,305.69471311648556,316.7629699707031,2933516
2011-01-13,315.0974615299454,320.1572361855377,309.3841377950746,311.0496520996094,2129098
2011-01-14,309.1099869477075,317.669457739238,307.6763998918132,311.8296203613281,3220780
2011-01-17,308.0348491074534,314.6336486276306,308.0348491074534,311.028564453125,2076858
2011-01-18,311.99838334881866,317.0581583855387,310.923186300585,314.718017578125,2953880
2011-01-19,314.54931739956817,322.897940247823,314.3384934602923,316.59429931640625,4056480
2011-01-20,316.826237132508,322.4552262105982,316.2359197880989,320.5788879394531,4019932
2011-01-21,317.2689246148184,327.030056739137,317.2689246148184,324.753173828125,4604140
2011-01-24,325.1326472858267,335.9690021927254,325.1326472858267,333.77642822265625,4429296
2011-01-25,333.5445875756058,336.77020451196506,323.19313611267376,325.217041015625,3060040
2011-01-27,327.9999687830774,327.9999687830774,305.90560468405204,309.29986572265625,7676224
2011-01-28,309.91122463507907,309.9323018842433,285.45564500401156,294.2680969238281,10172806
2011-01-31,286.2989070141962,302.65883941079574,285.45561126452253,300.7825012207031,4297722
2011-02-01,301.89987345884714,302.7431691947657,293.95182144195206,297.59906005859375,3566886
2011-02-02,302.2794582132603,303.54440219953085,291.99123683078597,295.385498046875,3056802
2011-02-03,292.6657741846917,300.1711268054159,292.6657741846917,297.53582763671875,2994606
2011-02-04,294.73188719062153,296.8401267270351,278.70926671387815,282.29327392578125,5693360
2011-02-07,286.2988918544062,287.4795006943661,279.67901542292793,282.166748046875,3711164
2011-02-08,286.0881044942858,286.0881044942858,263.17155107543306,264.66839599609375,6482610
2011-02-09,265.42737580412563,281.11268417583926,260.9579179751134,276.26373291015625,12804616
2011-02-10,276.1793847251987,279.0887656370531,270.86663128263876,275.16741943359375,3721688
2011-02-11,273.4597163621439,282.2932442377886,268.3156072872172,280.48016357421875,4956350
2011-02-14,280.4380371892576,290.7684118146421,280.4380371892576,286.76275634765625,4315510
2011-02-15,285.9194411687729,286.6362477720978,276.05289538857954,281.681884765625,3997940
2011-02-16,281.660802743548,281.660802743548,272.61644996347115,276.5166931152344,3476762
2011-02-17,278.2876290564724,283.9798760144457,273.45975519319603,282.3143615722656,4597826
2011-02-18,282.1245998785511,285.7929417592959,272.4478011521313,273.9024658203125,2956902
2011-02-21,274.07105851649504,275.77872688787636,267.74634178149904,274.4927062988281,2145022
2011-02-22,271.9207647468672,271.96291924640974,266.08092538075505,269.749267578125,2440704
2011-02-23,270.2763049528421,273.5651534385845,267.11394569052334,270.1076354980469,2637332
2011-02-24,267.4301502054388,269.8546253551136,255.53967562866058,259.7350769042969,6912314
2011-02-25,264.0990966103941,264.3731779821831,247.59160022065322,250.96478271484375,5959942
2011-02-28,250.24800432633444,270.9087494181464,246.6639975246936,259.6296691894531,11510142
2011-03-01,263.1083019850162,282.88359972001587,261.3373755745862,280.1007080078125,12328552
2011-03-03,277.02268775454024,285.41349178736306,275.52584276229675,283.2841491699219,7782578
2011-03-04,288.2173770739956,291.7803064837631,283.43168436438856,285.0971984863281,6034444
2011-03-07,282.5041389537389,282.5041389537389,273.29114113423816,279.0255432128906,2602778
2011-03-08,281.5975541740717,282.50410749973946,278.4562977461207,280.2693786621094,1915264
2011-03-09,280.54339327934315,284.0852455965017,279.97417896263767,282.12457275390625,3122696
2011-03-10,280.3537202586377,284.1907061453935,279.2363429447876,282.44085693359375,2917362
2011-03-11,280.1849955346593,280.73313259104464,274.7035735001212,276.72747802734375,2156372
2011-03-14,276.2848253565936,281.450012858491,275.2307054582472,278.8990478515625,2198460
2011-03-15,272.4688915301871,277.0226839271253,267.83076440203126,271.7099304199219,3620494
2011-03-16,274.07117901426375,279.38393311332345,272.84838961375254,278.28765869140625,2225270
2011-03-17,274.95659189682084,280.2904482540104,274.95659189682084,276.68536376953125,2150908
2011-03-18,277.44432899140054,279.5314913246513,263.36127828949174,266.10198974609375,3856988
2011-03-21,269.60163966915616,271.9207027932766,264.6683547853225,270.31842041015625,2360246
2011-03-22,271.54129255688326,277.00163891297746,269.85470067764794,275.7999267578125,1720280
2011-03-23,276.39019731520875,276.39019731520875,270.2552255424666,272.42669677734375,3843974
2011-03-24,274.071087109962,281.85049465268986,273.4386153704774,280.60662841796875,2991290
2011-03-25,288.6389898981592,288.6389898981592,279.53140791565033,283.9587097167969,3181136
2011-03-28,286.2567718270547,288.5969125431579,282.54624968996444,285.856201171875,2828276
2011-03-29,286.44650531951476,290.9370659798644,284.2961112129327,289.3980407714844,1930810
2011-03-30,290.59974388101296,300.2133110542193,290.59974388101296,299.34893798828125,4072464
2011-03-31,298.9483509308526,302.1528645677084,288.8498789222972,295.30108642578125,6478300
2011-04-01,295.3643337296477,301.8998757322309,293.95182365548493,299.8127136230469,2832206
2011-04-04,300.6349398295085,315.3926156977172,299.3910734306906,313.7060241699219,4891860
2011-04-05,315.7720628461996,315.7720628461996,306.58011977744246,309.2575988769531,2042660
2011-04-06,307.845137152817,312.44110979070564,303.01728904054977,306.3904724121094,1845794
2011-04-07,306.74887459926174,311.5556713819666,304.0081630049041,309.1944274902344,1816444
2011-04-08,309.06788422585566,310.54365174944434,304.00810985926597,307.5077819824219,1901040
2011-04-11,305.80015646706164,305.80015646706164,298.37916330884565,299.3700256347656,2295382
2011-04-13,298.52665201822913,308.9413581608484,296.39733570669256,307.3812561035156,2394120
2011-04-15,304.9779242054864,309.86905533933816,302.82753018647935,305.46282958984375,2141846
2011-04-18,305.6947588538796,311.76649953077174,303.27028318021087,304.4930725097656,2596894
2011-04-19,301.09874341589176,310.2063531438043,301.09874341589176,306.1163635253906,3549108
2011-04-20,309.86904644966125,324.6688771802325,309.0679051598837,321.82275390625,6623506
2011-04-21,321.8227685670512,326.6927967995423,317.75385592548787,322.4130859375,4247300
2011-04-25,323.2774494586973,328.4426362238172,320.45240338703195,323.7623291015625,2350256
2011-04-26,322.560666918664,323.8256107105019,315.41372934771044,319.0399169921875,2453096
2011-04-27,320.38914896443674,326.77712499229534,319.60911063762563,324.8375549316406,2958010
2011-04-28,323.44606043247484,326.62952233737786,320.70534936517856,324.7742614746094,2282926
2011-04-29,323.0244427618075,325.0905277459001,313.8114465303322,318.9344787597656,2145334
2011-05-02,321.29567267216703,322.8979294098152,310.92314550208476,312.71514892578125,2499470
2011-05-03,310.4383090002939,311.7454073756292,295.4065490071927,298.56890869140625,5306574
2011-05-04,299.37005685256287,300.5928462521568,288.5336989433649,296.819091796875,3456298
2011-05-05,297.68342725843297,301.18309979726314,288.8288210651935,291.9911804199219,2150516
2011-05-06,291.86472147115416,304.0081775060168,291.86472147115416,301.2253112792969,3179698
2011-05-09,303.5865314809926,305.2731233225537,297.0509880949435,299.4754638671875,2187694
2011-05-10,299.3911199976009,302.17401189251717,293.129658270899,294.9848937988281,2241276
2011-05-11,293.93067763006536,297.07195895707207,291.90677329207216,294.3523254394531,2494810
2011-05-12,293.0452330059706,297.4092776206284,288.82875483322283,290.6207580566406,2286104
2011-05-13,289.67207620961995,294.75292771222524,284.94961508941054,291.29541015625,3846000
2011-05-16,290.515330063486,290.515330063486,282.04021969829495,283.62139892578125,2942882
2011-05-17,283.1365221039205,288.3017080991149,280.4168884124437,282.7148742675781,2858850
2011-05-18,284.9496739722616,284.9496739722616,276.55889537015184,282.67279052734375,2545688
2011-05-19,285.83508220937233,287.88006394767234,283.3473496489723,285.0971984863281,1707394
2011-05-20,287.56383693589635,292.49712198347805,283.9798301705663,291.29541015625,1690740
2011-05-23,286.93137203588265,290.85269203199357,286.3621577124617,289.60882568359375,1464506
2011-05-24,287.6481894056394,290.9370377285454,284.4014955766723,289.7353515625,1631474
2011-05-25,291.78036535980505,291.78036535980505,286.0459638491847,287.2476501464844,1153150
2011-05-26,287.79577890851715,295.57518807847936,278.8779409576282,288.76556396484375,6743098
2011-05-27,287.24759222204847,298.4845174999909,287.24759222204847,297.2195739746094,3584940
2011-05-30,298.1050369906837,300.4030229745263,277.9713516776637,279.5736083984375,9630202
2011-05-31,281.23919307179665,286.72061662492007,273.62845243933737,283.38958740234375,12347424
2011-06-01,283.76904737650415,288.17527324435275,283.3895539580879,284.9707336425781,3062502
2011-06-02,282.0824335837851,282.35651500173367,277.02265899035393,278.9200744628906,3282586
2011-06-03,279.55255103786226,283.9587766349247,279.55255103786226,282.103515625,2481004
2011-06-06,279.55254360496144,280.3958393624425,275.4414767872414,277.275634765625,2586026
2011-06-07,276.17937724752716,281.11266287367425,275.79988383961364,280.0796203613281,2609038
2011-06-08,276.5588809222991,281.2180852895478,274.89336649183105,280.1007080078125,2801962
2011-06-09,278.3719805957943,282.2300438812678,278.3719805957943,280.58563232421875,2413294
2011-06-10,280.52233865542485,281.76620508945814,277.35997945127826,279.2152404785156,1625844
2011-06-13,279.7211890702597,282.71487845853244,277.4232031810601,280.0585021972656,2516510
2011-06-14,280.43801470224025,284.9918327194164,280.43801470224025,283.1998291015625,2332576
2011-06-15,281.74511639474184,286.65729871773084,279.59469678208507,280.33258056640625,1769380
2011-06-16,274.324077824247,280.69097572869794,274.324077824247,277.0647888183594,2926134
2011-06-17,275.4625704030101,278.287616505514,270.6346967574741,271.5834045410156,3508586
2011-06-20,272.80620381279607,272.80620381279607,260.030277003872,267.008544921875,4543106
2011-06-21,269.2643190661628,270.90875605072483,266.4814534226585,267.5144958496094,1609290
2011-06-22,269.5172948813352,274.3029874008471,267.43013300056145,273.52294921875,2835006
2011-06-23,271.8574760942918,276.6010148396362,270.95092283993256,275.52581787109375,2707678
2011-06-24,277.02270384660085,285.13942690451114,276.6221331460239,284.10638427734375,2583302
2011-06-27,282.2511215909071,295.8281637211183,280.8175084010276,292.3284912109375,7790954
2011-06-28,291.9911506496233,295.53300305994395,289.7142418522252,292.7290344238281,2618356
2011-06-29,293.46692410093743,297.1774202930759,290.5153889447499,291.5484313964844,2267666
2011-06-30,292.2441290267106,297.26174898455906,291.4430135132066,295.95465087890625,3799826
2011-07-01,300.1289096720088,300.1289096720088,290.2412632598278,291.6959533691406,2148088
2011-07-04,295.99673359500105,298.0838951969051,294.5420436460778,296.5027160644531,3128130
2011-07-05,297.62010453824894,304.76704026038107,296.1654401422164,302.40582275390625,3936710
2011-07-06,302.5323766024395,303.5864963815421,298.94836935349076,301.5625915527344,2583022
2011-07-07,302.3215379665304,306.95966476936417,301.1409290183326,306.17962646484375,2820428
2011-07-08,305.4416886317072,311.36583530772424,299.83375208279205,302.574462890625,3106930
2011-07-11,302.32155008384933,309.826877700368,300.3397997688665,306.4326171875,2753104
2011-07-12,302.02635440924007,305.6103611888417,295.1956539881073,296.5660095214844,2397508
2011-07-13,297.0720012199442,305.0200789988385,297.0720012199442,302.8696594238281,2142282
2011-07-14,304.6265997053109,309.7686999598111,301.2413732428019,306.4906005859375,2148456
2011-07-15,305.59064158238624,310.15423834375895,303.01959231263294,309.0187072753906,2097732
2011-07-18,307.5618924927188,308.5688767330847,301.8841564069947,302.8697204589844,1580096
2011-07-19,304.21950684575216,307.24048546786406,301.02711442283754,306.9619445800781,1537806
2011-07-20,307.49760741583555,308.44033109610797,301.66990382627665,302.376953125,1072138
2011-07-21,300.81285925961447,304.47660039157705,298.7131579000189,301.0914001464844,1179430
2011-07-22,303.76958152606903,311.0970638916391,302.31264266604876,310.3900146484375,1437780
2011-07-25,308.9544696731614,322.66673462398126,308.9544696731614,320.6527404785156,4088972
2011-07-26,320.3956254832096,322.8595479339937,305.7192178415825,307.5617980957031,4101922
2011-07-27,307.6689686061084,308.7402393881631,303.6624263428526,307.7975158691406,2394090
2011-07-28,303.81239875417026,311.28987416588774,300.8128405154126,306.85479736328125,3075146
2011-07-29,306.3834586724034,310.43286765769943,303.5553141309028,308.8473815917969,1922582
2011-08-01,310.4543466933759,315.2107796386411,310.4543466933759,313.2182312011719,3287918
2011-08-02,311.33272623956555,314.84649982501116,308.59028858205363,309.9829406738281,2828730
2011-08-03,306.5119993525476,308.5259937089623,300.577169518525,303.7695617675781,3104520
2011-08-04,302.6125918754478,304.1123710502654,289.9287294474032,291.1499938964844,5177722
2011-08-05,282.8154719432582,286.6720465606663,273.49541661785537,279.96588134765625,6048310
2011-08-08,274.6309271635487,291.34274765250944,271.0742880336709,286.3506164550781,5129658
2011-08-09,272.61697853508724,299.9558021266759,272.61697853508724,296.99908447265625,9495834
2011-08-10,304.2409325108629,314.3108788686168,301.73416909194543,312.9825134277344,7799668
2011-08-11,308.0974817175156,316.83906189685985,306.10490757023103,312.2111511230469,3592542
2011-08-12,314.39659080074983,318.33887296661106,312.8111046286663,317.07476806640625,5078270
2011-08-16,318.4245536998271,319.4958246060357,312.21118244381694,313.6681213378906,3883590
2011-08-17,311.4184265037105,312.8110785658186,305.8478182552781,308.1617736816406,3229408
2011-08-18,308.48314956808343,314.8679078340873,302.1840720426935,307.326171875,3242690
2011-08-19,301.51999107182087,311.7613276661391,301.51999107182087,307.8833312988281,3147054
2011-08-22,308.0975421420912,310.02582995800134,299.3774065917728,305.8692932128906,8068954
2011-08-23,306.38347874487795,308.0332254764897,296.76346078983573,303.9195556640625,6500122
2011-08-24,300.89854315246515,305.3121735533697,297.64186427545275,298.8631286621094,6351584
2011-08-25,301.96984158588714,303.1268193697866,295.6921837528912,298.84173583984375,6294038
2011-08-26,297.89895866870467,308.44025179535663,297.87753848572123,301.8197937011719,4514026
2011-08-29,303.1696782574092,317.95321733851256,303.1696782574092,314.2251892089844,4836220
2011-08-30,317.0961356391885,319.06726331802014,314.5679262582749,316.30340576171875,2773386
2011-09-02,320.5242032203525,329.9085453003306,317.4389382793959,327.8516845703125,6187726
2011-09-05,326.8232942087324,331.9653939435364,323.52377498141885,329.5443115234375,3614312
2011-09-06,326.52337896080695,342.80669707171336,326.2448380578061,341.64971923828125,9012384
2011-09-07,343.0423620293812,347.37031215356416,334.08655300664503,336.55047607421875,4960100
2011-09-08,339.7642904999576,341.49974413426463,334.6221901588554,338.8429870605469,3830148
2011-09-09,339.33574779244805,343.62083097632,337.6645548891091,339.1429138183594,3642282
2011-09-12,334.00083771907794,338.09308721950043,331.55833489998537,335.6934509277344,4443066
2011-09-13,336.7003336459778,340.8354484279144,328.0230421966224,335.0077209472656,2869218
2011-09-14,336.550482354266,344.6921413381724,335.67201927747914,339.9999694824219,5912254
2011-09-15,342.8067107447486,347.5203030174889,339.8285722143383,345.12066650390625,4934022
2011-09-16,347.3059424895647,349.4056434116472,339.8070479879393,341.3282470703125,5968350
2011-09-19,340.66409284851727,344.2421266325307,337.8359485770635,342.7637939453125,2746406
2011-09-20,343.96365054866743,351.1625854465931,341.62827485942205,348.9772033691406,4012450
2011-09-21,350.0484193324302,350.0484193324302,344.9920007782829,349.0199890136719,3835756
2011-09-22,344.28504779067566,346.34188269214934,333.636599330028,335.7577209472656,2594714
2011-09-23,333.16521681115444,337.66455414429544,330.3370723776661,332.3296203613281,3173724
2011-09-26,334.23652544598565,334.42935944148104,325.3235566649077,330.42279052734375,2782680
2011-09-27,334.2793198538638,343.4708282705098,333.6580037319249,341.8639221191406,2956338
2011-09-28,344.43500218685296,344.52070908659476,333.0795310540237,338.9286804199219,2325638
2011-09-29,337.3431820230435,353.048022743351,334.21507645199307,348.762939453125,7254578
2011-09-30,347.5202485410721,351.37682343240334,343.77080073005556,344.8420715332031,2838314
2011-10-03,342.8066862113723,350.6698041147159,341.15693949560995,347.26318359375,3996994
2011-10-04,344.6277605679884,348.377207760988,331.57967910553634,332.8652038574219,4014422
2011-10-05,333.6365652516945,340.62127174408545,332.8009949565589,336.0576477050781,3639250
2011-10-07,341.606920484232,344.8635740415744,338.9501630274113,341.22125244140625,2772016
2011-10-10,339.37860497767304,347.52026343042024,339.37860497767304,345.741943359375,2818386
2011-10-11,349.2342869336243,349.2342869336243,340.25703224114176,342.2710266113281,2135540
2011-10-12,342.4210105322266,347.58455705050017,335.60774348934086,346.08477783203125,4914106
2011-10-13,349.2342699060247,349.2342699060247,339.93563442127083,342.3352966308594,3727320
2011-10-14,340.06423635479155,346.68469598746367,340.06423635479155,345.227783203125,1481590
2011-10-17,347.73453666525086,351.1411833828049,346.3204642977968,348.2701721191406,1791178
2011-10-18,343.7065218458096,346.9417806682341,341.49971963352414,346.0204772949219,1492326
2011-10-19,347.3059966014011,350.3055548693959,346.17043908117404,347.2845764160156,1428572
2011-10-20,345.3777262332551,349.23430134007805,337.0218135018054,343.4922790527344,2275984
2011-10-21,344.392107712956,347.3059587679185,340.6640804694574,343.68505859375,1188030
2011-10-24,348.5486606866487,349.2342635030631,346.2347054116258,347.0274353027344,1664082
2011-10-25,349.0200723179235,367.89586105347365,346.6632762494784,365.8818664550781,5349704
2011-10-28,372.05236624466284,375.9303614912615,367.89583011540503,373.0165100097656,3443196
2011-10-31,374.9448084461627,374.9448084461627,364.7248947004313,370.8096923828125,1811934
2011-11-01,368.17436440557213,369.8026908377744,356.4332256369267,357.3973693847656,4103788
2011-11-02,356.30471318413856,364.18927773186397,355.5334033413139,360.1827087402344,2495188
2011-11-03,359.3900035590177,362.3681421967499,354.3978701922675,359.8185119628906,2305300
2011-11-04,363.71783758593847,364.10350551520946,356.2189423817759,358.3829040527344,1904518
2011-11-08,359.94703932207995,362.7323437930246,355.74766242747086,358.0830383300781,1590322
2011-11-09,359.1970931988067,359.94698274619464,347.091733362402,348.37725830078125,1893452
2011-11-11,348.3773179249672,363.1394370580151,345.29205231400465,360.5469665527344,6495974
2011-11-14,362.51803366875345,364.53202797550534,335.1792084645011,338.97149658203125,9510898
2011-11-15,338.8643723769965,340.5998258327168,322.4739292263911,325.3449401855469,4986120
2011-11-16,327.0590104463215,334.5364866660501,323.588103142324,332.20111083984375,4285388
2011-11-17,331.1940866032767,333.67942959554625,323.35236352787507,325.00213623046875,2966038
2011-11-18,322.6667883730573,324.723623227489,309.61870385145943,316.2177429199219,5070078
2011-11-21,313.23962111697557,318.98164378512763,305.0979620181759,308.1832275390625,4154262
2011-11-22,310.711468606832,313.23967893952187,301.24144226331583,304.0910339355469,4577000
2011-11-23,302.95543623566357,302.95543623566357,291.8999248400573,298.6917724609375,4107174
2011-11-24,298.28464690031,308.2689122087624,294.17097727190264,305.6335754394531,7212078
2011-11-25,303.38392284292036,310.64714487061036,298.54178354248535,302.634033203125,3705350
2011-11-28,306.8548172039684,309.9615027235545,301.02711413920207,305.80499267578125,3189574
2011-11-29,308.4831824224686,312.68255916861733,303.4267627922522,310.9256591796875,4674526
2011-11-30,308.868825187652,313.66812412086273,301.4984760567293,310.7542724609375,4627892
2011-12-01,321.1670338963775,323.5238300090261,310.83999230076626,312.7682800292969,5409808
2011-12-02,314.3751117982235,322.28106868408656,309.0615986356157,321.3169250488281,3532738
2011-12-05,320.09576622712774,324.3808501123637,318.12463810154975,320.9099426269531,1883908
2011-12-07,322.23825611906136,326.93042744629037,321.59549364010047,324.7021789550781,3888496
2011-12-08,324.723648253741,325.5378246451955,309.66159424444197,312.7682800292969,3485446
2011-12-09,306.469159950531,308.46170797375675,298.75601008342403,301.3484802246094,4894924
2011-12-12,303.2339592413291,305.0122532887775,291.8142006909842,292.7355041503906,4268204
2011-12-13,290.95715514875513,302.52688002212244,289.28596220541743,300.38433837890625,4201860
2011-12-14,299.20584989323703,301.88402613646326,287.82896244282483,289.6929626464844,4515986
2011-12-15,285.0651821135451,289.0288843826925,282.38700490466175,284.8937683105469,5525220
2011-12-16,284.3152730113085,295.02798111271426,277.67339398843694,282.8369140625,4902920
2011-12-19,282.04423172879433,284.700989017172,275.4237717738924,279.5160217285156,3498620
2011-12-20,281.1015237704165,282.129954440964,270.90302859614695,278.4661865234375,5168588
2011-12-21,283.9938607215437,298.670269216018,281.4228110582781,295.8206787109375,5175216
2011-12-22,288.08618047147803,298.2418343727445,288.08618047147803,296.84918212890625,2821650
2011-12-23,302.52688066406813,303.06251607600876,296.527764050333,298.43463134765625,2892840
2011-12-26,297.191978751848,302.52691326041406,297.02059109400426,300.7271728515625,1813534
2011-12-27,300.38439010344706,304.8837283289623,296.9349026947008,301.4770812988281,2188960
2011-12-28,302.0126699788794,303.38390188487995,292.82116094095926,294.556640625,2258932
2011-12-29,293.4424731576443,298.6274391837612,290.250081151138,294.0852355957031,3281970
2011-12-30,294.25665302295374,297.5990125114911,289.39306815555744,292.1569519042969,2626542
2012-01-02,294.7279841153819,296.52772408776895,287.01483522292546,288.8145751953125,3061024
2012-01-03,290.7428843611657,291.3856468173805,280.9086135502648,284.700927734375,6255640
2012-01-04,285.8150386406366,286.05071297691734,272.5741215913084,273.8382263183594,7171646
2012-01-05,274.24535615558983,279.25890930362425,269.1460961029417,278.5947265625,8515844
2012-01-06,276.8163841602778,282.3869925102524,273.6454120225091,280.9300537109375,4451408
2012-01-09,280.18014271927944,281.03715932302924,274.0096388647235,279.83734130859375,2521148
2012-01-10,282.34417409447224,297.6419019065171,281.38003026661687,295.3279724121094,4719090
2012-01-11,296.3135230801444,296.74203142877803,286.71492560912185,291.53564453125,4350152
2012-01-12,290.52865929784303,295.22083092882207,287.9576092155612,293.95672607421875,3569874
2012-01-13,295.67071983844085,299.39874718895703,292.2426535214734,296.6777038574219,2929640
2012-01-16,294.2566481684882,296.056388218493,292.1569470844709,294.7279968261719,2980790
2012-01-17,297.5990667615295,303.8124382057947,295.67077907193,302.3554992675781,4886072
2012-01-18,303.3839358106978,304.09098510578536,288.38614237372826,293.12115478515625,5468830
2012-01-19,296.9563032459057,298.541789460862,287.2720244530518,288.3647155761719,6062714
2012-01-20,290.44296763464524,290.9143425335702,276.8378269021602,281.5299987792969,9640546
2012-01-23,280.90865560081494,285.6865343688636,280.3301797652553,283.4797058105469,4112980
2012-01-24,284.95806788227645,295.3493959215926,281.53000090023403,293.7210693359375,5084102
2012-01-25,296.69913822345745,296.69913822345745,291.9641008909469,294.1709289550781,2870504
2012-01-27,297.3633770632593,302.0555487636545,284.9580550019101,299.9986877441406,5635446
2012-01-30,298.24180310944354,299.848709376197,283.0297571175107,285.0008850097656,4371634
2012-01-31,288.72894287109375,290.97861187901157,284.57240633041135,288.72894287109375,4152954
2012-02-01,289.02890126179483,299.9558649121666,288.6003928833489,295.1994323730469,12111934
2012-02-02,299.91298623922614,304.6694181709838,296.0135448008531,300.2129211425781,10285782
2012-02-03,301.2413198569401,307.561816966314,298.4988564122618,304.58367919921875,8194784
2012-02-06,309.68298391225426,310.21861933961253,300.64144220600303,304.3266296386719,4730274
2012-02-07,308.9545082556982,308.9545082556982,293.6567555287277,295.5207824707031,8966772
2012-02-08,291.38566194955854,298.97026455758953,287.95759533838725,294.3638000488281,8695042
2012-02-09,295.24223072132764,302.95538043538266,292.2426724991952,300.8342590332031,5032290
2012-02-10,300.3843703043726,305.0979624204184,293.2282752246516,296.3349609375,4776944
2012-02-13,297.727554833465,303.7695374184034,296.5920235567502,302.1840515136719,2724396
2012-02-14,302.09837134919695,308.5259962715203,301.66986302104203,307.3690185546875,4696856
2012-02-15,310.66852359066365,321.6811923473815,310.66852359066365,314.7607727050781,9761694
2012-02-16,314.43941742085076,315.68210207938654,305.35503530230733,310.34716796875,4193388
2012-02-17,314.9107381407866,322.53818011733296,312.81103715578445,320.7812805175781,6917376
2012-02-21,321.1027509050671,329.651498498284,316.34631824776756,326.7804870605469,5670406
2012-02-22,327.1875380527502,328.4088025152266,315.38213850658605,318.2959899902344,4938240
2012-02-23,316.23915835092544,319.3458438496303,307.6689914579464,310.0257873535156,4393892
2012-02-24,312.8110930380791,316.8176356174167,308.5688499448372,312.7896728515625,2994266
2012-02-27,314.0965913182805,314.0965913182805,296.1849491860605,298.52032470703125,2938314
2012-02-28,300.70569298049736,304.6693946692321,298.88453274513273,301.7126770019531,4424346
2012-02-29,304.2408919310119,307.62611795074594,295.24221766262986,304.1766052246094,3214850
2012-03-01,301.32703667419287,303.7695391735326,286.5649207590437,292.1355285644531,6435950
2012-03-02,293.0353632998176,295.2636114838514,288.90027428099467,291.36419677734375,6605184
2012-03-05,289.2431263142149,293.0139944338671,286.52210884681415,289.3716735839844,5459590
2012-03-06,289.24314213614707,296.4849438601486,287.5291087012662,291.87847900390625,4574076
2012-03-07,291.38563817232045,292.3497818280377,285.92215745658945,289.20025634765625,4784326
2012-03-09,293.4425154674464,293.48538199527337,283.24402187726446,290.0787353515625,5623564
2012-03-12,293.52819873922584,293.6567460042096,283.45825323503345,284.4438171386719,4873620
2012-03-13,285.6221929595692,286.37208246048164,279.62307695226986,281.5727844238281,5793622
2012-03-14,284.1653220899147,292.2855343798893,282.9440576028679,286.6506652832031,6638430
2012-03-15,287.01482054353835,287.01482054353835,280.99428486343874,281.7655944824219,3179316
2012-03-16,280.5873131413196,298.92746861045407,278.5304779198045,290.5072937011719,12535248
2012-03-19,293.09968498439764,299.0345146353916,292.75688356610743,296.0992431640625,7740356
2012-03-20,294.8137695381158,299.4416548756314,291.55711626647644,294.2567138671875,6035234
2012-03-21,293.4853721612474,300.7700139321534,293.0139972953918,299.784423828125,3251422
2012-03-22,298.8417316921837,302.3554792147097,290.95716764489,293.95672607421875,6251682
2012-03-23,293.9566839863629,297.8132585576126,289.1788061392422,294.7065734863281,2853048
2012-03-26,293.1211609204105,294.8137743031114,288.857497180415,292.0070495605469,4061450
2012-03-27,296.95628928542084,296.95628928542084,290.3358299861215,293.4853820800781,3221298
2012-03-28,291.8570389667673,297.2133935664662,290.1215853072798,291.92132568359375,2987300
2012-03-29,289.24312657197305,292.8854474251016,288.17185573281756,291.1499938964844,4167620
2012-03-30,291.8141693522455,302.0983691532057,290.1001360520854,300.0415344238281,2895548
2012-04-02,303.23400593885515,305.91218367040693,299.1203092507439,304.51953125,2880294
2012-04-03,306.04061411741543,306.51196275656514,301.262736406998,302.783935546875,1912026
2012-04-04,300.38435451472543,302.0769677346033,297.3847960530948,299.01312255859375,1830792
2012-04-09,296.5277332295724,298.49886087900796,291.85698246129357,292.9282531738281,1092178
2012-04-10,294.5994544724582,298.11322774207116,292.2426588366785,297.5133056640625,1845300
2012-04-11,295.670769280258,300.38436125429115,294.25669691886304,297.57763671875,3426258
2012-04-12,296.7848285314248,300.684269627905,295.670717449042,297.9632263183594,1932496
2012-04-13,299.09883787505726,304.5623195124598,295.6921911526854,296.4635009765625,2321388
2012-04-16,295.242254282225,296.4420724360114,291.4713860185789,293.9781494140625,1683990
2012-04-17,292.6711960268291,296.52777108428364,290.78574887044414,293.2711181640625,2902502
2012-04-18,294.3851552838571,297.5989670227638,294.0637741099664,296.6134033203125,2327608
2012-04-19,299.48443964188374,304.0266168312944,296.7419762588744,302.76251220703125,2832348
2012-04-20,302.0983774201601,312.53254495878735,301.9912503359685,311.2898864746094,6215068
2012-04-23,310.668533138777,314.4394011377849,303.4053118573387,306.2120361328125,3264910
2012-04-24,305.9978042200525,308.3331799732244,299.3773710936942,307.13336181640625,3191268
2012-04-25,304.455199604404,306.70486856699813,300.0415685847964,301.36993408203125,1762188
2012-04-26,303.7267123775401,305.8692541213913,299.99868451242406,301.6055908203125,4072598
2012-04-27,302.3126501041704,309.3830380938498,302.3126501041704,305.3764953613281,2831972
2012-04-30,307.9689365521008,309.2330413340462,300.94138960282874,304.2623291015625,2939768
2012-05-02,306.38349361139774,308.933123719119,304.7551669880545,306.5977478027344,3507106
2012-05-03,305.012264007173,306.38349607356224,300.5557924840033,302.376953125,1710010
2012-05-04,299.4201994856008,301.00568555805654,292.114137594799,294.4066467285156,4106908
2012-05-07,291.3857227270154,299.5273826267408,286.69355034346324,295.6708068847656,4231810
2012-05-08,297.5989965122511,299.52728374667174,288.8788635915545,289.95013427734375,1865514
2012-05-09,286.3292195556803,288.2146401742682,277.6733476242347,280.80145263671875,3109084
2012-05-10,280.07302640018776,290.1001315107862,279.83735205591955,283.1368713378906,4236132
2012-05-11,280.24440748656934,283.67247363319404,275.10230826663224,280.6943359375,3522152
2012-05-14,281.10145363827684,287.05772965718,280.5015315377859,281.48712158203125,2372118
2012-05-15,278.63758297854537,282.7298329071996,277.86627310076955,280.6301574707031,2234486
2012-05-16,274.24534393674844,282.38700258487063,274.1810572226336,281.2943115234375,2914242
2012-05-17,283.58678230012526,284.7437599188716,271.31003543173136,272.809814453125,2643030
2012-05-18,269.1031966549937,278.2947043830204,266.14647909636045,274.86663818359375,2309952
2012-05-21,272.6384616679316,280.20164517229534,272.6384616679316,277.37347412109375,858272
2012-05-22,279.0233005906099,281.1015562076467,272.2742921908074,273.58123779296875,1468180
2012-05-23,273.58115806950565,277.7591144328501,271.65287051719287,276.2379150390625,3469116
2012-05-24,277.8876681260431,281.44428224055764,271.7171373544441,279.6874084472656,2953242
2012-05-25,278.53042917669853,279.1303513319396,272.53131224058507,273.5168762207031,2175892
2012-05-28,274.39526061370174,281.10142551013683,274.39526061370174,280.2015686035156,1574674
2012-05-29,281.3371522630844,283.1154723791192,279.5159917736334,280.82293701171875,1766542
2012-05-30,280.6729917344938,284.01535190143284,277.4591788520378,281.7442626953125,5021358
2012-05-31,280.5015785381243,281.7442633170467,277.69485384540087,279.6445617675781,4402734
2012-06-01,278.5304647867417,280.5872999112744,273.8168723057353,276.45220947265625,4479520
2012-06-04,274.20254866390195,278.74472745831696,272.6384824678773,278.4661865234375,1616758
2012-06-05,279.38745890905403,281.9156687687876,278.53044216393425,280.56585693359375,1559474
2012-06-06,282.8369818166652,289.67169645344615,281.35862251371276,289.05035400390625,3074456
2012-06-07,289.52166614631113,296.4634802294788,285.38655026418724,295.0494079589844,2676424
2012-06-08,297.3847975404436,297.3847975404436,290.0144486241884,295.11370849609375,2526222
2012-06-11,296.9562487065397,298.34890066656317,289.6287673169677,291.17138671875,1463296
2012-06-12,289.2431392595805,299.7630141307252,288.94317818064457,298.0489807128906,1418462
2012-06-13,295.71360591054565,296.20640098140314,289.43597418978595,292.8426208496094,2947442
2012-06-14,293.44251947882407,297.3848016187054,290.357254058305,291.5570983886719,1816126
2012-06-15,293.95666246191587,300.34144591287634,292.71397806276735,299.2915954589844,3654156
2012-06-18,301.24139652201325,304.19811485846867,293.20686425346736,297.0205993652344,2109428
2012-06-19,296.0992457472376,299.9558205833087,295.69215761706016,298.07037353515625,1827626
2012-06-20,299.5272903592154,300.962782648236,296.74198651467333,297.44903564453125,1814974
2012-06-21,295.3064936330002,298.67027319226065,292.58545034404335,297.7704162597656,1907932
2012-06-22,294.8137459431257,301.58417266856287,294.8137459431257,299.01312255859375,1818590
2012-06-25,300.55573459919304,303.1696247894595,294.04240315382077,295.2636413574219,1954370
2012-06-26,294.8137810313417,298.67035665529824,294.04247113736585,296.9134826660156,1082318
2012-06-27,298.6702981381545,300.3414910427372,293.6781657635995,296.78485107421875,1390402
2012-06-28,298.67033998418873,300.6200478766563,293.5282394392673,296.35638427734375,3097968
2012-06-29,299.95581477553907,305.4407158720489,299.6130133608956,303.0625,2685552
2012-07-02,303.8123668884673,307.6689413623688,300.42714105530365,306.340576171875,2416424
2012-07-03,308.0974778342663,309.2758756980274,305.5264279496966,307.6261291503906,1505186
2012-07-04,308.52600541098263,311.8255248663315,306.9619395052559,307.9046630859375,2751392
2012-07-05,307.24045721803606,311.09703199483147,306.983362694545,309.4044189453125,1825486
2012-07-06,309.4043911610576,314.31081608397994,309.4043911610576,313.4752197265625,3759414
2012-07-09,312.1254901451046,315.789231277955,311.3113138248828,312.7896728515625,3393804
2012-07-10,312.81110330593367,315.8106618307851,312.81110330593367,314.3108825683594,2954326
2012-07-11,312.33972988287326,316.64623333662934,311.95406192710357,313.0467529296875,3768838
2012-07-12,313.8968987888358,315.5317784700277,312.15302712889786,313.2647399902344,3151010
2012-07-13,313.2647594483627,316.0767579965511,312.4146166394632,313.8315124511719,1269456
2012-07-16,313.89688588041787,317.38462905686697,312.2184201204992,312.8941650390625,1963240
2012-07-17,314.3547141370576,316.14219886321433,306.57269615263743,308.70892333984375,1562276
2012-07-18,309.951356154219,310.8014988051915,302.5616955870988,308.9704284667969,1580934
2012-07-19,311.71709512029895,313.003205939523,308.03316049245717,309.6026611328125,1723084
2012-07-20,308.22936944084455,310.53999446979924,305.1775935057867,306.5509033203125,834062
2012-07-23,304.30562346304157,307.79336699843464,301.25384786957267,301.71160888671875,900332
2012-07-24,302.3437646582245,304.98136535824244,297.7661013144446,299.0740051269531,1064264
2012-07-25,299.07403145638875,299.59719834932423,294.3219698755043,297.15576171875,942334
2012-07-26,299.46642347606024,299.46642347606024,295.6952897124976,297.3301696777344,2302232
2012-07-27,303.3464985476807,303.3901113089163,297.264740237907,299.7061767578125,1823968
2012-07-30,301.03583216389956,309.10123823925386,300.09849054382715,308.0331115722656,1779854
2012-07-31,307.46636512967393,310.40914848965303,300.88326040517194,305.548095703125,3136338
2012-08-01,307.13937350834124,309.4717910381493,302.5617107378124,304.7197570800781,1908952
2012-08-02,302.9976767417965,304.4145723524596,300.8614234850497,303.2592468261719,983320
2012-08-03,301.25384885580917,301.31925469106045,296.78517743645745,298.55084228515625,1255444
2012-08-06,301.38461751052614,303.7824410684289,299.59715968383756,303.0412902832031,1329338
2012-08-07,303.54271042506406,305.4391605214925,301.25387849726286,303.8914794921875,2100568
2012-08-08,305.39554205205644,317.5590582250732,305.1339719317347,315.07403564453125,5686870
2012-08-09,317.7770832208398,328.02233113627625,317.60268537852926,323.9460144042969,4783322
2012-08-10,323.48817058515596,324.57809029737007,319.8260297083693,322.4200439453125,1679326
2012-08-13,321.7443767091886,323.27026467461155,318.2566327882218,322.52911376953125,1361920
2012-08-14,320.5454459537565,327.6299253781,320.5454459537565,326.322021484375,1339482
2012-08-16,326.1039707943623,335.2592961776264,326.1039707943623,333.6462097167969,2828960
2012-08-17,333.9513835349856,339.4009818302693,331.37916249586505,335.411865234375,1961664
2012-08-21,335.6952534141966,343.49908878016936,333.90779582547805,342.47454833984375,1506570
2012-08-22,340.8834096597645,345.06869205931065,340.0768528472533,342.6708679199219,1044364
2012-08-23,343.1067078670799,344.34920563174643,335.2592863402598,336.15301513671875,1259146
2012-08-24,333.5154266865613,333.5154266865613,328.82877199782854,332.18572998046875,2275312
2012-08-27,333.51543384593924,339.2048094543787,333.51543384593924,337.2211608886719,1508728
2012-08-28,337.0467439331777,339.18299710366983,333.51541488985526,336.15301513671875,1048902
2012-08-29,336.5671488349189,338.65978899803014,331.8804948841736,336.4799499511719,1309932
2012-08-30,335.2593872781862,341.12316211747543,333.12313346452333,336.5672912597656,3828734
2012-08-31,334.9323797731826,337.72258531513955,330.76889114538716,332.7089538574219,1468502
2012-09-03,335.23754891093,337.7225714620878,328.5672448278851,330.13671875,1345712
2012-09-04,329.9405625210252,334.08225833829204,327.4119535544633,332.0550231933594,1245912
2012-09-05,330.59441312379676,332.38189726247066,325.7551806648832,329.22113037109375,968164
2012-09-06,327.1939841815138,332.3384012624927,323.64083433579265,330.94329833984375,1654206
2012-09-07,335.6517299884653,337.54817989693066,331.7716046516813,332.9923095703125,1811974
2012-09-10,333.07945639253364,337.7007052222957,331.11760095566666,334.1475830078125,1164884
2012-09-11,331.3792104887613,333.95143190041085,330.0713067084725,332.3819580078125,1447586
2012-09-12,333.9513701930365,334.7797197445723,330.2892296411682,332.6216735839844,1347052
2012-09-13,331.4228201461768,332.4255410464757,327.84787785829474,329.4827575683594,1089010
2012-09-14,331.3356356330022,343.3683401780311,331.3356356330022,338.83428955078125,3792260
2012-09-17,344.3274862688374,346.79071586357077,338.8778868197567,345.28662109375,3300546
2012-09-18,344.39282453669637,351.8260714049777,344.3492117840371,348.0113525390625,3457900
2012-09-20,342.77981310958336,349.88608563023496,340.46918821272243,342.0604553222656,2666092
2012-09-21,346.0931411462814,359.1503863700407,344.63265917996944,352.65447998046875,6069858
2012-09-24,354.00601753849736,368.0877786778212,354.00601753849736,365.82073974609375,4341418
2012-09-25,367.2157976834317,371.6408830042597,362.289365187474,368.8506774902344,3054860
2012-09-26,367.63004094878715,374.80172035735984,365.2758029452695,370.4856262207031,4493424
2012-09-27,371.40104479285196,379.2702596451672,368.39285579996914,371.5318298339844,5886478
2012-09-28,372.20762165650416,380.3820203751682,372.20762165650416,376.9814758300781,3832424
2012-10-01,376.6763208194011,380.16406453069186,374.32208317053073,376.52374267578125,2716792
2012-10-03,377.4174340509297,382.27846039826704,376.63269711600316,379.2485046386719,2673908
2012-10-04,380.1639816151547,382.10404395329806,372.33835304787755,374.2566223144531,1898630
2012-10-05,375.3683663775375,383.65175657634495,375.3683663775375,378.8561096191406,4792872
2012-10-08,378.85613882737624,379.8152736146363,374.9978332126411,377.4174499511719,1666914
2012-10-09,379.29209787842444,381.7117145602575,376.1749165452156,378.9433288574219,1765936
2012-10-10,375.3683659604193,377.24302262882395,370.13675110382803,371.3356628417969,1328716
2012-10-11,371.8806675273149,373.9733084002014,367.455582117561,370.725341796875,2012474
2012-10-12,370.5726772432831,375.8042915102471,370.5726772432831,372.40374755859375,973046
2012-10-15,373.1885499754152,376.2403255009151,371.24848735518754,374.06048583984375,1343426
2012-10-16,374.9323747928986,377.4173970174692,358.80156331925065,359.86968994140625,2984004
2012-10-17,363.51003789041,363.64082294148363,357.05771814687034,360.39288330078125,3836722
2012-10-18,361.96236089911764,366.4528250951731,359.0195774771736,364.94873046875,2435976
2012-10-19,365.34111335534425,365.3846995031662,357.92965878846974,359.1285705566406,1913796
2012-10-22,358.2566183491167,366.01684157195155,357.10129278157837,363.8587951660156,2247784
2012-10-23,365.77705763100795,365.7988507035104,359.41193711693313,361.24298095703125,1399528
2012-10-25,363.05233201565983,376.39294143757144,361.2648739578011,374.0169372558594,6681196
2012-10-29,384.91605267941605,392.24030775645434,384.91605267941605,387.5100402832031,2671916
2012-10-30,389.07958408848685,391.9351687054567,378.1585927740187,380.8833923339844,2421606
2012-10-31,381.907923418322,387.5755067567218,381.907923418322,385.59185791015625,2219132
2012-11-01,386.70346115059345,394.0713280439953,383.4337024599176,392.2838439941406,2708222
2012-11-02,396.68723767117575,401.52647114217,395.1395302028376,399.9787902832031,3453854
2012-11-05,400.2185509067391,401.0469005992048,395.1613336741057,396.94879150390625,1085646
2012-11-06,394.9869065432662,401.4828387184645,393.7662017786926,398.8888244628906,1427522
2012-11-07,398.9106652964951,404.57824851928683,397.60276147585085,400.9161071777344,1838264
2012-11-08,396.7962279679714,402.6163892753061,395.94608517009624,398.5182800292969,1368402
2012-11-09,398.5182355486027,402.79074213604804,395.24847639047715,396.4692077636719,1026656
2012-11-12,398.03870371056826,400.0441454622954,392.39291392752034,394.8125305175781,1190764
2012-11-15,393.243093276392,394.59458328581036,388.07688368142107,393.09051513671875,1550830
2012-11-16,391.4991883474134,397.47195411512206,388.4909990849604,389.9515075683594,1580698
2012-11-19,390.1912896087981,398.2131100053975,390.1912896087981,396.2076416015625,2597128
2012-11-20,397.90791702595203,410.85616928286606,397.90791702595203,409.1558837890625,5080080
2012-11-21,411.0305101231149,414.56186590110747,408.13133969956573,411.5754699707031,3204064
2012-11-22,412.4692497546531,418.09324672029067,409.67907095592744,416.501953125,2460064
2012-11-23,416.4583169237974,417.4610377248495,413.0359797132112,415.9351501464844,1261182
2012-11-26,417.52645798078703,418.81256859173226,401.11225610533023,401.98419189453125,4127288
2012-11-27,404.68721829547843,408.50193756300916,402.1804027768153,404.7308044433594,3183710
2012-11-29,405.014228563093,411.09598683271247,402.02785872712474,407.1504821777344,4789062
2012-11-30,407.1940802601348,414.60553568242847,403.2703685659793,412.8616638183594,2966406
2012-12-03,414.1259179716499,420.9270065534159,413.7117431456584,417.5046691894531,2507742
2012-12-04,415.91346909401966,417.2213730848814,408.3712280685922,409.2431640625,1401692
2012-12-05,410.35479675410556,412.8180260981569,404.70900697755366,405.4937438964844,2058044
2012-12-06,407.4120515967707,408.93793943046643,398.4311224193387,404.9488220214844,3167508
2012-12-07,405.66816372953394,413.9079683490891,405.66816372953394,409.4610900878906,2634598
2012-12-10,410.68178700536356,410.68178700536356,402.7035792675793,405.1449890136719,1422454
2012-12-11,405.47200210915156,407.5428499509852,402.6600034020503,405.3412170410156,1873574
2012-12-12,406.4746776494841,416.04417877018517,406.4746776494841,413.9515380859375,5889234
2012-12-13,414.19127805801367,417.1340612408085,408.5454887039634,410.8343200683594,2166214
2012-12-14,409.8098210896119,416.3057533655244,409.8098210896119,415.08502197265625,2395326
2012-12-17,409.80989320611496,421.8208054989514,409.80989320611496,418.63824462890625,2935890
2012-12-18,421.3629385126972,424.41471354589834,419.88063713853865,421.6681213378906,2785784
2012-12-19,425.06874336684047,425.5047113087552,420.27309600577865,422.0169677734375,1671612
2012-12-20,423.32489474213344,423.32489474213344,413.34121768273565,415.5428771972656,1357158
2012-12-21,414.6054727941264,415.0414406940151,407.3465966172325,408.74169921875,1244612
2012-12-24,412.42566091962624,413.3411829269681,407.6300136996306,408.78533935546875,1253242
2012-12-26,408.8071754551796,414.16957622548756,408.8071754551796,411.837158203125,856308
2012-12-27,411.85893942962105,414.910715166632,403.3139514003668,405.602783203125,2413928
2012-12-28,407.62999363111396,408.9378973539945,401.13406116372596,403.0959167480469,1286474
2012-12-31,402.8343901666611,407.34664785432443,402.8343901666611,406.1695556640625,854622
2013-01-01,408.5019333200307,411.5537087023575,407.58641134908044,410.5945739746094,770220
2013-01-02,411.989729563399,413.23222762785684,406.9760979337915,409.19952392578125,2060272
2013-01-03,411.11776470413395,411.11776470413395,406.3657035457778,408.2403869628906,1902904
2013-01-04,406.60551420080947,411.4229546670716,405.1667986960406,410.3548278808594,1914216
2013-01-07,413.2104084147873,417.5482947418101,409.78807072784076,415.97882080078125,2523912
2013-01-08,417.2212719655391,420.03327018624003,415.1722175545974,417.78802490234375,1769202
2013-01-09,417.6572097457028,424.98146446947436,417.19944881472327,420.4692077636719,2354020
2013-01-10,422.80167450685434,424.6327450538062,415.86980069182357,419.095947265625,1518936
2013-01-11,419.967918032965,420.7090688647565,405.38478488360244,408.89434814453125,1949538
2013-01-14,407.8697513812226,413.5155408400265,405.90789588962525,407.6299743652344,1252832
2013-01-15,410.85618481981464,412.534650694082,404.3166659184554,405.1449890136719,2584822
2013-01-16,405.49377209183393,405.8861538832677,391.4992118014763,392.67633056640625,2349322
2013-01-17,392.4800954734941,396.2948145353026,388.8833603580747,392.7852783203125,2400242
2013-01-18,394.22399268570115,394.5509686265519,377.8316094947991,386.267578125,5929114
2013-01-21,386.311162938276,388.0550346167865,379.81525690144673,384.5672912597656,1726676
2013-01-22,383.6517485278416,390.5182428906979,383.6517485278416,385.2430419921875,1464620
2013-01-23,385.41747521030186,389.88614686400336,381.66816134460396,384.501953125,1853356
2013-01-24,384.45822719794006,385.78795039099106,371.00863004283593,382.4745788574219,2272096
2013-01-25,383.6518048261578,394.2894336946321,378.2022053257862,393.0251159667969,2626786
2013-01-28,393.7007981733248,400.56729244833656,391.9351335387669,394.5073547363281,2654740
2013-01-29,394.5509473762286,396.73078686449503,390.1912683996957,391.7607421875,3007664
2013-01-30,393.3520484357123,394.0495864508695,386.2675698687072,389.9732971191406,1418660
2013-01-31,389.75529573068945,392.39289615732883,385.8969905274384,387.6844482421875,2278724
2013-02-01,386.7252709653653,392.1966620894703,384.17486971995044,386.31109619140625,1398676
2013-02-04,387.2484699003261,388.0114136912921,383.21576700521996,385.3520202636719,1911016
2013-02-05,382.0604460579626,388.8397679693078,381.6026850997692,386.7471008300781,1398634
2013-02-06,387.6844916060889,389.5373553556823,383.36839834564057,385.89703369140625,2203620
2013-02-07,384.632695486094,391.93515810937777,384.632695486094,390.8888244628906,1770238
2013-02-08,392.3711123895575,395.2049037568154,382.1040736039045,385.6571960449219,6374558
2013-02-11,388.01145870219545,388.8616014897654,382.36566867223877,384.74169921875,2140968
2013-02-12,384.19678204473365,386.7253910046852,382.56190212113904,385.6136779785156,1191346
2013-02-13,386.22399905237603,393.19948591831803,385.06867339645606,391.063232421875,1802018
2013-02-14,391.89164746532254,394.55104163257664,389.1232346882424,392.719970703125,3293954
2013-02-15,391.1504105451428,394.0059950072774,386.7253256559468,391.4773864746094,3271588
2013-02-18,390.21306837338557,392.37111482680683,388.01143577317566,389.03594970703125,1598600
2013-02-19,388.88345550206606,392.3711994976003,388.88345550206606,392.0224304199219,1315964
2013-02-20,394.5728090251436,397.10141794912573,390.5401052709754,391.71722412109375,3005672
2013-02-21,389.7553080841983,391.4991797087361,385.0032472635851,386.13677978515625,3804512
2013-02-22,385.94058345143804,391.93514207607205,381.25392852672417,390.3002624511719,2926370
2013-02-25,391.0631690343028,391.9351047512132,386.8778882368796,390.1040344238281,2315532
2013-02-26,389.31933424550607,389.31933424550607,374.6054176376832,377.439208984375,2102498
2013-02-27,377.9841803886958,391.93515359796714,370.5727258712704,389.2321472167969,3706706
2013-02-28,390.30031662903747,393.67906832283813,377.5482537846931,380.90521240234375,8501418
2013-03-01,380.59996428435295,388.99234608558294,375.9133095122375,386.7471008300781,5771830
2013-03-04,385.0468701757701,388.0114466938038,381.035960011668,386.0495910644531,5970552
2013-03-05,385.91875556285527,396.3383714665976,383.8479082248021,391.3029479980469,3787836
2013-03-06,390.8451906521391,391.760712524142,380.8397228367168,382.77978515625,3576974
2013-03-07,379.7280493284823,389.1449455337531,378.98689856015784,386.0931701660156,3841368
2013-03-08,390.0605443152184,395.3575391339572,388.01148955412543,394.2022399902344,2466284
2013-03-11,394.9433414236138,401.9188280032339,390.25668637793154,397.9732971191406,2939170
2013-03-12,398.9106331053738,405.42835860749386,398.21309510106835,399.7171630859375,3979108
2013-03-13,398.2784541860874,399.346580821293,395.07410088983835,396.9705505371094,1039436
2013-03-14,396.33843021673607,402.3329891891612,389.31935726368107,398.60546875,1994128
2013-03-15,399.1503640962471,406.45282566334174,399.1503640962471,404.46917724609375,4064768
2013-03-18,401.04688505309696,403.9678487189038,396.2948242614398,398.2784729003906,1594380
2013-03-19,401.09047768149924,401.09047768149924,381.21035160538145,382.9324035644531,3577832
2013-03-20,382.43108693273837,385.0686876798856,375.91336082873636,380.7744140625,2192042
2013-03-21,381.47192081405154,390.8016447211373,373.7552834939963,383.9351501464844,3100226
2013-03-22,388.4474388645553,390.0823186577563,377.61364607869206,380.7525939941406,1691910
2013-03-25,382.56187395190153,383.6517938207104,375.1504188440015,376.87249755859375,1724612
2013-03-26,375.0413700372214,380.5999605260032,372.1203799094782,376.3492736816406,2226562
2013-03-28,377.6572226193755,379.24851622134696,366.2566505078099,375.4991760253906,3656070
2013-04-01,376.2403736283112,377.8970466607673,369.52645596964146,373.66815185546875,1135020
2013-04-02,375.8043518066406,377.2866533971899,370.57273670028366,375.8043518066406,1362702
2013-04-03,375.3683395631766,375.91329940574803,366.7579740505486,367.9132995605469,2095266
2013-04-04,365.82062971495725,373.6244652453932,365.3410757008629,369.85333251953125,2364276
2013-04-05,368.52366237955204,372.3383815235098,362.5073106515268,365.2975158691406,2327420
2013-04-08,367.08504374555514,370.2240185626414,364.1422598437945,366.1913146972656,795854
2013-04-09,367.9569219635009,371.37925946834713,364.0332107103356,365.9078674316406,1563698
2013-04-10,367.084960281208,367.5209281675277,360.2402591441147,364.9051208496094,931878
2013-04-11,363.29205719922356,364.9051438019424,357.6026812467661,362.7688903808594,1605646
2013-04-12,359.6735202819678,366.8451976143124,355.77160222491386,358.95416259765625,2589774
2013-04-15,356.4473704154051,359.0849976904359,352.6762637707516,354.4201354980469,2840046
2013-04-16,354.87788453160965,369.96236382004065,352.9378219785739,368.3274841308594,3578520
2013-04-17,368.3929289294161,387.9679011221957,368.3929289294161,384.044189453125,5989870
2013-04-18,382.8233582847616,398.2348377415811,379.4010213074069,394.07135009765625,3677892
2013-04-22,396.3820320570851,398.47467271885506,384.7852695987701,388.99237060546875,2103264
2013-04-23,391.847965809775,391.847965809775,382.7362521396035,385.98419189453125,1350424
2013-04-25,388.01140325541434,400.6544714513773,383.82612235842856,396.33837890625,3437440
2013-04-26,394.550945713936,394.96512053683546,384.262114016414,387.9024353027344,2593644
2013-04-29,390.191256622656,394.8779113809728,388.5345839834502,393.3302307128906,1918246
2013-04-30,393.3956575690409,406.21312556908794,384.0877527516678,402.8779602050781,2481850
2013-05-02,398.43107863035937,422.3657006256362,397.7771267735042,415.7389831542969,4519532
2013-05-03,415.25951254504275,424.5020393009911,409.5483424913227,418.9652404785156,3424494
2013-05-06,416.3929348429443,424.98150788137957,416.3929348429443,421.3411865234375,1756394
2013-05-07,419.03056580245004,421.34119039509636,413.29757716324167,418.1368103027344,2250700
2013-05-08,419.9460851887982,420.27306111809133,410.39837740969136,412.60003662109375,2003464
2013-05-09,411.7935197297116,419.0959828546008,409.0905131317588,413.2540283203125,1999972
2013-05-10,412.5346373878262,426.2022208070726,412.5346373878262,422.97607421875,3589228
2013-05-13,420.2730618569163,423.7608051088409,414.25671006922016,416.9378967285156,1231670
2013-05-14,416.45834253439824,419.6409029288302,412.81802116017974,414.5182800292969,1148012
2013-05-15,415.5863722921175,432.91609513356696,414.3438745057227,428.8833923339844,2801338
2013-05-16,427.2485762283495,434.6600311221066,423.8044188986787,429.6028137207031,2046714
2013-05-17,427.2920868922024,433.5482416188067,427.2049146081138,430.4310607910156,1305790
2013-05-20,429.25393153293555,447.303011043343,428.9923614684693,436.83978271484375,2904248
2013-05-21,436.83986228763285,436.83986228763285,427.66274275805523,430.6273193359375,1308286
2013-05-22,432.69818918963233,438.12599547413737,428.3385097015756,431.65185546875,1368140
2013-05-23,425.2866639984667,429.210374891328,414.30026817658154,418.1585998535156,1379700
2013-05-24,420.75267349410797,427.2268137571591,415.0850899340705,422.0605773925781,1349358
2013-05-27,421.21046842985123,421.3630465768954,410.96522104800226,414.9979248046875,1247108
2013-05-28,415.04145773174946,425.9188626023705,406.5836694829637,424.1313781738281,2517018
2013-05-29,425.72264774899634,426.98696528314014,416.8288920831501,418.9869384765625,1086242
2013-05-30,416.50196765862285,439.8262528307345,416.50196765862285,437.9952087402344,5534838
2013-05-31,437.97344030881925,439.60832030192313,418.61647715609456,421.8208312988281,4675066
2013-06-03,417.76623675887146,431.1722495742488,412.29484498048555,424.5455322265625,4781134
2013-06-04,426.3766324755623,434.87800704946153,424.63276076809575,430.3875427246094,2319644
2013-06-05,429.4284115237693,435.09599462002205,425.8970819306216,430.1041564941406,1894806
2013-06-06,428.12052872996566,435.53198391164534,423.86984119929645,432.1314392089844,1776942
2013-06-07,432.1313953747758,434.44201996339467,418.9651592421699,421.2975769042969,1397688
2013-06-10,425.5482651028866,429.2976050838971,423.34663248549145,425.6572570800781,1841766
2013-06-11,421.62455415606865,422.0823417480206,408.30573985780563,412.8180236816406,1872440
2013-06-12,412.8616465781557,420.09870386808956,403.5973276871464,412.992431640625,1734204
2013-06-13,414.60555389215824,414.60555389215824,398.1259693747864,402.7690124511719,1600804
2013-06-14,406.75806439061057,416.30577236571366,403.8806867975117,413.7335510253906,1997326
2013-06-17,420.7090511989567,436.29490465010974,418.09324362673516,431.3248596191406,3254262
2013-06-18,432.91609513356696,435.85887825758664,427.3139186449207,428.8833923339844,2068668
2013-06-19,427.94608019754094,430.23491167361755,423.76079899931995,427.2049560546875,1065006
2013-06-20,421.1450059080269,421.1450059080269,407.9569764787124,411.07415771484375,2822484
2013-06-21,408.71991543027684,416.13136989674587,402.48557964212097,409.6572570800781,2351226
2013-06-24,408.3274963425875,410.68173348401336,398.9977998914796,404.12042236328125,1498646
2013-06-25,405.4501298177219,418.5291662634549,403.3138765545051,417.1340637207031,1594854
2013-06-26,415.1504484574983,418.0932318936633,394.1149964878745,397.232177734375,3998270
2013-06-27,402.39834389558894,414.3220544929519,402.0713679931819,407.0414123535156,4182584
2013-06-28,409.6572067617947,425.48283462151585,409.6572067617947,423.150390625,3284804
2013-07-01,420.70904295143066,431.56465480708613,414.34392196088766,430.19134521484375,2396738
2013-07-02,427.24853597308146,433.48287153326396,422.93244318021823,426.76898193359375,1639610
2013-07-03,422.4528546772872,429.84251519707584,419.7062624919706,427.2702941894531,1814958
2013-07-04,429.3848280420093,431.0415008662549,424.24038514287736,428.1423034667969,1513212
2013-07-05,429.95160482422114,431.3030948481433,420.7962777206425,423.6082763671875,2038138
2013-07-08,419.2485669758735,420.1422959029266,409.85343687648367,413.16680908203125,1470242
2013-07-09,414.6490275824405,418.4637464179774,407.30297966861053,408.9814453125,2237702
2013-07-10,409.85340901052956,413.2975660379264,395.42288227468276,397.8424987792969,2389012
2013-07-11,403.270291213777,405.4283375534973,398.9324054620904,400.1313171386719,3315822
2013-07-12,401.6354726674176,403.2703524747477,390.19131401610724,395.53192138671875,3761184
2013-07-15,395.37932425338454,406.278522445292,394.98694247472764,404.6654357910156,2018096
2013-07-16,396.3384746547623,402.83440811332616,395.20496856572527,398.2567443847656,2356220
2013-07-17,402.8779201370638,407.4774027055213,382.16944517538377,389.3847351074219,3625068
2013-07-18,393.30003061700666,393.96364146731656,381.5320090058021,386.9957275390625,4034936
2013-07-19,387.3939473686154,397.7241466046058,384.4519281417157,388.9866027832031,3244576
2013-07-22,387.1063665204694,400.37858480117126,387.1063665204694,399.3610534667969,1196498
2013-07-23,400.4228100441936,409.62490287976397,397.7020215299123,407.5898132324219,2109578
2013-07-24,405.6874580692745,406.55015762813446,390.6677261677572,395.4014892578125,1781426
2013-07-25,391.5304158582228,401.3960921228718,387.28331706343084,389.2962646484375,2267884
2013-07-26,389.87139467296794,397.1932293653541,389.87139467296794,395.88812255859375,1741962
2013-07-29,392.01705675331687,400.13524606119944,392.01705675331687,397.1711120605469,1603764
2013-07-30,396.3968528629732,400.35640272006293,394.18481685369323,396.77288818359375,2590040
2013-07-31,392.8576506702415,405.35565588582074,392.8576506702415,403.2099914550781,2787640
2013-08-01,403.51964609812234,408.4082678631076,383.5892046799373,385.55792236328125,2654138
2013-08-02,387.9911752696901,388.4335825390968,376.0240640327178,378.1476135253906,3615722
2013-08-05,378.744818093055,389.2741317492603,378.70058817109555,382.5052795410156,1792026
2013-08-06,378.98822038688354,383.98741742418,375.40470509287934,377.8822021484375,1929898
2013-08-07,378.700575828252,379.58539025775724,370.3390686684699,372.7723083496094,3016134
2013-08-08,376.0461624914555,385.2703428527876,374.3650203419728,382.1071472167969,1771846
2013-08-12,383.7883305210507,387.10638525178024,377.8158320057375,381.0232849121094,1631690
2013-08-13,384.9828043487536,397.45869452324035,383.2352902653903,386.5533447265625,7312106
2013-08-14,387.1063496267279,391.53042219389044,382.2840997275622,386.4206237792969,5129438
2013-08-16,386.22156187378295,386.22156187378295,366.7335262656255,371.6663513183594,7310122
2013-08-19,373.8341000800293,373.8341000800293,347.8426759620391,358.46044921875,5474550
2013-08-20,353.040991411432,355.6954349558789,344.0158725593543,350.16534423828125,2451758
2013-08-21,357.46505362677436,360.827337884682,342.86561455538384,346.8251647949219,4046642
2013-08-22,342.95405948676745,354.5451332787071,331.60630424913194,350.9173889160156,5914786
2013-08-23,349.94412620612496,362.64121937160496,347.5330013520134,360.031005859375,2387096
2013-08-26,362.77392349142536,363.5481361330229,352.8197609565997,357.4208068847656,2182110
2013-08-27,353.925834632927,355.9166674527372,346.84731794026845,349.236328125,4255842
2013-08-28,345.0776835369333,347.53303857700496,327.4477639674478,343.2638244628906,3903860
2013-08-29,342.42321120308077,356.11572097918696,339.17152871935855,351.3819580078125,3233194
2013-08-30,353.4613026435996,354.63366573710357,339.87939371303213,346.5155029296875,4061386
2013-09-02,343.3080862400758,346.4491674652813,334.238736023682,338.9061279296875,3730944
2013-09-03,339.7687480763853,342.7771117994995,336.229490283923,339.7908630371094,2920674
2013-09-04,340.1890565174924,349.01508645764824,336.6276835949441,345.23248291015625,2228394
2013-09-05,350.3866085699629,353.151654407794,342.2463028224277,343.7726135253906,3914814
2013-09-06,345.0777314768874,347.3118831840459,330.56677586141655,340.41033935546875,4822424
2013-09-10,344.54677957205644,361.35825598314574,339.12729046585,359.6549987792969,3849196
2013-09-11,361.44670030221386,369.41003029663227,356.1820435605019,366.0256042480469,2612550
2013-09-12,369.80822635774877,369.80822635774877,352.9524941463658,359.6107177734375,2683098
2013-09-13,360.5176937805447,369.41006907344985,358.96926834131466,367.33074951171875,2459686
2013-09-16,371.62205193632394,381.9301344050315,366.9767762871199,370.2948303222656,4538326
2013-09-17,368.9675885548243,376.3115369505225,365.7380215374966,373.5686340332031,1497692
2013-09-18,375.95765379031155,375.95765379031155,366.401668546881,372.41839599609375,2230732
2013-09-19,381.3550395143809,394.62725666685355,380.53659692426976,383.8103942871094,4488298
2013-09-20,384.0095109277155,391.53043452883435,368.32616778255004,386.75244140625,3041998
2013-09-23,384.36340923885484,384.8943033335871,376.6876543354018,380.868408203125,1742988
2013-09-24,379.14301717192427,390.2031985363328,376.66554734725514,385.55792236328125,2064670
2013-09-25,387.1063129997204,388.4335346442909,368.54732493599795,376.0903625488281,2691988
2013-09-26,374.7189838108201,382.59382836527845,373.83416920914163,376.9752502441406,2564332
2013-09-27,379.58545623345395,379.58545623345395,371.1797176921537,373.3917541503906,1711676
2013-09-30,372.0644981046978,373.83412710876297,360.5619095782743,366.06988525390625,2953590
2013-10-01,369.18879801978414,374.497684270518,363.3711327023982,367.9942932128906,2866908
2013-10-03,368.6358196513572,380.9126201257949,368.6358196513572,376.84246826171875,3033472
2013-10-04,376.8425409225961,385.513740392329,376.4886204753905,379.93939208984375,3064158
2013-10-07,382.4610778632192,384.8943178033553,374.80743763381565,382.6822814941406,1558494
2013-10-08,382.6822731820801,386.79665522737366,379.5854224164448,381.86383056640625,1336004
2013-10-09,379.1429993106112,380.3375042421737,372.94929803832576,376.4885559082031,2380630
2013-10-10,376.57712241139035,384.45196743712523,376.57712241139035,383.6556396484375,1778282
2013-10-11,387.1063232421875,392.63641357421875,382.925569550693,386.00030517578125,2764482
2013-10-14,386.22153342180053,390.40228737993834,381.35505361923487,382.7928771972656,1649438
2013-10-15,383.56702498909937,389.87132730293405,380.1383693447331,383.83245849609375,2408832
2013-10-17,385.6464093910674,387.9026755894804,380.9126463644562,382.7928771972656,2141818
2013-10-18,384.27492009627946,392.85763140311644,384.27492009627946,390.51287841796875,2849200
2013-10-21,389.3184036360644,395.95451278895183,385.80126038455455,392.7249450683594,2234406
2013-10-22,395.40149185023506,395.9102710043436,386.6639483939641,387.4160461425781,1744880
2013-10-23,387.85842321212897,391.4197960064531,380.55870393085576,383.05828857421875,1287454
2013-10-24,383.21315319086693,395.4235821024635,381.952276366938,393.4548645019531,2461684
2013-10-25,390.31380045678424,391.2207299284347,382.682275313254,383.8988952636719,2221828
2013-10-28,385.6021623427585,390.93319150133226,378.7669916832366,384.4076843261719,2174064
2013-10-29,386.66394749526484,399.4937581100963,380.9568830070192,398.4762268066406,2556270
2013-10-30,400.29005547184596,401.6172771590884,388.74323759379433,396.33050537109375,2564122
2013-10-31,395.9544823529784,396.8171818770198,387.4160279664044,392.791259765625,2812436
2013-11-01,391.61894474229865,410.5539716552282,389.1635896441938,409.3594665527344,5918258
2013-11-05,404.80267162514605,408.2313281334465,399.05137683702924,401.10858154296875,2052830
2013-11-06,401.72786823965004,403.34266538363534,395.95445945478247,397.90106201171875,1222656
2013-11-07,397.28167724609375,405.5546975290913,395.53416335438783,397.28167724609375,1966708
2013-11-08,396.8393406118882,397.28174790354024,386.0667338611201,388.69903564453125,960318
2013-11-11,388.43356534339756,392.83552287960197,371.62208985017537,384.8721923828125,1449756
2013-11-12,387.4160539766657,391.176515793381,382.30625537913784,389.274169921875,2766468
2013-11-13,387.54877447728995,398.16654912050336,387.1063672004894,396.1093444824219,4221190
2013-11-14,402.5906399920093,410.97426366485007,401.0422144535785,409.2931213378906,3641892
2013-11-18,411.4387368332379,419.4020672235587,404.8026281746373,417.9863586425781,2592024
2013-11-19,418.0748291015625,421.1495647266507,414.97797851562495,419.18084716796875,1896218
2013-11-20,418.074922880709,424.1137936788349,413.672964588522,416.7255859375,3537004
2013-11-21,416.3052021325368,419.313565886682,411.88112984632494,413.4074401855469,2057192
2013-11-22,414.977982701872,418.84904597334474,411.0405475447877,414.33648681640625,1598272
2013-11-25,419.8444495964102,419.8444495964102,412.85442095724375,417.2563781738281,1601784
2013-11-26,417.23425866951163,421.6141011614438,415.02222246194896,418.163330078125,1473916
2013-11-27,418.0748536063836,419.4020753638642,414.09318833394184,416.52642822265625,2109830
2013-11-28,418.95966386709745,426.790277557384,418.51725661908574,424.2021789550781,2044766
2013-11-29,425.5957767998091,426.96722848126177,416.8140036408129,418.1854553222656,1311512
2013-12-02,415.420399560969,426.23726201071923,412.54475249265556,424.7994384765625,2026714
2013-12-03,420.39745482112477,424.6003233513017,417.2342324421921,419.9550476074219,1262496
2013-12-04,418.6057334833575,421.9237877642934,415.8628032106381,417.5439453125,1181472
2013-12-05,424.66668505541173,424.66668505541173,415.3097619089168,417.7872314453125,1390184
2013-12-06,416.8361288512352,423.58283961606645,416.8361288512352,418.20758056640625,1105716
2013-12-09,426.92298581459653,432.5415631527392,421.813187602476,427.80780029296875,2411550
2013-12-10,427.8741785532991,429.88712612110123,419.35783907210947,421.6141052246094,1749224
2013-12-11,419.4020607123411,424.2243103970169,416.57064359433787,420.2426452636719,1094546
2013-12-12,418.0748271712862,421.19379270367256,415.8627910486868,416.65911865234375,2130544
2013-12-13,416.70337559394244,422.18920897678566,411.9032410062613,420.5301818847656,1485332
2013-12-16,421.1716945470297,421.1716945470297,408.34188452406346,409.9345397949219,1041084
2013-12-17,410.11157796464147,415.8628730170043,409.93460423899364,412.2130126953125,865728
2013-12-18,412.19081017424344,421.37075994246885,410.06726092954233,419.4684143066406,986716
2013-12-19,420.72930726887154,422.8086268062212,409.8460993959981,415.3761901855469,2101856
2013-12-20,414.5355871216448,430.0198406427308,411.2175327956978,429.0465393066406,2114490
2013-12-23,430.019893749708,433.16097476523305,425.0870415749736,427.12213134765625,1096064
2013-12-24,426.92307144109606,431.34714472027844,424.9986103656119,426.25946044921875,554490
2013-12-26,426.5027142498624,429.0465559987234,422.83073938676836,425.0870056152344,1641748
2013-12-27,424.710953435822,429.9756104304116,420.7735181707193,427.8741760253906,1541872
2013-12-30,428.29444162219033,430.28527421789755,416.8803401406146,419.57904052734375,1777974
2013-12-31,422.49890948626074,423.82613119145316,415.64159734276643,417.7209167480469,854370
2014-01-01,419.4020690917969,421.614105321184,416.96882923947106,419.4020690917969,623518
2014-01-02,417.63244877017513,424.2685575959724,411.438747199431,414.1374206542969,1007552
2014-01-03,410.5538999583449,413.2083432770411,397.06047975497256,398.277099609375,2091942
2014-01-06,399.8034137680618,400.3343078373921,392.5921814166411,396.1314392089844,1276106
2014-01-07,396.39691357148604,401.7279157698196,393.7866998798222,399.5379943847656,1798394
2014-01-08,401.70581886866375,404.75843996719317,397.7462682271329,401.97125244140625,1176368
2014-01-09,402.5906157293065,405.8865552915258,393.74247032866236,395.66693115234375,918880
2014-01-10,395.51208353738286,396.3968980419408,382.5937863703584,386.9072570800781,1793254
2014-01-13,386.22152078651624,394.2069660735477,386.22152078651624,392.9682312011719,1015350
2014-01-14,390.6455972934516,398.54255581490355,390.4907655586762,394.20697021484375,1343398
2014-01-15,394.40608234977185,401.26339505467536,392.3931346659086,400.3343505859375,1649988
2014-01-16,400.59974755520926,400.86518109277506,393.01245274478504,394.9148254394531,1652120
2014-01-17,394.1848611437454,400.5555363672289,394.1848611437454,397.9674377441406,1833502
2014-01-20,394.18482687218903,404.0283873636663,394.18482687218903,401.1527404785156,1016848
2014-01-21,400.8209128092911,407.78882602865787,397.28165530104127,399.7591247558594,1039276
2014-01-22,397.34810509486283,406.12987870823787,397.34810509486283,405.44415283203125,1911630
2014-01-23,405.44412935910657,405.6874479459451,392.28251368147096,393.78668212890625,2094830
2014-01-24,390.4243329091179,394.8484046701277,386.6638719122595,391.4418640136719,3982058
2014-01-27,381.0011172211693,387.1063316803345,379.6960104738824,383.5007019042969,2608894
2014-01-28,382.6822713057757,389.31838005674297,381.8195717676709,387.15057373046875,2258654
2014-01-29,388.85390138820514,392.21618606424295,380.0278703606077,381.3329772949219,1569436
2014-01-30,380.0278355889172,388.4335735123042,376.02405529430945,383.96527099609375,1549420
2014-01-31,386.66392988924196,397.5471372522145,384.4740086387037,393.8309326171875,1884416
2014-02-03,390.291656837959,394.4502685253374,383.56706165982246,391.4640197753906,1980024
2014-02-04,387.10629196502106,387.5486991558382,374.54191694485667,377.70513916015625,3645936
2014-02-05,379.14302514105106,389.760799474056,378.7006178771759,388.5884094238281,1835988
2014-02-06,387.3275585209725,398.03381967954147,383.52286686244463,396.81719970703125,2221996
2014-02-07,399.2946965069619,399.49378518909725,392.1719498975729,396.1978454589844,1443216
2014-02-10,396.0651081701719,399.27256087526405,392.4152481954119,395.6005859375,1580562
2014-02-11,397.32594189147085,399.1840577488125,392.4152321992926,396.8614196777344,1393540
2014-02-12,397.1489604486143,398.5425269679108,393.72030454839927,396.1756591796875,876740
2014-02-13,395.954525797274,403.0330424595716,395.954525797274,401.10858154296875,1609454
2014-02-14,401.2634379245348,404.2275723592974,392.2604597930093,400.1131896972656,2537296
2014-02-17,400.35643322924903,413.9604557230163,396.9720070761832,410.59814453125,2243006
2014-02-18,413.6507911954823,415.8185975866632,409.0055149307202,413.7171630859375,2043648
2014-02-19,414.09319625617394,419.0923929045139,414.07108129360535,417.2785339355469,1783782
2014-02-20,414.15955631663155,416.5706542180644,410.1557491174104,411.4166259765625,1651326
2014-02-21,411.5714985254591,415.42044736800653,408.27555879815134,411.43878173828125,934626
2014-02-24,411.4387349501886,418.51725082029935,410.5760354280398,417.6766662597656,782596
2014-02-25,418.4730408442994,419.9772093369596,413.89410947112185,417.5882263183594,1910380
2014-02-26,417.1900105626819,429.1350055628859,414.2922486575556,426.7902526855469,1708188
2014-02-28,426.92301594091725,433.0724878005068,419.84449961443573,431.1258850097656,1907672
2014-03-03,430.32952091241407,432.65215888551745,420.2868713234691,421.28228759765625,1068942
2014-03-04,420.3310871766894,427.07779725369085,417.8978474767872,422.8528137207031,1150848
2014-03-05,423.6049975860694,424.1580067212992,415.951356554968,419.64544677734375,1219512
2014-03-06,420.4195963884801,425.1533592751654,419.6453837155024,422.65374755859375,1917512
2014-03-07,424.71098328131285,438.84590109412346,420.97263641340936,435.1296691894531,2003428
2014-03-10,433.2494231666062,451.69781126007786,431.347077354139,449.4194030761719,2469256
2014-03-11,447.71615675767504,452.0738575615218,435.37298313701365,439.9740295410156,1534812
2014-03-12,437.7177207618952,441.52241210937495,435.01902047842736,438.5361633300781,3267066
2014-03-13,443.2478573451002,453.46745454411115,439.9076608341016,449.5079040527344,2430098
2014-03-14,448.1143026255514,458.11269541353187,440.63760949481195,454.35223388671875,2474884
2014-03-18,454.9936928544454,466.6953964590015,444.6413799020302,446.6543273925781,2542738
2014-03-19,447.2737143320655,452.09596399179634,432.6742755853215,433.7581787109375,4050158
2014-03-20,434.84209638531263,438.8679915552747,430.1304483766289,432.8070068359375,1507352
2014-03-21,435.7710953365418,437.98313135347854,427.1441548704884,429.3340759277344,2147898
2014-03-24,433.5591467312238,440.195256119967,431.9886062430342,437.0099182128906,2183452
2014-03-25,436.6559798399643,440.19523803522236,429.57746344944815,430.6392517089844,1514294
2014-03-26,433.5590652847349,435.0190036755212,421.1937783794518,424.24639892578125,2427292
2014-03-27,424.7109944002133,431.3471036877166,424.1137553652971,426.8566589355469,4435008
2014-03-28,428.69261475554924,430.4622437122285,422.7201170267567,428.3608093261719,3124794
2014-03-31,430.1525731496872,435.7711507476231,427.3654128144202,433.8688049316406,3331040
2014-04-01,435.77115200856707,443.88931444553464,433.86880618708,442.4736328125,2151116
2014-04-02,445.2828551423764,446.3888731630976,438.8679506221931,443.2920227050781,2211080
2014-04-03,444.48663308391036,447.2737937572889,437.78415148629085,445.5926513671875,1286358
2014-04-04,445.06166377559197,445.06166377559197,438.4919273528243,441.9648132324219,1357998
2014-04-07,442.4072107312098,450.52537224717014,442.4072107312098,448.6451416015625,1798996
2014-04-09,450.37060905108723,453.46745999741097,447.5170767072094,452.6490173339844,1960936
2014-04-10,450.81297379723117,454.61766522851684,440.72609420990165,451.76416015625,1858602
2014-04-11,447.7604230694669,450.8130442781984,442.40730547418883,444.8405456542969,1221984
2014-04-15,440.8588279229483,444.9289800538752,431.61250552782076,435.638427734375,1704660
2014-04-16,435.7711531616499,439.44312803654293,426.94512288241435,432.0328063964844,2324426
2014-04-17,433.55908392228275,442.4072284921253,432.7848712724215,441.0578918457031,1343906
2014-04-21,442.4072184711761,460.05927728913355,438.6025271932815,457.0730285644531,3012408
2014-04-22,457.89151414518255,462.7579940056628,451.6978125045714,454.0868225097656,1463862
2014-04-23,454.1973877224505,460.9883278159018,452.91439597075765,459.72747802734375,2422384
2014-04-24,459.72747802734375,459.72747802734375,459.72747802734375,459.72747802734375,0
2014-04-25,459.218729214584,478.1980111940642,456.58642765770804,473.6854248046875,2642998
2014-04-28,471.16379985433935,475.14546576860135,467.58031133246357,472.0486145019531,1827654
2014-04-29,472.0484985465861,479.1270139887092,469.65948878391214,472.49090576171875,1710806
2014-04-30,473.37576731456437,483.0865850514836,469.88073916614326,475.2338562011719,2710352
2014-05-02,468.5093285099875,469.6817186504667,462.35985626777324,468.00054931640625,1596842
2014-05-05,464.5275901262211,474.45961080843296,464.5275901262211,468.7746887207031,1234584
2014-05-06,470.0577269133018,472.9333741838302,467.31482342640766,471.38494873046875,656016
2014-05-07,471.6060712841459,474.70292165843205,468.9516281061864,469.8143005371094,822242
2014-05-08,471.163755115132,474.99058890364586,467.6687267879668,470.7877197265625,979170
2014-05-09,473.37577542960713,491.0720660998728,469.41625199405246,487.7761535644531,1716590
2014-05-12,487.09033265254175,504.2336118444454,486.6479254475894,499.8095397949219,1622008
2014-05-13,504.78664321541174,520.8460470686149,489.3908501990387,496.7790832519531,1580544
2014-05-14,488.85989674320956,491.801915067552,475.03467341902376,480.2108154296875,20408324
2014-05-15,477.7997405971438,492.5761507832339,477.578537013534,488.6608581542969,2112808
2014-05-16,495.49602469309394,523.7658533314508,487.7096693917301,493.1512451171875,3352052
2014-05-19,504.3000423343097,504.3000423343097,476.38415525847677,486.47100830078125,2191014
2014-05-20,487.090484992263,509.76386133727067,476.16304521424865,502.7738037109375,2059554
2014-05-21,498.5929518750309,514.652356043995,496.42514563113815,508.90106201171875,1792354
2014-05-22,510.8477167144559,518.5013850409567,497.95158639104034,503.2825622558594,1662910
2014-05-23,501.2474190759047,515.8026285419975,501.2474190759047,512.8827514648438,1993708
2014-05-26,519.3419101996894,554.668120258249,517.6165110286352,543.784912109375,4540298
2014-05-27,548.6513833685192,548.6513833685192,519.275530017477,530.00390625,1625424
2014-05-28,530.8887183426096,533.9855691996081,511.4670285956172,513.9002685546875,2355502
2014-05-29,515.4044777854737,523.810216049786,515.1169022544198,520.6912231445312,2397058
2014-05-30,526.0223568492165,565.7062758775508,508.76846961867034,546.5942993164062,8431084
2014-06-02,546.3729430524385,561.6359928785997,530.0038751229322,548.253173828125,2156308
2014-06-03,548.8060845765016,549.4696953196412,539.0731270104532,544.4926147460938,2081200
2014-06-04,544.6475527361979,552.1242460355543,532.2159198563876,539.6704711914062,1699872
2014-06-05,537.524821827273,538.5866100540632,527.4600566449104,532.0831909179688,2174850
2014-06-06,533.985529994857,548.4965088327555,528.7872450094058,545.399658203125,2537836
2014-06-09,548.5849856707006,548.5849856707006,533.6537411010344,541.5064697265625,1975974
2014-06-10,543.7185035287689,548.5407532951164,532.879526037756,545.5545043945312,1705904
2014-06-11,544.1608603435417,548.1425251753237,536.1975306799777,542.8778686523438,1477054
2014-06-12,538.5865926017743,545.2227012981866,533.23347572096,543.718505859375,1023538
2014-06-13,545.0458155317228,555.2211838411625,535.9100936181574,543.6522216796875,2271998
2014-06-16,541.1968317151268,543.5857877548231,526.4646481114357,530.00390625,1937424
2014-06-17,528.5438533148506,528.5438533148506,516.820062668417,522.4607543945312,2469364
2014-06-18,526.0222002681065,527.2830500817527,509.2107254067204,513.3251342773438,1851454
2014-06-19,515.8469433794472,524.2305406257608,512.8164639898849,520.3152465820312,1036362
2014-06-20,520.3373439900214,521.0451848517773,503.45949510619624,506.091796875,1483562
2014-06-23,508.54712348423925,517.1298347598334,506.11388365895584,513.7232666015625,1845248
2014-06-24,513.4136729779298,523.3678372536759,513.1924693273576,516.3114624023438,1069250
2014-06-25,516.0680282111857,528.9642096271078,512.3075667968736,521.7971801757812,1138482
2014-06-26,528.6766520574697,528.6766520574697,516.576824838535,520.2266845703125,2526204
2014-06-27,520.2709668857689,520.359426740804,508.7462355156752,510.3168029785156,2033818
2014-06-30,509.47617421857075,514.5196276291352,506.09174798221886,507.5295715332031,2625272
2014-07-01,508.768400236066,529.9597209251191,508.768400236066,528.3670654296875,1944486
2014-07-02,530.0039233633621,543.4309735591294,523.854451348087,539.6262817382812,2012020
2014-07-03,539.5821067482912,551.6819363311785,539.2945311850092,546.6163940429688,1783056
2014-07-04,546.3728773779173,546.3728773779173,535.0914940798308,544.1829833984375,1067960
2014-07-07,548.5407570286503,551.5933778376505,541.948878239312,548.3859252929688,1388010
2014-07-08,553.4515787425381,553.9603579811915,533.9856559090675,537.3037109375,1443260
2014-07-09,537.5248951752113,537.5248951752113,509.6532339439041,521.399169921875,2461348
2014-07-10,518.103216476975,531.5524101907944,509.65324722413243,515.6478881835938,2633406
2014-07-11,515.1390853269131,518.9437774123526,499.6769173566325,515.116943359375,2129542
2014-07-14,514.5860356272758,521.5318082821376,511.55555657734686,516.2671508789062,1823582
2014-07-15,518.9436246308042,532.9679107022042,518.9436246308042,531.0213623046875,1600810
2014-07-16,532.6583264026473,542.2143121550921,530.0038829155909,540.643798828125,2541006
2014-07-17,529.4330308488387,535.2062337428041,522.0934580411192,529.6343994140625,5309172
2014-07-18,527.5534685376035,534.2664832137829,524.5102133654743,529.7239990234375,2962372
2014-07-21,531.6707006916924,535.6537665304111,529.433029392485,531.9616088867188,1454796
2014-07-22,531.9616489306806,534.3559464749364,524.5101920172742,527.86669921875,1169902
2014-07-23,530.3281300575271,537.7795868616806,527.284875053882,534.6915893554688,2492700
2014-07-24,534.4902186523159,540.4423918669266,531.3574786559998,538.0256958007812,1916146
2014-07-25,537.9361893713318,546.8868747186085,537.9361893713318,541.7849731445312,1636728
2014-07-28,542.4115263289123,548.2294717433314,533.1251903789743,539.6591796875,1336960
2014-07-30,540.934618310585,548.2294483324916,538.473179971133,546.7525634765625,3184402
2014-07-31,546.8868520528972,547.2896438029605,531.8944547175682,537.779541015625,6176218
2014-08-01,530.4623688926965,533.3713415205232,520.034799005306,525.4723510742188,2752838
2014-08-04,522.2724357614634,536.1459966085974,522.2724357614634,530.5518188476562,3269214
2014-08-05,531.2007869243589,551.4293689733183,531.2007869243589,550.5119018554688,3053002
2014-08-06,554.8081958700707,559.2611945001462,550.4671354347544,555.4571533203125,2703720
2014-08-07,554.8977772710115,563.4456712865599,548.565156139397,559.1493530273438,1180246
2014-08-08,550.467238813862,557.8068129241782,537.8243936947631,550.1763305664062,2483456
2014-08-11,554.9424139866499,592.4458022034876,553.6892963608755,585.6432495117188,4557070
2014-08-12,588.507565079709,591.2599117664777,577.9010247324329,586.3146362304688,2807746
2014-08-13,581.011339080028,592.9828802472845,580.854713018922,589.0669555664062,2570182
2014-08-14,589.0670000932715,597.458267900868,587.0083533172711,591.5731811523438,1765326
2014-08-18,589.8502078891268,595.8919209441368,586.2923320534371,593.452880859375,3994764
2014-08-19,593.4080614639057,617.5973113437977,589.6264186198938,614.9568481445312,2722190
2014-08-20,614.9567747098483,618.4028210603158,606.2298572221098,607.438232421875,1052734
2014-08-21,605.5138364383816,618.0447953595011,605.5138364383816,615.94140625,1613706
2014-08-22,617.5525609621541,625.6529204655134,610.2577303805755,622.9005737304688,1576730
2014-08-25,622.3411804722,641.6298976844762,617.7539539427646,631.3366088867188,1164162
2014-08-26,625.6529136089125,629.2331877926546,620.7300366062673,626.3689575195312,1209158
2014-08-27,623.8628086770225,633.2610288938212,622.3635797114252,624.713134765625,1059010
2014-08-28,624.0640802143851,632.8133961936477,620.3048364167588,629.7701416015625,3022632
2014-09-01,631.0457537622418,634.8945377685083,623.4152721893579,628.0472412109375,2157758
2014-09-02,625.2054163672711,635.3644231131042,622.1845598458115,624.578857421875,2369658
2014-09-03,624.5788967463236,636.5728385796847,620.2825781269863,631.7171020507812,2333062
2014-09-04,631.7840223659675,636.2817630284478,625.8094515889625,631.35888671875,1586892
2014-09-05,629.367441027267,634.872079553617,624.8696999382107,630.2177124023438,892526
2014-09-08,635.0512479621402,635.4540398066412,620.5063814654739,624.2880249023438,2521044
2014-09-09,624.2878670012445,631.8959490905736,624.2878670012445,628.3380737304688,946316
2014-09-10,626.1451252961051,626.1451252961051,616.7469065407146,619.7901611328125,1069184
2014-09-11,618.0448456273801,620.7076527624359,605.6257692579669,614.9568481445312,2634266
2014-09-12,613.6365797165831,623.2361672437189,611.5555345893271,621.7369384765625,1956754
2014-09-15,616.2546254309373,618.9845732667033,610.7275886997876,613.0994873046875,887168
2014-09-16,613.1442880431963,616.9930714597867,608.9150568300788,614.173583984375,2003856
2014-09-17,617.507862329242,626.5480335322316,614.1065578712589,617.64208984375,2595312
2014-09-18,613.5693844059497,624.310205139533,612.2267818142517,622.7438354492188,1932500
2014-09-19,624.757815459164,627.4430209697335,610.9961372174955,614.710693359375,2373404
2014-09-22,614.0169579314394,615.8070948350296,605.0662734134884,614.173583984375,1692988
2014-09-23,612.2269399111684,612.2269399111684,597.6820747451502,603.0972290039062,2545074
2014-09-24,602.3812540292872,611.6451935131349,601.01625236663,607.416015625,1109336
2014-09-25,609.0941290675669,612.8981702851086,594.5045230887714,605.5138549804688,3655990
2014-09-26,601.3294631900617,626.5256110855515,601.3294631900617,623.6166381835938,1792468
2014-09-29,623.7284689218468,625.6528880693114,615.7176494672505,619.0517578125,1236056
2014-09-30,618.8055951939521,622.4530103139966,603.7013140228306,609.004638671875,1927940
2014-10-01,608.6464342582883,624.7576634004196,606.4087635441035,621.9158325195312,1399690
2014-10-07,624.3102096011305,626.50313810937,602.0229845674149,607.035400390625,2572744
2014-10-08,609.0940959508109,618.4028299234043,607.0577933222298,613.8826904296875,1184080
2014-10-09,616.2546368012052,620.2377023878499,606.6326508235538,611.846435546875,1023944
2014-10-10,608.6464882176762,610.1233728722241,588.4627075124675,589.58154296875,1232604
2014-10-13,589.5815632003519,590.0738398918812,564.8329002058731,567.8984985351562,2384870
2014-10-14,575.081631554147,575.081631554147,566.1756871899396,570.18115234375,1047968
2014-10-15,570.18115234375,570.18115234375,570.18115234375,570.18115234375,0
2014-10-16,570.6061007421047,572.5081210779117,541.6730040018771,545.5889282226562,2075760
2014-10-17,547.3344506032684,567.4734941659397,547.3344506032684,561.0961303710938,1535146
2014-10-20,570.4272197595604,573.2019652558648,558.7018427070947,564.2064819335938,1308326
2014-10-21,563.8932179542722,563.8932179542722,546.9316570595173,550.0420532226562,2074688
2014-10-22,557.1801598587039,566.1308451576389,550.6014280162457,564.18408203125,2661394
2014-10-27,569.6664736048442,569.6664736048442,554.8530978433604,562.461181640625,1816036
2014-10-28,562.4610462642165,572.709536502281,560.4471422143647,571.635498046875,1261392
2014-10-29,576.4240621288872,588.0375530190568,574.3206731954247,581.0560302734375,1781356
2014-10-30,580.1610396530207,582.7120177689351,568.816056841208,576.312255859375,2277170
2014-10-31,578.3933344031251,592.0878729186506,574.5221518211018,584.5692749023438,4043468
2014-11-03,584.4797029402616,584.4797029402616,563.1770845708646,567.2720336914062,2741470
2014-11-05,568.8159756718459,570.8522781608502,556.7996931701305,562.147705078125,2573752
2014-11-07,555.210913110986,561.6106739715689,550.5789451045134,554.5396118164062,2729494
2014-11-10,554.9872889319647,559.8430252870697,547.0435549004501,550.8699951171875,1817558
2014-11-11,552.7494437593564,566.5782605714697,551.6530068924955,564.1392211914062,2036522
2014-11-12,567.4734965929665,569.4426584536467,558.7018351742845,561.0289916992188,2298010
2014-11-13,564.1616298090242,565.3252078610898,554.9424357540769,561.7449340820312,1943662
2014-11-14,559.417824180838,563.6246571448073,557.1801528841147,562.035888671875,891830
2014-11-17,563.8930616068916,563.8930616068916,554.1591932815346,559.552001953125,1275834
2014-11-18,559.9101847511795,569.0174973659591,559.9101847511795,566.0637817382812,2556372
2014-11-19,566.1307993203282,567.9209362351751,554.9424436025351,557.1801147460938,2230532
2014-11-20,559.4625206017427,560.693239713575,547.3343540985412,549.5272827148438,2922272
2014-11-21,550.8251672213896,560.0219631213711,548.6993795706719,557.94091796875,4689312
2014-11-24,557.224903207878,562.5505718949863,550.1538945893367,559.708740234375,3445088
2014-11-25,559.7087517752243,565.907090555855,553.3761308598772,562.8414916992188,2330848
2014-11-26,563.4009405436706,571.948834737641,563.4009405436706,570.0468139648438,1721898
2014-11-27,573.9626352091154,581.7944840326317,570.6285271336467,578.6841430664062,2421828
2014-11-28,579.5567925500915,594.280678746411,579.5567925500915,592.4234008789062,3399766
2014-12-01,593.8556416787441,598.8009177470783,575.8423853713301,579.6016845703125,2027214
2014-12-02,575.5738354995667,577.3192301447391,562.2373465273265,565.9295043945312,1139618
2014-12-03,570.4719360616338,579.2883943290833,568.4356878260536,575.86474609375,1167678
2014-12-04,580.0044181136484,581.2798798662409,564.6092281882059,566.1755981445312,1569834
2014-12-05,571.0089563624324,581.705035786036,567.2496577635509,579.1317138671875,1647748
2014-12-08,583.8084968024665,584.0322639534065,556.643186530611,558.8584594726562,2116276
2014-12-09,559.5071348928162,569.2634005596918,553.1521722419648,566.4215698242188,1878164
2014-12-10,562.9980829226091,571.9263693011188,560.8722952486168,566.8021240234375,1969950
2014-12-11,568.3684412032483,574.1863858769823,563.3784238838791,566.623046875,882384
2014-12-12,564.8106848118814,566.6455645145966,555.6585756042489,560.04443359375,3716288
2014-12-15,559.4625963886137,563.8931967175242,552.7048396397956,560.4472045898438,2213146
2014-12-16,555.031991129458,557.1801775215599,542.6577120159284,549.3483276367188,2114132
2014-12-17,540.7556534974003,549.9301055777822,537.041097388207,545.6113891601562,2063130
2014-12-18,552.7048424932976,553.5999110641369,539.748746782658,542.5234375,1778968
2014-12-19,546.8870177710805,560.3130493039221,545.7010407262137,546.9989013671875,1435300
2014-12-22,548.4084456044765,570.4718499320504,548.4084456044765,566.309814453125,939758
2014-12-23,569.7111686569195,573.2690445193659,560.3129482784472,567.6748657226562,868296
2014-12-24,566.8021113109296,574.5444754653421,555.2109636434244,560.2904663085938,2831472
2014-12-26,561.3198620828211,564.9672773350222,552.7048273249226,561.789794921875,459322
2014-12-29,561.2080043639455,568.9727134343977,557.784356090619,560.1339111328125,450752
2014-12-30,560.4919938158087,566.0414303151047,559.417900520678,562.8862915039062,667652
2014-12-31,550.6013947811562,557.0906412311839,549.1245099437198,552.4586181640625,1295788
2015-01-01,554.0473890936908,556.6431095378254,550.5118576717297,553.6222534179688,713338
2015-01-02,550.5789344313033,556.5982474037593,547.110544476544,548.07275390625,1279856
2015-01-05,546.0364770383567,558.5226923856053,544.6491319176937,545.2980346679688,1456708
2015-01-06,543.7541116179925,547.9385459129566,537.4886321425589,542.2548828125,2579114
2015-01-07,542.4115080247904,551.0936833532965,538.1599326731109,547.8490600585938,2189814
2015-01-08,550.4671586368644,557.9633577483827,550.4671586368644,553.868408203125,1672412
2015-01-09,556.1956644289526,557.6277523741207,548.3190168385676,554.136962890625,1532294
2015-01-12,552.3916920186757,553.9580623059499,544.6493256035996,551.8098754882812,897684
2015-01-13,550.4671325109945,564.3854368865659,550.4671325109945,558.8807983398438,1478978
2015-01-14,557.3144082035537,565.0119752417179,547.9832756405909,553.5774536132812,2831716
2015-01-15,563.4455766583144,579.1092741825726,560.9393959805614,571.9934692382812,2859036
2015-01-16,571.5013349978661,587.5454296783706,570.4048977500931,583.853271484375,2131084
2015-01-19,583.9874264495659,597.4581958186748,580.0043608846461,596.205078125,1362458
2015-01-20,596.6526631695823,599.2483837715614,588.641843491344,593.0947875976562,1838290
2015-01-21,598.8007954077501,599.6958638612745,588.5299067558161,593.0052490234375,1391960
2015-01-22,592.9829083658026,597.9505278418317,588.507565661155,595.1981811523438,1815350
2015-01-23,597.905679688904,615.6504213034038,595.8022908416551,609.496826171875,4563196
2015-01-27,608.4899321502439,608.6465582060065,587.65719170645,592.7366943359375,2382932
2015-01-28,592.7367159038478,597.0106898460837,583.1371280880412,589.08935546875,1659912
2015-01-29,589.1787055464238,590.7226765039959,573.9178020334064,580.3623046875,2952528
2015-01-30,582.2420894798277,582.6448812518696,563.8931842771582,566.1755981445312,1628740
2015-02-02,566.2651735943592,575.0591789151536,552.0783034570615,555.4795532226562,1455970
2015-02-03,555.8822112402213,558.9478095418848,533.5055015483146,536.6829833984375,4694416
2015-02-04,538.3390926059371,545.9471767264432,537.041232035719,541.9417114257812,1828968
2015-02-05,541.9640844539928,543.8661053944795,525.9647318369571,527.9562377929688,4854858
2015-02-06,526.792603206825,528.1799485833133,511.5316948041524,514.5525512695312,4184102
2015-02-09,507.05626663953507,507.68282546795405,495.1071249266764,498.28460693359375,5283110
2015-02-10,496.36022957926883,515.8951106686482,493.18274730587746,510.2785339355469,4016676
2015-02-11,511.26309846488647,515.8950666669323,502.58092376227717,507.23529052734375,2159236
2015-02-12,513.254666586623,516.6335721771403,506.4745114704788,507.7052307128906,2265072
2015-02-13,507.5038771179718,536.5936055242047,502.8495096468446,533.70703125,5989004
2015-02-16,536.8844971421524,549.572082751866,526.5688103815622,541.7178344726562,4291626
2015-02-18,542.4115268490094,555.8375547413117,540.6437883621153,549.6615600585938,3603180
2015-02-19,553.5999651729958,563.4233218458324,546.439415906409,559.3731689453125,2829468
2015-02-20,562.4163778067207,566.3323032439897,555.837644924371,560.31298828125,1295648
2015-02-23,562.0358190213369,570.3823428498978,558.5450850094275,564.4525146484375,2705104
2015-02-24,564.3407521091001,567.921026507889,557.336829390339,563.3114013671875,1833458
2015-02-25,563.8931962297412,573.380901171188,563.8931962297412,567.0706787109375,1399182
2015-02-26,567.0259380370065,568.3461423230332,557.1577852189092,559.2388305664062,4445506
2015-02-27,562.0581752231394,576.4240111589711,559.4848537447511,573.0675048828125,2313528
2015-03-02,579.6016140945833,585.7328662867496,563.2442695318343,572.0159301757812,2758186
2015-03-03,562.998082892049,562.998082892049,545.790412942082,551.20556640625,2632558
2015-03-04,561.6555560942378,564.1841358585615,539.368325721265,542.0087890625,2727706
2015-03-05,545.5442595658006,552.0559048607848,538.8312457073207,549.8629760742188,1604900
2015-03-09,547.7819177742986,549.9301040099854,537.4886301037031,540.0843505859375,1868972
2015-03-10,541.605884502297,556.9563299109585,541.605884502297,549.6838989257812,1823950
2015-03-11,548.0951426942173,566.3545608994556,545.1861702360218,564.0274047851562,1966554
2015-03-12,564.0274452574789,564.4525809488487,551.9216217682201,555.4571533203125,1995764
2015-03-13,560.7604455002164,560.7604455002164,546.2155815905938,549.460205078125,1215886
2015-03-16,551.3621771879483,551.3621771879483,540.4199870010457,545.8798828125,1130904
2015-03-17,548.3413811078249,554.1593267959715,539.6144625756049,551.47412109375,5156560
2015-03-18,550.4895507552554,551.7650124988331,541.5164667880374,543.9779052734375,1164304
2015-03-19,549.5721626715786,551.2951589329763,537.4887356421546,540.3529663085938,1550130
2015-03-20,539.2788078278357,539.2788078278357,516.6335841680001,521.51171875,3144054
2015-03-23,524.7114754129768,537.041065050348,518.3565113288047,530.5518188476562,2470122
2015-03-24,525.8527346493298,547.491004336218,525.4946854032681,533.4832153320312,2037534
2015-03-25,533.4831911838087,543.7540797263833,533.4831911838087,541.6730346679688,1495138
2015-03-26,538.9879949692413,546.8869873410105,522.2054564870091,537.5335083007812,5380628
2015-03-27,538.4732638019245,539.2788474179638,524.6444972282605,531.89453125,1580906
2015-03-30,536.1461252669367,542.5906305201494,529.7016200137239,537.1754760742188,1381266
2015-03-31,538.1598462528691,541.5163525704545,528.0903273001127,531.5811157226562,1622908
2015-04-01,531.6707948116917,540.6214815930333,527.2625924980123,537.9810180664062,1379942
2015-04-06,535.1616265672541,557.1802959275482,532.9239546960591,556.1286010742188,1813774
2015-04-07,556.687863142785,574.5444906003431,551.1608260949004,567.8538208007812,1322082
2015-04-08,570.6061571551389,573.5822707832926,562.5952833167928,570.2481079101562,1054736
2015-04-09,570.6061537111844,572.7766838403492,564.3406743763165,570.40478515625,1213928
2015-04-10,570.1586839117447,577.3192325323004,566.6008081681663,575.86474609375,928554
2015-04-13,574.1417306549337,574.1417306549337,555.3900336608042,558.4332885742188,1573142
2015-04-15,556.7774166033953,557.6277427070083,538.7641608698823,541.0242309570312,3648224
2015-04-16,541.5388521727358,552.7048100870122,537.600528839695,549.7958374023438,2282350
2015-04-17,551.3621830657921,554.0473885028009,543.3737078168201,548.0056762695312,914614
2015-04-20,545.0967484093447,548.0057212046327,529.2540241058005,531.5364379882812,3364204
2015-04-21,532.5658433213708,541.4046461832172,525.8528284895889,532.7672119140625,1125000
2015-04-22,534.803391510842,546.4392812006176,526.5016098991491,542.8366088867188,1662436
2015-04-23,546.439322851622,546.439322851622,529.4330212395322,536.5264282226562,1658818
2015-04-24,535.8103676424412,539.2787579946892,522.7199911516987,524.5548706054688,4042390
2015-04-27,522.7424169248666,529.0973815971838,514.1944688105318,521.8025512695312,2429722
2015-04-28,522.1382909938675,533.4609316127428,514.6644893914885,529.0750732421875,1349770
2015-04-29,529.43293216809,530.193718417852,519.5871802596387,524.8009643554688,1009096
2015-04-30,523.6151149699781,525.3828535485997,509.1597356702563,512.4267578125,3247284
2015-05-04,515.111899241489,541.0464860434839,515.111899241489,538.159912109375,1616036
2015-05-05,537.9361026481675,537.9361026481675,522.921308546456,527.7546997070312,1315182
2015-05-06,527.7547903662949,530.7756467029262,518.4460556544901,520.5494995117188,2243846
2015-05-07,520.3257885945676,527.1954294873078,511.97926259208845,523.9508056640625,1957782
2015-05-08,526.3003679535509,540.8899760710302,525.8528336270598,528.2471313476562,954900
2015-05-11,529.4330131685682,541.5164378140046,529.4330131685682,534.4677734375,707060
2015-05-12,534.4678265489816,534.4678265489816,523.6151200019331,526.7926025390625,1630000
2015-05-13,532.1182756013625,549.236462348,526.7702626399674,540.129150390625,2096774
2015-05-14,540.576556242349,551.0936096531706,535.0495199504493,549.1915893554688,2122604
2015-05-15,550.4671264822543,562.1925019583173,549.2811497958179,558.99267578125,1670000
2015-05-18,557.1576287509589,567.6970800354836,551.2054572215178,565.5265502929688,942950
2015-05-19,565.5267271173457,571.5012990750461,557.0235754474742,561.140869140625,1390012
2015-05-20,561.140824291978,567.1825368376927,553.1523486298846,559.7534790039062,1165122
2015-05-21,561.6556026849898,565.1015952874476,555.6362876001109,558.947998046875,1292072
2015-05-22,561.6555029342469,563.7588921288333,556.6654849501757,561.9464111328125,1502662
2015-05-25,561.9464290190251,569.9125064162845,558.8360329978963,563.8484497070312,756930
2015-05-26,563.8483130755814,569.6662572996809,560.312782197886,565.258056640625,705404
2015-05-27,562.1030501804001,563.2218858694534,543.2842120382634,547.2449340820312,1997572
2015-05-28,547.7595471727625,547.7595471727625,529.9029735284528,536.2131958007812,2378236
2015-05-29,534.8035035179751,567.3616247572493,523.4585196205236,563.0429077148438,6907312
2015-06-01,563.0429077148438,568.3685769605258,554.9425475835055,563.0429077148438,1242246
2015-06-02,563.4009239464951,566.0189885952075,545.499552494581,548.0504760742188,1425648
2015-06-03,548.7888523845327,549.7958044072566,537.0858212831905,539.2116088867188,1276568
2015-06-04,540.1737388015852,544.9847310900003,528.1127148703243,535.0718383789062,1169336
2015-06-05,535.3628616922124,550.7803951881639,532.6105150508,539.6591796875,1311658
2015-06-08,540.6213172361881,546.4392618753193,531.961541334071,539.9052734375,1142562
2015-06-09,539.7710779062594,546.8197427343085,535.9222940691368,539.3682861328125,962068
2015-06-10,537.9361320723768,550.4670902238132,537.1305486246706,546.2155151367188,936760
2015-06-11,548.6770894802339,548.6770894802339,530.3281819201283,531.4917602539062,1028418
2015-06-12,532.5657820819459,536.5935905178598,526.3003022927466,533.885986328125,1206728
2015-06-15,534.8035193720966,549.6840357060902,533.0133820687591,546.1261596679688,1435222
2015-06-16,552.6824220510366,554.4949576875043,545.0295969993969,551.787353515625,1340132
2015-06-17,552.9285765757835,563.4232330891275,547.5581654718504,561.006591796875,2391462
2015-06-18,561.7226207495016,567.2272592062875,557.2025357833342,561.185546875,1893300
2015-06-19,561.207909516407,592.8485568848918,561.0288849030325,584.2783203125,3766568
2015-06-22,586.2699094632777,591.908830490764,580.8994980788813,587.1649780273438,1686240
2015-06-23,587.6124102596806,599.2482995717535,584.9272050338176,597.950439453125,1157398
2015-06-24,599.6735302645523,600.5462548796727,578.8408425302079,582.8462524414062,1481094
2015-06-25,573.1795282515095,586.5831580651742,571.725041843688,581.705078125,2473112
2015-06-26,581.8393184097694,589.8054506090637,578.661835882869,583.6294555664062,1320310
2015-06-29,577.3192365565098,579.5569080160312,571.2775236158021,574.701171875,1287240
2015-06-30,576.491289504991,577.1178484185526,566.1980011400382,573.8955688476562,2502056
2015-07-01,572.8437378687888,582.6894896134086,569.7333972380837,576.4240112304688,1826964
2015-07-02,578.214314936864,592.8934618122896,576.9835956132754,587.8139038085938,1513902
2015-07-03,590.7452375467872,595.1758377545177,585.3748262963618,587.4558715820312,1733252
2015-07-06,581.3470373786823,593.184297388367,579.5569002350991,591.5284423828125,1210678
2015-07-07,589.8501661538256,597.0107144531133,586.7174262728873,589.7606811523438,1246580
2015-07-08,587.1648663486849,587.2096088422483,570.3823339644808,572.46337890625,2030192
2015-07-09,578.0576214379089,578.0576214379089,564.3406858323495,565.6832885742188,958292
2015-07-10,562.9981960303289,569.196535672576,557.3368757402997,559.216552734375,3604156
2015-07-13,568.3684656244851,569.2635340742873,559.887713914865,567.2943725585938,1739946
2015-07-14,568.3684068619676,570.1585435764936,559.8652574679697,568.3460083007812,913798
2015-07-15,569.2634645071089,579.1092162517286,568.3907947274538,576.4240112304688,1395890
2015-07-16,577.3276210079298,582.6129926636164,572.4713831942871,576.80810546875,1644288
2015-07-17,579.9928058158403,588.0337975342504,574.6170534847046,585.7299194335938,2085314
2015-07-20,589.5246009659566,594.9455168369078,584.0585218249622,593.77099609375,1363818
2015-07-21,594.9004033393363,597.6560247754046,582.2064353083632,586.6334838867188,836144
2015-07-22,586.4075860053073,609.8530590833954,585.0071937133312,606.35205078125,1867150
2015-07-23,608.9496468279282,617.9845080568292,607.8428983851544,613.8736572265625,2399756
2015-07-24,615.5902605960197,615.5902605960197,598.1078258117075,600.6827392578125,719700
2015-07-27,595.8490908198706,605.3356949951681,592.2803096488517,594.4712524414062,900076
2015-07-28,596.300790168379,605.1097791140483,590.2248685687463,593.59033203125,1242534
2015-07-29,598.0626317978067,599.4630242166038,587.2659619303579,594.2905883789062,1372156
2015-07-30,598.8532050700551,606.9168077503972,592.3254846949841,595.284423828125,1368146
2015-07-31,600.1858785254112,624.3089713713958,597.6561281652364,615.9968872070312,2508732
2015-08-03,611.6600758370585,611.6600758370585,601.7217289623056,604.3870239257812,831716
2015-08-04,605.92295943372,618.8427993024384,603.9126698262912,616.3130493164062,1124208
2015-08-05,617.0809856461647,627.9002092737768,609.6949980547583,626.4998168945312,1282268
2015-08-06,626.3417600944657,635.8057552555802,620.5594268003416,631.197998046875,1255418
2015-08-07,630.1815197687522,651.4360511491835,625.6640895195138,628.058349609375,4958870
2015-08-10,623.4053291140355,630.1588647883409,610.7565253349101,614.2349243164062,1431622
2015-08-11,615.6805116561143,618.4135235682194,603.0768716247385,605.13232421875,1486050
2015-08-12,604.8838850562511,605.1097565592594,585.00719279152,586.994873046875,1515180
2015-08-13,588.6664065946577,608.9496822627076,587.7177571393046,605.155029296875,1535240
2015-08-14,608.9495783142402,624.2185141309222,607.5943492823835,622.5696411132812,1466162
2015-08-17,623.3602292320996,623.3602292320996,607.684712725166,610.3274536132812,790168
2015-08-18,611.7053486579956,619.6786257665448,610.3501192960131,616.6067504882812,844484
2015-08-19,617.5326935960574,625.5285228013878,609.2657744696701,616.9228515625,1065202
2015-08-20,618.8879931832681,621.2370350412336,599.7566855907563,602.9640502929688,1406780
2015-08-21,597.656068036993,600.7279429009966,581.8450609460673,597.3172607421875,1548770
2015-08-24,580.4446246475012,586.3624472542353,553.385206384005,561.6295166015625,2079760
2015-08-25,564.6787763439933,575.4979996409794,553.8369438381885,565.10791015625,2133382
2015-08-26,567.0053123075535,570.0997412370488,544.3955501159404,549.0936889648438,2001506
2015-08-27,563.187951063945,563.3234960156971,548.867720656834,555.7341918945312,4865668
2015-08-28,558.6254137366469,563.3461614349713,550.6747475248102,557.4282836914062,3995432
2015-08-31,556.0956131276025,561.0647859500262,547.3769514814053,551.5330200195312,3746160
2015-09-01,545.4796433072553,550.3810435660624,528.0875387380385,531.7918090820312,3174664
2015-09-02,535.3155633912381,536.6256293853834,508.43684944880886,512.525146484375,4493220
2015-09-03,516.7714196031359,523.1184312630128,493.3711636229235,515.2807006835938,2712720
2015-09-04,514.0835809051075,515.6646815493675,497.36908838007326,501.705810546875,2989644
2015-09-07,501.8865634257397,507.0364455824844,493.6422521903484,501.8414001464844,1389426
2015-09-08,501.8865011372385,525.1061036678798,498.27255693463013,517.65234375,2745142
2015-09-09,526.3258986770401,534.8186914003932,520.0466582730695,528.8104858398438,3132170
2015-09-10,526.7324590298701,534.6605725593149,518.64624644298,528.5845947265625,1425516
2015-09-11,534.3667249923426,539.7876401733059,524.0444100308051,526.9581298828125,1622658
2015-09-14,528.8104186315535,532.9664878986888,520.882360960865,529.7816772460938,1439596
2015-09-15,526.7776453356156,529.3300050125233,517.2910397411945,520.3629150390625,1468462
2015-09-16,523.5700212461613,528.5391931475485,519.9786872479176,527.6130981445312,1953384
2015-09-18,530.820708578456,548.8226586217393,528.4264482852442,541.7528686523438,5269170
2015-09-21,533.9601539776919,541.1654317980565,531.7240484870688,535.450927734375,2274848
2015-09-22,540.7363800467988,543.1758033164934,532.4920701588673,536.399658203125,4025672
2015-09-23,530.7981453597015,551.8041996228727,529.9172683677243,545.818603515625,3068924
2015-09-24,544.3504187281653,556.9992251384463,540.9623455825542,551.5783081054688,4290468
2015-09-28,553.3626936050338,560.0711228200387,547.8966130713892,551.849365234375,1689472
2015-09-29,544.8020655739434,577.8244683041454,542.8143853174286,564.543212890625,6506062
2015-09-30,565.1757932896496,573.1942334836021,562.6912061872981,570.9129638671875,5297210
2015-10-01,576.8758690325876,577.3276120780321,561.5843779731753,564.701416015625,2110700
2015-10-05,567.1634344978959,578.2311399102402,567.1634344978959,574.0299072265625,2226118
2015-10-06,576.8759354298497,582.7485956965593,568.8574954503041,571.1162109375,2787718
2015-10-07,569.6706019199606,586.7916195995805,569.1962496541491,581.7772827148438,1427976
2015-10-08,584.7587934516129,584.8943384300433,572.448794824682,574.9108276367188,9205452
2015-10-09,578.2311533490176,581.6643897931434,572.110012441344,575.22705078125,1427498
2015-10-12,573.7814665294248,579.3604823677867,569.1962633788783,575.92724609375,1496340
2015-10-13,574.6623196668802,582.7485312456054,573.7136702960611,579.563720703125,2852984
2015-10-14,579.5637100731864,582.7485205572532,575.0688888909948,581.8901977539062,567184
2015-10-15,583.6520680522017,587.8984640963262,572.4940358677952,575.9046630859375,2148492
2015-10-16,577.3275424480494,584.9845640870736,572.9230482861805,582.2289428710938,1478824
2015-10-19,582.7485280106707,587.2207951847519,576.4015161710832,578.7957763671875,1646242
2015-10-20,579.1345445849693,580.038030613963,563.3461482860686,564.972412109375,3016880
2015-10-21,563.7527853019446,570.9129576250638,556.5475048416739,567.6829833984375,1502156
2015-10-23,572.1776557983391,578.208413640564,560.3420116071892,563.1654052734375,1629182
2015-10-26,564.6787731566482,569.1510400689311,558.6480148882175,562.5556030273438,1165248
2015-10-27,561.0648624420312,569.3543362970543,557.1347200044302,564.701416015625,1624822
2015-10-28,561.0648389450953,566.1243387844197,551.2168189090669,554.2435302734375,3883340
2015-10-29,554.7404119927565,558.8060990513353,548.4160099016339,554.6500854492188,2387748
2015-10-30,552.2559225400114,554.2209939348895,530.0301847704021,534.68310546875,1933272
2015-11-02,542.1142330857676,558.5802441032671,542.1142330857676,546.0895385742188,2576854
2015-11-03,547.467284550547,558.1284069939921,546.8348334004269,556.9764404296875,1311030
2015-11-04,556.9766995102021,568.9705023033071,556.9766995102021,566.6214599609375,908280
2015-11-05,565.1305612608373,573.6007435339314,562.691137737303,569.0833129882812,1734508
2015-11-06,566.9374410554424,573.2618427883318,547.9642358567742,564.4754638671875,2328754
2015-11-09,551.5781888170067,571.4548803059077,548.6644685996922,564.2721557617188,1149942
2015-11-10,563.3685662932706,572.8100040449734,558.1283596195304,569.715576171875,1205674
2015-11-13,562.6007601800526,568.9703256430859,561.3810209566564,565.3112182617188,3279020
2015-11-16,564.6787685255953,582.1386470772889,559.3481788929492,577.2824096679688,4053098
2015-11-17,577.7793172852428,586.3624345865873,573.4877586345705,582.2064208984375,3017600
2015-11-18,580.489790995541,589.0729085277708,575.6561626535766,577.463134765625,1383404
2015-11-19,580.5350031276264,586.339890497242,576.0401816783842,583.6972045898438,921622
2015-11-20,583.6971669635082,598.5595239067549,583.3358056206278,594.155029296875,3969672
2015-11-23,594.155016995305,602.7607437280448,590.5184635657002,597.8818969726562,1826316
2015-11-24,597.8819582989586,598.988706772232,592.5965863921638,596.0975952148438,2482202
2015-11-26,598.5370891737849,611.6376410630752,594.9457530412169,608.1592407226562,1818860
2015-11-27,612.5635301376905,619.7914183989021,609.5820372588229,610.3951416015625,3275350
2015-11-30,611.2083751855862,618.7976808376754,610.6210871354012,616.8551635742188,4884086
2015-12-01,618.8877753035952,624.0828186729319,612.7892461308954,618.390869140625,2366346
2015-12-02,621.1466392784504,622.0275160909356,615.9515946590305,619.0911865234375,2032040
2015-12-03,618.2103468086916,618.3232825680649,605.606705033764,607.9105834960938,1129668
2015-12-04,603.3479624629374,606.781198363179,592.7997740451036,594.1776123046875,1567306
2015-12-07,595.623248092219,601.4507448248492,590.7444007941058,597.9722900390625,1126844
2015-12-08,596.3008306632822,602.1057178722955,588.2146189761622,593.7033081054688,1853618
2015-12-09,593.1386965223683,600.276259635014,590.0442672837902,592.7321166992188,2248652
2015-12-10,593.5903938879155,596.1879165400126,580.0381017900179,583.0647583007812,1494658
2015-12-11,580.9414996974602,585.4137664394096,561.9682936420222,570.0545043945312,1292080
2015-12-14,556.1408994457329,585.5945815965913,554.966378456719,580.3995361328125,2761612
2015-12-15,585.0071847284888,589.2761340187438,577.3953262109035,582.3193359375,1552806
2015-12-16,567.05054948926,567.05054948926,545.9315586996779,550.2457275390625,6682490
2015-12-17,548.8677642606162,566.6212868413784,540.0587754514952,563.572021484375,4996832
2015-12-18,562.4427109883958,568.4960237915977,557.9252804520268,561.6521606445312,2740974
2015-12-21,560.1614018026718,580.0380967053471,560.1614018026718,577.7116088867188,1876456
2015-12-22,576.8082312961461,576.8082312961461,566.1019406757613,567.6378784179688,1222278
2015-12-23,569.4220533234261,573.8039383796943,563.4364585542588,565.5144653320312,1002636
2015-12-24,565.6952836141509,574.1654665390982,565.6952836141509,568.1798706054688,693062
2015-12-28,569.1961796116007,571.9518008808385,562.4200346162245,564.40771484375,1232286
2015-12-29,564.6787936757809,573.668491099982,564.6787936757809,571.2742309570312,862010
2015-12-30,571.4775479153117,575.9272057767471,568.7670897080114,570.5514526367188,940950
2015-12-31,568.744449367275,577.2597940735583,567.0730222886937,574.7752075195312,1163700
2016-01-01,574.5944687517272,577.9825411453521,569.1961621289812,571.6129760742188,486818
2016-01-04,570.5514424928477,570.5514424928477,560.025807917202,561.2907104492188,727368
2016-01-05,562.8718880228615,574.5720450387375,560.0258845087982,564.3174438476562,1466066
2016-01-06,560.2065172960787,563.865624789438,551.126493473472,553.9047241210938,1178150
2016-01-07,550.6747821246933,550.6973913351308,530.7980877740071,540.939697265625,1954754
2016-01-08,541.6399144346209,545.8637009036225,538.3421681271695,541.1881713867188,3530992
2016-01-11,536.6707569567008,536.6707569567008,521.3566561459721,525.1964721679688,2263750
2016-01-12,525.8288888028196,536.196369320677,522.2375537592254,533.9151000976562,1162522
2016-01-13,536.2641649851448,548.6193264050728,531.6564079212337,544.3729858398438,1652518
2016-01-14,538.9747096488218,542.001421663094,520.6791131460583,536.9193115234375,1620082
2016-01-15,541.188085036929,541.8883087072185,528.5392817138622,531.7918090820312,925828
2016-01-18,530.2107166736548,536.2640836699904,522.2826604148646,526.57421875,1228894
2016-01-19,527.0937975839653,527.0937975839653,512.0733416050091,520.6338500976562,2012000
2016-01-20,514.0835987781406,524.2929808357126,497.3691056719972,519.8433227539062,2616840
2016-01-21,521.7631520127612,525.5578041471902,511.4633898113696,514.3997192382812,1634526
2016-01-22,516.1164087890216,544.3503480006749,515.3710217649515,541.5947265625,1505188
2016-01-25,544.8020778577122,550.2456032638892,530.4366278763364,532.288818359375,1650040
2016-01-27,532.7857182202938,541.0978006518569,519.5947892120015,531.5659790039062,2116716
2016-01-28,531.9273474090712,548.1223218618167,531.9273474090712,543.96630859375,1347616
2016-01-29,547.5125816804556,560.1613871978259,543.1306961125615,557.1121215820312,2034158
2016-02-01,553.8369571200583,559.4385817446088,545.6378100620329,553.9950561523438,1027972
2016-02-02,554.7177959585858,560.7486091367937,542.0916011398017,545.095703125,1032894
2016-02-03,539.7426890109914,554.7405381809149,537.5743000287367,543.4469604492188,1042488
2016-02-04,545.7056736294884,551.9849138499704,537.122554590614,544.1245727539062,887888
2016-02-05,543.8987381963664,552.6174028182479,539.674950884607,550.9007568359375,1290006
2016-02-08,554.7405194004186,559.122405354201,539.3360909247798,542.8822631835938,1042654
2016-02-09,538.0259983880776,549.6809916955613,532.1533384560498,534.5023803710938,759394
2016-02-10,533.0567941320351,542.9725319312167,524.6769385732952,534.0958251953125,1233280
2016-02-11,531.7015449869635,533.5085171024672,505.0260970740751,508.9336853027344,1382986
2016-02-12,508.88845363601394,532.4016971866785,492.96451400825583,526.3934936523438,4933968
2016-02-15,525.3771372502897,556.07305369309,524.7446859874,554.1983642578125,1493674
2016-02-16,555.1921875812883,560.3420691865963,542.1594121075508,544.82470703125,1198744
2016-02-17,545.705574832283,545.705574832283,535.5413567580061,542.2723388671875,1079510
2016-02-18,547.7383842591656,552.4590765234708,536.8287798448333,548.2352905273438,1406810
2016-02-19,546.609040019813,564.1366907988736,542.7466152412478,555.7568359375,1361338
2016-02-22,556.5473502143398,564.2269808585311,556.4570236762884,558.8286743164062,1101500
2016-02-23,558.8062020851028,560.658337724407,543.7631351369273,546.0218505859375,1709506
2016-02-24,542.0916697377912,552.933503132547,539.6974094720161,550.4940795898438,1284148
2016-02-25,549.8841930025869,561.3584767792744,549.7938664560382,555.2147827148438,2585106
2016-02-26,559.2579001584864,563.7075582059855,554.7178604136501,555.6665649414062,1777842
2016-02-29,553.0238355570165,573.2619468331644,548.8904306469208,554.78564453125,3427866
2016-03-01,549.8841651886381,578.0954934007701,545.750705721493,572.8552856445312,3171988
2016-03-02,573.713622838931,573.713622838931,537.4160830055232,541.7076416015625,4975766
2016-03-03,547.5126725228142,554.8761075856353,542.2498540393989,549.0260009765625,2128882
2016-03-04,548.8676970946091,555.1920985426128,546.8574629778268,549.4775390625,1402812
2016-03-08,553.3852187209847,557.4509060422,548.8451791545288,550.85546875,1459818
2016-03-09,548.8226184439362,559.2578714131504,547.1511361454722,558.151123046875,1762268
2016-03-10,556.5474153115105,563.504269031787,551.5782419605149,553.9950561523438,1316558
2016-03-11,550.4939722499365,558.1962119467138,549.3194515567391,551.352294921875,1353850
2016-03-14,555.6439215019587,558.3317704465813,544.3503458616751,547.53515625,1425720
2016-03-15,548.8226438647372,549.8842290060445,541.0074670221655,544.3729858398438,1281014
2016-03-16,544.3052113592514,548.8678051302162,534.8637705960297,547.5577392578125,970990
2016-03-17,550.7199231624382,553.3852180988994,537.5742118675022,541.3914184570312,1315728
2016-03-18,542.1367786583211,554.3790032769043,539.8329003218131,552.2784423828125,1669452
2016-03-21,555.1921256270027,555.6438686096121,549.3872393293528,554.7177734375,986906
2016-03-22,555.6439441427146,571.8389212418938,552.0299997905669,566.101806640625,1927934
2016-03-23,566.9374909315635,570.0093655298339,561.2003766269132,564.3851318359375,1591314
2016-03-28,570.0997829261329,571.9067552967388,558.9417505954102,561.900634765625,2335552
2016-03-29,560.2517357547327,566.1243956898743,554.446848309265,556.660400390625,1942358
2016-03-30,561.9683803113471,564.1593231767642,549.1840293445678,551.0136108398438,3656452
2016-03-31,550.67484382521,554.1984620944937,543.8986972646045,546.9253540039062,5135346
2016-04-01,545.1183239558186,545.4345771818645,536.6707508611412,539.9232788085938,4983622
2016-04-04,540.9396769530427,564.4077607838652,536.0834393110817,562.82666015625,2898226
2016-04-05,562.8266946192468,563.6624082589904,548.5064063999098,549.1840209960938,981922
2016-04-06,551.1265689163876,558.7610381540313,548.6871452054146,551.28466796875,1253168
2016-04-07,553.3400656683449,557.4509163401879,546.1573402392926,547.8062133789062,824062
2016-04-08,548.8226691214543,559.5289578685221,546.021828988813,556.660400390625,971094
2016-04-11,559.6644970763258,559.8903686099634,546.6317206143151,558.3544311523438,998468
2016-04-12,558.8061739552476,564.136764204342,555.2373926965772,560.1387939453125,2127960
2016-04-13,566.4857111446823,609.7401025658174,565.1756454409048,601.9249267578125,5955162
2016-04-18,600.8181378643774,611.9761669383826,594.5388996803725,605.6292114257812,3446600
2016-04-20,607.5717737704043,607.5717737704043,589.2084634858347,599.0338745117188,3542876
2016-04-21,603.054393727151,604.5903312054662,588.2372540075205,591.173583984375,1693322
2016-04-22,591.7834026169812,603.1221422794616,588.4631021884333,599.0112915039062,1421344
2016-04-25,598.6950520107736,602.6025850544482,595.0584986083156,599.2371215820312,1211802
2016-04-26,602.6251369723875,617.080912372025,599.9824515610227,611.5922241210938,2435670
2016-04-27,611.6601092642794,627.6292155636769,609.4917204971563,625.5512084960938,1671196
2016-04-28,627.6291319508176,631.0849769623495,605.7873687233433,607.3684692382812,3997186
2016-04-29,607.142644202928,607.8880312458991,595.5328701624678,601.2473754882812,1806098
2016-05-02,595.8491689848349,607.5944899807453,593.2290368587472,603.7772827148438,1204758
2016-05-03,603.9804272263067,610.8921175986286,594.4938236573072,598.9434814453125,1916636
2016-05-04,598.9661766913276,600.7731490592662,589.9764781319491,596.7526245117188,1044784
2016-05-05,598.5595591957157,601.2700175769794,590.0893767542669,596.684814453125,1343540
2016-05-06,592.5514110804855,602.6253044190222,590.2023689830978,601.1797485351562,1092306
2016-05-09,601.2699542136826,612.7894011201055,601.2247909409709,609.67236328125,1891170
2016-05-10,608.7237280710441,612.0891915599427,601.721711161878,609.8079223632812,1346258
2016-05-11,604.4322813966178,610.3049418287223,592.7547330278172,609.0400390625,2414330
2016-05-12,613.6251938075486,615.8161366885238,601.3829675256749,602.8059692382812,1287602
2016-05-13,601.2700065593905,601.541041363667,588.1694579566689,593.0256958007812,1207170
2016-05-16,596.3007605398432,596.3007605398432,589.7504870339131,594.6293334960938,1124564
2016-05-17,597.655983978902,610.485496099999,595.6231404959805,606.2164916992188,1869828
2016-05-18,603.0318157261414,603.0318157261414,592.9127602555633,599.0112915039062,1679064
2016-05-19,599.0113497779635,600.5021240636861,589.7506162406721,592.2578125,1311608
2016-05-20,593.0483589004698,597.2269825413862,581.9806530407454,584.1489868164062,1558094
2016-05-23,587.7176605097133,587.7402697181506,578.2988297079825,580.4671630859375,732148
2016-05-24,574.50423165047,588.5760388782227,568.8574434486766,584.9169311523438,1391044
2016-05-25,588.1242558028679,595.3973074829962,587.2659330257171,592.5739135742188,1755228
2016-05-26,595.3747611582619,609.8305394980417,589.9764534922675,604.9291381835938,2812820
2016-05-27,604.883884008944,615.2739731293367,599.7114486567734,602.4896240234375,1473552
2016-05-30,602.6252722470248,610.621102752055,593.0483409527409,601.2022705078125,4824894
2016-05-31,602.9413517220182,607.7298715714669,593.7032295572623,597.3397827148438,2957786
2016-06-01,600.3664278496954,609.4012875615042,599.1241346393217,602.51220703125,1890434
2016-06-02,606.2390669131177,607.9782663221021,601.0891860162711,602.2863159179688,1523970
2016-06-03,607.5944131691715,613.7381077306977,606.5779912884052,611.7504272460938,3376508
2016-06-06,615.4998527482799,626.3868482891105,614.8448474398166,618.7523803710938,2434724
2016-06-07,621.1466891521617,626.5449965019363,620.2432030588494,622.4793090820312,3529094
2016-06-08,623.3828521199107,631.536836914667,623.3828521199107,626.25146484375,2266562
2016-06-09,624.7606112243712,629.3683680780223,616.7195632231543,620.4238891601562,1386668
2016-06-10,618.3232144294147,634.6537344640485,615.9741729510807,621.5305786132812,2835080
2016-06-13,613.5799195658835,621.8242291790456,603.1898307383368,613.17333984375,2380866
2016-06-14,614.8224196144556,617.46510598068,609.4466651664578,612.3829956054688,1174906
2016-06-15,613.4670389005846,618.3458857154385,609.943421184922,612.3602905273438,1365592
2016-06-16,613.0153250724502,616.267853007699,604.9742766430629,607.1200561523438,1998934
2016-06-17,609.9886423389848,614.2802011723342,604.9742505339617,607.1426391601562,1931630
2016-06-20,605.3582689135181,611.6600621190922,600.8408386172176,610.237060546875,2144048
2016-06-21,612.0214952518176,619.6107452694354,612.0214952518176,617.4649658203125,1986504
2016-06-22,616.9905951677789,623.7441307817062,609.4464541803162,614.1445922851562,1218652
2016-06-23,615.6579991655309,623.4280126427906,613.6929279444629,621.0337524414062,1998834
2016-06-24,604.4321133421382,631.4463658766274,594.0420246972434,627.4258422851562,2768948
2016-06-27,630.2492900133009,633.0275206355992,622.5018861344864,628.7359619140625,1746496
2016-06-28,627.9680700623409,638.7647411430777,626.5225142052169,636.3253173828125,2010980
2016-06-29,638.990636145831,644.1179094720226,636.0543058984306,640.4588012695312,2111922
2016-06-30,646.4442618969366,649.1547200180978,639.442245083937,645.9699096679688,4694178
2016-07-01,647.3477965644937,666.2758415613129,647.12192503743,660.9452514648438,2329862
2016-07-04,665.2819439906277,667.4277234017297,656.1341475538246,661.9842529296875,1728496
2016-07-05,665.2818997732458,670.3866177749835,657.4216156210614,659.4092407226562,970110
2016-07-07,657.286083683185,663.9266839141786,655.0273686189817,658.0992431640625,1597782
2016-07-08,657.6926799607796,662.0294019642113,653.6947652254973,656.5858764648438,1428498
2016-07-11,663.1362648956723,668.3990830658132,659.9966723927772,664.9432373046875,1316600
2016-07-12,665.5303491790966,668.7151592644939,664.0847936924011,666.388671875,940948
2016-07-13,665.8692216757605,668.5796798372629,659.6577550556508,661.5550537109375,1505342
2016-07-14,657.5345843932051,660.0191710393835,645.8344289759555,653.7850952148438,1832622
2016-07-15,658.5962186907452,670.9287711512308,654.6208577020338,661.7132568359375,2521152
2016-07-18,664.0622635910964,669.3476350598723,661.125933854129,663.4749755859375,1474504
2016-07-19,663.2491809695691,666.3210560314142,651.9556037486976,658.0089721679688,1392118
2016-07-20,661.3518891788019,664.8528981549875,658.6865938970798,660.1773681640625,1445068
2016-07-21,661.3614114198807,663.1378064963658,650.9080973020785,653.5498657226562,2491952
2016-07-22,654.529374664117,658.9247987735323,654.3471702593941,656.1463623046875,2033726
2016-07-25,655.8957203541119,668.8314526257341,655.098624860626,666.6679077148438,1919612
2016-07-26,668.6492663143888,669.4235654314491,657.808745069721,659.9722900390625,2004548
2016-07-27,660.7011372109213,666.7590300363414,654.073834819678,662.1814575195312,1342568
2016-07-28,666.3718676463667,666.3718676463667,658.6969874679684,661.5892944335938,3059592
2016-07-29,662.2726059987269,674.0696325902894,661.5893811644779,668.0800170898438,3784502
2016-08-01,670.8811798058948,680.3779928876804,663.206299424729,669.6286010742188,2556022
2016-08-02,674.1149573417431,678.0776378911376,661.315893934028,664.071533203125,1498848
2016-08-03,665.7797059989432,669.5147012337563,656.1690225403252,658.8563842773438,1345026
2016-08-04,664.9143842038338,667.1918001579489,651.841983266628,653.9371948242188,1361794
2016-08-05,657.9453674275278,678.6698494060341,657.7176258673244,675.9369506835938,1870776
2016-08-08,680.9473065111964,685.6160087799187,671.268289612626,682.2454223632812,3560014
2016-08-09,686.4130975612812,687.3012674511153,668.6037177626656,674.4566650390625,1546836
2016-08-10,678.2143451546767,680.4917606857535,653.618257419047,660.0633544921875,6602056
2016-08-11,658.2642227067158,661.6803463139005,642.6867212983418,647.5148315429688,3344252
2016-08-12,650.4298687385484,672.7485407050673,648.630732728572,660.837646484375,3848548
2016-08-16,661.4753713118156,665.620256648112,651.9557628355077,657.5582275390625,3017988
2016-08-17,657.5582961008923,663.3884473749171,653.9144307042619,660.6783447265625,1181104
2016-08-18,663.229057384469,668.3987804360534,661.7031998284119,665.1193237304688,1371966
2016-08-19,665.9162842530254,668.8313871784297,661.1792489493638,664.5270385742188,1527874
2016-08-22,665.1876366892797,665.8936022465484,653.6411493787866,657.5127563476562,1207950
2016-08-23,659.4940339137602,659.8811834534011,651.796357909796,657.12548828125,900824
2016-08-24,657.1937302483857,661.1792070734022,652.3428244783164,653.5498657226562,1003038
2016-08-25,658.1732374055873,658.1732374055873,641.32035866233,643.9849243164062,1965574
2016-08-26,646.2850148439442,652.3657034204962,644.5996939269625,648.9951171875,1336100
2016-08-29,650.4298445431508,650.794253251067,643.8253398191482,647.879150390625,1113022
2016-08-30,650.4071299727062,655.4174445315801,649.0634769450323,654.0737915039062,2720064
2016-08-31,656.8067884214531,659.6990956830025,651.5459351087542,654.34716796875,2587538
2016-09-01,655.4402637350197,667.2828258316914,655.0075769757223,662.0675659179688,2331330
2016-09-02,665.0053310498719,672.2930607052128,653.8915322052837,671.1998901367188,2816632
2016-09-06,674.1150645755528,680.9473118516563,673.7051186187924,678.6015625,2300042
2016-09-07,680.9472945282981,683.2247102290617,674.4566597811221,678.1005249023438,1940376
2016-09-08,680.4918329224645,683.2247318498639,675.2765730430656,679.6264038085938,1721426
2016-09-09,680.5146280621589,681.8582811252571,665.4153503960046,670.6761474609375,1298158
2016-09-12,663.4112491569919,664.0944739244038,644.9641804368695,649.4962158203125,1374956
2016-09-14,652.4340683167773,652.4340683167773,640.3182277744264,642.937255859375,2284122
2016-09-15,646.2850664500554,648.1980734805,635.6495457907358,640.523193359375,1365672
2016-09-16,643.1422070301703,651.8874612593143,638.1546887840285,640.7053833007812,1548846
2016-09-19,645.8296237239849,651.1132175873599,640.8648458519871,645.419677734375,1107456
2016-09-20,648.1526405362799,649.8151654568677,640.1816839590593,642.1630249023438,1226474
2016-09-21,641.3202952628234,649.496195820707,638.2229875055402,640.8192749023438,2095174
2016-09-22,646.786074968755,647.9247828472211,641.4113515420066,643.8709716796875,1936070
2016-09-23,646.2850070761434,649.9744092107554,640.887543249492,642.2767333984375,1472766
2016-09-26,642.2767321981771,642.2767321981771,626.7447690277836,628.6577758789062,1781186
2016-09-27,628.5666647029101,633.4631079243277,623.3969427474665,624.7861328125,1958762
2016-09-28,626.585405437228,633.0760403145716,624.0119145235609,627.08642578125,2085302
2016-09-29,631.7096139085581,644.9413665174043,618.7055472816901,621.4612426757812,5270206
2016-09-30,624.2396593450528,644.6680675766469,614.9022547360973,640.2726440429688,2137750
2016-10-03,643.5977085850133,661.3615519217547,637.699223871279,657.6493530273438,3603220
2016-10-04,660.6782727475252,662.6140760285848,642.6866893117946,644.6680297851562,3167876
2016-10-05,649.4734453842992,649.4734453842992,635.3079303065739,637.31201171875,2300598
2016-10-06,641.2747974704778,641.2747974704778,621.9622989994396,625.3328857421875,2127622
2016-10-07,626.2892843854479,632.2105648923649,624.0118688058644,625.8338012695312,1374730
2016-10-10,627.7013427174757,632.2106372009913,626.2665596180425,627.15478515625,729386
2016-10-13,619.4799673891803,630.7987141359362,616.2687884903581,623.8981323242188,1654226
2016-10-14,627.2002332747433,627.2002332747433,616.3141759851485,618.1361083984375,1595846
2016-10-17,619.3203500131832,619.6392215443713,595.7946923339954,598.0948486328125,1865522
2016-10-18,601.4200570003605,608.0245637144338,600.1219409388247,607.3185424804688,1576968
2016-10-19,609.7553055462935,609.7553055462935,597.6167233851697,604.8361206054688,2310602
2016-10-20,605.7925824583842,612.0326793004624,602.6042004454454,604.6083374023438,1040256
2016-10-21,604.3805894505534,605.7925760640427,601.4199490412179,604.312255859375,812896
2016-10-24,605.1093545600017,611.8049345115838,601.3971558299743,610.0057983398438,1778610
2016-10-25,610.3474102866542,610.7345598371644,591.8092686474398,593.9044799804688,2905508
2016-10-26,592.1736360950508,603.5151777249439,588.7803088455895,596.2046508789062,1250544
2016-10-27,596.6829234550815,599.4613595357089,588.9397099445957,592.0142211914062,1908564
2016-10-28,591.2171784134135,598.8920590160737,587.5733129070135,597.5028686523438,1498016
2016-11-01,601.6477049866014,609.3453813549917,593.9500286182111,604.1300659179688,1854896
2016-11-02,600.7822899722981,631.5274033711838,595.088750453986,623.693115234375,6050492
2016-11-03,619.9353633035709,626.539868975968,616.2687017071278,619.8897705078125,2224808
2016-11-04,619.457130223724,634.032592111341,613.1942364438885,625.0823364257812,3198050
2016-11-07,630.3886909529857,634.6474473619896,624.2852055128708,627.6329956054688,2123570
2016-11-08,630.3887085223436,632.4839199882781,622.6682910160176,630.6619873046875,884762
2016-11-09,598.5049532615392,619.0016982362495,571.1076263584806,607.3185424804688,3743020
2016-11-10,618.5233703450375,627.8607756604035,596.6829738111934,601.8299560546875,2512840
2016-11-11,592.1280492234134,599.8712621747966,560.972993051773,564.89013671875,4555506
2016-11-15,565.7099843910098,572.9749172641812,532.5735903777684,564.0247192382812,4130936
2016-11-16,570.2648800048854,582.2668493863921,555.484474644507,563.592041015625,2696932
2016-11-17,560.244268730634,567.0765159102758,551.5900889697542,555.530029296875,1058432
2016-11-18,556.7142815844202,567.9874895772322,556.1449276453893,564.7307739257812,1094450
2016-11-21,566.8259384246596,567.3952923166049,542.0249051319096,546.3064575195312,1510636
2016-11-22,551.1347157221579,557.3292766133843,539.7476348188076,555.2796020507812,1287998
2016-11-23,557.9440708032428,558.650091936825,540.7040444348037,542.8448486328125,1161412
2016-11-24,541.1139780321682,546.4887014011586,527.4494836374165,530.0457153320312,3266868
2016-11-25,532.8697516276403,536.7868956218697,525.2859460126612,534.28173828125,1527176
2016-11-28,535.1926847068213,539.269236532924,526.538505124328,529.4991455078125,1327884
2016-11-29,528.815958965598,547.0352857172121,528.3832721956363,540.1347045898438,2076356
2016-11-30,542.9359357970504,545.6232976061732,537.7206757682479,539.7930908203125,1876180
2016-12-01,542.0249635425287,543.8468961930919,526.9484819793133,528.406005859375,1331604
2016-12-02,527.4494905665243,530.1823894813767,520.0023521437455,521.7787475585938,2193510
2016-12-05,527.3812625061897,540.020922516668,523.8057301639625,538.0623779296875,1325654
2016-12-06,540.2029263641025,543.1407699542816,533.8489597151284,535.3748168945312,1087404
2016-12-07,538.7910494862122,544.7123306585498,532.9153055103902,538.381103515625,1875400
2016-12-08,540.6585588635952,553.0476796738278,540.6585588635952,550.770263671875,1803138
2016-12-09,555.2339457787359,555.2339457787359,538.8365527942941,541.2733764648438,1954666
2016-12-12,540.7495574412305,544.4845525213109,529.3624790281236,530.9111328125,1082646
2016-12-13,530.1823643013462,534.9649371751985,525.2175870549629,531.7310180664062,1501832
2016-12-14,535.1015605790645,539.291982799622,527.9277018551675,534.71435546875,1104776
2016-12-15,532.9152838958962,545.1222545195408,531.1388884960492,540.4535522460938,1923330
2016-12-16,539.7475919796186,541.5467283791601,531.9588403801081,537.9256591796875,1602460
2016-12-19,538.9732345360069,541.9338750159542,533.8262526920182,536.12646484375,1482614
2016-12-20,536.6047169087799,540.2258415076548,532.9153143144897,536.8324584960938,1064722
2016-12-21,540.2029199461945,548.7204310978792,535.1926061861539,542.2297973632812,1676032
2016-12-22,540.6585171633276,543.3458789585546,534.3045492483429,539.10986328125,1711402
2016-12-23,533.3708252051237,538.2900659871157,526.0830940323807,533.6441040039062,1540542
2016-12-26,533.8264057427352,534.2818890240857,521.8699696072857,523.213623046875,2124360
2016-12-27,523.3500318758031,533.5756042530103,519.8883717668774,531.66259765625,1161856
2016-12-28,533.4163872555131,539.7020779252316,532.9153668342408,534.7828369140625,2138830
2016-12-29,536.4680933745691,537.014650931566,532.1637441095725,535.169921875,1667556
2016-12-30,536.6730566095301,541.4784263969009,533.8262867357262,539.6109008789062,1023018
2017-01-02,539.5196718017986,561.6105996889976,533.0290383504051,560.153076171875,2106528
2017-01-03,560.2442179981688,561.2690549823118,553.4119714372155,556.8508911132812,1553022
2017-01-04,556.8965082979772,560.5859108506571,552.5010845921976,556.57763671875,1130816
2017-01-05,557.5113131487736,562.521627237529,549.9503048259357,559.0371704101562,2508486
2017-01-06,564.3436441718012,564.3436441718012,554.4140888862586,555.8944091796875,2254066
2017-01-09,555.3707099088972,557.4886623916658,547.0353447796895,548.4017944335938,1042782
2017-01-10,547.0352812375264,554.140807492274,547.0352812375264,552.7288208007812,558120
2017-01-11,554.4368362798319,563.774240382306,552.7971081430056,561.1552124023438,1411696
2017-01-12,562.521651786141,562.5899853741626,551.2256481981459,552.6832275390625,655710
2017-01-13,556.5093970822085,558.8778874864221,553.7081642765678,554.710205078125,787588
2017-01-16,553.4120817050572,558.7868056443115,549.9504205446282,551.5901489257812,980302
2017-01-17,551.1347046383781,553.1843791597605,546.9214847888699,548.6067504882812,957954
2017-01-18,548.9027681955502,555.8716830784847,547.6274486542309,553.2298583984375,1958376
2017-01-19,552.0455809802604,552.7971393022841,547.8323618184886,551.4990234375,787858
2017-01-20,551.1346409737197,554.2319487997465,540.7040651607166,542.958740234375,1537666
2017-01-23,544.7579064115303,548.6295136059265,536.26313362363,541.5239868164062,1086802
2017-01-24,544.2567484977097,557.6023695058336,540.6584210118947,556.0081787109375,1587220
2017-01-25,561.610667460971,568.6251183856238,552.0455222730712,566.5299072265625,3701216
2017-01-27,566.5299624701108,578.3952651305805,566.3932952851425,570.1282348632812,1632060
2017-01-30,570.1282285359043,570.8342496487882,562.0889955330964,567.3497924804688,880280
2017-01-31,565.3457469812536,568.6935931086518,560.3582279930138,564.8447265625,1846324
2017-02-01,565.7100014705798,595.5896812493163,559.333238168979,593.22119140625,3047124
2017-02-02,590.7616483811291,591.0349271522448,573.2938806151118,576.1633911132812,2895658
2017-02-03,576.6188866981756,580.1716776021931,570.4015860176029,574.2276000976562,2265052
2017-02-06,574.819734966929,578.9190833145536,572.9978023679847,576.5961303710938,1710456
2017-02-07,575.7990879497858,576.505053536387,566.9854993099424,573.4305419921875,2674292
2017-02-08,574.068222918202,583.4739618385262,573.9543521215902,581.7886962890625,1681180
2017-02-09,582.5629206946469,589.7367799604332,575.9584153388437,588.3475341796875,1524034
2017-02-10,588.939776099175,595.7036904817428,579.6251669233025,581.9481201171875,3535424
2017-02-13,585.7286353029685,593.4718501855356,552.8655648556811,591.5133056640625,1752192
2017-02-14,593.2211800265575,598.4592354952484,585.2957632406933,592.9706420898438,1834652
2017-02-15,592.219061604942,600.6910911337975,591.262558284221,592.51513671875,2093830
2017-02-16,592.5835872052442,601.9665291184303,592.355845626764,601.16943359375,1932262
2017-02-17,602.1487796259032,605.7243115617317,597.5484105084117,599.939697265625,1750224
2017-02-20,599.8712238162672,603.3101433533969,594.2232224338713,599.3929443359375,940842
2017-02-21,600.3040198792424,600.3040198792424,593.494568748344,597.4345092773438,1125370
2017-02-22,598.7098124451958,599.4158335777161,594.1094436876278,597.2294921875,1207634
2017-02-23,598.5048400129064,599.1880647161174,589.6229188711623,594.337158203125,4754094
2017-02-27,593.4489878749905,593.4489878749905,583.4738960955519,589.3268432617188,1495124
2017-02-28,589.805147041389,600.2357223847629,587.9832144259864,597.6622314453125,1350030
2017-03-01,599.4158724441033,618.9105750344991,591.3538422967572,614.3329467773438,5875460
2017-03-02,617.1341556007739,619.9125918060878,598.0493997365123,603.5151977539062,1599896
2017-03-03,602.6042566116299,606.7036052960628,598.6643159225079,602.1715698242188,714316
2017-03-06,602.2170200520351,609.8918995270855,599.5068621192471,605.7014770507812,2634892
2017-03-07,602.649739381124,606.6124761120949,597.9127035423044,601.3516235351562,1357652
2017-03-08,602.604304679173,602.6271010807393,592.1053941373035,593.7451782226562,1755722
2017-03-09,593.0391371132521,597.5028947942806,591.2627414809663,593.9273071289062,1947556
2017-03-10,593.9272949029196,601.2378224848877,591.8320833083948,593.3807373046875,921202
2017-03-14,603.6973023191994,618.2499648938194,599.0513414120468,603.9705810546875,1826798
2017-03-15,604.4261921257804,609.7325824006591,599.8258230346187,602.8547973632812,2281418
2017-03-16,604.1529236970968,607.1591016774802,600.5317989199049,601.6477661132812,1868436
2017-03-17,602.6042895331668,606.6808420405624,592.128175656173,593.8817749023438,2367164
2017-03-20,598.504867039869,599.6207785317847,590.4883746137149,592.2191772460938,1482690
2017-03-21,592.7429781878087,594.8609859271153,578.9190758907837,589.577392578125,7791312
2017-03-22,586.6623164418729,586.6623164418729,572.8384135061583,578.8507690429688,2647756
2017-03-23,581.196500105257,583.4739158580205,577.2793561306978,580.5360717773438,1991010
2017-03-24,580.3311749299559,586.2069197445613,579.0558552405948,581.1055297851562,1450556
2017-03-27,580.7410514239334,585.0226044134497,573.4761169818039,576.52783203125,2196248
2017-03-28,579.420159804052,584.681012933661,578.4636562171165,581.6520385742188,1746870
2017-03-29,585.1592098065616,585.1592098065616,575.2752471980222,578.7597045898438,2308496
2017-03-30,578.7823914794062,586.3434559237822,574.3414309586161,582.9500732421875,8849392
2017-03-31,581.6519607466503,589.8506571393203,579.6022866484827,586.1612548828125,2188282
2017-04-03,591.0349782829821,594.4055650209203,583.0184852312475,585.9791259765625,1935486
2017-04-05,586.4345966511264,589.3952373332486,578.4181037704982,587.9149169921875,3975030
2017-04-06,586.6168434453685,589.3497427340951,580.8094324568244,587.0723266601562,1084388
2017-04-07,584.8403876774208,587.459415893266,577.8942693658315,580.9915771484375,1710604
2017-04-10,583.0184037572647,584.3165195516868,577.3248646580726,583.3828125,1087208
2017-04-11,581.6520166104394,585.6602908055445,578.4864307729569,583.7244873046875,1414324
2017-04-12,585.7513619478606,585.7513619478606,577.9170735929908,582.9956665039062,1663874
2017-04-13,579.830091947878,583.7927733995122,578.0309556154523,583.2462158203125,1104418
2017-04-17,578.4862909407707,582.3123042192113,576.4821543276597,578.1674194335938,2118848
2017-04-18,580.194473687446,580.194473687446,573.2710962681447,575.3435668945312,1951614
2017-04-19,575.7306123414259,577.9624905506,570.7202984682013,573.6581420898438,1718390
2017-04-20,572.9978783359119,581.6520593282667,572.9978783359119,579.2379760742188,1324892
2017-04-21,578.4634672898702,580.5814745698239,571.6767587975377,573.0887451171875,1331830
2017-04-24,573.2710077016676,578.9190091550805,573.2710077016676,576.00390625,1137378
2017-04-25,585.2957888564912,597.0928123746477,582.8589653693828,595.5213623046875,11584768
2017-04-26,600.2129950085401,619.2749560690371,598.7326745882953,616.1549072265625,5752818
2017-04-27,616.5874931576166,621.1423244747326,606.7035314398619,609.072021484375,2318584
2017-04-28,609.3453326127477,612.7158631781368,600.1673367384783,608.3204956054688,1052588
2017-05-02,607.2045588267032,616.1548135891268,604.1073068556223,610.7800903320312,1634378
2017-05-03,611.258440220848,616.8153128915566,607.5917783055118,614.2874145507812,1811584
2017-05-04,610.80303385277,615.3578663199793,605.6333101226838,608.0245971679688,1479754
2017-05-05,606.2480282584112,606.2480282584112,595.3164334588605,601.8070678710938,1791334
2017-05-08,602.3765606456511,612.9437491477768,598.049470039879,607.3185424804688,1159430
2017-05-09,608.3887029609187,615.7675619172579,605.1775807381531,612.0098266601562,1183118
2017-05-10,615.813322177552,628.4301853101765,613.9913892717012,626.9271240234375,2141724
2017-05-11,631.1629408122659,638.6784123359498,620.7324217844117,626.8131103515625,3489420
2017-05-12,627.6557576966946,627.6557576966946,620.2313603834073,623.0325927734375,3499498
2017-05-15,625.3784076686048,631.5957642109967,624.0119581252648,626.58544921875,1116380
2017-05-16,627.2002717021561,628.7944626614571,620.8690450578812,622.349365234375,1032024
2017-05-17,620.8235464753394,630.5481008116736,619.6393013806871,628.0202026367188,1841768
2017-05-18,623.5564425307648,624.9228920030748,613.763554645877,616.2003784179688,2435692
2017-05-19,614.9022567810405,618.363917624947,605.109368987861,607.3412475585938,1953484
2017-05-22,610.4157431308846,611.2355794249082,592.6291042169771,594.974853515625,873594
2017-05-23,598.9603784560082,609.5958995312111,592.128130793012,606.5897216796875,1560364
2017-05-24,606.4759575870852,609.8010076084668,592.7886634537199,596.0681762695312,1251366
2017-05-25,597.138337526483,608.4798777118241,593.9499558615819,604.65380859375,2913396
2017-05-26,607.6145097117753,614.4012196286,604.6538692971377,610.7345581054688,670446
2017-05-29,612.6248753537441,626.6309830988204,604.6083825287894,619.4799194335938,2117528
2017-05-30,621.2790421924191,628.1112897238606,611.3950796706561,619.9581298828125,4447770
2017-05-31,634.2602494224931,659.7673043364318,634.0325078607615,645.3967895507812,7883572
2017-06-01,651.3409131553127,656.351227871892,645.0096861659864,649.1773681640625,3424678
2017-06-02,651.3409619605327,653.5045071138981,641.7758149667067,646.1029052734375,2884778
2017-06-05,649.0407895696566,652.4797101076487,647.2871902996852,648.471435546875,2303902
2017-06-06,648.1751884854611,651.2724399219528,639.566547561656,642.8915405273438,1607632
2017-06-07,648.2208821403243,660.9516144549805,643.8482548444747,652.2063598632812,3809378
2017-06-08,652.9351306948923,655.8957713293651,642.2768132905954,645.6473999023438,1698402
2017-06-09,645.8750875078267,653.48163364641,644.0986921554181,649.8377685546875,1817262
2017-06-12,653.6183361256597,664.5271355927341,644.5086729043961,648.403076171875,3822974
2017-06-13,652.7072917733144,655.8273399334056,644.0531127477087,645.7156372070312,1966036
2017-06-14,651.340926618991,652.6390425203799,638.1774520167764,640.044921875,1884770
2017-06-15,641.7758866426764,644.0533028479379,628.0430558047535,632.0513305664062,3134784
2017-06-16,636.8565064313082,641.9351545810324,630.0698521013211,631.8917846679688,3300750
2017-06-19,634.4880690283546,639.9538671822241,630.2748496180801,632.3245239257812,2225100
2017-06-20,635.2169045513501,637.2210418933695,630.8442766421135,632.8711547851562,1879408
2017-06-21,634.3513232654518,635.5811610583332,628.9993965693266,631.8234252929688,2989436
2017-06-22,630.8441074827184,640.9558102864595,629.3409909790159,635.9910888671875,2256732
2017-06-23,637.6764595527873,645.9890276862433,624.0575011892863,626.8359375,2441604
2017-06-27,634.6247336919439,635.1712912647617,621.7345375234132,624.1486206054688,3336218
2017-06-28,624.0119268015644,626.289342592811,614.3329096887664,617.657958984375,1655834
2017-06-29,619.4571097075004,628.156827113345,615.8815779518097,617.4757690429688,1873788
2017-06-30,617.179629464186,618.9332283612893,612.6703354423722,614.2645263671875,1909516
2017-07-03,617.6351815863522,624.9229123425333,611.713900346955,622.3949584960938,2047918
2017-07-04,621.7344836308322,627.2002812891252,615.676535652503,617.2479858398438,860360
2017-07-05,621.7344538829817,635.5811517416678,620.1402629755895,630.8441162109375,2433212
2017-07-06,634.8068726406684,634.8068726406684,624.0119437375683,626.7676391601562,1561776
2017-07-07,624.1942390751494,634.8752987418962,624.1942390751494,626.7449340820312,1316700
2017-07-10,621.7344660977253,627.6557467272274,618.546084220301,622.82763671875,866646
2017-07-11,625.8338167469244,635.398962417729,625.8110203501783,633.1898803710938,4146842
2017-07-12,635.3989620963996,635.899982415852,626.2892995573832,627.0635986328125,1472052
2017-07-13,629.8225588937327,634.0989557394469,628.1442418054637,630.1444702148438,1589676
2017-07-14,633.6160476703828,635.6852608606673,629.5006349998837,632.5125122070312,1307346
2017-07-17,634.5588263687748,646.2383986020544,633.7771459191305,636.6740112304688,2626156
2017-07-18,635.4553982446164,644.6519020355931,633.1792860087514,634.6277465820312,1645736
2017-07-19,638.2374859167472,640.5366123069373,633.248392876238,635.6624755859375,3795788
2017-07-20,637.7776188417105,642.7437539714695,635.1566373810671,640.7434692382812,1804436
2017-07-21,640.9963472702769,642.8356481232763,628.0062849959689,637.3407592773438,1401986
2017-07-24,637.2258507455788,640.0537311142598,632.2597156177762,638.6742553710938,1161322
2017-07-25,639.7088349262976,641.9619897703514,637.4557362132531,639.0651245117188,1441876
2017-07-26,639.4787940390021,653.0436355479517,638.720127469571,649.9628295898438,2535586
2017-07-27,652.9518867293624,654.6762315006547,641.4562549207468,642.9276733398438,3867130
2017-07-28,642.8357101183334,642.8357101183334,632.8345107656339,640.168701171875,803316
2017-07-31,640.6745138246696,647.8937474653861,634.6047871250965,645.2727661132812,1021808
2017-08-01,650.6526907653434,659.1134860976105,645.272758106825,657.2052001953125,3883480
2017-08-02,657.8259535767137,659.2284429609283,647.5718847702742,650.46875,952938
2017-08-03,652.2161474651165,653.7105795313718,645.6406239211885,651.3424682617188,1126038
2017-08-04,652.951812507995,654.9750547025313,641.5021533018996,652.05517578125,4474648
2017-08-07,639.1570982830069,657.5501083055394,636.8349583152574,644.1002197265625,2987954
2017-08-08,643.7782627347325,651.3653781696515,639.2719535391672,643.7552490234375,1705654
2017-08-09,642.6057905409233,646.790189113592,636.5820909577618,640.2147216796875,1542222
2017-08-10,637.3177592078794,641.8240688466011,634.5588078693171,637.8005981445312,1632346
2017-08-11,634.5588254736433,637.3637481861291,616.1658160396246,619.867431640625,2253020
2017-08-14,622.9251811031637,630.3743830829413,619.6604333825543,623.4080200195312,1370684
2017-08-16,626.2359881670906,632.9264115444289,620.0053338859557,630.5123291015625,1489816
2017-08-17,630.8802419688985,632.2367040017768,624.7185724027668,628.5811157226562,1223074
2017-08-18,627.2016198819571,634.3289110169793,625.6612165725253,629.9605712890625,1357710
2017-08-21,630.0524318767098,640.5134546003904,630.0294742965781,633.93798828125,1405084
2017-08-22,635.8002528618144,637.2257558222142,630.4203207172849,632.0986938476562,584698
2017-08-23,633.6391429281562,637.77756984133,628.6040793028644,631.8917846679688,1578484
2017-08-24,632.259750334414,635.9383525181778,628.9490308214324,632.3287353515625,1580092
2017-08-28,634.5587385733284,634.7656374487229,628.3510987394588,631.3629760742188,2070446
2017-08-29,632.3746306174996,634.0989751838081,628.6040862849085,633.1563110351562,1075712
2017-08-30,636.857954119036,638.4903561650304,622.534386740626,624.5116577148438,2110352
2017-08-31,624.4427179996155,625.5003385752902,612.947086224954,618.373046875,3116004
2017-09-01,618.372984475546,621.5227760377578,614.7403539751155,619.6604614257812,2174602
2017-09-04,619.8443615060295,619.8443615060295,608.8545281433343,610.7858276367188,814606
2017-09-05,611.1307250844644,612.2342606968073,603.9574068181894,609.1074829101562,1547776
2017-09-06,607.6130144700973,609.1074463306563,602.3709961022433,605.3828735351562,1298532
2017-09-07,606.3485781036457,617.5453117327618,606.3485781036457,616.142822265625,2328682
2017-09-08,618.4648487638943,619.3155140954734,592.3467568618363,595.6575317382812,3938974
2017-09-11,597.772836503392,611.5675942688549,587.6566808087192,588.6682739257812,3330838
2017-09-12,590.4156030775514,600.0259617370251,588.0934631831367,598.11767578125,2122904
2017-09-13,602.3710749890918,606.9923411847334,599.1522982525089,601.1525268554688,4776058
2017-09-14,603.7505204361261,603.7505204361261,592.3698461171664,593.5194091796875,1431844
2017-09-15,593.174648686498,599.6122030133282,590.8755221412015,595.12890625,1680374
2017-09-18,598.2327066428873,600.6237757158785,593.6344537094293,595.4737548828125,1302442
2017-09-19,599.6121483696177,599.9340036042203,592.3009153956565,595.3587646484375,975052
2017-09-20,597.8188220008756,600.6237449202655,592.9906566682979,594.3011474609375,1676474
2017-09-21,594.7839728275983,596.2324336204085,588.6223031275729,593.84130859375,970210
2017-09-22,592.2549149386689,596.3933421393273,589.289064563935,591.8640747070312,1716992
2017-09-25,589.7717370628778,594.0941047789559,572.9421474880642,579.3796997070312,2290416
2017-09-26,581.816846890895,581.8857757659574,571.2638248926335,573.4710083007812,1314494
2017-09-27,576.1609677401457,577.2645594312919,562.8260371220576,566.504638671875,1420550
2017-09-28,566.5046757823342,574.3217045877723,563.2858992153891,565.8379516601562,3082168
2017-09-29,566.0448425061821,579.6096864167689,566.0448425061821,576.7357788085938,2433430
2017-10-03,581.6789108698478,593.8412656447227,576.0460518515429,581.3570556640625,3570708
2017-10-04,581.2189977873425,594.0021595898123,577.6553528246432,592.5996704101562,2356486
2017-10-05,602.3710592146358,605.1300106308861,594.5540302019268,598.11767578125,4212796
2017-10-06,602.3250267121738,607.52101767285,597.4278772197498,599.1522216796875,1825894
2017-10-09,598.2555058077182,603.7044223535188,597.3128418420198,600.0028076171875,835364
2017-10-10,606.0497384855593,606.5095637803131,598.3016934951605,600.1179809570312,1387442
2017-10-11,601.9112184883356,611.6825045027566,600.5317428157115,606.7163696289062,3285560
2017-10-12,607.0841816937866,616.901437863278,604.2792593783607,615.3150634765625,1648332
2017-10-13,615.2461297734575,618.7638038492605,608.3487516369838,609.4063720703125,1083280
2017-10-16,615.6600458591723,632.6735803138888,611.7055598877921,629.3168334960938,2340580
2017-10-17,631.7538418350734,632.4895509152807,617.7751447871171,631.5009155273438,2047488
2017-10-18,630.8801029183047,633.8689663796523,626.3737940164884,630.21337890625,1196844
2017-10-19,628.4661261981213,634.0989852037383,625.4082772260132,632.6045532226562,350390
2017-10-23,634.5586556291285,640.9731934999379,619.2004856362533,628.6039428710938,1199328
2017-10-24,625.6151465404206,628.0751999306408,619.3614794331301,621.0628662109375,781906
2017-10-25,622.6033302378203,631.6158930682373,620.2811904902175,627.5234375,1328304
2017-10-26,632.0066933332791,634.8806006952498,627.4314552654232,631.3169555664062,3304178
2017-10-27,631.3170043709591,639.4789019099188,630.6732939769176,638.0994262695312,1549084
2017-10-30,638.2373984545485,640.3755969306159,629.9835582972548,632.1447143554688,1126068
2017-10-31,633.6392234193447,633.6392234193447,617.1314849647279,618.373046875,1599456
2017-11-01,619.4995594014068,626.8337495839643,614.3265254112299,621.1089477539062,3930716
2017-11-02,617.5453233864638,620.4882162728848,612.0504339889299,614.0276489257812,1740658
2017-11-03,615.706034048146,617.522321404919,607.0153252539745,611.9124755859375,2168762
2017-11-06,619.7754224555715,633.5011942878709,617.6832513463653,628.1902465820312,5150692
2017-11-07,634.558815573061,635.4784660304132,619.8444082554248,622.4884033203125,4427324
2017-11-08,625.8221642271654,632.259717716644,622.6033874824261,628.5811157226562,1371018
2017-11-09,631.3400770909013,634.5818676012021,616.1658436284106,625.9601440429688,968514
2017-11-10,626.3279522838914,649.3422281491731,619.4765449367727,640.5135498046875,5939800
2017-11-13,647.4338553096522,658.3547033661893,647.4338553096522,648.9052734375,6476230
2017-11-14,652.4920135991932,661.320635728258,650.6757263590556,657.3661499023438,3592110
2017-11-15,657.0902359016875,657.0902359016875,646.9740811152375,650.7676391601562,1994072
2017-11-16,650.6757745797765,655.7108388633833,647.4339839548694,650.169921875,1744892
2017-11-17,655.2509556250827,655.2509556250827,649.2732276088539,651.4573974609375,2896880
2017-11-20,652.8368451703678,652.9748151864624,643.8012685223683,647.4338989257812,2529602
2017-11-21,652.9517886059432,653.8714390124304,647.5258287552659,651.1124877929688,1707526
2017-11-22,654.7910907714673,662.9760018585132,652.7678486468149,657.3201293945312,2879234
2017-11-23,659.5731784226421,659.5731784226421,649.5260105473062,652.3309326171875,980022
2017-11-24,655.2509046745839,662.1023113251017,652.9747924054849,659.435302734375,1933116
2017-11-27,659.8491885693735,663.9876155360106,655.27395009755,658.0098876953125,1735164
2017-11-28,658.7686650373483,662.8150936164715,656.078698512673,659.8492431640625,1487160
2017-11-29,661.6654605811952,663.5737464205447,657.5500474221099,659.1134643554688,1383574
2017-11-30,657.550215414107,657.550215414107,644.0083820315886,646.767333984375,5367350
2017-12-01,650.1928826097444,656.1475969535187,646.5142807279353,648.0776977539062,2154686
2017-12-04,652.9517664558797,652.9517664558797,640.4215300925538,644.215087890625,2925628
2017-12-05,643.7553057324158,648.0546602980698,635.9382770199506,638.329345703125,2599242
2017-12-06,637.7776311243823,640.2606987370822,626.9487238753087,628.7880249023438,2369644
2017-12-07,633.0874093080807,635.7083907088705,629.0868960640734,634.3519287109375,3113720
2017-12-08,637.6396162303821,640.8354352186041,634.2829257708289,638.306396484375,2399392
2017-12-11,641.8470590152891,656.5614669013282,640.3066556659217,652.1471557617188,2646642
2017-12-12,652.8598106780677,656.8602672773379,648.8592979477942,652.5609130859375,2812240
2017-12-13,653.7794482855037,658.4696425608407,648.3534888343473,649.5030517578125,3787148
2017-12-14,651.5723901011173,660.3090699966157,649.733089070486,658.2858276367188,5505930
2017-12-15,663.297873776139,685.1395715261332,662.608135952455,682.104736328125,7105514
2017-12-18,682.3806417956504,707.671029463279,669.0457101163554,699.60107421875,8530702
2017-12-19,705.8316774137378,717.7641188238024,699.8539498525791,715.6259765625,11347974
2017-12-20,717.3273573050105,722.5693761422875,704.9580474175876,708.935546875,9660028
2017-12-21,705.3718320538181,705.3718320538181,679.5756504650129,682.5645141601562,6803736
2017-12-22,686.9789342830018,692.8647200277913,683.3003322252614,686.2432250976562,2338232
2017-12-26,687.8985536507304,689.6918832988829,677.506514534348,681.966796875,3887128
2017-12-27,684.9556328277196,694.2441359007183,680.0355254523993,686.7489624023438,2523905
2017-12-28,686.978853571051,693.3704351216415,685.46140794811,689.6918334960938,5643656
2017-12-29,690.6574470612843,692.4967478523929,684.1279517052509,690.7493896484375,2055582
2018-01-01,690.6574455347414,697.9227060959645,683.3002423865684,684.8176879882812,2476302
2018-01-02,693.4164392339063,697.0950410335556,686.3351195433795,692.4048461914062,3020597
2018-01-03,695.1637910663467,698.014684982118,689.737831009998,694.244140625,2256643
2018-01-04,699.8540509743665,699.8540509743665,690.1977204418687,695.2557983398438,1663380
2018-01-05,695.255781494537,697.554907756093,693.0485978310384,695.57763671875,1255982
2018-01-08,696.2214305423724,698.934410863374,695.7616052720675,698.8424682617188,2309604
2018-01-09,698.9344060001372,704.4523092054014,696.3593957305501,701.1875610351562,1947163
2018-01-10,700.8196901894978,703.5326705373809,693.6004558265855,698.7964477539062,1275821
2018-01-11,699.2102952480534,707.165294881838,694.795983876497,705.0501098632812,2291617
2018-01-12,705.4638434388447,707.6710269890701,700.543735944021,705.8317260742188,1363265
2018-01-15,708.13082168417,713.3268689969825,694.9338606415495,698.1986083984375,2127778
2018-01-16,698.0146922498268,701.2794401243982,681.4609841332301,686.7030029296875,1611817
2018-01-17,687.0248427389834,693.4164244558589,679.4836979842167,685.46142578125,1940533
2018-01-18,689.7378016507347,703.5325576837494,685.1395496397298,698.2445678710938,2810014
2018-01-19,698.9343775602429,706.5674654573958,688.1744555216,703.9005126953125,2005133
2018-01-22,700.865532200179,707.2111422750751,695.255687334144,698.56640625,934811
2018-01-23,700.7277060845429,710.8898328308909,700.2219095383559,707.2572021484375,2775928
2018-01-24,707.2571745845548,709.0505042066101,691.9450281139516,694.7039794921875,2080315
2018-01-25,695.7155983970418,700.7736761117592,688.2204244219196,696.9111328125,2878048
2018-01-29,696.4512898643418,709.9701630026407,696.4512898643418,702.934814453125,2074165
2018-01-30,702.613026907973,706.8894244587065,692.588813364864,703.4407348632812,1648188
2018-01-31,703.3485849091911,709.1883983804969,695.8534681451894,701.7391967773438,2242045
2018-02-01,707.1193159117292,738.0655226088605,701.693355325093,734.5708618164062,6896060
2018-02-02,734.5708173623684,735.7203804568322,704.0384103472078,708.3607788085938,3783976
2018-02-05,701.6013485645676,707.9009316749748,685.1395831086148,699.3941650390625,2018332
2018-02-06,684.0361057394999,698.8425140929533,672.0346766236728,691.393310546875,5626253
2018-02-07,705.739686367706,709.9240841469978,683.9899335900552,687.0707397460938,1909559
2018-02-08,693.41640686966,699.5780758226872,686.0592036137485,691.7610473632812,3024010
2018-02-09,686.9788300242684,692.7726161597179,682.3805781499426,689.7837524414062,2214895
2018-02-12,708.1308768837446,708.1308768837446,683.3003136683406,686.0592651367188,2662221
2018-02-14,691.3931432106777,693.3704139765131,682.4265520218515,686.932861328125,1207191
2018-02-15,687.9905125653312,690.9334053742855,683.7601427425299,689.1400756835938,1652980
2018-02-16,692.1749630749425,693.1865561605501,682.3806629136029,683.9900512695312,1042980
2018-02-19,684.2199580111156,684.9556671698716,658.5157158354367,666.4247436523438,1185926
2018-02-20,668.4019947901936,674.2877806417529,646.5143233757934,652.0322265625,2981323
2018-02-21,658.4697287519862,658.4697287519862,644.6749718647238,651.4804077148438,2290218
2018-02-22,645.5946127757118,666.2867478005743,644.1231945152362,663.941650390625,3325355
2018-02-23,664.4934636559185,665.8269681193766,656.6304630348549,660.9068603515625,1648932
2018-02-26,663.9875755200063,677.7823312441062,661.458536970588,676.3109130859375,1525511
2018-02-27,682.2887215843077,682.3806641809842,672.2645087820747,680.357421875,1429191
2018-02-28,675.023378640217,675.8970577270558,666.8384678092076,669.8273315429688,1814444
2018-03-01,669.5054823327154,677.3225106291825,669.0456571388055,673.6898803710938,1831321
2018-03-05,668.5858884997582,683.3002959495465,664.125606193945,680.1734619140625,2170367
2018-03-06,683.3002999107575,683.3002999107575,658.4697371952926,662.056396484375,1763292
2018-03-07,663.067986249412,667.4822972617636,646.0084813245369,650.9285888671875,2343794
2018-03-08,653.457512439044,670.6090130651921,650.2847076632765,668.263916015625,2500680
2018-03-09,668.4939747104293,680.2654899512823,665.3211692411531,669.9653930664062,2191343
2018-03-12,675.9890564048275,679.8515995459335,672.4484246019024,677.8743286132812,1867680
2018-03-13,677.7363901610955,681.4609631464231,671.758662414197,674.103759765625,1823994
2018-03-14,672.2184918028656,675.2992982853169,664.9992022619903,669.689453125,1366237
2018-03-15,672.264543660342,678.6101548285567,671.1609517879115,675.80517578125,1249262
2018-03-16,679.621690794539,691.5771467895714,676.4488854773476,681.2310791015625,4929069
2018-03-19,682.1507348913748,688.8182007868415,679.621696103439,683.0244140625,2081202
2018-03-20,680.9091815313767,684.219900533167,673.2300669798537,681.4149780273438,1248986
2018-03-21,683.300269722418,690.4275605573423,680.0814932163232,685.46142578125,2788242
2018-03-22,687.0248747707952,688.7262618248039,667.6662435363363,672.1265258789062,1877037
2018-03-23,666.7465797745039,678.058269143097,663.2519192722324,674.0118408203125,2276332
2018-03-26,675.3452678411021,689.7378194595613,668.6318309578973,686.51904296875,1890961
2018-03-27,688.818151620533,691.5771028286258,682.0127161881679,685.047607421875,2422064
2018-03-28,684.2199188543862,686.0592197115216,675.9430649972766,679.5297241210938,3301815
2018-04-02,688.7263167212532,691.4392409285966,677.9663941010784,687.944580078125,3567965
2018-04-03,687.8985854204515,709.4184299301274,685.1856051742084,708.2228393554688,2500384
2018-04-04,710.8898591120919,723.5350538893123,688.9101890105545,695.7615966796875,3295198
2018-04-05,708.1307758241519,718.2469297644969,705.0039421538257,712.3611450195312,2224647
2018-04-06,712.3612344124201,712.3612344124201,702.658933141948,709.9241943359375,1194886
2018-04-09,709.9701874863026,724.8685368436943,708.1308864824521,723.0292358398438,1813902
2018-04-10,714.1087070624806,721.925737339404,706.6595594862906,715.1203002929688,2193150
2018-04-11,718.7068692631594,727.0756664016627,711.7635191804216,725.604248046875,1448946
2018-04-12,726.0179830337446,730.7541486772136,717.9250711465037,724.5465087890625,1146053
2018-04-13,731.1220180622636,731.5818432308562,720.2241840190194,726.1558837890625,2183881
2018-04-16,720.2702130096661,740.3185807401547,720.2702130096661,737.0538330078125,2896629
2018-04-17,750.4347283903414,753.0097382909698,741.6980495671696,744.3190307617188,4339790
2018-04-18,747.6757316707019,747.6757316707019,731.7657919031716,734.1568603515625,1503151
2018-04-19,737.0079481781254,739.8588423338431,729.9266279575528,737.4677734375,2590266
2018-04-20,728.2712378833744,739.8128401862273,728.2712378833744,735.2605590820312,2561105
2018-04-23,739.3070351868569,766.8045505575855,735.7663471992228,758.06787109375,2751312
2018-04-24,757.7000065339855,776.1849575978343,756.0445908665303,771.1728515625,2872669
2018-04-25,774.3456946713808,793.1985292803633,771.1728893280574,785.2435302734375,3602302
2018-04-26,789.9797395150615,798.9463314362162,782.6225358874475,789.1980590820312,5461957
2018-04-27,790.807436281723,797.1529906429159,782.8064662227325,793.3824462890625,1087577
2018-04-30,794.9458818708177,808.3267848678203,794.6699418273872,803.1307373046875,1137366
2018-05-02,808.8325262253525,809.1084101189552,791.81899383744,793.7962646484375,1341643
2018-05-03,793.6582951866535,805.1539251864602,783.1742581744275,795.5895385742188,2126154
2018-05-04,795.4515245415876,798.7162718242839,783.8638972821179,785.6572265625,961238
2018-05-07,792.7386555311044,816.5576236659382,789.5198790875327,814.4423828125,1916654
2018-05-08,814.8103359825634,815.2701612286032,790.4395979424529,795.7735595703125,1834833
2018-05-09,795.4975813017967,798.8543276521773,785.1515144929582,790.9912719726562,1630905
2018-05-10,790.8994408566842,802.6249848926409,783.6802067849904,787.6806640625,1369399
2018-05-11,789.0140593235348,802.6708450933431,780.6452071383922,799.2681274414062,1304682
2018-05-14,801.9351668003119,803.7744676415971,781.7028575461756,784.1399536132812,1492933
2018-05-15,785.2894456191863,795.4975419127175,769.839275044866,778.9898071289062,2060487
2018-05-16,777.5645115362959,788.8302303610383,767.1724719282464,784.5538330078125,1559853
2018-05-17,786.3471998553657,790.4396560722863,778.0243735161772,780.7833251953125,1065979
2018-05-18,780.093414616927,785.1974628674419,761.5164661961942,768.8276977539062,1983383
2018-05-21,766.9885023053989,779.1738711969415,755.5848138714754,759.5853271484375,1670673
2018-05-22,756.1366316503942,769.7474474520175,746.9860981994041,763.4938354492188,1937535
2018-05-23,761.5624921725909,768.3679277492841,754.6191427111715,764.9652099609375,1315364
2018-05-24,769.7474660509359,779.6796801931328,765.0572709682632,775.3113403320312,1394760
2018-05-25,777.1045479481065,791.772982298298,776.1848975955052,788.7841186523438,2069467
2018-05-28,793.1065189353855,795.175732313269,777.1505509873252,781.6568603515625,3096495
2018-05-29,785.3814259271312,805.3378504350871,781.7028244005404,800.3257446289062,4666224
2018-05-30,808.3727230937059,828.6050324316598,804.7400926909172,825.8001098632812,8212884
2018-05-31,827.6853930860418,858.4936827175778,819.4085391551814,848.7913818359375,9417129
2018-06-01,848.3776405186255,852.9758933127645,824.9725225702555,829.1569213867188,3431462
2018-06-04,835.04259686603,844.5609564373749,833.2032959918756,841.0203247070312,3364222
2018-06-05,838.7211294666538,842.3077883279586,826.3058495896803,828.880859375,1836194
2018-06-06,829.8926187069432,843.4114359086744,824.788513619053,840.83642578125,2102493
2018-06-07,845.1587137585102,853.3895960272996,842.3997625710504,846.354248046875,2668799
2018-06-08,843.3195218630582,843.9173171499355,830.5363572580941,838.3994140625,1335422
2018-06-11,838.9051775093118,846.0784400136603,836.8819352309031,843.1815185546875,1747134
2018-06-12,846.0783993144055,851.964184544648,840.6064680056813,843.8712158203125,2032546
2018-06-13,844.2391525834303,847.3659867120698,841.2502884811469,843.9172973632812,1353228
2018-06-14,840.6524517965589,850.6766641289686,836.4680534856939,847.9636840820312,1385264
2018-06-15,848.4234968687667,850.1248838506891,830.3063720883179,836.3760986328125,2619109
2018-06-18,841.4801599349457,847.0440339192428,835.9622572468477,840.4685668945312,1496081
2018-06-19,841.4802815504983,841.5262528533414,814.8104147035426,819.7765502929688,1878313
2018-06-20,824.006846951178,835.8243334087315,820.7420989065358,831.73193359375,2671370
2018-06-21,836.6979406007848,836.6979406007848,803.8664093919241,812.6030883789062,4202520
2018-06-22,811.8674182656599,839.3649895873509,811.1776804177681,835.2265625,4589148
2018-06-25,838.7212347218338,841.0203609135054,828.6050794784783,832.83544921875,2984963
2018-06-26,832.2836222149482,841.4801263278206,819.500459045653,825.8460693359375,2106484
2018-06-27,827.6854955201229,833.4792827625607,814.396533838069,820.9260864257812,2168303
2018-06-28,820.9259839771586,843.9632161679682,819.4545096012596,834.8126831054688,4493297
2018-06-29,835.9622907173055,841.3882510302512,822.9492139044502,825.5702514648438,2441612
2018-07-02,834.1228825279272,834.7666490107648,808.0508170865396,815.4080200195312,2180118
2018-07-03,815.6380639337862,826.3059874518219,808.4187737148369,822.3515014648438,1406654
2018-07-04,823.0873309971671,830.1686522218944,814.350649830158,827.7775268554688,1457165
2018-07-05,829.1567275537203,842.3997149574169,829.1567275537203,839.04296875,1935437
2018-07-06,841.4341719715331,852.5159484244193,830.3063680923509,850.6306762695312,2998570
2018-07-09,856.1945667946763,864.4714208238407,853.067732820144,857.803955078125,2472960
2018-07-10,862.0802783547023,862.1722209392009,851.9641242956824,855.7806396484375,1617650
2018-07-11,854.3092469565619,864.1954887177991,852.0101209655764,856.1945190429688,2732003
2018-07-12,863.1479478078095,863.1479478078095,843.6784452256785,849.0557250976562,2173358
2018-07-13,851.5589523400052,858.4196567900102,836.2614861303045,840.6189575195312,2296504
2018-07-16,839.0429387606571,848.9631262600631,829.7717460671693,834.7318115234375,1901810
2018-07-17,837.1885308428846,857.863275049097,835.4269819527688,855.2210083007812,1791101
2018-07-18,859.0686677338992,862.0354606281988,834.4073185104487,836.6787719726562,1442856
2018-07-19,839.9700043961357,855.1747820773463,839.9700043961357,846.4598388671875,2040980
2018-07-20,846.4597312883218,848.4994046087979,838.1156594574402,843.4465942382812,1667834
2018-07-23,843.6783850945502,846.4597424080488,838.1156704675532,844.0492553710938,1179253
2018-07-24,847.247759250654,857.4924704826442,844.7909276099516,853.3204345703125,1982289
2018-07-25,857.492588920028,857.5852782072496,842.4732462437818,843.7711791992188,1433236
2018-07-26,847.7577928526081,850.0755907808065,839.9699691791159,847.0160522460938,2785063
2018-07-27,848.3141154929951,849.1485454544569,837.0032493023815,843.5394287109375,1658854
2018-07-30,849.2411423976192,866.8564062683122,845.5790104334448,865.2339477539062,2458481
2018-07-31,866.8564690776188,873.1608684444465,857.168061929378,867.7372436523438,2011316
2018-08-01,871.028548566588,874.6443363310958,858.60512779369,861.9891357421875,2000884
2018-08-02,858.2806119810948,858.2806119810948,843.7248290103561,844.8837280273438,1652795
2018-08-03,847.4332865068678,857.5852529811528,847.4332865068678,853.5523071289062,1575164
2018-08-06,854.757576714473,867.5981552845095,853.4595871709397,864.4459838867188,1702042
2018-08-07,872.372838554697,875.2005408491775,856.0091617398784,859.4395141601562,5202007
2018-08-08,868.6179731710862,870.5185561525709,856.6581132410918,860.6447143554688,2056171
2018-08-09,861.2937709935068,871.4920825983814,859.9030921382965,865.1876831054688,2452570
2018-08-10,864.0750384957975,883.2664160115206,861.4327715814937,877.0083618164062,3163115
2018-08-13,875.2005508446831,895.9680441774393,870.194084380952,884.935302734375,4285645
2018-08-14,889.0145881677636,891.7959456571776,878.9089666548143,881.180419921875,1801054
2018-08-16,876.1276242711072,894.9017876483451,875.2005050919843,881.922119140625,1832039
2018-08-17,884.9815595187034,898.1930072002435,880.9022692744148,891.425048828125,2246030
2018-08-20,897.1268742543155,910.6627913019408,891.981317667212,898.8883666992188,1877608
2018-08-21,902.0869740154512,905.4709817017454,885.862388151864,887.9947509765625,1557070
2018-08-23,890.0344004821468,899.3055921538357,884.7498099119114,892.908447265625,1978510
2018-08-24,895.7825645409689,901.5307147840158,891.100623991462,897.7294921875,1634893
2018-08-27,903.2921936159831,912.1925715764766,897.265919026979,905.2855224609375,1635797
2018-08-28,910.4310841188328,915.6693304045689,903.1068195650038,909.0404052734375,1460036
2018-08-29,909.8283812578812,920.6293422992596,904.358412068443,912.1461791992188,1795568
2018-08-30,913.1660670125812,919.3313757381342,906.6298879724221,911.3118286132812,1831626
2018-08-31,910.4310215153196,915.9937365143949,889.2463711952532,894.9481201171875,2243187
2018-09-03,903.8485362019961,903.8948808449045,873.3462917020714,878.7235717773438,2189450
2018-09-04,882.8028595154875,886.0477765168458,860.4592542111602,863.84326171875,2067396
2018-09-05,862.2207996301378,876.1275867209464,847.7577636904414,861.66455078125,2133045
2018-09-06,866.8564032337698,874.9223511373816,859.9030096249428,866.81005859375,2144816
2018-09-07,871.5847822693274,906.3981552956011,866.9028413850571,902.7360229492188,3132025
2018-09-10,899.9082707645574,905.0074263455742,866.4855784594915,869.03515625,2151834
2018-09-11,874.2733850744569,890.961530282665,868.0616752629177,874.4124755859375,3909701
2018-09-12,879.3261714212067,881.6903139424813,845.903537294177,869.77685546875,2787531
2018-09-14,872.6045936154468,885.2133919743833,860.412953622839,882.5247802734375,2803861
2018-09-17,878.5845941876462,886.6968877570946,868.3398810390187,881.5513305664062,1978897
2018-09-18,880.2533656717422,890.9615814782753,871.8629479439769,877.564697265625,2227889
2018-09-19,877.9818591350568,895.2726543916278,869.8232217086191,879.743408203125,2083160
2018-09-21,892.815819442256,905.5173642241767,806.5937309602937,889.9417724609375,4633394
2018-09-24,885.3988683786936,888.3656612445611,820.5005220053862,830.7451782226562,4569708
2018-09-25,830.6987769456887,834.407253628482,802.1898624467156,827.9174194335938,4269089
2018-09-26,837.1886665838607,850.9563645457588,820.7786448583652,828.241943359375,2357565
2018-09-27,823.2818284127848,830.1888775924044,803.3487661257635,813.500732421875,2588148
2018-09-28,813.5007753184353,816.7456926060343,778.362934055117,798.2033081054688,4188699
2018-10-01,797.7860935540219,801.448225812172,779.6609240126143,785.8262329101562,3060818
2018-10-03,783.8792789570421,783.8792789570421,729.6428060782875,733.9075317382812,6680994
2018-10-04,723.2920435957553,741.6953364978632,709.6633804702344,736.7816162109375,5036305
2018-10-05,733.3512558823322,737.7550718942679,698.0280385055516,713.4645385742188,5157618
2018-10-08,712.722891362696,724.0337570210447,698.3988882774482,718.3782958984375,3874262
2018-10-09,719.027199166055,725.4243435238797,704.8886330389552,709.0606689453125,2933355
2018-10-10,712.027591949334,718.1465564329011,696.1738752320847,708.4118041992188,7578601
2018-10-11,692.5579693947342,701.3656008662871,662.8901581221352,676.93603515625,6199047
2018-10-12,684.677513504773,719.351793424662,681.942500610096,712.4910888671875,4477653
2018-10-15,718.5173920859322,718.9346070503232,684.2139811089264,694.4122924804688,5282462
2018-10-16,698.6770226923911,723.1529927749037,695.4321054171191,721.0206298828125,4357854
2018-10-17,731.6824612752172,733.1194846732964,696.4519327673635,704.0543212890625,2634539
2018-10-19,693.5778748820231,702.7563779143319,678.7439671687919,687.1807861328125,2985488
2018-10-22,692.5580104743399,694.4122487888629,677.7241039581559,680.273681640625,1842855
2018-10-23,677.260514548224,680.8763017370244,664.0027225007233,676.7506103515625,2967082
2018-10-24,686.8098112102175,694.5976342083947,672.7639909354252,682.5914306640625,3729119
2018-10-25,674.9427464863714,690.2402125811861,671.2342698573254,680.273681640625,3966709
2018-10-26,677.7240961210658,687.7369715863304,670.0290185221526,675.128173828125,1813847
2018-10-29,674.942791287942,697.9816812404281,674.942791287942,694.8758544921875,1954444
2018-10-30,696.2664678178373,707.160117613922,683.286799975694,691.9089965820312,2756355
2018-10-31,694.4122715763597,713.0473446140903,681.5716934616628,710.126953125,3093083
2018-11-01,714.3453705917024,721.9477596363334,696.2665455085898,700.948486328125,4171044
2018-11-02,709.2925092332594,737.8941695614143,709.2925092332594,726.4442138671875,4117317
2018-11-05,726.8613661752764,727.4640162182009,713.8816989221465,718.9345092773438,2168486
2018-11-06,723.1529236419169,725.0071619076654,712.8155226756245,721.6695556640625,1839552
2018-11-07,730.5698258639103,736.1325402740416,726.5368805513081,735.1127319335938,731279
2018-11-09,741.695258468249,747.1652836341954,733.3511868104812,737.2914428710938,3085813
2018-11-12,739.8411428994833,748.8342107157602,721.391447653584,723.9874267578125,2101138
2018-11-13,718.981006752147,735.9472783794077,717.4512372945219,732.4705810546875,3010295
2018-11-14,735.2981639485286,739.2848215018507,709.7096984358789,713.5108642578125,4237768
2018-11-15,717.590234566108,719.2590377477264,699.9749704100925,710.6368408203125,4315301
2018-11-16,711.7030784757138,719.908060783575,704.378814140787,711.6566772460938,2373384
2018-11-19,718.7954813531746,726.4905591486171,713.9744503506648,724.404541015625,2681651
2018-11-20,723.152989233136,734.6492901582554,716.9876238055685,725.5634765625,2902880
2018-11-21,730.3844413430417,730.3844413430417,708.9680120147808,713.0473022460938,1851514
2018-11-22,713.9744312678814,716.6167547844999,688.9422143410266,691.7235717773438,2578750
2018-11-26,693.485206381083,699.9750412001573,685.3729128572401,693.3925170898438,2676798
2018-11-27,692.558036862555,698.9551819261519,684.306653413784,696.9618530273438,2179714
2018-11-28,699.6968575924586,703.868893909191,691.213694447024,693.8560180664062,2007876
2018-11-29,700.9021700081678,723.431157012485,697.1936929181775,716.8486328125,5038807
2018-11-30,721.298745511111,737.9868912941444,720.093501855265,733.2586059570312,5214780
2018-12-03,741.6953490336026,742.4370330652633,701.4583537137839,705.5840454101562,5839713
2018-12-04,706.4648737022403,706.4648737022403,684.6775711668038,686.3463745117188,7101096
2018-12-05,686.3462966314952,686.3462966314952,662.9828826931429,665.7178955078125,4837874
2018-12-06,665.2079951374483,669.3800313438852,655.0096844106023,659.1353759765625,3970063
2018-12-07,673.8301837090452,673.8301837090452,657.8837230872501,668.5455932617188,2716587
2018-12-10,658.2545611442913,672.6249071974413,648.983370142259,658.7644653320312,3150111
2018-12-11,648.8908072595156,676.704385683209,643.4207808681078,669.70458984375,4383980
2018-12-12,672.161391653613,698.120728158856,668.6846948002323,696.0810546875,3460143
2018-12-13,699.9749845904724,709.3388657230959,691.862691722702,703.868896484375,3510371
2018-12-14,698.2134677266555,708.3190899430505,696.8227888851443,702.06103515625,1760631
2018-12-17,704.6106314393162,707.3919891949977,695.8029985463247,701.2266235351562,2022203
2018-12-18,700.5311994577728,715.7359759865318,697.5644634796495,714.7625122070312,3600834
2018-12-19,718.5173787785607,729.6428091596481,711.1931144762655,725.60986328125,3361238
2018-12-20,722.8748621324759,738.9140132097433,721.762307758827,737.4769897460938,2707144
2018-12-21,737.0596932638723,754.6749563733234,721.0205439605336,724.2191162109375,6125095
2018-12-24,725.8417324100166,734.7420551755009,718.5174672063258,731.1726684570312,2034516
2018-12-26,728.3912260291904,735.6690891535562,715.736026246434,730.2918090820312,1683700
2018-12-27,736.5961438884683,743.5495373172455,730.6625588611674,737.662353515625,3156130
2018-12-28,741.0927212835185,748.1852059073494,738.9140137647553,744.9866333007812,1820270
2018-12-31,749.9467064708797,750.9665149057598,742.8078776661315,745.2647094726562,2232551
2019-01-01,746.3309551443874,747.1189838287379,715.0870268228332,716.9876098632812,3442903
2019-01-02,716.4776701334291,716.4776701334291,681.5252667473517,687.644287109375,10596260
2019-01-03,689.2204959660891,690.5647736537229,664.0028402115178,665.9497680664062,11084172
2019-01-04,667.5258671812372,675.2209457216471,660.5724727314326,672.7177124023438,5919404
2019-01-07,681.0153564659868,682.2670012635298,670.8170458736283,676.3797607421875,2792255
2019-01-08,667.5258116941466,679.7637962259121,665.2080137368753,670.6780395507812,4764487
2019-01-09,675.8698712463232,676.7506457703954,667.664889271288,673.3666381835938,2569424
2019-01-10,674.9427628929898,681.2935066398609,670.121731840667,679.7637939453125,2550750
2019-01-11,681.4326214326214,681.4326214326214,668.6847322561608,674.85009765625,2215240
2019-01-14,672.1613555423638,673.4593449326378,662.2411697362976,671.744140625,1713221
2019-01-15,674.4792225217956,676.7970205373344,670.6316551812549,673.9229736328125,2138402
2019-01-16,674.2938374566284,679.1148690044778,671.7442594501268,673.3203735351562,1288969
2019-01-17,675.8699080945916,686.0682194650175,674.8964442356969,681.108154296875,3318440
2019-01-18,680.9690155339639,684.121243278056,674.942741060212,681.38623046875,1601885
2019-01-21,684.213901691024,684.213901691024,674.3400605562674,677.0750732421875,1341152
2019-01-22,674.664715268007,674.664715268007,653.7581867006941,656.864013671875,5097285
2019-01-23,656.8640067640831,658.0229058585858,643.049906922864,645.1359252929688,4714919
2019-01-24,648.0562162421443,649.0296799277119,636.0500132218606,646.4801025390625,3891245
2019-01-25,650.8377420331932,652.2284209691616,631.368236929636,633.68603515625,3421228
2019-01-28,633.6860274151736,633.6860274151736,618.8521189460547,623.9976196289062,5762442
2019-01-29,622.9776995574796,627.5669504861152,613.3819827818126,620.8453369140625,4860919
2019-01-30,622.9314590982002,630.4411025377998,621.4480343165778,629.1895141601562,2738163
2019-01-31,628.5867219341266,633.222317228626,623.7193468749022,630.4873046875,3496189
2019-02-01,638.7850696345143,663.2610368822499,630.9509018027568,638.2288208007812,8005192
2019-02-04,637.8579233350669,638.2287935996559,621.4942490333705,625.2954711914062,2652101
2019-02-05,626.0372250499537,642.1227201562177,623.6267378214932,634.9839477539062,3550741
2019-02-06,637.7653385959632,647.3609999562717,632.341657168377,644.4405517578125,2221744
2019-02-07,644.3479056904548,657.2348864390121,642.5863564070564,649.8179321289062,2710457
2019-02-08,650.8376956932497,655.195167366404,629.0967385582029,632.3880004882812,10858152
2019-02-11,620.6136693437838,624.3221464678295,598.1773714259338,600.3560791015625,7931599
2019-02-12,599.846127240845,609.8590033642773,597.064769618399,601.4222412109375,3357448
2019-02-14,594.0052682105256,595.5813821293006,586.2174444864988,588.1644287109375,3530468
2019-02-15,588.7206474677193,590.4821964492176,573.7013062464463,581.8135986328125,5765467
2019-02-18,584.0851688090524,584.0851688090524,570.7346280300966,579.1714477539062,4750172
2019-02-19,581.303699892267,595.2104869710294,579.6812413997447,586.4955444335938,3526711
2019-02-20,590.5749152487508,590.8530396842425,582.3699331739965,587.3763427734375,2369483
2019-02-21,587.3763537956561,589.6014624950714,579.4494960076445,587.97900390625,2813880
2019-02-22,588.7206602218221,601.3294580264737,586.1710825594441,599.4752197265625,4053346
2019-02-25,602.5348051973583,606.2896267302367,595.4886651558771,603.2764892578125,1863303
2019-02-26,597.8064884723815,608.1902355181134,593.3563273347447,603.832763671875,3862642
2019-02-27,606.7994544741842,613.7528477645683,599.9851516843515,608.3292236328125,3193418
2019-02-28,615.3753484786948,615.3753484786948,595.6740661356857,598.8262939453125,3955320
2019-03-01,602.6275507448083,604.4817893624846,594.2834769652648,602.3494262695312,3957539
2019-03-05,602.4884137100692,609.9517688396475,595.2568949766777,608.8855590820312,6039244
2019-03-06,611.8987148065967,616.3952206064125,606.3359992174458,610.87890625,7495708
2019-03-07,613.4748025436103,628.1232749822814,606.5214083556147,622.8386840820312,8703088
2019-03-08,623.0241078612258,630.1629370811755,617.8322629304619,621.3089599609375,3877059
2019-03-11,622.9777280629803,634.0104120649854,622.5605131254939,631.4144897460938,4027884
2019-03-12,636.8381396785023,642.5862328944874,633.5468215665261,637.7652587890625,3876498
2019-03-13,638.228872851781,639.1559920415211,631.5999480103941,634.3349609375,1808059
2019-03-14,633.2224642825553,637.8580606535843,627.7988391631993,635.9111328125,1901877
2019-03-15,638.089805314013,646.2020985163342,636.9309062851099,643.9769897460938,5208071
2019-03-18,645.2749560590595,652.8773447323006,632.3416320448131,634.3349609375,2600716
2019-03-19,636.0037171772259,643.2352350056008,625.8980961208612,639.1559448242188,2331409
2019-03-20,638.7850667492221,643.7451313526616,626.8716088212265,629.1430053710938,2369729
2019-03-22,629.23580192722,634.6130818807137,621.1698537035473,629.3284912109375,2770303
2019-03-25,623.0240340400958,625.8053913349177,615.0508324296834,616.163330078125,2337486
2019-03-26,616.2097557462997,623.394929042944,612.8257482686196,620.7989501953125,2434715
2019-03-27,623.070437554806,623.6267430184539,610.5543285453954,611.9450073242188,2426853
2019-03-28,611.0179681161185,614.4483208702638,605.9651565743112,608.1439208984375,3910004
2019-04-01,628.725961864089,638.7851834092986,610.9716050315353,612.733154296875,5458057
2019-04-02,616.5342806532789,622.0043066802875,613.2430187431045,619.8718872070312,3802792
2019-04-03,623.7658706380678,627.4280032897527,609.0247073204359,610.4617309570312,2745080
2019-04-04,612.8258222767539,614.4019363140526,603.7400649733829,605.7333374023438,3684739
2019-04-05,609.5808636520815,614.6800191655209,606.3359465071654,610.2298583984375,2694077
2019-04-08,612.2695248587312,619.640077019102,610.3225406421212,618.3884887695312,3413270
2019-04-09,619.1301690308508,620.9844073667246,612.3158657812603,619.176513671875,2401571
2019-04-10,623.5803186995287,625.8054272979998,614.772686759779,621.401611328125,2499060
2019-04-11,620.5207882118752,630.2091939040871,620.5207882118752,623.7193603515625,4863931
2019-04-12,624.878305062201,629.9774603705721,618.8983752468298,628.772216796875,3302657
2019-04-15,630.4409834628856,636.0036980228523,624.2292742202178,633.4077758789062,2408677
2019-04-16,637.1627158871476,644.8114498355927,634.8912623669021,637.9507446289062,3002929
2019-04-18,639.3413306634538,641.520094575331,631.5999085475603,634.7521362304688,2996875
2019-04-22,631.3682274227484,635.772043987004,622.004345362974,624.3221435546875,1483513
2019-04-23,622.0969285954222,626.5934336859953,615.375314985412,617.2295532226562,3248237
2019-04-24,619.3156214002596,620.4281757500881,613.98468603641,619.4547119140625,2247998
2019-04-25,622.8387100303308,623.951264464134,615.6071910909138,616.6734008789062,3169504
2019-04-26,618.0176008602127,619.6864605945851,604.0181243728845,611.3887329101562,3632433
2019-04-30,611.6205588934414,613.9383569364005,593.3562989975497,598.27001953125,5042085
2019-05-02,598.9189832274755,612.547646330365,588.9061075187541,598.8262939453125,3007579
2019-05-03,598.0382421272901,604.9452916404044,595.9985685239261,598.7335815429688,2330580
2019-05-06,593.356316072827,597.9919122921459,588.8134091431472,591.9656372070312,1498420
2019-05-07,594.9788242795931,596.0450341335421,587.9790847230902,589.6478881835938,3160875
2019-05-08,589.230549842768,590.5748838942794,573.8867396084128,576.3436279296875,3853705
2019-05-09,575.6483182906175,582.1844971558407,571.1981009819121,579.86669921875,1366143
2019-05-10,580.6084104503836,585.8002554380278,573.8867961178244,582.9262084960938,2093110
2019-05-13,582.8798634197756,582.8798634197756,570.1783188213416,572.5888061523438,1463136
2019-05-14,571.9397984188555,575.323749199455,566.0525581509202,569.48291015625,2756314
2019-05-15,572.95968466155,582.6017472970738,562.7150284780979,565.21826171875,2805369
2019-05-16,565.5427938884371,567.9996827589313,553.675677727497,561.1389770507812,1940170
2019-05-17,562.7613004915316,577.1316467149563,562.7613004915316,574.4893798828125,2599966
2019-05-20,588.7206400576744,614.2164158082036,586.1710624826214,605.6405639648438,4938702
2019-05-21,611.8986492719423,614.4018823363365,588.1644212682606,592.5682373046875,2150188
2019-05-22,596.9256317268419,596.9256317268419,585.243953274445,593.8661499023438,1458607
2019-05-23,602.6275133695148,607.2631096262033,588.8134138898355,592.8927612304688,3161573
2019-05-24,597.7600393405946,618.851998852031,591.3628949199649,616.951416015625,3165620
2019-05-27,619.0374746410238,633.2223864760427,616.5342415908763,629.83837890625,2987573
2019-05-28,630.4410360147933,632.5270541486658,618.620266589516,621.6797485351562,5411769
2019-05-29,619.315640599878,628.1232732131996,612.6867155245787,623.1632080078125,5418102
2019-05-30,611.8986785063369,618.8520725802725,608.5146707556086,613.4747924804688,5394745
2019-05-31,611.620536354616,617.4150312484811,598.0845623304288,599.8924560546875,4226041
2019-06-03,599.892483091474,610.9715691452444,588.7670523938367,605.7797241210938,4170532
2019-06-04,607.077574941272,611.3423567504275,600.5877412457764,603.32275390625,1640476
2019-06-06,606.6139856394375,607.7265398214704,585.3365920354106,587.8861694335938,3846513
2019-06-07,593.3562627018375,598.6408532338984,584.1314157377723,597.111083984375,2173168
2019-06-10,596.5084212966202,602.0711356142629,591.6873909039587,599.7996826171875,2306052
2019-06-11,600.7269714339149,600.7269714339149,589.6478843029859,590.4359130859375,2274832
2019-06-12,586.8664398846685,592.3364656715776,583.5751781189598,586.124755859375,1734002
2019-06-13,585.9392950351248,595.8594811260349,582.3235077632964,594.3297119140625,2141936
2019-06-14,593.4026240652603,594.2833986099022,587.2373154264963,590.8067016601562,1338649
2019-06-17,594.2833497008394,595.1641241729942,576.8998663827571,579.4957885742188,2647789
2019-06-18,578.5223864150316,583.8996665098495,574.9065988651914,580.283935546875,2252507
2019-06-19,583.9460519014633,586.2638500856986,563.6885184059958,570.3174438476562,2316163
2019-06-20,569.9929141910286,584.9659129919453,566.7016521096471,581.44287109375,2283701
2019-06-21,581.3036713212397,587.2836007885668,576.8998556294121,581.7208862304688,2713987
2019-06-24,580.3766216835417,590.5749329271822,580.3766216835417,588.5816040039062,2166403
2019-06-25,588.7206217490802,597.6673435962309,588.7206217490802,594.885986328125,3352119
2019-06-26,593.3562791375291,600.3096730336721,593.3562791375291,596.6011962890625,2124949
2019-06-27,597.9919211684461,612.6403941215552,597.9919211684461,609.9517822265625,3744033
2019-06-28,611.7132774806746,614.1701661586395,604.0181989268392,607.5875854492188,3503838
2019-07-01,609.3955092292787,615.0973156025972,606.7532418388365,611.8987426757812,3547891
2019-07-02,612.825800396488,619.7791945008355,608.4683287737238,617.6931762695312,2275170
2019-07-03,620.1964238865755,625.8054839438096,614.95817757141,620.4745483398438,2615478
2019-07-04,622.5605578784701,625.0637910964717,616.8124073818765,623.1632080078125,1777421
2019-07-05,623.0239378927229,626.0834191275045,591.9654528936064,595.2567138671875,3039710
2019-07-08,593.6807644793047,598.1773266074267,580.5620615880358,589.5087280273438,3903971
2019-07-09,585.9393231262077,591.9655978102589,584.0850847618842,586.5883178710938,1260744
2019-07-10,584.0850500053313,589.7404540452418,573.9794288863677,576.3436279296875,2081711
2019-07-11,579.8203248239636,589.323295878392,578.1514651254047,587.9326171875,1399434
2019-07-12,587.8862967783724,590.5749652517857,582.6944515867305,585.8466796875,1806912
2019-07-15,585.9856060327066,591.5019759027765,579.8666427098349,585.8001708984375,2223638
2019-07-16,579.1713666936498,582.1381594056187,573.7476855045355,577.5025634765625,3177195
2019-07-17,577.5952707952882,580.7938434035824,570.4564415242654,572.913330078125,1881478
2019-07-18,577.0965755676608,579.4936910010185,559.3296120007332,561.5857543945312,4915489
2019-07-19,565.1108705047352,565.4398649320702,535.8283009331338,537.0503540039062,6294798
2019-07-22,537.0503408085843,542.1266317483943,526.3338094788731,531.0340576171875,4198301
2019-07-23,532.1621352947062,533.0082030118248,522.5266254518998,525.581787109375,4805198
2019-07-24,523.6076299493964,524.4536975442686,513.2670842950995,517.0272827148438,3041526
2019-07-25,517.0273152812839,519.8474642737273,509.4129359521181,514.7241821289062,4763735
2019-07-26,513.173172888868,532.4441924414195,512.3271051775912,530.611083984375,5063750
2019-07-29,530.1879796663507,531.1280292756882,519.0484147461312,519.9884643554688,2984154
2019-07-30,518.719435154197,527.649907685874,514.7242237584467,515.852294921875,3186153
2019-07-31,513.8310911076313,520.5994597383859,509.2718734741211,517.0272827148438,2986522
2019-08-01,513.2671303728991,518.7194070957837,506.968785979188,515.6642456054688,2737518
2019-08-02,512.2330154982052,530.046908317812,509.6478792722805,523.090576171875,5848740
2019-08-05,517.4504321808217,521.0226100028724,509.8359942530975,512.7501831054688,3152495
2019-08-06,510.4470432691426,519.1425039509835,510.4470432691426,516.5103759765625,2811436
2019-08-07,518.4373820262706,518.4373820262706,484.1255697978774,487.22772216796875,8411409
2019-08-08,487.41579130715917,509.03693537671495,485.39466141109364,507.2038269042969,5648169
2019-08-09,508.4729194135262,515.4292529557582,498.22635445634967,512.8441162109375,4313483
2019-08-13,512.3270852307555,512.3270852307555,479.6603582366844,481.6814880371094,3618940
2019-08-14,484.97167889004385,494.3251278071644,472.4219805628752,492.16302490234375,4641413
2019-08-16,493.24416913798933,500.012539551976,484.64269003620154,496.2052917480469,3120580
2019-08-19,495.4061970940207,503.63163205525916,486.94574970531824,489.3428649902344,2998027
2019-08-20,491.5520244132875,502.9266031413794,486.47573294516604,496.1582336425781,3175896
2019-08-21,496.628269735494,503.4906214115894,487.0397508433755,489.67193603515625,2709407
2019-08-22,490.2829474413721,492.35106841638094,479.2843823143948,481.1174621582031,2516270
2019-08-23,480.3653594212414,504.14860351032644,478.72027257390835,501.2814636230469,2807785
2019-08-26,519.5655702093064,519.5655702093064,497.1923949686365,511.66912841796875,4036331
2019-08-27,514.2071946686085,525.4877912609728,511.85707037853257,520.8345336914062,4144339
2019-08-28,523.3257569336289,526.3339278941473,502.6916514889264,507.34490966796875,3322911
2019-08-29,503.8666192257043,511.575037935343,492.82103568857366,496.3462219238281,4399017
2019-08-30,498.7903139537134,500.952474017559,487.9327521322026,497.0982360839844,2929342
2019-09-03,487.5568156320875,490.6119772559482,482.245511704789,484.54864501953125,3379359
2019-09-04,485.065648697967,488.59083509838825,472.9860042282487,475.3831481933594,3431149
2019-09-05,476.4642078363439,488.35583109459054,476.32320611550324,486.0057067871094,2329699
2019-09-06,488.3088590484728,499.16642229550285,483.74958328923833,497.75634765625,2670087
2019-09-09,492.2570959258132,504.5717252354332,490.7059908204865,500.6235046386719,3061953
2019-09-11,501.2344330442276,515.3821673391064,501.2344330442276,513.0320434570312,3224627
2019-09-12,513.3610798850547,518.8604046450486,507.86181250113685,511.0109558105469,3726538
2019-09-13,509.5069929404053,519.6595193318972,509.0369680391688,518.2024536132812,4358612
2019-09-16,512.3271242751684,517.4973980063858,503.53768188253287,504.7597351074219,2441611
2019-09-17,505.2767592583822,507.1568588277157,488.8258880267139,490.65899658203125,2445056
2019-09-18,493.52608957598284,499.49538218518416,487.13376312907184,495.40618896484375,2401637
2019-09-19,497.2863411591461,497.7093750417766,482.24554445111903,488.1678466796875,2336366
2019-09-20,493.00903350408834,539.588480588375,487.5567571963547,534.7942504882812,14378491
2019-09-23,541.7036103105123,566.097910180622,518.9074063191372,531.1280517578125,9599883
2019-09-24,530.0940868704911,540.9046591972877,521.3515781314314,525.2528076171875,3615703
2019-09-25,525.2057534769791,525.2057534769791,496.34621760682154,502.6445617675781,5044376
2019-09-26,505.6527497023033,535.5933092896055,503.8666323461668,532.961181640625,6270296
2019-09-27,529.0599269200668,533.7601751289801,516.2282837353796,521.821533203125,4326078
2019-09-30,524.3127714455209,525.0647998038427,507.90889110123265,514.3482666015625,3381186
2019-10-01,517.9673887862622,532.1621164178127,504.4306500490382,523.32568359375,5664019
2019-10-03,524.5476370869429,531.080992787523,514.3010742722719,528.9658813476562,3797753
2019-10-04,531.1750629406206,540.5285687799416,522.1506089166394,530.4230346679688,4653685
2019-10-07,527.4617845180137,529.1539196247937,513.737083909292,519.8004150390625,2367535
2019-10-09,522.667764110311,544.1008911633567,517.9205234115065,541.9857788085938,4863273
2019-10-10,541.4686181383701,541.4686181383701,525.722785926881,532.1151123046875,2156410
2019-10-11,534.4652825778163,539.8705687282076,520.8815519942249,526.5218505859375,3133395
2019-10-14,529.1539795611078,538.0374029975537,521.3045304300085,534.5592651367188,2630640
2019-10-15,533.948200258076,551.3861097595988,531.3160727179347,548.4249877929688,4967499
2019-10-16,547.5789121628624,551.715153505596,540.8575343249391,549.2239990234375,2279203
2019-10-17,546.262828118744,560.5985852669197,544.0537343938822,557.7314453125,3744228
2019-10-18,553.6892432967544,559.7995660156489,548.6129522413956,557.7314453125,2955289
2019-10-22,557.8254583432608,565.1578337842308,552.2321517204434,560.08154296875,3494913
2019-10-23,561.1157052272912,563.7008419776034,551.9502203852752,556.368408203125,2371317
2019-10-24,556.5094373137262,559.7996113518985,543.9127480457192,546.2158813476562,2212393
2019-10-25,550.5871707435855,550.5871707435855,536.0633900850044,543.0667724609375,2284548
2019-10-27,549.4120894297516,559.3296028453218,545.2288565551036,556.0394287109375,851951
2019-10-29,559.7527051728043,580.950818213298,556.979546587992,575.1224975585938,6543163
2019-10-30,580.1987017560691,582.736847488833,568.7300836356383,579.587646484375,4296705
2019-10-31,580.5746591499587,584.3819062530671,567.5549940383916,570.0931396484375,4595842
2019-11-01,572.4903691232381,573.1954065236362,546.1689728417099,554.3944091796875,7558094
2019-11-04,555.5693839800208,558.906549007561,547.0149544867678,551.2451782226562,3128961
2019-11-05,548.3308725334812,555.1932225416609,542.5025540449742,545.3697509765625,2653917
2019-11-06,554.8643638632286,554.9113548754209,542.5026867242286,545.0408325195312,2763550
2019-11-07,545.0407844522822,548.518979689022,537.7084085383386,545.5578002929688,3279435
2019-11-08,543.3487214187096,560.7396407028724,542.2676413235864,545.2288208007812,8374614
2019-11-11,546.8269087663164,551.7621695721926,535.8283160665761,540.528564453125,3492576
2019-11-13,539.5884747955184,546.0748400387864,537.7083755802031,540.2465209960938,3342543
2019-11-14,540.7165671699921,544.8997995646125,533.7131858409414,543.771728515625,2193683
2019-11-15,548.754054616652,555.4283850499924,544.9938555272017,548.0960083007812,3063043
2019-11-18,545.322863860259,547.6729883509101,537.5204620265143,539.3065795898438,3212994
2019-11-19,539.3534448691389,540.5285068405313,526.098768782261,527.038818359375,3208662
2019-11-20,528.5429691792342,534.3712890740351,524.0777328900366,526.8508911132812,2876499
2019-11-21,526.8978033869314,528.9189329872843,517.2153039346076,518.7193603515625,3346254
2019-11-22,521.4925239758613,521.7275363796359,506.8747639362956,513.26708984375,2798026
2019-11-25,514.6772860747252,519.7065297553395,513.5022237777509,514.9592895507812,3054435
2019-11-26,517.0272880195439,519.7534548522589,504.7596520244771,506.3106994628906,4408905
2019-11-27,509.50695497822255,521.2575766336244,502.92660685119756,507.5798645019531,6630809
2019-11-28,509.4128783820844,510.728913337516,504.1015754294619,509.4598693847656,2426425
2019-11-29,510.4469771807544,511.1990054509246,496.58124437519984,498.74334716796875,3328894
2019-12-02,493.52608588639634,505.2767069789296,492.11601135529236,502.1275634765625,4087250
2019-12-03,505.0416605921379,505.0416605921379,490.7059038233522,491.5519714355469,3052238
2019-12-04,491.4579845949812,497.52131679447604,488.026837525496,494.0431213378906,2612985
2019-12-05,494.0430743756317,499.3073867591593,490.70590964540406,493.2910461425781,2332044
2019-12-06,496.1581931533356,496.25223254386043,477.6392322851007,479.61334228515625,3409528
2019-12-09,479.6133540223441,487.4157548229832,479.47232362114414,482.8565368652344,2566094
2019-12-10,483.7495623242793,483.9845747539697,473.5500458261487,475.4301452636719,2462096
2019-12-11,477.2162309903257,480.7414174135105,472.51598242607935,477.31024169921875,2148791
2019-12-12,480.36538680628325,483.42054826835846,477.7332591757112,481.21142578125,2994158
2019-12-13,483.7025571683457,491.45796712133256,482.9505288905448,485.253662109375,4066433
2019-12-16,485.0657108790412,488.63788874750645,477.16929806745634,478.3443603515625,2346317
2019-12-17,479.33129839549866,482.01044556628796,474.72506096728506,475.52410888671875,3521314
2019-12-18,476.51120459771664,493.4321285038203,476.13519044159017,491.3170166015625,10092679
2019-12-19,493.0560480319526,506.49874673186935,493.0560480319526,503.3026123046875,10732682
2019-12-20,501.5165419832401,507.2978709003031,496.81629322988266,498.7903747558594,4746509
2019-12-23,498.17935168799306,503.7726588972709,493.24409074617387,494.3721618652344,2963573
2019-12-24,497.2862340556502,500.7174380161045,494.6541066738596,495.87615966796875,2372038
2019-12-26,498.2263368761874,504.05465644316257,495.45317880892475,496.67523193359375,4623580
2019-12-27,498.1323276776589,500.8114462038702,493.5730524935168,498.3673400878906,3017840
2019-12-30,499.4953857770605,507.4858082371785,499.4953857770605,504.71270751953125,4697710
2019-12-31,506.35779799474034,506.35779799474034,498.7903519470147,499.68341064453125,2502181
2020-01-01,500.9524956421458,505.74672604267636,497.8032947996899,504.4306335449219,2611808
2020-01-02,504.806629909523,508.56682827011537,501.5164563440047,507.4857482910156,2776519
2020-01-03,506.63978183982044,506.68677284817136,498.602368625144,500.81146240234375,1930883
2020-01-06,498.1323828826045,498.22636490668197,489.29589232816596,493.05609130859375,2059404
2020-01-07,497.1922600530813,500.1063908841191,491.6929354269251,495.0771484375,2111349
2020-01-08,489.671926555026,494.889191073293,487.8858091203376,493.1971130371094,1612378
2020-01-09,498.0852907787295,509.9299509531494,494.18411910458195,508.8018798828125,2897598
2020-01-10,511.48099159773363,514.7711653726253,506.9217737458146,513.8311157226562,2355888
2020-01-13,515.9933137026856,523.607693476052,513.831153448149,521.6806030273438,3442869
2020-01-14,521.6805903706153,529.9530162217882,521.6805903706153,528.7779541015625,2793249
2020-01-15,528.3079374948579,536.7683848924624,523.3256855025959,535.5933227539062,2564513
2020-01-16,535.1232913625441,535.6403072219779,530.235021450639,533.4312133789062,2243200
2020-01-17,532.8201030453097,539.5884716562828,531.269055627343,535.1702270507812,2646260
2020-01-20,534.8883060968976,539.5885548323713,530.517051822474,533.1962280273438,1847978
2020-01-21,530.1880534278451,531.0341211443865,517.1213390897399,519.6594848632812,3101684
2020-01-22,520.3175170024151,523.1376661460597,516.0872932869484,520.4114990234375,1862669
2020-01-23,520.3175010580145,533.3842146402555,516.6042933241191,532.5381469726562,2113303
2020-01-24,532.1620909074679,537.7084068657805,530.2819915827624,533.7131958007812,2284717
2020-01-27,531.1281472341511,547.5790190511381,529.248047597924,543.6307983398438,3654906
2020-01-28,546.4038399109153,554.3942616558492,534.4182072935146,538.1784057617188,3689004
2020-01-29,542.878696073551,545.886866557313,537.84945318157,543.1137084960938,1934080
2020-01-30,543.348779307571,552.3262433382142,530.0470518118043,533.8072509765625,2901951
2020-01-31,536.5803166413335,542.4086358150817,531.4100436829575,533.149169921875,2352196
2020-02-03,512.3271174047857,531.8331498564357,503.11464126428336,525.205810546875,3818209
2020-02-04,528.3079931823447,544.1008185140017,525.2998223153418,542.3147583007812,2793702
2020-02-05,545.4638731343985,554.4883278782178,542.7847542693507,549.3180541992188,3320830
2020-02-06,549.9289681897593,553.8301966410203,541.5155135260013,545.3697509765625,2207104
2020-02-07,544.2888154546041,546.6389398736654,527.649923092433,534.9822998046875,4083215
2020-02-10,532.8201645010055,533.0081859183446,494.5131387934702,496.7222900390625,9648880
2020-02-11,501.2345347446885,505.46475859073615,491.3640124372439,492.633056640625,5404802
2020-02-12,495.0771281288309,502.26847290116484,492.4919918158325,499.16632080078125,3426829
2020-02-13,498.64935164122295,505.74671507081155,496.62822192982117,501.6104736328125,3392352
2020-02-14,503.16163622124924,504.759732295394,489.43693261618506,491.6460266113281,3507540
2020-02-17,492.68005496440236,493.90216555004196,485.0656748789455,491.4110107421875,2652464
2020-02-18,489.2959299455945,493.4321720924956,483.27958816393607,491.8340759277344,2868873
2020-02-19,496.4872499879837,497.8973244754519,490.517900232055,494.8421630859375,1952880
2020-02-20,494.37219948269734,501.0465299328701,491.6460321855367,493.3851013183594,2077458
2020-02-24,490.70595886026007,490.70595886026007,480.4594225450391,482.43353271484375,1911411
2020-02-25,484.6426292735054,488.3558372009718,475.7591764929727,478.4383239746094,2105613
2020-02-26,477.2632463057349,481.72848240076144,470.0248521080548,472.8450012207031,3058370
2020-02-27,473.78504197140956,473.78504197140956,458.32121315407124,463.9145202636719,6039260
2020-02-28,455.9240883820602,455.9240883820602,426.40653458318,429.6496887207031,8613275
2020-03-02,426.35953197034974,444.12649433456477,417.7110919023907,430.82476806640625,9225488
2020-03-03,434.302975897495,442.7634234799137,427.95764021068095,438.2981872558594,4582866
2020-03-04,438.1101469982326,448.4037025894968,430.0727336157123,446.194580078125,5912943
2020-03-05,444.36149101939657,453.5739663212762,440.88329576099176,450.5657958984375,4081050
2020-03-06,431.3417993956275,445.3485338247506,429.1326769203137,442.7633972167969,4502562
2020-03-09,426.3595576465029,437.7811851936268,414.5619446206116,435.4310607910156,4540694
2020-03-11,435.1019867987342,441.4943129517258,422.74033962297085,424.52642822265625,5104905
2020-03-12,402.2472462422863,409.81466326450015,375.69084318448773,397.97003173828125,9408350
2020-03-13,376.4898765754873,422.7873208235341,324.9281486651819,403.1402893066406,6230411
2020-03-16,395.76095801519523,402.9053420922705,365.49134357539555,368.3114929199219,3156508
2020-03-17,368.49948727362215,383.54028267254546,347.7714025896971,351.0145568847656,4526913
2020-03-18,356.27886847090986,360.6971139350802,318.7708877916601,325.63323974609375,6595508
2020-03-19,311.86154157373954,311.9085325915997,283.8950581922211,295.3636779785156,10486153
2020-03-20,297.05567660524963,308.52429331649006,289.770292131545,303.260009765625,8819518
2020-03-23,281.07489257219396,285.6811308934607,263.7779818438215,275.81060791015625,6001358
2020-03-24,282.0149418146637,291.3214291569389,248.54916298171491,252.87339782714844,6690908
2020-03-25,247.60910959972293,271.06336339713613,230.68821333521282,261.1928405761719,9393732
2020-03-26,261.19281141898693,276.3746081350564,256.72757540319947,268.3841857910156,7557558
2020-03-27,279.1947900224825,286.7151884069265,263.9659718187662,276.84466552734375,9505126
2020-03-30,264.81202639279644,267.77317737151884,253.8134328283512,257.94964599609375,8942833
2020-03-31,266.8330966385397,269.98226867707433,261.14577909120675,267.8671569824219,6236559
2020-04-01,264.1539840789625,266.03408360977363,249.5832127151763,256.4925842285156,5980392
2020-04-03,257.57363390084214,272.6144300410373,255.08250777773068,263.8719787597656,6961905
2020-04-07,277.7847118912456,304.38810937211053,275.1995749785521,301.7559814453125,10795407
2020-04-08,296.11568303418034,329.3934397708892,294.047562026661,306.8322448730469,8451195
2020-04-09,315.6216804231814,368.17045185804056,312.47250825394974,358.5349426269531,11027315
2020-04-13,357.21889282379817,357.21889282379817,333.7176498748641,341.0970458984375,7717484
2020-04-15,350.68556169053727,357.1249084713985,328.3593792413035,331.97857666015625,11300538
2020-04-16,322.531082735158,338.84095202831145,322.4370720202841,335.3157653808594,6155773
2020-04-17,348.5234195306444,348.5234195306444,334.2346528919335,341.4260559082031,6178483
2020-04-20,344.9982101099842,345.421243913672,332.7775650652164,334.51666259765625,4834154
2020-04-21,328.12430658716636,328.12430658716636,304.1060504030379,312.1434631347656,8003757
2020-04-22,307.3962929845275,325.02222721529176,301.3799798380355,319.8049621582031,9071476
2020-04-23,317.7368244857239,328.68839864533044,311.6734919515338,326.66729736328125,6738333
2020-04-24,321.4970001849495,324.0821368823431,312.0965031035182,314.25860595703125,5754928
2020-04-27,317.3137736008281,322.76607922556514,308.4773119122333,310.4984130859375,5770537
2020-04-28,314.39964828471045,317.736813399937,308.8063408339624,315.8097229003906,4244512
2020-04-29,316.796722236721,330.70944515053696,316.09168502106064,327.13726806640625,7748491
2020-04-30,334.32870277660857,345.93832344504966,333.7176761494365,344.66925048828125,7422465
2020-05-04,329.06439675811106,340.6740166699275,320.65096888112487,335.6447448730469,7125034
2020-05-05,341.94307180504825,358.9109570888183,339.78096901180606,346.07928466796875,13401536
2020-05-06,349.22850335535713,369.4395742090319,336.7728434106506,363.9402770996094,7015473
2020-05-07,364.26924262248104,379.26304614886715,362.0131291799754,376.6308898925781,12971483
2020-05-08,380.7201410327174,383.44627951484955,357.87694404597073,363.5172424316406,9444781
2020-05-11,365.20929370935016,377.8999641471268,361.3080933494192,366.71337890625,7658595
2020-05-12,365.5852806431436,371.5076102864073,357.40686640440356,369.4864807128906,4686856
2020-05-13,390.120614441771,393.7868024302424,380.0150804532191,388.2875061035156,7361621
2020-05-14,377.4299728866435,383.0702713606656,372.2596992854566,376.44293212890625,4765875
2020-05-15,378.60499431827185,379.73306536687505,350.8265387988133,358.44091796875,14226503
2020-05-18,359.19303022205816,360.5090941894436,345.23328511361973,354.5867919921875,7717665
2020-05-19,360.9790982880428,367.55944643391854,348.94647315365785,359.9450378417969,5950003
2020-05-20,359.9450540461066,388.8986044042401,356.9369119711079,380.76715087890625,10608175
2020-05-21,376.1608965236225,387.4885130673178,373.95177390406025,383.8222961425781,6249309
2020-05-22,379.78007531081084,404.5503904158442,374.7978234218008,400.7901916503906,10016203
2020-05-26,401.40126196214055,409.10968174670097,396.3719898275824,403.42236328125,5895376
2020-05-27,400.9311742881819,408.8746052774305,390.12060335192376,406.57147216796875,7591278
2020-05-28,403.75135799413306,417.3820790439932,398.44008277093366,413.9978942871094,7449375
2020-05-29,407.9816121016201,423.02240886112685,405.25547342656813,410.19073486328125,9539035
2020-06-01,415.36095300692665,442.29337035241485,415.0319298843595,433.4569091796875,9668047
2020-06-02,437.21710147563704,450.1427842672902,433.2218904309442,435.10198974609375,8520940
2020-06-03,441.8233708529893,463.0685003805497,438.5331968147223,456.01812744140625,9873294
2020-06-04,456.2061020798953,457.09916075864993,441.25931777932834,449.76678466796875,5829493
2020-06-05,450.28381857457833,460.1073496825804,446.8996338247186,455.1720886230469,6265829
2020-06-08,456.39415980996074,464.5255845200478,440.1783014027067,442.6224365234375,5955200
2020-06-09,445.39557028065775,453.85601822452196,435.5250476794828,450.048828125,7656301
2020-06-10,447.6046673438379,454.70205992527497,440.74231587986577,443.7504577636719,4849036
2020-06-11,443.7034706117419,451.2238684187206,441.3533462970611,446.1005859375,4331683
2020-06-12,429.6027500331615,482.1515557557044,428.75671096764125,477.96832275390625,18368009
2020-06-15,474.8660996824737,489.71890213856665,468.80279633712786,477.6862487792969,17605860
2020-06-16,486.09966951910064,487.8857868723406,471.24689596043794,476.37017822265625,6712936
2020-06-17,474.63108914734295,474.63108914734295,462.9744785716743,467.76873779296875,9273745
2020-06-18,467.11066345094576,478.3912592051471,462.5044259222546,476.2291564941406,7114752
2020-06-19,476.22915017494967,476.22915017494967,466.6406324358953,470.0718078613281,9811021
2020-06-22,471.6699109070283,472.13993573105125,464.4785368370849,468.8497619628906,5149581
2020-06-23,470.0248431039614,488.7318548099309,467.76872959467033,485.4416809082031,9132472
2020-06-24,488.8258438982724,496.01724705220795,481.8224621595138,484.45458984375,7568963
2020-06-25,479.3313359264275,485.3946392739741,473.1740218713446,476.8402099609375,5248401
2020-06-26,484.12562481455274,484.3606372537831,468.8028252519497,471.3409423828125,4079405
2020-06-29,464.47855960556734,480.31840268920877,463.4914902139104,477.0282287597656,4459947
2020-06-30,478.48527812227326,484.59560092737104,476.69918950146786,480.0833740234375,5487685
2020-07-01,482.9505354230814,490.14193860901065,464.619566195344,469.0378112792969,8990865
2020-07-02,476.1351714935753,500.1064387652163,474.1610613924204,497.9443359375,16513522
2020-07-03,499.5423871820106,503.39656764398086,492.7740184947757,498.6963195800781,7982179
2020-07-06,501.6574808358496,539.165424616199,501.6574808358496,536.3452758789062,16728066
2020-07-07,531.1281051635742,533.9482543945312,518.5784640362486,526.4278564453125,9208254
2020-07-08,530.1880885948129,534.1833002553235,516.0873415577169,518.2024536132812,5172833
2020-07-09,520.7875371938098,530.4700376916916,515.1942299671439,526.7098388671875,4123902
2020-07-10,522.0096427721851,534.8413455001761,518.9074899055756,521.5866088867188,5752443
2020-07-13,526.4279020881195,526.8979270006981,516.2753754516376,522.5266723632812,3165043
2020-07-14,519.8475133156161,520.7405720560224,505.7467670231491,512.51513671875,3097258
2020-07-15,517.0273045638075,526.1457975922392,510.2119446400119,517.1683349609375,5671780
2020-07-16,516.4130913508836,542.3753582835149,512.2119129955231,538.9766845703125,11751032
2020-07-17,539.9679662630599,558.1887459379434,533.8786229647476,555.875732421875,9124092
2020-07-20,555.9701757169256,564.1836469025799,549.5976192039196,560.7849731445312,5771917
2020-07-21,559.6991885829241,564.0891944842809,552.7602064779021,555.4036254882812,3850519
2020-07-22,555.6868862916363,577.7784378464157,549.455965402964,558.8967895507812,11559026
2020-07-23,557.9055338077648,574.9462104586554,551.816190497675,569.6121215820312,7605913
2020-07-24,560.8792936081663,567.346292192773,557.1029642585144,565.2221069335938,3531702
2020-07-27,564.7029680515332,566.4494976203067,555.1205076679006,561.1626586914062,3345182
2020-07-28,558.5191297809464,590.8067596738489,555.8285179657951,585.6614990234375,10289416
2020-07-29,585.331131755417,589.9571589101143,567.3935648145252,571.0282592773438,5182915
2020-07-30,572.113915771379,580.4218290964213,562.9091126710969,564.8916625976562,4958267
2020-07-31,566.3550897819661,576.6927466025548,559.0384507301551,572.538818359375,3962668
2020-08-03,575.8903487083525,585.803215366447,560.9738561187123,563.7589111328125,5002825
2020-08-04,563.7588495573099,575.5126297846286,563.7588495573099,568.904052734375,4889709
2020-08-05,572.0195232571555,585.3310614443427,569.4704893683582,579.902587890625,3834812
2020-08-06,583.4429407160591,583.4429407160591,571.6891029587433,575.5598754882812,3857553
2020-08-07,575.9845658108108,582.0267153450278,565.2220625821353,566.8742065429688,7679198
2020-08-10,571.1698664913026,604.9680057443608,571.1698664913026,593.7334594726562,12341769
2020-08-11,594.7720166479439,604.7792687997963,587.597012194415,594.34716796875,5128836
2020-08-12,592.8837452120879,612.3318195379927,589.4378214147553,599.4451293945312,8891590
2020-08-13,599.6339243054199,609.2163255311217,593.2613684784787,596.1408081054688,5773589
2020-08-14,598.5482296924382,602.1829238112426,573.5772391847696,580.0914306640625,3622823
2020-08-17,592.88372175876,596.6600511967139,579.4777407295808,588.729736328125,5687622
2020-08-18,590.051456168496,597.3680942249854,584.0093062084457,587.8328857421875,3989439
2020-08-19,591.9396940592123,596.5657210967607,587.2192818258853,589.0130615234375,2762486
2020-08-20,585.331089178144,588.1633363838447,575.8902651591417,577.8256225585938,3165784
2020-08-21,585.3311297419477,586.2280196103513,574.0021401340391,575.7014770507812,4191258
2020-08-24,578.7225662973395,581.2716005444639,567.3935764187619,568.2904663085938,3707968
2020-08-25,571.1699363655758,578.1561702063756,567.8656474775106,575.2766723632812,4248590
2020-08-26,578.722572689406,590.5236039432683,576.3623664386336,579.052978515625,5814785
2020-08-27,584.5287023161644,603.5519300980525,581.1771633468705,601.14453125,7637436
2020-08-28,606.3369606185024,610.8213523085575,594.1582738218856,596.0936889648438,7809917
2020-08-31,601.3804157510723,604.6847037497046,568.4319209443981,572.9635620117188,5012805
2020-09-01,575.8902839925543,586.794424566658,571.1698718286808,573.5772705078125,5572232
2020-09-02,574.0021544389342,609.7829038911713,568.3848520939114,606.8090209960938,7887097
2020-09-03,604.6847572880982,619.3180340062333,596.6600571523468,608.6027221679688,9194655
2020-09-04,593.8278479274315,613.464750929046,591.2788138443168,596.6600952148438,5889085
2020-09-07,596.9433655488333,598.4066819295973,571.4531375226139,576.315185546875,9387992
2020-09-08,576.8343633559589,589.5794761305996,571.4530819933336,574.5685424804688,6825892
2020-09-09,572.8692453499392,582.4988983050342,563.994904487183,579.572265625,6589023
2020-09-10,584.8591060791887,589.0130921091082,578.6281846565319,581.0355834960938,4699612
2020-09-11,580.5162644716701,587.1248409718481,577.8727877738276,579.902587890625,2837723
2020-09-14,580.6106466820255,594.2054556044413,577.6840144386927,580.8938598632812,4918699
2020-09-15,584.6230666770141,589.1074583874959,577.7312762042969,579.1473999023438,3805649
2020-09-16,581.5547971990165,613.4647729234796,581.5547971990165,603.6935424804688,18993356
2020-09-17,595.7159236105899,607.5169522082641,592.5532709952973,601.1915893554688,6363964
2020-09-18,604.2127440169874,622.5279658688894,599.0674833442743,617.571533203125,13518207
2020-09-21,620.2621395437499,629.3253075749543,581.035527174673,587.6441040039062,9301954
2020-09-22,587.6441381988595,589.3434751008175,569.2817228446823,581.365966796875,5369370
2020-09-23,587.2665007127761,588.493796423937,569.5177614453875,578.3449096679688,4116481
2020-09-24,571.1697954393544,572.4915337173547,535.7667089451795,542.9417114257812,8991885
2020-09-25,551.2497351078283,562.153875277649,544.357887506321,559.1799926757812,5415792
2020-09-28,561.7290706704274,583.4429675198725,559.9352909252805,580.8467407226562,5494528
2020-09-29,580.8466732356765,591.467599808454,569.3760494881909,578.9113159179688,5747565
2020-09-30,581.5075666503622,588.1633360556009,571.6890866271925,573.90771484375,4990827
2020-10-01,580.3274849461676,587.1248900099581,574.143756514678,576.0319213867188,3842191
2020-10-05,580.6107039977927,581.7908070546988,563.7116051740098,573.0580444335938,5977261
2020-10-06,577.4007737351814,597.6041601771012,574.9461825400547,592.3173217773438,9071955
2020-10-07,594.6775157156801,601.2860923924027,590.051488993088,596.2824096679688,6086867
2020-10-08,598.6898803710938,605.1096292027033,592.5060945185925,598.6898803710938,4683786
2020-10-09,598.6898585267555,611.2461425346876,593.1669420839231,597.79296875,4972397
2020-10-12,602.2301917518226,603.9295285635843,594.771917671813,598.9259033203125,3247640
2020-10-13,598.8787147783447,606.1009689998964,589.437889716041,592.7894287109375,3769222
2020-10-14,588.5409683116437,592.6948961367048,581.8379489590952,588.9657592773438,2776984
2020-10-15,586.2279672036049,597.6041483934445,579.7609683072184,582.7820434570312,3794955
2020-10-16,582.9708708936215,589.0602137820547,568.3847865670626,572.7276000976562,4274910
2020-10-19,578.4393101243179,580.1386469554802,561.9178677781488,564.0420532226562,3646287
2020-10-20,563.9948319442394,574.9461644078845,557.2918125313439,568.5736083984375,4377671
2020-10-21,572.963636758957,576.6455235787215,559.0856138297714,567.2518920898438,3684706
2020-10-22,566.2605891217107,573.0108010579256,560.8793081346419,570.55615234375,3818694
2020-10-23,575.6542237224697,592.8837269335154,571.5002382555783,590.193115234375,6421723
2020-10-26,590.0043941888465,590.8540339004909,561.3514545609236,563.7589111328125,4800537
2020-10-27,566.8271793841275,571.1699360140217,560.312986817061,563.7589111328125,5712121
2020-10-28,565.5053840047184,578.722538221857,560.9737997975718,570.367431640625,6811118
2020-10-29,564.7501862781108,570.3674889088486,557.2447185696276,558.8496704101562,3680773
2020-10-30,559.416042072849,568.1016121039086,553.9875680062142,560.7849731445312,4209087
2020-11-02,558.8968144880395,566.3550889464808,556.064567117323,562.7203369140625,4085120
2020-11-03,565.7885411565916,571.5946706613229,560.784916223151,562.4842529296875,3669816
2020-11-04,564.3724270929348,569.8953435095418,558.8967608924182,563.4283447265625,2475177
2020-11-05,569.5649172739534,573.4356898019893,565.7413949650911,568.4320068359375,3794240
2020-11-06,569.2816899895377,584.6702216604997,568.0543943879671,579.2889404296875,5908936
2020-11-09,586.2752607919884,587.2193433375472,576.079180824399,581.88525390625,3819808
2020-11-10,587.2193543121516,592.6006364468531,576.8344461169206,585.2839965820312,7876161
2020-11-11,590.0514817845437,608.5082806103213,587.3608700764922,597.79296875,7561527
2020-11-12,597.6512675609513,617.8074585334126,594.2997870377615,597.3208618164062,6913788
2020-11-13,598.5009598248472,603.2213711214827,592.9308514459342,594.6301879882812,4107823
2020-11-14,599.0203306001002,599.0203306001002,594.6303240409036,596.0464477539062,295788
2020-11-17,603.2687215344865,609.8772990786828,598.2179031745973,601.6165771484375,6173551
2020-11-18,601.5692978554738,670.2512902920439,601.3804698569784,666.2861328125,32986476
2020-11-19,659.9136457054542,687.6696933376621,653.5882816399134,664.5396728515625,15336768
2020-11-20,670.2985494341283,678.3704429768135,658.4031334367207,675.5853881835938,6730897
2020-11-23,676.3407672875811,680.447503364093,659.9137077370808,666.0030517578125,4484068
2020-11-24,670.2984961090975,703.8134209145525,666.7581871507748,688.5664672851562,16121626
2020-11-25,691.0683821788367,691.9652720681308,675.9630623497911,679.6921997070312,5423034
2020-11-26,681.6275023995153,695.5999105918485,679.7393375729238,687.7640380859375,6798860
2020-11-27,695.6944157440123,701.4061033318021,671.2426559997728,681.6275634765625,11302666
2020-12-01,695.2222338136564,695.3166189954571,668.4574658411157,693.4756469726562,5710611
2020-12-02,692.9564578615243,715.6144346853345,689.6993621686587,711.46044921875,6337698
2020-12-03,708.1090176077842,714.056725413429,702.1141172049156,704.1438598632812,2957787
2020-12-04,707.2121236426948,721.703823483301,701.6420718917964,708.5810546875,5356456
2020-12-07,708.0618372223267,713.5846965037729,702.4445351225856,710.2332153320312,3525945
2020-12-08,711.224458152285,721.2789588341346,701.972462089589,711.838134765625,4333519
2020-12-09,714.4815633927749,720.2876933202838,708.2506424743608,712.7822265625,3213975
2020-12-10,703.341373104005,712.7350043095016,690.1714123784869,694.9862670898438,3814006
2020-12-11,697.5824960889304,704.9463271544349,681.7218659512705,686.8671264648438,4197494
2020-12-14,690.7378974166338,696.1663711098131,670.2984908099512,671.9034423828125,4183639
2020-12-15,670.2984282863068,679.7392512199167,661.8016876460579,677.8038940429688,5495877
2020-12-16,695.8831079082327,704.5214848416092,685.5926444115141,691.0211181640625,11262389
2020-12-17,693.9949437917287,697.1576543804524,684.7901404633435,689.7938232421875,3630553
2020-12-18,685.4982390964515,696.6856506239524,682.1467579468615,692.578857421875,6671658
2020-12-21,688.236057855935,689.1801402398252,623.3303939634857,647.5933227539062,9130116
2020-12-22,650.2839938395895,660.2440523740746,629.9862207337144,656.1845092773438,7305751
2020-12-23,654.249135385327,675.0189492070834,649.7647437647205,671.7146606445312,4383472
2020-12-24,672.6587633053459,682.1467806527876,660.9521175687573,671.1482543945312,3373695
2020-12-28,675.3966130299195,678.6064588115433,667.7495105521334,671.1954345703125,2484872
2020-12-29,674.5469145888485,676.9071207280676,664.6340488041278,667.5134887695312,2808820
2020-12-30,670.2985141619429,683.7988811621696,664.9644254721896,680.4002075195312,3219036
2020-12-31,679.5032781410957,684.9789443008743,673.6027633951676,680.3057250976562,3723205
2021-01-01,684.4597386717061,703.1053660355215,682.5715738753703,691.4931640625,9543128
2021-01-04,693.9005584826974,709.005876762593,686.5839199408731,707.2120971679688,4547027
2021-01-05,706.1736674155384,706.1736674155384,689.1801834402982,698.7153930664062,3551554
2021-01-06,699.5651140912196,704.7103751052687,689.6050555027591,694.9390869140625,3601608
2021-01-07,701.4532249666906,712.7822137952239,698.7153629509082,702.7749633789062,4063641
2021-01-08,708.0618965401424,729.5869666705178,703.3414838965414,727.4155883789062,5998381
2021-01-11,729.8228917542839,747.146838461583,720.5237031127297,744.9754028320312,6643610
2021-01-12,745.7779431021415,752.1976922394209,733.929719875905,736.24267578125,5532160
2021-01-13,740.7269764852921,790.6689550215058,738.5084060484453,782.0305786132812,19610461
2021-01-14,782.5499361405342,796.6639221343515,781.0865623008225,783.4940185546875,8576718
2021-01-15,781.700203423211,791.1410271360517,769.7575383775815,773.817138671875,4996951
2021-01-18,772.1650520922669,774.9028565997836,752.5753414275767,763.7626953125,3955069
2021-01-19,764.7068171070053,773.7699859645697,756.7293085399014,762.8658447265625,3991167
2021-01-20,761.874433398319,785.4292988425732,757.1540217911423,778.3958740234375,4502291
2021-01-21,776.979904500464,788.3088946025364,755.5492200329325,763.0546875,4455107
2021-01-22,762.8186621406062,780.4730164645921,750.5455896061658,753.7554931640625,5588252
2021-01-25,757.248477167008,767.4918058774067,740.396629216202,750.1206665039062,3353172
2021-01-27,752.4337202764264,771.3153694678047,720.712572683799,726.8963012695312,6585102
2021-01-28,715.6145062614889,734.5905407005373,713.8207265346365,722.2230834960938,4622634
2021-01-29,729.3508456425385,755.2187264176245,704.2854694797339,707.6841430664062,8761073
2021-02-01,710.8940380901121,763.6210164055453,700.0842832241924,750.6871337890625,6592083
2021-02-02,764.7067644902927,790.5746459923084,757.72053149421,771.1737060546875,5334431
2021-02-03,775.0917399700201,810.8724901137496,772.2594924427241,786.6095581054688,8802838
2021-02-04,788.3087690015508,843.584779543025,788.3087690015508,818.04736328125,14706560
2021-02-05,830.6981423833014,832.3974792107182,794.1621412938597,817.1033325195312,15668083
2021-02-08,841.1774393320161,898.8136597618031,841.1774393320161,876.4861450195312,21179625
2021-02-09,877.524577663997,886.4933603297399,835.7017394945025,844.9537353515625,9210613
2021-02-10,848.7300874101666,865.7235708065881,836.5514012605107,863.032958984375,6465767
2021-02-11,865.2043245541405,868.6029981356286,851.8927281785095,863.0801391601562,3640848
2021-02-12,864.7795194886254,867.1869181985658,854.3946125952031,857.74609375,2484145
2021-02-15,859.9646180789223,868.5557442393614,848.0219535467461,860.8614501953125,4178613
2021-02-16,863.8354359192759,870.2079924137623,851.6567493475918,861.1920166015625,4223635
2021-02-17,854.3946369247113,868.6975094204611,854.0169808871269,863.7882690429688,3903522
2021-02-18,863.7881983644189,863.7881983644189,841.7910900972108,844.4345092773438,4616205
2021-02-19,840.2333587308075,855.0082717393994,814.6014978285028,830.08447265625,5171996
2021-02-22,830.7925412718266,833.1527473549852,786.5150521028837,790.2913818359375,5960870
2021-02-23,795.0118077045709,809.0314666534981,773.2979113652649,793.9261474609375,7348084
2021-02-24,794.0677670186159,808.0402341043849,793.0292993183976,802.0924682617188,3184114
2021-02-25,805.3967481771347,818.1418617764213,794.9646481999409,810.9668579101562,6134649
2021-02-26,800.6291046662359,808.7482482534698,753.8498311163938,761.30810546875,12073749
2021-03-01,775.0916731721426,805.0190976558516,770.5600890434482,773.6283569335938,9223619
2021-03-02,786.3734584704822,819.4635355653539,774.1947722778243,811.9580688476562,9706013
2021-03-03,818.4722462836878,819.4635212769182,799.6849835188902,804.4053955078125,5028771
2021-03-04,794.7757534966582,810.3059206594866,788.1199840332225,797.9856567382812,4574138
2021-03-05,793.0293263604325,812.619038886598,791.4715671347632,793.406982421875,5179108
2021-03-08,800.5346837355312,809.4090237347398,793.0292171204833,803.4141235351562,3474579
2021-03-09,805.3022977443927,817.2921559058278,794.9173912084159,804.3582153320312,3536262
2021-03-10,808.5122374924291,826.0721481061402,801.5260042767005,815.4984130859375,3971353
2021-03-12,820.8796806844267,827.2050445499697,796.9472139054246,807.9457397460938,4012449
2021-03-15,813.799055270643,813.799055270643,777.9239229037237,797.1832275390625,3069303
2021-03-16,804.3582258679578,808.6065967792323,793.029236771226,795.7198486328125,2996797
2021-03-17,800.2042233118842,803.7445323301156,787.081512457637,790.1497802734375,2034583
2021-03-18,794.9174790853641,812.4301982462322,787.3648189515363,798.3634033203125,5033325
2021-03-19,792.9820052953112,811.9108454585946,774.6667841046846,802.7532348632812,7538327
2021-03-22,802.2812194760787,811.2971949557009,785.6181995340418,805.3494873046875,2906300
2021-03-23,811.8637001960908,816.631304960724,794.4453677739298,797.4192504882812,3925212
2021-03-24,789.4888028436635,797.7495227538363,763.3849048786335,766.0283813476562,4066262
2021-03-25,766.4061496418244,768.483142632844,744.0313832274556,747.4301147460938,4501404
2021-03-26,755.1243239394411,769.0967902852975,747.8549351784183,754.6522827148438,4170972
2021-03-30,760.5055903436158,760.5055903436158,739.2165430608785,750.5455322265625,5670999
2021-03-31,750.639919761881,760.6944207266718,745.9195075947903,750.7815551757812,3972382
2021-04-01,756.6820384170824,764.517910758967,736.1482463577292,762.44091796875,5678798
2021-04-05,763.1018206966172,763.5738619141238,726.2354131338008,731.1446533203125,4176802
2021-04-06,740.1606527253437,747.3356564120581,731.6639105384456,737.4227905273438,2984229
2021-04-07,737.611590704769,753.944205212023,732.0415389435906,751.7728271484375,2271095
2021-04-08,757.1540750973039,765.6508165884209,748.6573336061871,750.6871337890625,3324494
2021-04-09,750.5455218951224,756.2100163999913,741.104697720341,746.9108276367188,2065092
2021-04-12,735.4402338714499,735.4402338714499,697.2520869681866,709.4779663085938,4628388
2021-04-13,711.8381805843125,771.3153760442749,708.8171051634891,765.8869018554688,12501628
2021-04-15,759.986364316592,763.6683088820446,741.2463509286047,760.0807495117188,5256004
2021-04-16,760.0807723491508,790.9994731928792,758.2870502323129,775.7053833007812,6915568
2021-04-19,741.199045104491,761.8744720414918,741.199045104491,750.498291015625,4317341
2021-04-20,762.8185977873995,775.2804972954987,755.7851722115745,765.79248046875,4830957
2021-04-22,750.5455281273457,759.844716967835,741.5767450868303,754.9827270507812,4576665
2021-04-23,751.4895395992535,760.5527069776961,730.8141133880271,734.4016723632812,4796085
2021-04-26,736.3842820357544,748.9405666024334,732.2775465886727,736.8563232421875,3528851
2021-04-27,737.3283093027017,743.8896931058302,733.5519799336737,734.8737182617188,3624649
2021-04-28,742.0488270339629,756.7764906284965,735.2986142735058,738.3668823242188,5214319
2021-04-29,743.9369829720891,747.7605054337324,725.6217600886088,731.2862548828125,3642323
2021-04-30,725.433042051096,734.8738673894901,708.4867490442334,710.4692993164062,4466148
2021-05-03,703.2470109098664,723.6863605319853,698.668176643791,710.8468627929688,3749870
2021-05-04,716.5585746424155,720.0516912079356,690.218651418925,699.7067260742188,3820769
2021-05-05,701.5949727049896,707.1178325942518,696.1192477967325,705.7489013671875,3102424
2021-05-06,709.4779537249982,717.0306132456901,704.4271357194232,705.6072387695312,3662506
2021-05-07,709.9499390841482,728.831586400216,709.0058567183448,724.4888305664062,4833670
2021-05-10,728.8315746444425,739.9717348567931,725.6689218188994,736.80908203125,2095644
2021-05-11,726.9434765687923,736.1010877331287,723.3559748322473,732.6079711914062,2938331
2021-05-12,728.3595823466438,728.5484103538732,712.9238579277828,717.2194213867188,3480378
2021-05-14,720.42926645086,720.9957504721003,694.8446561024949,700.037109375,4984389
2021-05-17,698.6210241999883,713.7263436421501,694.2782679092551,711.413330078125,3479938
2021-05-18,718.4467077857582,755.2187288611284,711.8381309730115,753.0945434570312,8634396
2021-05-19,749.6014635994271,749.6014635994271,734.4961444336956,740.9158935546875,4360320
2021-05-20,740.2077743617212,764.2818749166568,738.2724170180225,758.3341674804688,10092542
2021-05-21,759.0422673015604,775.0916684758472,755.9739994300056,773.1563110351562,5721630
2021-05-24,775.5636734197169,777.9238793643905,761.8744789406105,764.7067260742188,3495533
2021-05-25,773.8172176323521,781.7002831880778,763.1490396504869,765.8869018554688,5044078
2021-05-26,770.3712166769569,779.8120404107432,767.538969556821,775.2804565429688,3084558
2021-05-27,779.1511413741529,784.5324222206867,771.2208843149249,782.2666015625,6902630
2021-05-28,782.644357655563,805.3023366467976,765.178832183153,798.5521240234375,11638455
2021-05-31,777.9238728175277,777.9238728175277,745.8250722401054,762.7713623046875,17596018
2021-06-01,767.5389866135207,772.2593985853136,755.501936085449,761.213623046875,7230033
2021-06-02,761.2135868462169,766.5948677625892,757.4372574483716,761.1192016601562,4244490
2021-06-03,766.5948637627259,767.7277741006111,753.4720961247988,757.2012329101562,5001405
2021-06-04,768.4830397966526,768.4830397966526,758.1925190404162,759.608642578125,5084092
2021-06-07,762.7241533443887,766.358847341719,757.7204707933857,758.9005737304688,2994862
2021-06-08,759.1366319313057,764.7067411192088,752.9057111636655,762.6769409179688,2960405
2021-06-09,762.8185830633116,771.0793041051481,756.2100062298423,759.4671020507812,4176767
2021-06-10,762.8186065740978,765.6036612784841,758.1453870019537,761.8273315429688,2264605
2021-06-11,763.7626953125,770.2296369890643,760.4584067666486,763.7626953125,1783272
2021-06-14,763.7626325461415,764.2346737281848,749.601397084841,762.29931640625,1598770
2021-06-15,762.2049676999748,768.0110980048312,760.9304793999925,763.3850708007812,1640381
2021-06-16,763.573866413727,775.894130738805,756.7764613171333,761.0720825195312,3863280
2021-06-17,757.1541003208266,764.6123744825998,748.2325099335004,760.647216796875,1988175
2021-06-18,760.9304845834587,763.7155394447781,729.8701477097612,737.84765625,5793496
2021-06-21,732.6079533874769,735.2985652189433,719.7212053853178,733.410400390625,3024852
2021-06-22,736.478691570583,745.400282191494,729.4925160577923,731.8527221679688,2925669
2021-06-23,738.1780881638251,742.0488031466181,731.6638962323524,738.2252807617188,2700327
2021-06-24,739.2165610319582,749.6014680196358,735.4402312182573,747.5244750976562,3251137
2021-06-25,748.8461883606393,757.059716953256,745.8251130869827,749.8374633789062,1763201
2021-06-28,750.5454569998672,754.3217863432627,745.116983568736,749.1293334960938,1409432
2021-06-29,744.8810697614053,747.7133171749468,735.8179010869611,737.8948364257812,3167773
2021-06-30,741.0103569983811,745.2587281319938,732.0887660933498,734.2129516601562,2393862
2021-07-01,734.4961811623954,754.0858929350428,731.5695484765756,735.8651123046875,5697553
2021-07-02,742.048831714074,743.2761274176555,733.552089366203,738.8389282226562,1963778
2021-07-05,742.0487601325683,749.1293780727646,740.632636544529,747.4772338867188,1320469
2021-07-06,746.3915719131161,750.5455577976137,735.1570251810501,738.1781005859375,1420179
2021-07-07,734.3072999526258,738.1780724753731,725.574537505772,735.3458251953125,3004815
2021-07-08,734.4488846444422,743.5592448594778,727.887500707654,732.8439331054688,2010027
2021-07-09,728.8315868705787,732.6079163362293,724.1111750385153,728.40673828125,1658120
2021-07-12,732.6079769875697,737.3283892104278,725.5273586532826,729.6340942382812,2681410
2021-07-13,734.4017029826151,738.4612456730006,730.3893528865638,737.469970703125,2189466
2021-07-14,736.3842996605199,742.9928767087553,733.5992449514625,742.1904296875,2067565
2021-07-15,745.6273655524444,748.4437673837841,740.0900677056998,744.5772094726562,2109663
2021-07-16,748.491538240154,748.491538240154,741.3312237799485,744.4817504882812,845054
2021-07-19,740.662841796875,745.3409367498258,735.1255441573785,740.662841796875,1265906
2021-07-20,739.899145467682,740.5674531241974,718.274972940215,725.7694702148438,2179910
2021-07-22,729.588329374954,732.3569493737347,721.4255824364492,724.0987548828125,2182264
2021-07-23,724.1464672409658,733.0729692704265,723.9077900928969,729.5883178710938,1179241
2021-07-26,728.4425721314103,729.4927281538246,718.4181330653818,720.1365966796875,1187498
2021-07-27,721.7596132521649,725.578447184716,709.014278310588,711.7828979492188,1732564
2021-07-28,716.6996932695923,716.6996932695923,691.8295481286483,695.6961059570312,4016758
2021-07-29,696.937255159492,705.3864026842753,693.213868433202,698.3215942382812,2489035
2021-07-30,701.9017460185694,725.5785066879124,698.7034373753023,709.4439086914062,4642619
2021-08-02,716.03142283443,724.6715236824749,710.8759732817076,723.3826904296875,2260861
2021-08-03,728.8245405735404,737.7033185585849,721.2823196147212,735.9370727539062,3235393
2021-08-04,737.9896927253262,740.6628649516751,729.9223940032147,731.54541015625,2659372
2021-08-05,731.3067822290312,731.6409069282619,722.4280039683977,724.9579467773438,1451370
2021-08-06,729.2063968078388,737.3214196828413,720.8049730149347,723.9077758789062,4471604
2021-08-09,727.487952418806,746.5821243983022,727.0105981193185,739.8514404296875,6700633
2021-08-10,741.7607550022904,754.0287354934808,740.0422914160492,750.687255859375,4724852
2021-08-11,750.6873414572207,754.1720510670191,732.7388318872984,743.4315795898438,3147983
2021-08-12,745.627389262515,758.6591844830361,738.705752166288,741.0447998046875,3551026
2021-08-13,747.4891466598593,753.7424766421879,737.6078772030885,743.3839111328125,3391864
2021-08-16,745.0545546208458,767.5379286822325,744.9113250340894,763.0985107421875,7131928
2021-08-17,763.0508021840342,767.5379439855354,746.5820798347385,754.84033203125,3835522
2021-08-18,757.9430982030449,760.9026712320209,751.2601387317474,755.508544921875,2450964
2021-08-20,753.0740693381297,755.5085644113187,741.0924890596632,750.0667724609375,3050982
2021-08-23,754.2196935635207,757.5134494490618,729.0631486118345,731.2112426757812,2512960
2021-08-24,732.261470318553,744.5772341315734,727.1060207524546,742.906494140625,1662376
2021-08-25,745.5795700507016,747.5367107042646,735.6505789373781,737.0826416015625,1693443
2021-08-26,736.0802249849208,747.441279003117,732.5000682486128,746.0092163085938,2576883
2021-08-27,744.5772240266102,749.4462143401234,730.352043274133,740.0423583984375,2907125
2021-08-30,748.4438228681101,758.1818622974861,747.5368380388095,755.6995849609375,3028708
2021-08-31,752.310295876253,759.7570105010747,745.9137372901538,757.3702392578125,3324467
2021-09-01,757.3702340529691,766.1535638219692,734.0753818412874,735.0300903320312,6031309
2021-09-02,737.8464407976702,739.087608464096,716.031374884502,718.3704223632812,4879865
2021-09-03,721.7596730423538,722.7143816045791,711.3533264057832,715.9359741210938,4257842
2021-09-06,718.8955442031198,725.3875507436255,713.2150166286325,720.5662841796875,3682183
2021-09-07,720.900383846683,724.3373694988078,714.2174241723551,718.990966796875,2273976
2021-09-08,721.7596698772359,723.4781336275482,715.0767099709651,720.5662841796875,2380939
2021-09-09,716.0314051183192,722.2370106293446,713.6923575407757,716.7474365234375,3313559
2021-09-13,719.3728420443205,719.3728420443205,706.818402182746,711.7828979492188,3139833
2021-09-14,711.0669017023641,718.4658928120756,710.923730385292,716.2223510742188,3089381
2021-09-15,717.9408174782836,725.5784857493292,712.6899205419398,720.900390625,3336656
2021-09-16,725.4352457225076,726.5331838289858,717.3202233012903,722.6666259765625,2686018
2021-09-17,723.8600271737502,731.3067421366504,715.2199265350395,719.9934692382812,5504398
2021-09-20,715.4585964178964,722.237003679476,699.0375980310403,704.6226196289062,2933375
2021-09-21,706.5797506934132,707.3435641242562,696.5075874850943,705.0045166015625,2380834
2021-09-22,705.4341394624738,724.6237571538882,705.0045089799651,718.4181518554688,2287017
2021-09-23,722.2370614443632,727.4879587846725,718.6569041668796,724.0987548828125,1890322
2021-09-24,725.101135984478,746.6298019030004,718.4658999786527,744.1475830078125,4967824
2021-09-27,753.7423646435257,776.8940458881177,747.58448313256,774.6027221679688,9210666
2021-09-28,782.8609810618747,784.7703980888549,760.186653866485,769.5427856445312,3853344
2021-09-29,763.7668365269379,778.755772347936,762.8121279812792,775.3187866210938,2291977
2021-09-30,771.4521309910986,780.3786897252788,765.0078491238187,766.6785888671875,3264689
2021-10-01,763.76685830362,793.3628240628854,751.3556468561862,790.35546875,7704216
2021-10-04,794.7949089287142,813.4117266153328,790.5941677834182,803.0531616210938,6544700
2021-10-05,803.0530322753141,807.6833449278774,797.2292757950452,804.866943359375,2647442
2021-10-06,807.6834428834294,816.1803723875624,791.4533973408545,796.3223876953125,3288323
2021-10-07,801.6688339789937,847.5902949553328,799.2343386700358,838.4728393554688,9515673
2021-10-08,853.2231032190617,854.4642127678067,833.0309926481323,838.043212890625,3938358
2021-10-11,839.1887881631593,861.6244383586477,839.1887881631593,855.0369262695312,5493159
2021-10-12,847.781146204746,854.1299810246147,837.2793527269845,849.7860107421875,3433345
2021-10-13,852.554748866117,927.1652465572839,852.554748866117,892.9866333007812,17519612
2021-10-14,895.9939221397455,903.3929129725457,880.4321853326575,889.2155151367188,3354982
2021-10-18,914.6107984553439,914.6107984553439,867.1617714742237,869.6917724609375,2885649
2021-10-19,869.739462970453,885.5876011169249,860.3833311151582,875.945068359375,3476818
2021-10-20,871.6489217133413,883.0099769695079,854.130042816355,858.6171264648438,3551282
2021-10-21,867.1617914903848,869.8349638600131,852.9366686119965,856.3735961914062,2614538
2021-10-22,863.0565054190916,868.5938032023582,845.0124910129674,847.637939453125,1999394
2021-10-25,843.0076800000877,864.8705298905115,843.0076800000877,850.3589477539062,2833933
2021-10-26,852.9366659973633,859.2377192972281,843.9623820652774,854.0345458984375,3410657
2021-10-27,859.2376620781783,862.8655427750184,843.484971606745,846.635498046875,3362019
2021-10-28,846.8265081591752,855.4188853558297,838.1386834130949,843.8191528320312,2171227
2021-10-29,843.4849573965291,860.6697103485806,822.9587247038008,844.2009887695312,2482056
2021-11-01,844.2010138070525,847.6857232339929,821.4312387785856,830.9305419921875,4146270
2021-11-02,835.3700111995793,839.4752464576026,820.0946738519298,822.4814453125,3704926
2021-11-03,824.8681123012368,830.5009155430874,804.8192345716928,810.5474853515625,3288759
2021-11-04,816.9918291310665,835.3699684366734,814.366380658837,833.3173217773438,973315
2021-11-08,838.2341301492511,838.472807293371,815.6075252325227,820.572021484375,4481883
2021-11-09,824.868097978612,864.3930509817321,823.531482844872,851.7431640625,15376349
2021-11-10,864.8705592535852,883.1054705258573,854.464212022316,877.997802734375,17083220
2021-11-11,877.3293408337324,886.7331957477602,869.7393970102772,882.8666381835938,4935551
2021-11-12,891.6978026887881,896.9486998138292,883.1054255750846,895.32568359375,6239600
2021-11-15,892.6524935464067,905.5887827345532,879.3820214035524,886.3514404296875,3757546
2021-11-16,886.351412781322,922.2007060331448,883.6304585383713,916.8065795898438,7368780
2021-11-17,916.4724544717075,934.6596401045703,904.3476446262044,911.2215576171875,5416608
2021-11-18,911.7466223678879,911.7466223678879,876.6133610344651,881.8642578125,3463426
2021-11-22,884.4420449829946,888.1176496792648,853.2230630041804,860.0491943359375,3731367
2021-11-23,857.1850702823131,867.3527399087659,853.1275588408026,860.5265502929688,3195288
2021-11-24,866.5890021475836,866.5890021475836,849.6906483850933,852.7457275390625,2708554
2021-11-25,850.549841774612,858.1875099166374,843.4849754349251,850.8362426757812,2288825
2021-11-26,844.9170386564331,844.9170386564331,804.8192808896871,815.0823974609375,3934155
2021-11-29,806.9196468464198,828.4960359320313,790.8327734398069,812.2659912109375,3936245
2021-11-30,812.2660257988556,821.8131113354449,791.0237604799446,797.6589965820312,6067618
2021-12-01,798.1363120419576,804.5328706945365,785.9637785748105,796.8952026367188,5121634
2021-12-02,797.9453293096914,821.0015622187179,797.229297955632,811.0725708007812,4677008
2021-12-03,810.4998995053872,816.8486769043134,796.1792701187703,799.0433959960938,2933597
2021-12-06,800.0457420305379,802.5279608812689,782.9087123937461,784.9136352539062,1552749
2021-12-07,789.0665819315396,795.8927710726545,785.2477478992031,788.54150390625,1976433
2021-12-08,796.704275248627,805.487605455555,789.4962374382818,802.6712036132812,2346456
2021-12-09,818.5670782353652,818.5670782353652,798.1362933508467,812.5523681640625,4078098
2021-12-10,811.5977629053501,829.2598721218574,811.5977629053501,820.7630004882812,3434165
2021-12-13,829.5940471198485,829.5940471198485,801.6688206541468,804.914794921875,2683048
2021-12-14,801.955231402638,803.8169248439805,788.5893108792607,798.9478759765625,1979863
2021-12-15,805.773958300049,815.0346422237675,800.2366607620959,807.8743286132812,3208613
2021-12-16,814.2709225493761,823.1974239308314,807.8743637913207,814.6527709960938,3965285
2021-12-17,809.5927996942538,813.6503107776272,792.408046870555,796.7996826171875,2675800
2021-12-20,788.5892915566933,792.4081258983722,760.9027425795213,777.419189453125,2907378
2021-12-21,785.1523456388625,789.5439817210155,770.9271647396856,775.414306640625,1973119
2021-12-22,781.715381632691,789.7349570949016,774.268666286803,781.6199340820312,1979912
2021-12-23,787.5391217433314,796.0359930435235,785.4864750120136,789.4007568359375,1495208
2021-12-24,793.3628742529362,794.3653066637186,771.4045756875721,775.843994140625,1071730
2021-12-27,771.404460610793,785.8683175555581,770.4020283495516,781.4766235351562,1492196
2021-12-28,786.6798233437237,801.9551597193299,781.9540044983637,800.7140502929688,1677680
2021-12-29,805.2489569964317,805.2489569964317,793.2195940224442,794.98583984375,1575343
2021-12-30,804.8192021329406,804.8192021329406,789.6870969076728,791.7396850585938,1874659
2021-12-31,796.9907138312037,806.7287530368116,792.5990776555313,799.2343139648438,1528983
2022-01-03,797.1816593251136,801.9552021953239,788.8756830767903,792.2171630859375,1537088
2022-01-04,799.9980122785591,803.8645701124732,788.2551091911679,794.1742553710938,1886453
2022-01-05,792.408052481946,808.6380969303715,792.408052481946,801.477783203125,2634010
2022-01-06,801.0005326995396,804.1033357165521,790.0213835624184,801.81201171875,2962301
2022-01-07,802.9098714683541,811.2635710823233,785.247763713105,791.453369140625,2531717
2022-01-10,798.0885824941915,808.399422643459,792.12165436721,803.8168334960938,3403434
2022-01-11,803.8646109121339,810.3088937193273,797.7067290199917,803.2918090820312,2117911
2022-01-12,808.4471077227926,844.1532272341015,804.3418730220585,840.6685180664062,9022415
2022-01-13,840.6686251208594,868.307450056076,828.6870441436768,855.4188842773438,5658001
2022-01-14,849.4996547788832,855.3711356603185,839.8093979743334,841.2891845703125,2027852
2022-01-17,844.1532660415496,863.0564826579997,842.673479523007,860.0014038085938,3617269
2022-01-18,861.1470189545231,868.8801340647609,848.0675015801046,851.7431640625,3468168
2022-01-19,867.7823552839883,867.7823552839883,840.9072860730613,853.891357421875,4215758
2022-01-20,855.4188937393526,856.9464041698578,833.3173666474817,840.6209106445312,2486026
2022-01-21,836.133714892865,844.8215974364931,826.0138278319181,835.5609130859375,1872843
2022-01-24,831.7421326025983,838.5682640367984,809.6406055064544,815.9894409179688,3386669
2022-01-25,807.7789471625254,819.3786803056372,806.96746813672,815.7985229492188,4742388
2022-01-27,807.3015496638195,823.7702726223924,803.1008668861341,819.1876831054688,2927566
2022-01-28,825.2501091217838,855.4188765488991,821.4312748514761,830.2623291015625,4208702
2022-01-31,839.0933323791726,848.5926354328784,832.6012678973943,845.6807861328125,2335040
2022-02-01,851.5999855430125,854.1777101578934,825.0591007867479,830.3099975585938,2921070
2022-02-02,836.0382641537302,840.429900045483,825.9661009033872,829.975830078125,1341479
2022-02-03,828.687058529663,842.4348855739543,813.5549506424769,817.4215087890625,2630289
2022-02-04,822.3860183035345,822.3860183035345,798.2796259496579,803.5782470703125,2080640
2022-02-07,802.9098113038729,806.4422442443836,784.9613039895237,791.9306640625,1801701
2022-02-08,792.4080935090443,799.759360970454,780.1401119961643,794.365234375,2729631
2022-02-09,800.0457477449428,807.6356922088518,795.4154346850429,802.1461181640625,2165223
2022-02-10,805.7739623540331,818.9012040393031,792.5512731284555,814.4140625,6949276
2022-02-11,814.3664156287747,822.911069041288,797.7544630919244,814.9869995117188,5146850
2022-02-14,803.6258948783806,807.1106042767517,745.34095151938,787.6822509765625,4202165
2022-02-15,790.4986962358892,819.1399533458851,783.2429344096715,815.8939208984375,2728328
2022-02-16,815.8938512973334,838.7114074901242,815.8938512973334,825.1068115234375,4401342
2022-02-17,832.5057953845318,837.565738679387,820.0945851322394,823.1973876953125,2041741
2022-02-18,818.3761782279815,830.3577588399252,808.781368983787,813.4116821289062,1616856
2022-02-21,806.9196499393902,811.9795934235578,794.3174858652559,803.0053100585938,2255753
2022-02-22,789.5439429519256,817.2304899236376,786.0592335592415,814.6050415039062,2768989
2022-02-23,817.2304239764875,830.309941248024,807.3969387066271,811.78857421875,2265060
2022-02-24,781.0470071180732,794.2220311456324,754.6970756045207,759.7570190429688,5677898
2022-02-25,775.8916314574205,787.6345346840071,765.6762385655438,771.0225830078125,3470318
2022-02-28,770.4498167285958,770.4498167285958,751.1169681675623,755.03125,5026913
2022-03-02,749.9235402806951,774.029930340641,734.1708497464729,743.0973510742188,5779175
2022-03-03,756.1291774802736,757.2271156296263,725.6262274164009,727.53564453125,2763929
2022-03-04,716.0313470500049,721.759597826405,696.9371777953381,699.1329956054688,4829850
2022-03-07,687.2468724456188,687.2468724456188,650.8725028550983,659.27392578125,7008637
2022-03-08,659.2739736805063,671.2078304854925,640.7526628816386,668.9165649414062,4000294
2022-03-09,673.0695385514455,706.38889078947,668.2959957248395,701.5675659179688,5490287
2022-03-10,727.440216814402,727.9652948811423,701.7108088362487,705.3864135742188,4064470
2022-03-11,700.7560202652006,708.2027347119553,695.6960770046353,701.519775390625,2364792
2022-03-14,701.5197929807869,712.2125398171853,692.5932918289246,709.5393676757812,3563695
2022-03-15,711.2579512281642,734.3619124389958,711.2579512281642,726.7242431640625,4811450
2022-03-16,734.0276428861548,740.8538323039708,730.3520382893527,738.6102905273438,2277631
2022-03-17,749.4461274869482,763.671306590872,741.8084599456799,758.42041015625,3787641
2022-03-21,753.8377975800289,755.2698603096801,744.7680669589053,748.0140991210938,3008019
2022-03-22,747.5367022834577,753.3126766431142,734.1707842349667,750.0189208984375,5436875
2022-03-23,754.219807308355,758.2295951532662,737.1304997584955,739.0399169921875,3277274
2022-03-24,738.6579870790671,744.6726390479903,728.1084696800439,730.9725952148438,2248114
2022-03-25,737.9896875925803,737.9896875925803,723.8600131194794,730.1133422851562,3148869
2022-03-28,730.2565263592368,737.7032407134442,717.2724563052631,734.4094848632812,4719388
2022-03-29,736.0802498483492,747.5367517915142,735.7938489539266,738.3237915039062,3519610
2022-03-30,744.0043858699393,758.993322252864,740.7584116554813,757.4180297851562,4407033
2022-03-31,761.8573954473546,776.1780231813275,761.8573954473546,770.0201416015625,7059986
2022-04-01,774.2686129538084,791.930720647576,771.1180864788067,789.1143188476562,3406177
2022-04-04,780.9516154549476,798.1363698292619,773.3139468441414,795.9405517578125,4163250
2022-04-05,799.0910684964689,813.4116969641475,795.9405418877368,798.6614379882812,2669967
2022-04-06,800.7140917282151,800.7140917282151,785.6774317053626,790.35546875,2049292
2022-04-07,788.5892970393011,802.2416182515624,785.0568635945316,796.5133666992188,2913537
2022-04-08,792.4081009467639,821.669941476787,789.5916990543019,818.567138671875,4145522
2022-04-11,816.2280809173259,822.3381806332386,807.8743811617229,818.0419921875,2922901
2022-04-12,811.5023299079289,828.114283263772,805.1057704768496,821.8131713867188,2961076
2022-04-13,823.4361194239791,835.3699762272253,823.2928898340261,826.873046875,3695363
2022-04-18,826.8730735866917,836.3247117885068,819.2354049858834,834.5107421875,3076843
2022-04-19,838.3295599387419,847.5902445885675,825.9183487074338,832.9832153320312,3301212
2022-04-20,833.8901384930027,849.5951047370029,833.8901384930027,841.3368530273438,2208791
2022-04-21,841.3368040853222,872.6035051733157,840.8594498702383,869.7393798828125,3206906
2022-04-22,862.8655795147225,885.0625533968607,848.7836283421833,878.9524536132812,4924905
2022-04-25,872.9377286169941,885.9695234720687,854.5595892561781,863.0565185546875,5476626
2022-04-26,865.5387561366114,900.1947234391555,865.5387561366114,897.5692749023438,6384561
2022-04-27,887.8788759811163,898.0942682513992,881.1481929302543,884.8715209960938,3154605
2022-04-28,902.1994975925205,902.1994975925205,876.8997233214076,881.1004638671875,2869224
2022-04-29,886.8287342306868,896.7099437332758,876.4223884451927,880.336669921875,3467791
2022-05-02,873.5582907452987,891.4113516201515,868.4983472727339,879.6206665039062,2740823
2022-05-04,876.3269745977484,882.1029494947422,850.69301585042,855.5142822265625,2408261
2022-05-05,868.78482026689,879.2866147975886,855.084775255612,858.3307495117188,2690817
2022-05-06,849.6906063419752,873.3673666398194,847.1128816123987,853.3662109375,4247088
2022-05-09,840.1435202212617,861.0516606805369,835.3699774927319,854.7505493164062,1790691
2022-05-10,854.7505313172464,869.6917430512302,844.057784176348,848.1152954101562,2436623
2022-05-11,848.3539319976178,857.7101217179994,836.8019826982309,846.8741455078125,3048794
2022-05-12,844.8215686302934,848.7358501426611,815.0346519992518,826.0615234375,4908042
2022-05-13,839.9525722292132,864.011239389009,830.6918876224887,849.2132568359375,4956950
2022-05-16,854.4640598288462,867.7345305467902,852.2682420555088,862.4358520507812,2856221
2022-05-17,865.9205813860061,875.4676660760392,857.471434743639,869.5484619140625,3469290
2022-05-18,868.7847761891647,880.9573101412657,864.2021868260603,871.935302734375,3203522
2022-05-19,860.1923246811707,871.6488262307535,840.2866765470828,842.5779418945312,2658159
2022-05-20,856.278085795267,870.0735771460131,848.4017405889815,862.8655395507812,3426756
2022-05-23,869.7394142335874,900.719715670268,869.0233828826815,899.2399291992188,6613972
2022-05-24,906.0184059500335,916.9021066322467,900.3856022464558,903.9657592773438,4546511
2022-05-25,910.6010026181025,910.6010026181025,881.5301156393592,886.3514404296875,1363358
2022-05-26,887.9743891889134,891.2204215311921,873.3673601902292,887.68798828125,2384886
2022-05-27,897.4259888259253,914.610741803443,881.1959443471586,909.6939697265625,3269005
2022-05-30,928.2153703657511,965.926357384982,913.7037890231815,953.1332397460938,11690785
2022-05-31,952.751332098913,995.7609371450287,947.0708050315134,987.502685546875,13301109
2022-06-01,988.123313571233,1009.3655780417257,968.8381899034156,999.9139404296875,7889745
2022-06-02,997.6226349064939,1010.0338458350557,988.1233316201069,997.2408447265625,4081658
2022-06-03,1002.5394259198,1008.6973659976056,979.2445139711982,982.0609741210938,2660682
2022-06-06,981.4403265326515,1001.1072980945456,971.8932416442016,989.0302124023438,3443406
2022-06-07,987.9325509810958,997.6705325288593,971.9888467085559,995.33154296875,2162861
2022-06-08,1009.0790686977679,1009.0790686977679,987.4072330894652,997.6703491210938,4293398
2022-06-09,989.0780447584928,1001.7757149226958,985.259210608846,997.765869140625,2757706
2022-06-10,986.214000799434,996.2384412722258,980.1038423457974,989.5554809570312,2425545
2022-06-13,977.2873648671407,982.3950319582221,953.3241469093837,958.813720703125,4047155
2022-06-14,954.7085307057886,978.5762439734333,953.8015459474611,973.086669921875,3614327
2022-06-15,978.2421099321689,992.2286130814422,973.8026919985678,979.0535888671875,3333753
2022-06-16,990.7010098061464,990.7010098061464,951.8444186696601,959.7207641601562,3255301
2022-06-17,954.7085686835604,962.2985134587522,938.6217526095571,952.4650268554688,5318310
2022-06-20,959.4820036350295,962.3461290190147,934.7550311783123,938.1920166015625,3722583
2022-06-21,938.1920985023609,959.2434102581996,937.3328375038428,952.7514038085938,6263423
2022-06-22,950.0782254097522,958.4796488945117,928.5972832932047,939.2422485351562,2629024
2022-06-23,941.3426307276065,984.8773173190681,940.5788755414168,981.1539306640625,7303072
2022-06-24,989.9372139707331,1025.8342283409893,984.8772125749498,1023.4952392578125,7273273
2022-06-27,1040.4413653503777,1045.405802911964,1023.4952895497499,1033.662841796875,6316257
2022-06-28,1032.9946089271161,1070.6578130703554,1030.5600556073803,1061.6358642578125,11020641
2022-06-29,1055.9075212660923,1064.9294692931992,1041.3004357024797,1061.3970947265625,5052023
2022-06-30,1059.0582144397133,1066.886777735778,1038.7706582635296,1043.6396484375,4165189
2022-07-01,1042.923565985411,1062.924662008007,1015.8098218678439,1057.1964111328125,2839545
2022-07-04,1051.134021619602,1052.0887300861048,1030.5123420514533,1041.77783203125,2784613
2022-07-05,1041.5870586621243,1052.0888530207708,1029.1758471473602,1032.9468994140625,3675577
2022-07-06,1033.662841567614,1061.6358471052688,1031.6579770351705,1054.5233154296875,4957228
2022-07-07,1068.3189337476952,1087.365323885547,1064.1181925586916,1081.9713134765625,4917004
2022-07-08,1131.2817005599902,1140.7811193050488,1075.1449151458926,1082.2574462890625,10482265
2022-07-11,1077.8181324659258,1115.0040990871462,1071.8035387403766,1112.283203125,4520273
2022-07-12,1111.2805984058734,1111.710170577295,1090.2770132126352,1094.7164306640625,2452632
2022-07-13,1100.9698862235552,1104.1204711495611,1086.5538099950277,1088.701904296875,3379695
2022-07-14,1094.4886925410276,1110.4507183776616,1091.0164806911268,1102.059814453125,2423203
2022-07-15,1102.397529650853,1134.1288556696763,1099.8899122728214,1130.849609375,3879759
2022-07-18,1137.600812668871,1137.600812668871,1118.070150136828,1122.07275390625,3480683
2022-07-19,1120.625968034011,1147.245512494649,1119.7579150956599,1144.1109619140625,4056414
2022-07-20,1152.5501782646463,1152.5501782646463,1121.2046713243944,1124.2427978515625,3028752
2022-07-21,1125.6414282541941,1138.0832089154176,1123.4232011145318,1133.405517578125,2062279
2022-07-22,1138.083141553093,1143.773580807666,1128.727759432246,1139.14404296875,1983433
2022-07-25,1142.9055454001946,1142.9055454001946,1091.7882509645742,1095.50146484375,4380502
2022-07-26,1093.717163730675,1105.2908903309997,1085.1815639097426,1095.6461181640625,2598868
2022-07-27,1099.5040390676493,1109.4382016019629,1086.772986761533,1097.6715087890625,1647876
2022-07-28,1101.5293682516708,1111.0777159196616,1095.019147259954,1108.3289794921875,1929675
2022-07-29,1117.6362471251894,1142.133874271066,1112.2833514725698,1123.08544921875,2230572
2022-08-01,1147.1492859275143,1204.3427172705901,1142.1822044512787,1193.78173828125,12673841
2022-08-02,1193.733381479539,1215.0001507998938,1182.6418936968846,1209.9366455078125,5626351
2022-08-03,1215.193021664778,1215.193021664778,1187.271453344641,1209.1650390625,3820503
2022-08-04,1219.967395231258,1220.0638194172086,1195.0356798595424,1216.9775390625,3075648
2022-08-05,1232.7947528632817,1233.0841431269694,1187.5125938405015,1191.9974365234375,5766297
2022-08-08,1200.774260650867,1234.5309667735821,1198.5077625008657,1231.34814453125,5412651
2022-08-10,1231.6375179464194,1234.2415595751622,1215.4825230947338,1223.0054931640625,2530492
2022-08-11,1231.6373478097817,1233.5180312002958,1209.4543728688068,1221.220947265625,3077633
2022-08-12,1220.0637112167835,1223.8251960076589,1204.9214656099218,1214.7108154296875,3355489
2022-08-16,1235.109587080841,1252.5666023848526,1229.3709943312329,1242.5361328125,4085782
2022-08-17,1248.0335326693398,1248.0335326693398,1224.9343501590668,1228.985107421875,2197165
2022-08-18,1228.7439725394797,1232.939424880072,1210.1295151868296,1216.3504638671875,2659857
2022-08-19,1224.8861502792479,1227.4420386278205,1191.6116839921344,1195.3731689453125,2513148
2022-08-22,1195.373200039969,1203.0890185101523,1175.7461103532494,1183.124267578125,2443323
2022-08-23,1176.6139866298543,1231.6374614245435,1174.7333030658529,1227.8759765625,4449168
2022-08-24,1229.6602617597573,1237.9065896021855,1216.2058507895254,1223.24658203125,2570071
2022-08-25,1228.7440337790686,1232.0714332447442,1212.058530025815,1214.90380859375,1769049
2022-08-26,1234.4344773304133,1252.8559695795789,1223.728803215687,1229.3709716796875,4325600
2022-08-29,1204.6320658659563,1235.3024890160464,1198.0254203565735,1231.444580078125,2554692
2022-08-30,1238.3887632253725,1268.287557353088,1238.3887632253725,1262.2113037109375,5078317
2022-09-01,1234.5308408369908,1278.607402670135,1234.5308408369908,1265.4423828125,4913035
2022-09-02,1271.807894454768,1283.381620956035,1264.6224686114776,1269.2037353515625,2316436
2022-09-05,1272.1455160711655,1277.4018700864099,1254.8813494328683,1273.6405029296875,2271837
2022-09-06,1277.9322944275332,1279.8612488342162,1254.399027119193,1259.9930419921875,1930221
2022-09-07,1245.1400979553482,1265.3458487332787,1235.6881740530873,1243.88623046875,3162428
2022-09-08,1258.6429362623805,1284.6355536379335,1255.7495042249957,1274.942626953125,4026323
2022-09-09,1290.4706648505044,1290.4706648505044,1248.0819333789673,1255.026123046875,3415016
2022-09-12,1261.5363212457958,1268.8663252536255,1248.9981162181234,1250.975341796875,3077887
2022-09-13,1263.4169783274538,1263.4169783274538,1245.14018078446,1253.67578125,2460291
2022-09-14,1238.3405950777349,1267.178490193471,1234.5309567968632,1251.9398193359375,2955136
2022-09-15,1258.642889316333,1267.5643044321766,1243.2595233183074,1250.975341796875,2555055
2022-09-16,1245.3813818504163,1250.9271266292276,1190.6472920769324,1205.693115234375,9047956
2022-09-19,1215.1448163739806,1252.3253408311793,1205.692892965021,1242.87353515625,4476773
2022-09-20,1253.8204884761385,1265.394216062072,1250.4930888888007,1256.6656494140625,3780649
2022-09-21,1262.452357733072,1276.0033092063893,1247.6476565661078,1260.234130859375,2887754
2022-09-22,1250.9270548851553,1273.6405423354004,1247.06914569507,1263.85107421875,2010645
2022-09-23,1258.6427269871613,1271.2773545694981,1216.2057308282072,1227.1043701171875,4639618
2022-09-26,1205.5966038309975,1214.2286284208103,1173.0937664853313,1192.479736328125,3345338
2022-09-27,1198.459428938082,1208.3935918860318,1177.8195918686786,1191.852783203125,3588217
2022-09-28,1189.2967945683333,1216.9290894953997,1168.2229916000024,1198.2664794921875,3361451
2022-09-29,1210.4189271606863,1222.9088602317972,1201.4492418020561,1213.64990234375,3474302
2022-09-30,1212.2996551470214,1237.134944802693,1189.2487426247187,1223.1500244140625,3320684
2022-10-03,1224.837688636913,1230.7692465549474,1197.928870798556,1206.8984375,3150821
2022-10-04,1220.0637001034502,1232.5536331808546,1210.4189277706166,1215.578857421875,3011962
2022-10-06,1222.9570154979472,1231.637309771986,1209.9365740868884,1212.2513427734375,3531469
2022-10-07,1215.2412451733771,1217.1219285782474,1189.1520903956857,1194.842529296875,3501889
2022-10-10,1190.164919643755,1202.2691561551412,1174.7332837326528,1198.84521484375,2230590
2022-10-11,1204.873201559021,1204.873201559021,1181.9668669286216,1185.873046875,1569478
2022-10-12,1191.7564417169056,1214.614507447007,1186.4035454177308,1203.5712890625,2884899
2022-10-13,1210.4190888558855,1228.8888538780668,1196.4341671121324,1203.860595703125,2137351
2022-10-14,1222.716062311321,1226.8150907197794,1184.3780907263279,1186.596435546875,1696759
2022-10-17,1183.4135751119472,1194.7461826975753,1153.9970192513815,1186.3070068359375,2158727
2022-10-18,1192.2386703948196,1222.330315880303,1189.6827819334387,1209.26171875,2722206
2022-10-19,1215.1931088042686,1219.8709178263023,1199.809743193754,1204.053466796875,1449579
2022-10-20,1197.1089895470143,1209.454344140625,1180.0860620643139,1205.596435546875,1831346
2022-10-21,1208.5864459340107,1223.8252339244411,1199.954421443673,1212.1068115234375,1750934
2022-10-24,1216.2057450798734,1232.6018574243283,1216.2057450798734,1225.80224609375,318933
2022-10-25,1225.8022461687326,1238.2440255541514,1214.855453531954,1235.881103515625,2809493
2022-10-27,1237.7136683254253,1253.6756957379814,1233.6146401245094,1248.17822265625,3279938
2022-10-28,1254.4472695590814,1269.1555465757172,1244.1755640301658,1265.0565185546875,2111224
2022-10-31,1271.4219899995755,1310.2421948905164,1269.8305791715268,1300.69384765625,4306893
2022-11-01,1312.6535091032779,1318.0064048196136,1301.4173258349033,1305.950439453125,3405472
2022-11-02,1305.950472987994,1312.653542810272,1291.0492287719503,1304.310791015625,2298917
2022-11-03,1292.3994622471012,1306.8666204065835,1281.3562452789765,1287.962890625,1931917
2022-11-04,1290.4704974408378,1303.973178281026,1283.7191570207438,1290.7598876953125,2204968
2022-11-07,1297.2219637122455,1307.445399507704,1289.1203308753377,1303.2982177734375,2599224
2022-11-09,1316.366779955178,1316.366779955178,1283.7192478742306,1290.03662109375,2459869
2022-11-10,1291.435070476755,1291.435070476755,1244.754346846993,1252.0843505859375,2792546
2022-11-11,1258.7391290721955,1271.9042659691274,1233.1323308887418,1241.3785400390625,5308986
2022-11-14,1257.6782946162136,1263.1757676754464,1223.0053856581003,1232.74658203125,3794391
2022-11-15,1238.919267569221,1250.2518749730498,1229.9495822751292,1245.815185546875,3192070
2022-11-16,1243.162871607004,1248.9980059096947,1230.6729386415216,1240.9927978515625,2478281
2022-11-17,1234.7238307362263,1239.3533690137103,1209.5992669308914,1214.614501953125,2319979
2022-11-18,1205.644779115387,1211.335100446682,1174.009879647617,1183.5582275390625,4525364
2022-11-21,1174.733367976285,1191.033058123094,1159.301730958534,1174.9744873046875,4120736
2022-11-22,1177.2891599294958,1191.5633523607676,1172.7560462865756,1184.81201171875,2469455
2022-11-23,1190.7435419733517,1196.2892859404187,1180.5201070765222,1191.804443359375,2396267
2022-11-24,1197.7843848515583,1212.3479685643529,1194.6498336201867,1209.5028076171875,2133523
2022-11-25,1213.312356113788,1222.6677381571396,1201.7386293464067,1216.012939453125,1370326
2022-11-28,1214.1805131242277,1226.8151423802335,1201.7387322372413,1206.271728515625,2126619
2022-11-29,1211.3834345018622,1220.063729812783,1204.1981260325492,1212.4443359375,2435651
2022-11-30,1217.266676454829,1269.252022186953,1212.974799917188,1259.221435546875,7536690
2022-12-01,1268.2877076903592,1270.168391418029,1242.2468193955763,1247.503173828125,2613761
2022-12-02,1240.751784120377,1247.8407865119148,1215.2414064515792,1219.677978515625,2892150
2022-12-05,1224.355572999906,1224.355572999906,1208.1041552149745,1215.0484619140625,2764806
2022-12-06,1204.1496722788436,1220.4975122057604,1204.1496722788436,1218.182861328125,1686075
2022-12-07,1217.1703615280167,1223.8252784936399,1207.9114029269106,1221.60693359375,1731982
2022-12-08,1227.7312512906428,1236.4598173758739,1224.4038519178407,1229.08154296875,1906386
2022-12-09,1235.9776457659284,1239.015772772872,1211.865713542637,1220.4495849609375,1308941
2022-12-12,1219.0029410465938,1231.926961028642,1211.8657851400255,1219.099365234375,1723401
2022-12-13,1222.9571387521005,1240.26945809429,1221.992661513337,1237.7618408203125,2164600
2022-12-14,1241.2822185645566,1245.1401275577643,1231.106936501356,1240.751708984375,1436837
2022-12-15,1240.2213782688564,1247.5513821704396,1236.2187739443068,1241.2340087890625,2417555
2022-12-16,1232.5535992888927,1241.2821651037095,1205.5965084534862,1207.1396484375,2136354
2022-12-19,1206.4647591257688,1248.9017631752324,1200.82259008873,1244.802734375,2767603
2022-12-20,1242.1985219484495,1242.2467929082534,1218.2312840016489,1229.94970703125,1286604
2022-12-21,1234.434416687491,1238.870988350034,1213.7945806450118,1220.73876953125,1251993
2022-12-22,1220.738853030021,1232.2644272309096,1185.6319740289011,1190.11669921875,1557590
2022-12-23,1176.6621833122124,1186.3069553065748,1165.0884569189775,1181.0987548828125,1913648
2022-12-26,1181.098876443856,1203.0890059478834,1173.0937855050552,1193.106689453125,1677560
2022-12-27,1199.086423778476,1204.1499296902693,1180.4719644757884,1190.4061279296875,1304940
2022-12-28,1186.162179527279,1210.4188029905888,1181.4844889748774,1207.8629150390625,1959508
2022-12-29,1203.378197478494,1222.571317977281,1194.5533249767482,1217.5078125,1289676
2022-12-30,1220.4012825332748,1220.4012825332748,1200.7741937564335,1204.824951171875,1372710
2023-01-02,1206.560959132326,1225.8505028434743,1198.4593272268373,1217.989990234375,1718385
2023-01-03,1218.1348003852938,1220.0637549385565,1202.4137736825871,1204.9215087890625,1510751
2023-01-04,1207.8631981438268,1211.1907156759682,1187.2716300564337,1192.286865234375,1344532
2023-01-05,1195.9518049089095,1210.4189638392593,1187.2715095506996,1208.1524658203125,2745160
2023-01-06,1208.1523180710317,1229.6600877434648,1203.812170922699,1219.9671630859375,2214972
2023-01-09,1227.7312618670173,1267.2266756881922,1226.477512089004,1263.802734375,3634805
2023-01-10,1263.9474386540758,1279.2826505065684,1259.366171707409,1268.191162109375,3139930
2023-01-11,1268.7697858115162,1273.1099333114414,1254.3026274784315,1265.9727783203125,2041750
2023-01-12,1269.2521866807317,1279.8614374812546,1263.4653226077191,1273.013671875,2448619
2023-01-13,1277.9323321573445,1289.506058939147,1265.008313704191,1280.970458984375,2600139
2023-01-16,1285.6481381632575,1287.818211914846,1256.6655505206515,1268.8662109375,1651972
2023-01-17,1272.097279165857,1276.823241450807,1257.7748149042172,1273.9298095703125,1607137
2023-01-18,1273.4473657375054,1277.9322079764543,1261.6325207958364,1275.1834716796875,1179938
2023-01-19,1270.7951021887102,1281.5007752840295,1265.6834438018072,1272.6759033203125,2066881
2023-01-20,1277.0161946214046,1277.9324009473344,1265.0566527562962,1268.0465087890625,1332666
2023-01-23,1274.4118792256959,1298.1379939527794,1265.6834315173858,1281.2596435546875,1681075
2023-01-24,1287.6735581107978,1287.6735581107978,1274.1227233341822,1276.8714599609375,1408040
2023-01-25,1277.8360067568592,1284.6837720852793,1259.6556330785877,1264.9119873046875,1359090
2023-01-27,1271.277355830393,1292.2065814154178,1240.9445954121225,1273.302734375,1914769
2023-01-30,1273.2064844712281,1294.3285612909679,1258.6429005102184,1284.2979736328125,2402331
2023-01-31,1302.3336197718206,1336.2831703663303,1287.8664616660863,1329.77294921875,5265862
2023-02-01,1337.2959487707012,1340.6233481166566,1275.0388965541151,1304.021484375,3010838
2023-02-02,1300.163556451661,1329.2424502894655,1283.2369342389982,1304.3590087890625,2029111
2023-02-03,1310.9174653878088,1342.5040961513216,1302.5748311443742,1338.6944580078125,1803085
2023-02-06,1342.4558162444466,1342.4558162444466,1311.688970521439,1327.12060546875,1504382
2023-02-07,1333.7756029543214,1335.800981617909,1312.6535277848188,1318.1510009765625,1413825
2023-02-08,1324.7578734268798,1330.9787050634484,1311.6891586132535,1324.275634765625,1241238
2023-02-09,1323.262718059913,1336.7653988564425,1314.5824232621437,1323.45556640625,1866387
2023-02-10,1329.5801809306734,1337.6816957704843,1302.8159368234749,1316.9454345703125,3282665
2023-02-13,1326.156119990155,1334.8364145937269,1277.980532033943,1304.9376220703125,4401219
2023-02-14,1309.7600915202709,1328.0851590746781,1302.0442736026255,1314.7271728515625,2373179
2023-02-15,1315.7397098100403,1334.0166228440398,1311.7372237369282,1330.3515625,2007214
2023-02-16,1331.074893344294,1347.3745807527469,1314.775205935841,1319.5494384765625,2646301
2023-02-17,1311.6407490323115,1323.7932561988312,1284.9730480705407,1293.84619140625,2150027
2023-02-20,1294.4248861234278,1306.8183951667866,1285.262352301904,1298.427490234375,1497314
2023-02-21,1306.3843793611456,1314.003772857715,1293.3639370419316,1303.8284912109375,2118816
2023-02-22,1299.054229147711,1304.792820797384,1264.5741728330386,1272.86865234375,2196484
2023-02-23,1278.1734198167242,1279.1378970246597,1258.6427563560271,1267.2747802734375,1847879
2023-02-24,1273.30271982722,1273.640381025823,1232.794678461764,1234.7236328125,2824384
2023-02-27,1224.9343025817043,1239.7390039053694,1204.0533478657965,1212.733642578125,2019964
2023-02-28,1218.8099265491544,1247.3102780830231,1215.241407604569,1224.5003662109375,3407211
2023-03-01,1230.624659585963,1259.1732794346321,1223.9698609669772,1226.959716796875,2338935
2023-03-02,1233.1324385577943,1233.1324385577943,1205.5965658990442,1207.091552734375,1563750
2023-03-03,1213.2159075351672,1231.5891277684075,1208.7310649562069,1223.5357666015625,1493291
2023-03-06,1224.45213302643,1238.6299014290237,1222.9571462036222,1225.320068359375,1570410
2023-03-08,1224.8860462541413,1246.0562737394873,1213.6017100869883,1244.1273193359375,2370800
2023-03-09,1245.1400808520814,1248.8051413517665,1200.7258581401575,1203.812255859375,3596577
2023-03-10,1204.6321586573797,1212.0585868413127,1181.8222467580908,1183.124267578125,2664696
2023-03-13,1179.266256701658,1187.27146476812,1140.4460483694754,1151.0552978515625,3842775
2023-03-14,1149.9462174742334,1150.042641647831,1115.7554299504845,1119.565185546875,5379592
2023-03-15,1125.545023258427,1132.6821789150156,1112.235189257382,1119.1312255859375,2226887
2023-03-16,1118.793528438025,1133.5018054282664,1099.6486799680254,1125.5931396484375,3604480
2023-03-17,1131.2353013565385,1144.1110480874713,1111.0777048655568,1129.885009765625,3683701
2023-03-20,1128.3901020158457,1137.2633632813443,1104.3264419251532,1126.171875,2082268
2023-03-21,1129.0170529140432,1133.2607763894584,1115.3215229653356,1119.0830078125,2209422
2023-03-22,1126.0272933746785,1138.565498782705,1117.9739311401793,1122.748046875,2211909
2023-03-23,1119.7582325555077,1133.2609158076843,1112.81404254801,1123.56787109375,2594282
2023-03-24,1119.3240628672866,1128.9688348786058,1106.3517738716419,1109.92041015625,1839876
2023-03-27,1100.9507320946648,1109.7274511339829,1085.5190967784015,1097.4786376953125,2446528
2023-03-28,1102.9761578239413,1108.1843585125837,1083.4937644981014,1088.2197265625,1903339
2023-03-29,1093.6689334363675,1111.5117626085573,1091.7882498875094,1103.6513671875,4003003
2023-03-31,1106.8339995904018,1121.6869718617752,1105.1461645080647,1117.5396728515625,2343070
2023-04-03,1120.0474384315783,1138.0831152835597,1114.2605751335263,1128.3419189453125,2546562
2023-04-05,1130.367296374624,1131.621163848176,1111.029481113509,1114.4051513671875,2028469
2023-04-06,1113.006809465048,1133.2608328608592,1107.5093359226605,1129.64404296875,2029418
2023-04-10,1129.644028080075,1148.6924545941256,1129.644028080075,1146.377685546875,2586918
2023-04-11,1157.3727647784115,1161.4235223615174,1145.9918854978052,1159.0123291015625,2443384
2023-04-12,1160.7484557829644,1169.8627193724767,1156.0224933634197,1164.461669921875,2469405
2023-04-13,1170.3448616609705,1178.7840375245023,1156.938722190705,1161.7611083984375,4470196
2023-04-17,1175.6495345844528,1175.6495345844528,1160.6519835052889,1169.8626708984375,1956198
2023-04-18,1169.910847528935,1174.6368093716128,1159.8802610684422,1161.9056396484375,2075066
2023-04-19,1161.8574675461089,1174.6849435002948,1160.6518710616535,1172.322021484375,1818732
2023-04-20,1174.733348886797,1181.3882657893687,1171.4059493025338,1175.31201171875,2172677
2023-04-21,1178.5428205275136,1178.5428205275136,1166.1011593300543,1169.669677734375,1015815
2023-04-24,1167.4033003981328,1173.8652509539745,1153.5148042912958,1164.847412109375,1389756
2023-04-25,1164.8473021537184,1171.839761636736,1156.7939413304282,1166.8726806640625,1360260
2023-04-26,1168.9464194285677,1174.0099249582704,1162.4844689890383,1170.44140625,1708865
2023-04-27,1167.0657311989835,1181.484618841433,1167.0657311989835,1180.5201416015625,1340045
2023-04-28,1181.4847302668006,1185.1015202574133,1168.464286300595,1183.3172607421875,2333102
2023-05-02,1186.3070471258673,1196.7234487796138,1174.2510811997913,1193.3477783203125,2607580
2023-05-03,1193.347609313457,1197.880604766063,1186.4033032830935,1191.563232421875,1307304
2023-05-04,1191.1294774890916,1194.071180377319,1184.3781363211374,1187.9466552734375,1541188
2023-05-05,1189.0074833448268,1198.2181695313075,1165.1366737672654,1168.1746826171875,4753718
2023-05-08,1173.720389267605,1195.8069389598325,1170.5858386137788,1188.04296875,3513667
2023-05-09,1194.9872987866183,1205.5965484126498,1190.2131835485195,1201.2081298828125,1846359
2023-05-10,1205.5965764197877,1211.1905916279918,1191.1294175027504,1204.2945556640625,2108081
2023-05-11,1205.596474369918,1216.0610282206428,1199.9543064166728,1206.850341796875,4100467
2023-05-12,1211.7691752071332,1233.3734879908002,1206.8503650437617,1230.6246337890625,2427624
2023-05-15,1234.4344803118527,1242.0056033277488,1227.3937491535553,1239.980224609375,2647630
2023-05-16,1241.282211450601,1245.815207398025,1214.132153519695,1217.604248046875,1571371
2023-05-17,1220.063731509092,1226.5256820448126,1215.916432205603,1218.231201171875,1643851
2023-05-18,1224.8377680055878,1224.8377680055878,1197.1573195731196,1201.25634765625,1900447
2023-05-19,1208.3936176060795,1217.6043050654744,1193.4923728669894,1215.627197265625,1588996
2023-05-22,1214.5178630129137,1224.355482945494,1206.8503166890523,1220.5941162109375,917769
2023-05-23,1220.5942391287679,1225.6094737692458,1211.9139438197587,1223.4876708984375,1803955
2023-05-24,1215.2414201991976,1232.6020119163288,1209.9367949522962,1230.3836669921875,1369297
2023-05-25,1234.5308604399538,1235.3024893213437,1212.8783936141335,1232.4090576171875,2040166
2023-05-26,1244.175576128366,1246.8761593562108,1223.2946214008005,1236.3150634765625,3508112
2023-05-29,1274.5566624564808,1302.0442635764275,1251.891447497928,1282.8994140625,6185862
2023-05-30,1282.7063593030953,1287.8664063263066,1273.1098585989346,1281.2596435546875,2493657
2023-05-31,1277.932371381018,1281.0669224806315,1256.9549909451407,1272.1455078125,5629378
2023-06-01,1272.1453743645316,1290.181050167521,1266.1656630646173,1272.0489501953125,2364455
2023-06-02,1277.7877314697082,1297.2219726740504,1273.3994303810152,1293.7498779296875,2313841
2023-06-05,1301.851405066768,1351.232591880566,1298.5238880009445,1345.83154296875,5105293
2023-06-06,1345.8316418694667,1364.6389491342593,1338.742757293392,1361.0703125,2335838
2023-06-07,1372.2582459715295,1372.2582459715295,1345.445731961408,1356.4407958984375,2491079
2023-06-08,1362.516943320191,1365.265797628239,1328.5673917286174,1331.9913330078125,1776230
2023-06-09,1331.7020124702037,1337.7299955069147,1314.5825406459444,1321.9608154296875,1881329
2023-06-12,1328.953308907412,1335.6082258927786,1320.658827588773,1332.3289794921875,1389300
2023-06-13,1334.0167206610447,1339.1766503583256,1319.59771525443,1324.3719482421875,2516583
2023-06-14,1325.191792809234,1331.9431338206348,1317.4759745104902,1329.6766357421875,905086
2023-06-15,1332.714656405508,1357.2122833620945,1322.7804940449146,1343.275634765625,1720070
2023-06-16,1349.3035106182522,1359.7199107602376,1343.9024622140478,1353.981201171875,2132678
2023-06-19,1359.4306084846503,1365.072776537443,1346.4101663317288,1352.7275390625,1476764
2023-06-20,1352.775797045972,1359.8165282193886,1331.653721259764,1346.84423828125,1042428
2023-06-21,1344.529434150081,1353.5472720637524,1321.9606450230442,1325.4327392578125,2008628
2023-06-22,1330.0139996157357,1342.5522026577985,1325.8185475292357,1329.724609375,1296616
2023-06-23,1327.9887492989726,1330.5927907808023,1319.887116850779,1324.4683837890625,1258590
2023-06-26,1326.1562748017411,1354.9941693424205,1321.2856173897605,1348.001708984375,2281046
2023-06-27,1356.7301896195493,1366.664353040847,1344.0955603612529,1352.5830078125,2737379
2023-06-28,1358.9000884044342,1363.5296260054395,1340.7679878908993,1345.4456787109375,2611913
2023-06-30,1352.8240423844006,1409.1012665466958,1350.2681541172992,1401.964111328125,4114865
2023-07-03,1417.781668970947,1444.835305054114,1407.4618086781793,1415.804443359375,3615176
2023-07-04,1434.1775968272805,1434.1775968272805,1410.162090993319,1412.4285888671875,1595700
2023-07-05,1411.9464638060826,1425.4974166534075,1405.3398179996598,1422.9415283203125,1456527
2023-07-06,1425.3526200028477,1497.736681643541,1420.3373856088556,1493.7823486328125,5628945
2023-07-07,1491.9499251546185,1535.3995558959448,1484.6199213873024,1508.587158203125,6905845
2023-07-10,1511.3358607148957,1522.9095877912064,1491.0335673749182,1496.2900390625,2276342
2023-07-11,1502.8966326652994,1520.0161033727013,1495.3255100119318,1513.69873046875,1563376
2023-07-12,1513.2648128909236,1523.5365192020963,1486.886383517039,1515.049072265625,2658457
2023-07-13,1520.0160990398522,1538.148317873282,1503.089476731676,1511.2393798828125,1859405
2023-07-14,1522.9830962835265,1527.0764224183404,1503.491406978213,1507.24365234375,2174792
2023-07-17,1519.3771699997694,1519.3771699997694,1490.6269284891903,1497.254150390625,1520990
2023-07-18,1496.9618316894764,1502.9555503169568,1487.2159864310813,1495.69482421875,1059058
2023-07-19,1491.3090710643153,1510.118598451455,1485.2666950887494,1505.1968994140625,1081196
2023-07-20,1510.6545926574859,1514.2605073404518,1491.6501969096894,1506.073974609375,1538263
2023-07-21,1509.5825457672115,1513.1398028257267,1480.2475774306467,1484.7794189453125,1668783
2023-07-24,1483.31748959007,1517.4279443441123,1476.4466218310542,1507.535888671875,2129706
2023-07-25,1512.0189615145632,1529.6102580070951,1508.7054696373907,1525.95556640625,1996604
2023-07-26,1530.2438266262043,1533.995953035425,1493.0634053686601,1505.5867919921875,2100855
2023-07-27,1460.9020581000364,1461.8766425283886,1401.7934887269068,1410.613525390625,11879512
2023-07-28,1422.8933108165538,1433.6137398706512,1413.1474662219198,1430.4951171875,4714146
2023-07-31,1439.2663394480558,1441.4103776153227,1420.554246938074,1437.7069091796875,2460789
2023-08-01,1437.7068987438654,1465.7749778211885,1432.8339766101512,1455.3956298828125,4184243
2023-08-02,1455.3956262035008,1458.9528831456844,1428.0098276748256,1447.55029296875,3188395
2023-08-03,1447.2579309973505,1463.387351485497,1410.8084482008883,1431.810791015625,2222395
2023-08-04,1443.359603224193,1464.2643925642442,1379.7679664177253,1427.4251708984375,8066091
2023-08-07,1451.1563622423873,1492.0889124198086,1443.1160398861082,1488.0931396484375,9257291
2023-08-08,1491.1143089983332,1495.012647061074,1447.2580057925,1461.5843505859375,3426948
2023-08-09,1466.7496420013185,1498.4724144038287,1454.323689884696,1495.7435302734375,3713003
2023-08-10,1495.4998086480346,1516.502150713083,1492.8684782727344,1506.122802734375,3600607
2023-08-11,1509.1927185057004,1519.961804732866,1494.0866603227305,1507.14599609375,2402812
2023-08-14,1505.6841544773763,1511.336791709462,1485.266658433158,1507.535888671875,1875450
2023-08-16,1519.4259935912655,1533.0213996116227,1499.4956694311268,1530.682373046875,2361632
2023-08-17,1533.021252724569,1538.9175358991,1520.4978670473702,1533.508544921875,2377711
2023-08-18,1528.879384780258,1542.3286980311148,1505.3431460751744,1513.1885986328125,2202570
2023-08-21,1506.7076283807062,1513.1886390621976,1492.819799335153,1499.447021484375,1487526
2023-08-22,1498.9108344271503,1515.4787695281007,1495.7434350696158,1511.0931396484375,975607
2023-08-23,1506.7564020813265,1515.3326742338554,1497.059215001123,1503.247802734375,1405076
2023-08-24,1510.6546111069908,1515.4299795379366,1489.2137541040315,1503.0040283203125,2111147
2023-08-25,1491.9913315572226,1507.92576323556,1469.8681935580441,1481.4171142578125,1455320
2023-08-28,1489.16507987736,1513.5296917863482,1485.3641766259916,1509.875,2132512
2023-08-29,1515.3813240541601,1524.5910991485298,1500.8599925405601,1521.1800537109375,1325882
2023-08-30,1529.1229846870838,1548.614673465759,1520.1568554360238,1542.9620361328125,3140040
2023-08-31,1548.5657762321116,1549.589137400541,1527.3199084962414,1535.3602294921875,3512885
2023-09-01,1536.9197554161588,1563.7208291472584,1534.9705864175332,1551.48974609375,2147299
2023-09-04,1565.085202402703,1565.085202402703,1524.4449591881423,1536.3349609375,2200142
2023-09-05,1537.5044059100883,1543.839204840789,1525.4683117353222,1531.2183837890625,1078759
2023-09-06,1536.919677734375,1540.7205808831493,1519.0847347112644,1536.919677734375,1301466
2023-09-07,1532.2415883725735,1537.7967909865536,1520.5953520583437,1525.95556640625,1514369
2023-09-08,1525.3220356829554,1537.8941983604552,1520.3516789875223,1527.7098388671875,1223910
2023-09-11,1527.8074380702465,1548.6147936628988,1524.250180798473,1541.89013671875,1921950
2023-09-12,1541.9875560799824,1549.053293740573,1474.5951327397888,1518.3538818359375,3770868
2023-09-13,1524.250131088882,1528.7331959161652,1491.2116933286193,1497.8875732421875,2382637
2023-09-14,1505.7329457016283,1535.3603361937887,1499.2519354427454,1526.19921875,2220196
2023-09-15,1539.502316090479,1569.7630912111094,1531.900509961953,1560.4071044921875,5425897
2023-09-18,1567.8627040621984,1627.556000487255,1561.381693799627,1599.7315673828125,6887528
2023-09-20,1578.9241999916487,1622.6830643802116,1578.9241999916487,1592.470947265625,6116670
2023-09-21,1596.1744947568436,1614.1067538553366,1535.0679770227803,1543.0108642578125,2898266
2023-09-22,1539.843354431221,1576.8287848824875,1526.296607456268,1566.3033447265625,3827771
2023-09-25,1571.955957470632,1578.8268255020785,1542.133696782492,1549.05322265625,3231962
2023-09-26,1549.0532437697352,1565.7673912833116,1541.7926370295163,1554.6571044921875,1479841
2023-09-27,1554.3159962839748,1558.9452724512435,1543.0108403848426,1548.8095703125,1991198
2023-09-28,1555.3881472636083,1556.314073956263,1504.7585280551075,1516.5023193359375,2369699
2023-09-29,1533.995968243576,1536.432429438372,1510.7033754277597,1514.7479248046875,1254881
2023-10-03,1556.6062511741966,1557.3859663289525,1494.0867532696104,1498.326171875,3436776
2023-10-04,1492.8684572156794,1498.8133983644923,1463.5821479042138,1483.4149169921875,2580901
2023-10-05,1494.0379152569521,1511.3855655130799,1474.5950036729298,1498.862060546875,1991367
2023-10-06,1505.7329810684416,1514.5042411523355,1501.2011395648642,1509.485107421875,1743027
2023-10-09,1500.8601735763848,1502.0784042367552,1475.5209758406795,1476.6904296875,2123175
2023-10-10,1482.781560690548,1504.6122775896529,1480.588745534858,1498.7647705078125,1956653
2023-10-11,1500.8600752517216,1519.523391539489,1500.8600752517216,1516.745849609375,1536986
2023-10-12,1519.3771687807002,1530.1463746199338,1516.0635578326414,1526.832763671875,1731806
2023-10-13,1520.838987850392,1534.3857350858798,1510.8982743506433,1522.7393798828125,1465554
2023-10-16,1523.129273057268,1537.1633128310311,1518.889854523482,1534.531982421875,1089610
2023-10-17,1534.9704738652536,1543.6442990666922,1528.7331097334425,1536.52978515625,997962
2023-10-18,1536.5298636561854,1539.3074056238977,1522.057307956774,1534.8243408203125,1212994
2023-10-19,1513.8705974751276,1538.7712755533967,1513.8705974751276,1529.658935546875,1239578
2023-10-20,1526.199269826428,1534.970529997844,1505.8304307459064,1518.646240234375,1435102
2023-10-23,1508.9004696448812,1534.8731706650176,1507.1949467500783,1525.3709716796875,4069167
2023-10-25,1533.9959466525263,1536.5298424658831,1507.6821661190968,1529.220458984375,2510769
2023-10-26,1514.5042754598792,1518.5974826712868,1461.8767137643622,1467.8216552734375,3343802
2023-10-27,1470.01441841752,1494.9637563242254,1468.9911761347287,1472.4022216796875,3341111
2023-10-30,1463.923307853809,1476.9339867281697,1426.011948196397,1459.732666015625,2637486
2023-10-31,1456.2239900881245,1459.2452969588057,1418.556397498933,1421.52880859375,2555737
2023-11-01,1427.6687604161618,1447.257883735788,1413.147428563564,1417.6304931640625,2627536
2023-11-02,1427.7661804839988,1439.9484857782309,1415.5838751897668,1432.3466796875,2091122
2023-11-03,1442.3848566999234,1450.2789662437042,1423.3316848232805,1431.6644287109375,2456723
2023-11-06,1444.1392004718446,1454.2747829801363,1436.098879233284,1450.4739990234375,1271868
2023-11-07,1450.425325347596,1458.9529393887797,1437.5120812280895,1442.141357421875,1940908
2023-11-08,1447.3067960588555,1451.5462149479263,1436.5375894732947,1449.5970458984375,1342202
2023-11-09,1449.5968547553862,1519.0846508263387,1449.5968547553862,1512.603759765625,4831782
2023-11-10,1510.6058967787005,1511.5804812282352,1476.7878639669798,1485.3641357421875,4872228
2023-11-13,1487.4594559535599,1504.0761677333237,1474.594989327037,1501.1036376953125,1968032
2023-11-15,1509.631374065915,1511.385673733951,1494.5740912919648,1504.9046630859375,2782942
2023-11-16,1504.9533164669049,1543.6930498052989,1499.3982324809854,1529.6103515625,3224223
2023-11-17,1534.970624316193,1555.4368993070755,1532.6803744798283,1544.2779541015625,2035309
2023-11-20,1549.39447205178,1549.39447205178,1501.4448436930572,1512.75,2918577
2023-11-21,1513.5295874645626,1531.4619643871342,1509.7774612827643,1520.1080322265625,2213144
2023-11-22,1520.3517099335002,1524.8835513239824,1495.9870991973864,1504.2222900390625,1269475
2023-11-23,1517.0381845741467,1521.2776032875825,1496.084618160228,1506.5614013671875,1552635
2023-11-24,1509.6312802906425,1519.8644167935809,1508.1694036473655,1513.7244873046875,1239270
2023-11-28,1513.7245413429255,1532.046776846543,1502.9554544003702,1526.248046875,2596766
2023-11-29,1535.9451397565997,1582.140467880409,1527.417525560616,1577.94970703125,3581220
2023-11-30,1574.002717020949,1617.810241949249,1572.6869327944953,1605.87158203125,5214960
2023-12-01,1613.911837223162,1623.6576816508382,1579.9962510277182,1584.18701171875,2489755
2023-12-04,1620.5876186067603,1632.4288426620221,1597.782320235112,1614.7401123046875,3001010
2023-12-05,1618.6872979937207,1664.590200694723,1598.9031865458744,1643.1981201171875,3423953
2023-12-06,1645.1959633314013,1666.9779016918808,1641.3464023946628,1659.132568359375,2279220
2023-12-07,1659.717296223209,1662.6410495342304,1638.9099422866711,1649.63037109375,2461051
2023-12-08,1655.8188691850805,1664.7363400963866,1620.295315958909,1626.142822265625,1942667
2023-12-11,1631.4543625324368,1631.8928779459864,1605.2380171426212,1610.2083740234375,2037178
2023-12-12,1620.733956513441,1627.556047731477,1585.161623733681,1593.83544921875,2051527
2023-12-13,1597.343842572489,1628.0432513833696,1588.134067516354,1623.8038330078125,2247441
2023-12-14,1633.4034481933336,1666.3931062144138,1628.5793030187936,1660.2532958984375,3326228
2023-12-15,1683.9844704663983,1695.3870607784934,1654.8443720414782,1681.109375,3858594
2023-12-18,1676.285220973089,1687.834022684484,1655.5753018186251,1667.319091796875,1739425
2023-12-19,1676.2853500897022,1680.0374766437196,1648.314822358479,1656.16015625,1660221
2023-12-20,1666.5395201860922,1668.4399124026786,1598.9033310703526,1605.0919189453125,3047660
2023-12-21,1593.4456250473029,1611.1343571556145,1579.216715430661,1592.3248291015625,3211338
2023-12-22,1588.5726157951851,1610.0134731862856,1581.5068787003904,1592.714599609375,2751274
2023-12-26,1599.1955764025095,1626.5813744313054,1592.9582124074109,1620.0029296875,1203594
2023-12-27,1627.5560610792,1648.802050062456,1618.0538625190072,1645.0498046875,1793638
2023-12-28,1646.0244471489466,1695.7282567534585,1645.4884970535204,1690.3680419921875,2963938
2023-12-29,1686.0311380229537,1713.3195032626315,1671.4123709302692,1685.4464111328125,2273255
2024-01-01,1685.446520290416,1686.0312472184266,1655.81912660353,1660.0098876953125,1307485
2024-01-02,1660.3020153452944,1661.6664573443036,1607.5282445340201,1614.106689453125,2857334
2024-01-03,1629.5053210192946,1635.5476974694323,1606.164069301159,1613.1810302734375,1927812
2024-01-04,1624.5349428190925,1631.89298448575,1596.5642960133312,1599.975341796875,2835768
2024-01-05,1606.06643020633,1619.2720973657197,1594.9074856087875,1600.2677001953125,1709313
2024-01-08,1606.2614099137832,1611.3779783554487,1565.2800855700725,1575.07470703125,1492195
2024-01-09,1583.6997321253573,1595.1998762288451,1573.9538876199704,1588.4752197265625,2542484
2024-01-10,1603.1915191787498,1605.5792036414562,1580.1425717203938,1591.3016357421875,1954233
2024-01-11,1602.1194938001274,1609.2826661283125,1584.5281958731805,1587.257080078125,2228002
2024-01-12,1588.572687690109,1592.3248141097986,1560.7970302673066,1583.1636962890625,3061539
2024-01-15,1593.445498374212,1599.195570143561,1575.0258293700833,1593.9815673828125,1405514
2024-01-16,1596.3692855464485,1598.3184543932696,1576.4390816748332,1579.1678466796875,2236688
2024-01-17,1571.030110881747,1573.9538641898396,1550.563837725099,1557.093505859375,2548169
2024-01-18,1559.3351464677694,1582.0430121253385,1540.4769608337408,1576.146728515625,2328588
2024-01-19,1583.6508884990674,1616.8355352269305,1581.0195581807643,1613.4732666015625,2836976
2024-01-23,1577.8522625479056,1605.725354695581,1547.8837899887037,1554.6571044921875,2772880
2024-01-24,1554.46222519465,1590.8142734085914,1534.9705358505164,1586.720947265625,2543323
2024-01-25,1590.1319581954097,1600.9985985611602,1563.136016630117,1593.932861328125,2038472
2024-01-29,1593.9329732011006,1603.191526087319,1583.699835800543,1598.318603515625,3075670
2024-01-30,1608.0155218190741,1617.3228506497749,1573.4177747880005,1579.1678466796875,2569098
2024-01-31,1574.0026197372572,1616.153396026222,1568.1551132000595,1609.574951171875,3154787
2024-02-01,1617.0792911227757,1659.3275043460376,1603.7275313943246,1609.1851806640625,4065784
2024-02-02,1612.9372770650261,1644.1727565131453,1608.0643547778207,1618.5411376953125,3304158
2024-02-05,1634.0856096836126,1669.316859403304,1622.7804544801347,1660.2532958984375,3525423
2024-02-06,1667.4652130705895,1686.031094384907,1662.641067641995,1683.7408447265625,2219874
2024-02-07,1687.4442479096997,1707.4720065323577,1672.0945423715236,1677.2598876953125,1213661
2024-02-08,1685.0565693326275,1699.5779019076028,1632.9650763582629,1643.052001953125,2550690
2024-02-09,1643.1494297342783,1646.804121526392,1586.6235300162546,1604.555908203125,2033950
2024-02-12,1611.9626352867278,1632.4776849734865,1598.8545223873969,1618.2486572265625,1197925
2024-02-13,1627.55593774314,1636.717054838971,1582.1889866219137,1604.8968505859375,2075130
2024-02-14,1589.5472086228394,1636.9607650341245,1582.6276829490705,1614.9351806640625,4368695
2024-02-15,1638.3252149328302,1739.5357848924853,1625.704275096629,1720.1903076171875,9887134
2024-02-16,1742.5570207436062,1817.2589436646876,1731.6903801819803,1788.8985595703125,7188957
2024-02-19,1789.3858097270365,1809.2672371407511,1773.743681868483,1801.568115234375,2682236
2024-02-20,1790.7015761638804,1812.7271619727785,1774.231074393249,1806.53857421875,1830562
2024-02-21,1802.8837879925716,1841.6721775098263,1799.765046388924,1812.385986328125,4466234
2024-02-22,1823.3987125079439,1868.278373608198,1805.9049693771472,1861.79736328125,3360123
2024-02-23,1877.3908116159646,1898.3443781855417,1852.7825532028564,1880.8992919921875,3323441
2024-02-26,1885.8208431289622,1901.4141937698218,1876.2698682743062,1880.7530517578125,2436063
2024-02-27,1877.04966026391,1907.2130015579664,1866.3780080691674,1901.0244140625,2821465
2024-02-28,1902.340131567008,1903.5097043258088,1848.8355386931362,1853.318603515625,2010429
2024-02-29,1854.4880898467923,1901.3169226037603,1844.4499408893182,1883.287109375,5539065
2024-03-01,1884.456401468862,1931.9187338705951,1881.435213575256,1922.8062744140625,3384932
2024-03-04,1917.0075707674828,1924.7554693865554,1870.276295010281,1872.2254638671875,1645331
2024-03-05,1876.0750622421685,1917.9821935026428,1874.1746701558595,1889.962890625,2208384
2024-03-06,1895.5667050617383,1929.579725259753,1873.1512633052241,1920.5648193359375,1673183
2024-03-07,1881.094182894431,1883.0433517767467,1836.4095100609081,1849.32275390625,18323831
2024-03-11,1864.3800027902153,1865.0621642997676,1825.6890487512233,1846.2039794921875,3250782
2024-03-12,1843.9137998034018,1850.1023873358147,1828.9539521239328,1846.9837646484375,3186510
2024-03-13,1847.8121282722807,1853.0749081273814,1797.3773826825704,1806.587158203125,4270994
2024-03-14,1806.5870795432977,1847.4221902585678,1797.7183851748691,1842.5006103515625,2388133
2024-03-15,1827.3458986952755,1834.2654247047685,1743.3367641663908,1753.7647705078125,5504948
2024-03-18,1761.99995502718,1819.939073480763,1755.2754173199833,1808.8775634765625,3404076
2024-03-19,1808.8774795049121,1817.5999625692534,1780.3708849176999,1797.0362548828125,2189225
2024-03-20,1804.8816006896784,1811.8012453673095,1774.2797445391786,1797.5235595703125,1550415
2024-03-21,1812.6782727649938,1827.345816102709,1798.1082830450657,1818.4283447265625,2072960
2024-03-22,1818.4283763693854,1857.0218968834824,1800.3011293517761,1831.04931640625,3786990
2024-03-26,1830.4644887382094,1868.7657056776925,1813.799118233424,1816.57666015625,4092744
2024-03-27,1822.3755243214248,1851.6130584226257,1808.1466148524064,1833.339599609375,4196597
2024-03-28,1833.339574689679,1913.060511874647,1822.814014969183,1872.517822265625,3790854
2024-04-01,1888.7447627855745,1913.9377483408246,1843.719006430142,1867.255126953125,2765845
2024-04-02,1867.2549384957592,1927.2406560603938,1853.123464658654,1921.8316650390625,3431715
2024-04-03,1917.0076851583785,1952.38514960939,1906.4821251158764,1938.740966796875,3615370
2024-04-04,1948.1942561305484,1963.7876068549551,1913.3040862975588,1951.8001708984375,3007920
2024-04-05,1944.6371186461688,1975.921256664974,1941.615930551313,1962.1309814453125,2767027
2024-04-08,1966.711436509225,2033.9577641202939,1965.6394173988465,2025.2840576171875,2781568
2024-04-09,2041.754436367789,2045.311574459751,2017.4873785751988,2037.758544921875,2853137
2024-04-10,2045.1167556692908,2055.0089309084956,2017.3898747841486,2023.4322509765625,2280814
2024-04-12,2031.0339259928342,2034.4449714539544,1999.5060249136475,2018.3155517578125,4008660
2024-04-15,2003.0146755602916,2030.9364246652183,1983.2793405985615,2001.2603759765625,2024919
2024-04-16,1995.0230441479107,2021.0444000478353,1976.2135176356833,1979.67333984375,1981730
2024-04-18,1979.6734476639324,2033.9577541280378,1965.2495501673159,1973.4847412109375,3539862
2024-04-19,1982.3047090578298,2033.9576832859836,1947.4145392562111,2029.9617919921875,3253248
2024-04-22,2070.5533242641627,2078.788514815897,2012.516775946942,2037.5147705078125,2449171
2024-04-23,2042.7291279660906,2060.2716491032043,2004.5742396671374,2010.1781005859375,2886136
2024-04-24,2002.7710320372237,2037.709979522208,2000.7730863402744,2006.13330078125,1929834
2024-04-25,2007.6439630314164,2060.2227464178504,1990.0040083148515,2043.5574951171875,3084498
2024-04-26,2046.188672193969,2049.5509407007157,1986.9826714105318,1992.9276123046875,2952484
2024-04-29,1993.512547096863,2015.7818975638017,1950.1435378835604,2009.6419677734375,2724604
2024-04-30,2020.3622379123062,2113.873563500789,2020.3622379123062,2101.545166015625,5745143
2024-05-02,2110.0728099569037,2147.984048487806,2110.0728099569037,2129.613037109375,3347541
2024-05-03,2153.8316073158917,2153.8316073158917,2117.138598410767,2137.263671875,3859227
2024-05-06,2144.52429244751,2183.0691547990623,2134.3399325937257,2168.401611328125,2111447
2024-05-07,2179.1710136286506,2180.0480445332105,2109.829419348682,2135.802001953125,1727823
2024-05-08,2135.996788854078,2139.2129652728295,2105.1025079677956,2126.93310546875,1993202
2024-05-09,2130.0031141116024,2199.393480075541,2129.4670450714775,2156.31689453125,3998822
2024-05-10,2155.634489222256,2174.9310689992785,2127.517635557018,2137.312255859375,3045912
2024-05-13,2151.8827114570217,2151.931488272226,2105.102652512304,2128.736328125,2575573
2024-05-14,2119.721256013707,2222.3938267378785,2119.721256013707,2212.209228515625,3830189
2024-05-15,2223.3196146577243,2258.2583253919124,2198.662579805924,2243.785888671875,2569084
2024-05-16,2260.4998880567096,2333.0576538342475,2228.0949546198353,2311.470703125,7444517
2024-05-17,2363.708522234318,2492.938279251578,2363.708522234318,2450.690185546875,9796445
2024-05-21,2439.3849108671106,2472.472005798532,2404.2998701994256,2458.535400390625,3747292
2024-05-22,2457.60945891094,2470.5714791500204,2426.7151807035702,2456.97607421875,2974921
2024-05-23,2455.9528553702567,2550.8772872249856,2436.7048121585253,2542.8857421875,4715263
2024-05-24,2523.9789478371267,2538.792584427845,2507.0210350300295,2514.184326171875,2919241
2024-05-27,2515.548472636608,2523.929993796639,2476.4190034703192,2484.313232421875,3328559
2024-05-28,2485.190305452165,2516.3282305156995,2483.2411365851435,2487.919189453125,1549203
2024-05-29,2446.4504359533735,2482.266411860668,2437.045791875782,2469.255615234375,2720451
2024-05-30,2454.003785232229,2467.1118992461165,2415.0204050061407,2430.12646484375,3367101
2024-05-31,2453.759967123208,2503.902288837433,2431.7342636649687,2442.55224609375,8769724
2024-06-03,2509.6037146599574,2586.888308488472,2505.0717542438047,2567.055419921875,2701157
2024-06-04,2567.2991535022024,2571.9284297588733,2385.9776643248315,2507.50830078125,6372249
2024-06-05,2507.508379733077,2683.7133059642506,2506.4364795381275,2671.287353515625,4242881
2024-06-06,2675.2343265223963,2691.7047086225334,2603.01752329884,2631.23193359375,4992660
2024-06-07,2600.5326308807257,2794.7185913954677,2600.5326308807257,2784.826416015625,6447821
2024-06-10,2788.2860705799485,2812.6506814728177,2728.836420001348,2736.194580078125,2021106
2024-06-11,2749.302902092426,2782.438775424983,2741.8959646438216,2763.483154296875,2298974
2024-06-12,2763.4831819373885,2776.201557504376,2711.342910142591,2716.703125,2580846
2024-06-13,2777.565671286914,2805.9261738416844,2717.774820346528,2788.96826171875,2492637
2024-06-14,2801.9301497405786,2871.1256421341723,2792.1843057414812,2854.16796875,3515019
2024-06-18,2889.642888995018,2936.91023473406,2881.5050136780546,2886.62158203125,4887512
2024-06-19,2899.388970254763,2901.3381393103964,2852.072843842126,2859.284912109375,3512298
2024-06-20,2870.1999629686625,2879.653384483652,2784.6801780499923,2798.226806640625,4024418
2024-06-21,2811.4324260139856,2846.663557878604,2753.2497833045445,2767.77099609375,8400461
2024-06-24,2764.408765651379,2849.6361273913108,2741.5548081073534,2841.693359375,2699784
2024-06-25,2846.9559542663724,2872.1002798378304,2817.5723292380153,2835.455810546875,1910886
2024-06-26,2833.165802234665,2838.915755374817,2772.303050290403,2779.027587890625,3282318
2024-06-27,2769.768943473072,2831.167762417056,2722.063083325154,2815.525634765625,6900180
2024-06-28,2782.4384233998917,2822.3963832455643,2782.4384233998917,2793.792236328125,2548169
2024-07-01,2768.794425765072,2820.496178486606,2766.114318524363,2802.7587890625,1718501
2024-07-02,2816.7439546815103,2817.5236698355284,2777.5657070326033,2792.33056640625,1507890
2024-07-03,2798.032105220162,2821.4221332679795,2792.2821518326746,2804.805419921875,1019710
2024-07-04,2816.5489535671086,2847.7356547830764,2811.724808309893,2829.023681640625,1502213
2024-07-05,2833.2450418842777,2833.2450418842777,2788.0859040025466,2827.94384765625,1966103
2024-07-08,2827.9440835311793,2865.249461414635,2795.449040082609,2799.228759765625,1631998
2024-07-09,2803.155360971714,2886.257894617373,2785.3861263616127,2872.02294921875,2902129
2024-07-10,2876.4406924156983,2876.4406924156983,2648.58329800884,2682.06005859375,14481615
2024-07-11,2707.535667641539,2707.535667641539,2641.809536292532,2648.730712890625,4314565
2024-07-12,2640.4842989202284,2672.537615254935,2638.029997807824,2654.52294921875,3398732
2024-07-15,2673.077625784521,2688.9323151964877,2658.5972491327693,2681.127685546875,2017720
2024-07-16,2704.5905213905417,2716.273137755717,2689.913849599279,2706.357666015625,1925983
2024-07-18,2705.6215076858252,2774.2928038948958,2686.477959282388,2767.91162109375,4122844
2024-07-19,2768.4023957439463,2768.4023957439463,2692.859058853137,2699.0439453125,2042568
2024-07-22,2700.7618883532928,2767.4697399674938,2675.18802462271,2753.480224609375,2208103
2024-07-23,2772.3783185722014,2802.320789789075,2693.2515610591026,2769.77685546875,2572524
2024-07-24,2771.3969052140883,2778.6615408691914,2713.1316990615255,2754.216796875,2276082
2024-07-25,2748.6209756005046,2775.3237240191347,2730.9500074249318,2760.0087890625,1857122
2024-07-26,2770.0223647624616,2844.4365790245784,2738.9999043829066,2835.01220703125,2352661
2024-07-29,2846.989212530366,2891.166631345492,2822.9370622865745,2879.385986328125,2388937
2024-07-30,2891.166604227181,2896.0752062717092,2851.5051955785257,2868.685302734375,2290006
2024-07-31,2883.3129172789145,2925.1343036764656,2820.4336754884894,2854.646728515625,4238740
2024-08-01,2873.0048691313327,2873.0048691313327,2768.5499101329756,2776.697998046875,4971708
2024-08-02,2758.9289383234236,2758.9289383234236,2683.876460311529,2699.387451171875,3041513
2024-08-05,2630.667136855726,2679.3114336229023,2587.6188384572683,2629.97998046875,3731770
2024-08-06,2639.15912334734,2698.50407638214,2577.7033275465906,2584.82080078125,3069277
2024-08-07,2648.1907635371754,2655.308236395616,2612.3579691464033,2631.84521484375,2479171
2024-08-08,2611.8671629101705,2666.8435061249684,2607.9402812519706,2633.90673828125,2673182
2024-08-09,2684.023516502527,2714.456848255116,2655.5536255081693,2698.896484375,2279076
2024-08-12,2698.89660543868,2706.603206631563,2659.1860622577274,2667.972412109375,2321474
2024-08-13,2668.4146124766667,2688.5887772025903,2654.670525345039,2668.365478515625,1292521
2024-08-14,2678.918861468604,2721.2800037988536,2665.665635148355,2695.068115234375,2609359
2024-08-16,2738.018362311415,2793.043842017352,2725.4031585321727,2788.52783203125,4376092
2024-08-19,2807.6222621098486,2807.6222621098486,2709.5484835230345,2714.604248046875,2500718
2024-08-20,2728.9373353099154,2732.324222820636,2698.25857220948,2720.641845703125,1762399
2024-08-21,2723.2923768775354,2730.115285690094,2704.6396893646756,2718.7763671875,1497501
2024-08-22,2720.4454522412325,2725.0103561561505,2674.2554602339214,2682.99267578125,2346622
2024-08-23,2682.9927854044317,2718.3838546327074,2675.4827200303735,2708.566650390625,1943539
2024-08-26,2714.4078828365687,2747.8355117565275,2702.774639428442,2742.04345703125,2765969
2024-08-27,2746.804671481381,2748.8172463294404,2723.243380798557,2729.96826171875,1604159
2024-08-28,2731.047964990906,2775.3236522006514,2729.968216325936,2746.853759765625,1851275
2024-08-29,2738.3617598493206,2750.4367284372242,2691.5335073144925,2707.192138671875,2237121
2024-08-30,2729.182805063964,2769.9733370104705,2714.4569985618205,2754.118408203125,4895220
2024-09-02,2796.725121432708,2796.725121432708,2706.1122806426815,2726.237548828125,2270687
2024-09-03,2729.1828958056926,2746.952132113552,2721.918260227565,2733.9443359375,1592710
2024-09-04,2710.5301402139266,2729.084560695576,2681.176794870867,2699.338623046875,1697000
2024-09-05,2705.8178004639667,2709.548386032478,2662.3275374917184,2673.322998046875,2360312
2024-09-06,2673.224772513355,2688.8340317222633,2631.1090612817297,2648.780029296875,2835519
2024-09-09,2639.011691347949,2664.6838245286763,2611.4254909324723,2659.33349609375,1269082
2024-09-10,2642.055031361633,2665.3708909045367,2628.065515635891,2640.827880859375,2034126
2024-09-11,2632.4833269682467,2658.498918303193,2595.767078842137,2605.7314453125,2034245
2024-09-12,2616.2851177627385,2701.302208454989,2587.4226310964605,2690.797607421875,3730285
2024-09-13,2704.6397764969356,2708.1249319484978,2662.1803680274284,2689.030517578125,2102332
2024-09-16,2690.110305950592,2733.404273293293,2682.1093802232426,2706.995849609375,1234752
2024-09-17,2714.4567569849364,2742.4357868489765,2695.1169141021987,2736.692626953125,1387175
2024-09-18,2730.6555424973967,2795.9399550719345,2726.8758227403605,2756.867431640625,2526756
2024-09-19,2760.5979840398795,2799.866803158512,2741.159870640586,2746.363037109375,2807727
2024-09-20,2747.541000476228,2905.89255843746,2747.3447043200113,2896.909912109375,12492909
2024-09-23,2908.591976564806,3001.020851951319,2902.1125263622866,2994.05078125,3925490
2024-09-24,2964.7958023346428,3041.9099927448433,2964.7958023346428,3018.103271484375,3697722
2024-09-25,2989.3388433766495,3091.4377726742428,2979.0799123587594,3034.547119140625,4218815
2024-09-26,3015.8451339108715,3138.7564827089113,2989.97670494125,3122.950927734375,4753617
2024-09-27,3113.035434190961,3163.2014432400074,3094.9227404801004,3125.4541015625,6803795
2024-09-30,3105.3288343284207,3120.889198774761,3030.570920609527,3038.326416015625,3554400
2024-10-01,3048.7327611884357,3127.221260751505,3039.210121059753,3107.635986328125,4028211
2024-10-03,3028.607439422534,3113.035393973697,3016.286800444908,3072.6376953125,3237011
2024-10-04,3069.8888903378543,3099.8804971341337,2954.4876069169604,2962.292236328125,4281562
2024-10-07,2972.6493930111255,3010.887354936121,2928.37370677513,3004.2607421875,2732276
2024-10-08,3017.808618464167,3118.8275553971826,3009.954854980851,3107.979736328125,6060165
2024-10-09,3106.9488509109083,3145.7268077225635,3087.510738548233,3095.364501953125,2432656
2024-10-10,3098.3094857455217,3161.4341534318587,3097.327765376147,3135.909423828125,2507231
2024-10-11,3141.5052680659073,3151.8133322267486,3063.9493567605305,3077.055419921875,1652856
2024-10-14,3093.400878624597,3115.980447081711,3058.0589453873754,3097.2294921875,2425178
2024-10-15,3118.9257057608074,3134.584098179942,3030.129143659841,3098.11328125,2245701
2024-10-16,3080.6386414767867,3090.357577648553,2996.357848546768,3011.918212890625,1972106
2024-10-17,2999.1558771875357,3009.267645429169,2898.2349702749216,2910.408447265625,3622197
2024-10-18,2891.5102775667756,2934.215114989751,2861.4204034838876,2910.064697265625,3407751
2024-10-21,2905.6469416830264,2946.535500299975,2840.018837347831,2943.39404296875,5059952
2024-10-22,2950.070061054606,2953.9478090395564,2825.5878554678793,2834.42333984375,4195638
2024-10-23,2823.57488187349,2871.4337488189035,2730.409716757547,2742.435791015625,7913897
2024-10-24,2712.493463698298,2790.245671399686,2712.493463698298,2774.685546875,3992102
2024-10-25,2773.36009621519,2773.409230170158,2630.3234836132146,2671.114013671875,4532596
2024-10-28,2680.0968082102886,2783.079186764521,2664.291013213809,2730.16455078125,2813985
2024-10-29,2711.511818454433,2746.804619857546,2653.148587024644,2696.687744140625,3156567
2024-10-30,2640.091651805168,2705.474327953416,2620.2609471641945,2658.204345703125,5677865
2024-10-31,2658.20437291059,2701.6946361002424,2622.764409027171,2678.67333984375,3833325
2024-11-01,2729.1828521628886,2788.969531722226,2729.1828521628886,2766.14453125,1061709
2024-11-04,2753.2350235878307,2917.427770136258,2753.2350235878307,2831.232666015625,7559263
2024-11-05,2822.9370626685577,2854.8429762615774,2770.5132882053153,2846.44921875,3562624
2024-11-06,2856.806430526933,2899.8058329838336,2832.656012253405,2880.90771484375,2902347
2024-11-07,2917.4275370747373,2918.212961313713,2805.707709979046,2838.497314453125,4251557
2024-11-08,2856.806459316597,2936.276680412533,2799.1303838922495,2920.52001953125,4455563
2024-11-11,2908.199653396468,2954.585944379327,2836.239496909713,2877.030029296875,2628672
2024-11-12,2877.6187485717464,2892.049990315717,2827.354712725525,2845.565673828125,2414528
2024-11-13,2823.4279847728194,2842.0806731284115,2732.02971595928,2747.786376953125,3949602
2024-11-14,2763.542965211091,2790.442008681621,2686.2324826141557,2755.885498046875,2478112
2024-11-18,2792.0127259452142,2822.1514933002677,2748.8661637171745,2794.859619140625,2405351
2024-11-19,2792.9946421441227,2943.1978689448433,2792.9946421441227,2895.04443359375,5230405
2024-11-21,2908.3465755457773,2919.636359720892,2864.6600193899,2882.576416015625,3821808
2024-11-22,2890.1849362326993,3007.5005272244816,2843.7495121137736,2957.87451171875,4827125
2024-11-25,3018.790464647948,3092.0758023332205,2967.1518717229924,2989.927978515625,6299837
2024-11-26,2997.683140802293,3012.0163540324247,2898.529383729743,2930.631591796875,2144702
2024-11-27,2970.637071810415,3013.8819073746017,2931.466520090597,2949.873779296875,3593911
2024-11-28,2940.25261358157,2945.112081651756,2839.1354118457098,2845.712890625,4457143
2024-11-29,2849.934447655827,2936.963869106319,2849.934447655827,2911.881103515625,3542836
2024-12-02,2929.453827845727,2970.9315169296688,2907.7577099922196,2961.261474609375,2318823
2024-12-03,2986.0990811244387,2986.0990811244387,2933.037042221419,2971.96240234375,2308865
2024-12-04,2948.1065909875692,2996.063732136679,2948.1065909875692,2976.3310546875,3364025
2024-12-05,2994.1982451228287,3042.3516812367334,2960.9180176658206,3015.45263671875,3797063
2024-12-06,3019.2812053905104,3042.351635670685,3009.9057272772543,3016.826904296875,2688767
2024-12-09,3007.402172202275,3016.8267838968404,2984.4300107537892,2995.474365234375,1879542
2024-12-10,2992.2345815174,3024.9259180767235,2950.364303220264,3010.838134765625,2061909
2024-12-11,2996.210744603265,3058.059131533149,2992.087566743507,3015.894287109375,2409385
2024-12-12,3028.411118530567,3029.589135067483,2989.338598924331,3011.378173828125,1958999
2024-12-13,2995.229036936749,3036.559562979972,2945.161294923057,3025.0732421875,2467964
2024-12-16,3032.926841057436,3035.6265720979463,2984.429950237212,3028.460205078125,2300493
2024-12-17,2999.2540811628137,3037.1974786410065,2972.6493625292824,2985.902587890625,2564201
2024-12-18,2970.78425427129,3006.0279214240363,2969.2625396870594,2995.42529296875,2014105
2024-12-19,2951.051671014737,2989.3387685428725,2916.2005950596395,2959.54345703125,2372390
2024-12-20,2959.5432707719865,2969.704172655344,2833.588736778157,2853.22314453125,8046336
2024-12-23,2864.660059968986,2888.613941295677,2838.251877699895,2856.119140625,2142508
2024-12-24,2856.217298708955,2896.2715398454807,2847.774646889965,2875.16455078125,1858546
2024-12-26,2871.532302964935,2929.89553551185,2869.912560101066,2921.25634765625,2162163
2024-12-27,2932.595179479213,3007.9913553825945,2923.612533541682,2993.707275390625,2290315
2024-12-30,2972.6987143857573,2988.946236084888,2936.375057029156,2948.00830078125,2336275
2024-12-31,2939.663550632152,2963.7157010927885,2916.887684662137,2952.131591796875,1536411
2025-01-01,2952.131589465177,3030.5218216896947,2940.4489725868207,3025.662353515625,1686613
2025-01-02,3043.3333515805843,3169.0918353025186,3028.656678998046,3152.402587890625,4298090
2025-01-03,3156.2312888716397,3177.8782730185994,3117.649626736177,3132.228271484375,2257218
2025-01-06,3150.9300993056318,3175.8657032373453,3033.6145037764622,3048.92919921875,2657204
2025-01-07,3053.150611166301,3074.061304766771,3025.417008347829,3052.021728515625,1978328
2025-01-08,3077.6935329198636,3077.6935329198636,3001.119339756307,3029.6875,2715102
2025-01-09,3047.0641138401866,3100.175048700089,3028.9514186815054,3069.34912109375,2434207
2025-01-10,3053.1506189379265,3092.02684487657,2999.155993844169,3036.314208984375,2341303
2025-01-13,2997.8305308027443,3010.7894323749247,2938.731008150404,2944.817626953125,2207294
2025-01-14,2945.1611880533696,3022.177105185399,2944.8174900436306,2993.75634765625,2851530
2025-01-15,3001.2176601654187,3007.94230138878,2897.0570253614296,2906.137939453125,2440803
2025-01-16,2923.710803976161,2942.608923554443,2891.1668653527554,2926.1162109375,2598449
2025-01-17,2915.66056804928,2916.053400031339,2850.032700549873,2864.022216796875,2002830
2025-01-20,2856.8064664253184,2882.2820637831305,2824.7042561299218,2835.306884765625,2905527
2025-01-21,2847.087397841659,2853.861172658985,2757.554306564996,2769.727783203125,3381309
2025-01-22,2795.939814836809,2799.768428684023,2754.560394136537,2774.78369140625,3133157
2025-01-23,2774.7835442654673,2846.399998674208,2758.6342918094792,2833.686767578125,2650506
2025-01-24,2822.446373421352,2843.062503453299,2739.000132815851,2750.191650390625,2665366
2025-01-27,2721.623770581622,2794.859975550076,2703.8053998275996,2779.83984375,2022141
2025-01-28,2783.177607578446,2871.532452263476,2733.109862256929,2818.126953125,2432787
2025-01-29,2831.2326372154953,2879.8769333347136,2804.088162707664,2870.894287109375,1808565
2025-01-30,2870.8941692586673,2953.8984379622825,2865.64186920793,2917.133056640625,3055352
2025-01-31,2915.709774427249,2994.1002492505822,2901.0822354031134,2935.197021484375,2412370
2025-02-01,2935.344054387239,3042.302446159193,2935.344054387239,3020.50830078125,2674573
2025-02-03,3000.7267319414286,3129.675565314545,2989.0932490921373,3115.29345703125,3664084
2025-02-04,3166.0484170955774,3210.7658310462475,3080.491576672178,3130.755615234375,3862456
2025-02-05,3130.7555671342566,3159.8143478876204,3084.5655732341233,3120.643798828125,2264208
2025-02-06,3112.053971488741,3122.705734738638,3064.195097321525,3082.55322265625,2341341
2025-02-07,3110.0903035993615,3161.090631696618,3053.150519000636,3139.983642578125,4790111
2025-02-10,3150.5373287665075,3211.1585686429107,3071.607097737846,3079.902587890625,3852783
2025-02-11,3089.3269555966203,3096.346160628624,3014.9616348396075,3029.5400390625,2470280
2025-02-12,3012.458267539704,3018.7903163652927,2901.082132908884,2932.59521484375,4609887
2025-02-13,2969.6549553937007,2991.3019372697963,2916.7403238546417,2923.563232421875,2481783
2025-02-14,2944.179481601508,2964.7956100155234,2853.910338695708,2888.810546875,1959802
2025-02-17,2887.043469440685,2900.983851519186,2741.2088525903373,2780.18310546875,4773279
2025-02-18,2792.0128403414583,2792.9945607494546,2705.5231765258513,2739.049072265625,2301836
2025-02-19,2699.7312142131746,2731.78429075806,2678.1333644994693,2706.995849609375,2671072
2025-02-20,2694.920723946534,2792.503634315866,2640.876968832523,2787.5458984375,3799854
2025-02-21,2763.739195051548,2763.739195051548,2604.8478936758556,2620.555419921875,8940621
2025-02-24,2620.2116471805643,2667.137928437684,2583.0534355935174,2659.6767578125,6167313
2025-02-25,2689.913809665854,2752.6947792953,2678.280327428103,2727.072021484375,4916248
2025-02-27,2785.140937516817,2788.0860988888826,2654.0812564598923,2676.7099609375,2669767
2025-02-28,2645.8349556869607,2649.6635696793805,2525.1813651542047,2537.845703125,7549863
2025-03-03,2566.020930218075,2646.6691683738372,2547.564538037763,2564.155517578125,4340806
2025-03-04,2514.1859427843924,2579.2740531981335,2503.387018391332,2565.5791015625,1984876
2025-03-05,2613.2904249393628,2686.8703168756883,2594.343174341658,2676.7587890625,3665710
2025-03-06,2697.76774982707,2716.2732758598654,2645.736566879168,2692.27001953125,3706264
2025-03-07,2671.556010995279,2715.3897348980017,2658.5973484937836,2677.986328125,1886774
2025-03-10,2645.7365826998557,2684.6617022291084,2616.3832374493873,2653.19775390625,2520931
2025-03-11,2635.674006250059,2635.919436365177,2565.382725409182,2597.23974609375,3616140
2025-03-12,2597.239628856158,2629.0472744685117,2587.9132849026664,2604.798828125,3447155
2025-03-13,2628.1638811119838,2637.2447951658023,2570.4386714072766,2595.177978515625,2446428
2025-03-17,2586.833335379007,2677.2007489774355,2586.833335379007,2655.700927734375,2527623
2025-03-18,2655.700927734375,2655.700927734375,2655.700927734375,2655.700927734375,0
2025-03-19,2743.9085095491537,2780.1338963264516,2728.7409773514337,2738.116455078125,2438912
2025-03-20,2752.4985767959975,2794.957984177692,2749.798845690803,2776.403564453125,2354374
2025-03-21,2787.202631767045,2840.117268270529,2730.4100077350186,2750.633544921875,3824316
2025-03-24,2763.8374355120477,2770.56207631264,2659.8731033970544,2723.9794921875,5395134
2025-03-25,2723.9798403379687,2751.2225843822225,2675.2375130812848,2685.9873046875,3576766
2025-03-26,2701.0076653545475,2743.908803360607,2687.018148199668,2692.123046875,3111504
2025-03-27,2685.005188769924,2700.7127145543186,2646.276368443341,2683.041748046875,4325599
2025-03-28,2685.7907410841062,2689.6193548055157,2586.8332759874265,2617.0703125,6074446
2025-04-01,2604.307953708888,2678.1332806655682,2575.199799721933,2589.68017578125,3300417
2025-04-02,2583.004621323987,2611.3762448043003,2577.310595110276,2589.336669921875,2243574
2025-04-03,2560.081549392937,2603.9152724002925,2552.718645885911,2563.7138671875,2361203
2025-04-04,2567.1497413355974,2583.3972620765476,2510.308225398169,2549.086181640625,3598415
2025-04-07,2380.6719612393376,2478.5003028682054,2380.6719612393376,2445.7109375,3937471
2025-04-08,2464.1184101183435,2503.387229403098,2409.142063119687,2477.518798828125,4253527
2025-04-09,2493.5699839123226,2524.9359048688784,2469.9595587668746,2476.97900390625,3347213
2025-04-11,2502.4053421128774,2556.399965030181,2485.765228985748,2533.182373046875,3600209
2025-04-15,2558.3635060143847,2640.8280242435517,2558.3635060143847,2597.63232421875,3287861
2025-04-16,2611.3762762338106,2616.2848782568067,2570.438583297592,2586.440673828125,3070954
2025-04-17,2583.8881782319568,2633.7596241364395,2554.829157560036,2630.421630859375,2638979
2025-04-21,2650.546726184626,2723.2923013380746,2617.1682336664235,2713.47509765625,3120955
2025-04-22,2714.457005737664,2770.415070593739,2705.621521813021,2765.604736328125,3193757
2025-04-23,2778.268767044681,2869.568765396326,2774.341885395148,2864.4638671875,3906215
2025-04-24,2864.4638840552207,2874.477384384929,2812.628998040581,2848.363525390625,2488496
2025-04-25,2848.363456597495,2885.8653674078996,2779.3487046096484,2811.843505859375,2299310
2025-04-28,2865.5437083588454,2891.166707820514,2829.612883912162,2877.030029296875,1864672
2025-04-29,2896.075227295955,2915.218775408589,2848.756351178754,2856.413818359375,2051228
2025-04-30,2855.6285301966545,2894.9953769491694,2834.226976171532,2875.262939453125,2689753
2025-05-02,2896.0752335098996,2945.161254416847,2857.002712932402,2863.874755859375,2868096
2025-05-05,2894.9950724311684,2988.356774496318,2883.9998523396766,2966.26806640625,4049197
2025-05-06,3093.008399946684,3101.9419118141695,3000.1375538801763,3012.310791015625,5683215
2025-05-07,2966.6607854187223,3067.876254684403,2966.6607854187223,3062.869384765625,2942902
2025-05-08,3070.2325439851065,3079.657156497106,2953.5060743772847,2977.656494140625,3323894
2025-05-09,2907.4633540058962,3001.2176561236265,2900.9839032240056,2927.588623046875,2308852
2025-05-12,2989.0440418630797,3055.31016859524,2978.2451175067276,3047.947265625,2166730
2025-05-13,2994.247441612073,3054.1323904443148,2979.5216345221775,2997.97802734375,2681662
2025-05-14,2981.975912109376,3053.1506458140443,2962.8323630439827,3045.1005859375,2236302
2025-05-15,3028.607418961627,3112.740808888301,3016.8267742201233,3086.823486328125,3590003
2025-05-16,3077.6935867072148,3091.928533121012,3058.0591778605976,3078.28271484375,2269659
2025-05-19,3058.0591674960788,3099.291425934228,3046.8676503625748,3070.821533203125,2011149
2025-05-20,3071.017751131319,3077.9880619418354,2993.3638101908205,3007.50048828125,2667772
2025-05-21,3007.009518459131,3074.748224555664,2992.3819806949236,3034.203125,1395136
2025-05-22,3020.3611859160087,3033.319847721256,2926.0177562499975,2951.34619140625,3870830
2025-05-23,2964.795757607829,2975.398386398419,2929.650117578763,2957.629150390625,1828093
2025-05-26,2982.466708870662,3044.3150968426344,2972.354940361898,3023.895263671875,2164190
2025-05-27,3023.8952972252814,3028.607603344336,2959.49457919102,2984.23388671875,2599143
2025-05-28,2984.1354537576103,2989.142323671785,2938.2891589853202,2943.00146484375,1491995
2025-05-29,2944.1793783688,2973.532721448396,2932.5950301115436,2953.99658203125,2093429
2025-05-30,2950.0699669391543,2962.24320470863,2902.9473851045186,2922.385498046875,3700191
2025-06-02,2922.3855590898415,2982.9576644861104,2908.1506121966218,2970.587890625,2967741
2025-06-03,2986.393537377677,3008.7768110371803,2971.6677309803513,2990.811279296875,3204094
2025-06-04,2989.436873393883,3030.5708621105155,2984.528271414436,2997.5849609375,1584653
2025-06-05,3021.7355045923255,3038.424752018599,2940.056412182838,2986.0009765625,3504632
2025-06-06,2986.000798782365,3055.9972700193157,2971.6675853867396,3049.71435546875,2028071
2025-06-09,3072.7850101099243,3083.583935065582,3021.7355466831777,3030.963623046875,1364639
2025-06-10,3045.2968458702626,3050.107180219874,3003.868290680195,3011.427490234375,1787253
2025-06-11,3028.6076764622744,3066.8947751274377,3019.772192154929,3024.38623046875,1749787
2025-06-12,3031.5526669606293,3037.442989500061,2952.033312678307,2964.01025390625,2278398
2025-06-13,2878.404204286739,2963.3230186355804,2878.404204286739,2951.051513671875,2003184
2025-06-16,2946.1430998623623,2989.3388000935997,2933.47900180207,2968.330078125,1673726
2025-06-17,2987.3751298864354,2987.3751298864354,2939.2708310483035,2952.2294921875,1455355
2025-06-18,2945.1612053807753,3018.6919676039824,2932.006247867874,2985.510009765625,2161043
2025-06-19,2982.466506120358,3050.106944242543,2978.735920751199,3038.228271484375,2482920
2025-06-20,3043.333321577619,3144.450525488101,3033.8106813779277,3126.1904296875,8315834
2025-06-23,3105.7709041907647,3126.1904977604913,3065.61839407344,3077.693603515625,1731432
2025-06-24,3097.426180204702,3157.801985785037,3079.4606486574257,3092.517578125,2834887
2025-06-25,3121.8708498751166,3166.53912775855,3102.727302210788,3156.721923828125,2078771
2025-06-26,3166.9318340825685,3178.810747137262,3125.306983789831,3157.0166015625,2907261
2025-06-27,3146.4137497211473,3182.246542814695,3128.8410511710563,3144.744873046875,5098406
2025-06-30,3146.806596965945,3160.943515083767,3103.218305377805,3125.012451171875,2083572
2025-07-01,3129.7246131346283,3159.176224926987,3110.2865014161057,3118.042236328125,1407074
2025-07-02,3110.0901736019437,3144.1558229593034,3096.0515241883136,3107.34130859375,1559309
2025-07-03,3107.3415108389963,3162.121559715934,3106.9489185313428,3116.373291015625,2102806
2025-07-04,3128.2486792052878,3143.9833433948866,3101.5292740206287,3129.634033203125,968006
2025-07-07,3129.634055972186,3140.0249358418173,3119.342233504586,3127.35791015625,853459
2025-07-08,3117.263983601394,3135.0769206505447,3090.5445780276677,3125.081787109375,1513129
2025-07-09,3112.3160042659083,3155.8587400966553,3108.35757373584,3143.290771484375,1245661
2025-07-10,3139.134543800721,3159.421500758814,3104.9930796517356,3129.53515625,1701384
2025-07-11,3125.180984772034,3129.535161826987,3030.5743960014,3041.26220703125,3041614
2025-07-14,3040.866344914149,3072.5337887734927,3021.8659269192276,3059.9658203125,2958843
2025-07-15,3054.0281028929153,3115.5816471288067,3050.861165298589,3096.08642578125,2826720
2025-07-16,3096.0865008688934,3176.640464607285,3050.366435478723,3163.28076171875,2892812
2025-07-17,3153.1868486342855,3204.3495149281107,3138.0458035321303,3161.79638671875,3267180
2025-07-18,3174.6613647678546,3218.2041016911044,3143.68659677222,3159.223388671875,2040381
2025-07-21,3143.9833821647176,3219.7874218573347,3120.0349262838326,3212.958984375,2436535
2025-07-22,3212.9589736282123,3237.897037037319,3177.13522652753,3223.349853515625,1854072
2025-07-23,3226.12099405445,3268.6741237306283,3214.2457020517954,3234.82958984375,2159800
2025-07-24,3221.1728861422243,3252.345526975859,3209.9902714272507,3227.011474609375,1469406
2025-07-25,3222.1624392524955,3225.1312621387847,3180.5989188444473,3212.662109375,1475856
2025-07-28,3212.662121338676,3223.0530014793826,3165.952689407803,3176.442626953125,1939520
2025-07-29,3169.7133189649976,3192.375237623125,3153.48385006437,3166.150634765625,1824673
2025-07-30,3161.7963086977184,3207.9121198884804,3119.1441241362027,3175.5517578125,2199654
2025-07-31,3191.484566038547,3204.54733826723,3103.0137416864754,3169.812255859375,4465859
2025-08-01,3171.6925510488663,3171.6925510488663,3084.310146329548,3126.467529296875,3781457
2025-08-04,3137.056279823824,3189.5054857640957,3127.1602032313194,3166.9423828125,2684012
2025-08-05,3161.796423790494,3188.5158301887236,3137.155290086832,3178.817626953125,1805644
2025-08-06,3178.817694632329,3206.427893460397,3145.567022035327,3193.958740234375,1866321
2025-08-07,3164.7652910824318,3196.0369897244937,3128.248865134392,3177.729248046875,2374621
2025-08-08,3173.6715755689474,3181.489378973416,3103.013689517573,3111.524169921875,1721037
2025-08-11,3118.1546917661226,3196.432754627634,3097.768918850372,3153.087890625,2046761
2025-08-12,3152.988863947328,3219.193515597844,3151.999256349542,3202.864990234375,3315978
2025-08-13,3221.172808898852,3265.705151879021,3205.0421563431287,3248.090087890625,2436029
2025-08-14,3239.183587303721,3279.0648223883254,3228.100030369916,3231.464599609375,1508721
2025-08-18,3315.1855413851217,3396.333366577235,3300.638357628684,3347.941650390625,5787481
2025-08-19,3364.6659946612253,3368.525367837259,3303.409378046853,3319.14404296875,2596242
2025-08-20,3319.243050902464,3368.8222482404235,3300.341448513982,3360.311767578125,2957816
2025-08-21,3374.562112958166,3374.562112958166,3334.977806647806,3340.02490234375,1964795
2025-08-22,3344.8737901300324,3384.4580953386717,3340.3214983896687,3367.634765625,2509867
2025-08-25,3392.375072242326,3393.3646799063404,3346.6552464855345,3363.577392578125,1859862
2025-08-26,3359.717818505182,3378.5203629975526,3283.6170903326915,3296.18505859375,3122442
2025-08-28,3339.9258820990385,3339.9258820990385,3253.1373378685894,3261.05419921875,2936428
2025-08-29,3237.006455018606,3245.912923406001,3153.8794167362576,3166.24951171875,3017625
2025-09-01,3157.93703216465,3290.3463409260357,3157.93703216465,3280.945068359375,3525726
2025-09-02,3290.4454798395473,3295.3935181550955,3189.5054982023644,3200.885986328125,3073407
2025-09-03,3235.027256673672,3259.470516165726,3199.203509738441,3251.8505859375,2672659
2025-09-04,3490.346240634088,3513.1072169693825,3427.407096387291,3445.319091796875,7600320
2025-09-05,3474.5124814861915,3540.6183212518445,3445.319055623519,3524.289794921875,3700943
2025-09-08,3524.289794921875,3524.289794921875,3524.289794921875,3524.289794921875,0
2025-09-09,3663.7253071059336,3685.1009284831944,3634.9278701321355,3657.88671875,2879258
2025-09-10,3663.527451867841,3670.355647883923,3554.076751180932,3566.941650390625,2298202
2025-09-11,3582.3795444686366,3609.98950011751,3542.795240109867,3558.33203125,1949934
2025-09-12,3557.5403232378085,3603.16133099115,3544.7744816287554,3552.59228515625,2839264
2025-09-15,3552.6913427831005,3565.951988201145,3489.95031654635,3493.61181640625,2550444
2025-09-16,3508.159112697694,3582.280628902883,3492.2263329210805,3570.50439453125,2465043
2025-09-17,3570.504318927813,3607.0207437300232,3555.7592619239435,3595.4423828125,2237804
2025-09-18,3598.3124153465765,3612.06786482055,3565.853236624216,3604.348876953125,2480472
2025-09-19,3563.577186931337,3598.906132105082,3547.2486605263475,3554.769775390625,4018342
2025-09-22,3562.587397513958,3579.014980488307,3532.2064921947313,3547.54541015625,1664133
2025-09-23,3572.4835968655225,3640.9643975484637,3569.3169007236124,3577.035888671875,2523224
2025-09-24,3576.9368505933635,3588.614269182967,3530.92009487263,3537.748291015625,1320014
2025-09-25,3542.6962656079877,3546.8528109456597,3485.2002071434986,3493.31494140625,2106344
2025-09-26,3473.522861165676,3510.6331481439415,3356.353411721004,3361.202392578125,3046760
2025-09-29,3383.4684310702914,3422.0631280026523,3369.6139244791875,3382.577880859375,3175716
2025-09-30,3384.4580006884667,3418.104659174843,3357.837652821495,3391.38525390625,2611078
2025-10-01,3383.666373326554,3464.616326095866,3380.0048734020083,3427.406982421875,2364844
2025-10-03,3426.1207859232754,3456.105704822511,3368.822357286734,3426.021728515625,2357702
2025-10-06,3426.0216482136107,3443.8345857259865,3389.5052229546113,3435.917724609375,1156082
2025-10-07,3432.0582055063596,3484.804097169995,3429.089382713881,3456.50146484375,1508939
2025-10-08,3463.6267875383046,3473.2259334573673,3387.0312517924012,3390.890625,1444911
2025-10-09,3414.1464282173783,3438.8866197262,3388.416629048204,3407.1201171875,1997853
2025-10-10,3389.4061893384833,3437.7979066120465,3360.4106369746974,3418.995361328125,1416272
2025-10-13,3396.3332791614043,3433.938367916688,3396.3332791614043,3423.745361328125,1090517
2025-10-14,3433.8393743938705,3450.8608186930082,3392.3749118731953,3423.844482421875,1518505
2025-10-15,3425.0319654444534,3463.6266625413427,3424.0423578265845,3460.855712890625,1319445
2025-10-16,3466.5955521401834,3536.065959931471,3461.944444567332,3523.794921875,2125552
2025-10-17,3523.9927462011838,3618.00547040481,3523.1021959816767,3609.296875,3339579
2025-10-20,3635.818538488286,3637.797753805917,3555.660318124227,3561.697021484375,2827250
2025-10-21,3570.702239348197,3590.395576351884,3566.8428661924645,3583.567138671875,286950
2025-10-23,3594.3540478507093,3612.0679281721536,3562.5875455944533,3585.9423828125,3724956
2025-10-24,3592.2756748383617,3617.312796044284,3577.5306178832875,3587.32763671875,1654500
2025-10-27,3589.10912685547,3597.5207920058906,3555.6603394660515,3574.067138671875,1440893
2025-10-28,3567.5355262764774,3587.228621583207,3524.9823979464113,3541.90478515625,2851093
2025-10-29,3542.7953387077378,3546.2589654355247,3485.4971531951483,3497.966064453125,2526473
2025-10-30,3503.21111174782,3513.107188334678,3459.6683747656434,3465.705078125,2103351
2025-10-31,3479.5595225790444,3490.0492186098318,3447.496090053955,3450.959716796875,1915577
2025-11-03,3474.5122791957842,3552.691279496686,3474.5122791957842,3512.018310546875,1776510
2025-11-04,3511.721845343277,3595.046762147062,3500.4401730365735,3543.98291015625,3494428
2025-11-06,3587.327713364805,3636.511165003907,3549.0299458214304,3580.895263671875,4535984
2025-11-07,3578.0255120102433,3679.3612386164023,3529.732610423156,3651.85009765625,2595934
2025-11-10,3651.8499707699816,3677.184022342986,3607.2188123173178,3625.8232421875,1620889
2025-11-11,3661.449293322911,3719.935202809737,3631.8601208597324,3710.13818359375,3044040
2025-11-12,3721.9142582792274,3741.7064106763514,3701.132498262247,3715.283935546875,1984901
2025-11-13,3709.2473105786376,3715.086140620868,3651.8500674176107,3661.053466796875,1599079
2025-11-14,3661.5481958241962,3678.1736521691637,3622.4586948147216,3660.162841796875,1847028
2025-11-17,3671.4443158159647,3715.4818554531103,3644.032232722067,3696.08544921875,2094008
2025-11-18,3679.8559964149363,3693.9083765328937,3649.672963500951,3656.40234375,2613743
2025-11-19,3656.6002429273,3707.565036570265,3629.6829633433517,3683.814453125,1626043
2025-11-20,3705.882778657256,3719.935158976492,3672.5330491493955,3678.07470703125,1815617
2025-11-21,3691.236406590755,3739.727179760446,3687.277976127923,3710.6328125,3184145
2025-11-24,3706.17958967584,3710.5337665570346,3638.985087399685,3652.44384765625,4059935
2025-11-25,3648.6832426303204,3657.3918378821536,3615.036584032699,3631.167236328125,1714176
2025-11-26,3642.745814859756,3669.4652218147176,3631.1674534999597,3648.089599609375,2116524
2025-11-27,3663.032686969495,3678.9654666475294,3626.9120080354446,3642.943603515625,1993274
2025-11-28,3653.6312609158435,3729.7319887502154,3651.751103116328,3718.252685546875,2944457
2025-12-01,3750.612977872179,3755.5610161015616,3691.236519119585,3702.716064453125,1830158
2025-12-02,3684.111285292844,3709.049348923298,3666.9910251961796,3677.876708984375,2285922
2025-12-03,3697.1739917106984,3701.1324221086757,3602.171662159246,3611.473876953125,2002476
2025-12-04,3636.807928572312,3639.974624570385,3582.5773837929173,3633.443359375,1984001
2025-12-05,3621.2713324684196,3682.8248801562563,3604.6458755795147,3678.470703125,2393280
2025-12-08,3681.3404982930315,3686.288536597189,3633.443584150162,3643.4384765625,1500195
2025-12-09,3619.9846829099406,3636.214151276697,3567.0406751090436,3598.1142578125,3901255
2025-12-10,3621.963863152118,3656.5010722003694,3588.515077515985,3592.275634765625,1593915
2025-12-11,3585.74421572861,3630.969478028106,3578.322158450149,3627.10986328125,981456
2025-12-12,3627.307729858224,3656.6002125050477,3623.2504835154705,3641.3603515625,1078982
2025-12-15,3594.25497808689,3627.307776893784,3566.1502175207543,3570.50439453125,1704069
2025-12-16,3543.7848363927437,3595.73923569758,3540.716956173376,3583.369140625,1394406
2025-12-17,3609.9894764159635,3609.9894764159635,3556.6497232840943,3575.25439453125,1209367
2025-12-18,3562.5875502034824,3574.363784630838,3503.31014844008,3549.326904296875,2446168
2025-12-19,3533.888841155892,3577.4315768072106,3523.003157243062,3566.150146484375,1647819
2025-12-22,3562.5873708814556,3587.3275609570214,3539.7273386102656,3579.11376953125,1400786
2025-12-23,3581.5879277656427,3599.697795925624,3567.535547577148,3587.4267578125,1413628
2025-12-24,3586.931898544481,3619.984696617994,3574.5618032170546,3598.906005859375,842897
2025-12-26,3598.9060286048693,3609.0990355397744,3577.0358448898123,3585.447509765625,829910
2025-12-29,3585.051624852364,3602.369758918262,3550.8113447469914,3554.769775390625,1034692
2025-12-30,3552.691519123215,3627.9017017007536,3538.045277353218,3622.260986328125,2063179
2025-12-31,3615.0366871778056,3684.903082782974,3602.5675343474286,3670.652587890625,1868363
2026-01-01,3686.28843186289,3734.7792058659184,3682.4290587366722,3721.914306640625,1498161
2026-01-02,3720.8257080615326,3772.384363288245,3704.299308620699,3762.884033203125,1478292
2026-01-05,3766.3476464379023,3799.9943064302024,3745.6649432604777,3750.909912109375,1574098
2026-01-06,3748.6337507637454,3779.4106450948616,3719.044578886681,3746.2587890625,1299489
2026-01-07,3760.508925870485,3769.0196479756655,3679.855905486684,3709.841064453125,1046776
2026-01-08,3691.2364739275645,3717.7580068330376,3654.8188646844837,3685.298828125,1261005
2026-01-09,3673.522622761523,3709.544244271811,3628.990278892714,3639.084228515625,1235928
2026-01-12,3637.105028656823,3678.371619162904,3561.400043758797,3643.7353515625,1665237
2026-01-13,3678.3714642116447,3678.3714642116447,3593.760014066341,3623.4482421875,1700985
2026-01-14,3624.932700875655,3643.7352455976416,3597.322745004212,3611.572998046875,1573135
2026-01-15,3611.572998046875,3611.572998046875,3611.572998046875,3611.572998046875,0
2026-01-16,3612.1669402725083,3691.1374365932747,3612.1669402725083,3620.1826171875,2089943
2026-01-19,3650.6625670612407,3650.6625670612407,3576.4419944048045,3619.390869140625,1715818
2026-01-20,3608.1093257257994,3639.28196526512,3503.2109196569745,3520.529052734375,1753439
2026-01-21,3506.179795932712,3549.425600584723,3480.549055228708,3516.372802734375,1587467
2026-01-22,3562.5875203880346,3582.3796732790793,3496.6795546194844,3536.560791015625,2107171
2026-01-23,3536.560843993548,3558.6291431183336,3498.065202685171,3506.57568359375,1922549
2026-01-27,3401.479202337744,3461.3504622774726,3309.346879524775,3358.2333984375,7139715
2026-01-28,3343.8840868540974,3420.974422401524,3340.915264048367,3413.3544921875,3964878
2026-01-29,3413.354651256634,3443.4388687187356,3286.4869991001624,3349.22802734375,5592638
2026-01-30,3248.88183502858,3416.5212701733335,3248.683961824134,3396.135498046875,5291090
2026-02-02,3320.133490613888,3436.0166369574567,3308.950876438082,3427.208984375,2950641
2026-02-03,3600.192466193384,3605.9322386217978,3476.4915155957556,3491.236572265625,5492214
2026-02-04,3512.1174752908373,3582.379616949234,3482.5283038253615,3536.857666015625,2395062
2026-02-05,3554.670570364992,3561.3999505003985,3491.434740100369,3534.87841796875,1251428
2026-02-06,3539.8265544620554,3552.6914538772094,3493.9088562678,3540.816162109375,1462031
2026-02-09,3556.4520413443897,3581.489163354068,3520.133488701202,3572.087890625,1294690
2026-02-10,3578.7181982544303,3660.5587027085476,3563.57715286658,3637.599853515625,1917432
2026-02-11,3666.199340082087,3747.6440963860227,3628.0006305100783,3636.708984375,4787745
2026-02-12,3659.766894451167,3660.5586288770432,3544.9724091984667,3555.75927734375,2554236
2026-02-13,3493.3148741163254,3559.123780385089,3483.7157285902877,3496.679443359375,1632115
2026-02-16,3498.262951289225,3512.6122618390673,3432.9488480968375,3473.225830078125,1562001
2026-02-17,3473.2259216733587,3479.2626249811024,3426.0216850783213,3452.93896484375,1991583
2026-02-18,3454.8193696161084,3508.1591254032937,3447.0013242053374,3493.809814453125,1682427
2026-02-19,3498.1638992899516,3509.6434443889307,3385.744617977487,3396.135498046875,2479531
2026-02-20,3407.2191102702523,3414.047306356405,3367.1400007826123,3377.3330078125,2260853
2026-02-23,3389.406185721949,3421.667491605521,3381.3902671523006,3411.276611328125,1789276
2026-02-24,3379.5101848640634,3405.23998422174,3354.76999317399,3397.52099609375,1929400
2026-02-25,3399.3021331972996,3464.517177917708,3389.8018035199216,3455.01708984375,2273269
2026-02-26,3468.5748625964607,3470.5540779246185,3425.625986616811,3448.386962890625,1998012
2026-02-27,3424.042306020157,3451.850376302902,3345.96236279303,3362.0927734375,3765500
2026-03-02,3265.6060351081674,3339.8266053924835,3248.881763245469,3299.648681640625,2997529
2026-03-04,3206.328707079345,3244.0328542576663,3174.5622056548746,3230.376220703125,4537215
2026-03-05,3243.241088687893,3325.6754514328254,3242.152423668773,3313.206298828125,2304760
2026-03-06,3280.5492980911245,3332.008894923926,3280.5492980911245,3297.867431640625,2084605
2026-03-09,3216.2248083508407,3216.2248083508407,3110.2377341788933,3154.473388671875,3961149
2026-03-10,3243.9339111755658,3275.0074950744342,3195.3440784027953,3259.470703125,2672336
2026-03-11,3241.9546551280514,3258.678927739324,3123.201737357793,3135.27490234375,4574950
2026-03-12,3082.726708308199,3110.1387903021673,2988.6149296118374,2999.698486328125,6968585
2026-03-13,2934.1865168178074,2993.562972470107,2892.2272514648826,2900.638916015625,7217643
2026-03-16,2871.841370436124,3012.0687246622333,2865.903724597869,3004.5478515625,5378638
2026-03-17,3020.282568613201,3106.6753653742326,2993.0683580506643,3096.38330078125,3491894
2026-03-18,3107.4671006412204,3202.568251524639,3107.4671006412204,3181.19287109375,3746758
2026-03-19,3103.7064549960965,3115.1857585298594,3001.084192194682,3013.7509765625,3059501
2026-03-20,3027.4076463010542,3074.315193435271,3011.5739240488488,3034.236083984375,4471960
2026-03-23,2983.766056056275,2988.3181061833743,2904.498388405939,2925.082275390625,3978740
2026-03-24,2998.5110692035128,3025.5274053754365,2935.077124530479,2999.797607421875,3944279
2026-03-25,3067.684667769683,3125.0819116600796,3050.861337663877,3095.591796875,3328790
2026-03-27,3067.783769421052,3072.929680971652,2998.5112326921894,3009.69384765625,3155168
2026-03-30,2949.0307740142885,2992.2765796615304,2914.394506534255,2923.99365234375,5416854
2026-04-01,3047.89251931878,3047.89251931878,2978.818098297808,2999.99560546875,3522875
2026-04-02,2944.0828140707426,2997.323754961852,2897.6703110550015,2980.4013671875,3297975
2026-04-06,2974.8595681919905,2998.5110937089194,2930.2281678125773,2990.198486328125,2554900
2026-04-07,2970.4064538792013,2985.646315227388,2918.8477980653565,2975.3544921875,2292715
2026-04-08,3092.5237972646455,3197.4222044678622,3076.6900754226504,3176.739501953125,4227961
2026-04-09,3146.8531189291425,3166.645270981537,3098.4614038024047,3133.889404296875,3039565
2026-04-10,3146.952356180181,3236.017045506035,3146.952356180181,3225.923095703125,2801451
2026-04-13,3161.4005651651423,3215.4329956683746,3150.0200776587176,3186.734375,3183080
2026-04-15,3216.2247770084828,3267.5853160368797,3191.4845864161102,3222.6572265625,2591177
2026-04-16,3238.985803127785,3253.829917715905,3167.734053104809,3188.812744140625,2678634
2026-04-17,3176.6405861938406,3208.802835119479,3151.9003947125802,3166.9423828125,2180404
2026-04-20,3173.6717487867613,3201.8755669471675,3129.7332655571854,3188.1201171875,3201466
2026-04-21,3178.6197800591704,3228.3970933041956,3178.6197800591704,3213.552978515625,1972188
2026-04-22,3180.6979160641167,3216.1256752207364,3110.3367183490554,3116.967041015625,3096787
2026-04-23,3072.731664639838,3082.330810247336,3000.688181476712,3016.027099609375,4540875
2026-04-24,3016.0271297610398,3056.8979732567013,3003.459161163512,3006.82373046875,2300917
2026-04-27,3018.3033469395464,3081.63823684254,3018.3033469395464,3070.15869140625,1816150
2026-04-28,3083.5182221981677,3111.326292381494,3043.0433680257934,3056.00732421875,2645344
2026-04-29,3067.7837541273225,3158.8276590885207,3059.8668928263487,3119.540283203125,3917359
2026-04-30,3073.127373785892,3084.903849300557,3015.3343860346044,3065.3095703125,3331158
2026-05-01,3065.3095703125,3065.3095703125,3065.3095703125,3065.3095703125,0
2026-05-04,3098.956254896173,3139.0353634139105,3049.4758740100774,3074.216064453125,2873467
2026-05-05,3081.638064950621,3188.5156857003535,3038.2932037703235,3177.43212890625,6454419
2026-05-06,3211.2766735721993,3281.2418828236437,3209.7922621668504,3266.496826171875,6007370
2026-05-07,3277.481432842049,3363.6763545741546,3270.6532367954046,3335.67041015625,4916193
2026-05-08,3322.904455768703,3328.0503669806685,3283.1222784715983,3295.7890625,2071348
2026-05-11,3201.3806100484644,3257.788243672193,3190.6927995674946,3212.167236328125,2320887
2026-05-12,3206.3287860860755,3227.7044079680213,3133.3947505998035,3142.993896484375,2638081
2026-05-13,3142.9939454412633,3156.4527063326373,3071.3464471046937,3079.461181640625,2692484
2026-05-14,3104.39910282029,3147.9418380845846,3068.872285916473,3140.91552734375,2167959
2026-05-15,3137.056301729692,3155.7597899787575,3078.669449426206,3090.643798828125,2196383
2026-05-18,3067.783729262555,3079.3620905006983,3018.3033465325134,3051.653076171875,1962357
2026-05-19,3066.893198774704,3125.972727814335,3043.043557503789,3060.163818359375,3151874
2026-05-20,3046.0123202578934,3110.138943741903,3001.479976394474,3089.7529296875,2330606
2026-05-21,3114.2951100027226,3124.883862977568,3047.7935277570946,3066.7939453125,1877207
2026-05-22,3062.835652549064,3099.1542046964078,3040.668538005589,3049.278076171875,2407171
2026-05-25,3102.123056746737,3140.7177551541217,3079.065150146767,3106.37841796875,2423710
2026-05-26,3089.5549962243176,3126.368351446088,3070.7524514042466,3075.0078125,1791919
2026-05-27,3078.5701850885835,3108.654401079787,3071.7419892924127,3089.1591796875,1408612
2026-05-28,3089.1591796875,3089.1591796875,3089.1591796875,3089.1591796875,0
2026-05-29,3087.1801863872597,3118.055897394715,2973.8701080836618,3013.94921875,11402867
2026-06-01,3018.303256329002,3037.0067438006217,2930.2281777016965,2939.33251953125,5763247
2026-06-02,2882.8261026863,2977.4324477787886,2882.8261026863,2967.140625,4045354
2026-06-03,2964.8644454040736,2998.016300851683,2934.186609019719,2979.8076171875,3110137
2026-06-04,2953.978721859396,3035.225603447048,2943.2909113289693,2984.755615234375,2788572
2026-06-05,3008.308238370151,3027.2098413764443,2981.390958254931,3008.902099609375,1685633
2026-06-08,2953.9788147507693,2974.7605752565532,2917.3633319548635,2935.17626953125,2415904
2026-06-09,2964.7654098926428,2984.5575625448273,2943.093099379871,2959.02587890625,2527267
2026-06-10,2949.030861359547,2968.8230147914906,2912.6132507240845,2921.816650390625,2281551
2026-06-11,2899.5502960293647,2980.8959932150333,2870.257814144833,2969.71337890625,3177902
2026-06-12,2993.6620335529688,3018.303166037614,2951.6037107475267,3011.27685546875,3557496
2026-06-15,3057.887627858748,3134.087416643578,3046.0123361000738,3101.727294921875,5286854
2026-06-16,3130.129043951227,3130.129043951227,3075.7006223839435,3105.289794921875,3551761
2026-06-17,3112.315901333177,3132.1080533289364,3057.887483344838,3100.341552734375,3186836
2026-06-18,3104.3991006844813,3118.2536073499523,3082.6277330673124,3103.904296875,2432013
2026-06-19,3077.679844686293,3097.471998028327,3027.209853664106,3042.845703125,3408840
2026-06-22,3052.939586629758,3069.762916604703,3022.0638764081914,3031.56396484375,2186778
2026-06-23,3031.563966161438,3060.0647146873603,3000.292509509417,3005.7353515625,2828392
2026-06-24,3012.365631437123,3065.7053861539853,2993.5630864314376,3032.652587890625,2179193
2026-06-25,3057.887618129747,3175.1561238735576,3053.929187556116,3149.12939453125,5346892
2026-06-26,3149.12939453125,3149.12939453125,3149.12939453125,3149.12939453125,0
2026-06-29,3110.73257396817,3141.311595154009,3053.4343879766307,3060.8564453125,3700623
2026-06-30,3072.731707055121,3090.445587082442,3029.980705538518,3036.907958984375,3882185
2026-07-01,3055.9084028055113,3133.3947296040697,3055.9084028055113,3097.471923828125,2754707
2026-07-02,3104.2011936304143,3156.8482700644095,3079.1640728230127,3142.39990234375,2624368
2026-07-03,3194.0,3197.0,3127.300048828125,3136.89990234375,2414988
2026-07-06,3157.89990234375,3212.699951171875,3124.89990234375,3201.199951171875,2637740
2026-07-07,3210.800048828125,3217.10009765625,3181.0,3196.39990234375,2426521
2026-07-08,3175.0,3200.89990234375,3088.199951171875,3102.5,2933765
2026-07-09,3101.0,3139.699951171875,3080.300048828125,3085.39990234375,2922682
2026-07-10,3109.0,3135.0,3105.199951171875,3129.39990234375,1814898
2026-07-13,3088.800048828125,3169.0,3082.0,3160.39990234375,1770170
2026-07-14,3121.0,3130.0,3082.199951171875,3093.300048828125,2376410
2026-07-15,3088.800048828125,3119.89990234375,3079.39990234375,3082.89990234375,2377390
2026-07-16,3117.0,3146.0,3089.39990234375,3117.800048828125,1978238
2026-07-17,3119.0,3183.199951171875,3119.0,3179.199951171875,1627877
2026-07-20,3179.199951171875,3183.5,3140.5,3165.5,1768417
2026-07-21,3153.800048828125,3212.0,3143.0,3201.699951171875,1776773
2026-07-22,3198.0,3219.89990234375,3166.89990234375,3175.300048828125,1784375
2026-07-23,3156.0,3250.0,3156.0,3229.699951171875,2705691
2026-07-24,3215.300048828125,3217.0,3135.10009765625,3161.39990234375,2135688
2026-07-27,3183.0,3246.800048828125,3179.0,3238.60009765625,2264570
2026-07-28,3225.0,3284.699951171875,3222.0,3271.199951171875,2208579
2026-07-29,3280.10009765625,3321.199951171875,3211.800048828125,3221.800048828125,3693381
2026-07-30,3220.0,3327.0,3197.5,3283.699951171875,4851980
2026-07-31,3379.89990234375,3457.0,3243.300048828125,3398.5,6131873
2026-08-03,3465.0,3465.0,3386.199951171875,3428.60009765625,2169303
2026-08-04,3401.0,3434.10009765625,3384.60009765625,3433.0,2450782
2026-08-05,3470.0,3485.800048828125,3435.0,3455.39990234375,1970549
2026-08-06,3449.0,3449.0,3406.0,3406.0,1656879
2026-08-07,3405.0,3504.89990234375,3402.10009765625,3502.0,3299237
2026-08-10,3509.0,3534.60009765625,3491.10009765625,3517.0,2434928
2026-08-11,3505.39990234375,3514.60009765625,3455.10009765625,3460.10009765625,2269936
2026-08-12,3460.0,3471.800048828125,3403.60009765625,3403.60009765625,1834082
2026-08-13,3405.0,3440.0,3396.5,3428.199951171875,2288322
2026-08-14,3425.0,3430.0,3378.300048828125,3428.300048828125,1032969
2026-08-17,3428.300048828125,3451.89990234375,3388.300048828125,3390.39990234375,1756791
2026-08-18,3390.39990234375,3435.0,3390.199951171875,3421.5,1371664
2026-08-19,3396.199951171875,3425.60009765625,3371.10009765625,3415.0,1601024
2026-08-20,3424.0,3456.39990234375,3401.0,3424.800048828125,1279093
2026-08-21,3431.199951171875,3453.89990234375,3412.199951171875,3412.199951171875,1730623
2026-08-24,3419.89990234375,3444.699951171875,3400.0,3414.10009765625,1168624
2026-08-25,3414.10009765625,3443.0,3396.800048828125,3443.0,1078022
2026-08-26,3435.0,3447.89990234375,3398.199951171875,3398.199951171875,687761
2026-08-27,3410.0,3420.0,3330.0,3330.0,1853016
2026-08-28,3331.0,3351.699951171875,3302.0,3334.0,1744074
