Date,Open,High,Low,Close,Volume
2010-06-07,102.09754093908636,104.38543743876512,101.72964404946735,103.40129852294922,1324680
2010-06-08,103.84048509323966,103.93245931751758,102.33668161529428,102.79425811767578,548100
2010-06-09,102.87475342012695,104.05664377941962,102.09985976470168,102.36428833007812,473680
2010-06-10,102.32287252184423,103.19204180999417,101.77331484949049,102.62409210205078,758680
2010-06-11,103.05870224254528,103.60595137858118,101.96878619168766,102.2010269165039,457280
2010-06-14,103.8358795867937,103.8358795867937,102.31368410361667,102.9713134765625,326020
2010-06-15,102.9667169143368,103.70252477504658,102.55282937842745,102.97821807861328,221560
2010-06-16,102.41487074569274,104.30037411750325,101.82392559182613,102.16423797607422,1074000
2010-06-17,102.32287638255153,103.19204570349576,100.6305283571463,101.19847106933594,1442900
2010-06-18,102.09294910498879,102.21711817006303,100.48567721930768,101.05362701416016,512920
2010-06-21,101.40313095929804,102.46085209609706,100.3086187288418,101.0605239868164,1352640
2010-06-22,101.56409581967425,102.09295290396989,99.56362298968234,101.45602416992188,1323940
2010-06-23,101.63307162152678,102.46085369880402,100.80759118050901,101.57788848876953,455980
2010-06-24,100.96624625243086,103.9324588288439,100.96624625243086,103.19205474853516,1414500
2010-06-25,103.83820020664263,104.76025826871273,103.19666813503962,104.11642456054688,653440
2010-06-28,104.39234699735043,108.07137244219098,103.70252972644283,107.39075469970703,1260720
2010-06-29,107.61150203387811,109.63496336781222,106.92168471314812,108.17255401611328,1953520
2010-06-30,107.65747889269224,109.68093996782473,106.83429306561689,109.00261688232422,743840
2010-07-01,108.53124535278084,108.88764811857004,107.65747965893283,108.05757141113281,940380
2010-07-02,108.07136040901726,108.76117760311737,106.53076586865366,106.8158950805664,418420
2010-07-05,107.83682186204345,107.83682186204345,105.84324714319392,107.17229461669922,309980
2010-07-06,107.19759206215224,110.5317084160809,106.36981004670572,109.6809310913086,925240
2010-07-07,109.91087943797804,111.54344829750191,108.85315827425948,110.69037628173828,3824400
2010-07-08,111.46527809800476,115.6593649513376,111.10657367066364,114.54415893554688,2545580
2010-07-09,115.43476839347255,116.29764004540019,113.44531005130466,115.90899658203125,1571880
2010-07-12,116.12878405489734,116.60070379948573,114.97212285913142,116.05938720703125,824180
2010-07-13,116.05938572171345,124.1513828255233,115.25203141680552,121.5674057006836,2807700
2010-07-14,122.60605505043466,126.7237650188154,120.75539761571112,122.06704711914062,4003580
2010-07-15,119.83008560998702,127.46173301164299,119.83008560998702,124.53307342529297,3926500
2010-07-16,124.29478551944703,125.73829615679314,123.01321024244095,123.62854766845703,1783080
2010-07-19,123.53139890945107,124.41045847481486,122.14340566327746,122.54129028320312,1567580
2010-07-20,122.60608551633175,123.99407893727135,122.60608551633175,123.2769546508789,1704540
2010-07-21,124.3641814706717,124.3641814706717,123.35326091549958,123.60310363769531,775960
2010-07-22,123.5777071620702,127.23275437290228,123.55456546236125,126.82560729980469,3701640
2010-07-23,129.59230720324626,129.59230720324626,126.72378214401962,128.282958984375,2407040
2010-07-26,129.4743369640138,130.14750754384866,128.22745284997097,129.41650390625,2388640
2010-07-27,129.54604528732133,132.92118864403884,126.86259713984334,130.9456024169922,5756920
2010-07-28,132.78467754133607,133.61746778059634,130.7281309761261,131.52622985839844,3934780
2010-07-29,130.9340255880863,131.76219881997216,129.66632964653593,130.12667846679688,1247160
2010-07-30,130.65642946462896,132.09069199139225,129.36097473558976,129.8143768310547,1579340
2010-08-02,129.5992283440872,131.8593483596159,128.59525454589527,130.3302459716797,917380
2010-08-03,131.2579050521693,131.2579050521693,129.77737322149116,130.3695831298828,679480
2010-08-04,130.5639255677081,130.70271926784324,129.17823355092665,129.9555206298828,367480
2010-08-05,129.59230367148834,131.2532672040186,128.2968348557825,128.9422607421875,1970280
2010-08-06,128.85202429900485,130.240017379425,128.6206921189348,129.83287048339844,1801640
2010-08-09,130.4713990285057,131.382848728339,129.12967469925587,130.3788604736328,817520
2010-08-10,130.4713635687513,130.93402797856956,129.7773669540239,130.13824462890625,714040
2010-08-11,129.5460493117215,130.92941153437832,127.2836133160732,128.2899169921875,885680
2010-08-12,127.28364214682627,131.56792055198025,126.86262981627154,131.20472717285156,1983320
2010-08-13,131.16537428355772,139.95599901508365,130.51996244546345,138.05213928222656,7682740
2010-08-16,138.84557359482352,142.44973281751666,137.8971032102225,138.98899841308594,4648640
2010-08-17,139.26199501270665,140.64767273720113,135.86372417095953,136.219970703125,2772160
2010-08-18,136.9209151944186,137.28179289202896,131.41982823791147,133.8094940185547,4677160
2010-08-19,134.63534421014518,136.701139120279,131.92413752672928,133.95291137695312,2846960
2010-08-20,134.17269865978685,135.09802761606124,131.8663230135846,132.46315002441406,1756380
2010-08-23,133.69385070964722,141.34401020682245,132.73844735071026,140.24749755859375,8773580
2010-08-24,139.5164457865256,142.40809831998365,136.9486639845737,140.4626007080078,5745020
2010-08-25,140.18732148208548,142.2646802426061,138.05906229247128,139.0838623046875,6678620
2010-08-26,139.72466195804842,140.6037215769512,137.1800075184151,137.88095092773438,5310480
2010-08-27,138.1053551810968,139.90974393244716,137.45762769591977,137.9827423095703,2339100
2010-08-30,139.2619537905333,140.1965305901325,137.8901558403791,138.73220825195312,1014340
2010-08-31,138.79006374468753,139.02601297381173,134.99157907504673,135.6346893310547,2992140
2010-09-01,136.76361321466985,138.05906801716156,136.115885813424,136.77517700195312,1730280
2010-09-02,137.68894963967597,140.86745230202544,136.54385224802363,138.81553649902344,3962340
2010-09-03,139.2620166875366,140.86977867417144,138.38988957312918,138.71376037597656,1927860
2010-09-06,139.2620018573203,141.3856300252021,138.66054370968274,140.1965789794922,2096100
2010-09-07,140.88132623298569,140.88132623298569,138.8456054594101,138.9797821044922,1324120
2010-09-08,138.79931498212872,140.18730813195,136.76359451960346,137.0596923828125,2808880
2010-09-09,137.41135104329356,138.66055079144695,136.25468983922545,136.53460693359375,1345120
2010-09-13,136.94864493324872,139.1231729836631,135.65549188764584,137.7328643798828,1798240
2010-09-14,137.87400921697989,144.71218937779778,136.90704218894706,143.46762084960938,9620960
2010-09-15,144.8139357393479,147.31232030522125,143.70585974854177,144.57797241210938,8697820
2010-09-16,145.23500188853552,146.36852134042786,143.47918405567253,143.95111083984375,2905980
2010-09-17,144.7214618640768,148.96873305440823,144.62893742810124,148.1775665283203,6266820
2010-09-20,149.16301482429415,149.3480777791343,146.66462963545627,147.18975830078125,2284780
2010-09-21,148.0063385093957,148.74660437214112,145.60742472862225,146.123291015625,1665640
2010-09-22,146.66462884766983,149.62567846740242,146.66462884766983,149.12600708007812,4628660
2010-09-23,149.4406320537156,152.9892749469079,147.82362190096902,152.27908325195312,6106160
2010-09-24,152.67927020001,155.68658915849502,150.4422915127839,154.87924194335938,4575080
2010-09-27,154.76126881002466,158.22893683412295,153.14194312740855,157.15786743164062,3010080
2010-09-28,158.04617518018847,158.138699596346,155.03885632680436,155.65650939941406,2930100
2010-09-29,156.750719160842,157.44009883276797,152.7347948891122,153.2437286376953,2230620
2010-09-30,153.61156673343302,154.34488604108984,150.7638530702895,151.4740447998047,3115400
2010-10-01,152.2628701338628,155.17765046013236,152.2628701338628,153.13729858398438,2731240
2010-10-04,154.52991647762653,155.22391310851407,152.21890995587464,152.91522216796875,1162800
2010-10-05,154.06726983282783,155.22393101775896,152.216611936938,153.07485961914062,1383960
2010-10-06,153.8012177169902,158.69389971906156,153.38713813452577,158.01609802246094,5216280
2010-10-07,158.46722163534912,159.9870762047167,154.76127449033228,155.6889190673828,3398620
2010-10-08,156.84323826518585,156.84323826518585,153.28071658603469,154.15052795410156,1304060
2010-10-11,155.59405133914566,156.98204471101815,154.99259319242708,155.9665069580078,962640
2010-10-12,156.15620515012648,156.1955276765895,151.8002152177603,152.71859741210938,1283040
2010-10-13,153.8359104258052,154.7311648952728,152.447917249031,153.55137634277344,2167580
2010-10-14,154.252317244606,155.53852378777964,152.45255996441807,153.61846923828125,1967960
2010-10-15,154.96712182405417,155.1776279012633,151.30976051977143,152.18418884277344,1683960
2010-10-18,151.75391103727594,153.83358508949138,147.86753321263953,148.79286193847656,1846980
2010-10-19,149.6395364472418,150.7684386595613,146.4332756950851,147.43263244628906,1195960
2010-10-20,147.43265425528358,148.82527875782696,146.34075881916561,146.74559020996094,1002880
2010-10-21,146.79647900375682,150.689803966876,146.79647900375682,148.72348022460938,1377720
2010-10-22,148.9779396698225,150.5949495198681,146.89594982971627,148.28857421875,1005220
2010-10-25,148.93165593394895,153.2344429903886,148.93165593394895,152.21194458007812,3595260
2010-10-26,153.141933417737,162.60342709689436,153.141933417737,161.5184783935547,14031520
2010-10-27,161.2385867519719,166.78131283721908,161.2385867519719,166.00172424316406,9288060
2010-10-28,166.51294159760306,168.40062056098137,159.85057598672506,161.0396270751953,5663220
2010-10-29,161.007229834828,164.89360842075448,159.61923647418294,164.34535217285156,3949900
2010-11-01,165.49505743470067,177.15419155470636,164.93753893962702,175.46546936035156,8666680
2010-11-02,177.10563113701411,179.37499953017803,175.21101979083892,176.6776580810547,9284860
2010-11-03,178.12581816378133,178.86839970949964,176.4185851666337,177.3415985107422,3226460
2010-11-04,178.12580099314368,178.58846541130768,176.33529195395258,176.84652709960938,2932800
2010-11-08,178.1258173672923,178.2183559071907,175.48862429357547,176.6291046142578,1593660
2010-11-09,176.64762790147728,178.03330591296663,175.65521756528867,176.84426879882812,1591900
2010-11-10,176.83034625536553,194.08772340369163,176.55274478061068,191.85536193847656,19866720
2010-11-11,192.005722415674,196.26224046397292,189.86126844349923,190.83981323242188,11979180
2010-11-12,190.38177251209467,191.71424826471514,182.34529401342442,183.00921630859375,9056620
2010-11-15,184.14044521762932,184.41341554008144,177.8667166055956,180.76300048828125,6204860
2010-11-16,183.21510333702003,185.53998913503085,174.33657232606066,175.3798828125,11626220
2010-11-18,176.73780501063806,178.86374854406284,166.58926228440882,172.07183837890625,12019840
2010-11-19,173.03186936540092,176.9228789994093,168.89103109980545,169.92507934570312,9705760
2010-11-22,171.0933053357989,177.66314607270513,171.0933053357989,176.35842895507812,5997540
2010-11-23,176.3677154898211,176.92290442586847,168.64121258507672,173.80455017089844,6058120
2010-11-24,174.60263192943302,177.20048835671614,170.76945518018246,172.11349487304688,5484160
2010-11-25,173.49920556859533,175.4886574780213,169.09464415287846,169.9806365966797,4611960
2010-11-26,169.93663229472355,172.85374213308148,156.97509617925868,165.3331298828125,8747400
2010-11-29,166.51291828506922,171.87982826333547,162.90414153591288,170.4316864013672,5572640
2010-11-30,169.47399083375268,172.8537655401921,167.57707778973014,170.8619842529297,6976600
2010-12-01,171.18587407091206,177.0617191800253,170.38545936051514,174.97509765625,6639800
2010-12-02,177.14036107683594,178.87303743108131,174.48930243515022,175.08151245117188,3878400
2010-12-03,175.1184898700329,176.3029097023497,170.16797473321327,171.02159118652344,3736100
2010-12-06,171.84051740293862,175.2110295518244,170.16797584660338,170.87355041503906,2474820
2010-12-07,172.11116395647602,172.4211553299003,169.10384523143006,170.90823364257812,3128300
2010-12-08,171.13956593753832,171.18351962216371,164.31064870737282,165.29611206054688,3429600
2010-12-09,164.2458827847157,166.09654061890964,152.7718098604725,155.1175079345703,10074040
2010-12-10,154.52993785817426,160.6833698556651,148.5152995583052,159.48045349121094,9869600
2010-12-13,161.00720099711228,163.32052285051907,158.4625469583648,161.3819580078125,4492280
2010-12-14,162.39523912848802,166.97561484412947,161.1113479678052,165.86753845214844,6335260
2010-12-15,166.33018499417324,166.5592016373208,156.33431449070557,158.09938049316406,5368260
2010-12-16,163.78323529427573,163.78323529427573,152.6792871387316,157.61822509765625,7372080
2010-12-20,157.07455990965272,159.3693713233848,155.31644088095575,156.36668395996094,3964060
2010-12-21,157.3059170026314,159.51513698371502,156.8478837036843,157.91432189941406,2543980
2010-12-22,158.02303842587136,159.3416349420651,155.96419007968692,156.95428466796875,2651800
2010-12-23,157.6459620890156,157.87960989165754,153.4241490498349,154.37261962890625,3196660
2010-12-24,154.30089950043643,162.39521126132388,152.67925845081731,160.81983947753906,10801500
2010-12-27,161.6989327521996,163.55190639779067,160.24617351412078,160.94017028808594,4968760
2010-12-28,161.93025859454713,162.0528714637353,159.71179023519798,160.4913787841797,2675680
2010-12-29,161.23855844719344,163.22800990509535,160.39419019063604,162.67282104492188,4195080
2010-12-30,163.5495813050897,165.3771116846805,161.7706357798353,163.602783203125,6048380
2010-12-31,164.00530654652354,168.31732867980693,163.60277659698974,166.3255615234375,6593820
2011-01-03,167.34573401039603,172.0047542019972,167.34573401039603,170.5774383544922,5733320
2011-01-04,173.40662251350832,173.40662251350832,168.50469231861334,169.24034118652344,6135200
2011-01-05,168.27107039506018,170.95451862559136,167.61871180963058,168.4676971435547,4937120
2011-01-06,169.33516824739547,170.06387031589094,164.48413885237275,165.60609436035156,5287560
2011-01-07,165.50895971341382,166.55920293784393,155.92023610929294,157.8726806640625,5741740
2011-01-10,157.7685582506154,157.84258624793452,151.8001903958058,152.3068084716797,7607480
2011-01-11,152.6792922655743,155.91562833797835,151.1154839220531,152.8874969482422,6827280
2011-01-12,154.30554351511444,166.51293564046313,153.2529705774549,165.68014526367188,8652600
2011-01-13,165.63388308414622,166.09654756203489,157.4447161777569,157.967529296875,7978600
2011-01-14,158.69161932641364,163.54728134387332,156.43381414500064,157.75241088867188,8490720
2011-01-17,157.76858337267547,161.4236298410072,157.08615045942705,158.47877502441406,5139080
2011-01-18,158.50884826356068,162.25643324757303,158.50884826356068,161.10670471191406,4689780
2011-01-19,161.88630072244692,164.19962315094543,158.23588527236402,159.83670043945312,6708960
2011-01-20,159.66550052737094,162.18701324519606,158.04617499285277,161.33802795410156,5393040
2011-01-21,161.2385709547271,163.29743353433344,160.3132419965938,162.2263641357422,4206280
2011-01-24,162.53173248006448,167.25321751152603,162.31196401768383,165.1272735595703,6347040
2011-01-25,165.86520890474455,168.00966319498423,165.2220985280535,166.47129821777344,5765180
2011-01-27,168.13225519867208,168.13457077998305,163.8757508089806,164.97457885742188,3954860
2011-01-28,164.939858826892,166.74424716549473,153.83591321161737,160.44970703125,15161500
2011-01-31,159.7117482251842,167.66031881532453,157.62975853341592,166.6100616455078,11472460
2011-02-01,167.0681208669775,169.44620858648474,165.40252617116465,166.4296417236328,10323780
2011-02-02,168.08599668766357,168.5024060071352,162.76998643341324,163.59815979003906,6003400
2011-02-03,163.7832091099012,167.02186013749812,163.03832615086495,166.45509338378906,5089660
2011-02-04,166.55920823762253,168.51396843595776,161.4698990970285,162.5502166748047,5529920
2011-02-07,162.39522822953964,163.53801003000495,158.79106807124148,159.52670288085938,4431520
2011-02-08,159.1565491829312,160.26694088823513,148.97793266541817,149.54931640625,9321480
2011-02-09,149.33881131510108,151.74467179207892,139.03064926545332,142.87075805664062,12029140
2011-02-10,142.5006754916397,147.0810515228479,136.16216577168623,142.711181640625,14281680
2011-02-11,143.8747583666471,145.4940838717008,140.27986082841113,143.95571899414062,11151420
2011-02-14,145.3830744649521,148.28397586774253,144.9319737425664,147.10418701171875,9690780
2011-02-15,147.82127534744825,150.26877396938644,144.1454033120466,148.6425018310547,9614860
2011-02-16,148.51529088068335,152.1240680019872,146.97230886811164,150.9072723388672,7827060
2011-02-17,151.17097413329043,153.32699211125652,149.81073955440453,152.41554260253906,6123360
2011-02-18,152.99158218889653,154.43740879202514,148.37651496723035,149.0219268798828,7806520
2011-02-21,148.97797280844156,156.65820652865744,148.19606865390114,155.860107421875,8199300
2011-02-22,154.11352097529542,161.88627757594162,153.18819213619955,160.81983947753906,14316160
2011-02-23,159.6192569670221,161.00493492419696,157.90970820302354,158.98309326171875,7159140
2011-02-24,158.91596936239617,160.25769326615833,150.41219563637873,151.3375244140625,10291540
2011-02-25,151.9852930343867,155.6357228316116,151.45784871047113,154.6849365234375,6998760
2011-02-28,155.21468814392853,158.8789829968199,152.40399572022005,153.96780395507812,5931440
2011-03-01,154.99259798736296,158.23124928859144,154.7635813330228,157.41233825683594,4502160
2011-03-03,157.39842375567653,161.46754896833016,156.15385547530093,159.75106811523438,6600820
2011-03-04,160.77823167362342,161.56013581956523,158.87898879047358,159.40643310546875,3849300
2011-03-07,158.96223890118688,158.96223890118688,154.68259291683992,157.25502014160156,4716400
2011-03-08,157.35215556260627,161.19226419809226,157.0745541158419,160.0679931640625,3289780
2011-03-09,161.8862719462329,162.81160075314983,160.11658907464258,161.6063690185547,4561080
2011-03-10,160.202197010835,161.23856086085794,159.45268286077206,160.7180633544922,2119800
2011-03-11,159.80430590458064,161.4236315575905,158.92987739404288,159.7349090576172,3016260
2011-03-14,129.54601864280622,162.23093672775613,129.54601864280622,161.69424438476562,2463700
2011-03-15,157.30594259415605,160.77129545838952,157.21803520256603,160.06573486328125,3637260
2011-03-16,160.78282504782894,165.39789112234843,160.78282504782894,163.8479766845703,4443480
2011-03-17,162.85785471925732,165.63384087924464,162.58025327937943,164.8866424560547,3007180
2011-03-18,166.04796487356106,166.5129449390048,159.57297768020157,160.17213439941406,6872700
2011-03-21,160.5445689074127,161.701230066688,155.36272126609975,158.5574188232422,3029420
2011-03-22,159.0200712009263,161.24086892958664,158.88822426386076,159.9523468017578,2485260
2011-03-23,159.70710793172776,161.09973214191422,159.16116738797857,160.1420135498047,2392700
2011-03-24,160.91242582306003,162.33974202804978,160.5978031935377,161.6711883544922,3246580
2011-03-25,161.01187385317738,163.65368414043587,161.01187385317738,162.51553344726562,2872820
2011-03-28,161.9325676070851,166.46667385232374,161.9325676070851,164.11402893066406,4775700
2011-03-29,164.24588845571196,167.20693826878014,164.24588845571196,166.089599609375,4448540
2011-03-30,166.74657615031109,179.3750081933378,166.74426056901825,177.90835571289062,20010200
2011-03-31,178.9585908342542,182.79408280432432,174.75528855955963,176.34222412109375,17184220
2011-04-01,175.85875324516425,179.3958177411621,175.7083816571606,178.5098114013672,5765520
2011-04-04,178.49589828612383,179.8838913182691,177.06165011508992,178.5467987060547,3827600
2011-04-05,178.8221289955076,185.28323647149807,177.89448449605376,183.00230407714844,11707360
2011-04-06,183.90909586932224,189.09094270887064,183.39784663304232,186.64112854003906,11723600
2011-04-07,186.68512047434223,187.59888565989957,184.18673506882575,184.67947387695312,5134520
2011-04-08,184.51055891260273,186.26869212177704,179.77287992755478,181.02207946777344,6405660
2011-04-11,181.01745714714036,181.01745714714036,175.0768475960514,175.65286254882812,5256680
2011-04-13,174.65585405943122,180.27490949976306,173.50844098156657,179.77523803710938,5029100
2011-04-15,179.74511667453086,181.68136602961982,177.32075977349834,180.22860717773438,3658840
2011-04-18,181.3598351868489,186.67816083766533,179.05114407473877,180.46226501464844,7262820
2011-04-19,179.97646273736927,183.21511373778466,178.58846945147695,182.05613708496094,4523060
2011-04-20,182.75246178890848,188.5820368116243,182.75246178890848,187.72610473632812,7904100
2011-04-21,188.30906383149002,189.72018476761184,185.5284459463558,186.22244262695312,4621800
2011-04-25,186.22241425253918,191.72811758916976,185.76206545032267,190.4326629638672,7154520
2011-04-26,190.45815290323378,191.87622071575927,187.42539051476376,189.623046875,5792700
2011-04-27,192.92645656587607,194.2728118939954,190.1088315833003,190.81439208984375,5689880
2011-04-28,191.86461447998875,193.39371691526884,189.7849402856613,190.53445434570312,6230480
2011-04-29,191.913170765219,192.41054059967922,184.45040650318424,186.4352264404297,7238460
2011-05-02,205.83943103134513,205.83943103134513,179.74515633345686,181.2626953125,17613940
2011-05-03,180.43914855593005,182.05384308505603,173.73051354551725,174.54017639160156,9750900
2011-05-04,174.88716902837237,178.8175014277236,172.02559042130926,177.3624267578125,7522020
2011-05-05,177.66544001795353,182.10238979068333,177.06859900586724,180.7606658935547,9264880
2011-05-06,178.1258190366609,183.6454027158165,178.1258190366609,183.0138702392578,4979400
2011-05-09,183.6777986187118,184.03404518544187,181.30895873945852,182.51419067382812,3258140
2011-05-10,182.52114178681245,183.09715681927904,178.68103215743537,180.22401428222656,3814940
2011-05-11,180.57793081001907,182.9537173003268,179.58783622020874,182.43785095214844,3401960
2011-05-12,181.8271300664374,183.2151234257232,180.33734996269473,181.9335479736328,3789020
2011-05-13,182.19721084499136,186.2154494951237,181.9543148911693,184.0386199951172,5118140
2011-05-16,183.44645960311416,186.91644307606086,182.86812902428971,186.22476196289062,4291640
2011-05-17,186.17618399553743,198.94572647204137,186.17618399553743,190.5576171875,8776820
2011-05-18,190.8721818539239,191.7581880836019,187.95971752633398,188.82952880859375,6297160
2011-05-19,189.63925337514019,191.49684410119426,189.2344219157069,190.8167266845703,2894900
2011-05-20,191.54307869148727,193.02361055135466,188.76709204378454,191.584716796875,4518500
2011-05-23,191.54305518940905,196.53982489441765,189.73403575162595,195.27444458007812,6218800
2011-05-24,195.70472529368053,199.31120049822206,195.4780242562643,198.09439086914062,5744320
2011-05-25,198.25170974384483,202.87835407859032,197.0973642414295,201.15724182128906,7550580
2011-05-26,200.79636813223692,201.65461575643067,195.01306259847436,195.6260986328125,7460340
2011-05-27,196.86370787533536,197.55770449534242,191.37188354811641,193.3358917236328,7075240
2011-05-30,192.93104569278162,200.9467116921647,192.92873011178742,200.00518798828125,6579080
2011-05-31,200.93516803820262,207.0446601000812,199.6535925752269,203.940185546875,21246640
2011-06-01,202.64703534665819,203.3873013133568,197.6039955100846,199.38755798339844,7023040
2011-06-02,199.17703214322995,201.2543908638685,197.331005631817,199.50320434570312,5245940
2011-06-03,199.17704572071636,202.13809537677298,198.68662253327878,200.4308624267578,3611100
2011-06-06,197.35410371984327,202.8713704378227,197.35410371984327,202.13111877441406,3544340
2011-06-07,201.259008257148,203.34099799773918,201.259008257148,202.5961151123047,2206920
2011-06-08,202.55449727309275,205.1431055213821,202.182055767159,204.55552673339844,4166260
2011-06-09,204.7290137377643,211.66898030514614,204.55783015487256,209.43893432617188,6523480
2011-06-10,209.58697208405474,213.9776526984695,209.1243076865182,213.1124725341797,8076760
2011-06-13,213.20040354327676,219.02534725992294,210.97035751118236,218.12777709960938,9793480
2011-06-14,218.84027630300153,219.9946218015638,209.65870008657006,210.9587860107422,15123640
2011-06-15,210.9750215726128,211.55798338727166,206.39464563866647,207.15109252929688,9111840
2011-06-16,205.88569349840313,207.0400391163296,194.28207455826484,204.85626220703125,10544580
2011-06-17,206.11700442492003,213.63761702504968,205.05288187923966,210.9587860107422,10592500
2011-06-20,211.43532141361536,216.75827775067305,207.78259095157907,213.8087921142578,15242140
2011-06-21,214.94232166915762,215.98331658073948,208.6616467215215,211.84014892578125,10543440
2011-06-22,213.7509653407273,213.7509653407273,196.8914724860324,198.5963897705078,21588480
2011-06-23,194.3190600212383,216.52695259509412,189.69241573501836,211.80776977539062,13873143
2011-06-24,212.825659868608,217.26724168105014,199.03826407270574,200.24118041992188,10030616
2011-06-27,198.94572563891143,203.47983187780594,193.902685650084,196.16973876953125,6899983
2011-06-28,196.1697420374746,200.14865944041654,195.38320676362113,196.72494506835938,6146633
2011-06-29,197.8353388986147,198.71439860640456,195.10562122941482,197.14134216308594,4410020
2011-06-30,198.0203721563773,204.35888037082412,196.77117257211776,198.2979736328125,15008952
2011-07-01,199.22332493933658,200.05611534315102,195.42947061218362,197.6502685546875,3454172
2011-07-04,199.87106147814603,202.27692249555034,196.67867929230562,201.62918090820312,3642856
2011-07-05,201.7216905927326,203.80368051857505,199.22330550560127,201.90675354003906,3384747
2011-07-06,202.92459816617043,208.5228399404412,201.3977972535168,207.2273712158203,6942588
2011-07-07,208.19899162371928,213.38083884077983,207.59753351789874,212.40924072265625,5889804
2011-07-08,211.90033099057106,214.53752416375931,208.707948915248,209.2631378173828,2589148
2011-07-11,208.1989987968878,213.38084619248073,206.90354400768868,211.9003143310547,2582413
2011-07-12,210.97500550716342,213.01072642063332,203.71116743295082,205.7469024658203,4322260
2011-07-13,208.10645160221603,210.9749766696057,206.4871261233923,208.33778381347656,2208958
2011-07-14,209.12431890359153,212.0853683827717,207.55126269147058,210.23471069335938,2499289
2011-07-15,211.06750853148833,211.8077602886097,208.01392061547253,209.8645782470703,1319742
2011-07-18,210.04966628600076,211.80778559834428,209.30940032102492,210.78993225097656,1025963
2011-07-19,211.43763037091546,217.08214168721946,210.18843084569176,215.87921142578125,5025036
2011-07-20,216.9896158920008,218.93281212983754,213.93602785514216,214.44496154785156,3149819
2011-07-21,215.0464359700815,216.1568419727495,206.48714343580855,207.59754943847656,3845864
2011-07-22,208.52809027633492,210.06343194001414,200.06041137144206,206.10874938964844,5071391
2011-07-25,206.1087186655851,209.0398302042253,205.59693345447914,207.7836456298828,2355701
2011-07-26,208.01626972008353,210.52865301581943,204.20115916834968,205.08514404296875,3389205
2011-07-27,205.55041526349405,209.64468295937024,204.9455872008744,209.0398406982422,2836107
2011-07-28,209.36550781310925,214.2972315035195,206.15523953300968,212.1105194091797,5631997
2011-07-29,211.22652205501694,214.01806199407002,209.27243841827723,212.38966369628906,5132326
2011-08-01,212.6223109521036,214.8555374227445,210.52865581143735,212.20358276367188,1791974
2011-08-02,211.69181888164417,213.64590288918603,210.99393376445192,212.9014892578125,1969199
2011-08-03,211.41263643953337,213.04103484947467,206.57396971826643,209.5050811767578,2320358
2011-08-04,209.55162441925032,211.59875115312633,207.1322979877635,207.6905975341797,1630570
2011-08-05,202.85194124677895,203.92202608312667,191.26705111160737,199.08335876464844,5267450
2011-08-08,195.26825823836904,204.24770758490794,190.75526220913954,200.3395538330078,4019165
2011-08-09,195.40779104867087,202.06095539783036,192.84887949922398,199.3624725341797,3194671
2011-08-10,204.61988020716998,206.8531207686924,201.82834015414716,204.85250854492188,3738849
2011-08-11,202.85193114534653,205.59694297022637,199.12987736286308,199.64166259765625,3040554
2011-08-12,202.75886548978593,202.75886548978593,181.45011417160103,196.38485717773438,2114169
2011-08-16,198.4319895947779,200.01385959123627,193.54679407134256,194.19815063476562,1554427
2011-08-17,194.5238143040128,198.01323928842405,193.77940080097042,195.77999877929688,1631191
2011-08-18,196.33831115647212,199.87426462363595,186.3352929340452,188.19631958007812,3885802
2011-08-19,186.10267576707383,186.10267576707383,178.6585687363909,183.21807861328125,4884178
2011-08-22,181.4966282088186,189.96429100916586,181.4966282088186,188.94073486328125,4377155
2011-08-23,190.29000841461252,197.1292882350792,187.96372469316248,194.38426208496094,3993609
2011-08-24,193.54678946761692,198.5715562070846,191.6857626458129,194.84950256347656,2823606
2011-08-25,194.8495068167376,197.2688474172964,189.8247399675871,191.77882385253906,1887580
2011-08-26,194.47732826017673,194.47732826017673,185.49787835244805,187.7776336669922,2067944
2011-08-29,189.8247051859406,192.80234478052873,188.8941919252252,191.36004638671875,1723009
2011-08-30,191.68574252703206,195.2216959570378,190.5691293908477,191.40658569335938,1670949
2011-09-02,191.96490174171961,197.54798169039685,191.68574490458445,196.24525451660156,3564546
2011-09-05,194.47730152652485,205.82956222090752,193.26763126106022,204.4337921142578,5370469
2011-09-06,202.7588610715147,207.5044850181489,199.3624928929973,201.13046264648438,4795953
2011-09-07,202.57276470310575,204.66641985685547,200.61869507871063,202.61929321289062,2064342
2011-09-08,203.59633611405746,209.36551639273344,201.17699557856054,207.9232177734375,3667482
2011-09-09,209.27244744144159,214.29722806749356,207.64404907344922,211.0869598388672,3852042
2011-09-12,213.0875607558168,213.0875607558168,198.01324707043426,199.50205993652344,4713601
2011-09-13,205.17821421788946,205.17821421788946,197.1292786139153,197.82716369628906,2281746
2011-09-14,197.7340968412472,200.43258001285412,194.1516145837792,197.31536865234375,3039238
2011-09-15,198.43197392825368,204.4337822577773,198.43197392825368,203.9219970703125,2429570
2011-09-16,205.6434452701811,207.0392152607027,201.92139196212352,204.75946044921875,2570919
2011-09-19,203.7824476922412,207.96975826125984,203.7824476922412,206.89967346191406,2186694
2011-09-20,208.34194369853734,211.6917976037581,207.59754434049506,211.13348388671875,2270310
2011-09-21,210.29603940735188,220.95041555532353,210.29603940735188,219.36854553222656,5631468
2011-09-22,217.41446162904697,217.41446162904697,208.76069791415978,210.1099395751953,3813840
2011-09-23,208.8537122030704,212.62229399542585,204.7129307614603,208.1092987060547,3203822
2011-09-26,208.29543601627608,208.34195032875326,190.84830928490967,192.84890747070312,6890338
2011-09-27,195.40781760920996,199.12987127795682,195.40781760920996,197.87367248535156,3740693
2011-09-28,199.12986194404192,201.3630883612077,190.84829859866926,192.8023681640625,4727947
2011-09-29,192.61624496808676,193.68632953850724,186.47485176796292,191.36004638671875,8702869
2011-09-30,193.54680117866937,196.57096994708607,190.9413606307932,194.4307861328125,3498689
2011-10-03,191.68575988207547,192.98847295915255,186.10267949716066,189.8712615966797,2623896
2011-10-04,190.75529495814368,192.98852200020036,181.86888691429374,183.63687133789062,5658170
2011-10-05,186.10267028426324,186.7074982832843,180.10086200729714,183.7298583984375,5425968
2011-10-07,187.03321217581112,195.03563389855793,187.03321217581112,193.91900634765625,5109623
2011-10-10,195.40780801159684,197.6875629320307,193.63983828518053,196.75704956054688,2186479
2011-10-11,197.73408778292307,200.61868486057088,196.3383177515142,198.01324462890625,1892546
2011-10-12,198.19935774369674,205.64346507679332,198.19935774369674,204.71295166015625,3301229
2011-10-13,205.64344447035052,208.5280414522784,201.27003469009412,201.87486267089844,2804975
2011-10-14,200.0604000446927,205.17822423188252,199.8743001866785,202.43321228027344,2572195
2011-10-17,208.43501616038284,210.99392818913756,202.75887834446897,209.92384338378906,3577533
2011-10-18,204.71295053447506,207.50449076903607,203.03802355403687,205.7830352783203,2174255
2011-10-19,206.57395842477177,209.87728357261696,205.131659929402,207.03921508789062,3034247
2011-10-20,205.64348677884328,205.64348677884328,198.804206765392,201.3166046142578,3337512
2011-10-21,202.85191854817927,207.31838564949206,201.68877681338466,204.61988830566406,2950215
2011-10-24,206.5739467983855,211.97092662651292,205.64343352451888,210.8077850341797,4094220
2011-10-25,207.59751887836129,209.17938861794397,196.71050212095585,200.89781188964844,9327099
2011-10-28,204.61988329334054,207.64405172972715,201.22351519033995,202.24708557128906,3530742
2011-10-31,202.38667663368227,204.15464652027424,199.502079241339,202.20057678222656,2558727
2011-11-01,199.22291821429394,203.03801451253221,198.19934782779913,200.10690307617188,2079857
2011-11-02,199.548611700542,202.75888034679895,198.8041980814875,200.3395538330078,2004237
2011-11-03,200.06037092928824,202.06096895917835,198.1993442229693,200.29299926757812,1727485
2011-11-04,200.9909189813148,204.20118776423115,200.9909189813148,201.9214324951172,2276907
2011-11-08,202.10750125280356,206.94616794017864,202.10750125280356,206.4809112548828,3064297
2011-11-09,207.2718592378282,208.71415784326996,202.20056406250768,203.0845489501953,2689688
2011-11-11,202.3866661982948,203.78243631000717,197.92019900111362,199.87428283691406,2603251
2011-11-14,201.9214129420583,202.99149769990564,193.91899181886845,195.128662109375,1756745
2011-11-15,193.5467573277348,197.64100997641933,189.59207598810562,191.82530212402344,2612245
2011-11-16,192.61629599744967,199.68820433183222,190.84832601310868,197.082763671875,3178327
2011-11-17,197.1758002809631,199.54861248922992,172.0519363785096,188.33592224121094,2803951
2011-11-18,179.6821554101109,190.9878883077561,179.6821554101109,189.731689453125,4217531
2011-11-21,188.89422859358723,188.89422859358723,181.91537778347933,184.61386108398438,4111409
2011-11-22,185.17217152177946,186.102684946512,171.30752717266753,172.65676879882812,8094625
2011-11-23,171.028375618599,178.47248324771314,168.60903495973352,177.30934143066406,5940896
2011-11-24,176.23925153433342,178.37943542784515,171.21448430479214,176.61146545410156,3716192
2011-11-25,176.33227631906982,183.1715549849905,173.16853667137573,175.8670196533203,4865853
2011-11-28,179.12380442899817,180.79873115426915,176.14616480546402,177.96066284179688,4575902
2011-11-29,178.56551313053333,179.2168838596726,171.819291080653,172.42413330078125,3393029
2011-11-30,170.65614646013452,170.65614646013452,162.42111165080425,165.30569458007812,9865970
2011-12-01,170.28393013246597,175.3086961618905,167.72501861408193,173.07546997070312,6122090
2011-12-02,170.65613914145183,178.65855946348998,170.65613914145183,178.1467742919922,4299534
2011-12-05,177.63499681403678,179.40298073773795,172.70328730738825,173.8199005126953,4115944
2011-12-07,174.00599148574435,176.14617496938797,169.91173854195299,172.23802185058594,3913847
2011-12-08,172.14499672411836,173.0755102199244,168.19031436694266,170.09786987304688,3684421
2011-12-09,168.4229115450253,174.51777665334492,166.3757850731296,172.23802185058594,3294554
2011-12-12,172.6102087656657,174.28513546400936,166.74797242071557,167.4923858642578,2583396
2011-12-13,167.49241206729405,168.1437686078542,158.28033508299598,160.09483337402344,7121542
2011-12-14,160.51354545074454,160.74617377748476,154.5117374605484,155.53529357910156,8812592
2011-12-15,154.46519182798144,154.46519182798144,144.2760750862583,151.90628051757812,11528044
2011-12-16,153.06946396015746,160.37400029054712,148.50995369181152,150.27792358398438,10509505
2011-12-19,149.81264087444535,153.44163705473443,146.18364469415627,150.2313690185547,6590342
2011-12-20,150.74318783462246,152.325057953679,143.48517965473508,145.34620666503906,5248338
2011-12-21,147.02108997379386,158.51293401507155,147.02108997379386,157.34979248046875,7941380
2011-12-22,156.32625335365054,165.63138748184403,155.2096400979689,163.25857543945312,8512579
2011-12-23,165.86401461712805,166.0966429686247,157.95465066624115,159.62957763671875,4231255
2011-12-26,159.5830479642924,164.60781464061634,159.25736259516628,161.76976013183594,1527823
2011-12-27,160.97884635355535,165.91057107576515,160.04833279081802,162.70030212402344,2818702
2011-12-28,161.90929455654225,163.67726393264294,158.6990269007255,161.67666625976562,2762884
2011-12-29,160.04828681143164,161.7232135828804,158.93167369663448,160.4204864501953,2198244
2011-12-30,160.0948090959117,162.3745637414051,156.32622755619516,159.11776733398438,2037386
2012-01-02,159.67610469121894,164.70087135834154,159.44347634184274,162.9794158935547,3717480
2012-01-03,164.23561596768724,168.09724091868583,164.23561596768724,167.0736846923828,3552588
2012-01-04,167.49240858093177,171.5866617779516,163.39815538391196,165.44528198242188,3670612
2012-01-05,166.5153704186497,169.0742822736956,161.9558604290619,164.1890869140625,2736557
2012-01-06,163.07246956493654,164.18908277931737,158.6525310175274,160.88575744628906,2948089
2012-01-09,161.67671174622518,165.11960866745028,158.2803433371467,163.3516387939453,1883781
2012-01-10,165.53832979727602,169.1208121016663,164.18908819380061,168.28335571289062,1857788
2012-01-11,169.12076550969127,172.1449332560819,168.88813722150738,171.0283203125,3209514
2012-01-12,170.4700451095115,174.65735523926836,169.16733208187887,171.4005584716797,3779145
2012-01-13,171.40058308777168,174.98306572602863,167.49242924508812,170.09786987304688,2871754
2012-01-16,167.4924368223248,172.61026128078473,167.3063369544464,171.54017639160156,1490712
2012-01-17,172.65675093561777,175.72744775924,167.957655787189,171.77276611328125,3918713
2012-01-18,172.14500554993305,172.79636219069027,168.88820814763702,171.07492065429688,2892608
2012-01-19,172.1449876131087,174.19211435583318,168.42293382687933,169.72564697265625,3993713
2012-01-20,172.0518978367031,180.0077891299613,170.935284753098,178.56549072265625,6313381
2012-01-23,178.56550692105688,182.84587402808924,176.89059424296394,178.10025024414062,4023061
2012-01-24,178.65855407714844,182.5667071078848,177.91414059545906,178.65855407714844,3231621
2012-01-25,179.58909513913102,184.9860759674698,179.58909513913102,184.1486053466797,4886655
2012-01-27,185.4978554428938,192.84890576114086,185.0791130462466,192.1044921875,3706101
2012-01-30,194.942555184061,194.942555184061,186.66099169335354,187.45191955566406,2938059
2012-01-31,189.17339822394072,192.89545224035467,184.47430218851625,188.8942413330078,5081248
2012-02-01,193.5467714944973,193.5467714944973,179.77517145230294,182.56671142578125,5161191
2012-02-02,183.7763880947868,187.03318484583366,179.58907798629798,180.98484802246094,3740675
2012-02-03,178.84467213373523,185.9165796331077,178.75162931310336,183.031982421875,2715560
2012-02-06,183.7763842195345,187.77759441186367,182.84587088171406,184.5207977294922,2494513
2012-02-07,185.45131623503585,189.592097864021,184.10207469730008,186.2887725830078,3496444
2012-02-08,188.89420772712387,195.31474408376627,187.12623806326778,194.24465942382812,4347882
2012-02-09,195.40780100597127,197.5945130299646,193.0815176606621,195.91958618164062,2274272
2012-02-10,196.33831452866048,199.5020542018523,190.28997782517092,192.56973266601562,2191340
2012-02-13,193.54676553864874,197.6410183610254,192.05793858587208,194.33770751953125,2307798
2012-02-14,193.54680303202565,196.3848719738797,192.61628955591016,194.57037353515625,1727649
2012-02-15,195.40782983879743,204.15465082836863,195.40782983879743,202.75888061523438,2980184
2012-02-16,202.85189828748324,203.27062643048555,197.64101815665921,200.5721435546875,2438166
2012-02-17,202.57275027808805,219.41504732833127,202.2005506233285,215.8325653076172,7851560
2012-02-21,216.80963908662775,237.2809354810733,207.78366124332396,226.9057159423828,13250808
2012-02-22,229.83685810676292,232.39577049459126,208.66767380745583,210.38912963867188,6866142
2012-02-23,209.83076207150123,217.18181191478072,203.4102255855233,209.55160522460938,6040973
2012-02-24,210.48213561341905,217.64708620470338,207.5044954688148,210.29603576660156,3487753
2012-02-27,210.94735075633727,210.94735075633727,198.80415001443814,201.7352752685547,2526927
2012-02-28,203.50327273410426,213.22713468519504,203.22411588127,209.5050811767578,2388810
2012-02-29,213.0875801069745,218.43803244590512,208.99332660528322,212.52926635742188,5641347
2012-03-01,211.45915576992908,219.50809045316615,206.94616040742778,212.94798278808594,3716887
2012-03-02,214.7159676811534,216.76309432746933,210.29602901816108,213.55282592773438,2124018
2012-03-05,212.06396755261372,212.48270988094174,206.66700197089304,208.38844299316406,1524005
2012-03-06,207.59751706217452,221.9274157991536,205.08511986413419,214.76246643066406,4078876
2012-03-07,213.08752893993616,218.11229468531866,211.59870209763503,215.3207550048828,2133389
2012-03-09,217.83319274796233,224.62592921316505,215.13469536726512,223.2766876220703,3178144
2012-03-12,227.3244321293836,230.6742719338271,224.439834838036,228.99935913085938,2602734
2012-03-13,230.39513080609498,232.90751422585242,228.90630363960486,230.34860229492188,1502182
2012-03-14,232.44226551968177,234.95464902600062,229.37156825706597,230.72080993652344,2520051
2012-03-15,234.48936829729587,234.48936829729587,213.5528175564659,216.06520080566406,2667095
2012-03-16,215.78604475524062,221.36912497347203,209.08635133306439,217.27487182617188,6305324
2012-03-19,215.8791033689939,223.69541005295108,215.7860463519319,218.62411499023438,2561306
2012-03-20,217.74012755421205,228.7201881081857,217.04224252999984,226.85916137695312,3175756
2012-03-21,227.97579719793595,229.18546753297366,223.69542961195904,226.02171325683594,2928052
2012-03-22,227.04525289025364,230.62773489599843,215.59993607288789,217.367919921875,3200367
2012-03-23,218.01924926773177,222.90444364992197,210.9938716498335,216.1116943359375,2782447
2012-03-26,216.76307894953948,218.4845343018767,211.27305594228613,212.94798278808594,1239931
2012-03-27,214.01807541190072,222.71838111348308,214.01807541190072,221.36912536621094,2134541
2012-03-28,221.46219352850036,224.1606767618394,206.29482197235106,208.20237731933594,3791615
2012-03-29,207.50446090865188,214.57636749794548,200.33951151070005,212.62228393554688,3106392
2012-03-30,214.01808007916546,216.3443635582868,209.59814146883485,212.66883850097656,1781095
2012-04-02,218.94978481435822,246.58602729827496,215.92561655503977,225.9286346435547,5694452
2012-04-03,227.0918211224911,233.37278720898496,227.0918211224911,230.48818969726562,3093349
2012-04-04,228.62715531934572,236.16432005893756,226.3939286846193,231.93048095703125,3753999
2012-04-09,228.67366972519773,233.09360840757694,224.5328879045651,225.69602966308594,1948251
2012-04-10,227.04526121037497,228.7201881081857,222.485751398258,226.85916137695312,1877868
2012-04-11,223.32321769564467,229.4180833516232,223.32321769564467,224.6259307861328,2426290
2012-04-12,224.9051007570248,228.34799772414098,220.8573757194657,222.06703186035156,1859654
2012-04-13,224.30024196992983,225.78905478502358,220.20597478178203,221.46217346191406,1189240
2012-04-16,222.39272394985946,223.6954371555178,219.042869708868,220.48516845703125,1526830
2012-04-17,220.8108606048267,221.27611736370812,214.20420894930666,218.90330505371094,2555342
2012-04-18,220.5316902073891,227.78969804125805,220.25253332945016,223.1371307373047,2475782
2012-04-19,225.18422137444725,225.46337820758794,217.833171893279,220.2990264892578,1668287
2012-04-20,220.99692569707142,225.92864940496014,218.67064226868118,221.36912536621094,2669757
2012-04-23,222.39265496830473,224.06758156927322,215.46033446275933,218.57754516601562,2541790
2012-04-24,219.50816128975418,224.25378651787727,218.99639014821122,220.4386749267578,2309260
2012-04-25,222.1600730576329,222.76490108498362,212.5292537399199,213.87850952148438,2105294
2012-04-26,214.9485896528379,218.99632851401506,212.20357803593387,213.4597625732422,1928765
2012-04-27,214.94858203224368,220.5316620850292,212.66882718372426,218.8567352294922,1603398
2012-04-30,220.53165406321253,223.3231939880633,213.9715324001119,216.80960083007812,2821520
2012-05-02,219.60115599509336,228.39450452892424,219.60115599509336,226.53347778320312,5491215
2012-05-03,225.97520714001163,230.4881890556764,224.71900824680597,229.2785186767578,3912471
2012-05-04,226.1147806634547,228.90632116547266,219.275500754107,224.25375366210938,3376006
2012-05-07,221.4621659026126,233.60536733487308,216.90265640166717,231.4186553955078,5033737
2012-05-08,232.53528520938823,236.07123885092005,226.48694831152054,228.06883239746094,3895430
2012-05-09,226.207800299472,229.1389116626576,222.53226122059547,227.51051330566406,2364261
2012-05-10,227.04525303025207,230.06942135954847,225.5564260195035,228.76670837402344,2033359
2012-05-11,227.88272094726562,231.55826015488876,223.32321106737632,227.88272094726562,1870243
2012-05-14,228.16188853086746,230.6742719338271,226.16129035037378,228.99935913085938,1617717
2012-05-15,228.11538027837653,228.859793922754,223.09061302621993,226.673095703125,2280474
2012-05-16,223.69540465046455,225.3703315275776,214.94858480116204,217.46096801757812,3309258
2012-05-17,218.5310818842321,221.36913645016375,212.76188733415495,213.9715576171875,3629172
2012-05-18,211.0404586470503,215.50692615992344,206.5274626207965,213.08758544921875,3004749
2012-05-21,213.27365641130626,218.39147982265243,211.45915822334854,214.43679809570312,2073922
2012-05-22,216.62354713833642,218.4845741512113,212.80843608253923,215.1347198486328,1808833
2012-05-23,214.8555073494371,215.18119267180208,206.85310178431345,208.38844299316406,2235854
2012-05-24,208.66763363566017,212.15705894729328,205.22473683455044,210.4821319580078,2396630
2012-05-25,210.1099209432459,210.1099209432459,206.1087106285877,208.01626586914062,1359916
2012-05-28,208.4350145724365,218.67066260947578,208.4350145724365,217.8332061767578,1656521
2012-05-29,219.88032599198263,220.0664258379791,214.66944511303316,215.92564392089844,1095378
2012-05-30,216.80965903863495,217.60060124242884,207.2253665504439,208.34197998046875,1443295
2012-05-31,206.9461849230872,209.36552556457005,202.06098932658057,207.225341796875,2037633
2012-06-01,205.6434613591772,210.66822803877665,203.68937754016204,205.96914672851562,1695583
2012-06-04,206.1552394507762,206.1552394507762,191.77881075971212,195.54737854003906,4739350
2012-06-05,197.26889195998797,199.5486475415214,189.96435419621594,193.314208984375,4021947
2012-06-06,195.82654550978015,201.87488271230632,194.05857569921415,200.6186981201172,4543229
2012-06-07,201.9213777743431,204.15460392285988,195.40778494291268,198.05975341796875,4237917
2012-06-08,196.6174745974974,198.85070096834878,193.08152101156017,198.01324462890625,5246764
2012-06-11,199.68817208436542,204.52683870088862,198.66460171229969,200.4325714111328,3465381
2012-06-12,199.5485600708458,206.15520970765,197.68753360397199,205.27122497558594,3399724
2012-06-13,205.64343807675422,206.52742286679472,200.52561495719698,202.85189819335938,1772135
2012-06-14,203.31715410019223,205.55038031937318,196.80356106265748,198.7576446533203,1593441
2012-06-15,198.1993317210346,203.6893544789754,198.1993317210346,202.85189819335938,1045192
2012-06-18,204.2011700877081,208.10932366766983,200.1999594850178,204.52685546875,1967567
2012-06-19,204.6664223387919,206.01566394786875,202.61929567000206,204.57337951660156,937377
2012-06-20,204.99211548921744,207.92322717180215,202.85193171854033,205.5504150390625,1269354
2012-06-21,206.10874534494098,206.85315900304448,198.66463716092505,204.4803466796875,1962212
2012-06-22,202.85193796287294,207.27187697811902,201.0374395226316,205.6434783935547,1505899
2012-06-25,205.92261821882332,209.78424314865367,205.17820465926957,205.96914672851562,1556788
2012-06-26,206.06217802380485,206.85312004881146,201.59571111481094,203.0380096435547,991521
2012-06-27,203.3637060079253,204.4803192460177,200.2930089542904,201.4096221923828,1365711
2012-06-28,202.85192816214473,205.82956830463974,197.26884757052608,201.0374298095703,4860173
2012-06-29,205.55041016017648,208.90026417376933,203.41024063880624,207.87669372558594,5313181
2012-07-02,209.36553773975461,212.0175068971952,207.17882533284683,209.69122314453125,1955048
2012-07-03,211.18001026796438,222.62532776386456,211.18001026796438,221.1830291748047,4038623
2012-07-04,222.160070745056,222.29964207345094,216.15826224944604,217.08877563476562,1334773
2012-07-05,217.92624544577063,220.11295771557047,215.2277621412804,216.94920349121094,803590
2012-07-06,216.94916593037928,218.391464356592,212.90144167443435,213.8319549560547,1006966
2012-07-09,214.01806468894682,214.43679284537606,209.73769771576528,211.59872436523438,1004382
2012-07-10,210.48212730194325,215.32079412067034,210.48212730194325,212.20358276367188,2578948
2012-07-11,211.97096235471724,215.8791159239843,211.59874846332963,212.57579040527344,1325058
2012-07-12,212.06396755261372,212.06396755261372,206.94614459177086,208.38844299316406,1079221
2012-07-13,210.02968039036764,210.82685169058652,202.85519592972167,203.4178924560547,2006897
2012-07-16,205.01225596938573,209.37321531222634,201.58912426609945,207.16928100585938,2132458
2012-07-17,208.66983659061825,209.65457351300006,205.62185021345192,209.0449676513672,1357179
2012-07-18,209.1387265862251,209.6076474978534,205.29356938674076,208.7635955810547,933492
2012-07-19,210.92064163478784,214.06241778423137,209.1856426726811,212.65565490722656,1829191
2012-07-20,214.29689966651125,216.40704419276793,209.70147953346344,214.20310974121094,2070361
2012-07-23,213.35901833688268,213.35901833688268,206.98169097068114,209.74832153320312,1402329
2012-07-24,210.2172495731872,215.51606472833467,208.95117163406192,214.95335388183594,1462013
2012-07-25,215.3753738309555,216.5007954924408,207.40371815397643,208.71670532226562,1733955
2012-07-26,209.13875757172076,211.34269190703563,205.95010062435674,209.0449676513672,1091946
2012-07-27,210.826878044702,215.23473244846457,210.63931251247797,213.1245880126953,1740594
2012-07-30,215.23467434731677,219.3611721836566,212.89007005159436,218.51712036132812,2095849
2012-07-31,220.39283046587946,221.14310679336134,206.23141308202472,208.15399169921875,7046316
2012-08-01,205.8563016011992,210.26415576658442,204.96535463856793,207.96644592285156,4794209
2012-08-02,208.34154186556148,213.12454057959852,208.20087132528437,212.7025146484375,2831930
2012-08-03,210.12348599848266,215.14093170721682,210.12348599848266,214.24998474121094,1972218
2012-08-06,215.70365142883952,216.6414933915736,212.9370205008405,215.0471649169922,1512181
2012-08-07,212.89007852912786,215.23468291821516,211.7177763345842,213.45278930664062,1939074
2012-08-08,213.82794850550803,214.20307953313952,208.9042786386049,210.68617248535156,1695844
2012-08-09,212.3274249713918,213.03080647767115,209.23255779202938,210.26417541503906,813257
2012-08-10,210.3579447464757,210.3579447464757,203.51169589352125,204.16818237304688,2330101
2012-08-13,203.98061760872469,209.60766912896537,201.40155232861437,209.1387481689453,2053220
2012-08-14,210.0765930914924,211.7178164750197,207.35685720863722,211.1551055908203,935625
2012-08-16,211.95228227296369,211.95228227296369,205.38738857424357,206.27833557128906,1542604
2012-08-17,207.2630399352795,209.32628905446958,205.574921815822,206.88790893554688,1104963
2012-08-21,206.37211872034868,209.7014604203924,205.15292135423425,209.42010498046875,1077479
2012-08-22,209.09185927544073,211.4833591029732,207.77888627343552,209.3732147216797,925954
2012-08-23,210.35794552706386,212.18673440907568,207.73198528888514,209.1387481689453,1077092
2012-08-24,208.20091268373224,209.8421360945274,206.55968927293705,208.34158325195312,698416
2012-08-27,209.56074214720059,210.59237382573033,206.41898078136876,207.68505859375,825468
2012-08-28,207.26306289882373,208.34157537529572,202.33939285258472,207.54441833496094,1732218
2012-08-29,207.2630689580861,209.51388389232153,205.0122540238507,207.7788848876953,1020946
2012-08-30,206.32522392212513,210.7799730749892,204.918461031747,208.247802734375,2435670
2012-08-31,208.85740824882444,210.49863173083637,205.6687512079059,206.6534881591797,788757
2012-09-03,206.46587647133725,210.5454942215895,206.41899582734771,210.02967834472656,1140557
2012-09-04,209.88905473978716,212.89014645327308,207.82580508116146,211.62405395507812,1323217
2012-09-05,211.014404296875,212.2804964467883,207.7788529597223,208.6697998046875,747216
2012-09-06,208.24780013248935,209.18564204769052,205.9031953444864,206.51278686523438,545508
2012-09-07,207.26306655006408,214.67201207364843,207.26306655006408,213.21836853027344,1606210
2012-09-10,215.70363281280697,221.14311858928318,214.76579093101213,220.345947265625,2103030
2012-09-11,220.39287201721382,222.9719375408195,218.751648502192,222.54991149902344,1537135
2012-09-12,222.31540851877222,224.988249146333,222.26851356523662,223.3939208984375,1304050
2012-09-13,224.14420633914662,225.73853465187767,221.56514120344517,224.33177185058594,1219101
2012-09-14,228.0831297346207,229.1147614696755,224.51932792573137,225.5978546142578,1149696
2012-09-17,228.78655724970488,229.30237322126726,222.8781496788693,226.77020263671875,1523742
2012-09-18,226.95774879839408,229.1616830749081,210.07659392909204,225.92611694335938,1067532
2012-09-20,223.3001525419985,229.4430052754095,222.22162581703233,227.42665100097656,1860107
2012-09-21,228.5989901507949,231.17805568070128,225.36343807534263,226.34817504882812,1687327
2012-09-24,225.08207323119242,232.0220980983544,224.37869175234493,229.06790161132812,1815587
2012-09-25,229.0679092119793,231.3656192570543,227.42668570687812,229.72439575195312,1143896
2012-09-26,228.8334290418053,233.0068227339849,227.5673367225641,229.9119415283203,752108
2012-09-27,231.17801476462637,239.89994678414092,228.36448922996559,238.4462890625,2438130
2012-09-28,240.0406142474336,246.37106092927874,239.43102278023485,244.91738891601562,2200822
2012-10-01,246.6524419997287,248.4343360466962,242.90107406056933,245.99594116210938,1735926
2012-10-03,248.15295118025534,248.15295118025534,240.18129571397776,242.76036071777344,1758801
2012-10-04,242.90107862652744,252.60774907569765,241.9632366241084,250.63827514648438,1668178
2012-10-05,251.3885526593126,254.999250313363,246.41800119107117,252.09193420410156,1815695
2012-10-08,251.4354352248955,255.93706518507273,242.99485758406425,244.1671600341797,1697157
2012-10-09,243.83888237640036,250.21619554413368,242.90104052110652,248.66876220703125,1095475
2012-10-10,250.40379338962407,253.87381995227778,244.9174124170669,251.71676635742188,1087274
2012-10-11,247.5902610936951,253.6393527845905,247.5902610936951,252.37326049804688,808242
2012-10-12,251.34160797715953,260.62623627904924,251.34160797715953,257.25,1539438
2012-10-15,258.8443699411561,259.829092508971,252.23259585288133,253.780029296875,1027804
2012-10-16,254.62410511990262,258.18789330130676,252.84221102920054,255.74952697753906,1302338
2012-10-17,256.030810546875,259.50083664357663,254.24891685694456,257.906494140625,1179690
2012-10-18,257.90653081688333,262.9239908678174,255.74950582558967,260.7669372558594,1082562
2012-10-19,261.6579167614412,264.9403637459037,259.96981261769844,261.4703369140625,1290736
2012-10-22,261.6578914431323,262.7364039095358,258.84436572869004,261.14208984375,479715
2012-10-23,262.07994492216113,262.1268255714929,256.3121940211043,258.3754577636719,1014966
2012-10-25,255.1868002514798,261.0014031675393,255.1868002514798,259.26641845703125,735286
2012-10-29,247.59025226148572,252.74838251693333,243.65130498178803,250.2631072998047,749060
2012-10-30,249.74731224501338,250.6851542416085,240.83781327735974,241.4474334716797,1803572
2012-10-31,241.9632204908658,244.91741687737715,240.27511644733494,243.18240356445312,2059093
2012-11-01,243.6513292971163,269.488892418458,243.6513292971163,267.4256286621094,9312449
2012-11-02,268.1759363702801,272.34931617603326,263.3460270832993,271.3645935058594,3618368
2012-11-05,267.2849476512254,275.5379451128924,266.3471057296422,271.9272766113281,2565168
2012-11-06,271.7396943112149,274.92835109151054,269.395089528547,272.8182067871094,1305811
2012-11-07,273.5215997708055,277.6012179890341,271.1769948891414,274.1781005859375,1445657
2012-11-08,272.44309676357847,278.25772852142904,271.13012370812817,275.5379638671875,1269965
2012-11-09,273.8498326331198,278.07012114972605,269.91088523602195,271.41143798828125,1157767
2012-11-12,272.8181701995508,277.41358923315704,271.927237674018,276.1006164550781,898860
2012-11-15,272.6775202170039,282.80620083526924,270.3797962166095,280.8836364746094,2299103
2012-11-16,280.41477137531723,282.75937648715103,275.49110064046636,277.13232421875,1433790
2012-11-19,276.19442825662486,278.72661273135117,270.4267065315952,271.78656005859375,1273190
2012-11-20,272.91196289062503,274.69385658055546,267.5193725585938,271.97412109375,968520
2012-11-21,272.44303051573166,279.9457645746847,270.94247797980927,278.8203430175781,1421208
2012-11-22,279.9458135488082,282.1966284361231,273.84984105947063,275.72552490234375,1357997
2012-11-23,275.725512964152,280.41472236830424,275.58484240616,277.8825378417969,689292
2012-11-26,277.4605259600044,285.9479835268978,277.4605259600044,280.2271423339844,1612543
2012-11-27,280.41477549931085,286.9796699089937,280.41477549931085,284.4006042480469,1384079
2012-11-29,283.6971620339465,290.308935684324,282.7593201759831,288.19879150390625,2048841
2012-11-30,290.73103548478497,293.87281207625415,286.74520677249353,292.32537841796875,1622986
2012-12-03,278.07014599968403,293.6852091824471,278.07014599968403,286.9796447753906,1115935
2012-12-04,286.97966320581014,289.23047836956533,283.97855724035816,286.5107421875,796657
2012-12-05,286.51068160185156,289.3242071167634,284.4943273736304,286.7920227050781,606206
2012-12-06,287.8236814143762,290.7309971096051,286.2293673123027,289.46490478515625,1218209
2012-12-07,288.80839608719657,291.5750122471101,287.07338301907345,288.05810546875,659828
2012-12-10,288.85529929577825,290.7309830574392,276.38201372899846,277.8825378417969,1974791
2012-12-11,278.53902263086997,282.5717310388773,272.91197166863014,277.46051025390625,1235137
2012-12-12,277.60121036122814,285.479076823022,276.8978289160561,284.4943542480469,1441479
2012-12-13,285.10391886151234,285.6666296886608,274.7876586395497,275.9599609375,990277
2012-12-14,276.5696082829586,276.6165175567505,268.9262014802769,270.7550048828125,1963329
2012-12-17,270.0984990455519,270.848761205745,264.14319655426834,265.8313293457031,2526956
2012-12-18,265.3623871600108,270.989438774326,265.3623871600108,269.5357666015625,1881852
2012-12-19,270.0984375,276.0537386342883,270.0984375,271.97412109375,1339342
2012-12-20,270.0984715485755,271.22389329496013,266.34710388817865,268.1289978027344,1169688
2012-12-21,263.1584139272571,266.7222013071179,261.00136062204837,262.595703125,2473869
2012-12-24,263.5335998535156,266.06578468115754,262.07995621362215,263.5335998535156,1159498
2012-12-26,263.533521037745,267.1442173526072,263.533521037745,264.2837829589844,803896
2012-12-27,264.4713627496231,266.3470461733793,262.6425599631977,264.2837829589844,2192031
2012-12-28,264.94031704849914,265.3154480564709,260.72002881232834,263.6742248535156,1008311
2012-12-31,263.5335477094323,267.28491493661284,262.7832857122604,266.6753234863281,1308319
2013-01-01,267.2849396227415,270.09846530298086,267.2849396227415,269.06683349609375,1161263
2013-01-02,270.09846850104395,272.5837438238826,268.22278469200893,269.910888671875,1252267
2013-01-03,270.0985058852785,271.08322857305154,263.0178099744002,265.1748352050781,1771023
2013-01-04,265.4092764666879,269.817145156627,262.59575056774776,267.7070007324219,1275766
2013-01-07,268.22274484411116,270.19221827514036,262.59569425297593,264.14312744140625,1700272
2013-01-08,264.4714059313435,264.4714059313435,254.38960588254224,255.23365783691406,3558603
2013-01-09,255.60882925783255,257.71897378760224,250.40381753266746,251.34165954589844,2966687
2013-01-10,252.27945211947113,254.24892568542828,249.04388635963718,250.3568878173828,2335535
2013-01-11,250.4506345966681,256.5935153960787,250.4506345966681,253.1234893798828,2649331
2013-01-14,253.2173276270851,258.79749870268876,253.2173276270851,257.4844970703125,1613107
2013-01-15,258.5629283147519,260.2510316664896,256.31208568489774,259.1256103515625,1506904
2013-01-16,259.1256774898168,262.50191368871214,256.35906135650424,259.3601379394531,1481166
2013-01-17,259.4540062508442,261.51727027942974,256.96873045777687,259.50091552734375,1033780
2013-01-18,260.720031905196,260.720031905196,255.1867707651533,257.203125,946065
2013-01-21,257.0155236772084,259.73528768617473,254.43645882920606,259.1725769042969,1307695
2013-01-22,257.81271070661614,258.7505525270263,250.63822650461074,252.4201202392578,1552415
2013-01-23,252.74832715486227,254.10820900896718,246.18343554045026,249.46588134765625,1115399
2013-01-24,250.4037960741577,253.96758397076758,248.574992856811,250.9665069580078,1826007
2013-01-25,251.10719425324396,257.90654871948493,249.2315102625568,257.3907470703125,1240471
2013-01-28,257.90653757599495,260.11047189395924,251.81056486965326,253.68624877929688,938601
2013-01-29,253.49867166228623,256.4997773982097,248.8094618378217,252.9359893798828,1047787
2013-01-30,254.99921173697086,260.43871203284993,250.31000214776336,258.46923828125,3494736
2013-01-31,259.7821502705834,265.7843314119094,256.40591443463205,261.986083984375,3139734
2013-02-01,263.53354537486405,270.0046480602927,262.36124312675526,268.7385559082031,1947109
2013-02-04,268.6916658459855,271.9741120256048,265.26854912565716,267.6600341796875,1617439
2013-02-05,267.2849589110281,267.8007605413622,258.4223409304489,260.1104736328125,1566450
2013-02-06,264.4713805106656,264.987182038575,259.17258020683556,260.0166320800781,1186992
2013-02-07,259.78222273329817,261.28277559235283,244.40162032448507,246.65243530273438,3994552
2013-02-08,247.12129569879198,251.99808413997263,244.30777051057046,248.10601806640625,3954608
2013-02-11,248.52809172823174,253.02972118674242,248.52809172823174,251.15403747558594,753486
2013-02-12,251.15402152670438,254.90538871079653,250.40375953815007,254.24891662597656,1439194
2013-02-13,255.09300603177618,257.9065318335972,252.7484011969253,253.73312377929688,1462167
2013-02-14,253.9207279932776,254.24897842580495,247.9654254168549,252.0450439453125,1217612
2013-02-15,254.95231416307504,254.95231416307504,248.29363126433717,251.15403747558594,791962
2013-02-18,248.52812804590232,252.42016659116717,244.40162900248097,247.44961547851562,1259497
2013-02-19,248.76258854405884,249.84110111144554,245.85527264278483,247.44961547851562,788247
2013-02-20,247.5902408280338,248.52808264935214,242.056979806388,243.0417022705078,2485347
2013-02-21,242.90103719496932,243.1823782994401,238.11803807433373,241.68185424804688,2860464
2013-02-22,241.9631838261593,242.99481552784476,234.17909404255403,240.46263122558594,2787859
2013-02-25,236.42997446278355,243.79203990368958,234.46050053416326,237.03956604003906,2866727
2013-02-26,237.9773821636139,239.80617100684427,232.91304162692484,234.5073699951172,1190290
2013-02-27,234.92939086748038,242.7134670208124,234.88249591142855,239.24346923828125,1697059
2013-02-28,239.14966141161523,256.96865579130423,235.44518912632492,244.68292236328125,5531733
2013-03-01,248.38741196573932,259.7821843644522,245.76143769507385,257.25,2496026
2013-03-04,254.29581933599368,259.31327910427774,247.40267581288668,248.76255798339844,2138080
2013-03-05,249.46594940874024,249.93487036627545,241.25983265187378,243.9795684814453,2996297
2013-03-06,244.77674902455922,246.65243292513057,240.18132919229245,241.11917114257812,2554592
2013-03-07,243.51067467726617,243.51067467726617,235.63280743636298,238.16497802734375,2022967
2013-03-08,238.21183788796827,243.6982186185757,238.02427237374482,242.0100860595703,1836391
2013-03-11,242.43215503732839,242.90107603353212,234.78874852334084,235.30455017089844,1551541
2013-03-12,235.30451545764382,237.18019916574886,226.20745233540063,227.14529418945312,3346805
2013-03-13,226.72330604990321,226.95776655254014,220.48666240389448,221.51828002929688,3785852
2013-03-14,220.81487039908757,220.81487039908757,211.01442549908526,214.90646362304688,7270892
2013-03-15,215.23470995571265,229.86504890559297,214.90645957587427,227.09840393066406,9743964
2013-03-18,225.9261071730759,231.08423760451902,224.37867376777564,229.53680419921875,3181009
2013-03-19,232.11586628470636,232.11586628470636,224.519341300347,227.52044677734375,2116466
2013-03-20,227.23911574893557,231.08425929990526,221.56516887958233,228.59898376464844,2253116
2013-03-21,228.83341937084276,241.72874525751934,225.59786773770657,233.5226287841797,4764707
2013-03-22,234.13222708316798,235.77345042549834,225.55097933168764,227.8955841064453,2171410
2013-03-25,232.49100010592247,235.7734467392633,228.13004101718803,230.5684356689453,1944657
2013-03-26,230.56842476831167,237.7429092035772,226.53570194736824,236.38304138183594,2365602
2013-03-28,235.39829124172863,244.30778832059883,226.9577150617463,240.46263122558594,5979551
2013-04-01,236.80509303339096,244.96432946934212,236.3361720570872,238.9152374267578,2821772
2013-04-02,238.21184663597322,245.19878035761676,237.69603072016753,244.1202392578125,1703700
2013-04-03,240.08754006410257,246.65243373773038,235.91414623364855,237.74293518066406,1639283
2013-04-04,237.7428971774975,237.7428971774975,231.31867509965392,233.71017456054688,1842434
2013-04-05,231.8813902014048,237.03952021599622,227.47353650554734,229.8650360107422,1917174
2013-04-08,230.19331067915692,237.69604650449728,225.97302177740298,236.8050994873047,2437053
2013-04-09,238.21184601467863,239.71239880032118,232.6316894917555,234.1791229248047,1324450
2013-04-10,234.46050053416326,238.21186854270988,231.13115856451148,237.03956604003906,1204332
2013-04-11,239.38413090738692,239.57169641429815,234.64802672864178,238.4462890625,1137697
2013-04-12,236.33614182261584,237.27398365524527,231.64693265946872,234.0853271484375,1335649
2013-04-15,230.52155077071032,230.52155077071032,221.70582798458724,224.47247314453125,4050626
2013-04-16,221.33069080735353,231.64695181956068,218.32959955677782,229.20855712890625,6250477
2013-04-17,228.92723060708414,234.08536144221821,227.33288780977645,231.41250610351562,3371434
2013-04-18,228.83340992647058,248.34050883259354,225.7854239335975,243.135498046875,4481404
2013-04-22,242.01007840904657,262.40813868572366,242.01007840904657,256.5935363769531,5693986
2013-04-23,256.03077914850996,257.53133156362156,248.15291474499486,250.7319793701172,1972713
2013-04-25,252.70151802958077,254.01449099987673,243.32309878366075,248.19985961914062,3078084
2013-04-26,249.84108591737987,252.42015124025585,243.8389032537287,247.59027099609375,1261166
2013-04-29,247.59026114399973,258.84436392327245,245.19877575166964,256.1715087890625,2055992
2013-04-30,257.6252083244031,258.9381813975999,249.5597614166703,253.87384033203125,1850978
2013-05-02,251.34162267137182,257.90651580084796,250.45066144124925,257.1093444824219,1311270
2013-05-03,257.90653757599495,261.3765642571017,251.62298503042285,253.68624877929688,2424516
2013-05-06,255.09301153543387,259.5946414672049,253.1704469776424,257.4844970703125,1718680
2013-05-07,256.124639148659,263.62737465725,255.28058712807544,261.0483093261719,1523000
2013-05-08,260.71995244426705,261.657793999822,257.9064277776023,259.1256103515625,1049742
2013-05-09,260.43873979597606,262.4081851368576,258.14101540405824,259.078857421875,849268
2013-05-10,259.78221619421583,271.03631942284613,259.0788347424264,269.5357666015625,2846321
2013-05-13,271.73965158420344,273.7560056561235,265.3154297656737,267.6600341796875,2304011
2013-05-14,265.4092167414057,267.23801961244584,262.17365123746066,264.7527160644531,1282073
2013-05-15,266.11265897162184,270.05160669365307,265.12793635144686,267.0973815917969,959084
2013-05-16,266.34709833989376,268.5041232514233,258.93815308907864,263.205322265625,1255654
2013-05-17,261.3765207049676,262.5957035948223,256.0776916466153,258.1878356933594,1571142
2013-05-20,255.60875495809907,260.11041248547696,252.93592889385496,254.3895721435547,1437646
2013-05-21,253.21732702791797,259.6884307722762,253.21732702791797,258.3754577636719,1566972
2013-05-22,258.9381319636836,261.65786751479476,255.32743523621102,258.1409606933594,831266
2013-05-23,256.9686709600388,256.9686709600388,247.77783213309073,252.74838256835938,762566
2013-05-24,252.51393946945993,262.26748981025696,249.09082215157412,259.31329345703125,1057377
2013-05-27,260.6262648419693,272.72441993216796,259.7822128348697,271.03631591796875,2163083
2013-05-28,270.09842520251965,279.19550166628477,268.5978726717072,278.2576599121094,1844190
2013-05-29,278.25773027046733,282.9469402270262,275.72554544565907,280.7898864746094,1762975
2013-05-30,281.11810292595646,283.22824715142235,273.9904989291391,282.2904052734375,1729005
2013-05-31,279.99267610099935,283.1344520588951,273.9436132710763,275.303466796875,1240732
2013-06-03,274.7876654641463,277.3198499388726,267.28493057092726,271.78656005859375,1173694
2013-06-04,270.5673901426755,273.8498368168501,261.18897107360533,264.04937744140625,2085444
2013-06-05,262.5957304476746,265.64371660465656,258.0941008025512,261.7516784667969,2348999
2013-06-06,257.9065542331028,263.2991458216131,256.0308702023166,259.9698181152344,2438952
2013-06-07,259.3132723187088,263.11152037456975,254.15514212792073,255.56190490722656,1890140
2013-06-10,256.5466116095118,257.7189138534241,246.4179316703733,248.24673461914062,1849186
2013-06-11,246.41799817615012,246.74624861716916,213.54663152312588,222.4561309814453,6726646
2013-06-12,209.98280420402358,209.98280420402358,188.5062295469382,191.8355712890625,33276611
2013-06-13,188.50624421772204,204.9184794108073,188.50624421772204,200.46372985839844,12014762
2013-06-14,204.73087758571236,214.10929603388672,204.30885161761069,211.2019805908203,7981556
2013-06-17,211.8584951979693,218.00136296061032,206.37212826228185,215.4691925048828,5687245
2013-06-18,216.12568313362434,217.39177554074382,208.66984219588298,210.31106567382812,6227806
2013-06-19,207.8726346142447,219.03296090866178,206.93479279002463,217.2510528564453,5311232
2013-06-20,213.82795585046915,214.2968768062816,209.51387733286202,211.0613250732422,2656131
2013-06-21,210.9675477004153,214.62513995940304,205.01225979374203,209.18565368652344,2589148
2013-06-24,209.37318115234376,214.4844160832465,200.13543372899295,208.6697998046875,4896292
2013-06-25,211.01441353328164,217.43863584720498,205.62182296520888,214.43753051757812,3322441
2013-06-26,215.75054222913246,216.82905474134867,209.13875365727327,211.5771484375,3094128
2013-06-27,211.2957765542295,215.70363048911472,203.27722568919833,208.951171875,5701743
2013-06-28,215.14092753754232,215.14092753754232,204.63710105117468,209.607666015625,6211503
2013-07-01,211.01441197520808,215.23470021471223,205.01222998093442,212.84320068359375,3319630
2013-07-02,213.92174797599864,224.00354863013087,212.6556556580911,217.626220703125,6587501
2013-07-03,217.53243619983726,221.7527249507688,207.82578065889422,211.5771484375,4495489
2013-07-04,213.82794947021574,218.0482379466016,212.51497655725052,215.65673828125,2435692
2013-07-05,216.64148382367824,219.2674440654256,213.17147157688055,217.626220703125,2310155
2013-07-08,216.45391349964243,220.34595166262386,211.8584796009472,218.8454132080078,1298841
2013-07-09,220.3928284901857,226.67636584464827,219.7832370291323,224.2848663330078,3119633
2013-07-10,226.01990267069988,236.38305874650584,225.3165212308533,234.6011505126953,4408331
2013-07-11,236.52372435631167,239.10278958173015,230.14639657321055,234.5073699951172,2472101
2013-07-12,235.8672457524913,235.8672457524913,230.00573368110733,233.99156188964844,1987701
2013-07-15,231.3187181908914,238.68078344363977,231.0842576963495,236.8050994873047,1517599
2013-07-16,234.06254609203583,238.31822874825468,232.78583552303118,236.56866455078125,2421264
2013-07-17,236.56864637723143,245.7420176090916,236.52137256229426,244.7963104248047,3397005
2013-07-18,245.88387691904958,251.5581202325661,245.1273226881916,250.04498291015625,1616250
2013-07-19,250.0449918081656,250.0449918081656,244.60717510587077,247.2551727294922,1337658
2013-07-22,246.64039396599148,248.81553755799425,242.2428618331342,245.69468688964844,1907826
2013-07-23,231.6036135682396,261.62980758235534,229.47577304755424,260.06939697265625,8761771
2013-07-24,259.8802937949578,261.39343089367065,244.51255375943182,247.20782470703125,6119862
2013-07-25,244.74900019994698,250.37596931716863,241.91189316494263,246.07301330566406,2421560
2013-07-26,246.54589732501424,250.9907041864621,243.4250460113724,247.06602478027344,1744776
2013-07-29,245.8838785267725,251.5581218773903,243.56688428099255,245.93115234375,1798671
2013-07-30,246.073044830293,248.72101365957673,240.68250181126342,244.98545837402344,1566563
2013-07-31,244.9381977318974,250.6124416947985,241.15536842329666,249.09930419921875,2105464
2013-08-01,251.55810992893075,252.97667069920666,241.48633423211024,245.31643676757812,5597586
2013-08-02,249.3829796137074,268.9590997225382,249.09925016069505,267.1622619628906,5689114
2013-08-05,268.58079211591695,273.21475071479347,261.5352633136715,265.12896728515625,1847920
2013-08-06,262.1027126567666,262.90656945060607,243.51957422133475,245.6474151611328,3459362
2013-08-07,246.82960087769834,252.50384457603622,241.53363432044378,248.48458862304688,2233107
2013-08-08,249.85585064945536,255.24636430540713,246.9241525940993,249.8085479736328,1142928
2013-08-12,250.70696666806776,255.29365203411496,248.86282621490002,251.32167053222656,1238291
2013-08-13,249.76126645706532,255.15177994679954,244.08702350322372,248.53182983398438,2751982
2013-08-14,245.88386708112964,262.1973159547815,245.88386708112964,258.5090637207031,2936656
2013-08-16,236.4268069708881,236.4268069708881,222.5249136070693,227.20616149902344,9284021
2013-08-19,223.65975548717768,233.58968120648154,217.89093572572907,221.76834106445312,4081188
2013-08-20,218.41103812557986,218.41103812557986,205.31300427237124,208.33926391601562,3755960
2013-08-21,212.78412529288465,216.09410057521842,206.96803164035128,211.03456115722656,3041447
2013-08-22,209.94697606286337,216.28321074265554,206.6842894560636,213.49337768554688,1757405
2013-08-23,213.72982028432924,224.13259914772578,213.72982028432924,215.99951171875,2064686
2013-08-26,216.66148405566835,220.06602066948605,211.7910842444276,215.62120056152344,1114779
2013-08-27,215.62122688236641,219.26220512598326,203.5161726625504,209.66326904296875,3482384
2013-08-28,207.10985400856677,212.50038156929605,194.24823173178714,200.82090759277344,4814864
2013-08-29,205.265735577403,208.9539876145078,198.59849742077915,205.12387084960938,2763115
2013-08-30,207.1098700085623,214.91195415272048,203.4216178216442,212.45310974121094,2080317
2013-09-02,215.7630840253696,219.4040623844921,213.72981939178973,218.080078125,1280895
2013-09-03,219.45135725618653,221.20090690689784,200.6790636829411,202.14491271972656,1698291
2013-09-04,202.19218532549934,209.56870375426047,199.54420250102797,204.17816162109375,2048651
2013-09-05,206.35330707391705,221.153633334663,206.35330707391705,219.35678100585938,2535345
2013-09-06,222.00474855673232,222.24117533900787,214.0135262018882,215.29022216796875,2067197
2013-09-10,220.3497676378104,231.5091149793567,216.188661918076,229.2866973876953,2645361
2013-09-11,231.60368314837729,233.96795110387458,221.2954806345476,225.03102111816406,2090196
2013-09-12,225.03100615359347,228.86112287286548,216.56693032184378,218.9311981201172,1454897
2013-09-13,218.93124616590035,221.95750672575235,212.59500996207146,213.82443237304688,1690271
2013-09-16,218.93118306479477,219.21489806714632,207.20442136391546,211.7910919189453,2026618
2013-09-17,212.3112648111897,214.67553279349693,207.2044517415447,209.7578582763672,1921902
2013-09-18,214.675520600427,214.675520600427,208.24470916773714,210.65626525878906,1787711
2013-09-19,214.675549434841,220.7753584159729,212.02756620331968,216.2832489013672,3448687
2013-09-20,214.67554220668322,222.52491513819527,210.89271326912052,220.06607055664062,2489867
2013-09-23,217.32348081480043,232.88035874651936,216.61420053435418,228.71925354003906,3876284
2013-09-24,229.80686182762508,235.48110532954175,228.86115457730565,231.0835723876953,4774809
2013-09-25,228.81384915411954,233.49509680576026,226.5914459408893,231.13082885742188,2575959
2013-09-26,228.95569702532586,231.79281835436163,226.4022762849174,228.15184020996094,1139947
2013-09-27,230.09058425242594,230.89442678271456,221.67378079700975,222.2412109375,944757
2013-09-30,220.86991449094015,224.3690281663696,218.45835829897314,219.49864196777344,1087077
2013-10-01,222.2411816764899,223.75431889834056,217.65449619741116,222.1938934326172,889328
2013-10-03,222.24118959430862,227.9154327328867,222.24118959430862,226.4968719482422,2632971
2013-10-04,224.13260598291726,231.6982635688385,224.13260598291726,227.4425811767578,1796057
2013-10-07,226.02401733398438,228.86113889047792,222.8086186754303,226.02401733398438,779213
2013-10-08,227.91543579101562,230.46884235156762,226.73330178795018,227.91543579101562,1336698
2013-10-09,225.0782982879314,228.48284974845856,222.8086069344771,226.92242431640625,1586575
2013-10-10,225.07829745378132,228.8611259824163,225.07829745378132,225.92942810058594,1232047
2013-10-11,226.9697129724281,228.15184689415952,222.24117728550252,224.88916015625,1365826
2013-10-14,225.69302529745974,228.4355849303248,221.67376955873863,224.1326141357422,736661
2013-10-15,224.1326067963643,226.16587150782135,219.4040707880022,221.3427734375,938053
2013-10-17,219.45134552682154,230.56340446252005,219.45134552682154,228.38827514648438,1344204
2013-10-18,231.31999309928614,232.40755063633057,227.489875950441,229.2394256591797,1498692
2013-10-21,229.23941883637258,230.51612932477153,222.90318350100205,227.9627227783203,3129351
2013-10-22,227.91540682084477,231.0362430783195,224.65272027317135,225.83485412597656,1441418
2013-10-23,226.0240404191191,229.38130415660237,224.17991410511638,226.78060913085938,1355688
2013-10-24,226.9696897428006,234.06249254726313,226.9696897428006,228.71925354003906,2466130
2013-10-25,227.91543724509572,232.07654319029484,225.74030777950884,230.8944091796875,2163383
2013-10-28,231.69827521537675,239.83136330119834,231.50913665229083,237.18338012695312,2748272
2013-10-29,237.89265804400674,243.37776289754203,237.4670926739797,241.2971954345703,2516997
2013-10-30,242.10108441028297,243.42506894351206,239.26396232734996,242.2902374267578,978936
2013-10-31,242.1010456153255,257.23236096628335,237.65622461705098,252.69297790527344,4134730
2013-11-01,244.46528801817922,250.61238423527075,240.44603279931167,247.4442596435547,4424540
2013-11-05,243.566848391541,246.87682319167828,240.77702980498205,244.6071319580078,1232084
2013-11-06,243.14130691823192,248.62639668335788,234.5353663330659,235.1500701904297,2276932
2013-11-07,233.06955347559722,234.53540262809233,227.01703272830167,228.908447265625,1387970
2013-11-08,226.96971768245027,226.96971768245027,220.16062903804595,221.6737518310547,1347453
2013-11-11,221.7683110238825,223.99072844167557,217.79634416027,219.21490478515625,1124814
2013-11-12,217.51262914922376,221.957449554465,217.51262914922376,219.21490478515625,815462
2013-11-13,217.5126752467127,224.46362955390987,217.5126752467127,220.20794677734375,792038
2013-11-14,221.3900573156959,225.92944024988557,220.34977364224204,220.9644775390625,755388
2013-11-18,223.28145902889668,225.4093000700983,221.48460682478571,223.42330932617188,622302
2013-11-19,222.43032968252126,224.93646241091105,219.64049633952024,221.3900604248047,829913
2013-11-20,220.34975722918614,221.76831789804356,214.67551455375644,215.4320831298828,1325471
2013-11-21,214.67555239986046,215.14840603950773,209.28502379395115,211.6492919921875,1872443
2013-11-22,212.73686435951666,218.31654635290695,212.68957610619958,215.19570922851562,1863241
2013-11-25,215.81037651238688,219.40406669781694,213.4933967975525,215.9049530029297,1293958
2013-11-26,215.62123920126322,219.924209799463,209.37956597856174,212.31126403808594,9704702
2013-11-27,215.66850990802573,217.13435881858078,211.6019664378987,215.4320831298828,1384129
2013-11-28,214.9119873046875,218.03282432983517,213.06786092675657,214.9119873046875,2026047
2013-11-29,215.0538169758275,218.45836875453043,215.00654315890284,216.61424255371094,708693
2013-12-02,216.9451869812032,218.7893272345849,214.1553541278546,216.04676818847656,819519
2013-12-03,215.52663646015665,216.5669200140213,212.78409171683316,213.16236877441406,836450
2013-12-04,211.88568326024267,214.62822813789293,211.60196823798856,212.83139038085938,892761
2013-12-05,215.9995145082193,215.9995145082193,212.9732544131277,214.39181518554688,1169289
2013-12-06,214.67551381437164,221.43731387383156,213.68251846352246,218.50563049316406,1958279
2013-12-09,223.18691555019043,223.18691555019043,214.2972729910931,217.2762451171875,943496
2013-12-10,214.72283249071776,219.87693408095456,213.91897556172373,214.43911743164062,842968
2013-12-11,214.20266408284508,215.9522280384414,211.88568450973992,212.7841033935547,1081603
2013-12-12,213.25696964420263,213.5406846850092,209.9469945056008,210.3252716064453,968008
2013-12-13,209.85239955709017,210.08882633190905,206.35328617583994,207.91371154785156,1177049
2013-12-16,208.62299658018412,214.62822813789293,208.62299658018412,212.83139038085938,1445430
2013-12-17,213.82439055961035,220.82261763765908,211.885688032611,217.2289276123047,1495689
2013-12-18,217.60723707749807,224.60546473282412,217.60723707749807,222.71405029296875,2505774
2013-12-19,223.89615414286934,224.13258091598746,217.08706596313618,220.16061401367188,913780
2013-12-20,217.89091888848125,222.761319308851,215.43208898715045,216.23593139648438,1107056
2013-12-23,216.61422603856022,220.6807696779833,216.18866070625518,216.66151428222656,918680
2013-12-24,217.51265486551102,218.50565030640118,214.6755332803087,215.8103790283203,988244
2013-12-26,215.81037498844077,219.404065148494,215.81037498844077,217.46536254882812,2084229
2013-12-27,218.742087358381,219.87693315958686,214.34454003698093,216.99252319335938,1050933
2013-12-30,219.21493997113882,219.3095020364357,215.7158260875156,216.51966857910156,845697
2013-12-31,217.55995204537996,217.79637885385563,215.81038789052113,217.03981018066406,486572
2014-01-01,217.51265742319913,219.8769254386687,216.89795351131576,218.26922607421875,538938
2014-01-02,217.03979331638766,223.13960161502737,212.87868758267814,214.06082153320312,1570396
2014-01-03,213.72980307304238,216.33049757946213,211.83838888655526,215.0537872314453,818984
2014-01-06,215.62122166632807,217.79635091131186,213.30424212659668,215.4320831298828,497192
2014-01-07,217.51263988657533,218.36377053138455,212.59496569694795,213.777099609375,713955
2014-01-08,214.5809441143678,214.62823235739742,210.04156139044156,210.65626525878906,878308
2014-01-09,212.92595619615753,215.10108549806978,209.37955443119588,211.69654846191406,1126716
2014-01-10,211.83840938918843,214.9119577397012,207.1098734653226,208.29200744628906,983757
2014-01-13,209.0012792261703,211.27097060399942,202.4759056921522,209.09585571289062,1253786
2014-01-14,209.23772380362809,210.325281341655,208.05558977083922,209.0012969970703,364394
2014-01-15,209.1431244629017,210.1834080702583,204.41458884827273,206.21144104003906,1060362
2014-01-16,206.21142120172087,207.77183203229282,204.8874226987911,206.353271484375,809129
2014-01-17,204.93474378393995,208.76486076328814,204.79289347854967,205.2657470703125,645915
2014-01-20,204.36731313644557,206.11686263938583,203.32702953876029,204.74559020996094,392820
2014-01-21,205.2184831572886,208.33932011902206,204.36735236333772,205.9750518798828,875408
2014-01-22,205.4075890053958,207.34629153869105,204.50917010372606,205.54945373535156,656092
2014-01-23,204.982054384801,215.05383121565202,204.46191249106525,213.11514282226562,2570554
2014-01-24,214.10808319323155,215.5266438533378,206.16414926877468,206.82614135742188,2042034
2014-01-27,205.21847800069364,206.16418527258622,200.82094495853218,204.13092041015625,830741
2014-01-28,204.7456064883465,206.7315973580626,203.27975745882713,205.2184600830078,440878
2014-01-29,206.54241897995743,207.10984899591978,200.48989948463466,202.9960174560547,1075952
2014-01-30,198.5984980502925,212.21667500160285,191.45840630574855,210.70355224609375,5930481
2014-01-31,210.70357262996075,211.365564801435,204.88746453761908,209.5214385986328,1223691
2014-02-03,208.1974240670883,215.14837741732487,206.7788633368642,208.00828552246094,1428280
2014-02-04,206.82616144726987,213.63525039110473,205.3130385877214,209.7105712890625,1093372
2014-02-05,209.1904380798223,211.83842123128278,207.1098850430845,208.90672302246094,545189
2014-02-06,209.85242034146376,213.91896415717926,207.44087854374152,213.30426025390625,977396
2014-02-07,213.77713980446353,216.1886963253127,211.03457995376021,213.44613647460938,1025574
2014-02-10,212.78411690525195,221.0590547849006,211.46013261664675,218.41107177734375,1757160
2014-02-11,218.69477926089527,222.85588496442364,217.60722180643893,219.68777465820312,1510573
2014-02-12,220.34979345642444,221.10636215693663,216.1886872491289,217.79638671875,714283
2014-02-13,217.51263781643442,219.40405205831644,214.29723937737313,216.89793395996094,755689
2014-02-14,217.51265135146872,219.97149579105866,214.34452652703703,218.97850036621094,723069
2014-02-17,220.96448969777683,223.47062252887315,212.92597819983425,216.51966857910156,2328888
2014-02-18,218.45834894358993,218.45834894358993,213.6825250091869,216.23593139648438,609396
2014-02-19,216.4723534438881,221.200889031831,215.81036134764517,219.9714813232422,1306199
2014-02-20,220.3497746599698,224.88917204547192,218.55293677608287,221.4373321533203,1303544
2014-02-21,222.4303309472846,223.9434682420992,220.16063943540948,221.3427734375,691017
2014-02-24,221.95746059431377,224.60544344521062,218.9312006634369,222.90316772460938,729670
2014-02-25,224.46360850592137,231.03627062511765,223.65975161803084,229.99598693847656,2388002
2014-02-26,231.2254175695508,233.87340069772551,229.33400311090418,232.2657012939453,1495138
2014-02-28,232.73853589456104,233.4950900719338,227.01700473851764,229.333984375,716553
2014-03-03,229.33400543427155,237.84537058440947,226.49688371755892,235.717529296875,2029854
2014-03-04,236.89964286169842,244.37072363090698,236.71050431634112,240.9661865234375,2544333
2014-03-05,238.8383301295521,239.12204514459773,230.75253156764947,232.3129425048828,1424629
2014-03-06,232.2656670733949,236.99420252333906,229.94867315864627,233.4005126953125,1075669
2014-03-07,236.0485064614765,242.47930342956977,232.64395500631895,241.1553192138672,1893634
2014-03-10,240.20961672151324,244.4652989075243,235.764795991082,236.94692993164062,1527237
2014-03-11,238.55465000478466,240.6824912833209,233.58968702153345,235.2446746826172,1189688
2014-03-12,235.00822468389958,243.04673538737302,234.91364819760278,238.55462646484375,1350784
2014-03-13,240.20960004326912,244.46528193379947,234.9136345851378,237.9871826171875,1672077
2014-03-14,238.0818078160444,240.54065251696895,235.00825915506272,239.40579223632812,653400
2014-03-18,241.10805183917142,243.0467545180894,239.4057759642594,241.48634338378906,1294867
2014-03-19,242.10104629127912,243.28318030637325,237.89265208361337,241.01348876953125,829853
2014-03-20,243.04671736711575,248.20083245088873,238.31818200977887,239.6421661376953,2161044
2014-03-21,242.47930342956977,243.4250105637418,239.64218202705368,241.1553192138672,948531
2014-03-24,240.49332541898713,244.46529246857767,237.51433930903502,239.16932678222656,637996
2014-03-25,239.31119671367975,243.33043766277407,239.31119671367975,241.53359985351562,654922
2014-03-26,242.1010521356784,242.95218287495402,234.72453281735,235.2446746826172,658823
2014-03-27,235.67021863751668,240.82431971333972,232.73853513391396,240.02047729492188,1316243
2014-03-28,240.9662179070353,242.19564025749756,236.80509721549745,239.40579223632812,674424
2014-03-31,241.15532958634338,253.7805261427081,240.30419890111833,248.43728637695312,2092440
2014-04-01,251.9836632059388,253.4494976368011,246.45127101150499,250.7542266845703,986673
2014-04-02,251.9836734960051,252.50380086737317,248.72097238995934,250.94338989257812,357890
2014-04-03,251.55809442320864,256.1447797365219,248.72097305753337,253.4495086669922,1540496
2014-04-04,255.4355086380536,259.40746137730974,251.55810352585502,255.1517791748047,961371
2014-04-07,254.39525914214886,254.39525914214886,245.97847009508683,248.48458862304688,856375
2014-04-09,248.8156100421291,251.46357908301133,247.6334758523249,249.90316772460938,832258
2014-04-10,248.91008702174497,253.3548924817165,247.96438004804637,248.6736602783203,638846
2014-04-11,247.77530816075466,251.93641443406327,247.3024545192265,248.48458862304688,470768
2014-04-15,246.21486598941556,250.89609913612875,241.58089222629272,243.42501831054688,667585
2014-04-16,243.04672991578627,247.77526551726072,240.77703859921672,241.77001953125,580798
2014-04-17,242.10104070631814,244.9381622770953,241.4390485592061,243.23590087890625,426231
2014-04-21,241.15533052493996,248.43728734389168,240.25691159140652,245.36373901367188,785424
2014-04-22,245.26918673582873,250.37600023187517,244.08705264597097,247.06602478027344,931899
2014-04-23,247.7752691530714,252.03095125684553,237.8453442442651,241.1553192138672,3942894
2014-04-24,241.1553192138672,241.1553192138672,241.1553192138672,241.1553192138672,0
2014-04-25,241.15532045937582,245.74200585593752,239.26390618126305,244.1815948486328,724290
2014-04-28,243.9924529541324,245.69471433744226,241.43904644882124,244.27615356445312,400140
2014-04-29,244.4180004446803,247.96440190870243,241.81729160738624,245.8838348388672,516059
2014-04-30,246.82958235165566,248.57914646613372,239.0747860987075,241.01348876953125,604717
2014-05-02,243.99244481468418,245.6001585147166,241.15532336335065,244.0397186279297,491561
2014-05-05,243.99248261598396,248.72101910078985,241.86464119782133,247.86988830566406,695564
2014-05-06,249.61939278240266,262.33913556317714,243.70872359225947,256.47576904296875,3380968
2014-05-07,263.37947646198177,264.70346087672516,256.3812483891706,257.657958984375,3860273
2014-05-08,258.41449281866255,263.6631562428887,255.05724379750077,262.386474609375,1584633
2014-05-09,262.4338073730469,267.4460451227386,260.6842428850866,262.4338073730469,1505616
2014-05-12,262.90656813679925,271.8907853932726,259.12373981828415,269.57379150390625,1545871
2014-05-13,270.6614296685859,292.7909738059815,270.6614296685859,280.02392578125,2241102
2014-05-14,281.8207329226264,292.6017887455146,275.48448342337775,288.156982421875,1663916
2014-05-15,291.1831726288781,302.62623282989586,289.81191482777956,300.1673889160156,3647048
2014-05-16,307.3548531299305,326.0325711278263,288.58255863585583,290.3321228027344,2831569
2014-05-19,290.4266595856041,297.8977399910185,281.4897158415973,290.61578369140625,1545228
2014-05-20,294.9660332163263,304.7541072909029,290.3320742848943,297.0466003417969,2443570
2014-05-21,300.3566189689044,304.470451149752,292.69638471158356,293.5948181152344,1064527
2014-05-22,322.91175439822416,333.92923816847343,312.17797126075413,313.4073791503906,6665571
2014-05-23,316.81188959568686,317.4738961331484,306.92923851029116,307.6858215332031,2001146
2014-05-26,310.0028118423045,310.9485190521476,296.384633792702,303.8084411621094,1183200
2014-05-27,305.36882452066214,305.36882452066214,297.89774401434534,301.6805725097656,577127
2014-05-28,304.234013287779,307.35483545737674,296.1009257158452,297.9923400878906,904132
2014-05-29,298.7961713566181,303.9502577622398,295.4388938175933,296.8101806640625,1251206
2014-05-30,297.89769375708795,299.69453121713633,292.03429903410256,293.1691589355469,776871
2014-06-02,290.42668056649717,300.92403602999804,290.42668056649717,298.03961181640625,656591
2014-06-03,298.84350643113294,305.03787769420853,297.04666833549004,302.8627624511719,1463591
2014-06-04,305.88900863776894,310.5702420111434,300.78216661489694,302.8154602050781,1421190
2014-06-05,305.4633388428879,308.205883171817,302.815370979236,305.7943420410156,1024094
2014-06-06,308.2059555861265,310.6647999576251,298.84346053762414,309.482666015625,1220841
2014-06-09,308.39506640970455,314.4475855933487,307.44935938536366,308.867919921875,1552181
2014-06-10,307.6385197413815,324.3775475898577,305.46340487324795,322.8644104003906,2957655
2014-06-11,326.22164461052154,328.1603324365489,308.3950617017012,311.04302978515625,3146759
2014-06-12,310.9012476364314,314.8732294927181,305.6052814482804,310.8066711425781,854622
2014-06-13,312.55627225915845,315.77167140587267,286.312893877338,302.5317687988281,1264687
2014-06-16,300.7348852142715,308.39511919469817,295.48622187509204,305.08514404296875,1186910
2014-06-17,302.15348079252385,306.7401669460206,300.4039165244028,304.9433288574219,1189474
2014-06-18,305.3688351841496,310.0973709685455,294.91878264491146,297.2830505371094,1361754
2014-06-19,301.6806232956774,305.8890322495663,296.2900802379653,303.0519104003906,908802
2014-06-20,308.300557689648,317.5212032033721,305.6052863058051,315.724365234375,2824583
2014-06-23,318.6087057916707,320.40554345073264,306.31451389398734,308.3477783203125,1682795
2014-06-24,306.8819776149611,320.5947316224093,306.8819776149611,319.41259765625,1532090
2014-06-25,321.1621739502581,326.12713679753466,317.6630457326619,324.0938720703125,2113727
2014-06-26,325.7015608849244,332.41608792089926,319.6490404474081,327.97125244140625,3835909
2014-06-27,328.39680458958804,337.47559891193526,328.01852750546766,333.9764709472656,2008738
2014-06-30,334.96951389812057,341.2111585552888,331.1866849613183,333.8819274902344,1515387
2014-07-01,333.74005991527804,339.4143030269938,331.94322203537325,336.48260498046875,796331
2014-07-02,338.56315924759866,342.2041375423718,334.1183241042613,339.9817199707031,1073593
2014-07-03,342.1568277344869,342.629681298996,336.67173793045816,341.21112060546875,848205
2014-07-04,341.40028578190186,342.0149896656034,333.1726219209974,337.8066101074219,662164
2014-07-07,339.41434954657336,343.00805465962316,335.20596931167285,337.99578857421875,732610
2014-07-08,340.5492070962894,342.44062171069737,319.08163967848066,322.95904541015625,1169214
2014-07-09,317.94674859739507,331.42307519765365,317.5211688446894,329.0588073730469,1197600
2014-07-10,330.9975059901937,332.8889203101377,306.03084273907183,309.4353942871094,1909597
2014-07-11,306.3145727910908,319.36535016978803,305.6998688501514,312.461669921875,1219953
2014-07-14,309.24623591263105,309.24623591263105,300.82944810794237,304.5177001953125,988868
2014-07-15,305.32682738606024,313.1801284801678,305.32682738606024,311.990234375,1104243
2014-07-16,309.8483745875962,313.13249340374364,308.80126213533583,312.1329650878906,549883
2014-07-17,309.5152657289025,320.6050735846529,308.80132922681355,318.4156799316406,868312
2014-07-18,321.7473793915205,322.2233370533422,311.8474658356576,314.08447265625,794164
2014-07-21,312.41860990473117,316.9877916782316,310.4195819850188,315.036376953125,550719
2014-07-22,314.46523185425076,323.46081420051263,314.46523185425076,321.5093994140625,850103
2014-07-23,323.65118886864934,326.0309770220953,319.17717552011163,324.2699279785156,886420
2014-07-24,324.65071471826167,326.3641797584063,317.93972319894306,319.9387512207031,590907
2014-07-25,317.46371068030726,318.8915834419878,313.560852655018,316.1786193847656,560747
2014-07-28,314.46523709677894,321.1762285963542,313.75130059469006,318.4156799316406,601788
2014-07-30,318.4157228987825,327.934877544486,318.4157228987825,326.173828125,900812
2014-07-31,326.60213956194445,328.55355427295865,322.4613022689044,324.65069580078125,579077
2014-08-01,323.6512215860228,327.0781226834345,305.5648297915098,310.9431457519531,1289216
2014-08-04,310.324412188838,327.07812859556634,309.37249681402557,325.7454528808594,1307913
2014-08-05,325.8406396809658,330.21945646378276,321.3190413938496,327.7920837402344,674392
2014-08-06,324.8886766550912,332.69439364830134,324.4603322049469,327.69683837890625,607470
2014-08-07,326.50693468710824,333.64629914819665,322.69927364119445,330.60015869140625,815348
2014-08-08,326.98293403009257,330.88579291006005,323.12768834936196,325.5074768066406,619376
2014-08-11,325.50744179530506,330.83814412612134,323.2228218819278,325.3170471191406,362845
2014-08-12,325.6502820198963,334.12232373476405,325.6502820198963,332.3136901855469,884613
2014-08-13,331.26655264435647,332.2184680255184,324.60314497622284,327.030517578125,514353
2014-08-14,327.4588836627701,336.0261218981333,327.0305101309414,334.07470703125,471884
2014-08-18,336.6924313795612,336.6924313795612,330.6001506148154,333.5035095214844,656367
2014-08-19,335.0741786509916,335.55013629112085,328.50596902723777,331.64727783203125,554803
2014-08-20,332.88480730249256,332.88480730249256,328.69635655021085,329.74346923828125,391322
2014-08-21,333.4083604854802,352.58944950423626,333.4083604854802,349.30535888671875,3764955
2014-08-22,352.0659115213416,352.1134956706077,343.4034756938097,345.78326416015625,1194939
2014-08-25,343.3558544915772,349.733669463038,340.40491130172563,344.3077697753906,713235
2014-08-26,340.88084444136007,346.40194107056607,340.1192948389595,344.2601318359375,413628
2014-08-27,350.30487714702616,350.9712295660085,343.92703216586403,346.116455078125,725852
2014-08-28,347.82988673769256,350.2096752745544,339.64340836085734,345.9260559082031,792201
2014-09-01,347.54426091893396,356.8730186773116,346.68754301053565,354.01727294921875,1027263
2014-09-02,354.7788637504978,368.53402317386787,353.2081801776288,366.8205871582031,1469921
2014-09-03,368.48641739819345,372.96040186545423,362.7749256143418,365.0119323730469,1185735
2014-09-04,365.5354912987924,372.19889869226,355.30240137311006,369.2479553222656,1055883
2014-09-05,370.24748663189865,374.57868985000215,366.8681697126911,369.0099792480469,906203
2014-09-08,371.7229147784343,371.7229147784343,364.91672637421107,367.2489013671875,335773
2014-09-09,367.82008464897785,378.8147243482236,357.9677549873671,377.9579772949219,1150656
2014-09-10,377.76764801691047,378.19599253464,365.1071552400839,366.5826416015625,1317752
2014-09-11,369.3431211167891,371.24695163800965,361.8229963679976,363.58404541015625,816264
2014-09-12,365.53547841494844,373.817153217847,365.53547841494844,369.3431396484375,1336992
2014-09-15,369.05755815866536,371.67532512534365,362.58451695642646,363.58404541015625,556149
2014-09-16,362.77498586433893,366.96340805808387,354.30294412127785,358.2533874511719,716336
2014-09-17,358.9672811742794,361.82302719945244,348.40101507110904,352.4466552734375,780290
2014-09-18,350.87601035680296,370.2950780485474,345.78325732939544,368.96240234375,895759
2014-09-19,371.00900926374055,373.62677648753856,363.6316652694006,369.86669921875,676624
2014-09-22,367.9152663843525,383.2886927919352,365.58306226069186,377.86279296875,1615446
2014-09-23,380.52813145209404,387.9054748385949,369.15273228768797,372.05609130859375,1824990
2014-09-24,373.5791906013314,378.8623091719859,367.4393249758456,374.2455139160156,895327
2014-09-25,377.6723873658168,377.71997150976046,367.6772769251335,370.2950439453125,1052692
2014-09-26,368.58164289276755,372.1989096787923,363.6316713485899,370.4854736328125,586630
2014-09-29,372.0085097433172,384.5738040706361,369.3431583648683,378.8147277832031,837730
2014-09-30,381.4324763077184,390.2376929245411,378.95749069187883,388.3338623046875,1228189
2014-10-01,390.2853546156093,393.28388262762496,382.57483326317225,385.38299560546875,665343
2014-10-07,381.7180898677185,387.9055402022326,375.14987916880347,378.1484069824219,531345
2014-10-08,378.6719585407316,388.0959448391555,373.2936419993083,383.098388671875,1057046
2014-10-09,385.0497621013439,387.14398750786415,378.52913609256404,381.86083984375,672435
2014-10-10,380.480554803814,386.4776095386646,375.2926048291096,378.76708984375,885256
2014-10-13,376.8632717607955,378.6719050702011,372.2464766195745,375.62579345703125,482988
2014-10-14,376.9584460372452,381.099283262078,365.8210257842672,369.6763000488281,822882
2014-10-15,369.6763000488281,369.6763000488281,369.6763000488281,369.6763000488281,0
2014-10-16,369.15276479742954,372.1989055679181,347.63950091265303,351.3043518066406,841426
2014-10-17,353.20818456730336,365.10712662994194,351.3043538372812,362.20379638671875,917551
2014-10-20,366.48738319731433,368.3436296153863,361.7278067921544,364.3931579589844,565000
2014-10-21,366.4874092592184,376.4825204208334,365.583078057869,371.19940185546875,1000173
2014-10-22,374.10274354499893,377.5296447157468,372.81765197469946,375.911376953125,536847
2014-10-27,378.8623279521989,383.0507498883736,372.4844831731436,381.5276794433594,653478
2014-10-28,382.00355923367243,387.4294875092662,377.24398322004504,386.2395935058594,614736
2014-10-29,387.4295808202846,394.2833835506803,384.0502926567784,391.9035949707031,946094
2014-10-30,392.42711768819663,404.564038853811,392.2367229910281,399.2333068847656,2646890
2014-10-31,390.19007958334976,390.19007958334976,371.7705125331102,374.57867431640625,5608680
2014-11-03,375.911296580375,376.7204302886868,362.9176602591582,364.2503356933594,2085945
2014-11-05,367.39168840231537,369.00992683575834,355.25476942583197,357.1585998535156,1702698
2014-11-07,353.16060663643935,363.3461128414325,353.16060663643935,360.6331481933594,1232526
2014-11-10,363.15570503535594,366.01145107757367,357.25381826137885,360.72833251953125,1052143
2014-11-11,362.061044691527,362.8701786284127,354.1601290815571,355.0168762207031,1059635
2014-11-12,356.0163152313715,361.2518492788917,353.39854820761144,360.2523498535156,1924734
2014-11-13,364.8215465773624,364.8691307233268,356.9682451833292,358.3961181640625,1003914
2014-11-14,355.25478060976803,360.2999197818993,354.82640712999466,356.6350402832031,697374
2014-11-17,353.30340175310766,361.585077513811,353.30340175310766,359.4432678222656,789089
2014-11-18,358.0629518576081,358.8720857123478,353.73174865010566,355.4927978515625,1051506
2014-11-19,352.399064459032,356.3970913885412,347.49667730178396,348.7817687988281,996890
2014-11-20,347.44912555917267,348.87699867790894,336.50209831552746,344.4029846191406,1185308
2014-11-21,345.0693312259991,351.44717600251306,344.06983167975034,349.6861267089844,684300
2014-11-24,350.3048667366291,355.5404014297037,347.5919020401872,353.82696533203125,705101
2014-11-25,353.8269062359274,356.96821490705037,346.63992874571017,352.49420166015625,1024933
2014-11-26,349.6384950998163,354.5884665209748,347.9250590964196,352.8750305175781,746341
2014-11-27,350.30484372536625,352.87502675319416,343.7366337155458,346.7827453613281,1215317
2014-11-28,347.44905144522147,354.87397845878667,347.44905144522147,353.01776123046875,760299
2014-12-01,381.2420630054229,381.2420630054229,361.9181947777667,371.4373474121094,4537297
2014-12-02,372.19890623990574,372.67486392051944,365.4403013651611,369.62872314453125,733564
2014-12-03,371.81811842837874,373.0080125419807,366.1066266830892,367.86767578125,529851
2014-12-04,368.77199923518384,371.0565902555835,361.77541563196235,367.0585632324219,560011
2014-12-05,367.0585900972157,371.9133645272272,364.869167211054,368.3912658691406,858237
2014-12-08,369.3431664283736,370.1998844579967,361.0139068761873,362.8225402832031,567529
2014-12-09,361.727828788947,362.6321599809797,352.30387274368616,353.1130065917969,632742
2014-12-10,350.5904103163163,368.2008442175462,350.5904103163163,367.0585632324219,1033149
2014-12-11,367.43932632774033,370.7710300638727,358.8720881491143,366.8205871582031,626629
2014-12-12,365.2023485285218,369.0576234460924,352.77986380004126,355.9211730957031,552232
2014-12-15,352.9701699201979,355.0643951308414,345.54524244636843,348.9245300292969,577805
2014-12-16,346.4972062852648,348.06786088834053,337.6444046678177,342.6895446777344,723484
2014-12-17,340.07180248851506,343.26072513083864,328.4108379525198,337.92999267578125,737187
2014-12-18,354.11249106920974,363.34608108542903,347.1635210096856,359.11004638671875,1135786
2014-12-19,364.583554510139,366.86814538633456,356.11151427541625,358.4913024902344,637858
2014-12-22,356.96822272885544,365.72585474652936,355.0643922076349,363.58404541015625,589095
2014-12-23,364.58354297800594,365.5354582338232,355.1595877554448,356.825439453125,492420
2014-12-24,357.92015426377117,359.5384219004492,350.30483183262714,351.0187683105469,675773
2014-12-26,353.1605944234226,354.0649256248907,346.8779473109811,349.5909118652344,387835
2014-12-29,351.25672737320986,358.1581129381306,349.82885449770896,355.9687194824219,351585
2014-12-30,356.9682267587929,361.15664814273305,354.7788332547318,358.9672546386719,340255
2014-12-31,358.300936776541,365.8686755314667,356.4447192490234,363.2984924316406,575804
2015-01-01,362.9652874819457,364.1551815912494,359.6335839758953,361.53741455078125,269753
2015-01-02,361.53741211588846,369.8190866809263,361.53741211588846,364.3931579589844,623981
2015-01-05,365.5354829128052,370.86621451531363,364.3931729086426,367.3441162109375,551576
2015-01-06,363.82200304303916,364.96428385917716,351.44710537559087,354.77880859375,519159
2015-01-07,354.96922619060723,359.25284524129876,352.2086775013029,356.5874938964844,397373
2015-01-08,361.7278432681323,361.7278432681323,351.0187952766416,354.96923828125,672501
2015-01-09,357.9201817600467,358.7768997893356,351.6375344616751,354.96923828125,985975
2015-01-12,355.30241369915336,360.2999694176277,352.7798437655729,358.68170166015625,344364
2015-01-13,357.7774028214069,365.5355073895665,352.9702127029893,354.30291748046875,715002
2015-01-14,355.11197968144546,358.8244724727662,351.2567344598721,353.7317199707031,404068
2015-01-15,355.7307246280893,360.7758636072882,351.92306379846093,357.8249206542969,648144
2015-01-16,361.7278323929264,375.05464727056057,358.8245022003594,368.5816345214844,1387070
2015-01-19,370.48546934814794,376.48252448987296,370.48546934814794,375.5306091308594,913385
2015-01-20,377.91039555386186,379.7190289165075,371.67536160496064,374.67388916015625,603286
2015-01-21,375.62579778596586,388.9049993068747,371.6753549474908,387.3819580078125,1885665
2015-01-22,387.42955413112196,389.5237795572968,374.1979363479764,380.5281677246094,785747
2015-01-23,383.7647030349862,385.95412597256586,375.05468258696936,379.6714782714844,709214
2015-01-27,379.81423314272257,387.4295561130027,374.3407197578337,381.3848876953125,1306898
2015-01-28,389.714111998458,416.7485002914107,384.57377526777987,412.41729736328125,6282139
2015-01-29,407.22936818785723,422.6504082157909,405.18275603017577,420.5561828613281,3488597
2015-01-30,420.6990522688942,421.55577037917993,408.1337564841879,409.8948059082031,970722
2015-02-02,409.3235495802847,416.7484767665657,406.8009800266217,412.36968994140625,1106879
2015-02-03,414.93987083908775,426.8388120139305,409.84711820622516,411.5129699707031,2245302
2015-02-04,413.60718940371186,422.6028004250719,406.4678247995051,409.37115478515625,1392064
2015-02-05,411.1321852177438,411.1321852177438,393.47416918425995,397.7101745605469,1040089
2015-02-06,405.42075096143697,406.4678636802455,389.4285843383405,396.66314697265625,1116247
2015-02-09,389.4285660362207,401.3275076222079,389.4285660362207,392.4270935058594,813004
2015-02-10,390.14251837771695,409.89476221272855,390.09490517934887,404.7544250488281,1092699
2015-02-11,407.7053517055782,412.8933022238991,402.7554090859538,405.7539367675781,1113419
2015-02-12,408.37161744095897,413.035996072563,403.1360838840236,405.27789306640625,1131467
2015-02-13,406.9438021353865,411.2274211052327,403.27892231782135,406.1822814941406,935029
2015-02-16,411.6082163784051,411.6082163784051,394.99730994820953,397.4246826171875,842771
2015-02-18,398.9952937763655,411.70336889208164,396.2823293505149,409.0856018066406,1093702
2015-02-19,413.94043448204116,421.4129764886346,410.085159523786,411.94140625,1517003
2015-02-20,413.13122936944103,417.890805744665,402.1842037064259,414.41632080078125,1033950
2015-02-23,414.3687076769667,414.41632087081626,397.9005850359682,399.5664367675781,1004925
2015-02-24,400.9943476563555,405.94431917626906,397.90062271894743,402.13665771484375,748836
2015-02-25,403.992870747613,407.419771834758,398.376575964594,401.9462585449219,788068
2015-02-26,403.5169167487346,405.5159448219718,396.0919885340267,403.2313537597656,726024
2015-02-27,404.6591892315721,415.7489963758142,401.0418937563126,414.41632080078125,826541
2015-03-02,400.47075570149855,400.51833984374997,388.5242019314477,392.6650390625,1124323
2015-03-03,392.76027183467556,401.5178754599094,390.7136596806897,395.9015808105469,719506
2015-03-04,404.27844141868763,404.27844141868763,389.8093171710338,391.6179504394531,655400
2015-03-05,392.18906352289355,395.6635482028122,381.05164403094693,386.2395935058594,959120
2015-03-09,384.5737536619947,386.19202117617596,376.1969112418915,380.48052978515625,648441
2015-03-10,383.05068738088437,387.7150662543426,380.4805336588471,385.90643310546875,657218
2015-03-11,389.0478085654022,389.0478085654022,378.8623028731248,380.62335205078125,410728
2015-03-12,382.19395451764615,387.1439251999508,381.00406051229857,385.1448974609375,349974
2015-03-13,386.4776500355114,387.9531072764234,378.1008061868223,379.5762634277344,428548
2015-03-16,380.57576382460263,380.7661585239256,372.8652723546151,378.4815673828125,399268
2015-03-17,379.8142466870565,386.23967567236383,376.7681057702571,385.002197265625,562431
2015-03-18,387.38194022320374,387.38194022320374,380.7661173147994,382.47955322265625,309016
2015-03-19,384.52622233037386,394.75931247800565,380.95653972073484,385.3353271484375,1023111
2015-03-20,386.09683986201946,388.19103602885923,372.00847641622653,373.817138671875,461698
2015-03-23,375.530576254787,377.52960414373956,366.4873811358504,372.05609130859375,498876
2015-03-24,372.2464472415362,376.95843935351434,367.0109133616263,368.6291809082031,408226
2015-03-25,369.4383471576307,375.00705767491013,366.4874038104257,371.67535400390625,636108
2015-03-26,371.2469815198545,374.7690798876672,366.4874048337025,371.0090026855469,1419196
2015-03-27,370.9138503859541,376.5777589503661,366.4874493403162,373.9599914550781,670005
2015-03-30,376.0066207586435,378.3388253429049,368.53407830821914,372.5321350097656,420532
2015-03-31,373.9599442145546,378.81471822074883,371.7705215195275,372.7700500488281,438421
2015-04-01,372.579631335648,375.29259566858315,368.7243861073682,371.6277160644531,452828
2015-04-06,376.00651636482417,384.9545137290462,372.1988554396108,384.1929931640625,904638
2015-04-07,385.0497087883043,390.9515948075906,382.19396311125877,387.0487365722656,636179
2015-04-08,388.00072217354864,391.6179890671809,385.04977862866315,387.8579406738281,534912
2015-04-09,390.2853361038618,390.2853361038618,379.00513216497546,380.7185974121094,756901
2015-04-10,380.48050715758137,387.0011028677576,379.8617390535684,381.28961181640625,969396
2015-04-13,381.7180658395497,398.3290007735759,381.7180658395497,394.902099609375,1399618
2015-04-15,395.0448894389744,402.27945226041743,386.5728482224823,391.5704040527344,947070
2015-04-16,391.5703498304624,397.4246228966346,377.5771838233838,386.715576171875,884632
2015-04-17,383.62190778245,388.3339006519481,374.34073259416493,376.0541687011719,603542
2015-04-20,376.95851448516663,384.38344330193416,373.19843687465965,375.9590148925781,934634
2015-04-21,381.7179908144618,382.098751080058,370.057029748434,373.38873291015625,657263
2015-04-22,374.48346701480307,378.3863254902671,370.4854402510331,377.05364990234375,517359
2015-04-23,378.9574793676403,385.19251284128165,373.150790340576,384.05023193359375,743194
2015-04-24,385.52568552587246,386.0016431623241,371.2469564323216,376.8632507324219,738949
2015-04-27,379.5285991449463,379.5285991449463,364.58351899180343,367.91522216796875,947654
2015-04-28,367.4393107982439,371.7705138521011,363.63164954644867,367.58209228515625,612828
2015-04-29,369.2479679978401,369.91432038012175,361.72784234851963,363.4888916015625,866439
2015-04-30,362.1085670945374,368.2484322772533,361.6802226481624,364.3931579589844,2267714
2015-05-04,366.2970292878317,375.2926413148042,363.8696566711069,366.72540283203125,462963
2015-05-05,367.53452750295565,370.009513257046,361.96581681879013,365.916259765625,593407
2015-05-06,364.2504189247774,367.4393412978854,350.3048642425436,364.96435546875,1719756
2015-05-07,365.44029495927214,367.2489283038699,347.68707959361205,351.7803039550781,1729099
2015-05-08,323.65120549178306,340.50011810362116,318.27288979878784,336.5972595214844,5691342
2015-05-11,335.0742099690757,353.5413623221137,329.5531124476004,349.9716796875,1343524
2015-05-12,351.68509466152284,351.68509466152284,338.8818231499828,345.3072509765625,901977
2015-05-13,344.78373099854775,351.25674337565454,340.73809100031866,349.7336730957031,837838
2015-05-14,346.06887355151423,348.40107818125995,342.78478245776813,345.45013427734375,527009
2015-05-15,345.6404077147838,353.1605318277719,345.6404077147838,350.2572021484375,557137
2015-05-18,350.0668646582676,361.63263017549224,347.49668163215074,360.5379333496094,796620
2015-05-19,360.5378874076211,363.53641452256596,355.6355298641211,361.2994079589844,711652
2015-05-20,362.67975308143167,365.3451044761428,356.96826090692093,358.0629577636719,476821
2015-05-21,354.6836294445303,362.6797117679677,354.6836294445303,357.9201354980469,351909
2015-05-22,356.15912382240947,360.25237727393403,351.25676556025724,352.6370544433594,438670
2015-05-25,349.4005063644176,354.5884564751885,347.11591540789607,353.16058349609375,406302
2015-05-26,355.0644065817505,355.63556157126845,348.8769571372964,352.7798156738281,251010
2015-05-27,350.35244539746503,357.444226627037,349.2577485160944,354.30291748046875,215459
2015-05-28,356.9681743192955,367.24884611963347,347.92498056987336,361.9657287597656,1467589
2015-05-29,362.67974111928766,362.67974111928766,354.30289782635646,360.10955810546875,312544
2015-06-01,357.06343805394874,361.34705694250545,355.1119942412941,358.2057189941406,232939
2015-06-02,360.2523629830406,360.2523629830406,349.5433156773634,351.20916748046875,322834
2015-06-03,352.1134892682682,353.11301783605103,338.40591376138184,349.9716796875,407702
2015-06-04,348.25823873082334,348.9721752476761,338.7866693205157,344.1174011230469,331402
2015-06-05,340.3573593839184,353.0178523680675,337.21605000184576,346.2592468261719,513150
2015-06-08,346.97312568295996,348.68656159713703,334.3126638556031,335.978515625,275247
2015-06-09,333.2179434492023,343.5462303976454,333.2179434492023,342.2611389160156,400693
2015-06-10,341.97562342631977,348.8770103987368,341.73764456520195,347.16357421875,423122
2015-06-11,347.7347008167009,350.3048841410583,335.0266528522504,336.6925048828125,402824
2015-06-12,336.4544981424216,338.8818707086165,328.5059990166133,331.2189636230469,306206
2015-06-15,328.4107748459627,335.40735803314567,326.5069442671455,327.69683837890625,502073
2015-06-16,329.3627006531896,332.83718576045476,321.2714204348309,330.4573974609375,794358
2015-06-17,333.07514566561736,338.4058769636826,328.60116134681954,336.930419921875,554088
2015-06-18,336.16892489584234,343.1655090456384,333.26559448375605,341.5472412109375,375925
2015-06-19,343.30831074090685,343.8318816830004,335.2646423957179,340.97613525390625,499477
2015-06-22,340.1669665050563,351.1615775127485,338.88187493334044,348.6390075683594,503127
2015-06-23,350.11447321417614,350.3048679146256,338.73910159106185,340.07177734375,581280
2015-06-24,340.4049182328834,344.49814241656594,337.0256014764482,339.4530029296875,1036071
2015-06-25,336.02611278884996,338.83427464326456,332.17086730750833,335.8833312988281,2374867
2015-06-26,335.9309196525952,344.1173974347948,333.4083497967825,342.8323059082031,972326
2015-06-29,337.59679231481164,342.689545537694,333.3131729955905,341.5948486328125,521388
2015-06-30,341.5948623732432,352.4466926084141,338.02517946363736,348.6866149902344,928099
2015-07-01,347.4491124224928,349.3053590267285,343.21307737700715,344.4981689453125,581426
2015-07-02,344.8313458823218,345.78326126087893,335.4073894446366,338.1679382324219,1301446
2015-07-03,332.6943661884013,342.2135182967962,332.6943661884013,340.1192932128906,640953
2015-07-06,335.12177903664707,340.7381027024869,335.07419489038756,338.73907470703125,606970
2015-07-07,338.88189506686143,345.49771896421134,338.5011347026597,343.6890563964844,622813
2015-07-08,338.9770821616639,342.68954643804545,334.36028662878743,337.88238525390625,743184
2015-07-09,338.3583812798046,344.4982189187933,336.97809216359184,342.4040222167969,492767
2015-07-10,342.87994892779335,346.92558949847034,337.40643521452444,338.6914978027344,675678
2015-07-13,339.3577726642778,341.2616030859567,335.4549144898065,340.1192932128906,349986
2015-07-14,340.5953089841169,346.16401972856437,338.8818729320493,342.5467529296875,483292
2015-07-15,341.4520152785144,341.4520152785144,331.59968653047247,333.88427734375,597184
2015-07-16,333.17041480669576,336.83529517960034,331.74254160038134,333.7891540527344,330307
2015-07-17,333.9328118306925,338.8196393156299,332.59133722983506,334.364013671875,557575
2015-07-20,334.4119782048873,336.6158276825199,329.6209756518087,330.722900390625,808216
2015-07-21,331.53733644913535,332.3997109556698,323.91963161717797,325.548583984375,475068
2015-07-22,324.82993501742214,325.7881354157036,319.41610861552283,323.8717346191406,810073
2015-07-23,324.82992821555507,330.57913048485693,321.2845751193703,322.96142578125,672679
2015-07-24,322.91351474646854,329.5250912474862,321.3324900330442,325.8839416503906,709976
2015-07-27,325.3090242360816,327.0817007614585,317.3559728955748,321.8594970703125,487372
2015-07-28,322.43446549281504,330.48334377559615,322.43446549281504,326.8421936035156,1107079
2015-07-29,328.51905295985404,329.3814275763895,319.36822048128363,324.3987731933594,801921
2015-07-30,324.35082673094934,330.8186792580806,321.95532579497484,324.6382751464844,1117699
2015-07-31,324.8299014376028,327.32122806398087,306.95947170542905,310.12152099609375,3631818
2015-08-03,309.49872696728477,310.45692736037233,302.26432569625575,303.98907470703125,2457661
2015-08-04,304.4202894796582,306.0492126717549,301.354036395072,302.7434387207031,1300131
2015-08-05,303.7016411021689,309.3550178487981,302.83923731275286,307.1032409667969,1990552
2015-08-06,310.88809116762684,315.00834065662093,307.58228851946865,314.0501403808594,1355010
2015-08-07,314.28970793764034,321.14083444215856,310.9360067858667,320.0389099121094,1020332
2015-08-10,320.47014096029,320.51803928432736,314.289736577756,315.58331298828125,527219
2015-08-11,316.68520011734955,323.8717023893015,309.59452372408083,314.6729736328125,1135585
2015-08-12,314.19388845428904,320.03891642907917,309.69036436108814,316.30194091796875,628727
2015-08-13,317.3560005960659,324.44667807453044,307.1990699821781,314.4334716796875,1800158
2015-08-14,318.0267184244377,322.91354648973606,312.37334170817195,321.0450439453125,349444
2015-08-17,322.05114274601885,325.7881182540718,316.349838979791,322.5302429199219,590909
2015-08-18,323.8717673404804,324.4466934859262,317.73929002029496,322.0990905761719,219001
2015-08-19,321.8116323595023,328.5669339481245,320.27850576548695,326.2193603515625,336368
2015-08-20,330.1958637938999,331.3456867290939,324.2071112919863,326.93798828125,758875
2015-08-21,323.9675912599429,331.05826903191644,320.13478930298874,329.9084167480469,603152
2015-08-24,320.5180542759613,324.6862321306321,314.8167498349572,318.6974792480469,802619
2015-08-25,321.0450135226837,323.58426782754833,308.0614105597913,313.3315124511719,635497
2015-08-26,314.289749627117,319.1765778020276,307.10324620576523,311.17559814453125,795875
2015-08-27,306.6241744953058,338.340618393056,306.6241744953058,332.5434875488281,3735076
2015-08-28,331.63316029297334,333.45373518264853,324.25500560508095,327.3212585449219,742569
2015-08-31,327.60877350264394,330.5792011585478,322.0991201500015,323.6801452636719,561975
2015-09-01,321.7157979232559,325.1173977905165,314.289744508795,320.9492492675781,423225
2015-09-02,321.9553540402637,321.9553540402637,307.6781730577031,309.5945739746094,909066
2015-09-03,311.2713861951458,316.2061120961341,309.4987097183373,313.5231628417969,351699
2015-09-04,314.05021314641675,320.4222406082422,305.0431343157045,319.0328674316406,854711
2015-09-07,319.08078555773034,323.58433987349747,315.3438092329238,318.505859375,366587
2015-09-08,319.17655758194115,320.9492341619656,302.8392232938768,308.54052734375,842521
2015-09-09,311.6546734642101,318.60162621629473,310.792298970963,316.7331237792969,903800
2015-09-10,312.70871377378586,316.0144876866866,307.82188576998016,312.325439453125,756925
2015-09-11,312.6128831337125,317.1643350720577,311.5588568364414,312.8045349121094,481787
2015-09-14,316.1103298987678,317.16435626647393,311.60680522505294,315.2479553222656,324466
2015-09-15,317.16432339720933,317.16432339720933,309.49872041479944,312.3733215332031,231855
2015-09-16,316.30191687728944,317.40384134602493,312.75656416019086,314.0501403808594,179163
2015-09-18,312.6608399190497,316.0145419743835,306.28881186230774,308.44476318359375,1000353
2015-09-21,306.6241278264189,309.88200333618346,304.03697505110125,305.37847900390625,430092
2015-09-22,306.1450412358178,310.12156722194493,303.07878812446666,305.522216796875,457865
2015-09-23,303.7495145949676,308.06141622171003,298.1919641950591,306.5282897949219,635557
2015-09-24,306.09714673647636,313.23572257382114,304.7077443813509,311.27142333984375,1692883
2015-09-28,311.36722215061974,314.96047354068554,307.7739707605539,312.4691467285156,484788
2015-09-29,310.2653152811914,311.3672692677935,305.18686424485816,307.7740173339844,589238
2015-09-30,309.4987834734428,311.0319102306817,303.17465387605773,304.5640563964844,697606
2015-10-01,300.8749789244533,315.91873956746025,290.09522251394344,313.5711364746094,1842510
2015-10-05,318.02669806045094,320.47012655762,312.1816699347357,317.0205993652344,473457
2015-10-06,319.2723767644267,335.3222330515908,315.6791253568527,333.9328308105469,1592362
2015-10-07,329.6209756518087,333.16632923787046,328.08784898643177,330.722900390625,398156
2015-10-08,330.6270213976785,334.5077503876636,325.78812129290384,326.7942199707031,353672
2015-10-09,328.4231682651344,332.73506981784953,326.12349328541046,328.8543701171875,521299
2015-10-12,326.45891916479513,334.8431734657787,326.45891916479513,328.327392578125,731079
2015-10-13,328.1836310452037,331.63315827100416,327.9919792718989,329.09393310546875,222643
2015-10-14,330.57917579333,337.09492756145846,327.65667593599863,333.8849792480469,775139
2015-10-15,335.5617873139513,340.1611374759997,328.9501812483184,338.19683837890625,830753
2015-10-16,339.8258131599157,340.92773792440846,336.13673525969244,339.15509033203125,592163
2015-10-19,331.53735266214665,341.83800740526243,331.53735266214665,336.28045654296875,535865
2015-10-20,336.61580734654956,342.9878637507563,335.1306083416041,337.38238525390625,440519
2015-10-21,338.81963375855054,339.2029080322303,329.33345658570073,333.2620544433594,397954
2015-10-23,340.784005147703,340.784005147703,328.3753261024118,329.3335266113281,336286
2015-10-26,330.00420738310373,334.4119350110095,328.75855857697945,330.3874816894531,475118
2015-10-27,330.38752414949244,331.77692658576876,324.11132250580874,326.17144775390625,265056
2015-10-28,326.74636568515706,340.64027273042035,326.69846735764634,336.13671875,670732
2015-10-29,336.61577425085625,341.5984278119355,333.64537653301153,337.573974609375,880195
2015-10-30,331.5373620779056,340.16116629380485,328.566934777371,335.322265625,1191629
2015-11-02,320.99714002544613,343.89812416693,315.5833135122142,341.69427490234375,4413018
2015-11-03,340.0653702417858,349.2641013943923,333.0705179051568,333.8370666503906,1697686
2015-11-04,334.5077922418312,339.72996729431975,332.4476670654566,333.4537658691406,774920
2015-11-05,332.5434717699084,339.2029769405242,331.5373729418683,334.17242431640625,476785
2015-11-06,334.36400234386866,338.24470181522275,331.68102399109785,335.4179992675781,495582
2015-11-09,326.2672032731653,345.9103094907861,326.2672032731653,339.586181640625,714356
2015-11-10,339.20295280068854,343.03575452725,334.268226426132,338.0531005859375,347269
2015-11-13,336.99907117194107,343.99392195502503,335.56177066237973,339.82574462890625,567501
2015-11-16,336.37630589557625,347.44354027081084,336.37630589557625,344.6647644042969,655262
2015-11-17,345.14381522760885,346.14991400752604,341.11936162402566,343.4190368652344,506095
2015-11-18,341.31096043655225,349.5514596683748,341.31096043655225,345.7186584472656,409990
2015-11-19,348.4975290146223,356.4505813644105,343.80232323211584,354.4383544921875,802938
2015-11-20,356.59428910936924,358.7981676740324,351.32418667146067,356.1631164550781,724817
2015-11-23,356.16315470249674,366.89498327425366,354.7258538832646,364.4036560058594,869178
2015-11-24,367.9489232351911,368.2363716346874,360.6186966285057,362.24761962890625,813490
2015-11-26,360.3791691397058,375.99782365310307,360.3791691397058,372.3087463378906,2068604
2015-11-27,373.45857315017,373.45857315017,362.82254379448784,364.0202941894531,638174
2015-11-30,362.19976526662845,369.7695428722222,361.9602151573251,365.553466796875,315528
2015-12-01,366.17635649015375,366.51173255133824,360.90625314627835,362.10400390625,400194
2015-12-02,362.24767933296107,367.90108555175027,359.66055558523726,360.9541320800781,377398
2015-12-03,357.8878621747417,363.15796456285705,354.5820589799594,356.4505615234375,411070
2015-12-04,354.67785829392494,359.90006196578605,350.46178254775634,351.41998291015625,263031
2015-12-07,352.80940553564153,357.1692057399096,349.2640522929498,352.4740295410156,463510
2015-12-08,350.7013563720755,355.7319086151176,348.68912962646743,350.50970458984375,414619
2015-12-09,350.4138728779287,352.6177219432929,343.70647055835525,344.7604675292969,419161
2015-12-10,345.8145121648461,349.0244892943242,343.1794611132074,347.5871887207031,236817
2015-12-11,355.34859027158797,362.535092585661,335.0826595942926,337.8135070800781,3053855
2015-12-14,334.2202659716964,343.3231691765431,333.50161571868216,338.4363708496094,1503832
2015-12-15,339.1550245937176,350.126401024163,335.3701215254347,348.83282470703125,1385795
2015-12-16,349.21618114029627,350.65348187884825,337.66984766208697,340.5923767089844,1158158
2015-12-17,341.2630901679562,341.93384219103837,335.37016314957657,338.38848876953125,1160421
2015-12-18,338.1489620281868,347.8267932536075,335.84928659886896,346.67694091796875,2133764
2015-12-21,345.86246705376084,345.86246705376084,338.0531099265494,340.2569885253906,893057
2015-12-22,341.1193193790545,347.73089584447126,339.63412055606756,346.2456970214844,1122747
2015-12-23,347.0602188380323,349.16824230807254,340.87981416482455,343.2274169921875,751759
2015-12-24,344.9521923179252,349.4557465255264,328.85443503987256,335.9930114746094,1477723
2015-12-28,335.9929368463019,338.62798773011883,334.69936056403753,335.8492126464844,647834
2015-12-29,334.8910346944828,337.76563585065867,329.4292808009667,336.61578369140625,1612905
2015-12-30,336.32833450440233,337.76563507920747,333.93283354639374,335.2264099121094,312305
2015-12-31,335.56181116055615,340.0174374295449,325.5965030313443,332.6392822265625,4706175
2016-01-01,332.6392358922721,339.0112621843839,332.0164115314407,337.33441162109375,452823
2016-01-04,335.3701645943112,338.7238662402543,333.3100394316234,336.7116394042969,687951
2016-01-05,337.1907144120677,340.1611414960582,331.34568613233586,333.1662902832031,1494306
2016-01-06,333.1662733545007,336.23249692898514,328.8543717799831,333.30999755859375,1000140
2016-01-07,332.208108350715,333.1663088025579,322.4823503709439,329.6688537597656,1423390
2016-01-08,333.16631742293316,335.8492670607293,324.06341289489626,333.4537658691406,1341603
2016-01-11,330.57911584014926,335.370117518992,329.28553953847097,330.62701416015625,705294
2016-01-12,332.01644491937736,334.4119459649717,330.2916958633319,332.39971923828125,638269
2016-01-13,334.89106371742196,336.5679145371802,330.57916160947235,335.322265625,735198
2016-01-14,332.4955340915363,344.904240792599,325.7881313865197,327.4170837402344,2007294
2016-01-15,327.7045416897733,328.1836418969221,318.64953607787874,321.8116149902344,1570462
2016-01-18,320.9972149343212,329.42936888357195,318.69753924288585,320.278564453125,2640407
2016-01-19,320.13471815274994,326.2192957555033,313.2835920257552,325.02154541015625,1222626
2016-01-20,321.85952667084734,329.5251303033389,319.99105333060186,326.6026306152344,1530254
2016-01-21,329.5251207209112,333.0704739946243,323.10519541056215,329.0460205078125,1015243
2016-01-22,331.5373689756866,334.4119704407937,322.72191278590816,333.07049560546875,1027422
2016-01-25,336.2324959781867,342.9878259710005,332.0643186195491,339.6341247558594,801820
2016-01-27,342.892014392964,342.892014392964,330.57913356958966,335.0347595214844,866074
2016-01-28,331.345676358476,334.3161033548464,322.81769891105495,324.8299255371094,1060659
2016-01-29,332.4955100479773,351.37206799243904,331.96851157033086,348.4974670410156,1807418
2016-02-01,349.26400493537767,350.94085543918266,342.50870460254424,344.9042053222656,659748
2016-02-02,344.85636900491556,347.6351447266114,336.0409415691234,337.2865905761719,757686
2016-02-03,330.5791521965675,341.5984572697864,330.5791521965675,339.2508544921875,723244
2016-02-04,341.1672564513971,357.3129397841217,341.1672564513971,346.8685607910156,1519516
2016-02-05,348.44961950507275,356.4505998391004,346.0062198319918,354.1029968261719,1549307
2016-02-08,350.79718881153485,360.28336736995885,349.7431624734973,356.0672912597656,1047610
2016-02-09,352.13866306306636,359.9000925055008,350.2222621756483,351.5158386230469,808046
2016-02-10,349.74317323661086,358.1753257164912,348.8328710889379,354.9174499511719,2059928
2016-02-11,353.576004097671,354.82165311993015,339.15509747014625,341.45477294921875,1069363
2016-02-12,343.1794963819172,345.67082348061956,326.84218987954705,340.97564697265625,2187500
2016-02-15,341.3589096564012,349.40778757253963,335.8492570794908,343.7065124511719,775675
2016-02-16,347.7788308460336,348.2100034609855,332.01642329581426,333.02252197265625,1720575
2016-02-17,331.82472065934985,331.8726482149667,309.5465658014809,313.187744140625,2744020
2016-02-18,314.3855818220706,321.4762594915249,306.7678763459801,319.7035827636719,1744811
2016-02-19,319.0807642615193,326.55471641230304,317.16436327496365,320.709716796875,807083
2016-02-22,323.5842563894184,325.21317937127503,312.66074946166583,323.77587890625,873701
2016-02-23,323.8718026481235,323.8718026481235,312.8524957532909,315.67919921875,828320
2016-02-24,317.1643611638328,318.12256165073256,310.6006819801775,313.2836608886719,668565
2016-02-25,314.38555425987454,316.9247794486381,309.21127799481843,310.2173767089844,1270824
2016-02-26,314.8167574099802,322.9135631988412,311.3672590601763,316.3498840332031,881692
2016-02-29,317.88300031635015,317.88300031635015,289.0890883974395,303.5578918457031,1857767
2016-03-01,299.43760059497976,325.788109447338,297.04209979021994,323.3926086425781,1388815
2016-03-02,323.3926734504834,324.302975635498,313.81066831120984,319.9431457519531,1520145
2016-03-03,319.08076834192104,330.10007415553093,318.55376976066236,327.8482971191406,1501530
2016-03-04,327.60869111554086,330.9623923128903,321.9553149455426,324.30291748046875,893896
2016-03-08,323.87168570869494,329.6208872301511,322.14693694903855,327.2732849121094,2006420
2016-03-09,327.2733016312333,327.2733016312333,323.105153708804,325.6443786621094,914711
2016-03-10,325.50069179640445,331.05824249166744,323.68008761923863,324.8778381347656,3429651
2016-03-11,325.8360491789059,332.87882828839514,322.913549522444,331.537353515625,1425552
2016-03-14,332.59138002324715,334.89105524088757,325.83604934660445,326.89007568359375,794134
2016-03-15,328.3752632892788,330.5791123414404,326.0276607947104,329.42926025390625,963552
2016-03-16,328.56691007736435,329.23766205162696,322.96143191002994,325.4527587890625,804723
2016-03-17,329.1418224216737,329.5250967158408,323.5842720513645,325.30902099609375,1527064
2016-03-18,325.88402414990554,330.1001008670136,322.00329424330243,323.6801452636719,2523802
2016-03-21,326.74635816289003,330.05216145985474,323.15310642356206,327.8003845214844,1071707
2016-03-22,329.43981736829136,348.1492152957231,329.43981736829136,345.83465576171875,1399074
2016-03-23,345.83471325755096,346.1240222106918,338.9874501980311,340.1447448730469,472224
2016-03-28,344.0023379781883,344.2916469173936,313.4307710032295,315.7453308105469,1417021
2016-03-29,313.4307768780504,319.21719122041435,308.89807387070846,318.0116882324219,2005734
2016-03-30,319.60294422750684,327.4628177722427,319.60294422750684,326.2091064453125,1455310
2016-03-31,326.45022228513926,328.04148040707855,322.3515119610275,327.02886962890625,895578
2016-04-01,326.93240120692997,330.79001066069907,323.4605468122929,327.36639404296875,517494
2016-04-04,326.1609190856737,333.538591913047,324.52142315460094,332.28485107421875,796436
2016-04-05,331.65792871483427,335.61198383592705,329.1504769723446,333.29742431640625,829255
2016-04-06,334.45475525986376,337.5408548481086,332.8634971161109,335.70849609375,1075449
2016-04-07,333.6832489340433,335.9978089363577,326.4020221821064,327.22174072265625,1433323
2016-04-08,326.93239272982885,326.93239272982885,321.91748879747183,323.89453125,652937
2016-04-11,324.90717824684543,335.5156051553168,324.858969897025,332.28485107421875,676453
2016-04-12,337.2032424983664,341.3983981929134,333.7313884949061,337.9265441894531,1549878
2016-04-13,340.43399160833644,347.4741162062188,335.99773540651626,340.2893371582031,1722232
2016-04-18,339.56612045014873,351.47649701195303,336.62467521566657,348.9208068847656,2020524
2016-04-20,352.7783724090521,365.5084953657856,350.319158157313,360.49359130859375,2840312
2016-04-21,366.42466612900853,370.9091309435347,353.69454398013823,356.2019958496094,1769805
2016-04-22,355.8644750997005,361.3133426126786,350.65670817960836,358.4201354980469,748456
2016-04-25,361.5544008609504,361.6508469730541,356.10553398613393,360.3006896972656,751650
2016-04-26,359.23986221007993,360.6382573388231,353.3570022044219,358.6130065917969,993569
2016-04-27,358.46834389114326,363.57966426885304,354.22495025920796,358.27545166015625,648977
2016-04-28,358.27552460424596,359.625682202377,353.0677570507529,356.3949279785156,1902333
2016-04-29,352.9712430772729,355.18935660281045,342.3628177388849,343.23077392578125,1099913
2016-05-02,344.9667741491684,355.8163019007412,343.279069832257,354.56256103515625,966084
2016-05-03,354.0321278528246,355.8644865313752,344.67741277585105,347.28131103515625,963168
2016-05-04,345.2560496513088,351.0906722374513,344.53274787131306,347.2330627441406,1040577
2016-05-05,345.9311593863167,351.52468164270886,340.62694608306595,346.4133605957031,1448922
2016-05-06,344.87029246337113,354.99651732092093,341.20554580857066,352.44085693359375,1508866
2016-05-09,341.59133943659543,356.3948926269172,341.59133943659543,352.48907470703125,4231513
2016-05-10,349.7887312989214,359.384516671034,348.14923559151373,358.6130065917969,1693745
2016-05-11,354.4178796583607,360.83114968974303,353.8874701143553,358.7576904296875,3445883
2016-05-12,358.7576577905665,364.9780644360372,357.40750044856696,360.68646240234375,1198216
2016-05-13,361.7473700696388,371.1502940920011,350.7049500862711,351.71759033203125,2542678
2016-05-16,352.97126998207085,355.8644771130714,350.56026403957037,351.8622131347656,2146484
2016-05-17,353.9356215897286,358.1789855536066,350.3191131947382,351.7657165527344,1457307
2016-05-18,351.1388680940108,355.62333270836007,349.21006357762644,352.2479248046875,1500718
2016-05-19,352.7301445616663,355.18935867744034,349.88514597726487,350.9942321777344,1203562
2016-05-20,353.8873946939483,356.2984001641858,350.8495042564738,353.0194091796875,1829681
2016-05-23,353.3570083466788,355.71980583115146,348.14924164324617,349.6922912597656,791265
2016-05-24,351.91040484954624,354.41785679748745,345.93112805346556,349.6922912597656,2006771
2016-05-25,350.2226577295856,353.3569649215213,345.8828477715208,351.57281494140625,1152110
2016-05-26,350.31919163158915,353.8874924860811,346.22048119956094,349.0172424316406,1578440
2016-05-27,350.9460366752975,350.9460366752975,346.31691680641563,347.6188659667969,804692
2016-05-30,348.2456913947639,352.58550193142503,341.6395294693794,350.60845947265625,2101717
2016-05-31,359.23988162396523,368.35349576248586,342.7003869200061,347.66705322265625,27065544
2016-06-01,346.2204472615475,351.2835596518626,343.71299523914655,346.4615478515625,1519865
2016-06-02,345.979353692137,350.078063805563,341.97708970291893,345.30426025390625,1144323
2016-06-03,346.60619613402145,348.7761014054338,340.6269192670862,342.70037841796875,1126862
2016-06-06,342.2664102106447,344.33986951067266,339.1803401502762,340.4340515136719,908115
2016-06-07,341.6877663692903,348.9207845348657,341.35024906654445,347.7635192871094,1181754
2016-06-08,348.87261728131995,352.4891267901104,344.77390650469073,349.16192626953125,1176799
2016-06-09,350.0781142889806,353.4053147509957,348.63151051092694,351.66937255859375,394763
2016-06-10,351.2353443837421,353.598112460586,347.763490069709,349.1136474609375,422023
2016-06-13,347.1848197091596,353.9356356479488,345.4971157244623,351.2353210449219,603739
2016-06-14,351.7175343170857,355.71979801833794,350.656685889577,353.9838562011719,452856
2016-06-15,354.9482808112604,356.7324310835397,351.2835635745987,353.791015625,736622
2016-06-16,352.97123905145946,359.28806229478215,351.52463561272396,358.27545166015625,850822
2016-06-17,359.0952407288775,364.54410842088095,358.75769400150193,362.9528503417969,1834207
2016-06-20,361.65088952742246,364.8334055827739,357.8897261625822,363.1939392089844,1358070
2016-06-21,363.4832351153983,363.9654362841455,359.9149641254032,362.0848693847656,453254
2016-06-22,362.56706627979815,367.34084013539103,362.1330734605519,365.79779052734375,887946
2016-06-23,365.3156256580764,375.8276356021946,364.1101226306524,374.3327941894531,1066962
2016-06-24,368.40172167750774,386.2431663137221,364.59232037458236,376.5509338378906,2567589
2016-06-27,378.04570823854567,381.7104252704097,374.6220917859154,377.5635070800781,963785
2016-06-28,380.9389352566322,381.9033376243705,374.2845648054828,376.0204772949219,451122
2016-06-29,375.15251100018224,383.83213207730734,373.8987997281982,382.3855285644531,972222
2016-06-30,383.8321029146635,395.54958459227134,381.90329837740387,391.7884216308594,3607558
2016-07-01,399.069691186997,399.069691186997,389.76321415018964,391.4027099609375,881009
2016-07-04,393.47614199375386,395.3085004942449,389.9078416786743,390.82403564453125,359798
2016-07-05,383.8321290191191,392.5117500270892,383.8321290191191,387.5932922363281,608931
2016-07-07,388.5576993116066,390.2936411931162,386.9182329821644,388.5094909667969,442528
2016-07-08,387.78618791194293,391.4509050419594,383.5910318346716,387.1593322753906,332694
2016-07-11,390.77586364797787,392.5117761928023,387.3040091271036,388.3166198730469,896345
2016-07-12,389.76322238885365,393.9101703496623,383.8321535407381,391.5955810546875,602537
2016-07-13,391.69202479628575,392.89752778373656,386.7253583742333,390.39007568359375,996482
2016-07-14,393.4762134635848,401.9629435501121,391.83671746832863,400.1305847167969,1007303
2016-07-15,411.31757892126956,419.51499843083764,400.27516086824477,402.8790588378906,2849329
2016-07-18,406.9777824944736,406.9777824944736,377.56351148480195,399.0696716308594,613955
2016-07-19,399.16610120656503,400.56449629696783,394.9227370246569,398.53924560546875,614051
2016-07-20,394.44058347594245,402.54155778822525,392.7046709201768,397.43023681640625,537315
2016-07-21,397.33379890288865,399.5519127067977,391.7884849618896,394.63348388671875,316459
2016-07-22,395.40494001884537,397.478399061968,391.25802193260006,395.1156311035156,562267
2016-07-25,396.36939415564905,401.67360745943506,394.44058931790863,398.0570983886719,704244
2016-07-26,399.74477441760075,404.4221317053543,396.5622584323628,399.2625732421875,675183
2016-07-27,399.5518867069388,401.57713755289114,392.7046534833836,397.0444641113281,529343
2016-07-28,397.04450233031946,417.1040616134585,395.93541596255045,411.4140930175781,1930303
2016-07-29,409.9675013989522,412.28206147184676,404.5668416080461,406.3992004394531,524658
2016-08-01,408.03862936204587,410.8353902167131,401.6735681344155,407.26708984375,527565
2016-08-02,407.8939890066437,413.72861149888183,406.64024828276104,408.3761901855469,737731
2016-08-03,409.58171666283755,411.7998304407305,381.22826216947857,399.98590087890625,3494599
2016-08-04,395.4049492602291,396.9962071941781,383.92856759477434,393.6690368652344,1763216
2016-08-05,395.40501943613157,403.2648938142871,390.1008057607689,401.62542724609375,1055018
2016-08-08,405.04895246252926,407.1706492241073,400.22694112368964,404.7596435546875,616890
2016-08-09,390.58296491524635,406.7367048222349,390.58296491524635,405.14544677734375,813302
2016-08-10,405.14543516229793,405.14543516229793,388.0272933635597,389.5703430175781,915542
2016-08-11,390.3900529513023,391.49913918015557,384.2661216766268,386.0984802246094,1784058
2016-08-12,386.9182692176938,393.28330175231946,385.3752194333619,387.6415710449219,1055193
2016-08-16,387.83439656062313,393.3797100358674,378.5279198318927,390.1489562988281,985377
2016-08-17,390.4383146143329,395.30853492552023,386.82180564130505,390.24542236328125,902574
2016-08-18,390.58290682944545,393.28322132639533,382.9641350269177,383.97674560546875,745822
2016-08-19,385.7609535331157,388.99170740520054,380.11919370144886,387.68975830078125,1115131
2016-08-22,388.17199466428997,392.0296045491525,384.9412404994721,388.6059875488281,618307
2016-08-23,388.65409107360654,392.99390102355994,387.30393386430944,392.2705993652344,1353924
2016-08-24,392.4153206435397,395.74252061098605,387.3039998266764,389.7632141113281,568052
2016-08-25,391.01700259798525,393.57266331844215,378.04577729336194,381.0354309082031,1667694
2016-08-26,384.21788091193,392.80105572976106,383.88033421148015,391.3062438964844,586830
2016-08-29,391.30622944964364,391.40267556495763,386.0020168508192,388.8470153808594,232134
2016-08-30,389.5703304707874,395.8871539191765,387.78618028551597,393.09039306640625,866952
2016-08-31,393.4761617243504,405.29009059965256,393.4761617243504,403.6023864746094,1679311
2016-09-01,404.08454690215956,409.09945042617846,396.6104293878594,398.78033447265625,771295
2016-09-02,400.99851980935426,405.1454679293743,400.2270096355595,403.457763671875,653097
2016-09-06,404.2292859441129,424.3370831572413,404.08463146110023,421.87786865234375,1339453
2016-09-07,428.1946764655865,428.6768776778225,408.23153450652467,410.16033935546875,1104546
2016-09-08,410.2567496309787,419.41857186279253,408.2797366060767,417.4415588378906,990006
2016-09-09,418.74355403143505,418.74355403143505,407.0742785428561,408.8584289550781,975257
2016-09-12,405.04906630157365,405.04906630157365,395.4050409134409,396.65875244140625,994629
2016-09-14,399.26255924812574,403.1201685162236,391.5473407119301,399.79296875,1555042
2016-09-15,403.02376377061603,403.02376377061603,390.0043311542781,391.9331359863281,1551475
2016-09-16,393.95834927158006,396.1764628438267,388.84702872793866,393.09039306640625,1324334
2016-09-19,391.54735247040867,394.9227606813605,387.20754191347066,388.5094909667969,860013
2016-09-20,386.7253407404776,392.0295536434018,385.471629463185,388.5094909667969,515849
2016-09-21,391.25805198466304,395.3085242665029,387.93085204670115,391.9813537597656,1052732
2016-09-22,395.2603268296919,402.15579805640436,394.00658605950986,399.6483459472656,1140943
2016-09-23,399.2625633929936,404.0845750281747,392.80105602936163,394.4405517578125,834603
2016-09-26,393.95836678517315,396.2247182330953,387.207550218475,390.34185791015625,555483
2016-09-27,387.68974792337804,392.2706591239652,387.68974792337804,390.9205017089844,599703
2016-09-28,390.5829285552009,396.2728961960569,387.68972167701423,395.1156311035156,1071066
2016-09-29,398.2981459920906,399.2143399405904,377.12950394229813,379.1547546386719,1437151
2016-09-30,379.05838813862067,384.98948701613955,369.5590471266146,381.0354309082031,1517886
2016-10-03,383.8321109915143,394.0065433671673,381.03535023988087,392.1259765625,1133074
2016-10-04,392.84935947355314,393.6691074748085,386.33964267788764,392.07781982421875,784343
2016-10-05,392.2224367343198,394.2958958435704,386.4360227934027,391.4508972167969,734681
2016-10-06,392.0295581313372,394.34411790195634,381.03537714747813,384.6518859863281,903119
2016-10-07,385.66449770707845,386.67713784336496,378.33503388807725,381.2282409667969,1412940
2016-10-10,381.2282505807032,394.0548199452249,380.9389416380251,389.3292541503906,1317724
2016-10-13,389.13629301685194,389.66670246161124,371.777053179669,374.3809509277344,4769967
2016-10-14,378.4315128427151,378.4315128427151,366.61758291297565,371.5360412597656,3113531
2016-10-17,371.53599554606194,375.15250426325264,366.76219226688085,372.3557434082031,1651931
2016-10-18,376.0204561534796,376.98485846699515,371.29489070349786,376.2133483886719,864701
2016-10-19,377.17781201649166,379.3477175746432,372.211145180746,374.57391357421875,1428598
2016-10-20,375.05607722026275,379.9745352120443,373.85057425321946,375.7311706542969,1130359
2016-10-21,376.2133424381072,378.91365710075075,363.7243209031301,365.89422607421875,997847
2016-10-24,368.0641630729112,368.0641630729112,359.3845416380038,364.110107421875,1511482
2016-10-25,361.65087881308284,362.1330799848336,354.4178612368212,360.0113830566406,1613924
2016-10-26,358.8541041155505,366.906869260636,354.2731931599224,362.1812744140625,1874976
2016-10-27,359.722059513243,362.32595750740967,348.24567797801944,356.0573425292969,1476366
2016-10-28,357.26284830120215,363.29036275201724,355.43046036317605,360.2524719238281,1479061
2016-11-01,365.99066294789475,367.53371247239113,357.35925082393396,359.4327392578125,2554087
2016-11-02,358.2754651041279,370.61980313872556,356.0091137454883,364.1583251953125,2464297
2016-11-03,364.01371413630847,369.84833714803045,360.4936216719259,363.7726135253906,1629999
2016-11-04,363.77265459236435,364.54416486190803,347.23312727123806,355.9127502441406,5181261
2016-11-07,359.3362857761734,369.84826445997805,354.90002952091766,357.31103515625,1702175
2016-11-08,358.7576751319681,361.26512713472664,351.81396642144034,357.93792724609375,725837
2016-11-09,322.1586095398742,343.5683545652741,304.26895681500065,336.383544921875,6105180
2016-11-10,342.74859346308034,346.99195796832964,335.1298206918698,336.9139709472656,3548040
2016-11-11,329.8256056456652,330.9829002449818,312.32170877615323,323.0265808105469,2165568
2016-11-15,320.18155457879953,321.7728124427209,290.9119397122342,317.6741027832031,4023810
2016-11-16,321.62813095785947,326.0643869262807,302.0025404689396,308.89801025390625,1715484
2016-11-17,308.560509834057,310.53752266236944,297.325200143066,304.6546630859375,1965715
2016-11-18,307.93367319553425,308.1265654471776,288.35631633397844,292.50323486328125,5298478
2016-11-21,293.178334145697,295.3964479275984,285.6077693020711,293.2747802734375,3322407
2016-11-22,295.10711093393434,300.6042159493107,289.9475526179624,295.9750671386719,1945517
2016-11-23,298.00032421875,302.8223359375,295.3482177734375,301.375732421875,1250719
2016-11-24,299.9291594255015,303.497460232958,295.10714721608826,296.6019592285156,2751768
2016-11-25,299.83264036477556,307.83719634413603,295.3963843249301,304.895751953125,1285140
2016-11-28,305.6673511881017,306.6799619314228,292.9372277882694,295.6375427246094,1676934
2016-11-29,295.1071390128407,304.9922637673558,294.38383720153473,302.6777038574219,1450559
2016-11-30,303.25633184971656,316.85438148994604,300.36312478903386,311.9841613769531,3265106
2016-12-01,311.50199181445083,321.5317714231599,305.9566777186828,313.3343505859375,2650987
2016-12-02,308.6087356271664,316.51684625010154,296.2161602008935,302.0508117675781,2033226
2016-12-05,303.59385492961593,316.80617919835373,297.0359305725813,314.2505187988281,2844583
2016-12-06,314.20227501765356,315.6006702028065,309.62136383823923,311.9841613769531,1159353
2016-12-07,313.2860963380083,316.22751161147227,310.1999971730437,312.65924072265625,903190
2016-12-08,313.96120620309114,323.5570223646376,312.80394092043383,314.9738464355469,1684964
2016-12-09,314.5880503579988,318.927860822851,311.2126422186693,314.9255676269531,648772
2016-12-12,313.7200855555286,319.07253647639254,305.90844974496946,310.2482604980469,819985
2016-12-13,310.53751750434185,316.2274847649165,307.0656635963101,308.65692138671875,894222
2016-12-14,307.54791272773497,313.6236653731995,306.96926541418236,310.6822204589844,1104507
2016-12-15,309.2838877787076,312.2735119282037,302.91882551066897,304.12432861328125,1010984
2016-12-16,304.75115510499205,311.3090795815967,303.9796449658239,310.2482604980469,1225800
2016-12-19,309.2838472902112,310.0553574023931,304.84759056710476,305.5708923339844,563223
2016-12-20,306.6799527306297,310.9715550366142,304.8475941194274,306.6317443847656,572858
2016-12-21,308.3194885253906,316.2275713026053,301.85798005523134,308.3194885253906,1494083
2016-12-22,307.35505545754796,311.4055278630651,297.4216931174318,298.7718505859375,2326292
2016-12-23,299.83270153085687,304.26895847570177,297.5181416473978,303.1116638183594,966581
2016-12-26,301.8579940836444,303.2081517492103,296.16802500154057,296.8913269042969,672698
2016-12-27,299.9291557131539,305.7155702928289,297.13239455255626,305.0887145996094,722421
2016-12-28,301.66502045329685,306.6317157244981,301.66502045329685,303.06341552734375,949474
2016-12-29,303.73851900704227,311.88770085976114,301.2310671172739,309.5249328613281,1462224
2016-12-30,311.11618453622816,316.3239510142426,310.2482283617628,315.1666564941406,498203
2017-01-02,317.2401527400266,324.32848619797085,313.9129529865737,322.0621643066406,656084
2017-01-03,328.86115242406345,341.97702831900904,327.0770024557535,335.7566223144531,2773103
2017-01-04,337.9265982722066,349.06546375637055,336.7693330399885,346.8473205566406,2371009
2017-01-05,347.6670578564889,348.6314602361185,342.7968376118491,345.30426025390625,1187872
2017-01-06,346.2204113961843,350.0780204368103,340.04824281742697,342.5556945800781,1089982
2017-01-09,343.27903036557774,344.6291877776341,339.0838742310398,341.9770812988281,388058
2017-01-10,342.603945425842,350.51205671273567,341.3984424510854,348.583251953125,680201
2017-01-11,350.5602792593149,352.44087574860225,346.3169145025313,347.9081726074219,1059399
2017-01-12,348.10100658508776,352.77833398855546,346.7026115393529,350.75311279296875,1138752
2017-01-13,350.415609293313,353.40526254590424,342.362843565458,345.5935974121094,701469
2017-01-16,345.6418082666275,351.6211148151996,344.33985916300975,349.93341064453125,577654
2017-01-17,349.93335727831874,351.5246150817451,345.5453094450406,347.1365966796875,1393756
2017-01-18,347.47416130924336,357.4557317011667,346.26865834962035,353.9356689453125,865079
2017-01-19,352.1032760898712,361.55440660167596,352.1032760898712,359.4327392578125,1091633
2017-01-20,357.79331909574563,357.79331909574563,345.4971875095711,347.8599853515625,829787
2017-01-23,344.1951782396849,351.9586344868572,344.1951782396849,350.9942321777344,768682
2017-01-24,356.3467020872147,356.73245717751837,348.9207915161541,351.3800354003906,883274
2017-01-25,352.9713049477347,364.978127503284,348.8725944394618,358.9023742675781,2920137
2017-01-27,358.7576951696599,362.27775806666546,353.5016902824528,359.5292053222656,386491
2017-01-30,356.82886922538347,360.6864786224146,354.99651064803845,358.2272644042969,361868
2017-01-31,357.6968945965227,357.6968945965227,346.55805708194,349.16192626953125,788682
2017-02-01,350.80136367250975,358.99878385454775,346.220452394312,356.7806701660156,931350
2017-02-02,357.74504434861325,380.360260586389,355.864448094325,375.4418029785156,1863055
2017-02-03,375.15253372644423,375.15253372644423,364.06190612270615,366.2318115234375,719064
2017-02-06,371.2949243658813,382.8677531772854,369.51077403787804,377.1295471191406,1765785
2017-02-07,379.92629294063454,382.8677081450789,372.88613858301187,379.444091796875,2246432
2017-02-08,395.4049634516872,416.1878223191582,391.8849007608621,410.44964599609375,12272324
2017-02-09,407.3635479779238,414.2108105697453,403.7470391545558,411.7998046875,1899826
2017-02-10,411.7998142948857,419.90078836198273,408.66550657484265,416.621826171875,1554723
2017-02-13,416.6218390155208,416.6218390155208,407.55646229355784,413.1017761230469,725350
2017-02-14,414.4037252562155,416.4771845409967,405.6276574833008,413.1017761230469,860400
2017-02-15,414.64477055155476,416.0431361937396,395.88713450123646,397.7677307128906,1647015
2017-02-16,394.0066168146199,410.8354516659143,394.0066168146199,408.9066467285156,1360235
2017-02-17,408.9066602015136,418.3577929336798,406.3992078140322,416.1396789550781,1184805
2017-02-20,416.5253147748547,422.7939292325929,411.26934031132936,418.98455810546875,1216989
2017-02-21,418.5023791004341,442.1784431843829,414.7894244546262,441.0211486816406,2381361
2017-02-22,440.92483182975343,441.6963420521129,422.8904934276234,424.33709716796875,2543124
2017-02-23,424.7228050212213,425.8800996572195,415.657428476653,417.53802490234375,3737985
2017-02-27,417.5861878151342,422.93860870401727,410.59427127550435,419.8525390625,891399
2017-02-28,419.4668134647772,424.2405874335329,417.2486704033706,421.63671875,995271
2017-03-01,422.50470913161195,426.84452005287227,420.14191141310187,422.55291748046875,602504
2017-03-02,425.3014161800657,430.1234277013816,412.7641862246443,415.1269836425781,1145833
2017-03-03,415.1270364040646,425.3014702346943,413.535748854804,424.1924133300781,853988
2017-03-06,425.0121105696068,428.1946264259592,420.672300166641,422.4564208984375,767048
2017-03-07,424.3370079400554,429.0143649365482,419.12924145612646,423.90301513671875,1118365
2017-03-08,423.37266886058256,427.9053720764553,419.7561597302245,425.2532653808594,727813
2017-03-09,426.26582690940324,431.5700396876877,422.4564259597824,426.5069274902344,998661
2017-03-10,425.54254642571505,431.3289606547333,424.57814405421203,429.4483642578125,798924
2017-03-14,434.0292533758696,447.19336862015956,431.47359310803546,445.74676513671875,1865638
2017-03-15,448.44707992243826,450.3758845672659,444.10726947157593,445.6020812988281,1372111
2017-03-16,446.51828263733205,453.8477462947295,446.13252758825297,449.2185974121094,885731
2017-03-17,449.36328580625104,451.147406605005,442.66067771541265,447.00048828125,1047995
2017-03-20,449.3632930352928,453.26911083489097,445.36099968187756,448.9775085449219,464420
2017-03-21,450.2794290838059,450.2794290838059,443.2393040490956,447.193359375,907074
2017-03-22,443.6250884547638,443.6250884547638,426.1693997401901,429.8823547363281,2027879
2017-03-23,433.59529137953837,437.8386557249896,430.26809158446923,435.90985107421875,1420121
2017-03-24,436.97075608793597,441.4552215952855,431.0396869052333,432.00408935546875,854519
2017-03-27,430.1234928050187,434.94550505619605,425.0603799412825,432.00408935546875,505757
2017-03-28,433.9810966590903,439.76751128121157,431.90763730574224,437.50115966796875,1419986
2017-03-29,438.8031005859375,440.29791256269584,435.04193703858897,438.8031005859375,502071
2017-03-30,438.8030352211434,445.5538511476225,437.4528779220919,441.0211486816406,1328990
2017-03-31,441.0211865385478,450.18300893949873,436.44027533807235,446.2771911621094,942301
2017-04-03,443.14291497577625,444.83061922214756,439.5746142252435,442.9982604980469,563933
2017-04-05,460.98431058262105,477.9095595857071,454.23349431885885,474.2448425292969,4809506
2017-04-06,472.55716520372425,473.42512145764937,465.85455690436515,470.0497131347656,1996260
2017-04-07,471.5927651082604,474.8235189763309,466.3849981282792,468.12091064453125,1100640
2017-04-10,467.4940327218802,472.55714498962624,465.8545369769778,468.45843505859375,1439403
2017-04-11,469.66395215395477,471.7856491312469,465.1312492621147,469.4228515625,1020639
2017-04-12,467.7351494579027,473.666218147258,456.7409683259619,462.7202453613281,2040706
2017-04-13,460.9843365368754,468.65134721201844,458.1393377501934,466.9154052734375,410747
2017-04-17,467.1564832827894,477.81314669981793,459.39305629018645,464.1186218261719,1888968
2017-04-18,460.4056684142636,467.39758533650627,451.38850070416095,454.4263916015625,921112
2017-04-19,456.4516671951239,457.9947169992822,452.3529567881677,455.4390563964844,737073
2017-04-20,457.5125109159249,465.0830759440274,451.72609628520604,462.43096923828125,1055041
2017-04-21,463.8775528950672,468.9406654786412,459.58595045650003,462.3345031738281,685339
2017-04-24,459.05557337267794,467.97629617456295,458.33227152387644,465.1795349121094,831740
2017-04-25,466.28857306137974,468.02448565602566,460.16461176884746,466.4332275390625,1815460
2017-04-26,466.96363933437954,472.5571613079842,458.09112575773975,462.7202453613281,1227056
2017-04-27,462.2380840939244,466.336794520447,460.1646247055761,461.273681640625,986347
2017-04-28,461.5629892223819,464.6008508612284,451.5332102638801,453.5102233886719,681325
2017-05-02,454.6674876435661,469.27817697303215,453.7512936628309,467.8315734863281,1181816
2017-05-03,467.73512724169893,473.0393400248522,463.49176290142094,466.19207763671875,1510792
2017-05-04,465.80634646697007,478.77757016488596,463.395340532876,475.1128234863281,1070973
2017-05-05,478.82576771401847,486.8302954622264,471.9302967842407,473.7144470214844,1348432
2017-05-08,472.6536290354931,477.8613961853751,465.75815766094024,467.3011779785156,635599
2017-05-09,464.74547256360216,467.73512564468916,447.77198582922034,450.5205383300781,1883022
2017-05-10,451.8225047593568,466.77074130955964,448.7846432176572,465.2276916503906,1731571
2017-05-11,464.9866553956704,485.0944532299156,461.0808370775432,483.310302734375,1951787
2017-05-12,486.7338647061225,488.13223041721966,473.71443333183277,477.379150390625,1383268
2017-05-15,472.21964209618403,472.5571888315948,455.5837002444595,466.4332275390625,3897357
2017-05-16,468.6995802786068,473.52159242139084,463.68467587762086,470.9176940917969,1308863
2017-05-17,472.5572115111735,472.65365764466617,460.3092883382907,464.60089111328125,859054
2017-05-18,461.94880753039126,465.4206624920221,453.3173931954841,454.8604431152344,811219
2017-05-19,458.0910980971579,462.4309085001836,443.96261011577434,454.3781433105469,1022479
2017-05-22,457.1267338488695,466.5296571717102,455.39082131560446,464.2633056640625,1725108
2017-05-23,461.61117782829723,468.31378591712667,456.11410210528527,461.3218688964844,1651642
2017-05-24,457.36780914949753,461.9005119140853,443.72152194251004,452.4975891113281,1477366
2017-05-25,454.3299079556702,455.05320964650457,444.5894392995232,447.3861999511719,974154
2017-05-26,448.25417947787105,460.93609333038415,446.42182098508016,456.5962829589844,1594613
2017-05-29,455.0050224057068,476.5594210725424,452.30470756586305,453.8959655761719,2314193
2017-05-30,453.26909463086787,454.23349695986974,445.98786881939327,453.0762023925781,1496350
2017-05-31,452.690446622806,462.9131171801115,450.906296430763,457.9946594238281,1366115
2017-06-01,459.00732638258404,459.48952757452656,448.7364174492281,453.9442138671875,715073
2017-06-02,455.8730116500961,457.7053702651574,450.3759063736876,454.9568176269531,596655
2017-06-05,492.80951655199186,548.9377354934147,487.02310344179233,532.205322265625,27100101
2017-06-06,527.5280670236959,527.624483710349,502.8393912710389,508.38470458984375,9844354
2017-06-07,509.2044979334899,527.5281446394299,509.2044979334899,517.1126098632812,4874204
2017-06-08,515.9552253294411,517.1125198503324,505.44321681980733,510.2652282714844,1883423
2017-06-09,511.08498838351977,511.08498838351977,503.3697703197624,506.74517822265625,1164090
2017-06-12,522.6096573730823,522.6096573730823,495.0277148264499,497.438720703125,4546833
2017-06-13,497.7280206472659,506.11833271906266,493.19534733970755,502.0196228027344,2382953
2017-06-14,501.97143788132354,505.44326289805883,495.7028224226711,503.3216247558594,1167358
2017-06-15,501.48919171369823,505.3468008807267,497.82447477751015,499.2228698730469,855133
2017-06-16,497.631610536152,502.2607300244638,493.5811089104612,498.01739501953125,667200
2017-06-19,496.9082852468245,499.5603915727416,493.002467702963,496.8600769042969,782349
2017-06-20,495.7028822104947,511.9530406990661,493.8222855735861,507.9508056640625,2299154
2017-06-21,507.6614569086121,510.98859816421356,500.1873381613322,504.4788818359375,1357751
2017-06-22,504.38238470765936,509.9759060734201,498.065561642987,501.39276123046875,1005512
2017-06-23,502.3089977973468,502.4536817113435,489.57890298278244,495.02777099609375,1392507
2017-06-27,491.9415938873476,501.68206250405865,488.4697398991548,497.6315612792969,1386743
2017-06-28,498.0174302955198,498.21026368842047,482.77985449066,489.2413330078125,1545428
2017-06-29,491.8452582744645,500.13909594744393,489.62714437238446,491.4595031738281,1911111
2017-06-30,490.83261598816966,506.8898807201949,485.33551050504104,505.7808532714844,1156474
2017-07-03,516.9679095196755,517.8841035983455,508.7222805365499,513.4478759765625,1304851
2017-07-04,514.5087045331953,519.8129179819911,507.27568619392827,516.4857177734375,1624088
2017-07-05,520.0540734425791,520.7773753527913,511.3262421651772,512.8692626953125,894627
2017-07-06,513.0620914819751,517.4019024061648,509.300898469363,514.9426879882812,1428440
2017-07-07,514.942706867213,519.7165108313303,510.16890290309567,513.5443115234375,1724825
2017-07-10,514.026496251128,518.8485084110823,504.5753641901082,517.6430053710938,509531
2017-07-11,517.8839820641842,518.751967590273,507.56486673846223,509.87945556640625,960330
2017-07-12,513.0620492289712,515.8105723762901,509.44554042331583,511.9047546386719,855127
2017-07-13,506.6970381872467,517.884082342781,506.3112536870763,515.1355590820312,1059461
2017-07-14,518.8483853162448,522.6095774536617,513.1583887724479,514.6532592773438,1131348
2017-07-17,516.4375212122183,519.5718292307798,512.338810726407,514.7498168945312,1312136
2017-07-18,511.13328435871625,517.6912090647904,507.9507681342563,508.96337890625,1387108
2017-07-19,509.9759361273826,516.099926189866,508.7222248812073,514.0746459960938,841355
2017-07-20,512.0976632797032,516.582157887302,509.59024063913273,510.94036865234375,590904
2017-07-21,512.7727158107533,526.0814558075479,511.42252904280446,523.8633422851562,1146931
2017-07-24,528.4179249297822,530.0168658732642,519.0182175449014,521.4893188476562,1120371
2017-07-25,523.2818686831775,525.898289855701,518.00058614236,519.5510864257812,722277
2017-07-26,518.6305268641354,524.250950362387,516.6924457167698,521.2469482421875,817433
2017-07-27,521.2470318826054,522.9912933660137,508.1649820387139,511.12054443359375,1803847
2017-07-28,510.6844796814701,518.436805748741,509.5700591510783,516.6441040039062,678345
2017-07-31,517.2739036796178,529.6776125670903,512.477140479642,527.400390625,1113439
2017-08-01,529.5806408719988,532.875402277634,521.4406768966288,522.6519775390625,1346764
2017-08-02,525.1231611612212,538.3505307798451,521.8283992348523,535.6856689453125,1469268
2017-08-03,538.5927300346661,547.8955548740823,529.7260444207794,540.7730712890625,4333554
2017-08-04,547.556456314523,597.2682342664378,547.314196130405,592.2777099609375,14943128
2017-08-07,589.1766709001319,599.2547165605881,583.4593078367982,595.8145751953125,2467527
2017-08-08,588.449986028218,596.735272479126,585.3006036410765,590.533447265625,1891037
2017-08-09,592.0838620943649,607.9761530821227,587.2386586402375,599.9815673828125,4440491
2017-08-10,597.8011818312295,599.6907637228289,582.9748130363572,591.4539184570312,1378763
2017-08-11,585.3005198144049,598.3825678566142,583.2655582216122,588.2076416015625,1482422
2017-08-14,592.0838277755262,616.939743712701,592.0838277755262,610.8832397460938,2945005
2017-08-16,613.8872082100014,618.5385911708028,599.6907400367462,608.2667846679688,2075867
2017-08-17,610.1079331656209,611.9975741494414,600.0299464944849,602.2587280273438,938044
2017-08-18,602.2587571010268,610.883242445809,597.5104343120036,604.1968383789062,1401428
2017-08-21,604.3422239850223,610.4956084436561,594.0219174221606,596.4445190429688,1009586
2017-08-22,597.9949048469983,607.8306901716029,591.2116209391447,596.0568237304688,1367266
2017-08-23,600.7567054416662,600.9989655810374,583.5562355463152,588.692138671875,2030608
2017-08-24,590.1941351829402,595.2331578723433,584.8159719592336,588.0137939453125,1115671
2017-08-28,585.009940078285,595.8147094608838,581.4729175164523,593.2952270507812,1284579
2017-08-29,591.1147380611445,594.7970803379909,580.1161514292071,581.8604125976562,1078030
2017-08-30,589.6128404095319,595.8146655564594,585.3005973581636,592.665283203125,977962
2017-08-31,591.1147694402074,601.7742161022439,589.128248027755,597.9949340820312,1816689
2017-09-01,599.7391900224421,600.7566707198855,591.308525830483,594.50634765625,517606
2017-09-04,591.1148852608845,600.805293215981,587.7232424766008,593.2952270507812,539333
2017-09-05,594.0219757143411,622.1241572734209,590.8241530901772,619.0716552734375,3636744
2017-09-06,617.1820195916852,630.8454692301559,615.3892588845779,620.9612426757812,3288264
2017-09-07,622.0271922842697,625.2250144736464,609.7688048885232,617.2788696289062,1507721
2017-09-08,625.0310673173229,626.0001077317684,611.4645015150865,613.7902221679688,1688468
2017-09-11,617.2789119995433,618.8293534264088,612.3368281990539,613.3543090820312,738301
2017-09-12,615.2439400254192,620.9128042404841,612.6759586126352,618.1510620117188,1102076
2017-09-13,618.247940826013,628.229047790803,608.2668338612231,610.7863159179688,1346590
2017-09-14,610.980228385457,617.2305534153396,608.8967669936438,613.935791015625,703116
2017-09-15,610.3986991717231,613.5965213308577,603.3731548036125,612.5790405273438,1067596
2017-09-18,615.4376603517799,630.360909224537,608.5090555609274,626.0971069335938,1409213
2017-09-19,633.8009958432164,633.9463755921778,620.1859871726751,621.68798828125,1232251
2017-09-20,620.1859985464963,625.9033618788152,608.8966516334863,611.2708129882812,1305505
2017-09-21,612.0459918477031,618.4416950081426,596.8321024265765,599.4000244140625,1388073
2017-09-22,598.431068827589,598.431068827589,581.4244164748108,583.6531982421875,982598
2017-09-25,585.0097523868784,592.5198161425894,566.6948635695747,583.5077514648438,1003871
2017-09-26,588.1108379130652,588.1108379130652,569.8443848137654,573.9143676757812,824136
2017-09-27,583.6531974821652,584.3315377962791,567.9062862231443,571.7340087890625,1073002
2017-09-28,572.7029966760149,572.7029966760149,553.3221846057605,557.8282470703125,1802129
2017-09-29,563.836215427527,568.9721776140369,546.1997248882227,566.45263671875,3138820
2017-10-03,569.7958513588193,583.1685993064995,569.7958513588193,581.4727783203125,1797702
2017-10-04,584.7675504415375,589.6611935465456,580.1161674817827,582.2965087890625,1262109
2017-10-05,584.23457180033,585.0582326103847,575.9007875752009,577.305908203125,656926
2017-10-06,581.3758990180066,586.2211018448164,576.4822559920373,578.1295776367188,911164
2017-10-09,600.8051845854018,610.8832306947301,593.5858201350649,597.0744018554688,2467158
2017-10-10,600.5629123726002,602.0649134747983,594.7002285666074,596.7836303710938,784162
2017-10-11,600.1752722463491,604.3906343457446,588.7890451907607,591.6961669921875,1166347
2017-10-12,595.9599113230516,607.1038771445396,589.0312480453894,604.1483154296875,2285154
2017-10-13,605.6503355932726,613.8871801573412,601.7741734454756,605.7957153320312,1652696
2017-10-16,602.7917537458952,611.4646798132438,602.7917537458952,608.0245971679688,730725
2017-10-17,611.3678418954777,612.3853228689491,604.6814369631443,606.3772583007812,707951
2017-10-18,606.4255756330022,607.2977358024302,592.0837870555283,593.9249877929688,789926
2017-10-19,594.9909655501073,595.8631258027812,582.3934369635415,588.1592407226562,162721
2017-10-23,582.8779571687892,589.128281256816,576.4823124690466,585.3489990234375,930435
2017-10-24,585.300466094897,592.519829699513,581.521184460241,587.2869873046875,538189
2017-10-25,591.1147235704084,594.2641052943491,571.1040129585383,572.460693359375,1096069
2017-10-26,568.8268433785653,580.0192506994092,564.0785206870337,566.5496215820312,1708870
2017-10-27,567.9546267387531,573.7688698753882,565.5320254318218,571.7823486328125,1201819
2017-10-30,570.9587769584598,602.743299237026,570.9587769584598,599.1578369140625,1375701
2017-10-31,604.6813616071429,619.7014915829614,602.0649400403103,615.5830688476562,1884635
2017-11-01,620.1859463359805,623.2384476988192,614.8562233596557,617.7149047851562,966894
2017-11-02,615.3891927136996,641.3110275637431,615.3891927136996,634.866943359375,1680690
2017-11-03,643.4429463989674,647.319108726672,631.8144594158535,639.3245239257812,2416963
2017-11-06,703.2327221942045,799.1192941592175,703.2327221942045,759.4370727539062,21820434
2017-11-07,753.9136251312624,755.6578864708371,725.3269259778276,730.4628295898438,5830428
2017-11-08,734.0967320852551,737.8760142759353,716.072599665582,720.2879028320312,2994196
2017-11-09,717.2839268101765,755.5610338646916,717.2839268101765,753.8167724609375,5216016
2017-11-10,745.3376074425413,767.3832812787155,742.8665065752375,757.8381958007812,3225337
2017-11-13,755.8517551656516,766.0751228455127,738.6997227385516,741.4130249023438,1082635
2017-11-14,741.3160592461169,759.1948701511616,734.19363449197,750.328125,1514814
2017-11-15,721.9352751861946,754.3981365536275,721.9352751861946,747.1787719726562,1512882
2017-11-16,747.3240350143642,753.574357981367,742.188132265046,744.5137939453125,794968
2017-11-17,754.3012188310763,773.2943907347653,750.5219368722754,761.9566040039062,2404092
2017-11-20,766.6079870550697,768.8368277284009,753.9135789848785,759.6793823242188,1244897
2017-11-21,764.5730271094291,794.0803249657648,763.8462466654087,790.2041625976562,4969028
2017-11-22,794.6133074125644,801.396591744135,785.0682809756438,787.9754028320312,4216518
2017-11-23,789.7681364685161,795.0978600888558,769.8543627707202,780.9498901367188,1689989
2017-11-24,781.9673916213872,806.0480289555933,772.083164817519,803.6254272460938,2744733
2017-11-27,812.928245755234,812.928245755234,799.7492570905063,806.8232421875,3544024
2017-11-28,806.2417827846685,807.210823388977,789.7680925114241,792.7720947265625,1748906
2017-11-29,794.6132955329666,802.8017004684823,787.8300113028071,792.7720947265625,1660305
2017-11-30,786.860899027179,797.423464310267,783.0816173563944,793.5473022460938,2808579
2017-12-01,795.5823358004599,800.1368384678906,773.7789222127493,780.3199462890625,1562677
2017-12-04,780.223122489505,788.6537290385967,773.2944580107629,779.6416625976562,1291369
2017-12-05,783.7114898454162,784.9227904479593,762.2472195101367,768.0614624023438,1136767
2017-12-06,766.4626700759322,770.7264132045563,746.161257791332,749.6497802734375,1742133
2017-12-07,751.0064282844515,782.0157259684547,749.6497478525598,775.8138427734375,2085106
2017-12-08,770.6295562335149,795.921492861615,770.6295562335149,785.843505859375,2844071
2017-12-11,787.8299566892853,799.410002937135,785.8918756150189,795.1946411132812,1788914
2017-12-12,794.855443146095,805.8540287895668,788.9927601491933,796.9389038085938,2325014
2017-12-13,796.066866939784,818.1125409785911,786.7156013266432,793.5958251953125,3127944
2017-12-14,794.6133335925537,802.3656587983346,780.1746042385674,790.9794311523438,3020320
2017-12-15,800.6699065708083,810.1180537285275,793.1598408813393,807.0655517578125,2015120
2017-12-18,804.3036564861969,820.1474458202085,777.1705210866626,814.0909423828125,1698653
2017-12-19,818.8393549862706,844.0344120627711,816.9981540801532,841.4664306640625,3308280
2017-12-20,842.4354672643798,845.0034486507232,834.634701843904,836.233642578125,1105619
2017-12-21,836.1852287066936,839.6253113009491,828.4813434506102,831.8729858398438,897152
2017-12-22,832.4058485763924,841.7086143784005,827.4637653338649,830.3223876953125,1381784
2017-12-26,830.4677775712648,837.1541812355985,826.1555351585014,828.3358764648438,1467917
2017-12-27,829.8863999684826,833.5687424480834,815.93219156147,822.763916015625,735296
2017-12-28,823.5391485425437,829.8379125824389,814.575522793462,825.3319091796875,980277
2017-12-29,828.0451317325193,837.0087566225436,825.0411297519164,831.5821533203125,1245513
2018-01-01,831.1461792445061,835.361482423476,824.7020352489752,826.0587158203125,472607
2018-01-02,827.657546159745,831.8729082232429,814.5754981647298,818.9846801757812,1181949
2018-01-03,837.1542956879883,842.484019609928,826.5917282571963,829.78955078125,2606556
2018-01-04,837.6386914417311,869.6654704157752,826.6884856963826,865.25634765625,3028931
2018-01-05,867.2913460844945,885.6546774759512,865.8377851692691,881.5362548828125,4036882
2018-01-08,882.795977545178,901.2077487563288,878.6775550374205,897.428466796875,2112170
2018-01-09,896.3625219350712,909.4445695525019,888.8524575621017,904.06640625,2419079
2018-01-10,903.6303793053033,906.4406207651145,883.6681661659997,889.191650390625,1605433
2018-01-11,888.5133429368869,889.2885635817917,875.3343553913319,878.8229370117188,1597329
2018-01-12,877.9507487206624,888.9978347800002,864.820260941421,875.81884765625,1874518
2018-01-15,880.8579680507461,893.3586163380686,869.9078203210292,889.8215942382812,2195562
2018-01-16,898.300585921014,898.7851061938948,855.275162030982,861.8646850585938,2383484
2018-01-17,865.159433927099,867.8242955711734,835.7975156414979,865.4501342773438,2553841
2018-01-18,869.9562906346981,875.6251550858768,847.9106146537018,858.4246826171875,1285534
2018-01-19,851.8835703905241,869.762381343964,851.8835703905241,863.8512573242188,1483177
2018-01-22,862.4459851446568,883.7648746650865,859.6357442314774,881.5845336914062,1495629
2018-01-23,882.5053596530081,886.3815223754146,870.4892315553283,877.66015625,1747166
2018-01-24,877.66009026847,881.1001725968741,853.7247754279308,859.442138671875,1109233
2018-01-25,854.693859080238,877.2724945488262,849.6063956333318,856.7288208007812,3104669
2018-01-29,859.9266174899612,873.5900657418499,853.2402139608417,868.4541625976562,1151570
2018-01-30,871.4097723312453,883.3774002585606,851.1567998359708,856.7772827148438,2101888
2018-01-31,855.6628188535077,857.5524597842746,832.7934851788335,842.6292114257812,1431670
2018-02-01,850.3331555528331,851.8835969075884,787.5877745590486,805.2727661132812,6097492
2018-02-02,784.9229314245309,823.4422975036978,759.8732541230906,796.7452392578125,8088986
2018-02-05,784.9229285646742,791.4639529693798,770.5811387360587,777.4613037109375,3079541
2018-02-06,741.3160271850336,763.9915999100866,729.3968401456767,758.4196166992188,3188895
2018-02-07,760.6968529958202,776.201502228856,755.8516501104965,759.388671875,2686877
2018-02-08,760.7938397760842,783.8570560515578,756.6269765411676,775.9593505859375,2219546
2018-02-09,765.6389469755837,779.1086348431543,758.8072226409558,772.1315307617188,1564899
2018-02-12,778.1395747040374,787.6361604242434,771.8892512225739,784.0022583007812,2067452
2018-02-14,788.799062172373,800.3306691719317,784.0507394912498,788.5083618164062,2154852
2018-02-15,797.2297462091349,797.8111469348082,775.2325118561084,789.6227416992188,2225089
2018-02-16,794.6133678996574,801.2997723365453,773.9243727717095,778.33349609375,1698333
2018-02-19,780.0776614368281,783.9538237296819,765.5420528386263,779.0601806640625,1699508
2018-02-20,779.0602316370765,811.9591730793215,772.9552874555009,806.4840698242188,3881439
2018-02-21,812.0075719590085,815.4476542148227,793.4019808536971,797.4235229492188,2067029
2018-02-22,799.4585397702838,810.117986967221,788.8475327769505,792.1907348632812,3244314
2018-02-23,796.7451219588821,798.1017431903396,785.1650759944656,788.9927978515625,2446637
2018-02-26,794.5648919981941,797.859594717555,780.077722466142,794.3226318359375,2438241
2018-02-27,799.4585949240652,809.8273424691604,793.8866107776247,797.1328735351562,2089446
2018-02-28,794.4194700178405,800.3306531500394,785.3105238884784,790.8825073242188,1583674
2018-03-01,788.799102959497,796.8421286667065,782.9848589573385,785.1167602539062,975986
2018-03-05,784.9228545528271,789.6226776163155,776.2014895022402,783.85693359375,1262568
2018-03-06,787.3454529282288,797.7141987220537,774.3118456014163,782.6456298828125,1358775
2018-03-07,781.0467556950292,794.7102050582744,775.4263318131818,789.6227416992188,1826249
2018-03-08,794.6133030663057,796.8420846482362,783.0332559059254,792.384521484375,1109489
2018-03-09,794.6133101204504,801.9779951901777,790.2526273210088,793.7411499023438,1061685
2018-03-12,798.4894352712984,805.8541199966514,796.9389940066587,803.4315185546875,1033715
2018-03-13,810.1179481900044,833.3749227791911,804.3037045427078,825.5741577148438,2754435
2018-03-14,824.6535848452177,840.9818959750623,823.6361040020739,838.2201538085938,1889040
2018-03-15,838.123169707475,848.6372356950383,833.3748474995523,845.4878540039062,2486538
2018-03-16,851.7866705188637,856.0504727325794,835.4098610452098,852.0289306640625,2538310
2018-03-19,852.4649983339474,864.2388057317348,837.2510496080264,842.0962524414062,2536517
2018-03-20,840.1581657372474,852.7556930205047,833.4717622133015,844.7611083984375,1985478
2018-03-21,847.9105281638498,857.3102338480322,842.6776852461064,845.2456665039062,1859947
2018-03-22,845.9724917837553,864.3842642280753,845.2457112925322,860.072021484375,3186401
2018-03-23,847.0384297932076,872.1366069171542,845.827128950267,867.33984375,4132765
2018-03-26,868.6964925401994,920.3947869654618,868.6964925401994,909.9776000976562,5918775
2018-03-27,919.0864992747388,920.1039799985518,903.484911309293,913.2238159179688,2756923
2018-03-28,909.1539102902626,934.1551461485313,889.5792781787882,913.126953125,11431588
2018-04-02,913.9022361812672,919.1350794801751,897.6223646837908,914.8712768554688,2764385
2018-04-03,915.646499890659,922.2359642372095,895.926487907057,903.097412109375,2454365
2018-04-04,910.6074893395416,910.6074893395416,874.0746458597531,876.3518676757812,2930774
2018-04-05,886.6722133773965,895.3935794106168,874.704584756697,891.5658569335938,4148653
2018-04-06,893.4553521951852,916.7123244866001,879.9372252216926,911.1887817382812,2819200
2018-04-09,920.5885684805351,941.7136416965585,917.7298868861445,930.9088745117188,5116819
2018-04-10,934.9788325775223,938.9034944638458,923.5926051216795,932.4593505859375,2434826
2018-04-11,937.0623010144623,951.0165099204662,928.4378156405984,949.6113891601562,3452488
2018-04-12,951.8400945796366,962.2572806491006,941.2775287672654,945.83203125,4379096
2018-04-13,955.5225207746008,964.0016264591832,950.1443569980609,956.5885009765625,3311755
2018-04-16,955.4740102905087,961.1913733612147,943.1671831158732,950.144287109375,2247785
2018-04-17,954.5050165564595,968.0715853196986,943.9424500754336,966.7149047851562,2983704
2018-04-18,968.7499014273714,968.7499014273714,944.9114671362862,946.8495483398438,2621345
2018-04-19,948.2062757337416,952.5669586574021,919.8133965265724,923.2534790039062,3347181
2018-04-20,920.58858679891,935.5118359694474,917.7299051476358,926.935791015625,2201052
2018-04-23,930.2790135978555,943.0703618639354,919.2319266531623,933.1376953125,2295872
2018-04-24,936.0932428350235,941.2291463133943,924.7070155024028,932.1686401367188,1473491
2018-04-25,931.9748824461018,938.0313867510544,925.5307382074124,931.1027221679688,1385599
2018-04-26,933.6706803288885,942.3436061060454,925.4338346799051,939.4849243164062,1859223
2018-04-27,941.9075026679285,947.7217465115577,933.7675376286289,939.9694213867188,1049687
2018-04-30,940.4538454107163,954.4080528648258,938.0312440572626,951.4039916992188,1083840
2018-05-02,951.5494806903587,954.9411229746037,930.6666664550455,934.6397094726562,1027474
2018-05-03,934.9303307910357,947.4794180108271,921.5575827443586,929.6490478515625,1585290
2018-05-04,931.2481078846263,936.0933113595723,922.8658822147496,928.4378662109375,958663
2018-05-07,932.2170602755467,950.5319513341885,927.6625576114117,938.951904296875,1987395
2018-05-08,948.6424231812337,948.6424231812337,933.1862118924304,938.1282958984375,1979745
2018-05-09,944.7177831237309,964.7768778946194,940.9385008113768,955.1834106445312,4201827
2018-05-10,960.7068168693958,963.0809188805476,935.6570833746988,942.9733276367188,3434978
2018-05-11,959.3502355699782,961.1429370994406,922.5266911743629,926.4512939453125,5712581
2018-05-14,930.2788935122283,932.2169745403787,888.6585916035889,891.5172729492188,3754208
2018-05-15,896.3625751171664,915.2104270392798,881.100185324631,902.1768188476562,3154028
2018-05-16,899.2698246102082,910.4137933419079,887.4959557267558,902.3223266601562,1923381
2018-05-17,906.8765697145583,919.6194765301739,898.9789247659284,907.5064697265625,2895005
2018-05-18,907.9909889786074,916.566974127713,901.4984055100578,910.8496704101562,2574768
2018-05-21,911.4795848045053,915.2588668860753,884.4918271575069,886.9144287109375,1233987
2018-05-22,886.6721933459129,902.0314639658717,876.0611864161064,885.89697265625,2086584
2018-05-23,885.8968929531052,894.4244380632783,879.9857100419598,891.6141967773438,1938630
2018-05-24,894.4244804707704,898.106822949125,885.6546748044725,892.777099609375,1209456
2018-05-25,894.7635880132046,909.541456728198,886.7690032985361,895.7811279296875,1700500
2018-05-28,899.2696245204545,906.6343089940866,889.0946988119795,900.1417846679688,1139544
2018-05-29,900.2387726681033,901.6923336573414,883.7650814567387,886.1876831054688,999806
2018-05-30,877.9507451086026,890.5482723562978,869.4232000315789,885.3154296875,1911011
2018-05-31,890.2575886309477,895.3934918525082,862.5914920267347,872.2333984375,4903734
2018-06-01,879.4042785644532,884.1041014638544,870.1983935546875,872.136474609375,1392273
2018-06-04,877.9507753364327,879.8404163177556,854.306161260766,857.9400634765625,1529852
2018-06-05,857.6008044390386,859.0059249307859,831.6305320207263,837.2025146484375,2948255
2018-06-06,833.471793687031,876.0126995466861,826.8823294576027,871.6035766601562,2854320
2018-06-07,874.1714967806988,878.6291190034416,856.8257056236881,859.6843872070312,2875636
2018-06-08,859.6844507731148,870.1985183443342,853.1434262755376,868.2604370117188,1672490
2018-06-11,869.2294888830002,885.7031804225888,868.2604482042009,875.3828735351562,2032601
2018-06-12,875.4797392926688,882.7959839717782,873.2024584021219,876.6910400390625,1426736
2018-06-13,878.6290831893517,898.1067746897772,876.9817024164776,889.724609375,2933810
2018-06-14,889.7246463628508,892.8255289518283,875.2859178325544,877.2239990234375,2004165
2018-06-15,882.6022225662897,888.5134060881069,870.6830342602836,875.4797973632812,2364375
2018-06-18,876.0127814156144,877.2240822748728,864.0935927896226,869.9078369140625,1309586
2018-06-19,868.2604576771653,868.6965378164927,858.570050783447,861.4771728515625,1833168
2018-06-20,864.3841284267392,869.229330940342,853.2401626454528,860.8471069335938,1850681
2018-06-21,866.3223714645612,867.0975921826232,839.1892323135459,841.5149536132812,1274479
2018-06-22,843.7436265904703,854.4515129388203,832.4058402205236,850.3815307617188,2183928
2018-06-25,850.8177293848108,857.8917146223399,835.3130782798485,837.2511596679688,1217765
2018-06-26,837.1541581067336,847.4259643190509,835.3129573962515,845.1487426757812,1801638
2018-06-27,845.0034792810337,852.2712844354004,840.1582758447893,842.7262573242188,2037781
2018-06-28,841.1272513168517,841.1272513168517,804.3037080564364,810.4570922851562,9824968
2018-06-29,800.4759352961742,854.4999460125164,800.4759352961742,851.3021240234375,4960179
2018-07-02,855.7597374164251,878.8229512072994,843.2107088570638,869.6170654296875,3353006
2018-07-03,862.6400580250423,874.8499473999252,856.4381737785786,865.5471801757812,2770123
2018-07-04,865.5956119126472,871.5067365697553,855.1784243077651,859.10302734375,1104449
2018-07-05,842.6777531937529,843.7921736359881,807.4531480702693,812.0560913085938,6128988
2018-07-06,812.0559420866026,822.2308673752772,787.8299294945201,803.9644775390625,6884175
2018-07-09,809.052011144302,810.408632481123,792.3360609896309,796.3575439453125,4098360
2018-07-10,797.520524184902,813.9942166650276,796.939123402648,807.0655517578125,2670508
2018-07-11,807.356250831297,807.356250831297,780.6591332890669,784.4384155273438,2909483
2018-07-12,791.076283822467,797.7626877362333,779.1086558638707,783.4208984375,2832418
2018-07-13,787.8300193846839,815.9321971979136,774.8933508426738,812.734375,4995028
2018-07-16,813.0250575307006,817.9671408968055,790.8340042926819,805.466552734375,3256321
2018-07-17,805.6603720327101,828.7235262985171,800.4275291764865,818.9846801757812,2849218
2018-07-18,821.7465197447141,829.5957258151873,812.1529930847571,820.0022583007812,2660188
2018-07-19,825.5257506175783,847.7167459406377,820.825867993552,842.9199829101562,3924410
2018-07-20,842.0962989173283,849.460983972311,830.8554513817135,833.7625732421875,2048572
2018-07-23,836.0497781767422,842.8627565786481,822.6184897795905,835.8064575195312,1334621
2018-07-24,836.0498055077773,847.6318929314266,828.75018555282,838.6290283203125,2015425
2018-07-25,844.8093728118026,848.3131667252745,830.2101324982347,842.7655029296875,1453640
2018-07-26,846.7071488442094,846.7071488442094,827.7767917550468,831.669921875,1167616
2018-07-27,836.9743867451482,870.6012888145566,829.4314465681634,860.4791259765625,3210162
2018-07-30,859.2138717443146,878.8741922446316,857.2673065344704,868.2167358398438,2418684
2018-07-31,869.1413704976912,889.5803053022282,862.7177290351907,887.974365234375,2165312
2018-08-01,890.5535689549246,895.9066231945443,881.1127159605223,892.8407592773438,1818993
2018-08-02,890.5536067505213,908.6566399128474,884.9572316261329,896.8799438476562,2313020
2018-08-03,905.152797381544,916.8321883154995,878.0955535987715,894.641357421875,9358217
2018-08-06,903.88752299773,914.0096259526841,872.7911334058639,877.5602416992188,3763151
2018-08-07,880.4800951431289,907.0020450078741,874.6890520073673,902.4762573242188,4450696
2018-08-08,904.2768350035192,911.4791499663164,896.3932697479738,910.0192260742188,2163746
2018-08-09,909.8245923758323,909.8245923758323,885.005885263566,890.8455810546875,2536080
2018-08-10,890.553616278377,907.0994211709808,888.6070509968943,895.517333984375,2105317
2018-08-13,890.5535317018724,899.313074636645,886.222412481011,889.2396240234375,1316517
2018-08-14,889.7749149176798,902.2329196183589,889.6288987740836,900.8703002929688,1404450
2018-08-16,899.3130058949425,904.179418264504,892.5000285775567,894.8845825195312,1196749
2018-08-17,900.1891063221151,919.7520629468206,896.9285739483602,916.3942260742188,2697290
2018-08-20,916.8321474951582,918.292071296902,889.7262526712274,897.0745239257812,2529831
2018-08-21,899.9456699461095,903.1574902529755,881.5992595339876,891.8187255859375,2531200
2018-08-23,900.286478360598,901.6490978734145,882.8646946391872,887.5364990234375,1571386
2018-08-24,888.0230191151533,891.4295080276224,858.9218472154221,861.6956787109375,3218302
2018-08-27,870.1146866243196,875.9543825077043,863.3990125966437,867.0975341796875,1789147
2018-08-28,871.0878996272273,873.764426693121,848.2644114935338,864.56689453125,3563757
2018-08-29,864.2749485871446,871.6718725835408,853.0821986899012,859.2138671875,1863018
2018-08-30,860.8197495329015,867.194738253086,852.5955002353572,854.8826904296875,1758855
2018-08-31,857.4619360715095,870.893223529764,853.6661103225786,868.0707397460938,1677232
2018-09-03,872.8884311550547,896.7338536286707,867.3407681439387,888.3636474609375,4972521
2018-09-04,892.5001639336766,903.5956095807853,853.6661635732529,857.3646850585938,3880086
2018-09-05,851.7195032415599,858.8245131089943,828.896075838565,840.8187866210938,2990706
2018-09-06,847.7290474123812,859.8950785176105,835.173679550005,843.98193359375,2399973
2018-09-07,847.729128098258,852.5955410035292,838.0449545358772,844.2739868164062,1297983
2018-09-10,840.9161734732261,844.8093039059726,827.2902169586137,834.6384887695312,1576682
2018-09-11,837.0229954738426,837.8989735332125,794.003894755808,798.8216552734375,4918816
2018-09-12,795.1719130165768,815.951473517834,769.0392980213279,804.3694458007812,6728840
2018-09-14,815.6107537487076,829.2367090619318,807.0945316779424,820.0878295898438,3329172
2018-09-17,812.4963808076379,815.6108973083233,794.8799878137177,801.4496459960938,2843632
2018-09-18,797.1183881480666,821.401799032979,796.7777630260231,802.8607788085938,3331397
2018-09-19,790.7921069964996,807.6298839784264,765.0974227735389,801.5955200195312,5347338
2018-09-21,811.9123528147762,814.2969070539604,758.3818100775865,779.2100219726562,4259892
2018-09-24,780.3780032412614,783.4925195476841,752.6881004521318,769.9638671875,3244812
2018-09-25,769.8664408885389,792.5439107683358,757.3597847951756,775.5601196289062,3150095
2018-09-26,790.3054746968564,798.0917355313081,780.71866480622,792.933349609375,4080359
2018-09-27,811.328338478763,821.1098759741567,793.7119474654083,799.5029907226562,7668506
2018-09-28,801.1089233817394,808.9438962175469,773.1270472665939,784.0764770507812,3145969
2018-10-01,778.6259744519914,792.6412657539062,761.1068900268216,788.115478515625,2445752
2018-10-03,789.8186894411408,791.2786130815126,770.0610680556648,773.2728881835938,3478716
2018-10-04,764.0267804218836,776.1928119572639,739.9866902270819,755.9485473632812,4579535
2018-10-05,767.1899587533015,793.9065762387312,763.0535079766424,770.9370727539062,7398167
2018-10-08,770.8397982985178,797.1184277859674,754.0020216559689,791.8140258789062,3961739
2018-10-09,797.0697666237987,799.0163317492469,712.7348088019735,729.4752807617188,8683946
2018-10-10,726.0687734754698,775.0735255105925,720.2290782464446,767.48193359375,7285084
2018-10-11,743.5879091937326,776.679517718061,734.3903767082854,758.08984375,3766505
2018-10-12,763.0535385531587,788.1155648513013,756.3378650260495,783.6384887695312,4322158
2018-10-15,783.6871628238094,790.305472634935,767.6766521438485,785.6337280273438,2234430
2018-10-16,789.3321468397778,797.7510646461508,786.4122991942546,788.9428100585938,2347048
2018-10-17,795.2691929605542,801.3035569937871,771.3751168833822,778.723388671875,2975579
2018-10-19,788.3588353282034,788.3588353282034,761.5935662275546,767.6279296875,2892515
2018-10-22,772.2024576844111,774.6356642445404,752.5421367976751,754.099365234375,2766247
2018-10-23,751.2768399870622,765.9733830409327,745.6804652062676,757.4085083007812,2239883
2018-10-24,764.3673629889346,773.5648941985238,751.6173864114581,770.4503784179688,2060580
2018-10-25,764.0268469836099,774.7329556674566,757.0192003278371,770.10986328125,1681346
2018-10-26,768.8932962689813,798.0917758741325,765.632823141523,785.341796875,3738778
2018-10-29,791.2787542340266,812.155677896369,786.0717160829527,807.5812377929688,2473393
2018-10-30,806.851233402553,818.9199607761454,797.5077446906736,808.3111572265625,1876874
2018-10-31,815.1242019577212,825.2463650632179,796.6318320028595,822.0344848632812,2435865
2018-11-01,822.0344685406591,839.8455878249802,812.1070334434746,831.621337890625,2485725
2018-11-02,837.0230176117609,860.3817994986008,834.9791479584442,847.7291259765625,3078543
2018-11-05,846.755813656851,849.0917155252715,833.6651515533346,840.6241455078125,1903690
2018-11-06,845.7825594880909,854.1527658892524,817.752033148893,823.640380859375,2504504
2018-11-07,832.1565536815724,833.0811839554422,824.9542392797412,827.4361572265625,331169
2018-11-09,832.1565322556373,841.8893571942997,821.4504248231086,825.0029296875,3528039
2018-11-12,834.1031864205697,877.4142620281722,820.6718984501143,870.8446044921875,13985301
2018-11-13,865.4428846067789,875.6136994791065,855.6126948766888,873.5211181640625,4432001
2018-11-14,873.0831286966445,873.5211177396333,859.4085202942575,868.3627319335938,2606605
2018-11-15,868.4113428384146,899.313063359703,865.2481745960779,896.1985473632812,4711756
2018-11-16,896.3933225874536,903.8876108895433,888.3150884558851,896.7339477539062,2769698
2018-11-19,897.3665939743505,902.2330071737775,890.6022677462553,895.955322265625,2104102
2018-11-20,894.4466572609833,900.4810209101197,884.5678156850578,890.9915161132812,1540046
2018-11-21,892.9868476828477,905.055576525032,885.2492385931508,901.7950439453125,1855760
2018-11-22,904.1795022783792,908.4619693232875,887.4390302907199,891.2835083007812,1617491
2018-11-26,888.7042578103582,895.9065723219294,868.7519658683706,891.9161376953125,2116814
2018-11-27,889.5802805240705,893.4734108545916,881.7940198630283,889.8722534179688,1126278
2018-11-28,891.526872695393,906.1261118770861,890.5535900832801,898.2911987304688,2434110
2018-11-29,904.2282530116792,908.948709605573,888.6070780333862,906.5155029296875,1991914
2018-11-30,905.1040910189533,906.1260257836839,893.4733530283801,902.3302001953125,2738673
2018-12-03,907.6347431147011,914.6910424806526,895.9066988080461,911.2359008789062,2044427
2018-12-04,910.0191846487925,915.03161354527,896.8798702180345,899.118408203125,1424621
2018-12-05,896.3932920423289,900.9190799821754,877.4629332230843,895.663330078125,3020688
2018-12-06,888.6069575832787,895.4199353522633,877.9008496605886,881.5506591796875,1425935
2018-12-07,886.6604201850445,896.8312349099898,869.4333068362336,892.1107788085938,2750589
2018-12-10,880.8206934282945,891.5268013042186,874.0077156890701,882.8645629882812,1508069
2018-12-11,874.981064156408,911.9171509925113,870.2606672717404,908.2186889648438,2792386
2018-12-12,912.4524589334379,913.0364047453726,896.3932956562094,905.1041870117188,3256275
2018-12-13,907.1965811411765,935.5677893605475,899.5563373903626,918.9246826171875,4821052
2018-12-14,918.4381391553792,926.2730521183587,903.6442319171176,906.6127319335938,2558651
2018-12-17,906.8559552511085,912.1603566743846,900.6756352341441,910.3110961914062,2284630
2018-12-18,907.5860515565862,913.6690679879306,905.931459206369,908.0726928710938,2222788
2018-12-19,908.1699117604761,916.3941610812583,902.719553313571,904.3741455078125,2237859
2018-12-20,903.2061661215268,908.0725786545091,897.5611394641572,901.9895629882812,1630740
2018-12-21,903.0602350746174,903.0602350746174,873.277811328296,876.0029907226562,2972085
2018-12-24,876.0516859857086,878.6795610110489,850.6490326844884,856.3427124023438,2554749
2018-12-26,855.5154445060261,875.9543800402997,845.0040038264342,865.394287109375,3840772
2018-12-27,872.0611505344951,873.8130472149464,857.9485537903543,863.9342651367188,2160188
2018-12-28,879.8474553724662,901.0163515609078,874.7863740580169,898.0478515625,8067914
2018-12-31,901.2596856433775,914.3990007148521,895.7606152035336,906.1260986328125,4917511
2019-01-01,906.8560474823261,909.2406016935971,898.3398248738256,903.2062377929688,2064502
2019-01-02,898.6317750364566,911.9657579785057,898.6317750364566,907.245361328125,2672587
2019-01-03,910.9924841944052,919.7033750641206,903.206223645735,906.3207397460938,3292918
2019-01-04,909.0459325290195,913.8150409475381,895.6146447644068,903.6442260742188,2340304
2019-01-07,924.618497134118,938.2444539339892,909.1432795781956,918.8274536132812,5337211
2019-01-08,918.9733640671826,924.6183907826497,913.4742940865373,920.8712768554688,2039160
2019-01-09,923.6451460446791,929.8254665161791,920.0926409519569,927.4896240234375,2115974
2019-01-10,925.00781973225,943.5001893907506,923.2072112544065,940.872314453125,2450895
2019-01-11,939.4609648263037,943.5974155908847,931.2367155428935,933.669921875,1535995
2019-01-14,932.4046710539735,935.6651437932688,923.6451282152619,931.9180297851562,864306
2019-01-15,930.4582008767051,944.7654675200314,929.5822227417117,942.4295654296875,1452136
2019-01-16,939.5097221786746,944.4734992941598,933.6700263283095,935.519287109375,1118736
2019-01-17,935.6651948822035,939.2177001003236,926.1270373734746,935.85986328125,1303576
2019-01-18,935.8598857481094,939.2177226477933,928.5602661420384,935.2759399414062,1168989
2019-01-21,934.4486093550216,939.9963321084946,931.431457028207,937.02783203125,1035360
2019-01-22,936.4438857209025,960.0459889818376,933.0860488400019,956.3961791992188,2797244
2019-01-23,961.0191698900203,961.0191698900203,932.0153036965986,936.4437866210938,1574247
2019-01-24,934.5459974968257,946.3226936121024,930.3608940495059,943.7435302734375,1246903
2019-01-25,946.0306658598544,957.7100567963957,943.2568342742074,951.870361328125,1985833
2019-01-28,951.87028509558,954.9848009767827,929.6794559742417,933.0372924804688,1499181
2019-01-29,929.6795246508913,944.0840948355324,919.7520305356475,940.2882690429688,1411027
2019-01-30,940.2882500992856,948.901836330582,934.3999025382349,943.0134887695312,1468812
2019-01-31,942.3321882390287,973.2825618241459,940.6775960030369,969.1947631835938,2306391
2019-02-01,976.2023855140683,978.1489505898691,958.7806043238711,965.0582885742188,3424938
2019-02-04,997.614581568079,1021.9466445331541,982.090713515471,998.3445434570312,9556052
2019-02-05,999.5123409086135,1045.305326623643,992.7480755643535,1038.2003173828125,7144200
2019-02-06,1037.5191486879849,1043.3588437087428,1022.4332698843602,1030.7548828125,2449722
2019-02-07,1031.4850335919828,1038.5413330343265,1021.9468157877288,1028.565185546875,1293109
2019-02-08,1030.219596755949,1048.0793080914482,1019.6107930181261,1025.10986328125,2576054
2019-02-11,1030.7061699238586,1035.0859411841582,1017.2748238687132,1028.1756591796875,1057548
2019-02-12,1029.7329917845107,1045.2568017457882,1022.0440354753771,1037.7625732421875,3075801
2019-02-14,1035.5239315745098,1035.5239315745098,1002.9676774853739,1014.4037475585938,2182379
2019-02-15,1007.3474702660687,1023.8932741255113,989.6337154297745,1011.2406005859375,2566210
2019-02-18,1012.3112086202459,1012.846561573875,994.0135076189314,999.90185546875,1023065
2019-02-19,1002.9190537385464,1021.7521679612067,997.9067431653197,1001.313232421875,1551617
2019-02-20,1002.481126529026,1016.4964204092735,1000.0479199112372,1005.1576538085938,1506583
2019-02-21,1012.1164011188763,1017.0801176441659,1003.697484517269,1014.6469116210938,1220939
2019-02-22,1007.8342395046308,1016.1071424846301,1002.7732169698477,1013.771240234375,1298608
2019-02-25,1010.2674366264307,1026.8132424285977,1007.9315343984579,1015.1338500976562,1691809
2019-02-26,1011.2406286477228,1014.0631719697346,988.90378093674,1010.6079711914062,1906268
2019-02-27,1015.0363923186305,1019.1728431445646,986.8598506940247,989.098388671875,1897310
2019-02-28,990.8016780025048,1006.1795904695261,975.2778087894527,997.8092651367188,5080712
2019-03-01,1004.3303124744815,1008.3207472684921,989.9256828470827,994.0621337890625,1967656
2019-03-05,996.2520279394183,1012.1651744055719,989.0497724697533,1007.3474731445312,1577329
2019-03-06,1010.2671764885134,1032.5553682094314,1000.8263843088538,1027.737548828125,2758056
2019-03-07,1040.4390339374875,1040.4390339374875,1011.240557774602,1015.4257202148438,2584721
2019-03-08,1016.8368459264422,1031.2414737990891,1009.2939068922905,1025.06103515625,2179863
2019-03-11,1029.7329498294646,1045.8894165848565,1029.343613043173,1040.6336669921875,2837644
2019-03-12,1046.2301014686257,1066.669036422657,1043.358965272458,1057.4228515625,3418782
2019-03-13,1058.3473247548004,1064.6736604697671,1036.643079316821,1049.490478515625,2024554
2019-03-14,1050.0747746854177,1059.9049066232599,1034.7455714904531,1057.32568359375,1193296
2019-03-15,1057.9583005142472,1084.0423245362363,1053.0918869884229,1067.9344482421875,5318660
2019-03-18,1075.4772818034883,1079.273107736342,1062.9219123989321,1070.416259765625,1525276
2019-03-19,1072.5573778322832,1082.2902034024492,1069.2481933766455,1079.4190673828125,1376594
2019-03-20,1081.31686667698,1085.2099967100205,1068.6641940695986,1072.89794921875,1295061
2019-03-22,1074.1146488776624,1094.3589743922564,1064.4791274182267,1073.0927734375,2486418
2019-03-25,1072.5572682436643,1076.9370393027357,1061.267215497615,1070.7080078125,909855
2019-03-26,1075.4772755022198,1090.0765145361866,1059.2720964127343,1085.9400634765625,1851505
2019-03-27,1094.942946205532,1094.942946205532,1076.4505764473943,1086.6700439453125,1668427
2019-03-28,1090.0766441205642,1109.104368780346,1081.7550293583952,1103.9459228515625,2292966
2019-04-01,1109.5420164967895,1117.3282762616793,1086.9619107021674,1090.4169921875,1703651
2019-04-02,1094.942848501183,1100.9285598347703,1078.7863822317463,1082.19287109375,1469173
2019-04-03,1087.1566975726587,1097.0841328738386,1068.7130392600545,1071.0975341796875,1553200
2019-04-04,1082.9716157084786,1092.6071382264395,1065.0633090269669,1076.5479736328125,2463998
2019-04-05,1092.996434320072,1099.517380661103,1072.0221453364886,1076.8399658203125,4108366
2019-04-08,1079.3703866757228,1085.2100821852398,1062.8245827320914,1074.893310546875,1672293
2019-04-09,1079.3703400100585,1080.2949109021954,1062.3378955103508,1069.1995849609375,1288739
2019-04-10,1070.0268651629026,1075.4772237113327,1054.551648770343,1070.805419921875,1612236
2019-04-11,1077.3750206173106,1077.3750206173106,1060.9752341815445,1075.52587890625,1412462
2019-04-12,1077.4238662928371,1078.34843726338,1064.7711921629302,1067.6910400390625,1499571
2019-04-15,1072.5575462719985,1072.5575462719985,1058.9315883338788,1061.024169921875,1116346
2019-04-16,1063.89508715921,1094.6995023404845,1063.2138369262568,1090.1251220703125,2144260
2019-04-18,1095.8675095419185,1099.3227103383488,1083.7501885451538,1095.332275390625,1609911
2019-04-22,1094.9428049992669,1101.7557824525954,1089.2004145268243,1093.677490234375,1307412
2019-04-23,1093.9695722832805,1106.330212987475,1090.1251537832486,1099.371337890625,1237289
2019-04-24,1097.862922419413,1121.2217080028047,1095.4784272480126,1118.4478759765625,1809133
2019-04-25,1124.1412958726269,1133.874120945117,1105.0649824923257,1110.807373046875,3579153
2019-04-26,1116.0631616003172,1118.788400530134,1100.7826715959823,1107.1090087890625,846570
2019-04-30,1109.5421186023327,1130.711014286193,1103.2157819611791,1127.5965576171875,1469889
2019-05-02,1128.0343705975883,1129.0076530571205,1105.2595372827607,1107.741455078125,1517989
2019-05-03,1114.4084416726632,1123.9466575179617,1104.7243285022107,1114.4571533203125,1146869
2019-05-06,1112.267432073636,1112.267432073636,1046.3761270343148,1053.9190673828125,4064781
2019-05-07,1068.469698653016,1075.477285933725,1054.065068476221,1057.4715576171875,2605643
2019-05-08,1060.877863528367,1070.6106879644071,1039.3196336407598,1059.612548828125,3336769
2019-05-09,1070.610834587618,1080.3436603565963,1059.6126939451092,1074.94189453125,4362293
2019-05-10,1078.397183228287,1107.4496467583485,1065.063258359952,1101.853271484375,3032624
2019-05-13,1095.2347492025528,1122.0000156169956,1094.0181461837144,1114.1163330078125,2695155
2019-05-14,1109.5422735914158,1131.9277756024708,1092.947756098782,1123.898193359375,2894382
2019-05-15,1129.0078863929493,1136.307506348076,1121.562250276936,1131.927734375,2476357
2019-05-16,1131.635756401735,1163.072835375195,1128.959228956311,1154.751220703125,2948769
2019-05-17,1152.366413140487,1170.8587795675726,1148.4732833663638,1158.6927490234375,3265842
2019-05-20,1181.565068733122,1204.9238509815527,1172.8055253899604,1198.7435302734375,2881354
2019-05-21,1205.8970824862358,1218.2091305365166,1200.3980123031092,1211.15283203125,3218291
2019-05-22,1212.6614370003754,1217.4792572711515,1193.5851213451115,1207.9410400390625,1972398
2019-05-23,1225.605966034592,1229.0611663708748,1183.75481928892,1187.64794921875,2494025
2019-05-24,1188.378082240306,1197.0889141893454,1162.5373810857166,1187.3074951171875,2423569
2019-05-27,1193.7310366794277,1210.2768398784087,1171.3455382337474,1207.794921875,1380441
2019-05-28,1209.790032132477,1211.6392924679085,1190.0323517430418,1198.64599609375,1811869
2019-05-29,1199.0841075460542,1204.631770585002,1191.4924560948464,1201.663330078125,918488
2019-05-30,1201.0307044330928,1216.4086167297867,1192.271161207892,1207.454345703125,1081863
2019-05-31,1214.656597713939,1217.235820180801,1194.2176645793293,1202.73388671875,1213810
2019-06-03,1205.8969976246299,1235.095472143386,1194.7042490591066,1232.4189453125,1627758
2019-06-04,1233.1489845667131,1242.7357938735843,1210.568877045328,1214.6566162109375,1378780
2019-06-06,1221.4696830585497,1239.6214276084136,1211.3962317449093,1235.5335693359375,2345134
2019-06-07,1240.8866930926642,1240.8866930926642,1220.4964686715205,1235.0469970703125,1381956
2019-06-10,1240.5946456707354,1254.7558357110693,1236.0688579801292,1242.8818359375,1516266
2019-06-11,1243.8551184603152,1253.5879441133693,1232.9544012524573,1250.619384765625,1782094
2019-06-12,1250.619457216752,1258.162397534848,1243.4172608633785,1254.415283203125,1456438
2019-06-13,1248.721667521333,1263.5642282615518,1242.298025651285,1260.8389892578125,1734153
2019-06-14,1261.4230970816016,1263.2722391735854,1242.9793185402582,1247.651123046875,874483
2019-06-17,1251.641591546851,1258.0166409558278,1215.1434891494896,1222.4918212890625,2057502
2019-06-18,1222.4916198280175,1227.309321026963,1202.003974201665,1223.90283203125,1845151
2019-06-19,1245.8018237119313,1253.5880851101308,1224.0489796924953,1241.03271484375,1650715
2019-06-20,1240.4485728115421,1273.9781081309454,1232.2243830339983,1271.69091796875,1693438
2019-06-21,1271.1071089440368,1281.8132178248825,1253.831342340854,1257.82177734375,2640376
2019-06-24,1267.2138935080814,1272.469643095472,1256.55649699638,1265.3160400390625,1419605
2019-06-25,1274.0268142580048,1285.5601883181937,1261.4228531913122,1282.932373046875,1955640
2019-06-26,1277.5306432686893,1287.5555009936938,1271.739659656466,1274.0755615234375,1335984
2019-06-27,1274.12405783174,1297.0935003640616,1271.83686778881,1293.68701171875,1841074
2019-06-28,1289.5994891832365,1301.3275924386198,1282.7865107498155,1299.040283203125,1345592
2019-07-01,1294.563085411261,1305.0745843889006,1285.8522541835268,1287.847412109375,1554897
2019-07-02,1289.59938118465,1296.6069680343178,1275.4867841830066,1288.6260986328125,1397406
2019-07-03,1294.0279813415973,1297.8724002454546,1281.3265953679347,1292.957275390625,1351543
2019-07-04,1286.4850547800504,1286.4850547800504,1251.6414883733075,1255.875244140625,2901447
2019-07-05,1249.2081420642119,1265.8026569209987,1216.3111446366609,1243.952392578125,3015054
2019-07-08,1226.335878800047,1236.9446811958894,1212.4178923345532,1218.987548828125,2308725
2019-07-09,1143.6069260229103,1143.6069260229103,1044.3321120192193,1069.5887451171875,22143587
2019-07-10,1073.5307648904836,1094.9429832291878,1059.2721502804268,1071.77880859375,6366343
2019-07-11,1079.3704315435918,1085.8427847641349,1042.7750285911827,1067.6910400390625,5179244
2019-07-12,1074.504047542243,1098.836113836225,1060.878090417613,1071.77880859375,4845853
2019-07-15,1080.3437891659519,1080.3925008241679,1048.5660854796013,1060.294189453125,2563929
2019-07-16,1062.824497767857,1088.1298429528063,1053.6270255991953,1084.9666748046875,2457767
2019-07-17,1080.5868409162874,1088.1297799093982,1075.7691403087608,1080.2462158203125,2538956
2019-07-18,1075.4773299605758,1076.9372539378978,1027.9810890414649,1051.145263671875,3482208
2019-07-19,1060.8779082113638,1073.5305805111323,1049.149806748404,1061.89990234375,3302082
2019-07-22,1058.8339427994374,1062.824376862878,1033.723209448903,1056.5467529296875,2341863
2019-07-23,1060.8777678775002,1080.2461105207099,1057.3739751582132,1069.7833251953125,2527679
2019-07-24,1071.5840303206753,1080.3435728028608,1052.3617009847685,1058.347412109375,1732174
2019-07-25,1064.6739365361077,1071.2921874071371,1055.6223601810184,1061.3160400390625,1770220
2019-07-26,1056.7903666551208,1082.4849339998375,1054.0651276657507,1076.8399658203125,1128870
2019-07-29,1082.2173038955957,1084.2704522077597,1047.9977675319603,1054.8416748046875,1661014
2019-07-30,1055.916974085847,1069.2136824824622,1048.1931130909384,1055.134765625,2335907
2019-07-31,1055.0861889700611,1055.0861889700611,1017.7868673210595,1032.7945556640625,3050699
2019-08-01,1028.6391500308318,1045.5044914905632,1018.1777975603318,1033.7232666015625,2321381
2019-08-02,1038.3185068783362,1051.419724714252,1022.7242229936247,1040.958251953125,1789229
2019-08-05,1035.8741219721137,1035.8741219721137,1003.7077379204118,1013.6803588867188,1962260
2019-08-06,1004.0988967255018,1046.140038457923,998.4771161450037,1023.3595581054688,5738839
2019-08-07,999.2104168491578,1017.6889895235557,975.745592970117,1005.5165405273438,8983860
2019-08-08,1012.8980271415626,1036.1673538827602,989.0910365701907,1017.88427734375,2553976
2019-08-09,1026.5858729754862,1052.9837954234272,1018.2754159085417,1043.206787109375,2944544
2019-08-13,1046.1399595803082,1064.2274261711825,1032.5498932450814,1040.1270751953125,3293100
2019-08-14,1030.5944784731084,1066.5249859781804,1027.6125623843602,1059.8277587890625,1834669
2019-08-16,1051.0283385116954,1060.1210035050924,1046.3353270283474,1051.810546875,1366746
2019-08-19,1080.0661477337324,1080.0661477337324,1056.0636619978293,1064.6673583984375,1467603
2019-08-20,1066.5738366440582,1071.3156616991103,1051.5661530922318,1067.991455078125,1584464
2019-08-21,1066.1829393081514,1072.5379958010474,1036.6564168804648,1041.544921875,1344715
2019-08-22,1042.0337111616461,1046.1400073765305,1024.6795194504934,1038.073974609375,1182766
2019-08-23,1038.6118083809718,1058.7524248852417,1016.8090285863997,1049.56201171875,1925420
2019-08-26,1070.2891508673163,1082.1194274943095,1037.9762070255088,1077.8663330078125,2601437
2019-08-27,1083.2925996295633,1104.9486984827836,1074.6887839509652,1098.6424560546875,2825727
2019-08-28,1103.8244306992867,1106.2686832030495,1082.8038591669265,1086.1768798828125,1599333
2019-08-29,1086.7146085296765,1090.1365618628784,1072.0980270314471,1077.23095703125,1204392
2019-08-30,1082.363741530038,1088.181013675167,1070.5823988987493,1080.4571533203125,1454803
2019-09-03,1073.5158094673293,1073.8091675370963,1029.4703271046085,1036.02099609375,1858383
2019-09-04,1036.36304126923,1045.1623501101951,1002.6323573788635,1014.0714111328125,2881072
2019-09-05,1013.8758734752562,1029.4213422709026,1013.1425977711998,1025.26611328125,1587469
2019-09-06,1030.4966207070643,1047.0686011660462,1019.2041289742518,1044.8687744140625,1443212
2019-09-09,1041.2516365677284,1067.6006325894516,1034.7988333938652,1064.0809326171875,1272456
2019-09-11,1071.511310331527,1078.8930002565467,1058.8990635325556,1076.4976806640625,1432923
2019-09-12,1085.932401025387,1089.7454586126787,1059.5834080748484,1061.8809814453125,1792647
2019-09-13,1063.8363527675647,1101.3800921623233,1063.8363527675647,1098.3492431640625,3428008
2019-09-16,1098.8380047669298,1126.3113746718275,1090.5275475753408,1122.9383544921875,3645849
2019-09-17,1129.2447127983016,1149.9719273198791,1128.3159445400709,1132.4222412109375,3120692
2019-09-18,1137.066264925928,1141.9547699342081,1124.8939351946176,1134.8175048828125,1434623
2019-09-19,1138.043959710444,1141.6125922166464,1122.8406614784421,1127.4847412109375,1255713
2019-09-20,1134.1331592825507,1304.644237444339,1127.28925228688,1235.3741455078125,7588909
2019-09-23,1246.764265744093,1315.007843189439,1246.5687732836689,1282.5482177734375,5902008
2019-09-24,1287.632190299176,1294.7205224021895,1253.412656008765,1263.8251953125,2642955
2019-09-25,1267.2470867217678,1285.5789791944578,1234.640784513328,1240.604736328125,3928117
2019-09-26,1244.6133923530906,1263.7274949396117,1243.635691337888,1259.572265625,2277616
2019-09-27,1262.2119662650355,1265.0961364192092,1236.9384197799625,1255.4169921875,1847785
2019-09-30,1261.7230651369578,1266.953741304875,1238.2582425385176,1244.6622314453125,2142791
2019-10-01,1253.4126284533645,1268.860351332734,1239.2848973462173,1252.0438232421875,1454512
2019-10-03,1250.8707314986766,1269.055946930179,1240.4581915775536,1266.6116943359375,1449986
2019-10-04,1273.9444246832823,1277.5618707055467,1212.4470068669068,1223.0062255859375,2383219
2019-10-07,1227.1124794075326,1237.5739515304472,1213.6202774564363,1230.925537109375,1100794
2019-10-09,1173.2412122376302,1208.6828738573086,1150.8030217928927,1202.8656005859375,8327469
2019-10-10,1203.7452832267757,1214.7444181953986,1192.795081041759,1207.167236328125,1479753
2019-10-11,1214.3535315972335,1221.1485055662436,1187.9066727485874,1215.868896484375,2182903
2019-10-14,1212.153619577676,1229.947728159925,1205.994056188607,1221.0994873046875,1241231
2019-10-15,1226.0371548222188,1246.7155565423445,1225.0594537418183,1243.7335205078125,1379017
2019-10-16,1246.3732094153472,1249.2084466703923,1228.0413167408683,1246.1287841796875,1223194
2019-10-17,1256.3457953921745,1256.8835786859295,1242.7557275101076,1248.5731201171875,1500556
2019-10-18,1249.5020015458235,1275.8999311559464,1245.6401299532836,1271.5980224609375,1135957
2019-10-22,1271.4509972063047,1306.9905178713927,1265.6337250044855,1299.8043212890625,2138284
2019-10-23,1302.2487384682574,1335.8816751691272,1297.4580992703266,1318.576416015625,3148288
2019-10-24,1333.5841327337764,1348.2496473899396,1320.531848559444,1343.89892578125,1791699
2019-10-25,1348.1519327293063,1358.955457170023,1301.4667099807034,1305.2308349609375,3934315
2019-10-27,1309.0925372639101,1311.8790802329022,1286.3609919475616,1290.4674072265625,470393
2019-10-29,1290.5653900153884,1310.1194110762276,1264.3629540545546,1302.8843994140625,2030358
2019-10-30,1316.963198326529,1316.963198326529,1282.7436645912442,1286.8011474609375,1681593
2019-10-31,1292.5207016108843,1306.2085153949633,1290.2231281667812,1301.5155029296875,1533763
2019-11-01,1302.1023037662903,1303.6176687820766,1258.3501818581904,1272.8690185546875,2491686
2019-11-04,1281.7661627084044,1281.7661627084044,1253.5105765944515,1269.8382568359375,1706003
2019-11-05,1266.1226878858674,1277.1218232053393,1249.0129218333557,1255.1724853515625,2881634
2019-11-06,1139.0217538783272,1172.2635904722013,1124.356237733971,1130.3201904296875,18294122
2019-11-07,1135.1110301283181,1152.7096507504627,1130.6624421761846,1141.1727294921875,6500446
2019-11-08,1141.1724935266352,1146.794273951823,1128.266888811595,1130.95556640625,2796511
2019-11-11,1130.9557110096928,1137.7996184893277,1112.2816444706293,1129.9290771484375,2357413
2019-11-13,1129.9289520077184,1140.9770205977122,1124.4538505000382,1133.204345703125,2336007
2019-11-14,1138.0439004154316,1150.0696697828369,1136.0884985246835,1143.0301513671875,2571355
2019-11-15,1146.8432730714428,1148.6031826108592,1130.1246098400547,1132.61767578125,1506407
2019-11-18,1134.2795889862775,1138.5325635291256,1127.093512089984,1132.959716796875,1132129
2019-11-19,1132.9599299674746,1141.7592386834338,1127.3869628384093,1137.26171875,1109428
2019-11-20,1139.9993376070104,1141.465889070484,1130.6134321104303,1136.9195556640625,920219
2019-11-21,1137.0662309450183,1143.910137752082,1118.4899124687024,1122.6451416015625,1417102
2019-11-22,1122.4006144363518,1125.0403590829203,1098.153584782398,1110.277099609375,2320184
2019-11-25,1124.2582557635938,1140.927984010102,1117.6098420995359,1137.6527099609375,2270744
2019-11-26,1140.879132238171,1158.3310683345667,1136.2838666885834,1140.096923828125,4025257
2019-11-27,1143.910080990092,1156.1313425391315,1135.1107726747837,1141.1236572265625,1587451
2019-11-28,1145.8655170311831,1145.8655170311831,1134.4752770579362,1143.4212646484375,1031591
2019-11-29,1146.8431917982894,1152.26947970339,1129.2445750443514,1133.8397216796875,1244953
2019-12-02,1134.1332320489043,1135.1109331110154,1117.0234634619596,1128.071533203125,1016807
2019-12-03,1129.2445590623095,1143.9100728163655,1124.4538006996665,1132.3243408203125,1315825
2019-12-04,1128.9512157427034,1151.7316951431574,1127.2891719015793,1148.4564208984375,1388528
2019-12-05,1153.687177983824,1177.7385986721388,1148.7986729923673,1157.8424072265625,3637705
2019-12-06,1163.2687265594004,1163.2687265594004,1142.8347512799803,1145.8656005859375,1026657
2019-12-09,1146.8432021640965,1159.553314379044,1139.8526165762237,1151.7806396484375,1092070
2019-12-10,1148.8966351841334,1165.5175552793717,1146.7457403228887,1153.0030517578125,1641867
2019-12-11,1151.8294544097917,1162.4864185334507,1149.5318810687172,1153.2471923828125,1005638
2019-12-12,1155.7402078235014,1165.4194705847538,1151.242807561701,1161.5086669921875,1065673
2019-12-13,1166.3973012700192,1176.6631618428064,1156.2291869282715,1159.7000732421875,1624478
2019-12-16,1162.0464794931872,1165.6639251681197,1136.919494169139,1139.6571044921875,1239589
2019-12-17,1144.8878789403366,1144.8878789403366,1126.3115598115012,1131.542236328125,1706196
2019-12-18,1138.0440550513847,1141.319329793776,1124.6984114639877,1133.2532958984375,1391631
2019-12-19,1133.1554129158085,1136.5773662766414,1127.2892071543806,1133.204345703125,1338696
2019-12-20,1134.1331804449844,1179.5473449743574,1134.1331804449844,1175.098876953125,6754831
2019-12-23,1179.205202538927,1201.5945802637812,1174.3166973303682,1182.1383056640625,3980835
2019-12-24,1179.1563444274514,1194.7506277127088,1173.8767351325534,1177.249755859375,2236779
2019-12-26,1182.9694059026317,1186.6847178461167,1164.050913364195,1165.9085693359375,1800229
2019-12-27,1169.7702184691702,1172.458896000261,1158.4289116622215,1164.8817138671875,1332568
2019-12-30,1168.3526193349148,1171.2857221449608,1156.717954318748,1167.1304931640625,1109808
2019-12-31,1168.3526785595013,1176.858629400503,1157.793460168779,1161.4598388671875,1753530
2020-01-01,1167.815052863116,1172.2636406901183,1126.5071806202825,1129.0003662109375,3137636
2020-01-02,1131.1999819366356,1134.0353385181425,1114.5790660395546,1129.8311767578125,3286436
2020-01-03,1130.222340421202,1130.222340421202,1106.7575167446373,1114.2857666015625,2695237
2020-01-06,1136.0884892834465,1145.2789019648576,1124.4538242584822,1132.7642822265625,4494752
2020-01-07,1144.8386930721483,1147.6740492346812,1126.3602436074589,1134.083984375,2363578
2020-01-08,1119.4674636132684,1130.5155308624624,1112.6235577221828,1117.805419921875,2370166
2020-01-09,1129.2445783655871,1141.9546905030354,1122.889522296863,1137.506103515625,1764131
2020-01-10,1140.9770985293176,1144.594544589974,1125.0894568402846,1128.31591796875,1517311
2020-01-13,1129.2445743775252,1136.5283985681895,1122.8895183312447,1133.1064453125,1135936
2020-01-14,1136.0884562649705,1142.5901911795115,1131.3466307259425,1141.07470703125,1324743
2020-01-15,1147.3319521844132,1164.9305675566495,1144.4965958381254,1158.4288330078125,2665214
2020-01-16,1158.4288984180503,1168.8414369708798,1147.9186136439498,1166.2994384765625,1644541
2020-01-17,1168.1572042275427,1170.1614196714793,1157.5979856729757,1162.2420654296875,1034774
2020-01-20,1163.464141478863,1168.3526462749928,1152.8071771536481,1161.362060546875,1139858
2020-01-21,1157.0601335966614,1157.5001706300975,1135.110795159116,1149.9718017578125,925998
2020-01-22,1155.4471316048714,1159.5044954239718,1145.865613716737,1151.3896484375,902471
2020-01-23,1149.7763814976643,1179.7429411606029,1148.7986804929892,1177.249755859375,2101116
2020-01-24,1181.9428276165577,1202.5722959787333,1179.1564034833348,1200.47021484375,2841654
2020-01-27,1200.6168269564387,1212.6914104262903,1181.8938289530593,1186.7335205078125,2332864
2020-01-28,1187.9065564526675,1196.2170138434885,1161.8019909760942,1168.3525390625,1703068
2020-01-29,1171.774671644018,1180.9650850951937,1155.2515005480116,1159.7489013671875,1380266
2020-01-30,1164.4418437052814,1164.9306941854263,1149.971821753686,1152.953857421875,1859283
2020-01-31,1159.0645769681712,1168.1572443327887,1153.6872212757842,1161.264404296875,1809101
2020-02-03,1143.910138184126,1165.712917617026,1136.6263136760194,1159.9444580078125,3595537
2020-02-04,1168.352779936456,1259.0834870716683,1158.5757692256907,1247.35107421875,7875930
2020-02-05,1256.101305437506,1268.7624851007433,1227.01470194518,1251.310546875,5459816
2020-02-06,1256.2968063257538,1265.3405402454407,1224.1305400792066,1231.2188720703125,2463971
2020-02-07,1235.862947799622,1250.9683799115348,1230.3389134989416,1246.5687255859375,2277867
2020-02-10,1242.5603481230626,1246.5688987513522,1225.4016461303502,1229.165771484375,1021943
2020-02-11,1234.8363739957083,1250.3818439037875,1230.4856522462735,1242.3646240234375,1351413
2020-02-12,1248.4751895186325,1260.2076010046699,1237.6227327637005,1240.7025146484375,1195516
2020-02-13,1241.6801919497161,1278.8328276143534,1241.6801919497161,1269.153564453125,4458645
2020-02-14,1277.8063865352444,1281.4727656075345,1261.234400867804,1264.607421875,1416212
2020-02-17,1264.2162475326083,1292.129537745778,1259.6209815081015,1286.703369140625,2347399
2020-02-18,1284.6990941656536,1289.4898528613428,1272.2334066081103,1281.7659912109375,1761012
2020-02-19,1287.6322845685256,1303.1777551539278,1282.7927121038756,1299.9512939453125,1445826
2020-02-20,1300.3421475387493,1311.1457898121118,1290.5651389106383,1293.3515625,1513648
2020-02-24,1280.7882724375845,1288.4143877532358,1245.4443584544827,1251.3594970703125,1341317
2020-02-25,1256.345754745906,1258.056731454704,1228.7746349491536,1232.0009765625,1358874
2020-02-26,1227.992381474062,1238.7470918213667,1217.3354173511718,1227.1124267578125,1506693
2020-02-27,1222.1261726902762,1257.3234064637563,1222.1261726902762,1249.404052734375,4569014
2020-02-28,1227.0148515150147,1242.3647106831033,1208.0963595465698,1226.5260009765625,2728105
2020-03-02,1246.5687906400235,1265.1451098730906,1200.6168430634893,1216.40673828125,2773593
2020-03-03,1220.3661864767241,1243.635515079942,1197.6835738780887,1219.1929931640625,2660100
2020-03-04,1224.0326325714216,1237.427206932289,1190.155390797928,1223.054931640625,3007393
2020-03-05,1225.5483525040386,1236.938594408535,1214.5002821214907,1231.0723876953125,1555538
2020-03-06,1201.5945256581958,1219.144210820081,1192.5018586441772,1214.8912353515625,1678642
2020-03-09,1197.6836385099723,1214.1578753006415,1148.7985920401775,1176.6141357421875,2285787
2020-03-11,1171.2367516206473,1186.2933694300648,1151.2917486335866,1161.16650390625,2314388
2020-03-12,1124.3562271901121,1128.2180986659334,1040.9094649809183,1052.7396240234375,3608906
2020-03-13,1032.061259334939,1109.3973926284923,924.9541155525792,1060.170166015625,4337046
2020-03-16,1026.5370851128118,1026.5370851128118,961.0800529488366,988.7978515625,3443930
2020-03-17,982.5894536981573,1014.8535850136192,955.995975951799,978.6786499023438,2985146
2020-03-18,1005.0765975964445,1005.0765975964445,900.4625937610168,909.9951782226562,5508541
2020-03-19,860.3279978645173,903.7868187936898,821.0244061417783,883.3528442382812,4838552
2020-03-20,885.8948120598392,913.1726925925891,846.6890276072614,884.7216186523438,4407646
2020-03-23,820.9265748937679,822.2953203331838,754.0518102511171,783.0895385742188,4960906
2020-03-24,787.2937620251078,838.7208128310457,704.8247032163171,797.9017944335938,5404961
2020-03-25,781.1831250818116,877.6822289385094,767.2997584834529,861.1590576171875,3564854
2020-03-26,875.0423623308079,926.6649612686819,852.8485385245747,907.5997924804688,3635282
2020-03-27,938.5929118189349,943.4814165679919,876.0200510310059,916.1546630859375,2999631
2020-03-30,841.8005349283561,937.6152299608519,841.8005349283561,922.6075439453125,2901412
2020-03-31,945.4367612185355,950.0319673392214,903.1511976997127,912.8793334960938,3811918
2020-04-01,908.9685639002582,928.8158807864481,881.8862362835539,915.1769409179688,2935916
2020-04-03,909.2618792362682,909.310752348713,836.8631361630881,843.5603637695312,4951957
2020-04-07,880.0286372588733,933.6555723666522,872.402581471444,926.3228149414062,4186574
2020-04-08,914.1504383446038,944.8502737265787,873.4781004654492,893.0809936523438,5505995
2020-04-09,910.8751526945622,1020.7198352312618,896.8939807753641,991.2421264648438,8532854
2020-04-13,991.8775722861182,991.8775722861182,922.1675094018208,945.2901000976562,4399110
2020-04-15,967.9240174000042,967.9240174000042,916.3014150734977,930.8202514648438,5502739
2020-04-16,908.2841685986465,976.7232340474143,894.5963555088929,963.2798461914062,6251879
2020-04-17,978.7764358935693,995.0063081100651,934.9754435357254,953.747314453125,5761623
2020-04-20,953.747314453125,960.2979230120785,935.659846162625,953.747314453125,2557331
2020-04-21,936.6375184866409,940.7438744482353,911.6572709252941,915.8125,3717567
2020-04-22,915.8125368117524,933.9488783908223,901.9780438196389,930.1847534179688,2779272
2020-04-23,901.6847161236482,914.6392539264547,884.8193744558434,892.2498779296875,7009187
2020-04-24,889.7078780116004,906.2310481871826,873.1847078360182,885.845947265625,4692972
2020-04-27,893.8142365768323,917.0835076725024,891.7121556266937,907.0620727539062,3816089
2020-04-28,909.604026510051,919.0388642520774,896.551743105484,912.0482788085938,2548149
2020-04-29,911.2173290768337,912.7816268021621,897.5295151207439,904.7645263671875,2514908
2020-04-30,914.3459679757968,957.1203858295099,908.2842099679872,948.4188232421875,4336412
2020-05-04,907.7954133808557,908.2842638996391,866.2431192842629,871.962646484375,4201101
2020-05-05,884.8193653238427,888.5834901354024,857.4437385513924,867.171875,5214901
2020-05-06,867.2206771326283,872.0603084043266,842.0448795721264,856.9059448242188,3713850
2020-05-07,858.9102004693332,858.9102004693332,827.5260269171666,830.165771484375,4744629
2020-05-08,837.8897624505933,843.2671179855737,811.7851336459522,814.2782592773438,4751910
2020-05-11,829.5304072596039,832.4146370814102,805.6256063970967,811.1007080078125,3704305
2020-05-12,808.5586564463817,832.0234783988766,803.9145771016172,827.574951171875,5287477
2020-05-13,855.4394815457456,864.2387903365317,836.9120361014308,841.2628173828125,3599358
2020-05-14,835.9343183801528,836.9120193373227,822.4909302190686,827.135009765625,2161536
2020-05-15,827.135000732624,840.6272618593939,823.2241969466542,826.743896484375,2130736
2020-05-18,822.7353882483462,826.1573417348218,791.9378068700659,799.0750122070312,4634758
2020-05-19,808.8520096702018,825.3263070050143,799.9060814982687,808.3631591796875,3072505
2020-05-20,805.6255556863629,834.9565831992159,800.345946864398,829.7747802734375,3403474
2020-05-21,834.9565916031538,840.8227971647684,825.081836110754,830.8991088867188,2217516
2020-05-22,826.0595945899047,836.8631786504134,819.2156876245339,830.7036743164062,1955658
2020-05-26,836.9120191297956,876.9488852507959,836.0809971860596,872.842529296875,5625204
2020-05-27,865.1675453661389,870.8870717290054,849.1332268275511,866.0963134765625,3925259
2020-05-28,866.09635877697,883.9394010338992,855.4883273870229,879.3931274414062,3441157
2020-05-29,875.4824132978999,877.9755390295821,855.4884149787131,870.1539306640625,4140081
2020-06-01,878.4642953574455,957.1692210962038,878.4642953574455,937.5174560546875,9822341
2020-06-02,937.5174710013845,962.0577411384132,925.2472762587395,954.3828125,4518557
2020-06-03,966.9462356123885,982.589450748686,957.8536287492416,962.39990234375,4194237
2020-06-04,948.4677220242594,955.6538602226374,921.3365191085228,949.5921020507812,5293647
2020-06-05,955.2137826305877,972.8123988919497,945.4367735964978,968.8527221679688,3136137
2020-06-08,986.5003382240853,1026.5860804115853,983.6161082538163,1002.1435546875,7033675
2020-06-09,1013.875892649129,1023.6529022214446,967.190671941322,974.8656005859375,17283990
2020-06-10,974.8657164616517,986.4515099864492,949.2010632837389,955.4583740234375,5971985
2020-06-11,954.2361859395533,954.2361859395533,927.9360048959509,930.0380859375,4955842
2020-06-12,889.7567596213304,962.839907441585,880.9085777397914,955.8982543945312,6968318
2020-06-15,958.0981024206662,964.5509051209467,923.9274406950542,927.2516479492188,3823415
2020-06-16,943.4814350362124,948.3699398809596,912.8305335292999,936.6864013671875,2976379
2020-06-17,933.7043934918144,951.156331322507,924.6606598375743,941.5260009765625,2372940
2020-06-18,936.7352139023056,958.6357380601225,932.3844926111461,954.236083984375,2118941
2020-06-19,958.1469604760373,972.7636020630237,951.3030536154942,954.0894775390625,2817395
2020-06-22,957.1692915834171,965.9686006990971,946.952304064273,957.6581420898438,1840153
2020-06-23,959.6134599118284,985.5225344789842,959.6134599118284,976.9676513671875,2929867
2020-06-24,987.4779930341359,1003.1212087653697,963.1821474712162,966.1641235351562,3451720
2020-06-25,963.0354258644472,971.8347343241225,951.8407381670346,955.8004150390625,2214883
2020-06-26,965.9685941213328,967.8262499027581,940.4506217292791,944.6547241210938,2514103
2020-06-29,943.3837380493103,949.9342871438753,914.1504536822249,936.099853515625,3422997
2020-06-30,943.4814441810879,950.276477915975,925.2962298520171,928.6692504882812,1947529
2020-07-01,928.8158800059915,946.9033471429503,923.9273753743811,927.0560302734375,3043306
2020-07-02,935.6109310800764,971.8347391508217,931.8467466380424,964.4042358398438,3845200
2020-07-03,969.8794239692327,985.5226404848655,964.3065161507114,981.1229858398438,3073808
2020-07-06,984.5448915614955,997.0594522304299,973.4480092551574,991.5843505859375,2509450
2020-07-07,992.3664358591828,1006.0542487675854,984.5448284829529,993.5885620117188,3538454
2020-07-08,1003.1211947630771,1006.0542976717412,965.0397300640971,969.04833984375,4272654
2020-07-09,972.8124272529981,980.1451842423423,956.5336828670023,969.4882202148438,3585878
2020-07-10,963.0843472420221,964.9908761053242,936.0509507017072,940.4016723632812,3691688
2020-07-13,952.2319554316887,952.2319554316887,937.6153127095745,944.8013916015625,2760626
2020-07-14,938.5929434508456,956.0938149119257,933.7044385370391,952.085205078125,3642970
2020-07-15,957.1692453565328,963.8175999880236,941.9171341622814,946.3656616210938,2366530
2020-07-16,946.9034278858198,951.254209313772,920.798798992241,939.912841796875,2914310
2020-07-17,938.5929195669352,977.7009578822241,935.1220931012793,975.598876953125,3843594
2020-07-20,977.7009335874504,989.9221952572937,964.0131205172262,979.363037109375,3349775
2020-07-21,981.6117936886109,994.7130108206418,976.9677139873949,992.51318359375,2491480
2020-07-22,997.499286845974,1042.1801677112924,992.9529540482835,1034.1141357421875,7642553
2020-07-23,1044.1356222068312,1058.8500684036346,1027.6613860094446,1046.33544921875,6785686
2020-07-24,1041.055997795739,1042.2291911722018,1009.6717024703897,1034.0164794921875,4407065
2020-07-27,1033.430013214425,1048.5843795387614,1016.1735657560905,1018.8622436523438,2783336
2020-07-28,1021.6974586831341,1031.4255350719627,1005.6143263312046,1029.2257080078125,3129955
2020-07-29,1033.2344693046837,1042.962546560244,1013.0937331331794,1017.2489624023438,2332468
2020-07-30,1018.764415832292,1034.114273398713,1016.7600810944681,1018.6177368164062,2297977
2020-07-31,1022.1864606910776,1027.661562770605,1009.6718393536371,1019.9866333007812,1786573
2020-08-03,1027.592958298487,1074.359748700246,1023.6671017242808,1057.38037109375,7646498
2020-08-04,1068.765149207121,1069.010515201228,1045.5045008888471,1055.27001953125,3357481
2020-08-05,1062.9256508999822,1093.7926498105435,1058.0183302587081,1084.95947265625,5465772
2020-08-06,1084.9592492215804,1104.1469169005397,1071.0225093935237,1099.3868408203125,4499103
2020-08-07,1094.2833113224624,1110.4284670759005,1065.9190956907426,1070.826416015625,4553672
2020-08-10,1072.7402790682295,1093.9398800178412,1063.9071020219221,1087.0206298828125,5185798
2020-08-11,1054.0924306674972,1067.5384407520294,1029.163218867094,1046.486083984375,11189277
2020-08-12,1048.203734876703,1056.9387899622031,1029.114304669279,1036.7696533203125,6260227
2020-08-13,1044.326907845188,1082.7021296173739,1042.3148585473516,1077.3040771484375,5476727
2020-08-14,1077.3040771955236,1098.2583114552397,1069.8449741087384,1083.68359375,4149195
2020-08-17,1092.3693290417646,1105.3246046976542,1085.4990816893007,1103.0181884765625,3033448
2020-08-18,1108.023883744641,1130.4504350038367,1104.245270798492,1124.3162841796875,4134374
2020-08-19,1137.3695321241185,1137.5167756856013,1123.776279689399,1127.11328125,2570066
2020-08-20,1109.103448650069,1117.2986491441627,1098.061978575135,1104.833984375,2727302
2020-08-21,1116.6115408305243,1122.5985670549221,1108.170974422635,1117.004150390625,2181243
2020-08-24,1118.8692474373252,1125.4941311392568,1103.1658194031172,1105.7667236328125,2122417
2020-08-25,1110.0359073610387,1117.887620233619,1102.0860720390772,1115.4339599609375,1465877
2020-08-26,1118.574566121859,1128.6836940876078,1106.2572637796534,1113.176513671875,2009966
2020-08-27,1118.86903867096,1127.2114832575417,1106.110005773835,1116.5626220703125,1459135
2020-08-28,1126.966233177659,1126.966233177659,1110.6248307859917,1113.0784912109375,1628956
2020-08-31,1110.0359755242646,1131.6281872497586,1065.8700879039357,1080.101318359375,3373546
2020-09-01,1084.5177370047247,1108.7108489455845,1075.3410724223622,1099.288818359375,2043953
2020-09-02,1096.2460391809216,1103.8033829851759,1082.1620563830152,1100.5155029296875,1919880
2020-09-03,1100.5158796582068,1169.512742555553,1100.5158796582068,1163.32958984375,5945052
2020-09-04,1140.0686236015547,1175.84306033089,1133.590984792835,1137.76220703125,3490945
2020-09-07,1142.4242945544115,1154.6434755550697,1127.9968191699495,1146.0556640625,2166322
2020-09-08,1146.055542730074,1152.336936718301,1133.1983874181933,1141.0010986328125,1994062
2020-09-09,1135.4557797855696,1150.079618045459,1127.0152129440112,1139.577880859375,1918422
2020-09-10,1143.4057009609662,1144.239921502287,1117.6422677848072,1133.83642578125,1841208
2020-09-11,1134.57241197348,1171.8680448930234,1133.5909479492814,1146.1046142578125,5572098
2020-09-14,1146.8408198501124,1169.5126169741982,1146.3009666631167,1165.9793701171875,2019325
2020-09-15,1172.6534583775665,1197.3863079632597,1148.4603422100595,1152.77880859375,5204233
2020-09-16,1158.1275795450765,1166.960755999234,1143.1111316499598,1159.7960205078125,2463561
2020-09-17,1153.171175002794,1169.4635746069866,1146.399168684388,1160.483154296875,2019300
2020-09-18,1163.0349721591351,1179.2291299993256,1135.8974655138957,1142.0316162109375,2575064
2020-09-21,1142.0315321564283,1150.0796091631803,1094.3815249334675,1099.1416015625,2666086
2020-09-22,1099.2398427260812,1106.600823815765,1072.887554386541,1083.97802734375,2000953
2020-09-23,1086.9713028766507,1101.1534087473476,1082.5547151900187,1096.491455078125,2068183
2020-09-24,1092.3695554876738,1093.2528971490551,1056.055383382513,1075.8319091796875,2356296
2020-09-25,1077.2060263534656,1094.3325278574175,1061.2081127765316,1088.7872314453125,2275740
2020-09-28,1098.258176540203,1122.745654537335,1087.8055613542363,1117.64208984375,2509616
2020-09-29,1123.776268959172,1152.385968239612,1118.2309734521298,1145.6629638671875,3586518
2020-09-30,1151.2571866630751,1182.664032335043,1141.6879133723974,1179.0816650390625,3635996
2020-10-01,1181.290206370631,1188.5530649154562,1160.0906050619894,1176.4320068359375,2990243
2020-10-05,1178.7383076548058,1193.4602682000366,1166.666252084668,1172.2115478515625,2151235
2020-10-06,1181.6828635634422,1193.4113125005058,1169.9052934947035,1177.7078857421875,2087249
2020-10-07,1182.6642405435418,1244.4964788458185,1178.1985309653257,1230.7559814453125,9411156
2020-10-08,1233.7003469049096,1239.1475204646524,1210.7340635021949,1230.9031982421875,3144780
2020-10-09,1230.9032503786245,1245.4779686028764,1224.376490017406,1231.9337158203125,1873176
2020-10-12,1236.840959134931,1237.9696667642202,1213.0895768319822,1233.4549560546875,2009418
2020-10-13,1234.240235301507,1258.1388623380847,1200.9685781229084,1206.0721435546875,4735253
2020-10-14,1201.655558456916,1225.7995515881278,1195.9631385066211,1200.772216796875,4096708
2020-10-15,1200.2323998334857,1214.6108719972542,1187.5714897416576,1191.104736328125,2727327
2020-10-16,1193.5095337337468,1217.0646734561733,1193.4604126029374,1200.4779052734375,2772602
2020-10-19,1202.3915824233247,1211.7154908884754,1190.614013835766,1206.0230712890625,1606979
2020-10-20,1207.2008619242754,1222.4626768415737,1194.539950874275,1210.635986328125,2841242
2020-10-21,1217.9968050077957,1233.2586178928655,1206.2192371914432,1221.628173828125,2687516
2020-10-22,1217.1626255461294,1229.7744142124025,1197.386101627399,1206.660888671875,1973416
2020-10-23,1212.1081982256007,1224.6709869885628,1208.3785866156995,1218.6839599609375,1527141
2020-10-26,1226.8301156850962,1226.8301156850962,1188.062284029447,1192.9696044921875,1425518
2020-10-27,1196.404499259036,1214.070849535215,1191.0555689040125,1208.96728515625,1778338
2020-10-28,1208.9674886111216,1217.99691012656,1163.3784107028728,1194.4417724609375,4810354
2020-10-29,1178.738391456777,1178.738391456777,1134.1308957564231,1156.3609619140625,5274120
2020-10-30,1154.594462979461,1165.7831783765582,1137.6150850708484,1144.141845703125,2275592
2020-11-02,1145.8593561958442,1160.0905858873557,1132.6095906209885,1146.8408203125,2502801
2020-11-03,1156.164795081175,1182.9588149106107,1153.0241576525668,1177.7078857421875,2079628
2020-11-04,1177.7078839911035,1195.32523774398,1170.5922687518205,1193.116943359375,2043263
2020-11-05,1201.459185058075,1230.6086180683837,1187.816811434139,1219.076416015625,2215527
2020-11-06,1219.0764230415552,1242.3861932825366,1216.0339085716246,1230.26513671875,2546487
2020-11-09,1241.9446755427257,1263.8312527258438,1229.2346437735462,1261.23046875,1840061
2020-11-10,1262.162699506267,1287.6807634154138,1250.7286199854527,1281.203125,2898878
2020-11-11,1285.619749086405,1294.2565606136193,1240.2760392899545,1251.0721435546875,2872916
2020-11-12,1263.0951125777817,1271.977410162848,1243.514952682352,1254.4091796875,3650248
2020-11-13,1272.9589488641477,1279.8291976244016,1254.7527417264234,1264.5673828125,3107920
2020-11-14,1270.9959554012696,1273.8422251316467,1255.3906529139686,1262.947998046875,288198
2020-11-17,1272.958939293844,1280.6144072064808,1253.624144422687,1277.817138671875,2185705
2020-11-18,1277.8171593806828,1278.847744626727,1243.515036409872,1256.3721923828125,2934467
2020-11-19,1254.8507888500594,1320.6578752144121,1246.508345224171,1268.4930419921875,6942825
2020-11-20,1271.9283173935119,1345.8817311350585,1271.5848289295109,1339.845703125,10421957
2020-11-23,1349.513236014656,1349.513236014656,1307.310276633834,1322.62109375,2995116
2020-11-24,1322.6210648469576,1339.1587118162875,1298.7224367511333,1302.5501708984375,2876893
2020-11-25,1306.3286230632623,1320.0691194741455,1276.246726602197,1282.724365234375,3417818
2020-11-26,1292.5390389001714,1308.291584900986,1283.9022271034787,1302.79541015625,2819881
2020-11-27,1308.2917521825495,1343.0356081225186,1289.202321801066,1335.968994140625,5497388
2020-12-01,1357.3646981497213,1360.7016996771945,1310.254426630425,1316.2413330078125,2881906
2020-12-02,1322.9643936144998,1366.2470532588131,1318.5969265964584,1363.2535400390625,2969071
2020-12-03,1372.9701152461955,1397.6048395091648,1360.358325873667,1392.206787109375,3939085
2020-12-04,1392.206900066448,1413.8482325481666,1387.495824212256,1410.51123046875,2229459
2020-12-07,1409.3824775450757,1409.3824775450757,1391.7161233697195,1398.880859375,1430365
2020-12-08,1398.8808832555553,1409.03901311827,1386.170850788953,1401.383544921875,1666175
2020-12-09,1403.493578416062,1408.4008986203141,1391.2743990305235,1399.7149658203125,1579066
2020-12-10,1401.5307590284635,1418.2156490168977,1389.3115786952806,1397.8011474609375,2588422
2020-12-11,1401.0401003593304,1422.975800561047,1396.6235116016303,1415.6639404296875,1398271
2020-12-14,1424.10442811335,1442.2615142057668,1418.2156434347282,1436.3236083984375,2453825
2020-12-15,1433.4283118351063,1448.641005319149,1422.4359618858175,1441.525390625,2035503
2020-12-16,1449.622337508826,1482.0106497212778,1441.966870335563,1476.5634765625,2638988
2020-12-17,1467.4359797104555,1491.8253370821492,1464.638831164951,1474.10986328125,1951230
2020-12-18,1474.1588799756398,1496.7325512402467,1469.3496825707878,1491.187255859375,3299825
2020-12-21,1486.1328051528717,1500.2169100081094,1424.1043255931586,1444.37158203125,2298069
2020-12-22,1438.8263623976538,1482.0107825514715,1424.3006458774091,1471.0184326171875,3305444
2020-12-23,1476.808828570715,1491.6290307735944,1450.652908893077,1463.215576171875,2847742
2020-12-24,1491.8252551142189,1491.8252551142189,1458.4554796708744,1468.1719970703125,1947894
2020-12-28,1475.4350346788326,1518.9629437064764,1468.4175423774518,1514.93896484375,2497242
2020-12-29,1525.1952315773178,1527.9923803377965,1500.1187755675214,1511.5528564453125,2081338
2020-12-30,1519.3064560069233,1526.8636817991505,1504.8789813826234,1523.8211669921875,1151230
2020-12-31,1520.2877229507528,1541.8799307654183,1515.576647868143,1538.101318359375,2031709
2021-01-01,1533.144963029834,1543.8429450978854,1527.1089351825165,1529.7098388671875,1003018
2021-01-04,1536.9727940389955,1537.9542581475773,1509.491798998707,1522.1527099609375,1383979
2021-01-05,1516.3621079813527,1547.6217171196354,1512.92698346489,1541.8310546875,1351709
2021-01-06,1548.7503696224849,1591.2968149405117,1532.899700243086,1543.450439453125,3312171
2021-01-07,1540.8984900669423,1540.8984900669423,1506.54724984252,1513.760986328125,2820445
2021-01-08,1519.2082867328938,1526.4711449501906,1493.2976108318603,1519.895263671875,3478504
2021-01-11,1531.0838874136916,1542.8614557784122,1517.0489038560177,1534.91162109375,1425529
2021-01-12,1531.0838918264049,1531.869110976031,1495.7511866304108,1498.793701171875,2550741
2021-01-13,1501.6400548854308,1507.5288394143934,1467.2888117998164,1477.888671875,3527208
2021-01-14,1480.0478725051553,1489.7152699920218,1452.6159986533273,1462.3323974609375,2814477
2021-01-15,1462.3323436213298,1481.0292820836066,1444.0281345563242,1449.8677978515625,1725346
2021-01-18,1439.8077394467293,1481.0292289196418,1432.937491201244,1475.6802978515625,2302268
2021-01-19,1489.8626111063502,1495.751396130486,1473.1777202046321,1491.7274169921875,2279346
2021-01-20,1491.7273009877072,1512.4361694172944,1491.7273009877072,1502.916015625,1838240
2021-01-21,1504.682474770145,1521.1219972107917,1484.0227289009495,1489.1754150390625,1558030
2021-01-22,1493.7883460176115,1506.2528920462182,1459.4371028437506,1463.5592041015625,1364197
2021-01-25,1477.152513058112,1484.7588594285294,1451.3399606780333,1472.048828125,1604484
2021-01-27,1477.1035544686786,1477.1035544686786,1405.456671095779,1413.995361328125,2021747
2021-01-28,1393.679023848285,1427.4904142150735,1389.409678969149,1423.2210693359375,1850239
2021-01-29,1429.0116060904686,1442.0160042914981,1389.0169474722086,1393.973388671875,2435997
2021-02-01,1411.1493071764758,1480.5879009253833,1397.2615644651653,1473.7176513671875,2215933
2021-02-02,1486.917958508008,1507.528702487327,1454.529646540507,1457.9156494140625,1974202
2021-02-03,1464.3443263978338,1500.6584953500587,1464.3443263978338,1496.8798828125,1853072
2021-02-04,1501.640102904888,1511.454744100345,1460.5167323343978,1485.5440673828125,2728965
2021-02-05,1490.402366478662,1510.424138400188,1476.6127478627081,1481.470947265625,1344007
2021-02-08,1485.9365411715933,1535.843963127226,1482.0598061767896,1513.123046875,2683198
2021-02-09,1519.3066356275178,1555.277323798187,1514.448435587814,1530.986083984375,2364475
2021-02-10,1546.1984715917094,1558.5648945263006,1497.7141240850974,1534.175537109375,2125469
2021-02-11,1523.232373941402,1546.6893912903001,1483.2377094838555,1496.4383544921875,5970196
2021-02-12,1508.2158878330922,1508.2158878330922,1463.3630248014663,1466.503662109375,3284441
2021-02-15,1478.0849948105215,1490.353296560277,1449.377168716094,1457.2288818359375,3156535
2021-02-16,1464.4917634417382,1477.1035538771018,1433.919131039499,1444.5679931640625,3090249
2021-02-17,1442.163254301028,1455.511141005502,1422.6320963502865,1433.330078125,2096959
2021-02-18,1437.9430852332214,1444.6170892975108,1402.5122537978946,1406.4381103515625,2686046
2021-02-19,1407.419667367294,1418.117651143539,1386.6126741828289,1399.1263427734375,2543997
2021-02-22,1398.5863080760207,1406.5361431288222,1370.123849876579,1379.202392578125,1931189
2021-02-23,1388.7717543681892,1410.3148442602464,1374.1970358898802,1397.654052734375,1871135
2021-02-24,1397.6539691307973,1446.678051936532,1397.6539691307973,1424.9385986328125,1143204
2021-02-25,1432.9375388370738,1435.8328099137289,1403.9843488400234,1407.861083984375,1967386
2021-02-26,1393.6790554713207,1405.4075038249455,1377.0922878214383,1380.8218994140625,2715597
2021-03-01,1395.1511353846033,1438.8262852436358,1390.3419376183763,1425.2330322265625,1962042
2021-03-02,1441.770687708524,1446.6780079525968,1423.1228707810483,1443.880859375,1293306
2021-03-03,1444.7151850222886,1454.1863377443212,1438.9736438802956,1447.2669677734375,1227772
2021-03-04,1425.085955098712,1460.0751762360446,1423.6628799949808,1443.2430419921875,1822476
2021-03-05,1437.844846160101,1465.325839806847,1435.0966988723767,1446.874267578125,1954113
2021-03-08,1447.6595222469216,1453.7936727649171,1424.1043842578192,1429.747802734375,1060584
2021-03-09,1442.7521748146721,1451.4872289502453,1418.2155732021777,1429.89501953125,941590
2021-03-10,1442.7524177596642,1453.5485242871175,1435.882168151285,1443.979248046875,1257628
2021-03-12,1452.5669694614248,1479.8517212703096,1451.0947732085924,1455.0206298828125,2631081
2021-03-15,1469.1536024656968,1469.1536024656968,1443.733658881446,1464.5406494140625,1482287
2021-03-16,1477.1035176941166,1502.6215851094303,1469.1536821916416,1473.1285400390625,3191850
2021-03-17,1466.552851747432,1471.754659827263,1442.8014665018159,1445.255126953125,1195023
2021-03-18,1458.0629721039898,1465.227707608675,1435.8819084840118,1440.9854736328125,1242978
2021-03-19,1423.122806012112,1443.5863065370384,1405.5055750607332,1438.286376953125,2360672
2021-03-22,1437.8448889547228,1441.427256837535,1421.1599994583198,1433.2320556640625,1331121
2021-03-23,1433.232198461015,1486.721996587646,1427.0489261673579,1467.6324462890625,2534795
2021-03-24,1458.4556241630557,1480.8330531297927,1449.082594267759,1460.5657958984375,1871092
2021-03-25,1456.5908343656454,1470.723941246052,1420.9146385979125,1423.9571533203125,1609996
2021-03-26,1432.8395150478443,1484.3663821497223,1429.9932450940235,1477.937744140625,1922278
2021-03-30,1482.0107313665035,1534.0283265734072,1482.0107313665035,1523.428466796875,3466042
2021-03-31,1521.171209758952,1538.3468312516,1508.2649330758081,1529.170166015625,1431746
2021-04-01,1531.083898437436,1563.766698807899,1522.7905752439483,1530.4459228515625,1343989
2021-04-05,1512.5343927650479,1530.102625187678,1472.1962397572272,1506.5474853515625,1376233
2021-04-06,1501.1493672108659,1519.306453378503,1481.0293528088896,1497.2235107421875,1400544
2021-04-07,1493.8865029457427,1532.5070918439505,1480.047882909245,1486.0347900390625,2592185
2021-04-08,1500.9040667638278,1549.7319087265548,1497.2235761636223,1542.1746826171875,2085919
2021-04-09,1540.8006324881699,1588.0090353500902,1532.360064543634,1562.490966796875,3569146
2021-04-12,1541.8802183454038,1543.499658195073,1474.4045563395182,1482.4525146484375,1889829
2021-04-13,1500.2658317847977,1524.5080642325847,1488.537385022401,1502.228759765625,1880575
2021-04-15,1516.362011637441,1525.685920446862,1487.4579422512863,1510.0316162109375,1313429
2021-04-16,1501.4437313549151,1530.887652457645,1501.4437313549151,1520.3369140625,1501276
2021-04-19,1496.732832630962,1504.0446926443672,1472.2943512710672,1490.549560546875,1439975
2021-04-20,1495.9475844187095,1531.084048322497,1482.0108416454939,1494.6717529296875,1789104
2021-04-22,1501.640108669247,1501.640108669247,1445.843897220416,1453.401123046875,2200432
2021-04-23,1450.603997194166,1469.1536933796235,1424.6933199674659,1434.3607177734375,1726070
2021-04-26,1442.7522799560602,1462.1361966425447,1437.992202857868,1452.419677734375,1020499
2021-04-27,1457.4740781225519,1475.6802837218108,1454.5296860455367,1467.3868408203125,1145908
2021-04-28,1477.10358902177,1486.8201083529427,1464.0500675213127,1480.8822021484375,1037771
2021-04-29,1495.7512513664858,1499.186375631435,1469.2517213225915,1478.8701171875,1927546
2021-04-30,1472.1961779917947,1488.43945707869,1443.7337185506199,1464.0009765625,3691399
2021-05-03,1449.6225056360918,1449.6225056360918,1394.660514901074,1397.5557861328125,3945733
2021-05-04,1407.419505337237,1407.419505337237,1374.0988473982247,1376.89599609375,3194977
2021-05-05,1379.9383999576805,1405.3583418131614,1377.386617489695,1401.9232177734375,1819256
2021-05-06,1409.1860207056934,1421.6014441211291,1404.4749457110802,1417.6265869140625,1464006
2021-05-07,1422.141404258393,1432.2014107412424,1413.2101053912418,1419.687744140625,1190019
2021-05-10,1427.4412701616902,1442.5067186487177,1418.2154845704351,1428.1773681640625,1322561
2021-05-11,1412.4249751624425,1430.9255496537596,1405.456603950749,1408.6463623046875,1582827
2021-05-12,1404.4753030258537,1432.9377654910877,1399.4207383161886,1427.9813232421875,1358169
2021-05-14,1441.7709021464539,1450.4078349836618,1406.4381911340151,1428.8646240234375,1876873
2021-05-17,1434.9003471309445,1443.5372781283768,1411.3452114735283,1441.0836181640625,2218758
2021-05-18,1452.5667621711061,1518.4229745215287,1448.8862720642537,1510.718505859375,3075596
2021-05-19,1494.033565924829,1525.0969253184567,1488.6846350767864,1492.9539794921875,1504440
2021-05-20,1494.7698862773548,1537.2182103623816,1494.2791542070077,1502.965087890625,3032029
2021-05-21,1523.428458278624,1524.0664338759116,1505.1242494986045,1509.835205078125,1158893
2021-05-24,1503.750238089269,1506.5473868003041,1477.5450748512271,1492.5615234375,1126532
2021-05-25,1507.5288934742346,1545.7078718342948,1506.547429350879,1540.064453125,2530758
2021-05-26,1550.7131275464571,1584.0829037088492,1547.4252470919803,1553.6083984375,3839248
2021-05-27,1561.2149730997621,1577.1637655129266,1538.2978091937575,1564.69921875,2810155
2021-05-28,1565.4352751001952,1582.365531210213,1541.4385252325271,1547.7689208984375,1028675
2021-05-31,1541.5365316264313,1578.4395558858346,1539.917091984999,1566.6619873046875,1525715
2021-06-01,1578.194134135742,1582.119990190806,1559.8408050013652,1561.90185546875,1111933
2021-06-02,1551.6946620083336,1567.1527207854563,1535.206018056353,1556.3074951171875,1859258
2021-06-03,1571.3239206427459,1670.7462753497484,1559.1047413253184,1659.8519287109375,7221910
2021-06-04,1682.0332863863007,1682.0332863863007,1634.6285206328266,1648.3690185546875,2952017
2021-06-07,1654.6012103713895,1682.0822048616,1644.9338130568945,1653.8651123046875,1471576
2021-06-08,1654.7485247490877,1694.007089986314,1643.1672000810527,1680.75732421875,1743285
2021-06-09,1683.1618859831453,1707.649488262758,1664.7104319588445,1698.6690673828125,2551140
2021-06-10,1709.1215114746021,1713.4889785506532,1690.277329930989,1706.4224853515625,1850763
2021-06-11,1704.3615763624812,1710.6919720537405,1692.584006847481,1696.41162109375,761647
2021-06-14,1696.411528191953,1707.7474861523942,1681.2479561948571,1702.6439208984375,887780
2021-06-15,1715.599316139935,1716.531659149566,1687.7257106118325,1691.455322265625,868275
2021-06-16,1692.0441635519442,1696.9514842118974,1674.868541242107,1683.161865234375,1116772
2021-06-17,1674.3778041167382,1690.0812301811388,1669.8630930847494,1679.677734375,546515
2021-06-18,1668.5872411299874,1693.0257233591342,1654.7486200484059,1679.5797119140625,2018319
2021-06-21,1667.5073820373937,1715.1575084759895,1659.4103038138453,1710.5445556640625,925811
2021-06-22,1717.6603685851949,1737.9767481811732,1715.5993178513625,1724.4324951171875,2083172
2021-06-23,1724.4323346789795,1752.8947921096512,1722.5185277058285,1749.5087890625,1608518
2021-06-24,1751.9133096844735,1759.715900871784,1734.8358114436717,1747.8402099609375,1271298
2021-06-25,1751.9134515660614,1758.7837003957322,1709.710494469512,1721.3408203125,1378327
2021-06-28,1735.7190919573957,1735.7190919573957,1687.8727217380444,1696.0189208984375,1339433
2021-06-29,1703.6252724746894,1713.6361574301,1689.3449232397247,1699.5030517578125,1236704
2021-06-30,1705.7846493675595,1722.8130279759566,1696.1172516971696,1700.3865966796875,803926
2021-07-01,1696.9514001225264,1714.0288991344462,1693.7616418516193,1708.0419921875,567971
2021-07-02,1722.469487117556,1735.0812767796544,1707.943770585194,1722.22412109375,1259675
2021-07-05,1727.3767523409715,1730.2230220876038,1710.6918632558597,1717.4639892578125,632904
2021-07-06,1717.5622113312104,1741.117350229467,1713.6854759772584,1730.125,960973
2021-07-07,1730.1249838083108,1750.3431205452396,1686.1553436866768,1695.23388671875,2188364
2021-07-08,1697.9330763211167,1713.636503616572,1689.3452645189145,1694.3507080078125,1167637
2021-07-09,1692.0441553143617,1707.6984602203481,1686.1553705510867,1688.7071533203125,831213
2021-07-12,1697.9328314812162,1706.9622529510143,1680.168355876377,1687.970947265625,792602
2021-07-13,1697.9329696108814,1702.8402903323001,1685.6155466770665,1692.28955078125,797913
2021-07-14,1694.0070318096532,1696.5588145009112,1673.3962857679367,1678.6470947265625,891780
2021-07-15,1673.8869891007294,1684.9284600050878,1663.0908842164679,1670.01025390625,943422
2021-07-16,1675.261006498849,1678.3035210843193,1657.3492876334753,1663.925048828125,907734
2021-07-19,1662.9436219711438,1677.5674605662434,1643.854193744998,1649.203125,831260
2021-07-20,1649.2032455932217,1660.0974735982838,1631.6841346355043,1640.419189453125,819793
2021-07-22,1667.5723598811426,1686.9044174527533,1654.9794350251484,1674.213134765625,1146821
2021-07-23,1686.9044108642477,1698.021487829683,1669.5399903632665,1673.426025390625,1053239
2021-07-26,1673.3769116380079,1708.7451386954758,1672.4914509684886,1694.9716796875,1435514
2021-07-27,1704.9575684862407,1714.205486990979,1685.625509717807,1701.071533203125,1075244
2021-07-28,1702.006104117464,1720.8953723794805,1687.8390928734323,1695.6605224609375,1714957
2021-07-29,1710.8603377792153,1727.8804455317645,1699.8416188344052,1711.0079345703125,1346162
2021-07-30,1713.8120476784393,1719.616601594867,1683.5103859386431,1686.8062744140625,1199644
2021-08-02,1700.0384434480034,1747.2617335437812,1697.0869878170174,1742.8837890625,1718511
2021-08-03,1751.1970227632416,1824.9341752061841,1748.3931639087239,1810.4228515625,5956344
2021-08-04,1827.1477834943692,1828.5743924648764,1765.9543170367385,1770.4798583984375,2040687
2021-08-05,1790.5989264572606,1791.730221667288,1734.6687481097945,1770.1846923828125,2301814
2021-08-06,1766.9381585071144,1767.282470988929,1749.2294241790921,1758.8216552734375,877876
2021-08-09,1758.8216755558874,1801.9620964945777,1748.9834897046449,1770.0372314453125,1770502
2021-08-10,1780.7114693854676,1792.517291281946,1764.330867485098,1770.086181640625,862746
2021-08-11,1775.7926148621661,1785.6308010940895,1744.851567200786,1760.445068359375,748179
2021-08-12,1768.9057005484528,1799.9943417893633,1752.1807856934342,1794.0914306640625,889082
2021-08-13,1800.3879656035233,1811.2099697683532,1789.3200067985836,1808.16015625,1194666
2021-08-16,1798.4202312479013,1817.1620218489736,1787.598227668182,1807.4713134765625,461655
2021-08-17,1810.2261509789266,1847.955568747985,1799.0598343383633,1844.11865234375,1917077
2021-08-18,1857.2527849435533,1860.0566439101262,1829.9025800637235,1849.8741455078125,1029077
2021-08-20,1829.3121976315012,1861.6798512685846,1827.885588706814,1846.4306640625,1070166
2021-08-23,1858.4330772272667,1864.335988007237,1817.9489234422995,1840.0848388671875,1092285
2021-08-24,1852.5303607792835,1856.760828653386,1822.6222523377103,1839.34716796875,1003905
2021-08-25,1829.9025828487815,1839.44557516218,1790.5498391316034,1793.156982421875,1280400
2021-08-26,1793.1570215794857,1804.9136059837067,1776.0385536696845,1785.97509765625,1059290
2021-08-27,1794.485082647202,1800.3879941032783,1767.9219810948584,1793.05859375,1020589
2021-08-30,1805.3070860114028,1856.416412969731,1802.1589146078734,1848.053955078125,1670309
2021-08-31,1848.0538227235993,1893.8506221704617,1845.2008451350569,1890.505615234375,1816071
2021-09-01,1894.0474048724848,1922.3321878930421,1884.0125038040755,1908.0177001953125,1247432
2021-09-02,1926.808593828297,1947.46878298857,1915.3470839179959,1935.2694091796875,1167157
2021-09-03,1938.2209324359924,1991.6423285961882,1938.2209324359924,1986.6248779296875,1548784
2021-09-06,1992.2327119919362,1999.9556641650931,1973.6877549635144,1987.953125,679133
2021-09-07,1981.4105126911052,2006.8914365505786,1980.1315005684346,2000.988525390625,773091
2021-09-08,2001.03763315858,2033.5528833222838,1982.4435591839103,2022.681640625,796813
2021-09-09,2018.7957431227364,2026.666291828868,1988.346605853907,2001.3822021484375,653397
2021-09-13,2004.038483843034,2010.3840657612207,1988.4449830859446,1997.791259765625,786459
2021-09-14,2005.9077110582011,2028.141986772915,1999.1685778570325,2022.435791015625,888765
2021-09-15,2026.6662152049096,2098.4849694330446,2026.6662152049096,2085.5478515625,2795995
2021-09-16,2098.4357247990097,2098.4357247990097,2061.1490978901957,2074.578125,725123
2021-09-17,2079.7433575441282,2115.2100674101175,2046.342762889788,2061.6904296875,1727410
2021-09-20,2054.2130446667966,2062.083592730654,2037.0454597405205,2043.7354736328125,411738
2021-09-21,2041.4233736619583,2063.559289761907,2028.7322111740123,2052.097900390625,539788
2021-09-22,2062.870875272381,2076.79181229696,2039.8493760661488,2047.375732421875,1057480
2021-09-23,2056.180787343494,2079.546478108761,2042.9977147351221,2070.9873046875,711634
2021-09-24,2070.938237166723,2080.776423566565,2051.261864367039,2059.033935546875,540771
2021-09-27,2065.0354154285897,2073.2503975069335,2043.5881201031248,2056.427001953125,507550
2021-09-28,2049.490837650215,2103.4041443939327,2049.343360937821,2094.844970703125,923489
2021-09-29,2094.5498437954743,2132.8202920706085,2075.9065289683335,2112.75048828125,912912
2021-09-30,2115.111340593546,2149.643466730089,2101.731552832288,2126.8681640625,1374265
2021-10-01,2122.0965297335356,2139.8052629441077,2088.3022677806675,2128.7373046875,626710
2021-10-04,2125.0484605480065,2139.1171164498437,2103.404448449832,2120.424560546875,870878
2021-10-05,2120.423958510387,2170.942891927445,2095.5333036264847,2157.16943359375,1329784
2021-10-06,2158.4980380307597,2169.0248491572493,2100.551217771331,2112.89794921875,895210
2021-10-07,2218.5104477814434,2345.668973446965,2213.591355879489,2336.9130859375,8361061
2021-10-08,2380.8408036825463,2380.8408036825463,2314.9249632500128,2320.040771484375,1845797
2021-10-11,2338.5366985001638,2367.165914444244,2319.4014756985375,2324.1728515625,1056932
2021-10-12,2326.730543728556,2467.21986096083,2304.7421061504956,2452.265869140625,3517011
2021-10-13,2498.8005490606797,2566.7332655292175,2449.7081012600493,2496.144287109375,4023645
2021-10-14,2533.6277723214075,2542.1869450348677,2491.372816764509,2522.559814453125,1546459
2021-10-18,2577.604513508225,2634.5675095436964,2533.8245895192495,2546.909423828125,2572741
2021-10-19,2595.3131341157286,2595.3131341157286,2428.8018574102366,2444.6904296875,3546129
2021-10-20,2446.8551369210372,2465.006540575191,2364.1159033213617,2372.3798828125,2868983
2021-10-21,2394.5159030789487,2396.532779169994,2341.537417604888,2356.93408203125,2303014
2021-10-22,2378.2827386517038,2454.57791113463,2359.196755885287,2372.97021484375,3063724
2021-10-25,2366.083414793928,2372.9701440677563,2302.135214394092,2340.651611328125,1446182
2021-10-26,2351.326313898755,2428.5068304320193,2332.6337616125306,2415.028564453125,2567357
2021-10-27,2428.0640622751594,2442.181953851042,2412.519681909777,2420.2919921875,2082690
2021-10-28,2430.0318390677235,2430.0318390677235,2321.811797651752,2336.716552734375,3330380
2021-10-29,2361.1644797240524,2365.099753856926,2308.579427161546,2344.980712890625,1450019
2021-11-01,2401.9436736733346,2401.9436736733346,2351.670691497896,2367.362548828125,1276469
2021-11-02,2383.595603672719,2424.915982299373,2381.8739212299415,2414.241455078125,1546219
2021-11-03,2422.16122904025,2431.6549818107846,2367.116630138865,2378.823974609375,1554405
2021-11-04,2399.5335637513494,2405.2397596654464,2382.8086475628406,2392.40087890625,181506
2021-11-08,2437.803843492779,2507.458243571421,2408.6829590700618,2495.70166015625,3449086
2021-11-09,2488.0278821012853,2502.637683692478,2450.839492751949,2471.45068359375,1097405
2021-11-10,2464.4655550076927,2485.9620871623365,2432.19625738714,2444.395751953125,911235
2021-11-11,2443.805158386719,2501.653734328572,2436.229803961134,2487.191650390625,1726010
2021-11-12,2506.6222075929695,2520.297189465046,2482.1742203651065,2498.4072265625,1673817
2021-11-15,2509.720984384575,2531.0697977190225,2490.7332393655265,2498.30859375,846885
2021-11-16,2508.8358820434664,2510.0656552807745,2479.370323125497,2490.78271484375,1133767
2021-11-17,2482.0757170601582,2497.915291748695,2450.7904794061496,2458.906982421875,892518
2021-11-18,2451.6756198361354,2479.222536912946,2416.750064256608,2438.098876953125,739912
2021-11-22,2452.0691307405446,2452.0691307405446,2314.924928061061,2352.605224609375,1361329
2021-11-23,2341.488121853342,2371.937257584807,2326.7800827393785,2349.0634765625,1247942
2021-11-24,2361.164640699125,2366.329688350654,2326.730989688929,2337.405517578125,614145
2021-11-25,2321.811613408246,2364.312523717368,2317.0399977029724,2359.0,662071
2021-11-26,2339.3235068703925,2346.505429435055,2248.074347644762,2255.20703125,1289322
2021-11-29,2252.9445175134297,2296.6259657944265,2195.292653434652,2286.591064453125,1094276
2021-11-30,2298.5933925069726,2351.3261589254234,2298.5933925069726,2337.060791015625,2675375
2021-12-01,2370.8060421549326,2402.435713159512,2309.4156191659167,2322.008544921875,2177426
2021-12-02,2330.6659890268174,2383.3002779305466,2321.860861631402,2347.8828125,1682636
2021-12-03,2366.083622685185,2366.526292996529,2316.9419339443543,2330.912109375,1062389
2021-12-06,2323.140046880431,2341.340690194587,2280.8848476828025,2287.67333984375,547641
2021-12-07,2298.6920417162482,2347.2435832272013,2287.7225609614907,2342.029296875,904175
2021-12-08,2346.4072366626942,2378.8732487423035,2338.6351662105753,2366.624755859375,926476
2021-12-09,2384.7760461428525,2384.7760461428525,2317.7289113836323,2334.748779296875,1250492
2021-12-10,2346.800747257149,2346.800747257149,2259.142655796039,2301.49609375,2288164
2021-12-13,2314.5316912693766,2347.3911358205037,2302.2339589987328,2312.465576171875,992852
2021-12-14,2304.791821043268,2332.8798905361336,2281.229413254891,2316.745361328125,765269
2021-12-15,2316.9913021790107,2329.9284208115873,2279.950387435354,2285.55810546875,567271
2021-12-16,2306.169083738342,2326.5340790195596,2287.6240086010826,2319.106201171875,998086
2021-12-17,2298.1999139662275,2301.446562910098,2220.5767338385094,2243.49951171875,1591893
2021-12-20,2223.135068384349,2226.5291948613763,2169.3202335315877,2203.114501953125,1063366
2021-12-21,2214.8709056619746,2272.6210105767063,2214.8709056619746,2250.632568359375,883858
2021-12-22,2268.980680380014,2270.7516017381568,2245.4182750751875,2262.53662109375,643034
2021-12-23,2282.459266058699,2299.725331389534,2272.6210795670668,2292.198974609375,613686
2021-12-24,2302.233720328389,2304.0044014397304,2272.6206880145996,2281.917724609375,534065
2021-12-27,2268.8327503880905,2306.0703736148425,2249.30409888938,2293.575927734375,537545
2021-12-28,2302.2337904148694,2346.3579064568476,2289.8375811177543,2341.340576171875,871453
2021-12-29,2340.504238553395,2377.348193766254,2331.9943045060563,2363.279541015625,764644
2021-12-30,2355.064735776319,2408.387649587842,2352.014802398938,2397.86083984375,1152684
2021-12-31,2407.6991134528757,2493.9799496697074,2405.042851485324,2481.583740234375,2225749
2022-01-03,2469.384515302742,2504.801982454494,2461.809160644409,2483.010498046875,921729
2022-01-04,2484.141653358498,2552.959707757091,2483.551266196528,2541.203125,1037293
2022-01-05,2534.316634618756,2565.7988288376228,2518.674015442289,2534.464111328125,1244568
2022-01-06,2498.898930348207,2559.256289958428,2497.3739636715973,2553.894287109375,1130508
2022-01-07,2587.442922270433,2643.766537213392,2520.8876899466222,2531.070068359375,4625230
2022-01-10,2543.170720212547,2620.4497083173646,2529.3972617665218,2614.49755859375,1894316
2022-01-11,2607.1191508523734,2635.403934092753,2591.6732476947727,2610.4150390625,1123968
2022-01-12,2598.2646135164932,2628.7629864884775,2565.798603578574,2570.66845703125,1293999
2022-01-13,2568.7499529288857,2586.3602069706094,2546.12212875525,2576.866455078125,1023670
2022-01-14,2583.5076224794498,2596.2972641748925,2546.9588578642765,2550.795654296875,1166457
2022-01-17,2550.7954453730017,2562.1585972174203,2509.1306353401546,2555.517822265625,1172956
2022-01-18,2555.9607743405077,2592.3620632745333,2545.138769522284,2558.518798828125,1221314
2022-01-19,2555.960657607684,2575.4403134288536,2529.4960340187254,2547.0078125,629040
2022-01-20,2554.976726143116,2567.766367051803,2508.737255165555,2522.805908203125,1215237
2022-01-21,2506.769862626894,2520.44484547178,2464.4656616484967,2487.240966796875,1457884
2022-01-24,2479.2225619032943,2481.7313470575173,2337.552701223106,2364.1650390625,1411443
2022-01-25,2347.390953534281,2368.7890060235395,2292.6905485661737,2338.044677734375,2849686
2022-01-27,2289.345842961795,2322.205287562566,2223.4299978915583,2272.670166015625,2460051
2022-01-28,2275.572346742089,2339.3238379573154,2270.6532539043415,2278.13037109375,1317407
2022-01-31,2314.925010258292,2341.488110673495,2298.544527744945,2322.10693359375,900510
2022-02-01,2340.307569040904,2402.5833300768513,2320.778675129031,2392.449951171875,1246431
2022-02-02,2411.3390222524667,2437.803642495741,2402.2387015850513,2424.128662109375,1144427
2022-02-03,2440.362096870054,2465.9906200636724,2377.88961424508,2434.90185546875,3883564
2022-02-04,2469.3845322436755,2479.2227176311003,2390.6790491442753,2431.1630859375,2718069
2022-02-07,2439.869976772591,2457.726187179797,2349.35867118264,2370.215576171875,1119632
2022-02-08,2379.2669770037974,2425.113023131742,2362.050150267568,2404.1083984375,1524580
2022-02-09,2425.1126305925845,2454.627185934482,2416.307502953598,2444.59228515625,826261
2022-02-10,2459.496861423087,2463.4321351836998,2425.653603157835,2451.528076171875,788689
2022-02-11,2439.8698609760468,2439.8698609760468,2382.0705245517147,2402.730712890625,1030760
2022-02-14,2341.4882865441255,2383.7924866791664,2313.2035015701153,2359.197021484375,816491
2022-02-15,2382.7593594316168,2459.349731884747,2360.180771081009,2455.5126953125,1293933
2022-02-16,2469.384564087735,2479.1242716708553,2420.4395911541233,2447.789794921875,1008929
2022-02-17,2468.8927362678974,2496.4396566167725,2446.756818130409,2452.8564453125,960885
2022-02-18,2439.1812962190606,2459.054382216161,2420.9806536621495,2448.675048828125,654373
2022-02-21,2447.7406534037837,2447.7406534037837,2372.0358608954098,2414.63525390625,788568
2022-02-22,2338.5368642264893,2417.242353977486,2338.5368642264893,2410.4541015625,874150
2022-02-23,2412.3228553174517,2484.14160264134,2412.3228553174517,2455.315673828125,2096198
2022-02-24,2363.1320536358653,2426.096438079119,2356.2453240873842,2367.65771484375,1875086
2022-02-25,2384.2844801350957,2433.967321582103,2384.2844801350957,2428.507080078125,1284338
2022-02-28,2390.6791577798126,2522.1664153816687,2390.6791577798126,2505.34326171875,2355891
2022-03-02,2508.7374972856524,2562.650806049653,2483.5026455948755,2550.697265625,3536974
2022-03-03,2577.60467058063,2597.0843264344853,2518.575555987181,2532.594970703125,2153478
2022-03-04,2523.494471480054,2523.494471480054,2390.678972981104,2401.5009765625,2652474
2022-03-07,2375.7249461220445,2380.7915152875025,2292.2970898359263,2351.031005859375,1545686
2022-03-08,2361.1644207959935,2380.348881714961,2287.968419827344,2332.879638671875,1467595
2022-03-09,2354.2778898560728,2420.6856447935093,2336.56915520609,2394.27001953125,1581979
2022-03-10,2457.5784562671415,2464.219230718624,2405.2886024029694,2427.8671875,1051744
2022-03-11,2437.902334746391,2457.7754211562687,2409.2241204681595,2453.25,812330
2022-03-14,2449.7081745473733,2503.8181944670946,2434.9508963874496,2497.915283203125,1004492
2022-03-15,2517.5915830275308,2537.2679533520914,2502.0472024331148,2515.57470703125,1571483
2022-03-16,2536.0875614620704,2551.5334649954552,2524.4784542812176,2545.433837890625,757197
2022-03-17,2558.026644404491,2677.609594035184,2558.026644404491,2659.261474609375,3336088
2022-03-21,2695.662929835396,2723.2098502862686,2656.310186334149,2663.44287109375,1889261
2022-03-22,2672.296880219853,2674.805665319828,2603.626303975917,2668.853515625,1279904
2022-03-23,2685.8246661898816,2698.565068491485,2634.5186244117726,2646.471923828125,1281815
2022-03-24,2650.406956548656,2650.406956548656,2570.2749902544892,2576.128662109375,1835380
2022-03-25,2588.4263797829617,2591.3778351761007,2477.2548933080566,2483.059326171875,2863040
2022-03-28,2495.45562155015,2504.359226999962,2442.8213318781877,2494.865234375,1316800
2022-03-29,2508.7372252420323,2517.591591919357,2484.4369558433878,2497.718505859375,908172
2022-03-30,2514.9350129943464,2524.232048795809,2469.3841732349138,2482.3212890625,866666
2022-03-31,2484.387801968989,2504.211649743934,2479.173515597963,2495.111328125,910316
2022-04-01,2496.93122824661,2508.737049656759,2451.528102816097,2480.058837890625,1208002
2022-04-04,2499.2437453934917,2520.543322593862,2468.154980701542,2476.271484375,1424995
2022-04-05,2491.028564319592,2536.0875018701813,2479.271980705309,2507.9501953125,1586304
2022-04-06,2505.785977569301,2523.396234456945,2482.469524755967,2498.948486328125,1349078
2022-04-07,2461.80908766122,2503.276941479339,2412.322968931025,2418.5703125,2785215
2022-04-08,2428.408739536559,2491.6680834205094,2425.1128511476054,2469.33544921875,1217812
2022-04-11,2462.4979092852172,2469.3354003880445,2437.3120575249245,2449.560791015625,660112
2022-04-12,2439.8699918276375,2467.9088203627534,2400.763204660239,2447.937255859375,1182427
2022-04-13,2451.8723847187975,2455.561704044228,2401.5994041583,2421.521728515625,1165453
2022-04-18,2395.5981491938205,2459.5463544084396,2371.002685649736,2453.102294921875,1109814
2022-04-19,2468.7942780784674,2479.8132384582123,2401.501182478337,2412.91357421875,929834
2022-04-20,2413.356000823199,2464.465323465438,2403.17338335082,2442.526123046875,639190
2022-04-21,2442.5262447936057,2484.092578169421,2426.0965231895825,2480.20654296875,880723
2022-04-22,2474.303602140649,2485.56827626745,2436.4265887480387,2472.040771484375,878780
2022-04-25,2431.0157770624605,2448.7245119823815,2407.453369470917,2414.1923828125,682383
2022-04-26,2420.193563030429,2510.852343715887,2419.209744508872,2506.96630859375,1232557
2022-04-27,2487.7329326468116,2496.735017406202,2447.986755272432,2452.0205078125,801135
2022-04-28,2488.9626822408304,2490.044978821296,2436.9187722403594,2472.532958984375,933881
2022-04-29,2480.2064577391498,2491.028461323097,2410.3553436973093,2418.422607421875,1496781
2022-05-02,2395.598337096045,2397.565974333906,2333.9621966960785,2347.932373046875,1287401
2022-05-04,2317.87627642227,2368.0510175502563,2238.186981689586,2252.89501953125,2357806
2022-05-05,2271.637179940491,2271.637179940491,2215.7069956532737,2225.397705078125,2118580
2022-05-06,2203.753360215054,2203.753360215054,2159.924199588837,2173.009033203125,1465638
2022-05-09,2159.4816652421778,2177.5348312759247,2135.870020610828,2147.87255859375,968069
2022-05-10,2144.724413010507,2150.627324238976,2090.614393416205,2102.7646484375,1092429
2022-05-11,2092.778688417908,2103.403976373994,2061.83764428709,2080.48095703125,1472911
2022-05-12,2067.986666684146,2069.855825920529,2002.6119697168529,2015.401611328125,1362031
2022-05-13,2022.8784729998217,2119.1452169294025,2022.8784729998217,2057.853271484375,2580348
2022-05-16,2083.7276024479793,2117.1774317601753,2062.7722201643846,2075.463623046875,1370151
2022-05-17,2110.290978682638,2149.6437242058573,2076.8411449879013,2141.1337890625,1256142
2022-05-18,2151.611291617991,2158.793215480797,2126.032007858472,2131.68896484375,1188772
2022-05-19,2090.6145154751484,2121.2113698717844,2021.8456917244948,2077.775634765625,981115
2022-05-20,2105.272976711941,2120.6698793610094,2094.7461674767924,2102.46923828125,1017542
2022-05-23,2125.047942372237,2164.400682045797,2103.403935551779,2116.48876953125,1346294
2022-05-24,2116.83311130382,2129.96718517295,2087.0236010490744,2105.61767578125,1150314
2022-05-25,2125.047942086431,2145.708130412271,2071.9217435342703,2079.201904296875,1125068
2022-05-26,2097.500849781961,2116.045922883489,2041.9151096259193,2107.289794921875,1382368
2022-05-27,2120.1288025851736,2124.9986559730537,2089.040042861034,2114.422607421875,865917
2022-05-30,2128.9834087396266,2223.4299924914767,2128.9834087396266,2219.396240234375,1691435
2022-05-31,2218.412290149594,2262.7826015871788,2141.379491995442,2180.141845703125,7005071
2022-06-01,2218.510634492305,2267.603079729439,2144.7242497530933,2162.03955078125,2126105
2022-06-02,2141.379750272346,2189.3409090254795,2141.379750272346,2185.011962890625,966727
2022-06-03,2195.5383002276717,2208.6231333667674,2162.18695157235,2168.729248046875,1228695
2022-06-06,2168.7298045453826,2173.2062275824187,2130.902024295029,2162.974609375,1285097
2022-06-07,2138.3787025324336,2144.1831354810556,2054.21298363707,2066.805908203125,3255286
2022-06-08,2071.971231406387,2098.4850949050265,2062.6249546123886,2094.40234375,1775344
2022-06-09,2071.9220205903302,2119.145314506919,2068.9705647205437,2105.07666015625,1035771
2022-06-10,2073.8894210781596,2130.9508947131376,2073.8894210781596,2107.585205078125,927889
2022-06-13,2073.8891176029997,2090.072881701886,2042.6036454948912,2068.379638671875,928411
2022-06-14,2066.018935184497,2082.645372444,2039.111402024041,2067.986572265625,893733
2022-06-15,2069.95424716302,2093.0739832886525,2056.180787343494,2070.9873046875,783714
2022-06-16,2091.991707328302,2110.2908287727128,2009.0067552153205,2027.600830078125,1265289
2022-06-17,2007.9736324462137,2018.4512037810382,1879.6345524329745,1905.1153564453125,6066708
2022-06-20,1906.6402150906713,1941.51653218422,1874.616875514372,1929.9566650390625,1967950
2022-06-21,1947.8622204116316,2059.8699296414266,1934.6790288429208,2044.4732666015625,3289922
2022-06-22,2036.5043603838797,2037.4389399508725,1974.5237928939355,1998.3321533203125,1507811
2022-06-23,2006.9899395143823,2014.6637726152487,1964.833336617611,2008.3673095703125,1632845
2022-06-24,2020.3206973630524,2042.8008078505834,2001.0377570773476,2012.499267578125,854618
2022-06-27,2048.3100950823787,2049.9332995139844,1992.2324411824288,2007.284912109375,1067849
2022-06-28,1987.3135513332927,1989.2811885128306,1928.2844359471553,1936.2042236328125,3397585
2022-06-29,1918.4461754192264,1922.6766432286788,1891.8830745288062,1904.8203125,2375427
2022-06-30,1918.4461809049017,1933.9413231352876,1894.8345356014568,1909.8377685546875,2489709
2022-07-01,1864.3361791527084,1922.7257869187733,1795.5181186251664,1914.7076416015625,4064801
2022-07-04,1922.381438843551,1934.7775285038826,1896.8021566480893,1930.743896484375,1023678
2022-07-05,1935.1710053134395,1956.913370322103,1909.1490538138112,1922.6273193359375,1555345
2022-07-06,1926.3168455511554,1992.7246019733736,1909.936241614666,1980.968017578125,1952701
2022-07-07,2095.53352099552,2136.460468937003,2068.5277497136635,2093.073974609375,5915740
2022-07-08,2112.8201425940124,2126.642330442758,2083.6948181984408,2117.114990234375,2039331
2022-07-11,2125.654894784603,2146.2401767816978,2099.5902957883986,2136.120361328125,1219508
2022-07-12,2104.921375256749,2114.794364821743,2087.5942303622273,2102.94677734375,1096542
2022-07-13,2102.946865589907,2114.5970419734344,2080.683224978637,2084.5830078125,1169721
2022-07-14,2104.9217025178345,2112.8200953978267,2086.163019427854,2100.429443359375,767221
2022-07-15,2107.8832242484705,2165.2945608489754,2105.118739025107,2161.888427734375,1742573
2022-07-18,2168.108728863632,2218.7572186884904,2166.1835439107176,2209.0322265625,2016386
2022-07-19,2204.145165471944,2224.3847963307007,2188.5457920167446,2212.734619140625,867223
2022-07-20,2251.0417953236833,2268.813177918344,2232.381940015211,2242.353515625,1620332
2022-07-21,2255.978098071432,2268.812984406193,2235.2448201460493,2259.532470703125,1117118
2022-07-22,2269.8006818086355,2300.357541431022,2254.102722182479,2295.470458984375,1185176
2022-07-25,2309.5887112187474,2318.9680521748464,2283.622698048112,2299.271484375,1248393
2022-07-26,2305.293955644076,2305.293955644076,2257.508776235493,2264.07421875,1142159
2022-07-27,2256.077105747115,2281.6480541614765,2237.762660566115,2274.292724609375,1456382
2022-07-28,2291.52078068534,2311.760408433746,2275.7734112061207,2304.997314453125,1126799
2022-07-29,2325.0889973289386,2362.1127074774886,2309.341627487044,2322.176513671875,1239445
2022-08-01,2334.764810175346,2350.8084195215783,2309.292446820752,2346.0693359375,581266
2022-08-02,2339.898619629625,2367.34557991594,2327.113145844249,2354.65869140625,777687
2022-08-03,2364.5811261426284,2395.088569099489,2325.089165789516,2385.709228515625,1207016
2022-08-04,2399.0869747953475,2399.5806242578888,2340.8363382155026,2392.866943359375,1015590
2022-08-05,2394.397554019652,2440.998019923989,2386.6474012752806,2401.901123046875,2443597
2022-08-08,2428.7556385714956,2443.2688862525597,2402.246562929702,2415.871337890625,1576547
2022-08-10,2438.5296784662914,2438.5296784662914,2386.400484637216,2402.69091796875,1065998
2022-08-11,2415.130959067227,2454.425510623057,2415.130959067227,2440.948974609375,1127878
2022-08-12,2440.60312409538,2461.3364030622097,2430.6313077954155,2440.5537109375,761420
2022-08-16,2429.8414970978624,2467.753679657282,2404.0728985659057,2462.175537109375,1035928
2022-08-17,2463.311116392346,2491.103488083215,2449.14327868575,2460.546630859375,863500
2022-08-18,2460.5467997362634,2472.0981511434775,2435.963148253223,2447.21826171875,827663
2022-08-19,2467.210803165164,2467.210803165164,2400.025057589934,2409.60205078125,751505
2022-08-22,2409.009443079468,2426.7808242169394,2377.4158766128517,2386.89404296875,947292
2022-08-23,2376.4289716828566,2470.1729745182183,2369.5178778723953,2448.69921875,1417877
2022-08-24,2463.3109361647707,2463.3109361647707,2410.0462048111694,2429.446533203125,672569
2022-08-25,2441.5906365097467,2469.8274867486325,2425.4976132208662,2435.123779296875,732577
2022-08-26,2451.513021951543,2523.5364414283204,2450.0320733356816,2500.729736328125,2398253
2022-08-29,2426.040793795046,2508.6282698283794,2426.040793795046,2499.545166015625,1149676
2022-08-30,2512.675829247685,2589.783973704559,2510.701231346508,2571.568115234375,1794736
2022-09-01,2560.017155102516,2613.5287181556364,2533.0638414438586,2588.6982421875,1438313
2022-09-02,2597.583685770114,2611.4058718593506,2573.937922775415,2579.41748046875,800453
2022-09-05,2591.659975453523,2606.4694610275437,2577.6897904779526,2593.980224609375,733481
2022-09-06,2598.274754955307,2613.281651690951,2577.837713667701,2598.225341796875,680071
2022-09-07,2573.8886013470287,2607.851591960772,2567.3723312568104,2604.248046875,438635
2022-09-08,2615.355196035157,2626.1166593160187,2582.774327228377,2593.33837890625,754150
2022-09-09,2618.317208489224,2618.46520693803,2560.066561694026,2570.3837890625,777186
2022-09-12,2583.5642608414596,2635.792285355033,2576.850578941236,2627.350830078125,808360
2022-09-13,2645.961472605907,2688.415332054435,2638.0630801503676,2671.18701171875,1536444
2022-09-14,2611.4061223914173,2677.555162164659,2611.4061223914173,2666.300048828125,915281
2022-09-15,2679.6776522262585,2682.491550968373,2614.367915702706,2622.414306640625,753648
2022-09-16,2614.3678626515984,2643.6411828246564,2571.1735295734234,2578.627685546875,1425731
2022-09-19,2578.578317413746,2598.5711233590423,2520.1302613273097,2586.526123046875,808421
2022-09-20,2608.6412557831422,2659.3391536372296,2601.631577812835,2649.910400390625,844553
2022-09-21,2653.8599377181145,2665.7075267257846,2622.90801501965,2632.781005859375,1052572
2022-09-22,2626.2150980852048,2710.0860922014376,2616.342108994659,2702.82958984375,1352472
2022-09-23,2702.830002590171,2720.6999709491,2633.126592550671,2638.50732421875,1226889
2022-09-26,2632.139100304792,2643.9372749957993,2530.990367257602,2621.7724609375,1371409
2022-09-27,2636.038862403913,2645.5170290240926,2552.710924940677,2567.322998046875,1246270
2022-09-28,2554.6362679315866,2601.0393228466723,2531.928389994417,2544.22021484375,1419969
2022-09-29,2561.8929000153694,2572.950600579137,2485.3772277110133,2499.347412109375,1177076
2022-09-30,2505.7651303367925,2603.9025650301933,2490.560820524515,2573.83935546875,1453944
2022-10-03,2591.6597171659923,2591.6597171659923,2523.141267154735,2541.5048828125,1049142
2022-10-04,2595.6091771599,2595.6091771599,2538.9874807781657,2552.266845703125,1291070
2022-10-06,2565.052363921038,2586.7235300199222,2548.8113426370805,2559.91845703125,1409852
2022-10-07,2655.834456651426,2710.135904649875,2641.0249708336673,2695.820068359375,5284814
2022-10-10,2675.5804481635028,2693.253004892275,2624.240897128631,2646.060302734375,1290447
2022-10-11,2658.7964926727113,2659.783791778791,2583.169284731076,2591.16650390625,1067626
2022-10-12,2596.596436637624,2611.3070956992324,2572.901260029524,2588.056396484375,1131702
2022-10-13,2576.850716878036,2594.6221011323673,2558.0920334984644,2565.644775390625,1038687
2022-10-14,2606.4692582678176,2629.7696101743077,2574.6288667605686,2584.55126953125,1326916
2022-10-17,2580.700796636536,2601.434075933411,2569.495097449961,2591.659912109375,1111199
2022-10-18,2604.642938980998,2630.8557774358337,2589.833452965816,2607.5556640625,771852
2022-10-19,2620.6370034744555,2642.9992277565975,2606.4691674551427,2610.96142578125,1001916
2022-10-20,2606.4694343174046,2610.418630430007,2548.564442732297,2598.077392578125,1022636
2022-10-21,2616.342324249242,2645.615642895208,2606.5187475038874,2631.79345703125,986521
2022-10-24,2662.7454812742435,2665.6085520424886,2645.122097190267,2649.811767578125,184595
2022-10-25,2663.0912537858258,2663.0912537858258,2628.1901351024803,2636.384765625,505759
2022-10-27,2665.7074439051303,2729.8818823695133,2645.9614628391664,2669.459228515625,2117791
2022-10-28,2674.5437088615804,2704.1132671521636,2659.0431620102045,2701.64501953125,1003160
2022-10-31,2715.072330693803,2755.551590896874,2703.4715670990204,2726.42626953125,1144647
2022-11-01,2734.966124537581,2748.640311584041,2706.1864561967873,2719.959228515625,890107
2022-11-02,2710.135990656898,2712.45623992457,2668.6694290512182,2693.796142578125,1704942
2022-11-03,2670.6435983148276,2743.7037189341613,2670.6435983148276,2728.548583984375,1227960
2022-11-04,2739.6556346128164,2746.122490647445,2711.715268437782,2734.521728515625,1172058
2022-11-07,2736.792943943789,2736.792943943789,2671.9274451037313,2706.729736328125,1825529
2022-11-09,2733.8310618073397,2733.8310618073397,2675.580418020184,2683.57763671875,1184702
2022-11-10,2675.5804214564205,2676.6665468257015,2594.6218994787723,2607.456787109375,1198585
2022-11-11,2637.0757221680105,2660.1784231683123,2607.9998137987163,2618.11962890625,833729
2022-11-14,2624.2409557820283,2631.152049345036,2589.8828995751137,2596.399169921875,565428
2022-11-15,2609.3817671492525,2635.2489519810265,2587.760016100659,2622.90771484375,1033296
2022-11-16,2625.2280911191183,2644.1841840730567,2596.5964195725014,2610.71484375,835064
2022-11-17,2604.4950489188977,2611.406142680244,2543.2825041755423,2549.206298828125,1265647
2022-11-18,2547.231512161786,2550.5882324673184,2512.6760459115294,2533.2119140625,1038751
2022-11-21,2519.5868431323847,2546.194500810957,2507.393605057899,2540.665771484375,629040
2022-11-22,2547.2316886331096,2575.863362652629,2528.4730056548037,2573.098876953125,912070
2022-11-23,2581.737621613695,2599.064768276836,2557.894445796424,2568.705322265625,992873
2022-11-24,2577.837738985775,2585.0450700334886,2559.5727071316055,2577.0478515625,752066
2022-11-25,2586.723443427082,2586.723443427082,2553.1552766039827,2562.435791015625,633047
2022-11-28,2551.5755338808162,2575.3695370798023,2546.244215498873,2559.325927734375,665149
2022-11-29,2564.1637173198387,2606.469579447633,2562.0905338691673,2580.552978515625,866621
2022-11-30,2580.552954704322,2631.152032247544,2571.124200339525,2619.304443359375,1569918
2022-12-01,2628.189905640345,2631.1518026038766,2596.5963380293415,2605.185791015625,539844
2022-12-02,2614.3679449940773,2617.7246654259543,2571.91408486011,2584.650146484375,731396
2022-12-05,2595.609004525233,2596.5468903432543,2556.3638702803196,2582.428466796875,747114
2022-12-06,2586.5262044101987,2590.6728123805883,2558.388180342803,2583.76171875,706596
2022-12-07,2583.070840374859,2590.426170908491,2553.846688824522,2563.867919921875,712914
2022-12-08,2563.8675500183335,2580.7008054349185,2545.9973413856114,2550.68701171875,648288
2022-12-09,2564.015582266697,2596.4976239549633,2535.3344972220607,2582.231201171875,935047
2022-12-12,2580.305938209792,2580.305938209792,2538.3457306819882,2551.822265625,726330
2022-12-13,2564.4105238864836,2566.977597900309,2532.4221302362666,2543.18359375,832740
2022-12-14,2542.1470642094505,2563.0283427741406,2538.4938648798134,2558.190673828125,767737
2022-12-15,2552.1679565979957,2555.771501590812,2482.612789122269,2490.6591796875,1225728
2022-12-16,2468.2475111984027,2487.99349128799,2448.5015311088155,2451.3154296875,1177053
2022-12-19,2451.660912827804,2493.176885412196,2437.3450768359316,2489.770751953125,572224
2022-12-20,2484.8339814930214,2485.6238688406097,2450.5747570194003,2476.293701171875,597902
2022-12-21,2483.0570350173502,2495.8919222758896,2449.4888683411714,2457.979736328125,519326
2022-12-22,2460.1516581792002,2477.330564096336,2433.6919971824027,2451.46337890625,557608
2022-12-23,2436.308146924949,2473.1838589625186,2423.8189116778376,2451.5126953125,1310439
2022-12-26,2456.1533332165654,2480.49015958781,2438.875598986321,2449.587890625,1076808
2022-12-27,2466.273127388149,2487.8948810482034,2454.030715085256,2471.752685546875,791283
2022-12-28,2471.0119622217057,2563.0281799503305,2465.779229362847,2547.37939453125,2443430
2022-12-29,2522.549062392906,2555.9692315141124,2509.911586396832,2520.8212890625,1583143
2022-12-30,2531.434759233638,2576.850515444538,2520.623882865309,2564.50927734375,1057182
2023-01-02,2573.888684435289,2582.7743760961707,2524.3263191570027,2533.16259765625,697408
2023-01-03,2535.383853950555,2585.736103386489,2522.598379997821,2580.40478515625,852511
2023-01-04,2585.538697729815,2592.8940271524257,2552.7604187787224,2564.55859375,832054
2023-01-05,2558.0914353821604,2586.723103319668,2511.3427363165633,2529.55859375,1544601
2023-01-06,2527.4855219160954,2551.5755218809372,2485.031663540161,2505.86376953125,879019
2023-01-09,2497.8169766279343,2497.8169766279343,2436.456442164365,2453.09228515625,2324487
2023-01-10,2463.3112262848913,2466.964184705086,2424.8065618259293,2436.8515625,948787
2023-01-11,2441.5903221185968,2456.992282272905,2400.1237658998416,2406.4423828125,1000412
2023-01-12,2418.8828436384433,2443.565321634754,2401.1114594810997,2415.526123046875,874520
2023-01-13,2425.6949925112795,2425.6949925112795,2369.5177717551755,2386.499267578125,1416869
2023-01-16,2397.1620340312243,2403.8757156129127,2361.619269111486,2375.29345703125,737012
2023-01-17,2374.454459070768,2387.1905217076473,2355.6957751945333,2377.366943359375,926137
2023-01-18,2387.2889033200745,2398.9884925003994,2382.1549968972363,2393.3115234375,601233
2023-01-19,2362.1128978269894,2381.167817060262,2337.1341844925832,2354.757568359375,1116874
2023-01-20,2359.5951585414546,2366.506251429275,2323.114509291562,2341.18212890625,1229902
2023-01-23,2353.6712762118573,2354.016927259179,2325.6814956916164,2334.665771484375,932554
2023-01-24,2342.366933447518,2360.2371421902662,2333.974891747074,2340.63916015625,714000
2023-01-25,2339.8989011703957,2339.8989011703957,2303.911896657828,2326.669189453125,650664
2023-01-27,2338.318931776103,2338.318931776103,2273.3548482800297,2301.640869140625,1238620
2023-01-30,2302.3810270369886,2313.093316481778,2258.001989839577,2305.885986328125,1401847
2023-01-31,2317.190794702082,2356.1396927450796,2305.9848544344927,2346.957763671875,1252600
2023-02-01,2377.959166203475,2379.193290011365,2270.8372196785895,2316.104736328125,1521514
2023-02-02,2311.3163658628127,2354.708108586671,2240.7739007129026,2278.784912109375,1788381
2023-02-03,2290.632640951688,2438.6286733344846,2290.632640951688,2431.81640625,3693638
2023-02-06,2443.417090863062,2448.4521712716805,2416.513192405101,2426.781005859375,1049075
2023-02-07,2425.102777456608,2428.508911073303,2401.210187937983,2415.822021484375,563195
2023-02-08,2415.920765715263,2448.5016342353297,2415.920765715263,2435.419921875,539085
2023-02-09,2435.6668702700263,2444.206911036035,2420.4625606048194,2431.2734375,464715
2023-02-10,2420.857270752101,2440.603251753342,2411.0336934119455,2437.147705078125,597337
2023-02-13,2448.501588820888,2491.893332882556,2444.700391148129,2487.0556640625,1856317
2023-02-14,2496.829806031248,2496.829806031248,2448.5015672564646,2475.059814453125,843477
2023-02-15,2471.6537322819318,2496.138796670024,2451.7597530514972,2492.239013671875,707224
2023-02-16,2497.866606334842,2513.317740112255,2486.1178440095064,2490.363037109375,704946
2023-02-17,2483.0569480479344,2513.515218160582,2464.2982673270953,2468.543701171875,607239
2023-02-20,2468.2476067478196,2475.4055248073882,2434.97567721682,2442.725830078125,460090
2023-02-21,2454.376047942374,2454.376047942374,2419.376344502664,2432.31005859375,750272
2023-02-22,2420.807549690521,2431.5198394371264,2383.734426868039,2400.666748046875,1098118
2023-02-23,2401.6047635001764,2401.6047635001764,2349.77156716564,2364.08740234375,1602078
2023-02-24,2369.517623083362,2383.0929844656107,2347.7476317133246,2368.629150390625,1145691
2023-02-27,2368.6293550886644,2381.365416997475,2343.4532281676716,2370.505126953125,862629
2023-02-28,2370.603695493969,2394.2000448812114,2333.5799834597233,2342.6630859375,1430349
2023-03-01,2339.898701721917,2365.6178896682136,2336.2951566773804,2352.14111328125,479935
2023-03-02,2352.0919557471607,2363.8901310239976,2321.8805088178656,2328.989013671875,529609
2023-03-03,2339.8986359467176,2371.4922040270108,2328.3472858253194,2365.667236328125,710845
2023-03-06,2381.908590864797,2395.5825393439636,2362.212021209505,2372.924072265625,682556
2023-03-08,2365.9632388803716,2370.7023223117585,2342.120064328419,2366.654541015625,858496
2023-03-09,2370.307282172248,2377.366372995111,2334.961932824706,2338.170654296875,601071
2023-03-10,2324.9412287669643,2349.722289919251,2308.3051436128576,2345.328857421875,543004
2023-03-13,2342.613783298185,2346.7603910336875,2291.521058280513,2302.38134765625,631722
2023-03-14,2307.2686117019616,2361.47147757751,2299.271633518234,2325.681884765625,1470817
2023-03-15,2349.7716428910007,2383.1918107824913,2349.7222297325607,2368.629150390625,1656307
2023-03-16,2382.8462058594546,2450.476189328016,2382.3525563450853,2419.228271484375,2317115
2023-03-17,2435.814877145321,2442.577972393462,2416.3157199283564,2424.4609375,1625905
2023-03-20,2430.730310129412,2443.515784876842,2410.5400923576235,2428.706298828125,918922
2023-03-21,2443.5650658229447,2489.5238832487057,2436.7033858662703,2482.119140625,1652107
2023-03-22,2485.969278840333,2491.9424855417624,2463.31081673007,2476.293701171875,754732
2023-03-23,2478.120559653399,2495.8919421529054,2462.373188368741,2487.0556640625,610778
2023-03-24,2484.8339964777774,2487.6970669603015,2443.5154398206505,2461.681884765625,838919
2023-03-27,2448.501496809944,2478.120466529419,2435.4691983413336,2462.718505859375,728727
2023-03-28,2471.1105339097994,2475.3065545973554,2462.224843042033,2468.543701171875,599191
2023-03-29,2468.5440274947678,2492.9302674475775,2462.3239948571318,2483.106689453125,710603
2023-03-31,2494.8552535579793,2504.5308323293884,2468.2475927164564,2482.958251953125,848456
2023-04-03,2493.8184248850503,2512.3302809658107,2481.3786022226545,2505.17236328125,701713
2023-04-05,2527.485277495381,2548.7122046305963,2517.7111144397286,2540.02392578125,1438377
2023-04-06,2550.193506584454,2551.180805657851,2512.676141795368,2516.082275390625,1192271
2023-04-10,2535.383974521005,2568.9521424079653,2528.5222942932496,2550.884521484375,1497452
2023-04-11,2550.8843065517694,2570.432874411483,2543.282152672933,2547.28076171875,820568
2023-04-12,2547.280853272054,2560.5105635606023,2531.5826544242195,2555.031005859375,553807
2023-04-13,2555.130063747649,2566.928239752121,2544.56601161477,2552.809814453125,481459
2023-04-17,2566.977376890108,2579.071789531225,2549.5022329553917,2572.50634765625,1044487
2023-04-18,2569.98882049987,2574.530251470979,2527.5843748372035,2544.960693359375,674756
2023-04-19,2547.280945185523,2562.9789035599892,2529.460149243818,2536.66748046875,687292
2023-04-20,2544.9111919679003,2585.7361023712383,2537.8521004754743,2546.490966796875,995472
2023-04-21,2560.658643186527,2561.5965289774267,2526.7448279698856,2535.679931640625,409932
2023-04-24,2538.444760738008,2602.915197823403,2537.358635334196,2596.15234375,1026391
2023-04-25,2601.385047462168,2603.5076440438525,2581.737651372042,2599.755859375,630987
2023-04-26,2599.5583947213117,2614.02222936603,2592.3016502988557,2607.456787109375,631279
2023-04-27,2607.4567667730785,2640.037635119732,2598.077425885406,2629.62158203125,620037
2023-04-28,2638.5071025055886,2645.2701969130057,2586.2296698887294,2608.2958984375,1567472
2023-05-02,2623.253506832015,2640.0375902404244,2599.9531534491257,2630.0166015625,726439
2023-05-03,2641.02517719409,2645.4680232865658,2609.5304313100237,2620.34130859375,808211
2023-05-04,2645.665328199589,2660.0305781938455,2622.8094506393863,2636.4833984375,1936641
2023-05-05,2636.680677118467,2730.868900705184,2632.4352434177295,2698.189208984375,2190777
2023-05-08,2698.2387764251976,2734.8182528893117,2698.189363266825,2716.306396484375,848638
2023-05-09,2718.3303412868677,2754.5641657974643,2703.668854956223,2713.492431640625,893686
2023-05-10,2724.9450818083865,2732.5472354590984,2701.4473187645463,2710.579833984375,522149
2023-05-11,2722.9705081924344,2729.881600852821,2709.1977360271912,2722.822509765625,621067
2023-05-12,2725.7351278763144,2749.134065972376,2721.835345033603,2737.9775390625,705516
2023-05-15,2738.767512481514,2766.5107116734735,2729.141346927551,2744.2470703125,772914
2023-05-16,2749.6277154054856,2765.227087815745,2739.310489061923,2754.81103515625,548885
2023-05-17,2749.627751376738,2754.564246442046,2715.1216990781923,2727.314697265625,539547
2023-05-18,2746.665471968117,2746.665471968117,2681.6025724808237,2687.279541015625,612441
2023-05-19,2685.404046900658,2685.404046900658,2648.972807773831,2667.33642578125,846419
2023-05-22,2667.2872679065863,2699.275661406377,2666.79361837085,2678.09814453125,559506
2023-05-23,2685.404092306844,2691.772123183541,2643.295882837384,2649.36767578125,713749
2023-05-24,2641.0248414269554,2687.4278947155785,2636.088346396251,2672.865234375,814553
2023-05-25,2679.9738402667567,2685.4533981658283,2647.936034514982,2673.556396484375,651488
2023-05-26,2673.5566829295512,2724.649413901824,2664.8684022084253,2707.322265625,811400
2023-05-29,2710.135639226959,2785.960247395801,2710.135639226959,2776.531494140625,1107678
2023-05-30,2793.5623447605376,2805.804755174465,2762.166190327671,2766.9052734375,1263691
2023-05-31,2766.905391865052,2796.1295380933516,2754.6629809271317,2787.391845703125,1394580
2023-06-01,2787.391868500233,2801.608877514726,2778.9504139429696,2791.341064453125,538550
2023-06-02,2794.0565224832226,2834.53578658987,2790.5515623830966,2825.304443359375,1116501
2023-06-05,2838.484606282306,2838.484606282306,2803.9291415101734,2819.4296875,724102
2023-06-06,2824.612910389768,2856.2558902543624,2821.9966645626214,2844.8525390625,1148132
2023-06-07,2858.230633633516,2873.040118781876,2833.548158386249,2870.02880859375,862821
2023-06-08,2869.9793722570294,2884.739685167527,2834.5848476621773,2840.459228515625,560514
2023-06-09,2853.2941112559756,2882.8636681110324,2826.8838629943502,2839.71875,727880
2023-06-12,2848.308364616995,2848.802014145206,2797.265051607934,2816.369384765625,1112274
2023-06-13,2823.576277628477,2880.9384452119098,2818.8374353208255,2875.50830078125,776313
2023-06-14,2882.9131597425676,2891.008963558542,2860.2052821144584,2870.127685546875,617700
2023-06-15,2874.076739780103,2887.5038612648086,2863.167037858924,2871.0654296875,564711
2023-06-16,2874.81737889475,2922.4051441832876,2874.81737889475,2916.777587890625,1022389
2023-06-19,2929.3162212302495,2985.9870891212436,2925.7126761876298,2930.89599609375,1382633
2023-06-20,2934.9440020176894,2948.4207794284694,2910.8540002651157,2936.2275390625,672298
2023-06-21,2936.227084217707,2947.0873726932937,2920.5782994074257,2933.364013671875,509602
2023-06-22,2937.2148172009142,2946.8409834085473,2918.258722723077,2932.525146484375,496441
2023-06-23,2934.74634301977,2943.1383847071265,2894.76073262707,2901.81982421875,869340
2023-06-26,2902.6589283470366,2943.13818551106,2902.6589283470366,2934.844970703125,839713
2023-06-27,2935.240102467357,2951.234299015524,2903.3502946530393,2937.90576171875,913730
2023-06-28,2956.9606855480783,3005.733162710143,2947.137108106223,2989.640380859375,1525117
2023-06-30,3007.3129474923608,3028.9841137287376,2990.676861856067,3008.94189453125,946112
2023-07-03,3011.360870130278,3015.2112399343123,2987.8631049902815,2999.710693359375,429100
2023-07-04,3002.870010408324,3050.7540135333625,3000.4017628245592,3035.598876953125,1291238
2023-07-05,3035.9447687033758,3074.350607735434,3024.0971793620943,3060.479248046875,643663
2023-07-06,3060.626939375253,3072.3265290916875,3042.2630813230826,3066.945556640625,976956
2023-07-07,3100.118675329,3169.2296012121305,3086.6913133129365,3104.06787109375,3630808
2023-07-10,3114.928231611615,3114.928231611615,2991.7626858450385,3006.868408203125,1777220
2023-07-11,3023.9491131561167,3058.6525797414524,3006.128316379937,3048.384765625,1141925
2023-07-12,3074.4493649268834,3084.3223558226023,3048.433937500737,3057.171630859375,1300168
2023-07-13,3084.360474727965,3085.0044433692838,3050.0398238125495,3055.43798828125,932018
2023-07-14,3064.2534463848842,3067.9184817303626,3013.688726753088,3026.515625,721349
2023-07-17,3040.8279839752254,3043.7499038692963,2991.30309824273,3004.625244140625,866575
2023-07-18,3004.625468965561,3011.063704592535,2935.241050498411,2967.97705078125,1359863
2023-07-19,2981.497456653359,2988.7278969722024,2956.6854389638975,2967.1845703125,568891
2023-07-20,2973.72191723361,2987.935656900471,2937.816373225043,2960.89501953125,1021556
2023-07-21,2962.3314443940885,2976.446038754237,2941.7786140100116,2948.018798828125,599594
2023-07-24,2949.702320196434,2964.4606400466887,2923.206505198027,2950.890869140625,523141
2023-07-25,2951.683382252806,3004.080618048391,2944.50227335303,3000.2177734375,874788
2023-07-26,3015.96641426544,3015.96641426544,2966.5406747105753,2979.763916015625,588487
2023-07-27,2985.310494841205,2995.364191589619,2955.2983661641406,2973.5732421875,595544
2023-07-28,2979.565629336281,2981.3981468525067,2923.652081225403,2958.61669921875,837051
2023-07-31,2921.9686695752293,2989.2729503967157,2921.9686695752293,2975.505126953125,656048
2023-08-01,2996.1073620693746,2998.732084506703,2959.3102237681956,2973.375244140625,602288
2023-08-02,2977.0895381255846,2977.139111378441,2931.8734114642402,2948.8603515625,1152335
2023-08-03,2910.0328816841507,2958.567272525508,2855.6050774619202,2874.523681640625,3319847
2023-08-04,2892.203801755662,2907.903287522946,2870.4624249207027,2876.801513671875,709334
2023-08-07,2892.203996102626,2892.203996102626,2855.0603286879427,2877.0,580359
2023-08-08,2890.272581367672,2904.139550572315,2877.0000075715293,2893.49169921875,474417
2023-08-09,2896.215473786784,2933.8543889727953,2890.4209651153765,2927.812255859375,600081
2023-08-10,2929.8923449777926,2967.0360106088497,2889.2819372211698,2960.152099609375,970990
2023-08-11,2960.102535299955,3038.3022845472947,2951.6833043981483,2988.579345703125,1823274
2023-08-14,2991.6502588683707,2991.6502588683707,2959.95432787081,2982.042236328125,542561
2023-08-16,2976.445903771089,2987.242233116367,2949.752036292767,2982.488037109375,544441
2023-08-17,2989.322268327297,3050.1883078984406,2983.3792817103445,3042.5615234375,1699758
2023-08-18,3041.422542299572,3050.237875704012,3006.1607250403235,3021.4638671875,860782
2023-08-21,3022.0086790749606,3053.2093586524306,3021.0181813105964,3049.04931640625,706621
2023-08-22,3055.6362538239214,3061.628814101796,3011.212570927874,3046.375244140625,714220
2023-08-23,3046.375253773551,3055.685836742289,3027.2585970952573,3040.828369140625,602197
2023-08-24,3046.4740345034575,3070.4440328946457,3027.2089006613537,3032.11181640625,618626
2023-08-25,3025.970663166723,3045.532993967883,3008.6865255825055,3038.0546875,648003
2023-08-28,3044.790151183712,3050.6835645630713,3011.80652701136,3019.58203125,471698
2023-08-29,3022.949798990473,3060.6382897248614,3015.0753896189253,3050.138916015625,482639
2023-08-30,3050.7330626943663,3081.4384928708355,3037.856591975202,3052.912109375,582766
2023-08-31,3061.480302392473,3089.3131462121823,3052.9123511046364,3074.950927734375,1420498
2023-09-01,3082.3795826880487,3095.2064808436453,3070.543182333205,3087.18359375,423739
2023-09-04,3087.3322688794283,3095.2562517915535,3056.973606075656,3070.840576171875,539813
2023-09-05,3090.352923592152,3127.496588539173,3085.400434932549,3106.349365234375,721199
2023-09-06,3106.349597912397,3150.3278455962577,3091.1951749354735,3145.87060546875,1163154
2023-09-07,3142.8491742209726,3152.7045778844035,3122.0487227054855,3142.651123046875,805295
2023-09-08,3151.7638079373214,3174.545255951953,3142.651277095616,3168.701416015625,700158
2023-09-11,3179.448337232913,3190.938208341788,3156.3203588954993,3182.7666015625,544452
2023-09-12,3185.4903894598174,3190.5417829751623,3147.405798712283,3155.52783203125,591509
2023-09-13,3147.8513538341854,3238.927571588561,3147.8513538341854,3232.192138671875,1370306
2023-09-14,3246.4061234706933,3271.069422043807,3209.212882593766,3230.360107421875,1264935
2023-09-15,3230.6076723772453,3232.9847703330142,3208.222325707302,3217.731201171875,1397407
2023-09-18,3226.0510290825255,3320.148311171208,3215.9480008434653,3307.76708984375,1423507
2023-09-20,3282.5095031481746,3317.176923972009,3268.6921080696798,3275.229248046875,1201025
2023-09-21,3268.6426135880047,3290.928813226105,3254.577593736108,3273.099853515625,1091384
2023-09-22,3267.454154400138,3267.454154400138,3230.7065897035063,3243.385009765625,1019051
2023-09-25,3243.3849615855524,3283.400974934535,3230.360012583251,3252.7451171875,623515
2023-09-26,3262.6994315158854,3276.566399348679,3224.0700211245316,3231.597900390625,1054827
2023-09-27,3215.948191591389,3235.9066248267573,3155.725879118513,3184.004638671875,1464192
2023-09-28,3186.926761717513,3194.256348916703,3111.8965512435107,3127.249267578125,1214383
2023-09-29,3130.0224943293892,3146.2665608623793,3113.1840324122013,3118.87939453125,697564
2023-10-03,3118.8793483250392,3181.974006327606,3084.8060807990805,3165.87841796875,1007308
2023-10-04,3155.726043934135,3174.545502451005,3121.0586203504267,3136.559814453125,486969
2023-10-05,3143.7407339828555,3200.2982526316937,3134.9254006745005,3185.93603515625,1109881
2023-10-06,3199.30785035572,3288.2545999464774,3190.4925167842775,3278.300048828125,1102120
2023-10-09,3263.3929066004057,3264.6806020466715,3218.1767807912533,3236.451416015625,822467
2023-10-10,3263.690390745239,3267.850433319214,3228.329666135308,3238.135498046875,633934
2023-10-11,3258.440656654138,3264.6808413351623,3232.9849108367625,3249.328125,546575
2023-10-12,3260.718640601218,3263.7397071469686,3231.598103054401,3253.78515625,429096
2023-10-13,3253.7849971450323,3275.5759468976016,3235.510362648501,3252.546875,920545
2023-10-16,3252.7947321116,3297.367132521168,3243.8802520296863,3270.029296875,778014
2023-10-17,3286.422180424423,3296.8224074930285,3272.7039307644777,3277.012451171875,584625
2023-10-18,3277.7552589715438,3292.563152661264,3246.356527194711,3251.556640625,324535
2023-10-19,3238.92753758271,3269.583393588039,3208.2221083273384,3253.438232421875,698767
2023-10-20,3241.5522360884106,3260.2232146627894,3213.174573406073,3235.16357421875,657550
2023-10-23,3215.353645588339,3243.8304549966115,3179.200478861315,3189.155029296875,566920
2023-10-25,3185.4410108448565,3205.5481650921397,3148.7925912549126,3157.55859375,762466
2023-10-26,3130.3196381662606,3159.588653009223,3062.6685939693057,3071.33544921875,1124281
2023-10-27,3065.689788536253,3108.9249200873046,3057.91428420216,3091.04638671875,1050608
2023-10-30,3075.495519029056,3092.284407556226,3045.7805864780507,3086.836669921875,802316
2023-10-31,3089.957129017953,3175.337993650136,3058.5088228969125,3159.34130859375,1235478
2023-11-01,3163.501233116233,3182.3700211860782,3138.2435413092,3143.245361328125,756820
2023-11-02,3169.5928666250197,3197.8220530933986,3149.7829112086133,3171.07861328125,774180
2023-11-03,3174.693891376844,3256.756729915827,3174.5949866904034,3243.385009765625,1355614
2023-11-06,3278.5476911727437,3278.5476911727437,3214.462532401282,3236.005859375,1137606
2023-11-07,3242.889672281035,3255.2213210518585,3219.315777184972,3239.125732421875,433992
2023-11-08,3257.7471562448354,3292.2165269067405,3241.1067453921146,3280.380126953125,632305
2023-11-09,3289.3933416720165,3289.3933416720165,3243.5332490558717,3252.546875,1317398
2023-11-10,3232.0437573169834,3243.8305839078325,3192.3742737484827,3225.407470703125,1170763
2023-11-13,3243.880385937739,3247.198650389063,3219.712335668522,3233.727783203125,275538
2023-11-15,3244.1278478721556,3269.5340191532973,3229.7656300890408,3264.631103515625,747863
2023-11-16,3264.0862437574046,3326.0915006830696,3228.2798462183723,3304.2509765625,1055389
2023-11-17,3307.2720130916146,3334.0154525505764,3295.0888423072724,3307.12353515625,633405
2023-11-20,3306.2816245229155,3322.080015916447,3280.7763064188216,3314.05712890625,497379
2023-11-21,3333.024957732374,3369.4257503613976,3323.219126650403,3362.195068359375,1038863
2023-11-22,3367.692576647491,3402.360000230627,3363.780158635831,3397.259033203125,980779
2023-11-23,3401.2701439225657,3409.243699213893,3364.027573429678,3376.012451171875,517362
2023-11-24,3373.6356847864513,3386.6113033793204,3350.408558515184,3364.671630859375,589530
2023-11-28,3385.471830825103,3413.20576859988,3365.0677216975364,3409.689453125,733524
2023-11-29,3440.840588816913,3440.840588816913,3391.464180926476,3396.7138671875,819200
2023-11-30,3398.497022833831,3466.742223009928,3389.7310207702076,3457.431640625,1480088
2023-12-01,3465.751770028277,3466.7422678190824,3437.027334094919,3456.342041015625,655263
2023-12-04,3516.2672028373054,3516.2672028373054,3445.0009342312746,3455.25244140625,808838
2023-12-05,3455.2521075923355,3516.2668631287197,3445.9415258661456,3511.611572265625,713651
2023-12-06,3516.267173096665,3539.9895469284766,3488.6323813378112,3513.196533203125,474140
2023-12-07,3513.196402706055,3560.8394416156343,3485.6111852257613,3551.33056640625,820214
2023-12-08,3541.0294547932276,3612.295719512261,3541.0294547932276,3600.112548828125,1562141
2023-12-11,3600.0137616465563,3609.9683127190156,3564.1082170519057,3596.002197265625,620604
2023-12-12,3602.440621818273,3609.869355572366,3529.3914065696895,3537.4638671875,1075941
2023-12-13,3550.9346393609962,3575.4494600929866,3518.991085073858,3568.119873046875,717618
2023-12-14,3612.345455730765,3612.345455730765,3550.2908656475674,3557.273681640625,992762
2023-12-15,3580.649558956141,3580.649558956141,3550.7365736604092,3566.3369140625,906271
2023-12-18,3566.4852576770027,3632.3533591160945,3559.7498245040447,3585.205810546875,699850
2023-12-19,3576.3406293122366,3593.476288871184,3565.8910714332733,3576.142578125,577926
2023-12-20,3576.1425277236317,3616.80250843649,3507.352507838864,3520.328125,849001
2023-12-21,3490.613206275149,3564.7518175317255,3485.3635198528873,3545.98193359375,816722
2023-12-22,3545.981915280409,3603.8764599185347,3526.7167825685215,3592.882080078125,777099
2023-12-26,3600.45937188686,3630.1743048047706,3589.019074349316,3621.953125,526101
2023-12-27,3633.1457703335705,3659.889209755328,3610.3643219372584,3654.19384765625,666625
2023-12-28,3664.7428235157645,3701.4903897273125,3645.7253135489655,3679.798583984375,1033648
2023-12-29,3679.798529949203,3679.798529949203,3625.469628057603,3640.525146484375,709614
2024-01-01,3653.946235414736,3662.8607152517466,3632.650533581877,3642.208740234375,286683
2024-01-02,3653.946294013638,3672.6172738111036,3607.888147450441,3663.1083984375,453685
2024-01-03,3672.7659017978303,3674.697324174916,3630.1744957090204,3657.9580078125,356757
2024-01-04,3660.8797434951457,3691.5851742441578,3651.6184926538394,3684.3544921875,545228
2024-01-05,3684.3546677148156,3714.3667998215246,3652.213062037845,3677.272705078125,963628
2024-01-08,3734.1765111563714,3740.9615174606406,3660.6816265953726,3670.834228515625,1202148
2024-01-09,3701.4405115592235,3718.278973277656,3650.132679841263,3658.898681640625,572612
2024-01-10,3672.7656347902807,3694.556585158508,3654.936675398095,3679.154296875,556311
2024-01-11,3691.486217026915,3707.1361308978767,3657.5123353643044,3663.455322265625,392818
2024-01-12,3664.8417842944846,3698.8159064968236,3613.286326505328,3690.5947265625,990582
2024-01-15,3704.461831939596,3739.129255500528,3700.4998406754894,3723.1328125,661292
2024-01-16,3723.132738082768,3821.3404978505487,3720.3097226352156,3783.998779296875,1170685
2024-01-17,3782.661383960859,3818.368876684142,3763.8914997145885,3793.656005859375,723356
2024-01-18,3755.323756927582,3788.307138684208,3683.5126697516557,3699.2119140625,1293580
2024-01-19,3706.640677117774,3824.8071085052757,3705.154930474563,3774.390869140625,2566367
2024-01-23,3750.0246598587273,3821.3405012506523,3670.537211640644,3704.114990234375,1053510
2024-01-24,3728.2336059981158,3744.0815703169174,3676.4800975195285,3732.047119140625,636988
2024-01-25,3734.5728070551536,3760.8705719998925,3694.6559391860405,3734.374755859375,646135
2024-01-29,3724.8658679548244,3838.178711775463,3724.8162947040737,3829.907958984375,699215
2024-01-30,3845.1125021174216,3850.015417917485,3679.6993676883617,3700.252197265625,852445
2024-01-31,3713.3761004254493,3739.129042172865,3618.5359399517934,3662.4150390625,1386754
2024-02-01,3702.480781476151,3702.480781476151,3566.782582690107,3592.981201171875,1408462
2024-02-02,3600.4595661509325,3678.164071559695,3568.2188138312895,3578.07421875,2320153
2024-02-05,3578.6190724436838,3590.207848644902,3501.3106687524305,3518.2978515625,1771614
2024-02-06,3518.2976889771217,3543.95148475931,3498.04205773357,3525.330078125,1069901
2024-02-07,3544.0008833160036,3585.6017880391096,3522.0118820407947,3542.51513671875,900220
2024-02-08,3570.546409849654,3575.6969498897784,3469.7136884941533,3515.375732421875,1011857
2024-02-09,3515.3757681727784,3563.71186638632,3499.2801792457344,3557.471923828125,838509
2024-02-12,3564.8014732399674,3584.2153262548736,3536.12661117058,3551.18212890625,487283
2024-02-13,3572.7255279700967,3574.4588991023247,3517.4061296789664,3526.12255859375,796060
2024-02-14,3512.3050137565924,3559.700427717898,3470.0108082889847,3551.479248046875,1046318
2024-02-15,3560.888885710702,3597.4877281936806,3537.067367119943,3587.63232421875,759063
2024-02-16,3613.335940420977,3654.936847629771,3590.0592423398657,3620.66552734375,915502
2024-02-19,3637.0581261923835,3674.2513646747507,3615.316749174509,3659.938720703125,528874
2024-02-20,3664.8416370527425,3684.6020185964876,3630.669465031575,3651.66796875,744107
2024-02-21,3617.347500594023,3672.2705546589605,3605.4119538661134,3621.606689453125,660426
2024-02-22,3641.069785224039,3641.069785224039,3521.5663265695075,3617.347412109375,1017437
2024-02-23,3637.1077820746905,3701.49013660488,3620.269320120641,3656.8681640625,897831
2024-02-26,3654.9367236024846,3654.9367236024846,3576.5389228583863,3588.078125,546842
2024-02-27,3595.506902567591,3640.0793021861973,3586.641995896484,3619.13037109375,673959
2024-02-28,3620.2692993991873,3634.136267987857,3548.1114411219905,3560.542236328125,538608
2024-02-29,3561.0377170741194,3619.2790373029156,3551.231885376232,3589.960205078125,1692242
2024-03-01,3595.5069274636717,3738.138607230826,3591.5449363590287,3730.115478515625,1533727
2024-03-04,3725.85656668397,3728.3328111477326,3679.699273151137,3696.933837890625,787542
2024-03-05,3712.3857501937114,3723.4297039228973,3672.7658382386026,3715.109619140625,733660
2024-03-06,3712.4351459838804,3778.748922084625,3667.5159762237263,3774.539306640625,765602
2024-03-07,3775.8271803445036,3787.9112051195198,3732.294850473705,3750.916015625,838514
2024-03-11,3766.763894385598,3771.8155297698386,3706.4922498282313,3714.51513671875,597848
2024-03-12,3726.252745328339,3730.214736551442,3678.2136017482158,3713.17822265625,564569
2024-03-13,3723.2812070163986,3726.252700397896,3555.8870798587045,3591.247802734375,1027729
2024-03-14,3595.457517463578,3613.3360514992096,3546.130677606921,3605.560546875,1293906
2024-03-15,3600.162260353328,3621.2103383405747,3575.6970133628893,3598.676513671875,1207241
2024-03-18,3584.6114251294002,3585.6019228981563,3531.223692121728,3545.684814453125,785257
2024-03-19,3544.9915159188763,3572.3786825085886,3513.3451605575133,3549.349609375,554444
2024-03-20,3549.3496931632103,3562.721413362891,3516.2671636197083,3556.38232421875,526882
2024-03-21,3572.6757282194726,3602.4402332814775,3555.9364133606186,3593.080078125,767905
2024-03-22,3593.0802257548708,3691.4860338880912,3586.8400414539155,3671.47802734375,1281102
2024-03-26,3630.1743599923607,3694.5071423735058,3630.1743599923607,3663.058837890625,1158224
2024-03-27,3663.8512770917587,3748.934939407035,3657.7102392385605,3723.67724609375,1315714
2024-03-28,3724.2714629486845,3801.8274835332786,3697.0823486378467,3765.67431640625,1590738
2024-04-01,3786.623342498054,3796.1322176702947,3695.0518734515085,3702.876708984375,964052
2024-04-02,3718.3285874996122,3745.517702621576,3698.617778822677,3720.260009765625,677963
2024-04-03,3709.5132237997923,3716.34756155303,3669.7941672585225,3677.222900390625,801601
2024-04-04,3704.461640475266,3756.2647219401783,3644.0412768204556,3746.805419921875,1177617
2024-04-05,3742.4965422925757,3765.7732390470196,3705.452023760606,3718.774169921875,623873
2024-04-08,3762.554117698151,3772.112565916497,3684.998338640928,3713.27685546875,849267
2024-04-09,3719.3192455677668,3725.262232378261,3629.530716567514,3644.38818359375,745285
2024-04-10,3654.9367982198623,3684.9985024890752,3646.467993859838,3675.935302734375,567546
2024-04-12,3654.4911609925534,3659.6912743780067,3575.1521914690525,3584.90869140625,1910561
2024-04-15,3572.72531922508,3604.6192978304503,3555.8868577815465,3566.38623046875,854076
2024-04-16,3554.896630860624,3618.486541733378,3548.953644016053,3611.255859375,1116890
2024-04-18,3611.2556960344027,3625.2218112157443,3467.732666958011,3491.603759765625,1677946
2024-04-19,3491.604014900752,3537.265820001978,3445.1990946025126,3529.193359375,1507940
2024-04-22,3533.105446078708,3580.649337699616,3518.2479799471744,3562.57275390625,668659
2024-04-23,3585.5522276776537,3613.335737510322,3570.8928128345724,3598.478271484375,769991
2024-04-24,3607.393017202758,3610.216032684225,3546.0317263533693,3575.449462890625,652811
2024-04-25,3560.839548455736,3568.2682818669787,3507.3526678947874,3537.166748046875,1889163
2024-04-26,3553.906116870813,3559.106230336134,3522.507384882454,3550.736572265625,798783
2024-04-29,3550.934712795384,3579.1143276331923,3539.1972168072125,3570.59619140625,703524
2024-04-30,3568.416861119323,3585.1068460520673,3545.982182308717,3555.144287109375,963220
2024-05-02,3550.9345346392756,3563.811005755122,3512.602318989327,3534.541748046875,1435891
2024-05-03,3560.839580489033,3564.8015716773375,3458.8183073901814,3500.320068359375,1681592
2024-05-06,3442.970029684059,3455.648448698365,3226.051031841479,3248.98095703125,6891728
2024-05-07,3298.3576073217855,3300.3386028817386,3196.336335984205,3239.819091796875,3111444
2024-05-08,3244.2763145180847,3249.823198784693,3207.6774701071367,3228.874267578125,2054981
2024-05-09,3228.8743314598455,3290.9289215441077,3202.2793689547325,3214.858642578125,1860654
2024-05-10,3227.140807845126,3274.783604407242,3211.936570692766,3258.589111328125,1307103
2024-05-13,3276.071310765029,3276.566559640428,3199.802983953568,3222.73291015625,1294603
2024-05-14,3219.117683519687,3276.5665529486537,3219.117683519687,3257.64794921875,620163
2024-05-15,3272.6047985876285,3275.031469883447,3229.0228944902146,3237.49169921875,657036
2024-05-16,3245.1679318283905,3316.186574440155,3220.4054872761194,3302.220458984375,1404971
2024-05-17,3316.1369038057446,3335.996432117624,3276.566566937381,3329.21142578125,1194228
2024-05-21,3323.120180807207,3348.1798239774453,3319.158189533517,3344.9111328125,827674
2024-05-22,3352.5873962049745,3370.76312738792,3328.072575891488,3351.696044921875,626567
2024-05-23,3350.8541240602544,3427.5185585770782,3345.654010506806,3419.248046875,977789
2024-05-24,3419.297565647304,3422.2194858047233,3371.8525757469906,3379.974609375,878625
2024-05-27,3391.4148364025336,3403.6475807532775,3358.084682726359,3371.06005859375,804488
2024-05-28,3371.6543385696514,3390.473795806086,3359.916843512316,3377.0029296875,548576
2024-05-29,3372.991431324746,3385.521130471371,3339.066885181199,3348.2783203125,519533
2024-05-30,3333.0250252621013,3333.0250252621013,3223.0797718284925,3240.76025390625,2365535
2024-05-31,3266.6617499654712,3297.1691306215976,3186.1838035783594,3211.0947265625,2524214
2024-06-03,3278.5477675154166,3301.2796440045827,3219.1178986178566,3230.21142578125,1378542
2024-06-04,3230.21118214246,3263.8881053109944,3026.614323269717,3208.172607421875,2934800
2024-06-05,3234.9656439200435,3302.3194907622246,3170.632863572432,3286.124755859375,1396386
2024-06-06,3297.3669249253867,3328.072354385491,3259.480386962516,3290.086669921875,1825503
2024-06-07,3263.095834696119,3423.754770283924,3263.095834696119,3411.323974609375,2084099
2024-06-10,3410.2835526963017,3419.1980319220543,3357.7871750335353,3389.68115234375,1655552
2024-06-11,3385.7192602483765,3405.628361161068,3369.574099038175,3378.29052734375,1086157
2024-06-12,3378.9346530168114,3386.412717698484,3338.8194934671656,3350.16064453125,2054168
2024-06-13,3392.4055201473457,3444.0601274649075,3357.7876690912212,3439.20654296875,1753028
2024-06-14,3456.8373503579237,3501.4097517235705,3445.9418744685436,3496.5068359375,2346892
2024-06-18,3521.021509120975,3590.5544039730776,3504.3810982777236,3554.896484375,1585048
2024-06-19,3560.8396333155783,3560.8396333155783,3423.1604374794542,3429.4501953125,1862394
2024-06-20,3440.9892699485017,3456.8372343466526,3385.620541060761,3403.30078125,2377432
2024-06-21,3398.100435752046,3440.6422639124553,3351.2498458369932,3367.444580078125,2707405
2024-06-24,3348.229121251178,3396.4167394172105,3340.255566105955,3379.925048828125,645002
2024-06-25,3380.1232649830336,3390.870020859161,3352.7358561319547,3370.119140625,1299560
2024-06-26,3369.17822743374,3369.17822743374,3337.9775470973705,3340.701416015625,1485709
2024-06-27,3348.8998650820854,3371.258988810378,3340.0059510547903,3359.43359375,1462935
2024-06-28,3359.433650911769,3398.4873935987493,3345.272872309567,3382.8857421875,1005498
2024-07-01,3360.824510240644,3413.4926648955093,3360.327640857108,3409.96484375,1001832
2024-07-02,3424.4239040870907,3428.398859286263,3364.1040074620505,3378.364013671875,878947
2024-07-03,3399.381624251513,3405.4930206265944,3320.975489931672,3339.210693359375,980605
2024-07-04,3343.9309732633815,3348.800196209364,3309.150116186348,3315.112548828125,741143
2024-07-05,3311.1377673404545,3311.1377673404545,3236.6073554105224,3248.880126953125,2001382
2024-07-08,3183.9392416108085,3183.9392416108085,3106.5270830621457,3136.4384765625,5323920
2024-07-09,3150.152076192015,3201.876230571136,3145.1833820655293,3195.019287109375,2044328
2024-07-10,3197.6030109163034,3232.3341333150493,3170.523628724564,3204.8076171875,1437517
2024-07-11,3226.6201951545236,3238.3463616877943,3209.776370771485,3228.260009765625,1105185
2024-07-12,3245.5510028900635,3248.532219365468,3199.888752397526,3209.62744140625,1496692
2024-07-15,3221.45286034576,3232.0360818673694,3185.3303567385806,3204.0126953125,1243810
2024-07-16,3207.739121645585,3230.64484958445,3203.913372820021,3213.801025390625,501336
2024-07-18,3212.7079046233434,3248.631708925215,3185.926691654763,3241.675537109375,1086374
2024-07-19,3241.6259227728287,3258.469748062457,3214.7452378719267,3238.594970703125,1111191
2024-07-22,3229.651152977365,3252.9045442339957,3203.0189041781023,3234.0732421875,696255
2024-07-23,3234.719128520233,3468.148265751977,3211.912629932349,3445.143310546875,7159507
2024-07-24,3448.2737845152906,3530.2572390462738,3440.4728375545033,3456.62109375,3862140
2024-07-25,3393.6179341924253,3432.771145085304,3363.259165936619,3384.4755859375,1476422
2024-07-26,3384.4757802386,3479.7752376807207,3371.755874600109,3472.2724609375,1830745
2024-07-29,3473.117113795065,3477.638673867616,3366.7870619564183,3390.338623046875,2213293
2024-07-30,3403.5054873790305,3457.217115403459,3389.2454818665988,3446.534423828125,1316880
2024-07-31,3457.2669712486936,3477.9862793653515,3424.9704607102985,3437.292724609375,1361595
2024-08-01,3453.2422991192257,3470.135858568154,3420.9457884080384,3446.634033203125,879399
2024-08-02,3393.6182424413964,3456.1243203452127,3388.649548089359,3440.671875,1168195
2024-08-05,3299.262597352156,3437.342557010321,3295.7347760406847,3354.8125,1932064
2024-08-06,3359.78103865771,3394.959536606987,3300.305918968777,3314.21826171875,976535
2024-08-07,3338.962514092447,3347.7571999020524,3296.2814792873896,3305.423828125,1277139
2024-08-08,3316.106283564244,3338.9125398688734,3263.338657703961,3275.85986328125,1280733
2024-08-09,3329.025068656079,3329.025068656079,3264.5315158633402,3310.839599609375,1019809
2024-08-12,3310.7898022229747,3324.0563123529555,3274.717277586603,3300.0576171875,874598
2024-08-13,3309.1502285767515,3383.4322044284368,3284.704156870388,3362.364990234375,1314371
2024-08-14,3368.7745591991966,3394.810467447006,3335.8322147580275,3380.848388671875,997803
2024-08-16,3388.649218239713,3428.498240108976,3349.0983665249537,3423.181640625,1161982
2024-08-19,3414.6852434436632,3482.2594823860104,3414.6852434436632,3443.156005859375,1135205
2024-08-20,3458.2109871364046,3461.29167442837,3432.7711770827814,3453.142822265625,526591
2024-08-21,3453.1429952646795,3559.5725219869882,3432.9205554543278,3538.107666015625,1990034
2024-08-22,3552.566714278078,3602.3033930968973,3531.4497633530273,3581.832275390625,1531544
2024-08-23,3588.8378850357876,3600.1666527471625,3521.8102525385157,3547.6474609375,1173387
2024-08-26,3569.5099278049356,3617.2093923190328,3551.672364076756,3607.470703125,1156681
2024-08-27,3607.470771418856,3635.8917999413597,3508.39505531448,3529.01513671875,1169007
2024-08-28,3537.362425569775,3557.53537289096,3497.861306000736,3505.413818359375,727481
2024-08-29,3514.8541368230913,3531.4992617288835,3488.023189213755,3511.077880859375,927472
2024-08-30,3527.772591576962,3575.472051970115,3520.3195508905314,3542.82763671875,2116894
2024-09-02,3542.827752009322,3579.3973880231874,3529.7601839586705,3565.087646484375,718800
2024-09-03,3565.0875736686535,3612.1409588719416,3537.8589857970906,3598.47705078125,1112614
2024-09-04,3563.6467161636992,3594.8500166371855,3545.858646533523,3585.111328125,529856
2024-09-05,3593.9560187655698,3730.445904124736,3577.8572553202366,3699.540771484375,3437885
2024-09-06,3691.6899879701955,3718.5706716255413,3642.052782337683,3672.36181640625,1408795
2024-09-09,3666.9957678002197,3701.130551175434,3630.873264145304,3661.48046875,923357
2024-09-10,3680.808620180345,3726.520606284096,3643.0465447033325,3704.06201171875,1109078
2024-09-11,3708.5338313238576,3720.061298761515,3676.933130715832,3687.8642578125,831810
2024-09-12,3712.6080321860263,3750.3701053185396,3687.864033941365,3740.68115234375,1337327
2024-09-13,3753.3514505076982,3776.058479150094,3716.583114879214,3743.4140625,1003355
2024-09-16,3744.407857560472,3765.276372690188,3712.011875123821,3717.22900390625,386602
2024-09-17,3736.3584823073793,3753.351513128861,3703.9627424289965,3743.8115234375,392339
2024-09-18,3745.4015035289917,3762.295062977119,3684.7834372739453,3702.02490234375,420638
2024-09-19,3726.5204444490078,3771.238689782396,3717.676266305652,3757.276611328125,945257
2024-09-20,3769.2513942511737,3795.08860391385,3716.5832360926415,3773.425048828125,1951755
2024-09-23,3773.424876815344,3805.0258187923278,3757.3263569740902,3796.181640625,530107
2024-09-24,3794.0947557722884,3815.857538547131,3757.87302486884,3761.201904296875,1281513
2024-09-25,3776.2074516899124,3779.7352729632357,3686.8206948756024,3713.850341796875,942343
2024-09-26,3714.5957945997397,3753.500573252785,3678.224855906362,3734.0234375,1863893
2024-09-27,3750.370378610193,3842.788090642717,3727.713084557234,3792.802978515625,2164755
2024-09-30,3762.2949863878966,3839.359476588687,3762.2949863878966,3800.00732421875,1068609
2024-10-01,3800.0073223042573,3813.919665088962,3733.4765601526574,3752.307861328125,774221
2024-10-03,3666.0017344833946,3758.3199676866348,3627.196187616689,3651.940185546875,1597560
2024-10-04,3602.303132897351,3730.2967382520783,3602.303132897351,3647.120849609375,1542987
2024-10-07,3716.5334929372552,3724.533139050202,3530.0584983217723,3566.777099609375,2523321
2024-10-08,3566.776993075991,3572.490991184283,3458.2110290184437,3471.4775390625,1360120
2024-10-09,3495.973241356889,3536.517834577236,3464.7699388057326,3471.576904296875,1063802
2024-10-10,3488.0233727688283,3509.4384935656403,3393.7176526980365,3425.666259765625,1488328
2024-10-11,3442.3112095993424,3469.142157249222,3422.734603725351,3452.64599609375,858463
2024-10-14,3452.6460244814966,3502.9293053132096,3430.9329770498134,3475.899658203125,593206
2024-10-15,3501.8856861603062,3507.3512493892836,3455.2296994826183,3486.532470703125,578719
2024-10-16,3486.0359158923943,3488.0233936095506,3418.4616735090754,3449.267578125,591644
2024-10-17,3465.1671685513224,3465.1671685513224,3358.93658870535,3382.041015625,560796
2024-10-18,3373.7432856724404,3400.922139377966,3275.4626136589245,3360.278076171875,1249585
2024-10-21,3396.5496044541915,3398.4378538089536,3314.6158859852935,3342.192138671875,714746
2024-10-22,3353.768889126404,3400.0772130092096,3298.4674234344056,3308.951416015625,882086
2024-10-23,3309.150210844666,3314.1189048549436,3261.947617747032,3268.009521484375,877837
2024-10-24,3280.381476324016,3321.969299055836,3258.6681867503307,3310.04443359375,764369
2024-10-25,3311.137814804105,3321.4231088426777,3212.111836445183,3246.09765625,805013
2024-10-28,3249.525801061665,3294.2440460304033,3233.675716089591,3262.494140625,736462
2024-10-29,3265.2271598213556,3277.3507252614095,3206.795266955297,3262.842041015625,702769
2024-10-30,3240.5822495532016,3301.001617539828,3214.844511497293,3287.735107421875,895278
2024-10-31,3270.394478799884,3279.2386573130584,3233.2287437246314,3246.594482421875,1170306
2024-11-01,3283.312950601494,3296.82789514272,3261.7986029185363,3273.077392578125,176636
2024-11-04,3297.225340887599,3297.225340887599,3170.1262453165136,3201.826416015625,1122152
2024-11-05,3185.9267353653936,3238.495423192958,3165.058219631559,3210.02490234375,872402
2024-11-06,3125.3083396800957,3188.8578836290926,3094.502438716635,3157.15771484375,4522923
2024-11-07,3160.089367114235,3166.101535344512,3088.6396448208275,3101.309814453125,1608603
2024-11-08,3101.4588354195275,3172.9085590304935,3086.5527532243036,3166.30029296875,1719882
2024-11-11,3171.616867143465,3209.826075674043,3138.475580951276,3186.52294921875,1054929
2024-11-12,3181.6037437743908,3218.7199851368437,3165.0580897378345,3178.423828125,992983
2024-11-13,3155.120740032077,3201.429065891212,3142.4008346679693,3167.890380859375,911537
2024-11-14,3125.358206382933,3175.144373818324,3116.364821879025,3163.76611328125,1161637
2024-11-18,3163.7662697765372,3187.1191323201265,3137.730360909918,3152.437744140625,943251
2024-11-19,3172.0143106216506,3262.4445431613026,3152.4377044074477,3204.509521484375,1174506
2024-11-21,3204.80766239563,3213.7015762231313,3128.637679650474,3158.549072265625,1582159
2024-11-22,3154.9718447676346,3296.2317234504353,3132.413779070443,3287.983642578125,2207527
2024-11-25,3338.962558416016,3348.7509831990396,3277.4004847676256,3288.38134765625,1892510
2024-11-26,3289.275342934119,3322.8140265667553,3275.0648299392233,3306.665771484375,721345
2024-11-27,3304.1815698280107,3309.050792991372,3259.612286796201,3271.040283203125,732835
2024-11-28,3271.3882621285984,3284.306867051949,3180.312194463782,3192.237060546875,1701387
2024-11-29,3192.2370394926947,3239.588597873865,3192.2370394926947,3228.657470703125,1139585
2024-12-02,3228.657376769841,3289.175972936881,3201.876164503094,3286.145263671875,915980
2024-12-03,3269.400722030652,3317.7957541048727,3256.084718870228,3311.883056640625,1162310
2024-12-04,3321.075133517411,3361.8184251015564,3317.100178240909,3343.384521484375,1630076
2024-12-05,3353.818891757381,3443.702522444537,3332.6027128235,3419.505126953125,2383630
2024-12-06,3432.3242629716433,3477.73808003365,3408.524265963487,3448.373291015625,1278516
2024-12-09,3445.789294642513,3466.409374776279,3425.318178284187,3446.48486328125,926422
2024-12-10,3448.273550869192,3494.929537854949,3414.536167964501,3453.987548828125,1063355
2024-12-11,3462.9314527291153,3468.8938858208367,3438.634586402757,3451.3544921875,554702
2024-12-12,3448.770572890687,3451.354390866056,3390.6368519530397,3424.175537109375,926472
2024-12-13,3398.5868225225695,3495.97322854807,3359.0857037520223,3486.880615234375,1242351
2024-12-16,3483.0544061092105,3489.0168387587555,3407.5302592149737,3416.672607421875,1295227
2024-12-17,3400.6240115967535,3427.8026230290257,3376.3271457265655,3384.77392578125,1005604
2024-12-18,3379.90428489308,3402.561577565156,3368.774459096343,3380.599853515625,646145
2024-12-19,3328.6276689015035,3378.6622732277083,3311.137768517588,3335.832275390625,732634
2024-12-20,3329.0249723580077,3397.5929494006054,3312.280376571641,3335.23583984375,1235769
2024-12-23,3356.9493205087874,3384.9727076755817,3315.7586509114617,3375.68115234375,691202
2024-12-24,3364.153712912882,3397.592926182805,3317.298783353421,3332.403564453125,485245
2024-12-26,3343.9311922456873,3350.738400335632,3291.90886699462,3302.243896484375,637094
2024-12-27,3299.06393279568,3324.0563671812492,3280.431329840628,3288.48046875,568989
2024-12-30,3289.2258399205443,3297.175750676762,3227.1171621375915,3236.955322265625,941859
2024-12-31,3229.651069854022,3255.140372791297,3210.571333594517,3232.78125,616440
2025-01-01,3227.663825531203,3249.4266095760267,3223.738605546574,3233.477294921875,357376
2025-01-02,3243.5635813458825,3379.6560672797646,3230.644976395669,3367.731201171875,1152493
2025-01-03,3373.7433659089947,3460.148909629827,3356.8000701439546,3430.03857421875,1630862
2025-01-06,3468.148520713473,3506.4074657127476,3419.654017230949,3448.671142578125,2145936
2025-01-07,3468.148499431283,3554.3056070408834,3463.179805306024,3483.154052734375,2389563
2025-01-08,3465.8131540858853,3492.4951388754093,3370.066562811258,3462.23583984375,1317377
2025-01-09,3464.1238312561322,3484.4954773025356,3439.876700811562,3465.217041015625,826237
2025-01-10,3440.323780180401,3466.160989390306,3407.281964556196,3418.7099609375,570060
2025-01-13,3358.8372865434003,3445.292565812417,3331.5094683836537,3361.570068359375,1282557
2025-01-14,3378.712025018811,3407.5304511145596,3289.2755302389014,3301.697265625,1133561
2025-01-15,3301.2003097614524,3319.5844776514546,3262.4444963717183,3302.69091796875,1169593
2025-01-16,3306.16893885495,3317.9448405061344,3261.4506935142604,3296.132080078125,1170734
2025-01-17,3299.113214444294,3346.912145876464,3264.481564202768,3336.37841796875,559153
2025-01-20,3352.974367564388,3386.3638475238195,3326.5408169776497,3361.0732421875,722342
2025-01-21,3379.65607143241,3391.332502844065,3314.268007004736,3332.354248046875,1016047
2025-01-22,3333.7949983257163,3363.8058617754314,3313.7710157969796,3335.4345703125,598329
2025-01-23,3335.4344962028053,3411.505248712668,3304.678329331191,3377.27099609375,713603
2025-01-24,3385.6681189355936,3426.063504436938,3359.2843050601705,3380.848388671875,564244
2025-01-27,3366.786964280382,3380.649571646916,3286.542558328304,3298.56689453125,618309
2025-01-28,3298.5668887290312,3349.744435469127,3278.8908125279136,3305.07568359375,579957
2025-01-29,3318.2927541040503,3353.8686538285483,3288.3316245079927,3349.645263671875,570137
2025-01-30,3349.545482541319,3368.774424753964,3324.254879408856,3347.3095703125,688608
2025-01-31,3378.712042699305,3505.3640088363204,3371.159530500228,3468.39697265625,1212261
2025-02-01,3504.916783650716,3612.3895389313498,3386.661865234375,3529.76025390625,2186692
2025-02-03,3542.6788045531002,3619.7432966359775,3529.511765517945,3557.883056640625,1543897
2025-02-04,3567.5223319423576,3591.372063409382,3497.9606151635376,3575.174072265625,1279779
2025-02-05,3573.484770880986,3629.134144398599,3450.4598573321464,3469.042724609375,2165947
2025-02-06,3469.0428470030197,3482.309357666964,3376.575641297843,3389.394775390625,1059617
2025-02-07,3393.5187732045847,3432.2745891698332,3366.985993873859,3403.35693359375,740155
2025-02-10,3393.6180937521435,3403.5554820208176,3290.269255757935,3306.6162109375,904436
2025-02-11,3313.820637161762,3327.037411362515,3251.1158661647555,3261.251953125,903965
2025-02-12,3262.196012013508,3296.6289640331374,3192.485332958168,3235.06689453125,774619
2025-02-13,3229.899447701248,3257.425963197407,3195.0688551770227,3211.266845703125,727243
2025-02-14,3216.0370765843113,3232.6324667939875,3166.499098054817,3193.13134765625,587411
2025-02-17,3175.2439591957736,3218.223163087556,3156.114486943362,3212.956298828125,712614
2025-02-18,3214.5463593343957,3223.6887078873824,3172.3124598013455,3201.677490234375,592636
2025-02-19,3199.8389248352146,3233.278138293735,3171.8155392953954,3190.19970703125,521953
2025-02-20,3189.9016774479605,3198.4974213719756,3168.1883867420183,3171.4677734375,653151
2025-02-21,3171.4674771496416,3185.876688988224,3142.450354245378,3159.98974609375,407794
2025-02-24,3111.3962700113752,3167.989647735266,3111.3962700113752,3153.13330078125,431232
2025-02-25,3120.339838432762,3191.3921627792406,3116.9114880880966,3178.771728515625,642281
2025-02-27,3178.7717759617603,3207.788900892286,3157.0584857681015,3202.919677734375,604023
2025-02-28,3181.951579033888,3197.801664079753,3040.8406720311355,3057.982666015625,1322618
2025-03-03,3070.653035772226,3082.6773728600265,3038.6049579716905,3062.703125,516171
2025-03-04,3030.9034500509983,3050.7782267726443,2998.1100684602825,3029.412841796875,1186136
2025-03-05,3029.412798677857,3087.9936537086965,3016.692893234648,3067.224609375,579883
2025-03-06,3071.8454131185536,3112.0421001433083,3027.9222054930115,3101.558349609375,1399483
2025-03-07,3101.5581737477764,3105.0362594446333,3055.3988137670276,3060.069580078125,1020056
2025-03-10,3060.715488176788,3063.6967045613756,3002.184370204185,3007.8486328125,855408
2025-03-11,2996.1226249702077,3036.7664467848617,2991.1539307331095,3027.325927734375,576260
2025-03-12,3018.3820391830736,3034.6795005579197,2977.291086662101,3000.047607421875,489535
2025-03-13,3000.4948182215303,3030.406452972341,2981.5145528191442,2991.302734375,785215
2025-03-17,2966.3601945237288,3017.388538763107,2966.3601945237288,2998.4580078125,632348
2025-03-18,2998.4580078125,2998.4580078125,2998.4580078125,2998.4580078125,0
2025-03-19,3068.715249639024,3075.6216860011787,3039.052048449746,3057.038818359375,730983
2025-03-20,3080.590243642106,3184.9328164106287,3060.715467876673,3173.107421875,1542807
2025-03-21,3166.995871367945,3170.026823279377,3135.1962292535436,3142.897705078125,1181974
2025-03-24,3148.36327210715,3156.0647479403924,3055.746862867204,3059.8212890625,1481216
2025-03-25,3065.684150606554,3080.5404969144824,3026.928338005693,3034.580078125,1174346
2025-03-26,3049.73470629094,3058.479656438445,3015.550187892165,3038.3564453125,1010449
2025-03-27,3028.4688451055345,3078.304750800187,3028.4688451055345,3068.317626953125,1635143
2025-03-28,3074.627919769082,3092.3165193489804,3031.9468858241025,3044.169921875,778417
2025-04-01,3034.5801114786177,3056.442364980934,2963.329088359381,2968.248046875,1068622
2025-04-02,2992.147398865565,3085.558842071597,2952.546812333952,3079.0498046875,1674921
2025-04-03,3051.772036568597,3131.2711453036954,3048.7908199910307,3107.968017578125,1115568
2025-04-04,3079.5965018573243,3095.396851530666,3030.9033012793934,3056.939208984375,901801
2025-04-07,2906.6859812046773,3028.915853234823,2906.6859812046773,3003.27734375,1378989
2025-04-08,3129.979078748573,3207.0435719228044,3081.58404726396,3102.750732421875,2830156
2025-04-09,3118.2033549683465,3168.2876928708306,3071.3484255169224,3154.27587890625,1215988
2025-04-11,3201.8266176609322,3222.247999824843,3181.2065362467592,3214.645751953125,814920
2025-04-15,3249.5259260883518,3264.4320083181146,3224.781926631751,3252.904541015625,1121769
2025-04-16,3229.651068657078,3265.425665109895,3224.7818456291375,3251.61279296875,889943
2025-04-17,3229.651016476099,3313.9201130591687,3191.0939035108445,3306.665771484375,1083612
2025-04-21,3293.250433343925,3332.503116541597,3269.4007017807826,3315.212158203125,672129
2025-04-22,3315.2119958025914,3337.7698172786327,3299.3121755393727,3316.503662109375,609213
2025-04-23,3335.981126714822,3352.576516028624,3294.740966822458,3336.279296875,628656
2025-04-24,3335.7826316378287,3373.7434073155578,3323.0627257918186,3361.421142578125,901747
2025-04-25,3361.421084128324,3398.0899501366057,3295.237980597451,3344.1298828125,704325
2025-04-28,3334.987539415329,3376.128230252462,3330.018845226689,3348.005615234375,384147
2025-04-29,3354.762756041738,3376.7244808163978,3332.999973118952,3357.446044921875,575435
2025-04-30,3352.8747997128708,3387.6556586310544,3333.298193358469,3358.5390625,708818
2025-05-02,3341.0494429933888,3360.32787939833,3303.1878962354126,3321.0751953125,514587
2025-05-05,3336.67658931919,3387.158566900873,3286.294082658409,3301.00146484375,565178
2025-05-06,3301.001701853081,3304.4797877663386,3225.179380421673,3278.642578125,650789
2025-05-07,3259.463266446497,3359.8308853218314,3239.7871896693264,3317.994384765625,1047443
2025-05-08,3328.9254237693217,3391.1335681000023,3304.1814253282073,3348.2041015625,1597339
2025-05-09,3345.9184733209445,3507.8978945123063,3333.19856841051,3488.3212890625,2863992
2025-05-12,3515.0530011695228,3562.5537665796564,3508.196300169869,3540.592041015625,956930
2025-05-13,3540.5919665485094,3565.932306614644,3517.9349154025217,3540.89013671875,996541
2025-05-14,3532.7414689267844,3587.3971034671426,3527.772774877661,3565.137451171875,588159
2025-05-15,3574.478685794685,3642.0529283951964,3531.6484438074917,3614.029541015625,1227751
2025-05-16,3631.121677197808,3633.0096839260373,3590.7757837396916,3610.94873046875,525064
2025-05-19,3594.3532594835547,3626.6497706622154,3588.788225127965,3595.048828125,376760
2025-05-20,3595.0487153034946,3597.334363006812,3552.7155890850377,3558.18115234375,811416
2025-05-21,3547.6475296691715,3600.415157197291,3544.964483421236,3558.081787109375,415016
2025-05-22,3542.6788328354455,3552.6162208658393,3494.085102411624,3518.8291015625,709846
2025-05-23,3508.891591589974,3583.720169380776,3500.9416814419365,3557.28662109375,416717
2025-05-26,3553.6100224313454,3617.2093069491325,3548.044987991232,3587.6953125,525514
2025-05-27,3592.3658362411784,3616.215567934066,3539.8963779944224,3566.926025390625,1019733
2025-05-28,3572.4908162978877,3579.0495891111345,3522.8038786581396,3552.31787109375,449324
2025-05-29,3557.584927196318,3577.4597033259065,3537.809621992183,3565.8330078125,513095
2025-05-30,3557.584925226354,3582.4283953745826,3519.922321526444,3532.741455078125,962944
2025-06-02,3503.0288710412938,3519.822960340289,3454.136726175635,3503.42626953125,726392
2025-06-03,3503.4262256676984,3557.5849916012935,3481.5639715293664,3497.761962890625,676943
2025-06-04,3484.147810184949,3497.761983638535,3464.1735626498194,3477.88720703125,410354
2025-06-05,3476.7939267990487,3512.866694132487,3452.447325948626,3482.060791015625,608651
2025-06-06,3501.9357121254207,3548.5419672085,3464.3723350223286,3537.61083984375,602422
2025-06-09,3542.48011189299,3557.5848930842412,3499.153003301126,3511.7734375,540262
2025-06-10,3522.804093182995,3522.804093182995,3484.147750390053,3502.13427734375,561695
2025-06-11,3502.9293754878017,3526.779107406017,3483.0545988892895,3519.425537109375,505077
2025-06-12,3525.785390862945,3537.511557652593,3423.9271601517125,3431.08203125,811822
2025-06-13,3388.3510448700417,3419.256417746883,3361.8182681604344,3400.474609375,821750
2025-06-16,3389.643067637766,3432.0756661362175,3374.9356847849504,3416.573486328125,534665
2025-06-17,3406.5366447147753,3416.07663434688,3374.1406624255987,3384.376220703125,1000345
2025-06-18,3384.674536783687,3458.2112119809835,3368.7747151194067,3446.087646484375,972739
2025-06-19,3457.0185976943762,3499.550667001118,3446.0874708572796,3483.451904296875,1022566
2025-06-20,3478.086002715171,3522.804251321509,3467.1548752780664,3496.967041015625,2941214
2025-06-23,3458.409903420396,3506.40753848347,3451.25503221003,3483.750244140625,643325
2025-06-24,3501.0413501564576,3544.6663875136264,3484.147790137469,3503.923095703125,968797
2025-06-25,3527.7727077623576,3642.0526687180395,3527.7727077623576,3629.332763671875,2697912
2025-06-26,3632.11526904136,3677.3303838816832,3621.1841423766664,3671.566650390625,1620497
2025-06-27,3676.8337833306864,3685.8769040047696,3636.587359486121,3643.245361328125,601285
2025-06-30,3643.2452388562297,3675.3430514892466,3629.134196035887,3667.094970703125,921775
2025-07-01,3675.839714109052,3703.1675303128904,3644.0400734354944,3677.330322265625,947173
2025-07-02,3681.8022308843424,3698.596319454098,3665.902410184167,3684.783447265625,583514
2025-07-03,3678.820909804947,3689.652565303872,3649.207446071259,3655.666748046875,528710
2025-07-04,3643.046386124013,3666.9955878893807,3622.277342560526,3663.8154296875,629926
2025-07-07,3652.4870439852675,3672.8586898570397,3625.0597554252945,3643.14599609375,829472
2025-07-08,3570.0856562336476,3570.0856562336476,3423.765721700407,3430.045166015625,3952270
2025-07-09,3430.045106416105,3450.1789926462607,3409.4128554607373,3420.875244140625,1868271
2025-07-10,3420.8752996231224,3433.733012405282,3402.8343989409673,3408.615478515625,496586
2025-07-11,3396.853860604248,3411.0073696883373,3346.0206602254875,3350.605712890625,856956
2025-07-14,3360.971693038927,3398.8474119996263,3333.063268541569,3393.564697265625,755781
2025-07-15,3406.821243022511,3410.808160802526,3376.6202921704703,3403.8310546875,686088
2025-07-16,3405.824467658351,3411.007412034061,3377.4176788587424,3406.12353515625,669532
2025-07-17,3407.219874166674,3436.7231633934557,3405.326185537628,3422.0712890625,559482
2025-07-18,3432.736185058154,3432.736185058154,3380.906254273304,3391.7705078125,293360
2025-07-21,3379.909579714012,3427.8523638052948,3354.193911123252,3421.772216796875,561799
2025-07-22,3438.716570753606,3478.5857483855316,3419.081049438312,3461.043212890625,1752275
2025-07-23,3461.0431161316833,3470.5120455545466,3432.736098141243,3460.04638671875,584590
2025-07-24,3456.059506048824,3478.386391142719,3446.6903468038554,3473.00390625,630718
2025-07-25,3465.0299831876705,3468.61830635869,3435.726236212185,3451.474609375,624410
2025-07-28,3441.7068440971075,3451.2755443020064,3370.9390520522493,3381.903076171875,603916
2025-07-29,3378.9126754372433,3385.88978125673,3344.6252813183346,3368.14794921875,511042
2025-07-30,3368.9455843699097,3382.4014321181326,3334.3591206780934,3365.45703125,443735
2025-07-31,3329.076365403816,3353.496236946449,3304.656493861183,3336.3525390625,553157
2025-08-01,3329.076291442061,3336.352464939091,3296.1842202990706,3305.15478515625,422977
2025-08-04,3304.1580243689627,3353.994495324754,3297.280688713921,3345.322998046875,450434
2025-08-05,3345.323053090916,3431.739446481727,3337.0501501077033,3407.0205078125,837335
2025-08-06,3425.759143986966,3451.0759748599594,3388.8801540749737,3406.522216796875,635456
2025-08-07,3368.945373525441,3425.758949351166,3366.652847235975,3404.528564453125,509599
2025-08-08,3438.816235602496,3478.3863445205566,3391.969953321262,3448.883056640625,2184271
2025-08-11,3461.6412787114637,3475.894558098457,3391.6709220342127,3456.557861328125,563586
2025-08-12,3456.5579079205527,3522.4418208655648,3448.783613006621,3475.396240234375,929276
2025-08-13,3475.3962587141527,3483.4696211697365,3451.8733466024055,3455.461669921875,360474
2025-08-14,3465.1298366173446,3494.334057359091,3452.770489117713,3477.987548828125,597987
2025-08-18,3484.566088944574,3563.108416734523,3482.0742653683837,3543.173828125,1253006
2025-08-19,3543.373166892668,3565.600282121353,3533.405872471029,3556.430419921875,537433
2025-08-20,3548.356900317281,3591.116497088175,3540.383064586231,3583.242431640625,517031
2025-08-21,3583.2422709000216,3613.1441535500912,3576.4644621642437,3604.47265625,673486
2025-08-22,3604.472646961157,3629.4904093752903,3595.900676620036,3609.1572265625,691835
2025-08-25,3617.828783588623,3657.5984340728096,3603.6752742720814,3639.457763671875,700503
2025-08-26,3650.820639572976,3660.7879339677133,3577.361728552188,3582.24560546875,960778
2025-08-28,3540.4825995873557,3638.9592696478444,3540.4825995873557,3625.802490234375,989246
2025-08-29,3625.802679553231,3630.0886648660667,3591.8143512389356,3616.931884765625,660956
2025-09-01,3619.1244840534064,3641.4511254779923,3598.5917608912955,3606.76513671875,297533
2025-09-02,3602.180277273507,3643.843617472107,3594.3062118570588,3608.7587890625,536300
2025-09-03,3593.2096473714037,3685.805715427277,3578.258705704116,3678.52978515625,791874
2025-09-04,3727.7680476939026,3727.7680476939026,3664.7747967328514,3679.028076171875,635811
2025-09-05,3682.915315982362,3687.89896322997,3648.0297852491053,3653.3125,454120
2025-09-08,3641.0527296363493,3671.5527485518783,3628.0952466127324,3646.036376953125,548987
2025-09-09,3655.8041892599585,3655.8041892599585,3607.3630424567327,3618.2275390625,428367
2025-09-10,3620.121407597503,3636.7667409518913,3596.3991977228993,3608.7587890625,408800
2025-09-11,3608.1605009725913,3632.0820070563877,3568.2913241662645,3572.4775390625,495417
2025-09-12,3578.158903277064,3586.431806260404,3552.2439379532498,3560.2177734375,275049
2025-09-15,3544.3697806402656,3564.802733537658,3503.503874845482,3522.54150390625,362285
2025-09-16,3513.471192223468,3558.623083447279,3490.546415650095,3545.167236328125,724742
2025-09-17,3550.250460707766,3561.0151872242204,3501.709786117043,3511.477783203125,659866
2025-09-18,3518.4549541328097,3534.402625313015,3491.941853458858,3499.816162109375,829442
2025-09-19,3492.5400445342584,3499.8162182954693,3448.6839480846274,3455.8603515625,2337255
2025-09-22,3446.889556441614,3465.628117797587,3428.7491300614606,3446.19189453125,817833
2025-09-23,3453.8668702125237,3453.966640495214,3393.863805491645,3427.951904296875,1144975
2025-09-24,3418.7820473401257,3426.1577480062724,3399.844187602673,3407.120361328125,690454
2025-09-25,3396.853958163756,3408.71494125593,3358.978239146672,3367.450439453125,1139904
2025-09-26,3376.620330576102,3390.873610470201,3292.2971645749917,3316.41796875,7524068
2025-09-29,3316.1188950217547,3406.8212753785265,3316.1188950217547,3390.076171875,1452636
2025-09-30,3440.7100398282037,3463.1364523125994,3344.0272837843636,3355.988037109375,1733728
2025-10-01,3358.978289084472,3403.7313446199823,3340.0404292943817,3397.153076171875,798754
2025-10-03,3368.8457717179963,3447.6871685732563,3366.952083099294,3442.005859375,1655328
2025-10-06,3442.0059196398147,3447.9862964462977,3389.8769198082055,3414.197021484375,1184781
2025-10-07,3413.7983166424383,3434.6298645078646,3399.844104545214,3407.0205078125,996165
2025-10-08,3462.637965399901,3568.291282709167,3448.6837536798093,3553.9384765625,4531362
2025-10-09,3548.15741075332,3550.0510992999293,3514.8665023755325,3538.987548828125,597739
2025-10-10,3537.2930333936433,3560.018513429724,3511.7769055826234,3520.3486328125,825274
2025-10-13,3506.4941364382357,3533.4058310612695,3498.0219362791327,3522.043212890625,606122
2025-10-14,3521.4450542783966,3537.791319491826,3495.031724547749,3525.83056640625,925998
2025-10-15,3521.3453807646406,3550.2505348490877,3499.5171031204873,3537.392822265625,1005045
2025-10-16,3537.39283911406,3640.0559730753866,3528.422274010643,3628.394287109375,1528118
2025-10-17,3623.1113711876196,3702.8497232357654,3621.1179123864163,3662.78125,1123500
2025-10-20,3667.964418391396,3737.635710414741,3664.1767977691916,3724.977294921875,707974
2025-10-21,3724.977087539126,3733.7483549805997,3706.836661017846,3716.803955078125,156306
2025-10-23,3752.6862289816786,3787.571758334762,3726.0736024007547,3759.96240234375,1622402
2025-10-24,3762.6535350740623,3768.6339115536503,3693.9789758369843,3702.75,563296
2025-10-27,3701.853179164865,3741.622586903039,3697.8662613628567,3727.56884765625,856124
2025-10-28,3737.7353326460347,3757.6699210868137,3676.037878758682,3704.84326171875,1482961
2025-10-29,3721.9870331577913,3741.2239600542875,3702.0524443204167,3736.041015625,789557
2025-10-30,3732.751796263028,3761.5571800775697,3707.933330254909,3738.43310546875,544151
2025-10-31,3746.606095098244,3770.6273713006426,3727.2696418130463,3734.446044921875,900994
2025-11-03,3717.800859647688,3749.6962021433246,3655.3059716137295,3712.31884765625,1119367
2025-11-04,3712.318670800743,3814.4834348649333,3702.8497414484523,3801.027587890625,2524600
2025-11-06,3767.6372020024396,3825.148440782567,3749.2974780385443,3762.055419921875,927231
2025-11-07,3753.6831562143093,3779.598122242342,3723.7812723358097,3756.972412109375,728998
2025-11-10,3775.6110703104455,3802.5227648453933,3756.972278689855,3790.56201171875,599567
2025-11-11,3798.037463778186,3807.5063932902954,3739.828562851129,3799.93115234375,668789
2025-11-12,3825.4476296786647,3864.320078234545,3791.758125595138,3838.5048828125,805025
2025-11-13,3847.3755753682763,3855.2496404784156,3804.516210150443,3826.6435546875,668623
2025-11-14,3826.6435637916693,3842.092869895319,3787.5718189592553,3816.67626953125,575050
2025-11-17,3835.4147864927622,3861.628818759101,3809.001457011978,3855.947509765625,504928
2025-11-18,3852.3591862977646,3887.2447157985207,3829.0358153398306,3866.5126953125,849966
2025-11-19,3870.2005607956366,3927.612272623836,3849.7676077214614,3920.236572265625,1578123
2025-11-20,3937.0813827128363,3943.061759496704,3882.2612621940502,3889.636962890625,762391
2025-11-21,3888.2414227641843,3912.16292856945,3869.403334279394,3891.430908203125,383311
2025-11-24,3902.6941103839763,3924.3230904973966,3852.3592738179204,3861.62890625,1258036
2025-11-25,3861.728382425328,3895.6171828362085,3832.424634701013,3842.49169921875,680366
2025-11-26,3832.4245575268214,3901.6972510894,3830.929463421154,3884.9521484375,364592
2025-11-27,3887.842814821566,3914.156373779023,3862.4262149918322,3890.533935546875,542241
2025-11-28,3893.4245835384017,3922.030670486257,3883.7563564062066,3894.919677734375,574817
2025-12-01,3894.919562382681,3897.90975068607,3848.671413960456,3882.161376953125,603073
2025-12-02,3862.3265819678354,3886.8462235411876,3854.851111164027,3873.09130859375,661018
2025-12-03,3857.3429490214967,3867.310243463413,3773.5179054281234,3805.313720703125,770638
2025-12-04,3792.555511736211,3817.4737476871715,3765.6438169091734,3787.970458984375,776693
2025-12-05,3764.6470423054793,3815.480243035577,3764.6470423054793,3800.828369140625,508448
2025-12-08,3783.8839078816613,3812.489993280462,3745.8088930877857,3754.6796875,545864
2025-12-09,3762.6536424081337,3861.329857136188,3738.732135807393,3836.41162109375,1121068
2025-12-10,3818.470440522837,3845.581432309177,3813.088198945881,3833.122314453125,616248
2025-12-11,3817.8722920720056,3843.1893654715554,3764.647038115413,3832.225341796875,669180
2025-12-12,3832.225396672013,3882.0618686341904,3819.3674409004825,3867.509521484375,547866
2025-12-15,3848.6712990350775,3863.721767040758,3837.408208093544,3853.55517578125,332337
2025-12-16,3837.4082057344685,3924.62202859207,3815.480158844557,3916.648193359375,1560827
2025-12-17,3917.14671453145,3922.8280236932565,3877.2775367754043,3895.118896484375,601010
2025-12-18,3887.2447628556924,3911.1662690886506,3877.377238871455,3906.481689453125,516547
2025-12-19,3906.1825441414267,3948.942138344164,3900.2021677023226,3917.246337890625,730780
2025-12-22,3927.1140000415817,3937.8787266796685,3904.2889931650016,3920.934326171875,569521
2025-12-23,3920.9342846674235,3943.360696866818,3903.591046561271,3912.96044921875,445656
2025-12-24,3912.9604398704737,3922.1303019461116,3887.2447719415086,3896.514404296875,399227
2025-12-26,3896.1155354546045,3993.7950186886505,3887.2447409467372,3978.94384765625,1113050
2025-12-29,3996.8849305657486,4018.513910075195,3964.989589473952,3970.6708984375,1242846
2025-12-30,3968.976604250397,3980.438992735801,3941.1679503922314,3961.1025390625,1169570
2025-12-31,3970.970031354128,4048.61515626689,3962.0992368036736,4038.249267578125,1358731
2026-01-01,4050.4094474750787,4054.6954328104425,4022.50102266714,4036.056640625,444679
2026-01-02,4025.7900715381393,4046.7213890678004,3973.162710223706,4038.448486328125,659997
2026-01-05,4038.448510056887,4080.6102128542193,4032.7672010767396,4066.35693359375,629273
2026-01-06,4066.357180715941,4107.0237918666335,4055.1938592912024,4098.35205078125,820331
2026-01-07,4211.182053756641,4297.997288817103,4188.257275712523,4259.224609375,3496340
2026-01-08,4259.224563459027,4289.126447542047,4225.13622093066,4235.103515625,1055725
2026-01-09,4217.162311862731,4265.005325563845,4169.419068443689,4188.0576171875,883117
2026-01-12,4191.247154356343,4228.126142397053,4131.443389966003,4217.76025390625,514767
2026-01-13,4217.760208474048,4253.642466721742,4196.230756188577,4225.33544921875,770707
2026-01-14,4228.026542751453,4268.992220348958,4197.227700184324,4207.693359375,998692
2026-01-15,4207.693359375,4207.693359375,4207.693359375,4207.693359375,0
2026-01-16,4207.693470499,4222.544642310648,4167.425697124466,4183.173828125,686949
2026-01-19,4152.075839006173,4193.639162802954,4115.595445780856,4130.54638671875,365905
2026-01-20,4141.410890199439,4141.410890199439,4051.00757719733,4062.1708984375,586156
2026-01-21,4062.1707923552003,4096.458187413636,4040.242744893094,4065.858642578125,552760
2026-01-22,4085.5939810157674,4114.499134821442,3967.7806096900367,4005.45703125,818966
2026-01-23,4011.935740174026,4050.010755865831,3966.983145385686,4008.646484375,1015415
2026-01-27,4008.6464285094617,4026.786855278177,3942.0648546101957,3983.927490234375,1760501
2026-01-28,3988.911127517355,4012.6333363144477,3951.932368803463,3962.19873046875,809022
2026-01-29,3947.8460300090883,3955.620568339823,3830.5310231322255,3926.81494140625,1145612
2026-01-30,3932.097664845873,3981.934137150637,3897.0128370117495,3964.3916015625,1427639
2026-02-02,3986.9177381580034,3986.9177381580034,3880.566756161068,3940.270751953125,1273196
2026-02-03,4129.450029300954,4129.450029300954,4030.873585991454,4055.29345703125,1043274
2026-02-04,4073.6331995665796,4146.394448298745,4052.9011786566566,4130.44677734375,917279
2026-02-05,4138.719539891277,4138.719539891277,4049.811564116971,4084.19873046875,693637
2026-02-06,4084.198583323033,4140.414025475052,4052.004174273563,4127.45654296875,888701
2026-02-09,4186.46328401321,4255.436670823227,4141.4109176242955,4243.87451171875,1092387
2026-02-10,4285.93653727841,4315.43982566258,4225.734177207915,4255.1376953125,1713633
2026-02-11,4335.773027308057,4364.080045827646,4194.237448025817,4235.203125,3342226
2026-02-12,4218.55747049756,4272.3808588027905,4168.621229566406,4261.8154296875,998509
2026-02-13,4253.343209814334,4257.828492152158,4151.178445452788,4165.53173828125,524758
2026-02-16,4141.41055890807,4182.276463340135,4115.296054572897,4167.42529296875,500349
2026-02-17,4153.471279199037,4231.016633695938,4141.4107558343585,4222.54443359375,464123
2026-02-18,4237.096643046371,4243.973978510509,4200.516479706513,4234.70458984375,387328
2026-02-19,4211.18188086087,4247.0641406741215,4177.293079926131,4184.4697265625,406232
2026-02-20,4186.76194461666,4238.193280220919,4186.46312046324,4222.54443359375,532169
2026-02-23,4256.034710056237,4266.002004459178,4226.2325971283,4258.72607421875,516387
2026-02-24,4226.5314296798915,4285.936601776254,4221.149188028474,4280.45458984375,491126
2026-02-25,4289.923661488439,4334.776487874819,4275.769908266122,4310.85498046875,586295
2026-02-26,4315.838572373869,4337.966161113804,4292.913794737703,4328.3974609375,520985
2026-02-27,4327.400662219876,4337.766551126517,4297.69783270388,4313.3466796875,1146258
2026-03-02,4274.772990574043,4315.838437820091,4179.286505722781,4256.33349609375,770589
2026-03-04,4191.247060748651,4224.437954570289,4070.144440562929,4190.64892578125,1024050
2026-03-05,4224.139244667133,4288.428291689557,4159.551373495063,4261.2177734375,691367
2026-03-06,4236.100014943159,4287.929944537757,4213.175238391702,4230.7177734375,580562
2026-03-09,4146.394356825195,4185.964709183034,4099.249250278276,4145.59716796875,576017
2026-03-10,4161.445028420832,4229.023087280567,4161.445028420832,4206.2978515625,788850
2026-03-11,4178.289896824444,4221.049493326745,4112.705293022249,4126.7587890625,454575
2026-03-12,4086.590462979199,4165.332084095139,4020.60702661123,4116.09375,1071366
2026-03-13,4077.620005949474,4133.6363933228595,4032.7671826134374,4059.878173828125,868825
2026-03-16,4043.7313942292744,4111.508997090401,3989.110571490407,4077.4208984375,1013667
2026-03-17,4077.121826171875,4096.55805049906,4023.2984357273617,4077.121826171875,1126905
2026-03-18,4070.3439664557445,4161.145872456678,4064.4633600951647,4131.94189453125,751307
2026-03-19,4090.9761095476442,4124.566085473674,4004.759015235318,4024.693603515625,567278
2026-03-20,4033.6642475921135,4136.327379255284,4027.6838709903755,4093.169189453125,1019586
2026-03-23,4043.3327314437556,4045.72478475568,3812.4900964992553,3840.498291015625,1533645
2026-03-24,3937.3802406338946,3971.966702524462,3830.431126173528,3886.746337890625,1300547
2026-03-25,3937.081366043934,4083.6005966283537,3927.612436176233,4026.08935546875,1306823
2026-03-27,3986.917766152832,4019.6105405037147,3959.009341789762,3968.478271484375,1040658
2026-03-30,3929.107403218326,3994.2934104401893,3901.29874952784,3938.4765625,1488223
2026-04-01,3986.917833753536,4086.5907795973744,3986.917833753536,4052.20361328125,781974
2026-04-02,3982.930835009521,4095.6610318057337,3931.798566161915,4083.800048828125,1614868
2026-04-06,4091.5742720255826,4243.974103115695,4091.5742720255826,4232.212890625,1678285
2026-04-07,4221.448008238725,4229.621384331442,4155.165500389534,4216.763671875,1274146
2026-04-08,4337.068733542139,4490.266247239322,4295.007042060272,4477.80712890625,3834533
2026-04-09,4460.364368818537,4482.691011562465,4399.663641560751,4425.279296875,1385274
2026-04-10,4415.611175793522,4509.104202301997,4410.62752860897,4490.26611328125,1565192
2026-04-13,4376.738695227283,4481.2955150452835,4376.738695227283,4424.78076171875,850456
2026-04-15,4475.415043264428,4519.171369197922,4432.754730388897,4507.41015625,918513
2026-04-16,4539.105836555689,4539.105836555689,4425.478681226891,4446.80859375,1283713
2026-04-17,4446.80860763948,4516.978262584491,4315.838457109326,4511.09765625,2124034
2026-04-20,4517.277374817795,4534.122004205732,4453.088099309882,4498.23974609375,1646815
2026-04-21,4498.73808672063,4529.636697707301,4450.39671146729,4465.048828125,656106
2026-04-22,4447.108126662484,4477.308835307954,4430.662090201536,4440.03125,596352
2026-04-23,4396.5736146026165,4459.367570104762,4379.130849185354,4441.9248046875,680187
2026-04-24,4460.862435947686,4471.9262296400375,4347.13551391155,4395.57666015625,958536
2026-04-27,4424.282272732981,4449.400048324654,4374.047208233913,4427.2724609375,649222
2026-04-28,4397.868888135784,4460.364015495882,4381.024258799593,4402.5537109375,620778
2026-04-29,4405.444477800803,4457.772774865154,4395.776493972833,4425.279296875,702730
2026-04-30,4423.485027207771,4423.485027207771,4343.746676108938,4370.85791015625,869299
2026-05-01,4370.85791015625,4370.85791015625,4370.85791015625,4370.85791015625,0
2026-05-04,4392.686333602758,4432.854334640852,4338.464350375783,4348.73046875,709160
2026-05-05,4340.756633847013,4382.619269581015,4316.1372224440165,4359.2958984375,850790
2026-05-06,4383.117745600278,4426.57524685031,4283.046206403137,4345.341796875,1459870
2026-05-07,4335.673340752591,4344.743676091845,4247.064189912217,4293.412109375,1377631
2026-05-08,4299.890693872671,4589.938953473262,4199.619617443652,4494.2529296875,4777990
2026-05-11,4336.1714356672355,4365.176358217959,4136.5267337657515,4191.84521484375,5925166
2026-05-12,4146.394386830651,4199.8191810747485,4033.763962380683,4042.036865234375,1978748
2026-05-13,4016.819616977272,4096.557971656722,3972.0665627502894,4077.321044921875,2841521
2026-05-14,4101.541651857563,4133.436993986225,4045.8245734134175,4121.67578125,1127140
2026-05-15,4141.410861180254,4180.283309696747,4128.851972784219,4155.46484375,901617
2026-05-18,4116.592404667953,4169.020471149777,4052.3033550510295,4156.06298828125,851825
2026-05-19,4122.7718541827335,4154.268602329223,4081.6071223236186,4088.584228515625,711398
2026-05-20,4039.744471133866,4103.236331934217,4039.744471133866,4092.9697265625,913576
2026-05-21,4106.525312929425,4122.871578488693,4056.6888406851363,4069.74609375,863060
2026-05-22,4043.9306045995263,4100.345344469957,4040.8408893642713,4066.456787109375,768112
2026-05-25,4106.624950595387,4156.361650952179,4096.9564806185,4145.59716796875,606086
2026-05-26,4138.320744313574,4146.394349879764,4077.6200205187774,4092.47119140625,766717
2026-05-27,4084.8961156102055,4151.477934967971,4077.7199555713896,4124.36669921875,474044
2026-05-28,4124.36669921875,4124.36669921875,4124.36669921875,4124.36669921875,0
2026-05-29,4102.737972358301,4149.6835402843,4045.724852927872,4061.57275390625,2001419
2026-06-01,4086.590555568834,4091.5742025878203,3993.894721015687,4011.437255859375,450200
2026-06-02,4004.2607791244304,4074.6299753506637,3972.963571856102,4064.762451171875,522015
2026-06-03,4043.7312022976257,4090.37794384958,3988.9110849384024,4075.42724609375,959352
2026-06-04,4061.672322312249,4259.821933203119,4039.046613504238,4217.162109375,1761933
2026-06-05,4255.038114520642,4274.972703953861,4209.388099392295,4246.26708984375,1390200
2026-06-08,4183.073988834731,4224.239207403382,4167.027033930725,4178.6884765625,666737
2026-06-09,4177.193341811167,4203.208077712957,4073.8325468327307,4091.474609375,1284964
2026-06-10,4091.4745404929363,4105.6282930748075,4021.8032506621894,4028.880126953125,613629
2026-06-11,4006.951982284827,4056.3896148157537,3949.8393386542043,4012.03515625,767665
2026-06-12,4054.4960073475113,4186.263588783162,4039.445295679552,4170.31591796875,1122271
2026-06-15,4207.195130228091,4282.946570620732,4206.49722491917,4269.49072265625,1076822
2026-06-16,4284.0430909399065,4329.792876901798,4269.490743142001,4323.8125,779706
2026-06-17,4323.812338372832,4380.625916816181,4313.346679185898,4366.17333984375,623868
2026-06-18,4365.674763217696,4395.576645157543,4318.9282517885895,4373.548828125,562833
2026-06-19,4345.740340070183,4427.173329648428,4345.740340070183,4405.4443359375,941346
2026-06-22,4390.891747775549,4400.061852755146,4338.762995819039,4358.19921875,390835
2026-06-23,4360.691477754865,4402.952710396701,4277.065971666899,4291.21923828125,586588
2026-06-24,4287.93018361535,4326.603092410774,4249.755639555354,4309.65869140625,652078
2026-06-25,4320.821917574416,4320.821917574416,4211.181684371836,4277.2646484375,754050
2026-06-26,4277.2646484375,4277.2646484375,4277.2646484375,4277.2646484375,0
2026-06-29,4270.9857208678,4302.183158180815,4252.64599620607,4263.21142578125,569087
2026-06-30,4263.50992478207,4413.916290951847,4261.018101330999,4389.59619140625,1243464
2026-07-01,4454.384013002184,4489.767909279109,4375.742154951739,4384.21435546875,1168751
2026-07-02,4389.596399722663,4482.292236501547,4368.7648520199655,4466.4443359375,820705
2026-07-03,4480.298796026808,4492.957454484628,4436.442701026769,4446.509765625,542120
2026-07-06,4435.44600307642,4475.81354535161,4435.44600307642,4469.7333984375,589165
2026-07-07,4535.1191570791025,4640.672712211398,4490.266330250847,4589.14208984375,3385946
2026-07-08,4575.386820187532,4614.857404177837,4546.78097666898,4571.39990234375,1045703
2026-07-09,4614.7998046875,4679.7998046875,4546.10009765625,4555.7998046875,1777107
2026-07-10,4578.60009765625,4602.7998046875,4560.7001953125,4584.39990234375,652646
2026-07-13,4578.0,4635.0,4524.39990234375,4601.5,770367
2026-07-14,4579.7998046875,4600.0,4554.0,4573.7001953125,631158
2026-07-15,4573.7001953125,4607.0,4565.10009765625,4579.39990234375,619451
2026-07-16,4585.2998046875,4668.7998046875,4580.0,4625.7998046875,1136159
2026-07-17,4626.0,4647.5,4610.10009765625,4638.10009765625,667212
2026-07-20,4638.10009765625,4660.0,4625.2998046875,4643.39990234375,274158
2026-07-21,4644.2001953125,4691.7001953125,4629.2001953125,4688.7001953125,530094
2026-07-22,4685.7001953125,4733.0,4675.0,4711.60009765625,996475
2026-07-23,4700.0,4709.7998046875,4671.60009765625,4697.2998046875,421185
2026-07-24,4605.0,4697.0,4604.10009765625,4677.0,513858
2026-07-27,4686.89990234375,4749.10009765625,4686.89990234375,4740.10009765625,500721
2026-07-28,4750.0,4860.0,4712.89990234375,4849.7001953125,1321587
2026-07-29,4849.7001953125,4866.89990234375,4823.2001953125,4850.2001953125,837059
2026-07-30,4820.89990234375,4869.89990234375,4820.89990234375,4850.0,777361
2026-07-31,4850.0,4886.0,4820.89990234375,4875.2001953125,1003314
2026-08-03,4875.2001953125,5000.0,4851.7998046875,5000.0,505420
2026-08-04,4935.0,4935.0,4862.0,4935.0,1181747
2026-08-05,4910.2001953125,4920.60009765625,4882.2998046875,4912.39990234375,546332
2026-08-06,4883.89990234375,5005.0,4883.89990234375,4998.0,1283840
2026-08-07,4978.10009765625,5003.0,4891.2998046875,4941.0,1166858
2026-08-10,4932.0,5122.2001953125,4886.2001953125,5090.0,3664718
2026-08-11,5090.0,5168.0,5090.0,5128.0,1664853
2026-08-12,5128.0,5128.0,4992.0,5099.0,1105157
2026-08-13,5069.5,5071.5,5010.0,5063.7001953125,533274
2026-08-14,5064.0,5090.5,5046.39990234375,5056.2001953125,587764
2026-08-17,5056.2001953125,5111.0,5037.2001953125,5068.5,565258
2026-08-18,5060.0,5094.89990234375,5042.5,5048.60009765625,354873
2026-08-19,5045.0,5074.7998046875,5038.0,5068.0,412981
2026-08-20,5084.89990234375,5110.0,5060.10009765625,5068.0,614435
2026-08-21,5068.0,5090.39990234375,5011.0,5086.10009765625,352381
2026-08-24,5086.7998046875,5093.39990234375,5050.0,5079.0,256376
2026-08-25,5059.10009765625,5124.7998046875,5052.7001953125,5124.7998046875,347515
2026-08-26,5149.89990234375,5149.89990234375,5091.0,5100.0,377617
2026-08-27,5100.0,5186.7001953125,5069.5,5139.2998046875,1101845
2026-08-28,5155.0,5169.89990234375,5136.0,5169.2001953125,547804
