Date,Variant,Cash,Open Position Value,Total Equity,Peak Equity,Drawdown %,Number Open Positions,Daily Return %,Candidate Source,Survivorship Bias Warning
2011-08-30,T1_30D,100000.0,0.0,100000.0,100000.0,0.0,0,0.0,REFERENCE,This test uses the supplied/current ticker universe and is not a survivorship-bias-free historical index-constituent study.
2011-09-02,T1_30D,100000.0,0.0,100000.0,100000.0,0.0,0,0.0,REFERENCE,This test uses the supplied/current ticker universe and is not a survivorship-bias-free historical index-constituent study.
2011-09-05,T1_30D,100000.0,0.0,100000.0,100000.0,0.0,0,0.0,REFERENCE,This test uses the supplied/current ticker universe and is not a survivorship-bias-free historical index-constituent study.
2011-09-06,T1_30D,100000.0,0.0,100000.0,100000.0,0.0,0,0.0,REFERENCE,This test uses the supplied/current ticker universe and is not a survivorship-bias-free historical index-constituent study.
2011-09-07,T1_30D,100000.0,0.0,100000.0,100000.0,0.0,0,0.0,REFERENCE,This test uses the supplied/current ticker universe and is not a survivorship-bias-free historical index-constituent study.
2011-09-08,T1_30D,100000.0,0.0,100000.0,100000.0,0.0,0,0.0,REFERENCE,This test uses the supplied/current ticker universe and is not a survivorship-bias-free historical index-constituent study.
2011-09-09,T1_30D,100000.0,0.0,100000.0,100000.0,0.0,0,0.0,REFERENCE,This test uses the supplied/current ticker universe and is not a survivorship-bias-free historical index-constituent study.
2011-09-12,T1_30D,100000.0,0.0,100000.0,100000.0,0.0,0,0.0,REFERENCE,This test uses the supplied/current ticker universe and is not a survivorship-bias-free historical index-constituent study.
2011-09-13,T1_30D,100000.0,0.0,100000.0,100000.0,0.0,0,0.0,REFERENCE,This test uses the supplied/current ticker universe and is not a survivorship-bias-free historical index-constituent study.
2011-09-14,T1_30D,100000.0,0.0,100000.0,100000.0,0.0,0,0.0,REFERENCE,This test uses the supplied/current ticker universe and is not a survivorship-bias-free historical index-constituent study.
2011-09-15,T1_30D,100000.0,0.0,100000.0,100000.0,0.0,0,0.0,REFERENCE,This test uses the supplied/current ticker universe and is not a survivorship-bias-free historical index-constituent study.
2011-09-16,T1_30D,100000.0,0.0,100000.0,100000.0,0.0,0,0.0,REFERENCE,This test uses the supplied/current ticker universe and is not a survivorship-bias-free historical index-constituent study.
2011-09-19,T1_30D,100000.0,0.0,100000.0,100000.0,0.0,0,0.0,REFERENCE,This test uses the supplied/current ticker universe and is not a survivorship-bias-free historical index-constituent study.
2011-09-20,T1_30D,100000.0,0.0,100000.0,100000.0,0.0,0,0.0,REFERENCE,This test uses the supplied/current ticker universe and is not a survivorship-bias-free historical index-constituent study.
2011-09-21,T1_30D,100000.0,0.0,100000.0,100000.0,0.0,0,0.0,REFERENCE,This test uses the supplied/current ticker universe and is not a survivorship-bias-free historical index-constituent study.
2011-09-22,T1_30D,100000.0,0.0,100000.0,100000.0,0.0,0,0.0,REFERENCE,This test uses the supplied/current ticker universe and is not a survivorship-bias-free historical index-constituent study.
2011-09-23,T1_30D,100000.0,0.0,100000.0,100000.0,0.0,0,0.0,REFERENCE,This test uses the supplied/current ticker universe and is not a survivorship-bias-free historical index-constituent study.
2011-09-26,T1_30D,100000.0,0.0,100000.0,100000.0,0.0,0,0.0,REFERENCE,This test uses the supplied/current ticker universe and is not a survivorship-bias-free historical index-constituent study.
2011-09-27,T1_30D,100000.0,0.0,100000.0,100000.0,0.0,0,0.0,REFERENCE,This test uses the supplied/current ticker universe and is not a survivorship-bias-free historical index-constituent study.
2011-09-28,T1_30D,100000.0,0.0,100000.0,100000.0,0.0,0,0.0,REFERENCE,This test uses the supplied/current ticker universe and is not a survivorship-bias-free historical index-constituent study.
2011-09-29,T1_30D,100000.0,0.0,100000.0,100000.0,0.0,0,0.0,REFERENCE,This test uses the supplied/current ticker universe and is not a survivorship-bias-free historical index-constituent study.
2011-09-30,T1_30D,100000.0,0.0,100000.0,100000.0,0.0,0,0.0,REFERENCE,This test uses the supplied/current ticker universe and is not a survivorship-bias-free historical index-constituent study.
2011-10-03,T1_30D,100000.0,0.0,100000.0,100000.0,0.0,0,0.0,REFERENCE,This test uses the supplied/current ticker universe and is not a survivorship-bias-free historical index-constituent study.
2011-10-04,T1_30D,100000.0,0.0,100000.0,100000.0,0.0,0,0.0,REFERENCE,This test uses the supplied/current ticker universe and is not a survivorship-bias-free historical index-constituent study.
2011-10-05,T1_30D,100000.0,0.0,100000.0,100000.0,0.0,0,0.0,REFERENCE,This test uses the supplied/current ticker universe and is not a survivorship-bias-free historical index-constituent study.
2011-10-07,T1_30D,100000.0,0.0,100000.0,100000.0,0.0,0,0.0,REFERENCE,This test uses the supplied/current ticker universe and is not a survivorship-bias-free historical index-constituent study.
2011-10-10,T1_30D,100000.0,0.0,100000.0,100000.0,0.0,0,0.0,REFERENCE,This test uses the supplied/current ticker universe and is not a survivorship-bias-free historical index-constituent study.
2011-10-11,T1_30D,100000.0,0.0,100000.0,100000.0,0.0,0,0.0,REFERENCE,This test uses the supplied/current ticker universe and is not a survivorship-bias-free historical index-constituent study.
2011-10-12,T1_30D,100000.0,0.0,100000.0,100000.0,0.0,0,0.0,REFERENCE,This test uses the supplied/current ticker universe and is not a survivorship-bias-free historical index-constituent study.
2011-10-13,T1_30D,100000.0,0.0,100000.0,100000.0,0.0,0,0.0,REFERENCE,This test uses the supplied/current ticker universe and is not a survivorship-bias-free historical index-constituent study.
2011-10-14,T1_30D,100000.0,0.0,100000.0,100000.0,0.0,0,0.0,REFERENCE,This test uses the supplied/current ticker universe and is not a survivorship-bias-free historical index-constituent study.
2011-10-17,T1_30D,100000.0,0.0,100000.0,100000.0,0.0,0,0.0,REFERENCE,This test uses the supplied/current ticker universe and is not a survivorship-bias-free historical index-constituent study.
2011-10-18,T1_30D,100000.0,0.0,100000.0,100000.0,0.0,0,0.0,REFERENCE,This test uses the supplied/current ticker universe and is not a survivorship-bias-free historical index-constituent study.
2011-10-19,T1_30D,100000.0,0.0,100000.0,100000.0,0.0,0,0.0,REFERENCE,This test uses the supplied/current ticker universe and is not a survivorship-bias-free historical index-constituent study.
2011-10-20,T1_30D,100000.0,0.0,100000.0,100000.0,0.0,0,0.0,REFERENCE,This test uses the supplied/current ticker universe and is not a survivorship-bias-free historical index-constituent study.
2011-10-21,T1_30D,100000.0,0.0,100000.0,100000.0,0.0,0,0.0,REFERENCE,This test uses the supplied/current ticker universe and is not a survivorship-bias-free historical index-constituent study.
2011-10-24,T1_30D,100000.0,0.0,100000.0,100000.0,0.0,0,0.0,REFERENCE,This test uses the supplied/current ticker universe and is not a survivorship-bias-free historical index-constituent study.
2011-10-25,T1_30D,100000.0,0.0,100000.0,100000.0,0.0,0,0.0,REFERENCE,This test uses the supplied/current ticker universe and is not a survivorship-bias-free historical index-constituent study.
2011-10-28,T1_30D,100000.0,0.0,100000.0,100000.0,0.0,0,0.0,REFERENCE,This test uses the supplied/current ticker universe and is not a survivorship-bias-free historical index-constituent study.
2011-10-31,T1_30D,100000.0,0.0,100000.0,100000.0,0.0,0,0.0,REFERENCE,This test uses the supplied/current ticker universe and is not a survivorship-bias-free historical index-constituent study.
2011-11-01,T1_30D,100000.0,0.0,100000.0,100000.0,0.0,0,0.0,REFERENCE,This test uses the supplied/current ticker universe and is not a survivorship-bias-free historical index-constituent study.
2011-11-02,T1_30D,100000.0,0.0,100000.0,100000.0,0.0,0,0.0,REFERENCE,This test uses the supplied/current ticker universe and is not a survivorship-bias-free historical index-constituent study.
2011-11-03,T1_30D,100000.0,0.0,100000.0,100000.0,0.0,0,0.0,REFERENCE,This test uses the supplied/current ticker universe and is not a survivorship-bias-free historical index-constituent study.
2011-11-04,T1_30D,100000.0,0.0,100000.0,100000.0,0.0,0,0.0,REFERENCE,This test uses the supplied/current ticker universe and is not a survivorship-bias-free historical index-constituent study.
2011-11-08,T1_30D,100000.0,0.0,100000.0,100000.0,0.0,0,0.0,REFERENCE,This test uses the supplied/current ticker universe and is not a survivorship-bias-free historical index-constituent study.
2011-11-09,T1_30D,100000.0,0.0,100000.0,100000.0,0.0,0,0.0,REFERENCE,This test uses the supplied/current ticker universe and is not a survivorship-bias-free historical index-constituent study.
2011-11-11,T1_30D,100000.0,0.0,100000.0,100000.0,0.0,0,0.0,REFERENCE,This test uses the supplied/current ticker universe and is not a survivorship-bias-free historical index-constituent study.
2011-11-14,T1_30D,100000.0,0.0,100000.0,100000.0,0.0,0,0.0,REFERENCE,This test uses the supplied/current ticker universe and is not a survivorship-bias-free historical index-constituent study.
2011-11-15,T1_30D,100000.0,0.0,100000.0,100000.0,0.0,0,0.0,REFERENCE,This test uses the supplied/current ticker universe and is not a survivorship-bias-free historical index-constituent study.
2011-11-16,T1_30D,100000.0,0.0,100000.0,100000.0,0.0,0,0.0,REFERENCE,This test uses the supplied/current ticker universe and is not a survivorship-bias-free historical index-constituent study.
2011-11-17,T1_30D,100000.0,0.0,100000.0,100000.0,0.0,0,0.0,REFERENCE,This test uses the supplied/current ticker universe and is not a survivorship-bias-free historical index-constituent study.
2011-11-18,T1_30D,100000.0,0.0,100000.0,100000.0,0.0,0,0.0,REFERENCE,This test uses the supplied/current ticker universe and is not a survivorship-bias-free historical index-constituent study.
2011-11-21,T1_30D,100000.0,0.0,100000.0,100000.0,0.0,0,0.0,REFERENCE,This test uses the supplied/current ticker universe and is not a survivorship-bias-free historical index-constituent study.
2011-11-22,T1_30D,100000.0,0.0,100000.0,100000.0,0.0,0,0.0,REFERENCE,This test uses the supplied/current ticker universe and is not a survivorship-bias-free historical index-constituent study.
2011-11-23,T1_30D,100000.0,0.0,100000.0,100000.0,0.0,0,0.0,REFERENCE,This test uses the supplied/current ticker universe and is not a survivorship-bias-free historical index-constituent study.
2011-11-24,T1_30D,100000.0,0.0,100000.0,100000.0,0.0,0,0.0,REFERENCE,This test uses the supplied/current ticker universe and is not a survivorship-bias-free historical index-constituent study.
2011-11-25,T1_30D,100000.0,0.0,100000.0,100000.0,0.0,0,0.0,REFERENCE,This test uses the supplied/current ticker universe and is not a survivorship-bias-free historical index-constituent study.
2011-11-28,T1_30D,100000.0,0.0,100000.0,100000.0,0.0,0,0.0,REFERENCE,This test uses the supplied/current ticker universe and is not a survivorship-bias-free historical index-constituent study.
2011-11-29,T1_30D,100000.0,0.0,100000.0,100000.0,0.0,0,0.0,REFERENCE,This test uses the supplied/current ticker universe and is not a survivorship-bias-free historical index-constituent study.
2011-11-30,T1_30D,100000.0,0.0,100000.0,100000.0,0.0,0,0.0,REFERENCE,This test uses the supplied/current ticker universe and is not a survivorship-bias-free historical index-constituent study.
2011-12-01,T1_30D,100000.0,0.0,100000.0,100000.0,0.0,0,0.0,REFERENCE,This test uses the supplied/current ticker universe and is not a survivorship-bias-free historical index-constituent study.
2011-12-02,T1_30D,100000.0,0.0,100000.0,100000.0,0.0,0,0.0,REFERENCE,This test uses the supplied/current ticker universe and is not a survivorship-bias-free historical index-constituent study.
2011-12-05,T1_30D,100000.0,0.0,100000.0,100000.0,0.0,0,0.0,REFERENCE,This test uses the supplied/current ticker universe and is not a survivorship-bias-free historical index-constituent study.
2011-12-07,T1_30D,100000.0,0.0,100000.0,100000.0,0.0,0,0.0,REFERENCE,This test uses the supplied/current ticker universe and is not a survivorship-bias-free historical index-constituent study.
2011-12-08,T1_30D,100000.0,0.0,100000.0,100000.0,0.0,0,0.0,REFERENCE,This test uses the supplied/current ticker universe and is not a survivorship-bias-free historical index-constituent study.
2011-12-09,T1_30D,100000.0,0.0,100000.0,100000.0,0.0,0,0.0,REFERENCE,This test uses the supplied/current ticker universe and is not a survivorship-bias-free historical index-constituent study.
2011-12-12,T1_30D,100000.0,0.0,100000.0,100000.0,0.0,0,0.0,REFERENCE,This test uses the supplied/current ticker universe and is not a survivorship-bias-free historical index-constituent study.
2011-12-13,T1_30D,100000.0,0.0,100000.0,100000.0,0.0,0,0.0,REFERENCE,This test uses the supplied/current ticker universe and is not a survivorship-bias-free historical index-constituent study.
2011-12-14,T1_30D,100000.0,0.0,100000.0,100000.0,0.0,0,0.0,REFERENCE,This test uses the supplied/current ticker universe and is not a survivorship-bias-free historical index-constituent study.
2011-12-15,T1_30D,100000.0,0.0,100000.0,100000.0,0.0,0,0.0,REFERENCE,This test uses the supplied/current ticker universe and is not a survivorship-bias-free historical index-constituent study.
2011-12-16,T1_30D,100000.0,0.0,100000.0,100000.0,0.0,0,0.0,REFERENCE,This test uses the supplied/current ticker universe and is not a survivorship-bias-free historical index-constituent study.
2011-12-19,T1_30D,100000.0,0.0,100000.0,100000.0,0.0,0,0.0,REFERENCE,This test uses the supplied/current ticker universe and is not a survivorship-bias-free historical index-constituent study.
2011-12-20,T1_30D,100000.0,0.0,100000.0,100000.0,0.0,0,0.0,REFERENCE,This test uses the supplied/current ticker universe and is not a survivorship-bias-free historical index-constituent study.
2011-12-21,T1_30D,100000.0,0.0,100000.0,100000.0,0.0,0,0.0,REFERENCE,This test uses the supplied/current ticker universe and is not a survivorship-bias-free historical index-constituent study.
2011-12-22,T1_30D,100000.0,0.0,100000.0,100000.0,0.0,0,0.0,REFERENCE,This test uses the supplied/current ticker universe and is not a survivorship-bias-free historical index-constituent study.
2011-12-23,T1_30D,100000.0,0.0,100000.0,100000.0,0.0,0,0.0,REFERENCE,This test uses the supplied/current ticker universe and is not a survivorship-bias-free historical index-constituent study.
2011-12-26,T1_30D,100000.0,0.0,100000.0,100000.0,0.0,0,0.0,REFERENCE,This test uses the supplied/current ticker universe and is not a survivorship-bias-free historical index-constituent study.
2011-12-27,T1_30D,100000.0,0.0,100000.0,100000.0,0.0,0,0.0,REFERENCE,This test uses the supplied/current ticker universe and is not a survivorship-bias-free historical index-constituent study.
2011-12-28,T1_30D,100000.0,0.0,100000.0,100000.0,0.0,0,0.0,REFERENCE,This test uses the supplied/current ticker universe and is not a survivorship-bias-free historical index-constituent study.
2011-12-29,T1_30D,100000.0,0.0,100000.0,100000.0,0.0,0,0.0,REFERENCE,This test uses the supplied/current ticker universe and is not a survivorship-bias-free historical index-constituent study.
2011-12-30,T1_30D,100000.0,0.0,100000.0,100000.0,0.0,0,0.0,REFERENCE,This test uses the supplied/current ticker universe and is not a survivorship-bias-free historical index-constituent study.
2012-01-02,T1_30D,100000.0,0.0,100000.0,100000.0,0.0,0,0.0,REFERENCE,This test uses the supplied/current ticker universe and is not a survivorship-bias-free historical index-constituent study.
2012-01-03,T1_30D,100000.0,0.0,100000.0,100000.0,0.0,0,0.0,REFERENCE,This test uses the supplied/current ticker universe and is not a survivorship-bias-free historical index-constituent study.
2012-01-04,T1_30D,100000.0,0.0,100000.0,100000.0,0.0,0,0.0,REFERENCE,This test uses the supplied/current ticker universe and is not a survivorship-bias-free historical index-constituent study.
2012-01-05,T1_30D,100000.0,0.0,100000.0,100000.0,0.0,0,0.0,REFERENCE,This test uses the supplied/current ticker universe and is not a survivorship-bias-free historical index-constituent study.
2012-01-06,T1_30D,100000.0,0.0,100000.0,100000.0,0.0,0,0.0,REFERENCE,This test uses the supplied/current ticker universe and is not a survivorship-bias-free historical index-constituent study.
2012-01-09,T1_30D,100000.0,0.0,100000.0,100000.0,0.0,0,0.0,REFERENCE,This test uses the supplied/current ticker universe and is not a survivorship-bias-free historical index-constituent study.
2012-01-10,T1_30D,100000.0,0.0,100000.0,100000.0,0.0,0,0.0,REFERENCE,This test uses the supplied/current ticker universe and is not a survivorship-bias-free historical index-constituent study.
2012-01-11,T1_30D,100000.0,0.0,100000.0,100000.0,0.0,0,0.0,REFERENCE,This test uses the supplied/current ticker universe and is not a survivorship-bias-free historical index-constituent study.
2012-01-12,T1_30D,100000.0,0.0,100000.0,100000.0,0.0,0,0.0,REFERENCE,This test uses the supplied/current ticker universe and is not a survivorship-bias-free historical index-constituent study.
2012-01-13,T1_30D,100000.0,0.0,100000.0,100000.0,0.0,0,0.0,REFERENCE,This test uses the supplied/current ticker universe and is not a survivorship-bias-free historical index-constituent study.
2012-01-16,T1_30D,100000.0,0.0,100000.0,100000.0,0.0,0,0.0,REFERENCE,This test uses the supplied/current ticker universe and is not a survivorship-bias-free historical index-constituent study.
2012-01-17,T1_30D,100000.0,0.0,100000.0,100000.0,0.0,0,0.0,REFERENCE,This test uses the supplied/current ticker universe and is not a survivorship-bias-free historical index-constituent study.
2012-01-18,T1_30D,100000.0,0.0,100000.0,100000.0,0.0,0,0.0,REFERENCE,This test uses the supplied/current ticker universe and is not a survivorship-bias-free historical index-constituent study.
2012-01-19,T1_30D,100000.0,0.0,100000.0,100000.0,0.0,0,0.0,REFERENCE,This test uses the supplied/current ticker universe and is not a survivorship-bias-free historical index-constituent study.
2012-01-20,T1_30D,100000.0,0.0,100000.0,100000.0,0.0,0,0.0,REFERENCE,This test uses the supplied/current ticker universe and is not a survivorship-bias-free historical index-constituent study.
2012-01-23,T1_30D,100000.0,0.0,100000.0,100000.0,0.0,0,0.0,REFERENCE,This test uses the supplied/current ticker universe and is not a survivorship-bias-free historical index-constituent study.
2012-01-24,T1_30D,100000.0,0.0,100000.0,100000.0,0.0,0,0.0,REFERENCE,This test uses the supplied/current ticker universe and is not a survivorship-bias-free historical index-constituent study.
2012-01-25,T1_30D,100000.0,0.0,100000.0,100000.0,0.0,0,0.0,REFERENCE,This test uses the supplied/current ticker universe and is not a survivorship-bias-free historical index-constituent study.
2012-01-27,T1_30D,100000.0,0.0,100000.0,100000.0,0.0,0,0.0,REFERENCE,This test uses the supplied/current ticker universe and is not a survivorship-bias-free historical index-constituent study.
2012-01-30,T1_30D,100000.0,0.0,100000.0,100000.0,0.0,0,0.0,REFERENCE,This test uses the supplied/current ticker universe and is not a survivorship-bias-free historical index-constituent study.
2012-01-31,T1_30D,100000.0,0.0,100000.0,100000.0,0.0,0,0.0,REFERENCE,This test uses the supplied/current ticker universe and is not a survivorship-bias-free historical index-constituent study.
2012-02-01,T1_30D,100000.0,0.0,100000.0,100000.0,0.0,0,0.0,REFERENCE,This test uses the supplied/current ticker universe and is not a survivorship-bias-free historical index-constituent study.
2012-02-02,T1_30D,100000.0,0.0,100000.0,100000.0,0.0,0,0.0,REFERENCE,This test uses the supplied/current ticker universe and is not a survivorship-bias-free historical index-constituent study.
2012-02-03,T1_30D,100000.0,0.0,100000.0,100000.0,0.0,0,0.0,REFERENCE,This test uses the supplied/current ticker universe and is not a survivorship-bias-free historical index-constituent study.
2012-02-06,T1_30D,100000.0,0.0,100000.0,100000.0,0.0,0,0.0,REFERENCE,This test uses the supplied/current ticker universe and is not a survivorship-bias-free historical index-constituent study.
2012-02-07,T1_30D,100000.0,0.0,100000.0,100000.0,0.0,0,0.0,REFERENCE,This test uses the supplied/current ticker universe and is not a survivorship-bias-free historical index-constituent study.
2012-02-08,T1_30D,100000.0,0.0,100000.0,100000.0,0.0,0,0.0,REFERENCE,This test uses the supplied/current ticker universe and is not a survivorship-bias-free historical index-constituent study.
2012-02-09,T1_30D,100000.0,0.0,100000.0,100000.0,0.0,0,0.0,REFERENCE,This test uses the supplied/current ticker universe and is not a survivorship-bias-free historical index-constituent study.
2012-02-10,T1_30D,100000.0,0.0,100000.0,100000.0,0.0,0,0.0,REFERENCE,This test uses the supplied/current ticker universe and is not a survivorship-bias-free historical index-constituent study.
2012-02-13,T1_30D,100000.0,0.0,100000.0,100000.0,0.0,0,0.0,REFERENCE,This test uses the supplied/current ticker universe and is not a survivorship-bias-free historical index-constituent study.
2012-02-14,T1_30D,100000.0,0.0,100000.0,100000.0,0.0,0,0.0,REFERENCE,This test uses the supplied/current ticker universe and is not a survivorship-bias-free historical index-constituent study.
2012-02-15,T1_30D,100000.0,0.0,100000.0,100000.0,0.0,0,0.0,REFERENCE,This test uses the supplied/current ticker universe and is not a survivorship-bias-free historical index-constituent study.
2012-02-16,T1_30D,100000.0,0.0,100000.0,100000.0,0.0,0,0.0,REFERENCE,This test uses the supplied/current ticker universe and is not a survivorship-bias-free historical index-constituent study.
2012-02-17,T1_30D,100000.0,0.0,100000.0,100000.0,0.0,0,0.0,REFERENCE,This test uses the supplied/current ticker universe and is not a survivorship-bias-free historical index-constituent study.
2012-02-21,T1_30D,100000.0,0.0,100000.0,100000.0,0.0,0,0.0,REFERENCE,This test uses the supplied/current ticker universe and is not a survivorship-bias-free historical index-constituent study.
2012-02-22,T1_30D,100000.0,0.0,100000.0,100000.0,0.0,0,0.0,REFERENCE,This test uses the supplied/current ticker universe and is not a survivorship-bias-free historical index-constituent study.
2012-02-23,T1_30D,100000.0,0.0,100000.0,100000.0,0.0,0,0.0,REFERENCE,This test uses the supplied/current ticker universe and is not a survivorship-bias-free historical index-constituent study.
2012-02-24,T1_30D,100000.0,0.0,100000.0,100000.0,0.0,0,0.0,REFERENCE,This test uses the supplied/current ticker universe and is not a survivorship-bias-free historical index-constituent study.
2012-02-27,T1_30D,100000.0,0.0,100000.0,100000.0,0.0,0,0.0,REFERENCE,This test uses the supplied/current ticker universe and is not a survivorship-bias-free historical index-constituent study.
2012-02-28,T1_30D,81410.956889383,18371.54998779297,99782.50687717597,100000.0,-0.21749312282403066,1,-0.21749312282403066,REFERENCE,This test uses the supplied/current ticker universe and is not a survivorship-bias-free historical index-constituent study.
2012-02-29,T1_30D,81410.956889383,18900.51483154297,100311.47172092597,100311.47172092597,0.0,1,0.5301178135373119,REFERENCE,This test uses the supplied/current ticker universe and is not a survivorship-bias-free historical index-constituent study.
2012-03-01,T1_30D,81410.956889383,18572.64617919922,99983.60306858222,100311.47172092597,-0.32685060513906183,1,-0.32685060513906183,REFERENCE,This test uses the supplied/current ticker universe and is not a survivorship-bias-free historical index-constituent study.
2012-03-02,T1_30D,81410.956889383,18754.065551757812,100165.02244114081,100311.47172092597,-0.1459945480538738,1,0.18144912464712615,REFERENCE,This test uses the supplied/current ticker universe and is not a survivorship-bias-free historical index-constituent study.
2012-03-05,T1_30D,37090.637095393315,62852.45518493652,99943.09228032985,100311.47172092597,-0.36723560553570955,3,-0.22156452961549222,REFERENCE,This test uses the supplied/current ticker universe and is not a survivorship-bias-free historical index-constituent study.
2012-03-06,T1_30D,37090.637095393315,63121.751708984375,100212.3888043777,100311.47172092597,-0.0987752595475122,3,0.2694498618198704,REFERENCE,This test uses the supplied/current ticker universe and is not a survivorship-bias-free historical index-constituent study.
2012-03-07,T1_30D,37090.637095393315,63543.61376953125,100634.25086492457,100634.25086492457,0.0,3,0.42096797170496636,REFERENCE,This test uses the supplied/current ticker universe and is not a survivorship-bias-free historical index-constituent study.
2012-03-09,T1_30D,37090.637095393315,63267.87387084961,100358.51096624293,100634.25086492457,-0.27400203838328085,3,-0.27400203838328085,REFERENCE,This test uses the supplied/current ticker universe and is not a survivorship-bias-free historical index-constituent study.
2012-03-12,T1_30D,37090.637095393315,62858.41925048828,99949.0563458816,100634.25086492457,-0.6808760567638794,3,-0.40799192457036115,REFERENCE,This test uses the supplied/current ticker universe and is not a survivorship-bias-free historical index-constituent study.
2012-03-13,T1_30D,37090.637095393315,63037.76599121094,100128.40308660426,100634.25086492457,-0.5026596551101492,3,0.1794381530747069,REFERENCE,This test uses the supplied/current ticker universe and is not a survivorship-bias-free historical index-constituent study.
2012-03-14,T1_30D,58477.218862989415,41140.7891998291,99618.00806281852,100634.25086492457,-1.0098378965130772,2,-0.5097405012484568,REFERENCE,This test uses the supplied/current ticker universe and is not a survivorship-bias-free historical index-constituent study.
2012-03-15,T1_30D,58477.218862989415,41225.84898376465,99703.06784675407,100634.25086492457,-0.9253142048231355,2,0.08538595138531946,REFERENCE,This test uses the supplied/current ticker universe and is not a survivorship-bias-free historical index-constituent study.
2012-03-16,T1_30D,58477.218862989415,41141.365661621094,99618.58452461052,100634.25086492457,-1.0092650678915738,2,-0.08473492738799715,REFERENCE,This test uses the supplied/current ticker universe and is not a survivorship-bias-free historical index-constituent study.
2012-03-19,T1_30D,47479.60281810438,52066.470642089844,99546.07346019422,100634.25086492457,-1.0813191288033153,3,-0.07278869175096903,REFERENCE,This test uses the supplied/current ticker universe and is not a survivorship-bias-free historical index-constituent study.
2012-03-20,T1_30D,47479.60281810438,52245.26058959961,99724.86340770399,100634.25086492457,-0.9036560111538972,3,0.17960522328512862,REFERENCE,This test uses the supplied/current ticker universe and is not a survivorship-bias-free historical index-constituent study.
2012-03-21,T1_30D,47479.60281810438,52451.65058135986,99931.25339946424,100634.25086492457,-0.6985667994924727,3,0.2069594128361718,REFERENCE,This test uses the supplied/current ticker universe and is not a survivorship-bias-free historical index-constituent study.
2012-03-22,T1_30D,47479.60281810438,51661.11083984375,99140.71365794813,100634.25086492457,-1.4841241368022229,3,-0.791083584587915,REFERENCE,This test uses the supplied/current ticker universe and is not a survivorship-bias-free historical index-constituent study.
2012-03-23,T1_30D,47479.60281810438,52320.2762298584,99799.87904796278,100634.25086492457,-0.8291131595759782,3,0.6648786010244878,REFERENCE,This test uses the supplied/current ticker universe and is not a survivorship-bias-free historical index-constituent study.
2012-03-26,T1_30D,17435.26019372418,81932.67910766602,99367.9393013902,100634.25086492457,-1.2583305908781206,5,-0.43280588182376123,REFERENCE,This test uses the supplied/current ticker universe and is not a survivorship-bias-free historical index-constituent study.
2012-03-27,T1_30D,17435.26019372418,82212.06993103027,99647.33012475446,100634.25086492457,-0.9807006378919625,5,0.28116797563533247,REFERENCE,This test uses the supplied/current ticker universe and is not a survivorship-bias-free historical index-constituent study.
2012-03-28,T1_30D,17435.26019372418,82204.95975494385,99640.21994866803,100634.25086492457,-0.9877660018464018,5,-0.007135340282093949,REFERENCE,This test uses the supplied/current ticker universe and is not a survivorship-bias-free historical index-constituent study.
2012-03-29,T1_30D,32872.266202237835,66150.64349365234,99022.90969589018,100634.25086492457,-1.6011856352935006,4,-0.6195392313424031,REFERENCE,This test uses the supplied/current ticker universe and is not a survivorship-bias-free historical index-constituent study.
2012-03-30,T1_30D,32872.266202237835,67468.55696105957,100340.8231632974,100634.25086492457,-0.291578363335776,4,1.3309177355570245,REFERENCE,This test uses the supplied/current ticker universe and is not a survivorship-bias-free historical index-constituent study.
2012-04-02,T1_30D,32872.266202237835,67351.76071166992,100224.02691390776,100634.25086492457,-0.40763850030287596,4,-0.11639953281983306,REFERENCE,This test uses the supplied/current ticker universe and is not a survivorship-bias-free historical index-constituent study.
2012-04-03,T1_30D,32872.266202237835,67262.74040222168,100135.00660445952,100634.25086492457,-0.4960977561557667,4,-0.0888213257732251,REFERENCE,This test uses the supplied/current ticker universe and is not a survivorship-bias-free historical index-constituent study.
2012-04-04,T1_30D,32872.266202237835,67167.64646148682,100039.91266372465,100634.25086492457,-0.5905923640229238,4,-0.09496573072640402,REFERENCE,This test uses the supplied/current ticker universe and is not a survivorship-bias-free historical index-constituent study.
2012-04-09,T1_30D,32872.266202237835,66225.54989624023,99097.81609847807,100634.25086492457,-1.5267513329122573,4,-0.9417206994305927,REFERENCE,This test uses the supplied/current ticker universe and is not a survivorship-bias-free historical index-constituent study.
2012-04-10,T1_30D,32872.266202237835,66289.78966522217,99162.05586746,100634.25086492457,-1.4629164373078152,4,0.06482460614278818,REFERENCE,This test uses the supplied/current ticker universe and is not a survivorship-bias-free historical index-constituent study.
2012-04-11,T1_30D,32872.266202237835,66556.65040588379,99428.91660812162,100634.25086492457,-1.1977375957424208,4,0.26911578055450747,REFERENCE,This test uses the supplied/current ticker universe and is not a survivorship-bias-free historical index-constituent study.
2012-04-12,T1_30D,52048.672023170686,47318.0842590332,99366.75628220389,100634.25086492457,-1.259506154044876,3,-0.06251735213280707,REFERENCE,This test uses the supplied/current ticker universe and is not a survivorship-bias-free historical index-constituent study.
2012-04-13,T1_30D,83824.23712096133,14029.5380859375,97853.77520689883,100634.25086492457,-2.7629516135195376,1,-1.5226229897332577,REFERENCE,This test uses the supplied/current ticker universe and is not a survivorship-bias-free historical index-constituent study.
2012-04-16,T1_30D,83824.23712096133,14236.892578125,98061.12969908633,100634.25086492457,-2.5569039802283533,1,0.21190239390260768,REFERENCE,This test uses the supplied/current ticker universe and is not a survivorship-bias-free historical index-constituent study.
2012-04-17,T1_30D,73229.64066515889,24962.092514038086,98191.73317919698,100634.25086492457,-2.427123633091921,2,0.13318577963705724,REFERENCE,This test uses the supplied/current ticker universe and is not a survivorship-bias-free historical index-constituent study.
2012-04-18,T1_30D,73229.64066515889,25278.79655456543,98508.43721972432,100634.25086492457,-2.1124156307911535,2,0.3225363584828056,REFERENCE,This test uses the supplied/current ticker universe and is not a survivorship-bias-free historical index-constituent study.
2012-04-19,T1_30D,73229.64066515889,25550.725051879883,98780.36571703877,100634.25086492457,-1.8422009722854238,2,0.2760458951428735,REFERENCE,This test uses the supplied/current ticker universe and is not a survivorship-bias-free historical index-constituent study.
2012-04-20,T1_30D,73229.64066515889,25597.323959350586,98826.96462450948,100634.25086492457,-1.795895756049204,2,0.04717426092972765,REFERENCE,This test uses the supplied/current ticker universe and is not a survivorship-bias-free historical index-constituent study.
2012-04-23,T1_30D,73229.64066515889,25321.065826416016,98550.7064915749,100634.25086492457,-2.070412762496021,2,-0.27953720321595155,REFERENCE,This test uses the supplied/current ticker universe and is not a survivorship-bias-free historical index-constituent study.
2012-04-24,T1_30D,73229.64066515889,25265.893997192383,98495.53466235127,100634.25086492457,-2.1252368693477686,2,-0.055983189961550384,REFERENCE,This test uses the supplied/current ticker universe and is not a survivorship-bias-free historical index-constituent study.
2012-04-25,T1_30D,73229.64066515889,25139.070892333984,98368.71155749288,100634.25086492457,-2.251260667178412,2,-0.12876025831338733,REFERENCE,This test uses the supplied/current ticker universe and is not a survivorship-bias-free historical index-constituent study.
2012-04-26,T1_30D,73229.64066515889,25116.961471557617,98346.60213671651,100634.25086492457,-2.2732307425616383,2,-0.022476070313726115,REFERENCE,This test uses the supplied/current ticker universe and is not a survivorship-bias-free historical index-constituent study.
2012-04-27,T1_30D,73229.64066515889,25387.246139526367,98616.88680468526,100634.25086492457,-2.004649553110005,2,0.27482867948300793,REFERENCE,This test uses the supplied/current ticker universe and is not a survivorship-bias-free historical index-constituent study.
2012-04-30,T1_30D,73229.64066515889,25173.976593017574,98403.61725817647,100634.25086492457,-2.2165749608869745,2,-0.21626067646119962,REFERENCE,This test uses the supplied/current ticker universe and is not a survivorship-bias-free historical index-constituent study.
2012-05-02,T1_30D,73229.64066515889,25237.331329345703,98466.9719945046,100634.25086492457,-2.153619519987271,2,0.06438252789213728,REFERENCE,This test uses the supplied/current ticker universe and is not a survivorship-bias-free historical index-constituent study.
2012-05-03,T1_30D,73229.64066515889,24916.828567504883,98146.46923266377,100634.25086492457,-2.4721023020283672,2,-0.32549265540399164,REFERENCE,This test uses the supplied/current ticker universe and is not a survivorship-bias-free historical index-constituent study.
2012-05-04,T1_30D,73229.64066515889,24578.33871459961,97807.9793797585,100634.25086492457,-2.8084588108670983,2,-0.34488235343734797,REFERENCE,This test uses the supplied/current ticker universe and is not a survivorship-bias-free historical index-constituent study.
2012-05-07,T1_30D,73229.64066515889,25242.836868286133,98472.47753344502,100634.25086492457,-2.1481486798974325,2,0.6793905342901363,REFERENCE,This test uses the supplied/current ticker universe and is not a survivorship-bias-free historical index-constituent study.
2012-05-08,T1_30D,73229.64066515889,25027.254623413086,98256.89528857198,100634.25086492457,-2.3623722101768108,2,-0.2189263947378839,REFERENCE,This test uses the supplied/current ticker universe and is not a survivorship-bias-free historical index-constituent study.
2012-05-09,T1_30D,87017.34115215462,11148.01515197754,98165.35630413216,100634.25086492457,-2.453334266984575,1,-0.09316291154017886,REFERENCE,This test uses the supplied/current ticker universe and is not a survivorship-bias-free historical index-constituent study.
2012-05-10,T1_30D,87017.34115215462,11209.568710327148,98226.90986248177,100634.25086492457,-2.392168652076554,1,0.06270395246048555,REFERENCE,This test uses the supplied/current ticker universe and is not a survivorship-bias-free historical index-constituent study.
2012-05-11,T1_30D,87017.34115215462,11166.253326416014,98183.59447857064,100634.25086492457,-2.4352110392745985,1,-0.044097268224940755,REFERENCE,This test uses the supplied/current ticker universe and is not a survivorship-bias-free historical index-constituent study.
2012-05-14,T1_30D,87017.34115215462,11220.968597412108,98238.30974956673,100634.25086492457,-2.380840613176294,1,0.055727508538128134,REFERENCE,This test uses the supplied/current ticker universe and is not a survivorship-bias-free historical index-constituent study.
2012-05-15,T1_30D,87017.34115215462,11106.981689453125,98124.32284160775,100634.25086492457,-2.4941091146847727,1,-0.11603101503839808,REFERENCE,This test uses the supplied/current ticker universe and is not a survivorship-bias-free historical index-constituent study.
2012-05-16,T1_30D,87017.34115215462,10655.587432861324,97672.92858501595,100634.25086492457,-2.9426584432803438,1,-0.4600227991590211,REFERENCE,This test uses the supplied/current ticker universe and is not a survivorship-bias-free historical index-constituent study.
2012-05-17,T1_30D,87017.34115215462,10484.606323242188,97501.94747539681,100634.25086492457,-3.112561938511438,1,-0.17505475887344968,REFERENCE,This test uses the supplied/current ticker universe and is not a survivorship-bias-free historical index-constituent study.
2012-05-18,T1_30D,87017.34115215462,10441.291687011719,97458.63283916634,100634.25086492457,-3.1556035827411066,1,-0.044424380591367996,REFERENCE,This test uses the supplied/current ticker universe and is not a survivorship-bias-free historical index-constituent study.
2012-05-21,T1_30D,87017.34115215462,10507.403106689453,97524.74425884408,100634.25086492457,-3.0899088325844537,1,0.06783536537684487,REFERENCE,This test uses the supplied/current ticker universe and is not a survivorship-bias-free historical index-constituent study.
2012-05-22,T1_30D,87017.34115215462,10541.601272583008,97558.94242473763,100634.25086492457,-3.055926201820436,1,0.03506614260149199,REFERENCE,This test uses the supplied/current ticker universe and is not a survivorship-bias-free historical index-constituent study.
2012-05-23,T1_30D,87017.34115215462,10211.03370666504,97228.37485881966,100634.25086492457,-3.3844103541610493,1,-0.3388388165164735,REFERENCE,This test uses the supplied/current ticker universe and is not a survivorship-bias-free historical index-constituent study.
2012-05-24,T1_30D,87017.34115215462,10313.624465942383,97330.965618097,100634.25086492457,-3.2824661767109187,1,0.10551524637361087,REFERENCE,This test uses the supplied/current ticker universe and is not a survivorship-bias-free historical index-constituent study.
2012-05-25,T1_30D,87017.34115215462,10192.797027587892,97210.13817974251,100634.25086492457,-3.402532095934263,1,-0.12414079896072572,REFERENCE,This test uses the supplied/current ticker universe and is not a survivorship-bias-free historical index-constituent study.
2012-05-28,T1_30D,87017.34115215462,10673.827102661133,97691.16825481576,100634.25086492457,-2.924533729633605,1,0.4948352960715052,REFERENCE,This test uses the supplied/current ticker universe and is not a survivorship-bias-free historical index-constituent study.
2012-05-29,T1_30D,97587.11999281566,0.0,97587.11999281566,100634.25086492457,-3.027926223844901,0,-0.10650733721261352,REFERENCE,This test uses the supplied/current ticker universe and is not a survivorship-bias-free historical index-constituent study.
2012-05-30,T1_30D,97587.11999281566,0.0,97587.11999281566,100634.25086492457,-3.027926223844901,0,0.0,REFERENCE,This test uses the supplied/current ticker universe and is not a survivorship-bias-free historical index-constituent study.
2012-05-31,T1_30D,97587.11999281566,0.0,97587.11999281566,100634.25086492457,-3.027926223844901,0,0.0,REFERENCE,This test uses the supplied/current ticker universe and is not a survivorship-bias-free historical index-constituent study.
2012-06-01,T1_30D,97587.11999281566,0.0,97587.11999281566,100634.25086492457,-3.027926223844901,0,0.0,REFERENCE,This test uses the supplied/current ticker universe and is not a survivorship-bias-free historical index-constituent study.
2012-06-04,T1_30D,97587.11999281566,0.0,97587.11999281566,100634.25086492457,-3.027926223844901,0,0.0,REFERENCE,This test uses the supplied/current ticker universe and is not a survivorship-bias-free historical index-constituent study.
2012-06-05,T1_30D,97587.11999281566,0.0,97587.11999281566,100634.25086492457,-3.027926223844901,0,0.0,REFERENCE,This test uses the supplied/current ticker universe and is not a survivorship-bias-free historical index-constituent study.
2012-06-06,T1_30D,97587.11999281566,0.0,97587.11999281566,100634.25086492457,-3.027926223844901,0,0.0,REFERENCE,This test uses the supplied/current ticker universe and is not a survivorship-bias-free historical index-constituent study.
2012-06-07,T1_30D,97587.11999281566,0.0,97587.11999281566,100634.25086492457,-3.027926223844901,0,0.0,REFERENCE,This test uses the supplied/current ticker universe and is not a survivorship-bias-free historical index-constituent study.
2012-06-08,T1_30D,97587.11999281566,0.0,97587.11999281566,100634.25086492457,-3.027926223844901,0,0.0,REFERENCE,This test uses the supplied/current ticker universe and is not a survivorship-bias-free historical index-constituent study.
2012-06-11,T1_30D,97587.11999281566,0.0,97587.11999281566,100634.25086492457,-3.027926223844901,0,0.0,REFERENCE,This test uses the supplied/current ticker universe and is not a survivorship-bias-free historical index-constituent study.
2012-06-12,T1_30D,97587.11999281566,0.0,97587.11999281566,100634.25086492457,-3.027926223844901,0,0.0,REFERENCE,This test uses the supplied/current ticker universe and is not a survivorship-bias-free historical index-constituent study.
2012-06-13,T1_30D,97587.11999281566,0.0,97587.11999281566,100634.25086492457,-3.027926223844901,0,0.0,REFERENCE,This test uses the supplied/current ticker universe and is not a survivorship-bias-free historical index-constituent study.
2012-06-14,T1_30D,90028.24038796316,7463.283813476562,97491.52420143972,100634.25086492457,-3.1229195194220183,1,-0.09795943499815163,REFERENCE,This test uses the supplied/current ticker universe and is not a survivorship-bias-free historical index-constituent study.
2012-06-15,T1_30D,90028.24038796316,7609.7401123046875,97637.98050026785,100634.25086492457,-2.977386266509241,1,0.15022464776066613,REFERENCE,This test uses the supplied/current ticker universe and is not a survivorship-bias-free historical index-constituent study.
2012-06-18,T1_30D,90028.24038796316,7558.946350097656,97587.18673806082,100634.25086492457,-3.027859899263974,1,-0.05202254486090796,REFERENCE,This test uses the supplied/current ticker universe and is not a survivorship-bias-free historical index-constituent study.
2012-06-19,T1_30D,90028.24038796316,7605.507019042969,97633.74740700613,100634.25086492457,-2.981592680553502,1,0.047711867204758285,REFERENCE,This test uses the supplied/current ticker universe and is not a survivorship-bias-free historical index-constituent study.
2012-06-20,T1_30D,90028.24038796316,7713.8681640625,97742.10855202566,100634.25086492457,-2.873914485417961,1,0.11098738694090837,REFERENCE,This test uses the supplied/current ticker universe and is not a survivorship-bias-free historical index-constituent study.
2012-06-21,T1_30D,90028.24038796316,7790.903747558594,97819.14413552175,100634.25086492457,-2.7973644213652116,1,0.0788151438896767,REFERENCE,This test uses the supplied/current ticker universe and is not a survivorship-bias-free historical index-constituent study.
2012-06-22,T1_30D,90028.24038796316,7793.442932128906,97821.68332009207,100634.25086492457,-2.794841240093937,1,0.0025957951204302887,REFERENCE,This test uses the supplied/current ticker universe and is not a survivorship-bias-free historical index-constituent study.
2012-06-25,T1_30D,90028.24038796316,7789.211853027344,97817.4522409905,100634.25086492457,-2.7990456526723606,1,-0.004325297784657511,REFERENCE,This test uses the supplied/current ticker universe and is not a survivorship-bias-free historical index-constituent study.
2012-06-26,T1_30D,90028.24038796316,7630.902893066406,97659.14328102957,100634.25086492457,-2.95635686490906,1,-0.16184122192317574,REFERENCE,This test uses the supplied/current ticker universe and is not a survivorship-bias-free historical index-constituent study.
2012-06-27,T1_30D,90028.24038796316,7660.5345458984375,97688.7749338616,100634.25086492457,-2.9269119665992327,1,0.030341913554132738,REFERENCE,This test uses the supplied/current ticker universe and is not a survivorship-bias-free historical index-constituent study.
2012-06-28,T1_30D,90028.24038796316,7646.9886474609375,97675.2290354241,100634.25086492457,-2.940372491540877,1,-0.013866381727756227,REFERENCE,This test uses the supplied/current ticker universe and is not a survivorship-bias-free historical index-constituent study.
2012-06-29,T1_30D,90028.24038796316,7695.2425537109375,97723.4829416741,100634.25086492457,-2.892422707212705,1,0.04940239887485376,REFERENCE,This test uses the supplied/current ticker universe and is not a survivorship-bias-free historical index-constituent study.
2012-07-02,T1_30D,90028.24038796316,7561.484191894531,97589.72457985769,100634.25086492457,-3.0253380523032503,1,-0.13687432927071974,REFERENCE,This test uses the supplied/current ticker universe and is not a survivorship-bias-free historical index-constituent study.
2012-07-03,T1_30D,90028.24038796316,7472.595947265625,97500.83633522879,100634.25086492457,-3.1136660756799217,1,-0.09108361050468305,REFERENCE,This test uses the supplied/current ticker universe and is not a survivorship-bias-free historical index-constituent study.
2012-07-04,T1_30D,90028.24038796316,7482.848693847656,97511.08908181082,100634.25086492457,-3.103477947389688,1,0.01051554731978932,REFERENCE,This test uses the supplied/current ticker universe and is not a survivorship-bias-free historical index-constituent study.
2012-07-05,T1_30D,90028.24038796316,7532.401062011719,97560.64144997488,100634.25086492457,-3.0542378847488227,1,0.05081716205885822,REFERENCE,This test uses the supplied/current ticker universe and is not a survivorship-bias-free historical index-constituent study.
2012-07-06,T1_30D,90028.24038796316,7621.2449951171875,97649.48538308035,100634.25086492457,-2.9659538936206764,1,0.09106534334444305,REFERENCE,This test uses the supplied/current ticker universe and is not a survivorship-bias-free historical index-constituent study.
2012-07-09,T1_30D,90028.24038796316,7585.36474609375,97613.60513405691,100634.25086492457,-3.0016080061271544,1,-0.03674392023950146,REFERENCE,This test uses the supplied/current ticker universe and is not a survivorship-bias-free historical index-constituent study.
2012-07-10,T1_30D,90028.24038796316,7627.225036621094,97655.46542458425,100634.25086492457,-2.960011541536256,1,0.04288366408540245,REFERENCE,This test uses the supplied/current ticker universe and is not a survivorship-bias-free historical index-constituent study.
2012-07-11,T1_30D,90028.24038796316,7541.795104980469,97570.03549294363,100634.25086492457,-3.0449030480624972,1,-0.08748095282654633,REFERENCE,This test uses the supplied/current ticker universe and is not a survivorship-bias-free historical index-constituent study.
2012-07-12,T1_30D,90028.24038796316,7568.279296875,97596.51968483816,100634.25086492457,-3.0185857737081823,1,0.027143776017624077,REFERENCE,This test uses the supplied/current ticker universe and is not a survivorship-bias-free historical index-constituent study.
2012-07-13,T1_30D,90028.24038796316,7536.67041015625,97564.91079811941,100634.25086492457,-3.049995444319409,1,-0.03238730932293432,REFERENCE,This test uses the supplied/current ticker universe and is not a survivorship-bias-free historical index-constituent study.
2012-07-16,T1_30D,90028.24038796316,7537.523742675781,97565.76413063894,100634.25086492457,-3.0491474899577486,1,0.0008746305536933008,REFERENCE,This test uses the supplied/current ticker universe and is not a survivorship-bias-free historical index-constituent study.
2012-07-17,T1_30D,90028.24038796316,7588.783447265625,97617.02383522879,100634.25086492457,-2.9982108514382766,1,0.052538618486308586,REFERENCE,This test uses the supplied/current ticker universe and is not a survivorship-bias-free historical index-constituent study.
2012-07-18,T1_30D,90028.24038796316,7625.5177001953125,97653.75808815847,100634.25086492457,-2.961708117414852,1,0.03763099046298901,REFERENCE,This test uses the supplied/current ticker universe and is not a survivorship-bias-free historical index-constituent study.
2012-07-19,T1_30D,90028.24038796316,7631.497741699219,97659.73812966238,100634.25086492457,-2.9557657653304426,1,0.006123718760009389,REFERENCE,This test uses the supplied/current ticker universe and is not a survivorship-bias-free historical index-constituent study.
2012-07-20,T1_30D,90028.24038796316,7621.2449951171875,97649.48538308035,100634.25086492457,-2.9659538936206764,1,-0.01049843751210755,REFERENCE,This test uses the supplied/current ticker universe and is not a survivorship-bias-free historical index-constituent study.
2012-07-23,T1_30D,90028.24038796316,7568.279296875,97596.51968483816,100634.25086492457,-3.0185857737081823,1,-0.054240632231083996,REFERENCE,This test uses the supplied/current ticker universe and is not a survivorship-bias-free historical index-constituent study.
2012-07-24,T1_30D,71447.21288694807,26628.71881103516,98075.93169798322,100634.25086492457,-2.5421952714441476,2,0.4912183494792499,REFERENCE,This test uses the supplied/current ticker universe and is not a survivorship-bias-free historical index-constituent study.
2012-07-25,T1_30D,79374.90912378523,18316.91961669922,97691.82874048445,100634.25086492457,-2.923877406698805,1,-0.39163834678787035,REFERENCE,This test uses the supplied/current ticker universe and is not a survivorship-bias-free historical index-constituent study.
2012-07-26,T1_30D,79374.90912378523,17993.402404785156,97368.31152857038,100634.25086492457,-3.245355640136749,1,-0.331160974346667,REFERENCE,This test uses the supplied/current ticker universe and is not a survivorship-bias-free historical index-constituent study.
2012-07-27,T1_30D,97211.16188491083,0.0,97211.16188491083,100634.25086492457,-3.401514842703357,0,-0.16139711287223024,REFERENCE,This test uses the supplied/current ticker universe and is not a survivorship-bias-free historical index-constituent study.
2012-07-30,T1_30D,97211.16188491083,0.0,97211.16188491083,100634.25086492457,-3.401514842703357,0,0.0,REFERENCE,This test uses the supplied/current ticker universe and is not a survivorship-bias-free historical index-constituent study.
2012-07-31,T1_30D,97211.16188491083,0.0,97211.16188491083,100634.25086492457,-3.401514842703357,0,0.0,REFERENCE,This test uses the supplied/current ticker universe and is not a survivorship-bias-free historical index-constituent study.
2012-08-01,T1_30D,97211.16188491083,0.0,97211.16188491083,100634.25086492457,-3.401514842703357,0,0.0,REFERENCE,This test uses the supplied/current ticker universe and is not a survivorship-bias-free historical index-constituent study.
2012-08-02,T1_30D,97211.16188491083,0.0,97211.16188491083,100634.25086492457,-3.401514842703357,0,0.0,REFERENCE,This test uses the supplied/current ticker universe and is not a survivorship-bias-free historical index-constituent study.
2012-08-03,T1_30D,97211.16188491083,0.0,97211.16188491083,100634.25086492457,-3.401514842703357,0,0.0,REFERENCE,This test uses the supplied/current ticker universe and is not a survivorship-bias-free historical index-constituent study.
2012-08-06,T1_30D,97211.16188491083,0.0,97211.16188491083,100634.25086492457,-3.401514842703357,0,0.0,REFERENCE,This test uses the supplied/current ticker universe and is not a survivorship-bias-free historical index-constituent study.
2012-08-07,T1_30D,97211.16188491083,0.0,97211.16188491083,100634.25086492457,-3.401514842703357,0,0.0,REFERENCE,This test uses the supplied/current ticker universe and is not a survivorship-bias-free historical index-constituent study.
2012-08-08,T1_30D,97211.16188491083,0.0,97211.16188491083,100634.25086492457,-3.401514842703357,0,0.0,REFERENCE,This test uses the supplied/current ticker universe and is not a survivorship-bias-free historical index-constituent study.
2012-08-09,T1_30D,97211.16188491083,0.0,97211.16188491083,100634.25086492457,-3.401514842703357,0,0.0,REFERENCE,This test uses the supplied/current ticker universe and is not a survivorship-bias-free historical index-constituent study.
2012-08-10,T1_30D,97211.16188491083,0.0,97211.16188491083,100634.25086492457,-3.401514842703357,0,0.0,REFERENCE,This test uses the supplied/current ticker universe and is not a survivorship-bias-free historical index-constituent study.
2012-08-13,T1_30D,97211.16188491083,0.0,97211.16188491083,100634.25086492457,-3.401514842703357,0,0.0,REFERENCE,This test uses the supplied/current ticker universe and is not a survivorship-bias-free historical index-constituent study.
2012-08-14,T1_30D,97211.16188491083,0.0,97211.16188491083,100634.25086492457,-3.401514842703357,0,0.0,REFERENCE,This test uses the supplied/current ticker universe and is not a survivorship-bias-free historical index-constituent study.
2012-08-16,T1_30D,97211.16188491083,0.0,97211.16188491083,100634.25086492457,-3.401514842703357,0,0.0,REFERENCE,This test uses the supplied/current ticker universe and is not a survivorship-bias-free historical index-constituent study.
2012-08-17,T1_30D,97211.16188491083,0.0,97211.16188491083,100634.25086492457,-3.401514842703357,0,0.0,REFERENCE,This test uses the supplied/current ticker universe and is not a survivorship-bias-free historical index-constituent study.
2012-08-21,T1_30D,97211.16188491083,0.0,97211.16188491083,100634.25086492457,-3.401514842703357,0,0.0,REFERENCE,This test uses the supplied/current ticker universe and is not a survivorship-bias-free historical index-constituent study.
2012-08-22,T1_30D,97211.16188491083,0.0,97211.16188491083,100634.25086492457,-3.401514842703357,0,0.0,REFERENCE,This test uses the supplied/current ticker universe and is not a survivorship-bias-free historical index-constituent study.
2012-08-23,T1_30D,97211.16188491083,0.0,97211.16188491083,100634.25086492457,-3.401514842703357,0,0.0,REFERENCE,This test uses the supplied/current ticker universe and is not a survivorship-bias-free historical index-constituent study.
2012-08-24,T1_30D,76724.40248033883,20651.99462890625,97376.39710924508,100634.25086492457,-3.237321019115369,1,0.16997556775411038,REFERENCE,This test uses the supplied/current ticker universe and is not a survivorship-bias-free historical index-constituent study.
2012-08-27,T1_30D,76724.40248033883,20300.233154296875,97024.6356346357,100634.25086492457,-3.5868655048009845,1,-0.3612389501479907,REFERENCE,This test uses the supplied/current ticker universe and is not a survivorship-bias-free historical index-constituent study.
2012-08-28,T1_30D,96462.09797170083,0.0,96462.09797170083,100634.25086492457,-4.145857754556925,0,-0.5797884828480204,REFERENCE,This test uses the supplied/current ticker universe and is not a survivorship-bias-free historical index-constituent study.
2012-08-29,T1_30D,96462.09797170083,0.0,96462.09797170083,100634.25086492457,-4.145857754556925,0,0.0,REFERENCE,This test uses the supplied/current ticker universe and is not a survivorship-bias-free historical index-constituent study.
2012-08-30,T1_30D,96462.09797170083,0.0,96462.09797170083,100634.25086492457,-4.145857754556925,0,0.0,REFERENCE,This test uses the supplied/current ticker universe and is not a survivorship-bias-free historical index-constituent study.
2012-08-31,T1_30D,82505.76014630361,13821.04206085205,96326.80220715566,100634.25086492457,-4.280300812842086,1,-0.14025795352787807,REFERENCE,This test uses the supplied/current ticker universe and is not a survivorship-bias-free historical index-constituent study.
2012-09-03,T1_30D,82505.76014630361,13818.458557128904,96324.21870343252,100634.25086492457,-4.282868033943188,1,-0.002682019608191144,REFERENCE,This test uses the supplied/current ticker universe and is not a survivorship-bias-free historical index-constituent study.
2012-09-04,T1_30D,82505.76014630361,13761.659622192383,96267.419768496,100634.25086492457,-4.3393089916174965,1,-0.05896641125260338,REFERENCE,This test uses the supplied/current ticker universe and is not a survivorship-bias-free historical index-constituent study.
2012-09-05,T1_30D,82505.76014630361,13826.204299926758,96331.96444623037,100634.25086492457,-4.275171108958631,1,0.06704727091428886,REFERENCE,This test uses the supplied/current ticker universe and is not a survivorship-bias-free historical index-constituent study.
2012-09-06,T1_30D,58596.70816891764,37608.10527801514,96204.81344693278,100634.25086492457,-4.401520734662368,2,-0.1319925323110871,REFERENCE,This test uses the supplied/current ticker universe and is not a survivorship-bias-free historical index-constituent study.
2012-09-07,T1_30D,58596.70816891764,37876.44892883301,96473.15709775065,100634.25086492457,-4.134868329033536,2,0.2789295474970199,REFERENCE,This test uses the supplied/current ticker universe and is not a survivorship-bias-free historical index-constituent study.
2012-09-10,T1_30D,58596.70816891764,38058.902671813965,96655.6108407316,100634.25086492457,-3.9535645071112624,2,0.18912384384404124,REFERENCE,This test uses the supplied/current ticker universe and is not a survivorship-bias-free historical index-constituent study.
2012-09-11,T1_30D,58596.70816891764,38066.852867126465,96663.5610360441,100634.25086492457,-3.9456644181811273,2,0.008225280708851201,REFERENCE,This test uses the supplied/current ticker universe and is not a survivorship-bias-free historical index-constituent study.
2012-09-12,T1_30D,58596.70816891764,38187.625495910645,96784.33366482829,100634.25086492457,-3.825652963088888,2,0.12494121620363341,REFERENCE,This test uses the supplied/current ticker universe and is not a survivorship-bias-free historical index-constituent study.
2012-09-13,T1_30D,58596.70816891764,37976.56247711182,96573.27064602946,100634.25086492457,-4.035385749873499,2,-0.21807560253476188,REFERENCE,This test uses the supplied/current ticker universe and is not a survivorship-bias-free historical index-constituent study.
2012-09-14,T1_30D,58596.70816891764,38586.92816925049,97183.63633816813,100634.25086492457,-3.42886690873071,2,0.6320234243446521,REFERENCE,This test uses the supplied/current ticker universe and is not a survivorship-bias-free historical index-constituent study.
2012-09-17,T1_30D,76669.2101063899,20327.715454101562,96996.92556049147,100634.25086492457,-3.6144009352395035,1,-0.19212162120274545,REFERENCE,This test uses the supplied/current ticker universe and is not a survivorship-bias-free historical index-constituent study.
2012-09-18,T1_30D,76669.2101063899,20055.540161132812,96724.75026752272,100634.25086492457,-3.8848608339613455,1,-0.28060197928542197,REFERENCE,This test uses the supplied/current ticker universe and is not a survivorship-bias-free historical index-constituent study.
2012-09-20,T1_30D,76669.2101063899,19843.85009765625,96513.06020404615,100634.25086492457,-4.0952167134528095,1,-0.21885821663127913,REFERENCE,This test uses the supplied/current ticker universe and is not a survivorship-bias-free historical index-constituent study.
2012-09-21,T1_30D,76669.2101063899,19865.842895507812,96535.05300189772,100634.25086492457,-4.073362525974355,1,0.022787380075883767,REFERENCE,This test uses the supplied/current ticker universe and is not a survivorship-bias-free historical index-constituent study.
2012-09-24,T1_30D,96223.2733677979,0.0,96223.2733677979,100634.25086492457,-4.383177158090312,0,-0.3229703868227962,REFERENCE,This test uses the supplied/current ticker universe and is not a survivorship-bias-free historical index-constituent study.
2012-09-25,T1_30D,77096.76519494891,19333.099044799805,96429.86423974871,100634.25086492457,-4.177888332292712,1,0.21469948456351862,REFERENCE,This test uses the supplied/current ticker universe and is not a survivorship-bias-free historical index-constituent study.
2012-09-26,T1_30D,77096.76519494891,19454.518157958984,96551.28335290789,100634.25086492457,-4.057234467315707,1,0.12591442922422758,REFERENCE,This test uses the supplied/current ticker universe and is not a survivorship-bias-free historical index-constituent study.
2012-09-27,T1_30D,77096.76519494891,19953.830978393555,97050.59617334246,100634.25086492457,-3.5610685832920264,1,0.5171477820854253,REFERENCE,This test uses the supplied/current ticker universe and is not a survivorship-bias-free historical index-constituent study.
2012-09-28,T1_30D,77096.76519494891,19748.634384155273,96845.39957910418,100634.25086492457,-3.764971918860849,1,-0.2114325952947027,REFERENCE,This test uses the supplied/current ticker universe and is not a survivorship-bias-free historical index-constituent study.
2012-10-01,T1_30D,77096.76519494891,19875.171478271484,96971.93667322039,100634.25086492457,-3.6392323291797424,1,0.13065885903320584,REFERENCE,This test uses the supplied/current ticker universe and is not a survivorship-bias-free historical index-constituent study.
2012-10-03,T1_30D,77096.76519494891,20224.008407592773,97320.77360254168,100634.25086492457,-3.292593956733847,1,0.3597297747046202,REFERENCE,This test uses the supplied/current ticker universe and is not a survivorship-bias-free historical index-constituent study.
2012-10-04,T1_30D,97452.57410899391,0.0,97452.57410899391,100634.25086492457,-3.161624127555973,0,0.13542895475791017,REFERENCE,This test uses the supplied/current ticker universe and is not a survivorship-bias-free historical index-constituent study.
2012-10-05,T1_30D,97452.57410899391,0.0,97452.57410899391,100634.25086492457,-3.161624127555973,0,0.0,REFERENCE,This test uses the supplied/current ticker universe and is not a survivorship-bias-free historical index-constituent study.
2012-10-08,T1_30D,97452.57410899391,0.0,97452.57410899391,100634.25086492457,-3.161624127555973,0,0.0,REFERENCE,This test uses the supplied/current ticker universe and is not a survivorship-bias-free historical index-constituent study.
2012-10-09,T1_30D,89388.21940977326,8208.323669433592,97596.54307920685,100634.25086492457,-3.0185625267833083,1,0.14773234214615627,REFERENCE,This test uses the supplied/current ticker universe and is not a survivorship-bias-free historical index-constituent study.
2012-10-10,T1_30D,89388.21940977326,8181.665802001953,97569.88521177521,100634.25086492457,-3.045052382078617,1,-0.027314356216501245,REFERENCE,This test uses the supplied/current ticker universe and is not a survivorship-bias-free historical index-constituent study.
2012-10-11,T1_30D,89388.21940977326,8169.181823730469,97557.40123350373,100634.25086492457,-3.0574576796430053,1,-0.012794909253388553,REFERENCE,This test uses the supplied/current ticker universe and is not a survivorship-bias-free historical index-constituent study.
2012-10-12,T1_30D,89388.21940977326,8092.034912109375,97480.25432188263,100634.25086492457,-3.134118370171368,1,-0.07907848163815068,REFERENCE,This test uses the supplied/current ticker universe and is not a survivorship-bias-free historical index-constituent study.
2012-10-15,T1_30D,89388.21940977326,8109.621429443359,97497.84083921662,100634.25086492457,-3.116642692474325,1,0.01804110735690312,REFERENCE,This test uses the supplied/current ticker universe and is not a survivorship-bias-free historical index-constituent study.
2012-10-16,T1_30D,89388.21940977326,8148.1964111328125,97536.41582090607,100634.25086492457,-3.07831083094815,1,0.03956495995953713,REFERENCE,This test uses the supplied/current ticker universe and is not a survivorship-bias-free historical index-constituent study.
2012-10-17,T1_30D,89388.21940977326,8072.181701660156,97460.40111143341,100634.25086492457,-3.153846455071474,1,-0.07793469632124683,REFERENCE,This test uses the supplied/current ticker universe and is not a survivorship-bias-free historical index-constituent study.
2012-10-18,T1_30D,89388.21940977326,7939.443206787109,97327.66261656037,100634.25086492457,-3.2857483609655347,1,-0.13619736155331408,REFERENCE,This test uses the supplied/current ticker universe and is not a survivorship-bias-free historical index-constituent study.
2012-10-19,T1_30D,89388.21940977326,7882.716369628906,97270.93577940216,100634.25086492457,-3.34211767526027,1,-0.05828439277504316,REFERENCE,This test uses the supplied/current ticker universe and is not a survivorship-bias-free historical index-constituent study.
2012-10-22,T1_30D,67154.0916088128,30490.74478149414,97644.83639030694,100634.25086492457,-2.9705735859554827,2,0.38439088501496244,REFERENCE,This test uses the supplied/current ticker universe and is not a survivorship-bias-free historical index-constituent study.
2012-10-23,T1_30D,67154.0916088128,30316.0856628418,97470.1772716546,100634.25086492457,-3.1441319094399844,2,-0.17887184321164762,REFERENCE,This test uses the supplied/current ticker universe and is not a survivorship-bias-free historical index-constituent study.
2012-10-25,T1_30D,67154.0916088128,31072.900970458984,98226.99257927178,100634.25086492457,-2.392086456611986,2,0.7764583268458747,REFERENCE,This test uses the supplied/current ticker universe and is not a survivorship-bias-free historical index-constituent study.
2012-10-29,T1_30D,90995.02804586929,7803.298187255859,98798.32623312515,100634.25086492457,-1.8243536529761406,1,0.5816462856605087,REFERENCE,This test uses the supplied/current ticker universe and is not a survivorship-bias-free historical index-constituent study.
2012-10-30,T1_30D,90995.02804586929,7757.917022705078,98752.94506857436,100634.25086492457,-1.8694488011595345,1,-0.04593313093553819,REFERENCE,This test uses the supplied/current ticker universe and is not a survivorship-bias-free historical index-constituent study.
2012-10-31,T1_30D,90995.02804586929,7875.340270996092,98870.36831686538,100634.25086492457,-1.7527656169734396,1,0.1189060723297608,REFERENCE,This test uses the supplied/current ticker universe and is not a survivorship-bias-free historical index-constituent study.
2012-11-01,T1_30D,90995.02804586929,7958.161163330078,98953.18920919936,100634.25086492457,-1.6704667061928968,1,0.08376715263016532,REFERENCE,This test uses the supplied/current ticker universe and is not a survivorship-bias-free historical index-constituent study.
2012-11-02,T1_30D,90995.02804586929,7907.106018066406,98902.1340639357,100634.25086492457,-1.7212000746284706,1,-0.05159524990724362,REFERENCE,This test uses the supplied/current ticker universe and is not a survivorship-bias-free historical index-constituent study.
2012-11-05,T1_30D,90995.02804586929,7917.885589599609,98912.9136354689,100634.25086492457,-1.7104884417196375,1,0.01089923047183916,REFERENCE,This test uses the supplied/current ticker universe and is not a survivorship-bias-free historical index-constituent study.
2012-11-06,T1_30D,90995.02804586929,7923.558044433592,98918.58609030288,100634.25086492457,-1.7048517377294625,1,0.005734797030543248,REFERENCE,This test uses the supplied/current ticker universe and is not a survivorship-bias-free historical index-constituent study.
2012-11-07,T1_30D,90995.02804586929,7945.6817626953125,98940.7098085646,100634.25086492457,-1.6828674549712819,1,0.022365582784944493,REFERENCE,This test uses the supplied/current ticker universe and is not a survivorship-bias-free historical index-constituent study.
2012-11-08,T1_30D,66434.10903379848,32489.654998779297,98923.76403257778,100634.25086492457,-1.6997064296157771,2,-0.017127202765787608,REFERENCE,This test uses the supplied/current ticker universe and is not a survivorship-bias-free historical index-constituent study.
2012-11-09,T1_30D,45736.93236967473,52887.39141845703,98624.32378813176,100634.25086492457,-1.9972594415102463,3,-0.3026979890771275,REFERENCE,This test uses the supplied/current ticker universe and is not a survivorship-bias-free historical index-constituent study.
2012-11-12,T1_30D,45736.93236967473,52704.868896484375,98441.8012661591,100634.25086492457,-2.1786316089422275,3,-0.18506846481883832,REFERENCE,This test uses the supplied/current ticker universe and is not a survivorship-bias-free historical index-constituent study.
2012-11-15,T1_30D,45736.93236967473,52782.89239501953,98519.82476469426,100634.25086492457,-2.101099856219313,3,0.07925850353367458,REFERENCE,This test uses the supplied/current ticker universe and is not a survivorship-bias-free historical index-constituent study.
2012-11-16,T1_30D,49638.229782627604,47367.89823658009,97006.1280192077,100634.25086492457,-3.6052564753392913,3,-1.5364387310898064,REFERENCE,This test uses the supplied/current ticker universe and is not a survivorship-bias-free historical index-constituent study.
2012-11-19,T1_30D,69569.9071465336,27192.77498617922,96762.68213271283,100634.25086492457,-3.8471680356704008,2,-0.25095928624907504,REFERENCE,This test uses the supplied/current ticker universe and is not a survivorship-bias-free historical index-constituent study.
2012-11-20,T1_30D,50435.564645227976,46424.4108772326,96859.97552246058,100634.25086492457,-3.7504878408942344,3,0.10054846310927346,REFERENCE,This test uses the supplied/current ticker universe and is not a survivorship-bias-free historical index-constituent study.
2012-11-21,T1_30D,30363.416941605326,68055.74666953186,98419.16361113719,100634.25086492457,-2.201126589356306,4,1.6097341345239657,REFERENCE,This test uses the supplied/current ticker universe and is not a survivorship-bias-free historical index-constituent study.
2012-11-22,T1_30D,30363.416941605326,67915.68569359774,98279.10263520307,100634.25086492457,-2.3403048261199544,4,-0.1423106748676628,REFERENCE,This test uses the supplied/current ticker universe and is not a survivorship-bias-free historical index-constituent study.
2012-11-23,T1_30D,38357.25883616976,59387.78445645771,97745.04329262747,100634.25086492457,-2.8709982411208257,3,-0.5434108861961828,REFERENCE,This test uses the supplied/current ticker universe and is not a survivorship-bias-free historical index-constituent study.
2012-11-26,T1_30D,38357.25883616976,59289.011855721765,97646.27069189152,100634.25086492457,-2.9691483241065075,3,-0.1010512629681326,REFERENCE,This test uses the supplied/current ticker universe and is not a survivorship-bias-free historical index-constituent study.
2012-11-27,T1_30D,38357.25883616976,60567.960346585125,98925.2191827549,100634.25086492457,-1.6982604505732413,3,1.3097770982968715,REFERENCE,This test uses the supplied/current ticker universe and is not a survivorship-bias-free historical index-constituent study.
2012-11-29,T1_30D,80016.73579376169,20628.479882434018,100645.21567619572,100645.21567619572,0.0,1,1.7386835304992188,REFERENCE,This test uses the supplied/current ticker universe and is not a survivorship-bias-free historical index-constituent study.
2012-11-30,T1_30D,100972.2614695437,0.0,100972.2614695437,100972.2614695437,0.0,0,0.324949170361144,REFERENCE,This test uses the supplied/current ticker universe and is not a survivorship-bias-free historical index-constituent study.
2012-12-03,T1_30D,100972.2614695437,0.0,100972.2614695437,100972.2614695437,0.0,0,0.0,REFERENCE,This test uses the supplied/current ticker universe and is not a survivorship-bias-free historical index-constituent study.
2012-12-04,T1_30D,100972.2614695437,0.0,100972.2614695437,100972.2614695437,0.0,0,0.0,REFERENCE,This test uses the supplied/current ticker universe and is not a survivorship-bias-free historical index-constituent study.
2012-12-05,T1_30D,100972.2614695437,0.0,100972.2614695437,100972.2614695437,0.0,0,0.0,REFERENCE,This test uses the supplied/current ticker universe and is not a survivorship-bias-free historical index-constituent study.
2012-12-06,T1_30D,100972.2614695437,0.0,100972.2614695437,100972.2614695437,0.0,0,0.0,REFERENCE,This test uses the supplied/current ticker universe and is not a survivorship-bias-free historical index-constituent study.
2012-12-07,T1_30D,100972.2614695437,0.0,100972.2614695437,100972.2614695437,0.0,0,0.0,REFERENCE,This test uses the supplied/current ticker universe and is not a survivorship-bias-free historical index-constituent study.
2012-12-10,T1_30D,100972.2614695437,0.0,100972.2614695437,100972.2614695437,0.0,0,0.0,REFERENCE,This test uses the supplied/current ticker universe and is not a survivorship-bias-free historical index-constituent study.
2012-12-11,T1_30D,100972.2614695437,0.0,100972.2614695437,100972.2614695437,0.0,0,0.0,REFERENCE,This test uses the supplied/current ticker universe and is not a survivorship-bias-free historical index-constituent study.
2012-12-12,T1_30D,100972.2614695437,0.0,100972.2614695437,100972.2614695437,0.0,0,0.0,REFERENCE,This test uses the supplied/current ticker universe and is not a survivorship-bias-free historical index-constituent study.
2012-12-13,T1_30D,100972.2614695437,0.0,100972.2614695437,100972.2614695437,0.0,0,0.0,REFERENCE,This test uses the supplied/current ticker universe and is not a survivorship-bias-free historical index-constituent study.
2012-12-14,T1_30D,100972.2614695437,0.0,100972.2614695437,100972.2614695437,0.0,0,0.0,REFERENCE,This test uses the supplied/current ticker universe and is not a survivorship-bias-free historical index-constituent study.
2012-12-17,T1_30D,100972.2614695437,0.0,100972.2614695437,100972.2614695437,0.0,0,0.0,REFERENCE,This test uses the supplied/current ticker universe and is not a survivorship-bias-free historical index-constituent study.
2012-12-18,T1_30D,76649.02626461114,24337.46987915039,100986.49614376153,100986.49614376153,0.0,1,0.014097608601271183,REFERENCE,This test uses the supplied/current ticker universe and is not a survivorship-bias-free historical index-constituent study.
2012-12-19,T1_30D,76649.02626461114,24088.362190246582,100737.38845485772,100986.49614376153,-0.24667425687211475,1,-0.24667425687211475,REFERENCE,This test uses the supplied/current ticker universe and is not a survivorship-bias-free historical index-constituent study.
2012-12-20,T1_30D,76649.02626461114,23839.262168884277,100488.28843349541,100986.49614376153,-0.4933409211038242,1,-0.24727663202618322,REFERENCE,This test uses the supplied/current ticker universe and is not a survivorship-bias-free historical index-constituent study.
2012-12-21,T1_30D,100181.49023951466,0.0,100181.49023951466,100986.49614376153,-0.7971421278948787,0,-0.30530741319551025,REFERENCE,This test uses the supplied/current ticker universe and is not a survivorship-bias-free historical index-constituent study.
2012-12-24,T1_30D,100181.49023951466,0.0,100181.49023951466,100986.49614376153,-0.7971421278948787,0,0.0,REFERENCE,This test uses the supplied/current ticker universe and is not a survivorship-bias-free historical index-constituent study.
2012-12-26,T1_30D,100181.49023951466,0.0,100181.49023951466,100986.49614376153,-0.7971421278948787,0,0.0,REFERENCE,This test uses the supplied/current ticker universe and is not a survivorship-bias-free historical index-constituent study.
2012-12-27,T1_30D,100181.49023951466,0.0,100181.49023951466,100986.49614376153,-0.7971421278948787,0,0.0,REFERENCE,This test uses the supplied/current ticker universe and is not a survivorship-bias-free historical index-constituent study.
2012-12-28,T1_30D,100181.49023951466,0.0,100181.49023951466,100986.49614376153,-0.7971421278948787,0,0.0,REFERENCE,This test uses the supplied/current ticker universe and is not a survivorship-bias-free historical index-constituent study.
2012-12-31,T1_30D,78073.02634592167,22054.210052490234,100127.2363984119,100986.49614376153,-0.8508659852168865,1,-0.05415555405798855,REFERENCE,This test uses the supplied/current ticker universe and is not a survivorship-bias-free historical index-constituent study.
2013-01-01,T1_30D,78073.02634592167,22177.183151245117,100250.20949716678,100986.49614376153,-0.7290941608139256,1,0.12281683104242713,REFERENCE,This test uses the supplied/current ticker universe and is not a survivorship-bias-free historical index-constituent study.
2013-01-02,T1_30D,78073.02634592167,22287.69565582275,100360.72200174442,100986.49614376153,-0.6196612080948682,1,0.11023668193008707,REFERENCE,This test uses the supplied/current ticker universe and is not a survivorship-bias-free historical index-constituent study.
2013-01-03,T1_30D,78073.02634592167,22312.64499664307,100385.67134256473,100986.49614376153,-0.5949555872712731,1,0.024859666533560976,REFERENCE,This test uses the supplied/current ticker universe and is not a survivorship-bias-free historical index-constituent study.
2013-01-04,T1_30D,78073.02634592167,22601.381378173828,100674.4077240955,100986.49614376153,-0.3090397544061263,1,0.2876270862855135,REFERENCE,This test uses the supplied/current ticker universe and is not a survivorship-bias-free historical index-constituent study.
2013-01-07,T1_30D,78073.02634592167,22382.158126831055,100455.18447275272,100986.49614376153,-0.5261215026734378,1,-0.2177546968476496,REFERENCE,This test uses the supplied/current ticker universe and is not a survivorship-bias-free historical index-constituent study.
2013-01-08,T1_30D,78073.02634592167,22624.552421569824,100697.57876749149,100986.49614376153,-0.2860950595401812,1,0.24129595302719853,REFERENCE,This test uses the supplied/current ticker universe and is not a survivorship-bias-free historical index-constituent study.
2013-01-09,T1_30D,78073.02634592167,22665.539283752445,100738.5656296741,100986.49614376153,-0.24550858139931186,1,0.04070292720468327,REFERENCE,This test uses the supplied/current ticker universe and is not a survivorship-bias-free historical index-constituent study.
2013-01-10,T1_30D,78073.02634592167,22870.509567260742,100943.53591318241,100986.49614376153,-0.04254056950144802,1,0.20346754217426266,REFERENCE,This test uses the supplied/current ticker universe and is not a survivorship-bias-free historical index-constituent study.
2013-01-11,T1_30D,78073.02634592167,22986.350708007812,101059.37705392948,101059.37705392948,0.0,1,0.11475835445937665,REFERENCE,This test uses the supplied/current ticker universe and is not a survivorship-bias-free historical index-constituent study.
2013-01-14,T1_30D,79966.12809299256,21689.721221923828,101655.84931491638,101655.84931491638,0.0,1,0.5902196098721335,REFERENCE,This test uses the supplied/current ticker universe and is not a survivorship-bias-free historical index-constituent study.
2013-01-15,T1_30D,79966.12809299256,21539.281768798828,101505.40986179138,101655.84931491638,-0.14798897863610438,1,-0.14798897863610438,REFERENCE,This test uses the supplied/current ticker universe and is not a survivorship-bias-free historical index-constituent study.
2013-01-16,T1_30D,79966.12809299256,21219.23095703125,101185.3590500238,101655.84931491638,-0.4628265545596477,1,-0.31530419137596466,REFERENCE,This test uses the supplied/current ticker universe and is not a survivorship-bias-free historical index-constituent study.
2013-01-17,T1_30D,79966.12809299256,21149.906616210938,101116.0347092035,101655.84931491638,-0.5310216867507656,1,-0.068512224961359,REFERENCE,This test uses the supplied/current ticker universe and is not a survivorship-bias-free historical index-constituent study.
2013-01-18,T1_30D,100821.72933961068,0.0,100821.72933961068,101655.84931491638,-0.8205331822290995,0,-0.29105707164961414,REFERENCE,This test uses the supplied/current ticker universe and is not a survivorship-bias-free historical index-constituent study.
2013-01-21,T1_30D,77138.84890950687,23324.363800048828,100463.2127095557,101655.84931491638,-1.1732100153588387,1,-0.3555946048568126,REFERENCE,This test uses the supplied/current ticker universe and is not a survivorship-bias-free historical index-constituent study.
2013-01-22,T1_30D,77138.84890950687,23399.412780761722,100538.26169026858,101655.84931491638,-1.0993834906495747,1,0.07470294716720449,REFERENCE,This test uses the supplied/current ticker universe and is not a survivorship-bias-free historical index-constituent study.
2013-01-23,T1_30D,77138.84890950687,23445.601501464844,100584.45041097171,101655.84931491638,-1.0539471276518664,1,0.04594143555556318,REFERENCE,This test uses the supplied/current ticker universe and is not a survivorship-bias-free historical index-constituent study.
2013-01-24,T1_30D,100041.0688014917,0.0,100041.0688014917,101655.84931491638,-1.588477716045944,0,-0.540224266534084,REFERENCE,This test uses the supplied/current ticker universe and is not a survivorship-bias-free historical index-constituent study.
2013-01-25,T1_30D,100041.0688014917,0.0,100041.0688014917,101655.84931491638,-1.588477716045944,0,0.0,REFERENCE,This test uses the supplied/current ticker universe and is not a survivorship-bias-free historical index-constituent study.
2013-01-28,T1_30D,100041.0688014917,0.0,100041.0688014917,101655.84931491638,-1.588477716045944,0,0.0,REFERENCE,This test uses the supplied/current ticker universe and is not a survivorship-bias-free historical index-constituent study.
2013-01-29,T1_30D,100041.0688014917,0.0,100041.0688014917,101655.84931491638,-1.588477716045944,0,0.0,REFERENCE,This test uses the supplied/current ticker universe and is not a survivorship-bias-free historical index-constituent study.
2013-01-30,T1_30D,75221.43577078369,24738.539428710938,99959.97519949463,101655.84931491638,-1.6682504025598788,1,-0.08106031149864856,REFERENCE,This test uses the supplied/current ticker universe and is not a survivorship-bias-free historical index-constituent study.
2013-01-31,T1_30D,75221.43577078369,24757.83325195312,99979.26902273681,101655.84931491638,-1.6492708520743804,1,0.019301548648531508,REFERENCE,This test uses the supplied/current ticker universe and is not a survivorship-bias-free historical index-constituent study.
2013-02-01,T1_30D,75221.43577078369,24497.3583984375,99718.79416922119,101655.84931491638,-1.9055028891593384,1,-0.26052886369511974,REFERENCE,This test uses the supplied/current ticker universe and is not a survivorship-bias-free historical index-constituent study.
2013-02-04,T1_30D,99282.23291600269,0.0,99282.23291600269,101655.84931491638,-2.3349530941013996,0,-0.43779235083575285,REFERENCE,This test uses the supplied/current ticker universe and is not a survivorship-bias-free historical index-constituent study.
2013-02-05,T1_30D,77024.90659585383,22236.039501962776,99260.9460978166,101655.84931491638,-2.3558931760834456,1,-0.02144071256343638,REFERENCE,This test uses the supplied/current ticker universe and is not a survivorship-bias-free historical index-constituent study.
2013-02-06,T1_30D,58877.01130241358,40140.53288699755,99017.54418941113,101655.84931491638,-2.5953303654294713,2,-0.24521417332211692,REFERENCE,This test uses the supplied/current ticker universe and is not a survivorship-bias-free historical index-constituent study.
2013-02-07,T1_30D,58877.01130241358,39907.07405062695,98784.08535304053,101655.84931491638,-2.8249864432094873,2,-0.2357752237563182,REFERENCE,This test uses the supplied/current ticker universe and is not a survivorship-bias-free historical index-constituent study.
2013-02-08,T1_30D,80360.37071972831,18114.493293762207,98474.86401349051,101655.84931491638,-3.1291709457579753,1,-0.31302748660869684,REFERENCE,This test uses the supplied/current ticker universe and is not a survivorship-bias-free historical index-constituent study.
2013-02-11,T1_30D,80360.37071972831,17825.300369262695,98185.671088991,101655.84931491638,-3.413653271613748,1,-0.29367181909476514,REFERENCE,This test uses the supplied/current ticker universe and is not a survivorship-bias-free historical index-constituent study.
2013-02-12,T1_30D,80360.37071972831,18338.841934204098,98699.21265393241,101655.84931491638,-2.908476669969773,1,0.5230310688368656,REFERENCE,This test uses the supplied/current ticker universe and is not a survivorship-bias-free historical index-constituent study.
2013-02-13,T1_30D,80360.37071972831,19172.66937255859,99533.0400922869,101655.84931491638,-2.088231259623141,1,0.8448167071789303,REFERENCE,This test uses the supplied/current ticker universe and is not a survivorship-bias-free historical index-constituent study.
2013-02-14,T1_30D,80360.37071972831,19142.941093444824,99503.31181317313,101655.84931491638,-2.1174753014703285,1,-0.029867749529410847,REFERENCE,This test uses the supplied/current ticker universe and is not a survivorship-bias-free historical index-constituent study.
2013-02-15,T1_30D,58987.58149160656,40448.24193572998,99435.82342733654,101655.84931491638,-2.1838643841364247,2,-0.06782526592010729,REFERENCE,This test uses the supplied/current ticker universe and is not a survivorship-bias-free historical index-constituent study.
2013-02-18,T1_30D,58987.58149160656,40034.279136657715,99021.86062826427,101655.84931491638,-2.5910842360800768,2,-0.41631153120059716,REFERENCE,This test uses the supplied/current ticker universe and is not a survivorship-bias-free historical index-constituent study.
2013-02-19,T1_30D,34297.89030535155,65453.17512512207,99751.06543047362,101655.84931491638,-1.8737572872388197,3,0.7364078977942556,REFERENCE,This test uses the supplied/current ticker universe and is not a survivorship-bias-free historical index-constituent study.
2013-02-20,T1_30D,53718.84927095017,46248.24478149414,99967.09405244431,101655.84931491638,-1.6612475070082122,2,0.21656773392686457,REFERENCE,This test uses the supplied/current ticker universe and is not a survivorship-bias-free historical index-constituent study.
2013-02-21,T1_30D,53718.84927095017,45451.436462402344,99170.28573335252,101655.84931491638,-2.4450767942176377,2,-0.797070602726313,REFERENCE,This test uses the supplied/current ticker universe and is not a survivorship-bias-free historical index-constituent study.
2013-02-22,T1_30D,77726.18391879018,21051.74005126953,98777.92397005971,101655.84931491638,-2.831047464805736,1,-0.3956444820052085,REFERENCE,This test uses the supplied/current ticker universe and is not a survivorship-bias-free historical index-constituent study.
2013-02-25,T1_30D,77726.18391879018,20891.452117919922,98617.6360367101,101655.84931491638,-2.988724503982354,1,-0.16227100844738995,REFERENCE,This test uses the supplied/current ticker universe and is not a survivorship-bias-free historical index-constituent study.
2013-02-26,T1_30D,98322.77067428987,0.0,98322.77067428987,101655.84931491638,-3.2787868706906087,0,-0.29899861147600904,REFERENCE,This test uses the supplied/current ticker universe and is not a survivorship-bias-free historical index-constituent study.
2013-02-27,T1_30D,98322.77067428987,0.0,98322.77067428987,101655.84931491638,-3.2787868706906087,0,0.0,REFERENCE,This test uses the supplied/current ticker universe and is not a survivorship-bias-free historical index-constituent study.
2013-02-28,T1_30D,98322.77067428987,0.0,98322.77067428987,101655.84931491638,-3.2787868706906087,0,0.0,REFERENCE,This test uses the supplied/current ticker universe and is not a survivorship-bias-free historical index-constituent study.
2013-03-01,T1_30D,98322.77067428987,0.0,98322.77067428987,101655.84931491638,-3.2787868706906087,0,0.0,REFERENCE,This test uses the supplied/current ticker universe and is not a survivorship-bias-free historical index-constituent study.
2013-03-04,T1_30D,98322.77067428987,0.0,98322.77067428987,101655.84931491638,-3.2787868706906087,0,0.0,REFERENCE,This test uses the supplied/current ticker universe and is not a survivorship-bias-free historical index-constituent study.
2013-03-05,T1_30D,98322.77067428987,0.0,98322.77067428987,101655.84931491638,-3.2787868706906087,0,0.0,REFERENCE,This test uses the supplied/current ticker universe and is not a survivorship-bias-free historical index-constituent study.
2013-03-06,T1_30D,98322.77067428987,0.0,98322.77067428987,101655.84931491638,-3.2787868706906087,0,0.0,REFERENCE,This test uses the supplied/current ticker universe and is not a survivorship-bias-free historical index-constituent study.
2013-03-07,T1_30D,98322.77067428987,0.0,98322.77067428987,101655.84931491638,-3.2787868706906087,0,0.0,REFERENCE,This test uses the supplied/current ticker universe and is not a survivorship-bias-free historical index-constituent study.
2013-03-08,T1_30D,98322.77067428987,0.0,98322.77067428987,101655.84931491638,-3.2787868706906087,0,0.0,REFERENCE,This test uses the supplied/current ticker universe and is not a survivorship-bias-free historical index-constituent study.
2013-03-11,T1_30D,98322.77067428987,0.0,98322.77067428987,101655.84931491638,-3.2787868706906087,0,0.0,REFERENCE,This test uses the supplied/current ticker universe and is not a survivorship-bias-free historical index-constituent study.
2013-03-12,T1_30D,98322.77067428987,0.0,98322.77067428987,101655.84931491638,-3.2787868706906087,0,0.0,REFERENCE,This test uses the supplied/current ticker universe and is not a survivorship-bias-free historical index-constituent study.
2013-03-13,T1_30D,98322.77067428987,0.0,98322.77067428987,101655.84931491638,-3.2787868706906087,0,0.0,REFERENCE,This test uses the supplied/current ticker universe and is not a survivorship-bias-free historical index-constituent study.
2013-03-14,T1_30D,98322.77067428987,0.0,98322.77067428987,101655.84931491638,-3.2787868706906087,0,0.0,REFERENCE,This test uses the supplied/current ticker universe and is not a survivorship-bias-free historical index-constituent study.
2013-03-15,T1_30D,98322.77067428987,0.0,98322.77067428987,101655.84931491638,-3.2787868706906087,0,0.0,REFERENCE,This test uses the supplied/current ticker universe and is not a survivorship-bias-free historical index-constituent study.
2013-03-18,T1_30D,73918.76344397252,24332.839859008785,98251.60330298131,101655.84931491638,-3.3487950126599886,1,-0.07238137292155944,REFERENCE,This test uses the supplied/current ticker universe and is not a survivorship-bias-free historical index-constituent study.
2013-03-19,T1_30D,73918.76344397252,24292.430099487305,98211.19354345983,101655.84931491638,-3.388546546677773,1,-0.041128855064964664,REFERENCE,This test uses the supplied/current ticker universe and is not a survivorship-bias-free historical index-constituent study.
2013-03-20,T1_30D,54476.50375626452,43864.943450927734,98341.44720719225,101655.84931491638,-3.2604145556411113,2,0.13262608775321816,REFERENCE,This test uses the supplied/current ticker universe and is not a survivorship-bias-free historical index-constituent study.
2013-03-21,T1_30D,54476.50375626452,44143.35643005371,98619.86018631823,101655.84931491638,-2.9865365830480273,2,0.2831084827736863,REFERENCE,This test uses the supplied/current ticker universe and is not a survivorship-bias-free historical index-constituent study.
2013-03-22,T1_30D,54476.50375626452,44104.7565612793,98581.26031754381,101655.84931491638,-3.024507707222923,2,-0.039140056274156176,REFERENCE,This test uses the supplied/current ticker universe and is not a survivorship-bias-free historical index-constituent study.
2013-03-25,T1_30D,54476.50375626452,43818.68119812012,98295.18495438463,101655.84931491638,-3.3059232529953686,2,-0.2901924384387966,REFERENCE,This test uses the supplied/current ticker universe and is not a survivorship-bias-free historical index-constituent study.
2013-03-26,T1_30D,54476.50375626452,44133.177169799805,98609.68092606432,101655.84931491638,-2.9965500356161856,2,0.31995053656559413,REFERENCE,This test uses the supplied/current ticker universe and is not a survivorship-bias-free historical index-constituent study.
2013-03-28,T1_30D,54476.50375626452,44392.91792297363,98869.42167923815,101655.84931491638,-2.7410401412773067,2,0.26340289384829685,REFERENCE,This test uses the supplied/current ticker universe and is not a survivorship-bias-free historical index-constituent study.
2013-04-01,T1_30D,54476.50375626452,44580.67919921875,99057.18295548327,101655.84931491638,-2.556337266321773,2,0.1899083387523648,REFERENCE,This test uses the supplied/current ticker universe and is not a survivorship-bias-free historical index-constituent study.
2013-04-02,T1_30D,55537.31842562754,45637.47384643555,101174.79227206309,101655.84931491638,-0.4732212126456581,2,2.1377645248921384,REFERENCE,This test uses the supplied/current ticker universe and is not a survivorship-bias-free historical index-constituent study.
2013-04-03,T1_30D,55537.31842562754,45584.77729797363,101122.09572360117,101655.84931491638,-0.5250593988563423,2,-0.05208466187922589,REFERENCE,This test uses the supplied/current ticker universe and is not a survivorship-bias-free historical index-constituent study.
2013-04-04,T1_30D,55537.31842562754,44674.19985961914,100211.51828524668,101655.84931491638,-1.4208046456779422,2,-0.9004732663407067,REFERENCE,This test uses the supplied/current ticker universe and is not a survivorship-bias-free historical index-constituent study.
2013-04-05,T1_30D,76187.98865706165,24376.215744018555,100564.2044010802,101655.84931491638,-1.0738633548320498,1,0.3519416947956211,REFERENCE,This test uses the supplied/current ticker universe and is not a survivorship-bias-free historical index-constituent study.
2013-04-08,T1_30D,76187.98865706165,24087.444778442383,100275.43343550403,101655.84931491638,-1.3579305949586895,1,-0.28715084785483347,REFERENCE,This test uses the supplied/current ticker universe and is not a survivorship-bias-free historical index-constituent study.
2013-04-09,T1_30D,99923.41541685665,0.0,99923.41541685665,101655.84931491638,-1.7042146711035655,0,-0.3510511065243138,REFERENCE,This test uses the supplied/current ticker universe and is not a survivorship-bias-free historical index-constituent study.
2013-04-10,T1_30D,99923.41541685665,0.0,99923.41541685665,101655.84931491638,-1.7042146711035655,0,0.0,REFERENCE,This test uses the supplied/current ticker universe and is not a survivorship-bias-free historical index-constituent study.
2013-04-11,T1_30D,99923.41541685665,0.0,99923.41541685665,101655.84931491638,-1.7042146711035655,0,0.0,REFERENCE,This test uses the supplied/current ticker universe and is not a survivorship-bias-free historical index-constituent study.
2013-04-12,T1_30D,99923.41541685665,0.0,99923.41541685665,101655.84931491638,-1.7042146711035655,0,0.0,REFERENCE,This test uses the supplied/current ticker universe and is not a survivorship-bias-free historical index-constituent study.
2013-04-15,T1_30D,99923.41541685665,0.0,99923.41541685665,101655.84931491638,-1.7042146711035655,0,0.0,REFERENCE,This test uses the supplied/current ticker universe and is not a survivorship-bias-free historical index-constituent study.
2013-04-16,T1_30D,99923.41541685665,0.0,99923.41541685665,101655.84931491638,-1.7042146711035655,0,0.0,REFERENCE,This test uses the supplied/current ticker universe and is not a survivorship-bias-free historical index-constituent study.
2013-04-17,T1_30D,99923.41541685665,0.0,99923.41541685665,101655.84931491638,-1.7042146711035655,0,0.0,REFERENCE,This test uses the supplied/current ticker universe and is not a survivorship-bias-free historical index-constituent study.
2013-04-18,T1_30D,99923.41541685665,0.0,99923.41541685665,101655.84931491638,-1.7042146711035655,0,0.0,REFERENCE,This test uses the supplied/current ticker universe and is not a survivorship-bias-free historical index-constituent study.
2013-04-22,T1_30D,99923.41541685665,0.0,99923.41541685665,101655.84931491638,-1.7042146711035655,0,0.0,REFERENCE,This test uses the supplied/current ticker universe and is not a survivorship-bias-free historical index-constituent study.
2013-04-23,T1_30D,99923.41541685665,0.0,99923.41541685665,101655.84931491638,-1.7042146711035655,0,0.0,REFERENCE,This test uses the supplied/current ticker universe and is not a survivorship-bias-free historical index-constituent study.
2013-04-25,T1_30D,99923.41541685665,0.0,99923.41541685665,101655.84931491638,-1.7042146711035655,0,0.0,REFERENCE,This test uses the supplied/current ticker universe and is not a survivorship-bias-free historical index-constituent study.
2013-04-26,T1_30D,99923.41541685665,0.0,99923.41541685665,101655.84931491638,-1.7042146711035655,0,0.0,REFERENCE,This test uses the supplied/current ticker universe and is not a survivorship-bias-free historical index-constituent study.
2013-04-29,T1_30D,99923.41541685665,0.0,99923.41541685665,101655.84931491638,-1.7042146711035655,0,0.0,REFERENCE,This test uses the supplied/current ticker universe and is not a survivorship-bias-free historical index-constituent study.
2013-04-30,T1_30D,99923.41541685665,0.0,99923.41541685665,101655.84931491638,-1.7042146711035655,0,0.0,REFERENCE,This test uses the supplied/current ticker universe and is not a survivorship-bias-free historical index-constituent study.
2013-05-02,T1_30D,99923.41541685665,0.0,99923.41541685665,101655.84931491638,-1.7042146711035655,0,0.0,REFERENCE,This test uses the supplied/current ticker universe and is not a survivorship-bias-free historical index-constituent study.
2013-05-03,T1_30D,99923.41541685665,0.0,99923.41541685665,101655.84931491638,-1.7042146711035655,0,0.0,REFERENCE,This test uses the supplied/current ticker universe and is not a survivorship-bias-free historical index-constituent study.
2013-05-06,T1_30D,99923.41541685665,0.0,99923.41541685665,101655.84931491638,-1.7042146711035655,0,0.0,REFERENCE,This test uses the supplied/current ticker universe and is not a survivorship-bias-free historical index-constituent study.
2013-05-07,T1_30D,99923.41541685665,0.0,99923.41541685665,101655.84931491638,-1.7042146711035655,0,0.0,REFERENCE,This test uses the supplied/current ticker universe and is not a survivorship-bias-free historical index-constituent study.
2013-05-08,T1_30D,99923.41541685665,0.0,99923.41541685665,101655.84931491638,-1.7042146711035655,0,0.0,REFERENCE,This test uses the supplied/current ticker universe and is not a survivorship-bias-free historical index-constituent study.
2013-05-09,T1_30D,99923.41541685665,0.0,99923.41541685665,101655.84931491638,-1.7042146711035655,0,0.0,REFERENCE,This test uses the supplied/current ticker universe and is not a survivorship-bias-free historical index-constituent study.
2013-05-10,T1_30D,99923.41541685665,0.0,99923.41541685665,101655.84931491638,-1.7042146711035655,0,0.0,REFERENCE,This test uses the supplied/current ticker universe and is not a survivorship-bias-free historical index-constituent study.
2013-05-13,T1_30D,99923.41541685665,0.0,99923.41541685665,101655.84931491638,-1.7042146711035655,0,0.0,REFERENCE,This test uses the supplied/current ticker universe and is not a survivorship-bias-free historical index-constituent study.
2013-05-14,T1_30D,99923.41541685665,0.0,99923.41541685665,101655.84931491638,-1.7042146711035655,0,0.0,REFERENCE,This test uses the supplied/current ticker universe and is not a survivorship-bias-free historical index-constituent study.
2013-05-15,T1_30D,99923.41541685665,0.0,99923.41541685665,101655.84931491638,-1.7042146711035655,0,0.0,REFERENCE,This test uses the supplied/current ticker universe and is not a survivorship-bias-free historical index-constituent study.
2013-05-16,T1_30D,99923.41541685665,0.0,99923.41541685665,101655.84931491638,-1.7042146711035655,0,0.0,REFERENCE,This test uses the supplied/current ticker universe and is not a survivorship-bias-free historical index-constituent study.
2013-05-17,T1_30D,99923.41541685665,0.0,99923.41541685665,101655.84931491638,-1.7042146711035655,0,0.0,REFERENCE,This test uses the supplied/current ticker universe and is not a survivorship-bias-free historical index-constituent study.
2013-05-20,T1_30D,99923.41541685665,0.0,99923.41541685665,101655.84931491638,-1.7042146711035655,0,0.0,REFERENCE,This test uses the supplied/current ticker universe and is not a survivorship-bias-free historical index-constituent study.
2013-05-21,T1_30D,99923.41541685665,0.0,99923.41541685665,101655.84931491638,-1.7042146711035655,0,0.0,REFERENCE,This test uses the supplied/current ticker universe and is not a survivorship-bias-free historical index-constituent study.
2013-05-22,T1_30D,77192.96333980496,23149.269073486328,100342.23241329129,101655.84931491638,-1.2922196907289463,1,0.41913799151824804,REFERENCE,This test uses the supplied/current ticker universe and is not a survivorship-bias-free historical index-constituent study.
2013-05-23,T1_30D,77192.96333980496,22938.849990844727,100131.81333064969,101655.84931491638,-1.499211304157655,1,-0.20970141642346896,REFERENCE,This test uses the supplied/current ticker universe and is not a survivorship-bias-free historical index-constituent study.
2013-05-24,T1_30D,43548.204497720144,56594.12825012207,100142.33274784221,101655.84931491638,-1.4888632353909026,3,0.010505569451524366,REFERENCE,This test uses the supplied/current ticker universe and is not a survivorship-bias-free historical index-constituent study.
2013-05-27,T1_30D,43548.204497720144,56796.18395996094,100344.38845768108,101655.84931491638,-1.2900987656623397,3,0.20176852714990368,REFERENCE,This test uses the supplied/current ticker universe and is not a survivorship-bias-free historical index-constituent study.
2013-05-28,T1_30D,43548.204497720144,57458.49006652832,101006.69456424846,101655.84931491638,-0.6385808146237792,3,0.6600330289986189,REFERENCE,This test uses the supplied/current ticker universe and is not a survivorship-bias-free historical index-constituent study.
2013-05-29,T1_30D,43548.204497720144,57334.84762573242,100883.05212345257,101655.84931491638,-0.7602092714505737,3,-0.12241014452487597,REFERENCE,This test uses the supplied/current ticker universe and is not a survivorship-bias-free historical index-constituent study.
2013-05-30,T1_30D,67956.245538437,34117.23001098633,102073.47554942332,102073.47554942332,0.0,2,1.1800033810575261,REFERENCE,This test uses the supplied/current ticker universe and is not a survivorship-bias-free historical index-constituent study.
2013-05-31,T1_30D,67956.245538437,33460.86245727539,101417.10799571239,102073.47554942332,-0.6430343928018112,2,-0.6430343928018112,REFERENCE,This test uses the supplied/current ticker universe and is not a survivorship-bias-free historical index-constituent study.
2013-06-03,T1_30D,67956.245538437,33570.69607543945,101526.94161387645,102073.47554942332,-0.5354318863006191,2,0.10829890571195655,REFERENCE,This test uses the supplied/current ticker universe and is not a survivorship-bias-free historical index-constituent study.
2013-06-04,T1_30D,42509.575850727866,58479.82048240909,100989.39633313696,102073.47554942332,-1.0620577093619743,3,-0.5294607246063454,REFERENCE,This test uses the supplied/current ticker universe and is not a survivorship-bias-free historical index-constituent study.
2013-06-05,T1_30D,42509.575850727866,58576.81668537907,101086.39253610693,102073.47554942332,-0.9670318444662485,3,0.09604592807941348,REFERENCE,This test uses the supplied/current ticker universe and is not a survivorship-bias-free historical index-constituent study.
2013-06-06,T1_30D,42509.575850727866,58780.42457543433,101290.0004261622,102073.47554942332,-0.7675599552616208,3,0.20141968166738078,REFERENCE,This test uses the supplied/current ticker universe and is not a survivorship-bias-free historical index-constituent study.
2013-06-07,T1_30D,42509.575850727866,57943.59708681638,100453.17293754424,102073.47554942332,-1.5873884994682563,3,-0.8261698934713513,REFERENCE,This test uses the supplied/current ticker universe and is not a survivorship-bias-free historical index-constituent study.
2013-06-10,T1_30D,42509.575850727866,57738.89034180307,100248.46619253093,102073.47554942332,-1.7879369219761077,3,-0.2037832544528717,REFERENCE,This test uses the supplied/current ticker universe and is not a survivorship-bias-free historical index-constituent study.
2013-06-11,T1_30D,82924.07801746462,16099.902923583984,99023.9809410486,102073.47554942332,-2.9875485202795593,1,-1.2214503602784865,REFERENCE,This test uses the supplied/current ticker universe and is not a survivorship-bias-free historical index-constituent study.
2013-06-12,T1_30D,82924.07801746462,16106.704833984375,99030.782851449,102073.47554942332,-2.9808847808861727,1,0.00686895268777743,REFERENCE,This test uses the supplied/current ticker universe and is not a survivorship-bias-free historical index-constituent study.
2013-06-13,T1_30D,98485.47544120725,0.0,98485.47544120725,102073.47554942332,-3.515115056975593,0,-0.5506443497066305,REFERENCE,This test uses the supplied/current ticker universe and is not a survivorship-bias-free historical index-constituent study.
2013-06-14,T1_30D,98485.47544120725,0.0,98485.47544120725,102073.47554942332,-3.515115056975593,0,0.0,REFERENCE,This test uses the supplied/current ticker universe and is not a survivorship-bias-free historical index-constituent study.
2013-06-17,T1_30D,76689.61581758723,22137.959930419922,98827.57574800715,102073.47554942332,-3.1799640248798333,1,0.3473611771353191,REFERENCE,This test uses the supplied/current ticker universe and is not a survivorship-bias-free historical index-constituent study.
2013-06-18,T1_30D,76689.61581758723,22024.55451965332,98714.17033724055,102073.47554942332,-3.2910657681644473,1,-0.11475077670201062,REFERENCE,This test uses the supplied/current ticker universe and is not a survivorship-bias-free historical index-constituent study.
2013-06-19,T1_30D,76689.61581758723,22007.877182006836,98697.49299959406,102073.47554942332,-3.3074043297317113,1,-0.016894573078529707,REFERENCE,This test uses the supplied/current ticker universe and is not a survivorship-bias-free historical index-constituent study.
2013-06-20,T1_30D,62281.986987279226,35915.156158447266,98197.1431457265,102073.47554942332,-3.7975902974127007,2,-0.5069529515502658,REFERENCE,This test uses the supplied/current ticker universe and is not a survivorship-bias-free historical index-constituent study.
2013-06-21,T1_30D,62281.986987279226,35842.210540771484,98124.19752805072,102073.47554942332,-3.8690541299932435,2,-0.07428486750121754,REFERENCE,This test uses the supplied/current ticker universe and is not a survivorship-bias-free historical index-constituent study.
2013-06-24,T1_30D,83310.68221001414,14144.214782714846,97454.89699272899,102073.47554942332,-4.524758789523187,1,-0.6820952957402815,REFERENCE,This test uses the supplied/current ticker universe and is not a survivorship-bias-free historical index-constituent study.
2013-06-25,T1_30D,83310.68221001414,14599.69223022461,97910.37444023875,102073.47554942332,-4.078533709934096,1,0.46737256060487287,REFERENCE,This test uses the supplied/current ticker universe and is not a survivorship-bias-free historical index-constituent study.
2013-06-26,T1_30D,83310.68221001414,13903.126220703125,97213.80843071727,102073.47554942332,-4.7609499848499155,1,-0.7114322802908357,REFERENCE,This test uses the supplied/current ticker universe and is not a survivorship-bias-free historical index-constituent study.
2013-06-27,T1_30D,83310.68221001414,14246.449432373047,97557.13164238719,102073.47554942332,-4.424600889434149,1,0.35316300967120906,REFERENCE,This test uses the supplied/current ticker universe and is not a survivorship-bias-free historical index-constituent study.
2013-06-28,T1_30D,83310.68221001414,14810.263671875,98120.94588188914,102073.47554942332,-3.8722397236492623,1,0.5779323664093727,REFERENCE,This test uses the supplied/current ticker universe and is not a survivorship-bias-free historical index-constituent study.
2013-07-01,T1_30D,59137.14476778467,39334.205017089844,98471.34978487452,102073.47554942332,-3.5289537709575547,2,0.3571142734469346,REFERENCE,This test uses the supplied/current ticker universe and is not a survivorship-bias-free historical index-constituent study.
2013-07-02,T1_30D,59137.14476778467,39233.020935058594,98370.16570284327,102073.47554942332,-3.6280824441869197,2,-0.10275484417782144,REFERENCE,This test uses the supplied/current ticker universe and is not a survivorship-bias-free historical index-constituent study.
2013-07-03,T1_30D,59137.14476778467,39250.56686401367,98387.71163179835,102073.47554942332,-3.610892935491705,2,0.01783663657544121,REFERENCE,This test uses the supplied/current ticker universe and is not a survivorship-bias-free historical index-constituent study.
2013-07-04,T1_30D,83830.10287760207,14984.98062133789,98815.08349893996,102073.47554942332,-3.1922025119108133,1,0.43437524875158395,REFERENCE,This test uses the supplied/current ticker universe and is not a survivorship-bias-free historical index-constituent study.
2013-07-05,T1_30D,83830.10287760207,14826.289672851562,98656.39255045363,102073.47554942332,-3.3476698824810414,1,-0.1605938515328309,REFERENCE,This test uses the supplied/current ticker universe and is not a survivorship-bias-free historical index-constituent study.
2013-07-08,T1_30D,83830.10287760207,14460.838317871096,98290.94119547316,102073.47554942332,-3.705697619866666,1,-0.37042845935560953,REFERENCE,This test uses the supplied/current ticker universe and is not a survivorship-bias-free historical index-constituent study.
2013-07-09,T1_30D,83830.10287760207,14314.3505859375,98144.45346353957,102073.47554942332,-3.849209664641373,1,-0.14903482472741203,REFERENCE,This test uses the supplied/current ticker universe and is not a survivorship-bias-free historical index-constituent study.
2013-07-10,T1_30D,83830.10287760207,13924.48745727539,97754.59033487746,102073.47554942332,-4.231153285708089,1,-0.39723399020907824,REFERENCE,This test uses the supplied/current ticker universe and is not a survivorship-bias-free historical index-constituent study.
2013-07-11,T1_30D,83830.10287760207,14004.596099853516,97834.69897745558,102073.47554942332,-4.152671934752872,1,0.0819487272195607,REFERENCE,This test uses the supplied/current ticker universe and is not a survivorship-bias-free historical index-constituent study.
2013-07-12,T1_30D,97483.6276058992,0.0,97483.6276058992,102073.47554942332,-4.4966117973535225,0,-0.3588413673530022,REFERENCE,This test uses the supplied/current ticker universe and is not a survivorship-bias-free historical index-constituent study.
2013-07-15,T1_30D,97483.6276058992,0.0,97483.6276058992,102073.47554942332,-4.4966117973535225,0,0.0,REFERENCE,This test uses the supplied/current ticker universe and is not a survivorship-bias-free historical index-constituent study.
2013-07-16,T1_30D,97483.6276058992,0.0,97483.6276058992,102073.47554942332,-4.4966117973535225,0,0.0,REFERENCE,This test uses the supplied/current ticker universe and is not a survivorship-bias-free historical index-constituent study.
2013-07-17,T1_30D,97483.6276058992,0.0,97483.6276058992,102073.47554942332,-4.4966117973535225,0,0.0,REFERENCE,This test uses the supplied/current ticker universe and is not a survivorship-bias-free historical index-constituent study.
2013-07-18,T1_30D,97483.6276058992,0.0,97483.6276058992,102073.47554942332,-4.4966117973535225,0,0.0,REFERENCE,This test uses the supplied/current ticker universe and is not a survivorship-bias-free historical index-constituent study.
2013-07-19,T1_30D,97483.6276058992,0.0,97483.6276058992,102073.47554942332,-4.4966117973535225,0,0.0,REFERENCE,This test uses the supplied/current ticker universe and is not a survivorship-bias-free historical index-constituent study.
2013-07-22,T1_30D,97483.6276058992,0.0,97483.6276058992,102073.47554942332,-4.4966117973535225,0,0.0,REFERENCE,This test uses the supplied/current ticker universe and is not a survivorship-bias-free historical index-constituent study.
2013-07-23,T1_30D,97483.6276058992,0.0,97483.6276058992,102073.47554942332,-4.4966117973535225,0,0.0,REFERENCE,This test uses the supplied/current ticker universe and is not a survivorship-bias-free historical index-constituent study.
2013-07-24,T1_30D,97483.6276058992,0.0,97483.6276058992,102073.47554942332,-4.4966117973535225,0,0.0,REFERENCE,This test uses the supplied/current ticker universe and is not a survivorship-bias-free historical index-constituent study.
2013-07-25,T1_30D,97483.6276058992,0.0,97483.6276058992,102073.47554942332,-4.4966117973535225,0,0.0,REFERENCE,This test uses the supplied/current ticker universe and is not a survivorship-bias-free historical index-constituent study.
2013-07-26,T1_30D,97483.6276058992,0.0,97483.6276058992,102073.47554942332,-4.4966117973535225,0,0.0,REFERENCE,This test uses the supplied/current ticker universe and is not a survivorship-bias-free historical index-constituent study.
2013-07-29,T1_30D,97483.6276058992,0.0,97483.6276058992,102073.47554942332,-4.4966117973535225,0,0.0,REFERENCE,This test uses the supplied/current ticker universe and is not a survivorship-bias-free historical index-constituent study.
2013-07-30,T1_30D,97483.6276058992,0.0,97483.6276058992,102073.47554942332,-4.4966117973535225,0,0.0,REFERENCE,This test uses the supplied/current ticker universe and is not a survivorship-bias-free historical index-constituent study.
2013-07-31,T1_30D,97483.6276058992,0.0,97483.6276058992,102073.47554942332,-4.4966117973535225,0,0.0,REFERENCE,This test uses the supplied/current ticker universe and is not a survivorship-bias-free historical index-constituent study.
2013-08-01,T1_30D,97483.6276058992,0.0,97483.6276058992,102073.47554942332,-4.4966117973535225,0,0.0,REFERENCE,This test uses the supplied/current ticker universe and is not a survivorship-bias-free historical index-constituent study.
2013-08-02,T1_30D,97483.6276058992,0.0,97483.6276058992,102073.47554942332,-4.4966117973535225,0,0.0,REFERENCE,This test uses the supplied/current ticker universe and is not a survivorship-bias-free historical index-constituent study.
2013-08-05,T1_30D,97483.6276058992,0.0,97483.6276058992,102073.47554942332,-4.4966117973535225,0,0.0,REFERENCE,This test uses the supplied/current ticker universe and is not a survivorship-bias-free historical index-constituent study.
2013-08-06,T1_30D,97483.6276058992,0.0,97483.6276058992,102073.47554942332,-4.4966117973535225,0,0.0,REFERENCE,This test uses the supplied/current ticker universe and is not a survivorship-bias-free historical index-constituent study.
2013-08-07,T1_30D,97483.6276058992,0.0,97483.6276058992,102073.47554942332,-4.4966117973535225,0,0.0,REFERENCE,This test uses the supplied/current ticker universe and is not a survivorship-bias-free historical index-constituent study.
2013-08-08,T1_30D,97483.6276058992,0.0,97483.6276058992,102073.47554942332,-4.4966117973535225,0,0.0,REFERENCE,This test uses the supplied/current ticker universe and is not a survivorship-bias-free historical index-constituent study.
2013-08-12,T1_30D,97483.6276058992,0.0,97483.6276058992,102073.47554942332,-4.4966117973535225,0,0.0,REFERENCE,This test uses the supplied/current ticker universe and is not a survivorship-bias-free historical index-constituent study.
2013-08-13,T1_30D,97483.6276058992,0.0,97483.6276058992,102073.47554942332,-4.4966117973535225,0,0.0,REFERENCE,This test uses the supplied/current ticker universe and is not a survivorship-bias-free historical index-constituent study.
2013-08-14,T1_30D,97483.6276058992,0.0,97483.6276058992,102073.47554942332,-4.4966117973535225,0,0.0,REFERENCE,This test uses the supplied/current ticker universe and is not a survivorship-bias-free historical index-constituent study.
2013-08-16,T1_30D,97483.6276058992,0.0,97483.6276058992,102073.47554942332,-4.4966117973535225,0,0.0,REFERENCE,This test uses the supplied/current ticker universe and is not a survivorship-bias-free historical index-constituent study.
2013-08-19,T1_30D,97483.6276058992,0.0,97483.6276058992,102073.47554942332,-4.4966117973535225,0,0.0,REFERENCE,This test uses the supplied/current ticker universe and is not a survivorship-bias-free historical index-constituent study.
2013-08-20,T1_30D,97483.6276058992,0.0,97483.6276058992,102073.47554942332,-4.4966117973535225,0,0.0,REFERENCE,This test uses the supplied/current ticker universe and is not a survivorship-bias-free historical index-constituent study.
2013-08-21,T1_30D,97483.6276058992,0.0,97483.6276058992,102073.47554942332,-4.4966117973535225,0,0.0,REFERENCE,This test uses the supplied/current ticker universe and is not a survivorship-bias-free historical index-constituent study.
2013-08-22,T1_30D,97483.6276058992,0.0,97483.6276058992,102073.47554942332,-4.4966117973535225,0,0.0,REFERENCE,This test uses the supplied/current ticker universe and is not a survivorship-bias-free historical index-constituent study.
2013-08-23,T1_30D,97483.6276058992,0.0,97483.6276058992,102073.47554942332,-4.4966117973535225,0,0.0,REFERENCE,This test uses the supplied/current ticker universe and is not a survivorship-bias-free historical index-constituent study.
2013-08-26,T1_30D,97483.6276058992,0.0,97483.6276058992,102073.47554942332,-4.4966117973535225,0,0.0,REFERENCE,This test uses the supplied/current ticker universe and is not a survivorship-bias-free historical index-constituent study.
2013-08-27,T1_30D,97483.6276058992,0.0,97483.6276058992,102073.47554942332,-4.4966117973535225,0,0.0,REFERENCE,This test uses the supplied/current ticker universe and is not a survivorship-bias-free historical index-constituent study.
2013-08-28,T1_30D,97483.6276058992,0.0,97483.6276058992,102073.47554942332,-4.4966117973535225,0,0.0,REFERENCE,This test uses the supplied/current ticker universe and is not a survivorship-bias-free historical index-constituent study.
2013-08-29,T1_30D,97483.6276058992,0.0,97483.6276058992,102073.47554942332,-4.4966117973535225,0,0.0,REFERENCE,This test uses the supplied/current ticker universe and is not a survivorship-bias-free historical index-constituent study.
2013-08-30,T1_30D,97483.6276058992,0.0,97483.6276058992,102073.47554942332,-4.4966117973535225,0,0.0,REFERENCE,This test uses the supplied/current ticker universe and is not a survivorship-bias-free historical index-constituent study.
2013-09-02,T1_30D,97483.6276058992,0.0,97483.6276058992,102073.47554942332,-4.4966117973535225,0,0.0,REFERENCE,This test uses the supplied/current ticker universe and is not a survivorship-bias-free historical index-constituent study.
2013-09-03,T1_30D,97483.6276058992,0.0,97483.6276058992,102073.47554942332,-4.4966117973535225,0,0.0,REFERENCE,This test uses the supplied/current ticker universe and is not a survivorship-bias-free historical index-constituent study.
2013-09-04,T1_30D,97483.6276058992,0.0,97483.6276058992,102073.47554942332,-4.4966117973535225,0,0.0,REFERENCE,This test uses the supplied/current ticker universe and is not a survivorship-bias-free historical index-constituent study.
2013-09-05,T1_30D,97483.6276058992,0.0,97483.6276058992,102073.47554942332,-4.4966117973535225,0,0.0,REFERENCE,This test uses the supplied/current ticker universe and is not a survivorship-bias-free historical index-constituent study.
2013-09-06,T1_30D,97483.6276058992,0.0,97483.6276058992,102073.47554942332,-4.4966117973535225,0,0.0,REFERENCE,This test uses the supplied/current ticker universe and is not a survivorship-bias-free historical index-constituent study.
2013-09-10,T1_30D,97483.6276058992,0.0,97483.6276058992,102073.47554942332,-4.4966117973535225,0,0.0,REFERENCE,This test uses the supplied/current ticker universe and is not a survivorship-bias-free historical index-constituent study.
2013-09-11,T1_30D,97483.6276058992,0.0,97483.6276058992,102073.47554942332,-4.4966117973535225,0,0.0,REFERENCE,This test uses the supplied/current ticker universe and is not a survivorship-bias-free historical index-constituent study.
2013-09-12,T1_30D,97483.6276058992,0.0,97483.6276058992,102073.47554942332,-4.4966117973535225,0,0.0,REFERENCE,This test uses the supplied/current ticker universe and is not a survivorship-bias-free historical index-constituent study.
2013-09-13,T1_30D,97483.6276058992,0.0,97483.6276058992,102073.47554942332,-4.4966117973535225,0,0.0,REFERENCE,This test uses the supplied/current ticker universe and is not a survivorship-bias-free historical index-constituent study.
2013-09-16,T1_30D,97483.6276058992,0.0,97483.6276058992,102073.47554942332,-4.4966117973535225,0,0.0,REFERENCE,This test uses the supplied/current ticker universe and is not a survivorship-bias-free historical index-constituent study.
2013-09-17,T1_30D,97483.6276058992,0.0,97483.6276058992,102073.47554942332,-4.4966117973535225,0,0.0,REFERENCE,This test uses the supplied/current ticker universe and is not a survivorship-bias-free historical index-constituent study.
2013-09-18,T1_30D,97483.6276058992,0.0,97483.6276058992,102073.47554942332,-4.4966117973535225,0,0.0,REFERENCE,This test uses the supplied/current ticker universe and is not a survivorship-bias-free historical index-constituent study.
2013-09-19,T1_30D,97483.6276058992,0.0,97483.6276058992,102073.47554942332,-4.4966117973535225,0,0.0,REFERENCE,This test uses the supplied/current ticker universe and is not a survivorship-bias-free historical index-constituent study.
2013-09-20,T1_30D,97483.6276058992,0.0,97483.6276058992,102073.47554942332,-4.4966117973535225,0,0.0,REFERENCE,This test uses the supplied/current ticker universe and is not a survivorship-bias-free historical index-constituent study.
2013-09-23,T1_30D,97483.6276058992,0.0,97483.6276058992,102073.47554942332,-4.4966117973535225,0,0.0,REFERENCE,This test uses the supplied/current ticker universe and is not a survivorship-bias-free historical index-constituent study.
2013-09-24,T1_30D,97483.6276058992,0.0,97483.6276058992,102073.47554942332,-4.4966117973535225,0,0.0,REFERENCE,This test uses the supplied/current ticker universe and is not a survivorship-bias-free historical index-constituent study.
2013-09-25,T1_30D,78781.08508093569,18688.246154785156,97469.33123572085,102073.47554942332,-4.510617757375357,1,-0.014665406416902727,REFERENCE,This test uses the supplied/current ticker universe and is not a survivorship-bias-free historical index-constituent study.
2013-09-26,T1_30D,78781.08508093569,18704.697265625,97485.78234656069,102073.47554942332,-4.494500827143188,1,0.016878243270235238,REFERENCE,This test uses the supplied/current ticker universe and is not a survivorship-bias-free historical index-constituent study.
2013-09-27,T1_30D,78781.08508093569,18669.30633544922,97450.39141638491,102073.47554942332,-4.529172841577189,1,-0.03630368380279636,REFERENCE,This test uses the supplied/current ticker universe and is not a survivorship-bias-free historical index-constituent study.
2013-09-30,T1_30D,78781.08508093569,18709.05303955078,97490.13812048647,102073.47554942332,-4.4902335344872535,1,0.04078660282824664,REFERENCE,This test uses the supplied/current ticker universe and is not a survivorship-bias-free historical index-constituent study.
2013-10-01,T1_30D,63208.97484199824,34539.57971191406,97748.55455391231,102073.47554942332,-4.237066458481575,2,0.26506930691436725,REFERENCE,This test uses the supplied/current ticker universe and is not a survivorship-bias-free historical index-constituent study.
2013-10-03,T1_30D,63208.97484199824,35290.26379394531,98499.23863594356,102073.47554942332,-3.5016314417050887,2,0.767974611447797,REFERENCE,This test uses the supplied/current ticker universe and is not a survivorship-bias-free historical index-constituent study.
2013-10-04,T1_30D,63208.97484199824,35234.465270996094,98443.44011299434,102073.47554942332,-3.5562964980763723,2,-0.05664868451973337,REFERENCE,This test uses the supplied/current ticker universe and is not a survivorship-bias-free historical index-constituent study.
2013-10-07,T1_30D,80063.24352418215,18764.007568359375,98827.25109254153,102073.47554942332,-3.180282085437558,1,0.3898796904157731,REFERENCE,This test uses the supplied/current ticker universe and is not a survivorship-bias-free historical index-constituent study.
2013-10-08,T1_30D,80063.24352418215,18840.382080078125,98903.62560426028,102073.47554942332,-3.105459011854872,1,0.07728082171103434,REFERENCE,This test uses the supplied/current ticker universe and is not a survivorship-bias-free historical index-constituent study.
2013-10-09,T1_30D,80063.24352418215,19310.436096191406,99373.67962037356,102073.47554942332,-2.6449534656459717,1,0.4752646965583418,REFERENCE,This test uses the supplied/current ticker universe and is not a survivorship-bias-free historical index-constituent study.
2013-10-10,T1_30D,80063.24352418215,19420.65490722656,99483.89843140871,102073.47554942332,-2.5369735909117286,1,0.11091348479417285,REFERENCE,This test uses the supplied/current ticker universe and is not a survivorship-bias-free historical index-constituent study.
2013-10-11,T1_30D,100751.03255429948,0.0,100751.03255429948,102073.47554942332,-1.2955794715577396,0,1.2737077485603487,REFERENCE,This test uses the supplied/current ticker universe and is not a survivorship-bias-free historical index-constituent study.
2013-10-14,T1_30D,100751.03255429948,0.0,100751.03255429948,102073.47554942332,-1.2955794715577396,0,0.0,REFERENCE,This test uses the supplied/current ticker universe and is not a survivorship-bias-free historical index-constituent study.
2013-10-15,T1_30D,100751.03255429948,0.0,100751.03255429948,102073.47554942332,-1.2955794715577396,0,0.0,REFERENCE,This test uses the supplied/current ticker universe and is not a survivorship-bias-free historical index-constituent study.
2013-10-17,T1_30D,100751.03255429948,0.0,100751.03255429948,102073.47554942332,-1.2955794715577396,0,0.0,REFERENCE,This test uses the supplied/current ticker universe and is not a survivorship-bias-free historical index-constituent study.
2013-10-18,T1_30D,100751.03255429948,0.0,100751.03255429948,102073.47554942332,-1.2955794715577396,0,0.0,REFERENCE,This test uses the supplied/current ticker universe and is not a survivorship-bias-free historical index-constituent study.
2013-10-21,T1_30D,100751.03255429948,0.0,100751.03255429948,102073.47554942332,-1.2955794715577396,0,0.0,REFERENCE,This test uses the supplied/current ticker universe and is not a survivorship-bias-free historical index-constituent study.
2013-10-22,T1_30D,100751.03255429948,0.0,100751.03255429948,102073.47554942332,-1.2955794715577396,0,0.0,REFERENCE,This test uses the supplied/current ticker universe and is not a survivorship-bias-free historical index-constituent study.
2013-10-23,T1_30D,100751.03255429948,0.0,100751.03255429948,102073.47554942332,-1.2955794715577396,0,0.0,REFERENCE,This test uses the supplied/current ticker universe and is not a survivorship-bias-free historical index-constituent study.
2013-10-24,T1_30D,100751.03255429948,0.0,100751.03255429948,102073.47554942332,-1.2955794715577396,0,0.0,REFERENCE,This test uses the supplied/current ticker universe and is not a survivorship-bias-free historical index-constituent study.
2013-10-25,T1_30D,100751.03255429948,0.0,100751.03255429948,102073.47554942332,-1.2955794715577396,0,0.0,REFERENCE,This test uses the supplied/current ticker universe and is not a survivorship-bias-free historical index-constituent study.
2013-10-28,T1_30D,86578.69153545465,14239.101104736328,100817.79264019098,102073.47554942332,-1.230175520597765,1,0.06626243344505234,REFERENCE,This test uses the supplied/current ticker universe and is not a survivorship-bias-free historical index-constituent study.
2013-10-29,T1_30D,86578.69153545465,14318.561851501465,100897.25338695612,102073.47554942332,-1.1523289043858354,1,0.07881619373351079,REFERENCE,This test uses the supplied/current ticker universe and is not a survivorship-bias-free historical index-constituent study.
2013-10-30,T1_30D,86578.69153545465,14030.157302856445,100608.8488383111,102073.47554942332,-1.434874930268315,1,-0.285839840990465,REFERENCE,This test uses the supplied/current ticker universe and is not a survivorship-bias-free historical index-constituent study.
2013-10-31,T1_30D,86578.69153545465,14058.1157913208,100636.80732677545,102073.47554942332,-1.4074843782038604,1,0.02778929367266425,REFERENCE,This test uses the supplied/current ticker universe and is not a survivorship-bias-free historical index-constituent study.
2013-11-01,T1_30D,86578.69153545465,14200.844398498535,100779.53593395319,102073.47554942332,-1.267655096983178,1,0.14182545230621013,REFERENCE,This test uses the supplied/current ticker universe and is not a survivorship-bias-free historical index-constituent study.
2013-11-05,T1_30D,86578.69153545465,14128.74291229248,100707.43444774713,102073.47554942332,-1.3382919454082542,1,-0.07154377675772094,REFERENCE,This test uses the supplied/current ticker universe and is not a survivorship-bias-free historical index-constituent study.
2013-11-06,T1_30D,86578.69153545465,14196.433868408203,100775.12540386285,102073.47554942332,-1.2719760335110908,1,0.06721545086212366,REFERENCE,This test uses the supplied/current ticker universe and is not a survivorship-bias-free historical index-constituent study.
2013-11-07,T1_30D,86578.69153545465,14183.188316345215,100761.87985179987,102073.47554942332,-1.2849525212731638,1,-0.013143672121374017,REFERENCE,This test uses the supplied/current ticker universe and is not a survivorship-bias-free historical index-constituent study.
2013-11-08,T1_30D,69315.05810508018,31719.783203125,101034.84130820518,102073.47554942332,-1.0175358834678239,2,0.2708975426091609,REFERENCE,This test uses the supplied/current ticker universe and is not a survivorship-bias-free historical index-constituent study.
2013-11-11,T1_30D,69315.05810508018,31565.15348815918,100880.21159323936,102073.47554942332,-1.1690245186235404,2,-0.15304593243643527,REFERENCE,This test uses the supplied/current ticker universe and is not a survivorship-bias-free historical index-constituent study.
2013-11-12,T1_30D,69315.05810508018,31648.556762695312,100963.6148677755,102073.47554942332,-1.0873154614103875,2,0.08267555471872523,REFERENCE,This test uses the supplied/current ticker universe and is not a survivorship-bias-free historical index-constituent study.
2013-11-13,T1_30D,69315.05810508018,31935.877159118652,101250.93526419884,102073.47554942332,-0.8058315647596626,2,0.28457815897302563,REFERENCE,This test uses the supplied/current ticker universe and is not a survivorship-bias-free historical index-constituent study.
2013-11-14,T1_30D,69315.05810508018,31780.789085388184,101095.84719046837,102073.47554942332,-0.9577692477822919,2,-0.15317199127671266,REFERENCE,This test uses the supplied/current ticker universe and is not a survivorship-bias-free historical index-constituent study.
2013-11-18,T1_30D,69315.05810508018,32304.537910461426,101619.59601554161,102073.47554942332,-0.44465962527351355,2,0.5180715525203272,REFERENCE,This test uses the supplied/current ticker universe and is not a survivorship-bias-free historical index-constituent study.
2013-11-19,T1_30D,69315.05810508018,32048.200103759766,101363.25820883995,102073.47554942332,-0.6957902988612319,2,-0.25225233788811474,REFERENCE,This test uses the supplied/current ticker universe and is not a survivorship-bias-free historical index-constituent study.
2013-11-20,T1_30D,69315.05810508018,31638.4630279541,100953.52113303429,102073.47554942332,-1.0972041564772272,2,-0.4042264258726558,REFERENCE,This test uses the supplied/current ticker universe and is not a survivorship-bias-free historical index-constituent study.
2013-11-21,T1_30D,69315.05810508018,31034.792587280273,100349.85069236046,102073.47554942332,-1.6886119021471968,2,-0.5979686829133191,REFERENCE,This test uses the supplied/current ticker universe and is not a survivorship-bias-free historical index-constituent study.
2013-11-22,T1_30D,69315.05810508018,30840.654739379883,100155.71284446007,102073.47554942332,-1.8788061194552785,2,-0.1934610231713818,REFERENCE,This test uses the supplied/current ticker universe and is not a survivorship-bias-free historical index-constituent study.
2013-11-25,T1_30D,69315.05810508018,31039.278648376465,100354.33675345665,102073.47554942332,-1.6842169689169406,2,0.19831510690262455,REFERENCE,This test uses the supplied/current ticker universe and is not a survivorship-bias-free historical index-constituent study.
2013-11-26,T1_30D,69315.05810508018,30691.08578491211,100006.1438899923,102073.47554942332,-2.025336796168997,2,-0.3469634444595804,REFERENCE,This test uses the supplied/current ticker universe and is not a survivorship-bias-free historical index-constituent study.
2013-11-27,T1_30D,85805.86372310738,13825.63101196289,99631.49473507027,102073.47554942332,-2.392375493446053,1,-0.37462613830420155,REFERENCE,This test uses the supplied/current ticker universe and is not a survivorship-bias-free historical index-constituent study.
2013-11-28,T1_30D,85805.86372310738,13908.026527404785,99713.89025051217,102073.47554942332,-2.3116537241535062,1,0.08270027029202431,REFERENCE,This test uses the supplied/current ticker universe and is not a survivorship-bias-free historical index-constituent study.
2013-11-29,T1_30D,85805.86372310738,13855.056884765625,99660.920607873,102073.47554942332,-2.363547364841301,1,-0.05312162879823612,REFERENCE,This test uses the supplied/current ticker universe and is not a survivorship-bias-free historical index-constituent study.
2013-12-02,T1_30D,85805.86372310738,14162.589088439941,99968.45281154732,102073.47554942332,-2.0622622346750275,1,0.30857852987766776,REFERENCE,This test uses the supplied/current ticker universe and is not a survivorship-bias-free historical index-constituent study.
2013-12-03,T1_30D,85805.86372310738,14197.901252746582,100003.76497585396,102073.47554942332,-2.0276673860950556,1,0.03532330781712556,REFERENCE,This test uses the supplied/current ticker universe and is not a survivorship-bias-free historical index-constituent study.
2013-12-04,T1_30D,85805.86372310738,14459.818885803223,100265.6826089106,102073.47554942332,-1.7710702322832117,1,0.26190777229224693,REFERENCE,This test uses the supplied/current ticker universe and is not a survivorship-bias-free historical index-constituent study.
2013-12-05,T1_30D,85805.86372310738,14505.4292678833,100311.29299099068,102073.47554942332,-1.7263863593822704,1,0.045489524325059705,REFERENCE,This test uses the supplied/current ticker universe and is not a survivorship-bias-free historical index-constituent study.
2013-12-06,T1_30D,85805.86372310738,14531.921768188477,100337.78549129586,102073.47554942332,-1.7004320160403097,1,0.026410286933042926,REFERENCE,This test uses the supplied/current ticker universe and is not a survivorship-bias-free historical index-constituent study.
2013-12-09,T1_30D,85805.86372310738,14926.262809753418,100732.1265328608,102073.47554942332,-1.3141014444179033,1,0.3930134989865275,REFERENCE,This test uses the supplied/current ticker universe and is not a survivorship-bias-free historical index-constituent study.
2013-12-10,T1_30D,101086.16944950676,0.0,101086.16944950676,102073.47554942332,-0.9672503993836457,0,0.3514697136175915,REFERENCE,This test uses the supplied/current ticker universe and is not a survivorship-bias-free historical index-constituent study.
2013-12-11,T1_30D,101086.16944950676,0.0,101086.16944950676,102073.47554942332,-0.9672503993836457,0,0.0,REFERENCE,This test uses the supplied/current ticker universe and is not a survivorship-bias-free historical index-constituent study.
2013-12-12,T1_30D,101086.16944950676,0.0,101086.16944950676,102073.47554942332,-0.9672503993836457,0,0.0,REFERENCE,This test uses the supplied/current ticker universe and is not a survivorship-bias-free historical index-constituent study.
2013-12-13,T1_30D,101086.16944950676,0.0,101086.16944950676,102073.47554942332,-0.9672503993836457,0,0.0,REFERENCE,This test uses the supplied/current ticker universe and is not a survivorship-bias-free historical index-constituent study.
2013-12-16,T1_30D,101086.16944950676,0.0,101086.16944950676,102073.47554942332,-0.9672503993836457,0,0.0,REFERENCE,This test uses the supplied/current ticker universe and is not a survivorship-bias-free historical index-constituent study.
2013-12-17,T1_30D,86407.90959100862,14673.614278923606,101081.52386993222,102073.47554942332,-0.9718016107042482,1,-0.004595662888251528,REFERENCE,This test uses the supplied/current ticker universe and is not a survivorship-bias-free historical index-constituent study.
2013-12-18,T1_30D,86407.90959100862,14640.214197853511,101048.12378886213,102073.47554942332,-1.0045232172629759,1,-0.033042716207043465,REFERENCE,This test uses the supplied/current ticker universe and is not a survivorship-bias-free historical index-constituent study.
2013-12-19,T1_30D,86407.90959100862,14208.675183669822,100616.58477467844,102073.47554942332,-1.4272961382993832,1,-0.42706286668456883,REFERENCE,This test uses the supplied/current ticker universe and is not a survivorship-bias-free historical index-constituent study.
2013-12-20,T1_30D,86407.90959100862,14531.996053706567,100939.90564471518,102073.47554942332,-1.1105430657735171,1,0.32133953936202,REFERENCE,This test uses the supplied/current ticker universe and is not a survivorship-bias-free historical index-constituent study.
2013-12-23,T1_30D,86407.90959100862,14670.27338092748,101078.1829719361,102073.47554942332,-0.9750746431724244,1,0.13698975280165282,REFERENCE,This test uses the supplied/current ticker universe and is not a survivorship-bias-free historical index-constituent study.
2013-12-24,T1_30D,86407.90959100862,14680.96349175298,101088.8730827616,102073.47554942332,-0.9646016865419549,1,0.010576081317625885,REFERENCE,This test uses the supplied/current ticker universe and is not a survivorship-bias-free historical index-constituent study.
2013-12-26,T1_30D,86407.90959100862,14691.649788767983,101099.5593797766,102073.47554942332,-0.9541324662499129,1,0.010571190170716172,REFERENCE,This test uses the supplied/current ticker universe and is not a survivorship-bias-free historical index-constituent study.
2013-12-27,T1_30D,86407.90959100862,14833.27182779552,101241.18141880413,102073.47554942332,-0.8153872748422275,1,0.14008175692985514,REFERENCE,This test uses the supplied/current ticker universe and is not a survivorship-bias-free historical index-constituent study.
2013-12-30,T1_30D,86407.90959100862,14652.236599812933,101060.14619082156,102073.47554942332,-0.9927450330728838,1,-0.17881579950522752,REFERENCE,This test uses the supplied/current ticker universe and is not a survivorship-bias-free historical index-constituent study.
2013-12-31,T1_30D,86407.90959100862,14679.627386808563,101087.53697781719,102073.47554942332,-0.9659106504399828,1,0.027103450794463413,REFERENCE,This test uses the supplied/current ticker universe and is not a survivorship-bias-free historical index-constituent study.
2014-01-01,T1_30D,86407.90959100862,14665.598920527267,101073.50851153588,102073.47554942332,-0.9796541486463473,1,-0.013877542870976978,REFERENCE,This test uses the supplied/current ticker universe and is not a survivorship-bias-free historical index-constituent study.
2014-01-02,T1_30D,67132.54807638348,33298.97633000687,100431.52440639035,102073.47554942332,-1.6085972719112052,2,-0.6351655489155728,REFERENCE,This test uses the supplied/current ticker universe and is not a survivorship-bias-free historical index-constituent study.
2014-01-03,T1_30D,85628.5858573204,14252.765375565414,99881.35123288582,102073.47554942332,-2.1475944702951666,1,-0.5478092429208714,REFERENCE,This test uses the supplied/current ticker universe and is not a survivorship-bias-free historical index-constituent study.
2014-01-06,T1_30D,99535.57063534595,0.0,99535.57063534595,102073.47554942332,-2.486351033328471,0,-0.3461913493076785,REFERENCE,This test uses the supplied/current ticker universe and is not a survivorship-bias-free historical index-constituent study.
2014-01-07,T1_30D,99535.57063534595,0.0,99535.57063534595,102073.47554942332,-2.486351033328471,0,0.0,REFERENCE,This test uses the supplied/current ticker universe and is not a survivorship-bias-free historical index-constituent study.
2014-01-08,T1_30D,99535.57063534595,0.0,99535.57063534595,102073.47554942332,-2.486351033328471,0,0.0,REFERENCE,This test uses the supplied/current ticker universe and is not a survivorship-bias-free historical index-constituent study.
2014-01-09,T1_30D,99535.57063534595,0.0,99535.57063534595,102073.47554942332,-2.486351033328471,0,0.0,REFERENCE,This test uses the supplied/current ticker universe and is not a survivorship-bias-free historical index-constituent study.
2014-01-10,T1_30D,99535.57063534595,0.0,99535.57063534595,102073.47554942332,-2.486351033328471,0,0.0,REFERENCE,This test uses the supplied/current ticker universe and is not a survivorship-bias-free historical index-constituent study.
2014-01-13,T1_30D,99535.57063534595,0.0,99535.57063534595,102073.47554942332,-2.486351033328471,0,0.0,REFERENCE,This test uses the supplied/current ticker universe and is not a survivorship-bias-free historical index-constituent study.
2014-01-14,T1_30D,99535.57063534595,0.0,99535.57063534595,102073.47554942332,-2.486351033328471,0,0.0,REFERENCE,This test uses the supplied/current ticker universe and is not a survivorship-bias-free historical index-constituent study.
2014-01-15,T1_30D,78945.75274953508,20936.611083984375,99882.36383351946,102073.47554942332,-2.1466024391840643,1,0.3484113226657426,REFERENCE,This test uses the supplied/current ticker universe and is not a survivorship-bias-free historical index-constituent study.
2014-01-16,T1_30D,78945.75274953508,20817.400512695312,99763.1532622304,102073.47554942332,-2.26339141952141,1,-0.1193509711962304,REFERENCE,This test uses the supplied/current ticker universe and is not a survivorship-bias-free historical index-constituent study.
2014-01-17,T1_30D,78945.75274953508,20647.005615234375,99592.75836476946,102073.47554942332,-2.4303249902103308,1,-0.1707994303398297,REFERENCE,This test uses the supplied/current ticker universe and is not a survivorship-bias-free historical index-constituent study.
2014-01-20,T1_30D,78945.75274953508,20681.900268554688,99627.65301808977,102073.47554942332,-2.396139171482703,1,0.03503733995648961,REFERENCE,This test uses the supplied/current ticker universe and is not a survivorship-bias-free historical index-constituent study.
2014-01-21,T1_30D,78945.75274953508,20957.548828125,99903.30157766008,102073.47554942332,-2.1260900151405693,1,0.2766787645998914,REFERENCE,This test uses the supplied/current ticker universe and is not a survivorship-bias-free historical index-constituent study.
2014-01-22,T1_30D,78945.75274953508,21026.7509765625,99972.50372609758,102073.47554942332,-2.0582936086157577,1,0.0692691305939519,REFERENCE,This test uses the supplied/current ticker universe and is not a survivorship-bias-free historical index-constituent study.
2014-01-23,T1_30D,78945.75274953508,20863.340087890625,99809.0928374257,102073.47554942332,-2.218385040588944,1,-0.16345583293541077,REFERENCE,This test uses the supplied/current ticker universe and is not a survivorship-bias-free historical index-constituent study.
2014-01-24,T1_30D,78945.75274953508,20635.95751953125,99581.71026906633,102073.47554942332,-2.4411486597715526,1,-0.22781748826206094,REFERENCE,This test uses the supplied/current ticker universe and is not a survivorship-bias-free historical index-constituent study.
2014-01-27,T1_30D,98785.77813420516,0.0,98785.77813420516,102073.47554942332,-3.220912580395363,0,-0.799275421872736,REFERENCE,This test uses the supplied/current ticker universe and is not a survivorship-bias-free historical index-constituent study.
2014-01-28,T1_30D,98785.77813420516,0.0,98785.77813420516,102073.47554942332,-3.220912580395363,0,0.0,REFERENCE,This test uses the supplied/current ticker universe and is not a survivorship-bias-free historical index-constituent study.
2014-01-29,T1_30D,98785.77813420516,0.0,98785.77813420516,102073.47554942332,-3.220912580395363,0,0.0,REFERENCE,This test uses the supplied/current ticker universe and is not a survivorship-bias-free historical index-constituent study.
2014-01-30,T1_30D,98785.77813420516,0.0,98785.77813420516,102073.47554942332,-3.220912580395363,0,0.0,REFERENCE,This test uses the supplied/current ticker universe and is not a survivorship-bias-free historical index-constituent study.
2014-01-31,T1_30D,98785.77813420516,0.0,98785.77813420516,102073.47554942332,-3.220912580395363,0,0.0,REFERENCE,This test uses the supplied/current ticker universe and is not a survivorship-bias-free historical index-constituent study.
2014-02-03,T1_30D,98785.77813420516,0.0,98785.77813420516,102073.47554942332,-3.220912580395363,0,0.0,REFERENCE,This test uses the supplied/current ticker universe and is not a survivorship-bias-free historical index-constituent study.
2014-02-04,T1_30D,98785.77813420516,0.0,98785.77813420516,102073.47554942332,-3.220912580395363,0,0.0,REFERENCE,This test uses the supplied/current ticker universe and is not a survivorship-bias-free historical index-constituent study.
2014-02-05,T1_30D,98785.77813420516,0.0,98785.77813420516,102073.47554942332,-3.220912580395363,0,0.0,REFERENCE,This test uses the supplied/current ticker universe and is not a survivorship-bias-free historical index-constituent study.
2014-02-06,T1_30D,98785.77813420516,0.0,98785.77813420516,102073.47554942332,-3.220912580395363,0,0.0,REFERENCE,This test uses the supplied/current ticker universe and is not a survivorship-bias-free historical index-constituent study.
2014-02-07,T1_30D,98785.77813420516,0.0,98785.77813420516,102073.47554942332,-3.220912580395363,0,0.0,REFERENCE,This test uses the supplied/current ticker universe and is not a survivorship-bias-free historical index-constituent study.
2014-02-10,T1_30D,98785.77813420516,0.0,98785.77813420516,102073.47554942332,-3.220912580395363,0,0.0,REFERENCE,This test uses the supplied/current ticker universe and is not a survivorship-bias-free historical index-constituent study.
2014-02-11,T1_30D,98785.77813420516,0.0,98785.77813420516,102073.47554942332,-3.220912580395363,0,0.0,REFERENCE,This test uses the supplied/current ticker universe and is not a survivorship-bias-free historical index-constituent study.
2014-02-12,T1_30D,98785.77813420516,0.0,98785.77813420516,102073.47554942332,-3.220912580395363,0,0.0,REFERENCE,This test uses the supplied/current ticker universe and is not a survivorship-bias-free historical index-constituent study.
2014-02-13,T1_30D,80720.92532100479,18220.14363861084,98941.06895961563,102073.47554942332,-3.0687762643009098,1,0.15719957704791732,REFERENCE,This test uses the supplied/current ticker universe and is not a survivorship-bias-free historical index-constituent study.
2014-02-14,T1_30D,80720.92532100479,18502.373916625973,99223.29923763077,102073.47554942332,-2.792279087638705,1,0.2852508882134064,REFERENCE,This test uses the supplied/current ticker universe and is not a survivorship-bias-free historical index-constituent study.
2014-02-17,T1_30D,80720.92532100479,18410.484016418457,99131.40933742325,102073.47554942332,-2.882302376953505,1,-0.09260919654309197,REFERENCE,This test uses the supplied/current ticker universe and is not a survivorship-bias-free historical index-constituent study.
2014-02-18,T1_30D,80720.92532100479,18280.855308532715,99001.7806295375,102073.47554942332,-3.0092978644569834,1,-0.13076451626397034,REFERENCE,This test uses the supplied/current ticker universe and is not a survivorship-bias-free historical index-constituent study.
2014-02-19,T1_30D,80720.92532100479,18559.805297851562,99280.73061885635,102073.47554942332,-2.736014342153703,1,0.2817625981523131,REFERENCE,This test uses the supplied/current ticker universe and is not a survivorship-bias-free historical index-constituent study.
2014-02-20,T1_30D,80720.92532100479,18548.319641113285,99269.24496211807,102073.47554942332,-2.7472666843282534,1,-0.011568868064015803,REFERENCE,This test uses the supplied/current ticker universe and is not a survivorship-bias-free historical index-constituent study.
2014-02-21,T1_30D,80720.92532100479,18756.707801818844,99477.63312282364,102073.47554942332,-2.5431116287823463,1,0.20992217759396858,REFERENCE,This test uses the supplied/current ticker universe and is not a survivorship-bias-free historical index-constituent study.
2014-02-24,T1_30D,80720.92532100479,18956.89214324951,99677.8174642543,102073.47554942332,-2.346993743745951,1,0.20123552918021037,REFERENCE,This test uses the supplied/current ticker universe and is not a survivorship-bias-free historical index-constituent study.
2014-02-25,T1_30D,99965.3920113362,0.0,99965.3920113362,102073.47554942332,-2.065260859141027,0,0.2885040567677244,REFERENCE,This test uses the supplied/current ticker universe and is not a survivorship-bias-free historical index-constituent study.
2014-02-26,T1_30D,99965.3920113362,0.0,99965.3920113362,102073.47554942332,-2.065260859141027,0,0.0,REFERENCE,This test uses the supplied/current ticker universe and is not a survivorship-bias-free historical index-constituent study.
2014-02-28,T1_30D,99965.3920113362,0.0,99965.3920113362,102073.47554942332,-2.065260859141027,0,0.0,REFERENCE,This test uses the supplied/current ticker universe and is not a survivorship-bias-free historical index-constituent study.
2014-03-03,T1_30D,99965.3920113362,0.0,99965.3920113362,102073.47554942332,-2.065260859141027,0,0.0,REFERENCE,This test uses the supplied/current ticker universe and is not a survivorship-bias-free historical index-constituent study.
2014-03-04,T1_30D,99965.3920113362,0.0,99965.3920113362,102073.47554942332,-2.065260859141027,0,0.0,REFERENCE,This test uses the supplied/current ticker universe and is not a survivorship-bias-free historical index-constituent study.
2014-03-05,T1_30D,99965.3920113362,0.0,99965.3920113362,102073.47554942332,-2.065260859141027,0,0.0,REFERENCE,This test uses the supplied/current ticker universe and is not a survivorship-bias-free historical index-constituent study.
2014-03-06,T1_30D,99965.3920113362,0.0,99965.3920113362,102073.47554942332,-2.065260859141027,0,0.0,REFERENCE,This test uses the supplied/current ticker universe and is not a survivorship-bias-free historical index-constituent study.
2014-03-07,T1_30D,99965.3920113362,0.0,99965.3920113362,102073.47554942332,-2.065260859141027,0,0.0,REFERENCE,This test uses the supplied/current ticker universe and is not a survivorship-bias-free historical index-constituent study.
2014-03-10,T1_30D,99965.3920113362,0.0,99965.3920113362,102073.47554942332,-2.065260859141027,0,0.0,REFERENCE,This test uses the supplied/current ticker universe and is not a survivorship-bias-free historical index-constituent study.
2014-03-11,T1_30D,77320.04338053075,22907.664184570312,100227.70756510107,102073.47554942332,-1.8082738678066756,1,0.2624063673307253,REFERENCE,This test uses the supplied/current ticker universe and is not a survivorship-bias-free historical index-constituent study.
2014-03-12,T1_30D,77320.04338053075,22383.83056640625,99703.873946937,102073.47554942332,-2.321466560956842,1,-0.5226435193320333,REFERENCE,This test uses the supplied/current ticker universe and is not a survivorship-bias-free historical index-constituent study.
2014-03-13,T1_30D,77320.04338053075,22334.90112304688,99654.94450357763,102073.47554942332,-2.369402073190563,1,-0.049074766528545144,REFERENCE,This test uses the supplied/current ticker universe and is not a survivorship-bias-free historical index-constituent study.
2014-03-14,T1_30D,77320.04338053075,22637.109375,99957.15275553075,102073.47554942332,-2.0733327463390405,1,0.30325464878691033,REFERENCE,This test uses the supplied/current ticker universe and is not a survivorship-bias-free historical index-constituent study.
2014-03-18,T1_30D,77320.04338053075,21946.343994140625,99266.38737467138,102073.47554942332,-2.750066224004266,1,-0.6910614816618588,REFERENCE,This test uses the supplied/current ticker universe and is not a survivorship-bias-free historical index-constituent study.
2014-03-19,T1_30D,99183.91310196825,0.0,99183.91310196825,102073.47554942332,-2.8308651507177873,0,-0.08308378584569454,REFERENCE,This test uses the supplied/current ticker universe and is not a survivorship-bias-free historical index-constituent study.
2014-03-20,T1_30D,99183.91310196825,0.0,99183.91310196825,102073.47554942332,-2.8308651507177873,0,0.0,REFERENCE,This test uses the supplied/current ticker universe and is not a survivorship-bias-free historical index-constituent study.
2014-03-21,T1_30D,99183.91310196825,0.0,99183.91310196825,102073.47554942332,-2.8308651507177873,0,0.0,REFERENCE,This test uses the supplied/current ticker universe and is not a survivorship-bias-free historical index-constituent study.
2014-03-24,T1_30D,99183.91310196825,0.0,99183.91310196825,102073.47554942332,-2.8308651507177873,0,0.0,REFERENCE,This test uses the supplied/current ticker universe and is not a survivorship-bias-free historical index-constituent study.
2014-03-25,T1_30D,99183.91310196825,0.0,99183.91310196825,102073.47554942332,-2.8308651507177873,0,0.0,REFERENCE,This test uses the supplied/current ticker universe and is not a survivorship-bias-free historical index-constituent study.
2014-03-26,T1_30D,82555.07903121383,16545.609558105472,99100.6885893193,102073.47554942332,-2.9123990773338826,1,-0.08390928533279496,REFERENCE,This test uses the supplied/current ticker universe and is not a survivorship-bias-free historical index-constituent study.
2014-03-27,T1_30D,82555.07903121383,16647.409698486328,99202.48872970016,102073.47554942332,-2.8126668600924165,1,0.10272394857187006,REFERENCE,This test uses the supplied/current ticker universe and is not a survivorship-bias-free historical index-constituent study.
2014-03-28,T1_30D,82555.07903121383,16706.071563720703,99261.15059493453,102073.47554942332,-2.755196626107914,1,0.05913346125239194,REFERENCE,This test uses the supplied/current ticker universe and is not a survivorship-bias-free historical index-constituent study.
2014-03-31,T1_30D,82555.07903121383,16920.883392333984,99475.96242354781,102073.47554942332,-2.544748390210161,1,0.21641077836169753,REFERENCE,This test uses the supplied/current ticker universe and is not a survivorship-bias-free historical index-constituent study.
2014-04-01,T1_30D,82555.07903121383,17256.4716796875,99811.55071090133,102073.47554942332,-2.215977095270738,1,0.33735616040049266,REFERENCE,This test uses the supplied/current ticker universe and is not a survivorship-bias-free historical index-constituent study.
2014-04-02,T1_30D,82555.07903121383,17288.388885498047,99843.46791671187,102073.47554942332,-2.184708241497757,1,0.03197746712000349,REFERENCE,This test uses the supplied/current ticker universe and is not a survivorship-bias-free historical index-constituent study.
2014-04-03,T1_30D,82555.07903121383,17378.113403320312,99933.19243453414,102073.47554942332,-2.096806347945779,1,0.08986518566953539,REFERENCE,This test uses the supplied/current ticker universe and is not a survivorship-bias-free historical index-constituent study.
2014-04-04,T1_30D,82555.07903121383,17236.627716064453,99791.70674727828,102073.47554942332,-2.2354179573715327,1,-0.14158027358982528,REFERENCE,This test uses the supplied/current ticker universe and is not a survivorship-bias-free historical index-constituent study.
2014-04-07,T1_30D,82555.07903121383,17497.160522460938,100052.23955367476,102073.47554942332,-1.9801774994620325,1,0.26107661136238747,REFERENCE,This test uses the supplied/current ticker universe and is not a survivorship-bias-free historical index-constituent study.
2014-04-09,T1_30D,59283.12531983903,41430.86343383789,100713.98875367692,102073.47554942332,-1.3318707807574826,2,0.6614036856687822,REFERENCE,This test uses the supplied/current ticker universe and is not a survivorship-bias-free historical index-constituent study.
2014-04-10,T1_30D,59283.12531983903,41317.828125,100600.95344483903,102073.47554942332,-1.4426099402006787,2,-0.11223397090780463,REFERENCE,This test uses the supplied/current ticker universe and is not a survivorship-bias-free historical index-constituent study.
2014-04-11,T1_30D,59283.12531983903,41007.74002075195,100290.86534059099,102073.47554942332,-1.746399051504044,2,-0.30823575088487765,REFERENCE,This test uses the supplied/current ticker universe and is not a survivorship-bias-free historical index-constituent study.
2014-04-15,T1_30D,59283.12531983903,40193.72900390625,99476.85432374528,102073.47554942332,-2.543874607679808,2,-0.8116502077046506,REFERENCE,This test uses the supplied/current ticker universe and is not a survivorship-bias-free historical index-constituent study.
2014-04-16,T1_30D,59283.12531983903,40117.208404541016,99400.33372438005,102073.47554942332,-2.6188408013489872,2,-0.07692301881219166,REFERENCE,This test uses the supplied/current ticker universe and is not a survivorship-bias-free historical index-constituent study.
2014-04-17,T1_30D,59283.12531983903,40236.81491088867,99519.9402307277,102073.47554942332,-2.501663928803144,2,0.12032807322288619,REFERENCE,This test uses the supplied/current ticker universe and is not a survivorship-bias-free historical index-constituent study.
2014-04-21,T1_30D,59283.12531983903,40789.2887878418,100072.41410768083,102073.47554942332,-1.9604127624454182,2,0.5551388753572972,REFERENCE,This test uses the supplied/current ticker universe and is not a survivorship-bias-free historical index-constituent study.
2014-04-22,T1_30D,59283.12531983903,41028.59701538086,100311.72233521989,102073.47554942332,-1.725965736662316,2,0.23913506001920215,REFERENCE,This test uses the supplied/current ticker universe and is not a survivorship-bias-free historical index-constituent study.
2014-04-23,T1_30D,59283.12531983903,41423.265197753906,100706.39051759294,102073.47554942332,-1.3393146696258573,2,0.3934417366039833,REFERENCE,This test uses the supplied/current ticker universe and is not a survivorship-bias-free historical index-constituent study.
2014-04-24,T1_30D,59283.12531983903,41423.265197753906,100706.39051759294,102073.47554942332,-1.3393146696258573,2,0.0,REFERENCE,This test uses the supplied/current ticker universe and is not a survivorship-bias-free historical index-constituent study.
2014-04-25,T1_30D,77466.05324562016,23282.3583984375,100748.41164405766,102073.47554942332,-1.2981471417852108,1,0.04172637530621692,REFERENCE,This test uses the supplied/current ticker universe and is not a survivorship-bias-free historical index-constituent study.
2014-04-28,T1_30D,77466.05324562016,23243.890869140625,100709.94411476079,102073.47554942332,-1.3358332586630994,1,-0.038181772465828434,REFERENCE,This test uses the supplied/current ticker universe and is not a survivorship-bias-free historical index-constituent study.
2014-04-29,T1_30D,77466.05324562016,22942.606201171875,100408.65944679204,102073.47554942332,-1.6309977628078287,1,-0.29916079352146907,REFERENCE,This test uses the supplied/current ticker universe and is not a survivorship-bias-free historical index-constituent study.
2014-04-30,T1_30D,40167.748195661494,60692.60760498047,100860.35580064196,102073.47554942332,-1.1884769694101127,3,0.44985796677157186,REFERENCE,This test uses the supplied/current ticker universe and is not a survivorship-bias-free historical index-constituent study.
2014-05-02,T1_30D,40167.748195661494,60784.95936584473,100952.70756150622,102073.47554942332,-1.0980012014722096,3,0.09156398480965056,REFERENCE,This test uses the supplied/current ticker universe and is not a survivorship-bias-free historical index-constituent study.
2014-05-05,T1_30D,40167.748195661494,61045.29609680176,101213.04429246325,102073.47554942332,-0.8429528360121896,3,0.25787988974779186,REFERENCE,This test uses the supplied/current ticker universe and is not a survivorship-bias-free historical index-constituent study.
2014-05-06,T1_30D,59603.859997052125,42788.19186401367,102392.05186106579,102392.05186106579,0.0,2,1.1648770935055675,REFERENCE,This test uses the supplied/current ticker universe and is not a survivorship-bias-free historical index-constituent study.
2014-05-07,T1_30D,39362.95145908142,62722.908935546875,102085.8603946283,102392.05186106579,-0.29903831486154386,3,-0.29903831486154386,REFERENCE,This test uses the supplied/current ticker universe and is not a survivorship-bias-free historical index-constituent study.
2014-05-08,T1_30D,39362.95145908142,63272.766540527344,102635.71799960877,102635.71799960877,0.0,3,0.5386226876620492,REFERENCE,This test uses the supplied/current ticker universe and is not a survivorship-bias-free historical index-constituent study.
2014-05-09,T1_30D,39362.95145908142,65556.06100463867,104919.0124637201,104919.0124637201,0.0,3,2.224658733444085,REFERENCE,This test uses the supplied/current ticker universe and is not a survivorship-bias-free historical index-constituent study.
2014-05-12,T1_30D,105806.89584849098,0.0,105806.89584849098,105806.89584849098,0.0,0,0.8462559491568822,REFERENCE,This test uses the supplied/current ticker universe and is not a survivorship-bias-free historical index-constituent study.
2014-05-13,T1_30D,105806.89584849098,0.0,105806.89584849098,105806.89584849098,0.0,0,0.0,REFERENCE,This test uses the supplied/current ticker universe and is not a survivorship-bias-free historical index-constituent study.
2014-05-14,T1_30D,105806.89584849098,0.0,105806.89584849098,105806.89584849098,0.0,0,0.0,REFERENCE,This test uses the supplied/current ticker universe and is not a survivorship-bias-free historical index-constituent study.
2014-05-15,T1_30D,105806.89584849098,0.0,105806.89584849098,105806.89584849098,0.0,0,0.0,REFERENCE,This test uses the supplied/current ticker universe and is not a survivorship-bias-free historical index-constituent study.
2014-05-16,T1_30D,105806.89584849098,0.0,105806.89584849098,105806.89584849098,0.0,0,0.0,REFERENCE,This test uses the supplied/current ticker universe and is not a survivorship-bias-free historical index-constituent study.
2014-05-19,T1_30D,105806.89584849098,0.0,105806.89584849098,105806.89584849098,0.0,0,0.0,REFERENCE,This test uses the supplied/current ticker universe and is not a survivorship-bias-free historical index-constituent study.
2014-05-20,T1_30D,105806.89584849098,0.0,105806.89584849098,105806.89584849098,0.0,0,0.0,REFERENCE,This test uses the supplied/current ticker universe and is not a survivorship-bias-free historical index-constituent study.
2014-05-21,T1_30D,105806.89584849098,0.0,105806.89584849098,105806.89584849098,0.0,0,0.0,REFERENCE,This test uses the supplied/current ticker universe and is not a survivorship-bias-free historical index-constituent study.
2014-05-22,T1_30D,105806.89584849098,0.0,105806.89584849098,105806.89584849098,0.0,0,0.0,REFERENCE,This test uses the supplied/current ticker universe and is not a survivorship-bias-free historical index-constituent study.
2014-05-23,T1_30D,105806.89584849098,0.0,105806.89584849098,105806.89584849098,0.0,0,0.0,REFERENCE,This test uses the supplied/current ticker universe and is not a survivorship-bias-free historical index-constituent study.
2014-05-26,T1_30D,105806.89584849098,0.0,105806.89584849098,105806.89584849098,0.0,0,0.0,REFERENCE,This test uses the supplied/current ticker universe and is not a survivorship-bias-free historical index-constituent study.
2014-05-27,T1_30D,105806.89584849098,0.0,105806.89584849098,105806.89584849098,0.0,0,0.0,REFERENCE,This test uses the supplied/current ticker universe and is not a survivorship-bias-free historical index-constituent study.
2014-05-28,T1_30D,87996.10690874311,17687.791748046875,105683.89865678998,105806.89584849098,-0.1162468577446285,1,-0.1162468577446285,REFERENCE,This test uses the supplied/current ticker universe and is not a survivorship-bias-free historical index-constituent study.
2014-05-29,T1_30D,87996.10690874311,17504.20977783203,105500.31668657514,105806.89584849098,-0.28975347916344596,1,-0.1737085521523296,REFERENCE,This test uses the supplied/current ticker universe and is not a survivorship-bias-free historical index-constituent study.
2014-05-30,T1_30D,104955.29043809016,0.0,104955.29043809016,105806.89584849098,-0.8048675878557732,0,-0.5166110070590313,REFERENCE,This test uses the supplied/current ticker universe and is not a survivorship-bias-free historical index-constituent study.
2014-06-02,T1_30D,104955.29043809016,0.0,104955.29043809016,105806.89584849098,-0.8048675878557732,0,0.0,REFERENCE,This test uses the supplied/current ticker universe and is not a survivorship-bias-free historical index-constituent study.
2014-06-03,T1_30D,104955.29043809016,0.0,104955.29043809016,105806.89584849098,-0.8048675878557732,0,0.0,REFERENCE,This test uses the supplied/current ticker universe and is not a survivorship-bias-free historical index-constituent study.
2014-06-04,T1_30D,104955.29043809016,0.0,104955.29043809016,105806.89584849098,-0.8048675878557732,0,0.0,REFERENCE,This test uses the supplied/current ticker universe and is not a survivorship-bias-free historical index-constituent study.
2014-06-05,T1_30D,104955.29043809016,0.0,104955.29043809016,105806.89584849098,-0.8048675878557732,0,0.0,REFERENCE,This test uses the supplied/current ticker universe and is not a survivorship-bias-free historical index-constituent study.
2014-06-06,T1_30D,104955.29043809016,0.0,104955.29043809016,105806.89584849098,-0.8048675878557732,0,0.0,REFERENCE,This test uses the supplied/current ticker universe and is not a survivorship-bias-free historical index-constituent study.
2014-06-09,T1_30D,104955.29043809016,0.0,104955.29043809016,105806.89584849098,-0.8048675878557732,0,0.0,REFERENCE,This test uses the supplied/current ticker universe and is not a survivorship-bias-free historical index-constituent study.
2014-06-10,T1_30D,104955.29043809016,0.0,104955.29043809016,105806.89584849098,-0.8048675878557732,0,0.0,REFERENCE,This test uses the supplied/current ticker universe and is not a survivorship-bias-free historical index-constituent study.
2014-06-11,T1_30D,104955.29043809016,0.0,104955.29043809016,105806.89584849098,-0.8048675878557732,0,0.0,REFERENCE,This test uses the supplied/current ticker universe and is not a survivorship-bias-free historical index-constituent study.
2014-06-12,T1_30D,104955.29043809016,0.0,104955.29043809016,105806.89584849098,-0.8048675878557732,0,0.0,REFERENCE,This test uses the supplied/current ticker universe and is not a survivorship-bias-free historical index-constituent study.
2014-06-13,T1_30D,104955.29043809016,0.0,104955.29043809016,105806.89584849098,-0.8048675878557732,0,0.0,REFERENCE,This test uses the supplied/current ticker universe and is not a survivorship-bias-free historical index-constituent study.
2014-06-16,T1_30D,104955.29043809016,0.0,104955.29043809016,105806.89584849098,-0.8048675878557732,0,0.0,REFERENCE,This test uses the supplied/current ticker universe and is not a survivorship-bias-free historical index-constituent study.
2014-06-17,T1_30D,86447.72364272189,18953.925765991215,105401.6494087131,105806.89584849098,-0.38300569781214433,1,0.4252848701192802,REFERENCE,This test uses the supplied/current ticker universe and is not a survivorship-bias-free historical index-constituent study.
2014-06-18,T1_30D,86447.72364272189,18587.798568725582,105035.52221144747,105806.89584849098,-0.7290390960415949,1,-0.347363821457769,REFERENCE,This test uses the supplied/current ticker universe and is not a survivorship-bias-free historical index-constituent study.
2014-06-19,T1_30D,86447.72364272189,18460.304748535153,104908.02839125704,105806.89584849098,-0.8495357982347906,1,-0.12138162167059097,REFERENCE,This test uses the supplied/current ticker universe and is not a survivorship-bias-free historical index-constituent study.
2014-06-20,T1_30D,86447.72364272189,18265.46998596191,104713.1936286838,105806.89584849098,-1.0336776360713729,1,-0.18571959225713863,REFERENCE,This test uses the supplied/current ticker universe and is not a survivorship-bias-free historical index-constituent study.
2014-06-23,T1_30D,86447.72364272189,18492.338226318363,104940.06186904025,105806.89584849098,-0.8192603823213851,1,0.21665678649906983,REFERENCE,This test uses the supplied/current ticker universe and is not a survivorship-bias-free historical index-constituent study.
2014-06-24,T1_30D,86447.72364272189,18820.555404663082,105268.27904738497,105806.89584849098,-0.5090564247128837,1,0.31276632822490047,REFERENCE,This test uses the supplied/current ticker universe and is not a survivorship-bias-free historical index-constituent study.
2014-06-25,T1_30D,86447.72364272189,18574.71949768066,105022.44314040255,105806.89584849098,-0.7414003612880915,1,-0.23353275004311946,REFERENCE,This test uses the supplied/current ticker universe and is not a survivorship-bias-free historical index-constituent study.
2014-06-26,T1_30D,86447.72364272189,18341.309310913082,104789.03295363497,105806.89584849098,-0.9620005262355735,1,-0.22224791176828074,REFERENCE,This test uses the supplied/current ticker universe and is not a survivorship-bias-free historical index-constituent study.
2014-06-27,T1_30D,71630.18621103914,32905.12635803223,104535.31256907136,105806.89584849098,-1.2017962243599412,2,-0.2421249413341542,REFERENCE,This test uses the supplied/current ticker universe and is not a survivorship-bias-free historical index-constituent study.
2014-06-30,T1_30D,71630.18621103914,33262.34909057617,104892.53530161531,105806.89584849098,-0.8641785958686254,2,0.3417244601511271,REFERENCE,This test uses the supplied/current ticker universe and is not a survivorship-bias-free historical index-constituent study.
2014-07-01,T1_30D,71630.18621103914,34126.8508605957,105757.03707163484,105806.89584849098,-0.04712242662098243,2,0.8241785438150462,REFERENCE,This test uses the supplied/current ticker universe and is not a survivorship-bias-free historical index-constituent study.
2014-07-02,T1_30D,71630.18621103914,34635.78079223633,106265.96700327547,106265.96700327547,0.0,2,0.4812255956980982,REFERENCE,This test uses the supplied/current ticker universe and is not a survivorship-bias-free historical index-constituent study.
2014-07-03,T1_30D,71630.18621103914,34865.300720214844,106495.48693125398,106495.48693125398,0.0,2,0.21598629782519918,REFERENCE,This test uses the supplied/current ticker universe and is not a survivorship-bias-free historical index-constituent study.
2014-07-04,T1_30D,71630.18621103914,34909.80473327637,106539.9909443155,106539.9909443155,0.0,2,0.041789576576367615,REFERENCE,This test uses the supplied/current ticker universe and is not a survivorship-bias-free historical index-constituent study.
2014-07-07,T1_30D,71630.18621103914,34881.31448364258,106511.50069468172,106539.9909443155,-0.02674136667486504,2,-0.02674136667486504,REFERENCE,This test uses the supplied/current ticker universe and is not a survivorship-bias-free historical index-constituent study.
2014-07-08,T1_30D,71630.18621103914,34034.91947937012,105665.10569040925,106539.9909443155,-0.8211801466770585,2,-0.794651280614922,REFERENCE,This test uses the supplied/current ticker universe and is not a survivorship-bias-free historical index-constituent study.
2014-07-09,T1_30D,71630.18621103914,33467.11686706543,105097.30307810457,106539.9909443155,-1.3541280165538794,2,-0.5373605681787796,REFERENCE,This test uses the supplied/current ticker universe and is not a survivorship-bias-free historical index-constituent study.
2014-07-10,T1_30D,71630.18621103914,33116.61033630371,104746.79654734285,106539.9909443155,-1.6831185933832926,2,-0.3335066842783174,REFERENCE,This test uses the supplied/current ticker universe and is not a survivorship-bias-free historical index-constituent study.
2014-07-11,T1_30D,89327.68822704234,14938.391357421875,104266.07958446421,106539.9909443155,-2.1343265938888467,1,-0.45893237666830844,REFERENCE,This test uses the supplied/current ticker universe and is not a survivorship-bias-free historical index-constituent study.
2014-07-14,T1_30D,74778.57693241752,29284.07928466797,104062.65621708549,106539.9909443155,-2.325262753706092,2,-0.19510023603979132,REFERENCE,This test uses the supplied/current ticker universe and is not a survivorship-bias-free historical index-constituent study.
2014-07-15,T1_30D,74778.57693241752,30063.160522460938,104841.73745487846,106539.9909443155,-1.5940056633988786,2,0.7486655310505741,REFERENCE,This test uses the supplied/current ticker universe and is not a survivorship-bias-free historical index-constituent study.
2014-07-16,T1_30D,74778.57693241752,30348.919525146484,105127.496457564,106539.9909443155,-1.3257880672148392,2,0.27256225394827194,REFERENCE,This test uses the supplied/current ticker universe and is not a survivorship-bias-free historical index-constituent study.
2014-07-17,T1_30D,74778.57693241752,30324.934539794922,105103.51147221244,106539.9909443155,-1.348300726676288,2,-0.02281513986328587,REFERENCE,This test uses the supplied/current ticker universe and is not a survivorship-bias-free historical index-constituent study.
2014-07-18,T1_30D,74778.57693241752,30123.966186523438,104902.54311894096,106539.9909443155,-1.5369325742015327,2,-0.19120993243372242,REFERENCE,This test uses the supplied/current ticker universe and is not a survivorship-bias-free historical index-constituent study.
2014-07-21,T1_30D,74778.57693241752,30233.59637451172,105012.17330692924,106539.9909443155,-1.4340320698776887,2,0.10450670186705757,REFERENCE,This test uses the supplied/current ticker universe and is not a survivorship-bias-free historical index-constituent study.
2014-07-22,T1_30D,56864.88226406892,48408.53308105469,105273.4153451236,106539.9909443155,-1.1888264565874551,3,0.24877309931565783,REFERENCE,This test uses the supplied/current ticker universe and is not a survivorship-bias-free historical index-constituent study.
2014-07-23,T1_30D,56864.88226406892,48569.07083129883,105433.95309536775,106539.9909443155,-1.038143366771871,3,0.15249600264020113,REFERENCE,This test uses the supplied/current ticker universe and is not a survivorship-bias-free historical index-constituent study.
2014-07-24,T1_30D,56864.88226406892,48524.1047668457,105388.98703091462,106539.9909443155,-1.0803491751772976,3,-0.04264856161890762,REFERENCE,This test uses the supplied/current ticker universe and is not a survivorship-bias-free historical index-constituent study.
2014-07-25,T1_30D,56864.88226406892,48532.27261352539,105397.15487759431,106539.9909443155,-1.0726827143419881,3,0.007750189948496633,REFERENCE,This test uses the supplied/current ticker universe and is not a survivorship-bias-free historical index-constituent study.
2014-07-28,T1_30D,40294.58959083522,65165.42868041992,105460.01827125513,106539.9909443155,-1.0136782099266717,4,0.0596442984953649,REFERENCE,This test uses the supplied/current ticker universe and is not a survivorship-bias-free historical index-constituent study.
2014-07-30,T1_30D,40294.58959083522,65980.27703857422,106274.86662940943,106539.9909443155,-0.24884957522161022,4,0.7726609301910159,REFERENCE,This test uses the supplied/current ticker universe and is not a survivorship-bias-free historical index-constituent study.
2014-07-31,T1_30D,40294.58959083522,65276.77978515625,105571.36937599146,106539.9909443155,-0.90916242787209,4,-0.6619601376411377,REFERENCE,This test uses the supplied/current ticker universe and is not a survivorship-bias-free historical index-constituent study.
2014-08-01,T1_30D,40294.58959083522,64471.880767822266,104766.47035865748,106539.9909443155,-1.6646524651808714,4,-0.7624216888457158,REFERENCE,This test uses the supplied/current ticker universe and is not a survivorship-bias-free historical index-constituent study.
2014-08-04,T1_30D,14119.146266013344,92503.42001342773,106622.56627944107,106622.56627944107,0.0,5,1.7716507146126492,REFERENCE,This test uses the supplied/current ticker universe and is not a survivorship-bias-free historical index-constituent study.
2014-08-05,T1_30D,33174.596514643345,74727.74032592773,107902.33684057108,107902.33684057108,0.0,4,1.2002811466532481,REFERENCE,This test uses the supplied/current ticker universe and is not a survivorship-bias-free historical index-constituent study.
2014-08-06,T1_30D,33174.596514643345,73783.65618896484,106958.25270360819,107902.33684057108,-0.8749431797365093,4,-0.8749431797365093,REFERENCE,This test uses the supplied/current ticker universe and is not a survivorship-bias-free historical index-constituent study.
2014-08-07,T1_30D,8519.903223316964,98537.0562286377,107056.95945195467,107902.33684057108,-0.7834653200008868,5,0.09228530370630761,REFERENCE,This test uses the supplied/current ticker universe and is not a survivorship-bias-free historical index-constituent study.
2014-08-08,T1_30D,40221.50321768767,65416.877532958984,105638.38075064665,107902.33684057108,-2.098152974452705,3,-1.32506911140573,REFERENCE,This test uses the supplied/current ticker universe and is not a survivorship-bias-free historical index-constituent study.
2014-08-11,T1_30D,40221.50321768767,65716.98165893555,105938.48487662322,107902.33684057108,-1.8200272778610138,3,0.2840862609253092,REFERENCE,This test uses the supplied/current ticker universe and is not a survivorship-bias-free historical index-constituent study.
2014-08-12,T1_30D,15782.471503034922,90775.46762084961,106557.93912388453,107902.33684057108,-1.2459393893136328,4,0.5847301365341728,REFERENCE,This test uses the supplied/current ticker universe and is not a survivorship-bias-free historical index-constituent study.
2014-08-13,T1_30D,15782.471503034922,91058.63932800293,106841.11083103785,107902.33684057108,-0.9835060487162761,4,0.2657443541809634,REFERENCE,This test uses the supplied/current ticker universe and is not a survivorship-bias-free historical index-constituent study.
2014-08-14,T1_30D,100.96975457692315,107793.65057373047,107894.62032830738,107902.33684057108,-0.007151385678605404,5,0.9860525495055894,REFERENCE,This test uses the supplied/current ticker universe and is not a survivorship-bias-free historical index-constituent study.
2014-08-18,T1_30D,16728.492353017573,92090.24594116211,108818.73829417968,108818.73829417968,0.0,4,0.8565005030467088,REFERENCE,This test uses the supplied/current ticker universe and is not a survivorship-bias-free historical index-constituent study.
2014-08-19,T1_30D,16728.492353017573,91568.15286254883,108296.6452155664,108818.73829417968,-0.4797823305043858,4,-0.4797823305043858,REFERENCE,This test uses the supplied/current ticker universe and is not a survivorship-bias-free historical index-constituent study.
2014-08-20,T1_30D,16728.492353017573,90946.32536315918,107674.81771617675,108818.73829417968,-1.0512165422378539,4,-0.5741890694322849,REFERENCE,This test uses the supplied/current ticker universe and is not a survivorship-bias-free historical index-constituent study.
2014-08-21,T1_30D,32833.75100736157,75789.44053649902,108623.1915438606,108818.73829417968,-0.17969951993971334,3,0.8807758840917446,REFERENCE,This test uses the supplied/current ticker universe and is not a survivorship-bias-free historical index-constituent study.
2014-08-22,T1_30D,32833.75100736157,76185.41566467285,109019.16667203442,109019.16667203442,0.0,3,0.36454013415168074,REFERENCE,This test uses the supplied/current ticker universe and is not a survivorship-bias-free historical index-constituent study.
2014-08-25,T1_30D,32833.75100736157,76917.79981994629,109751.55082730786,109751.55082730786,0.0,3,0.671793940121268,REFERENCE,This test uses the supplied/current ticker universe and is not a survivorship-bias-free historical index-constituent study.
2014-08-26,T1_30D,32833.75100736157,77195.14126586914,110028.89227323071,110028.89227323071,0.0,3,0.2526993412232059,REFERENCE,This test uses the supplied/current ticker universe and is not a survivorship-bias-free historical index-constituent study.
2014-08-27,T1_30D,32833.75100736157,77421.92384338379,110255.67485074536,110255.67485074536,0.0,3,0.20611184283441109,REFERENCE,This test uses the supplied/current ticker universe and is not a survivorship-bias-free historical index-constituent study.
2014-08-28,T1_30D,32833.75100736157,77272.40658569336,110106.15759305493,110255.67485074536,-0.13560958008994595,3,-0.13560958008994595,REFERENCE,This test uses the supplied/current ticker universe and is not a survivorship-bias-free historical index-constituent study.
2014-09-01,T1_30D,32833.75100736157,77591.61935424805,110425.37036160962,110425.37036160962,0.0,3,0.2899136392848112,REFERENCE,This test uses the supplied/current ticker universe and is not a survivorship-bias-free historical index-constituent study.
2014-09-02,T1_30D,59288.22937489975,51636.591079711914,110924.82045461166,110924.82045461166,0.0,2,0.4522965070132834,REFERENCE,This test uses the supplied/current ticker universe and is not a survivorship-bias-free historical index-constituent study.
2014-09-03,T1_30D,85077.57887048929,26100.658798217773,111178.23766870706,111178.23766870706,0.0,1,0.2284585298915065,REFERENCE,This test uses the supplied/current ticker universe and is not a survivorship-bias-free historical index-constituent study.
2014-09-04,T1_30D,85077.57887048929,26212.866973876953,111290.44584436624,111290.44584436624,0.0,1,0.10092638452638969,REFERENCE,This test uses the supplied/current ticker universe and is not a survivorship-bias-free historical index-constituent study.
2014-09-05,T1_30D,85077.57887048929,26242.79022216797,111320.36909265726,111320.36909265726,0.0,1,0.026887526655139382,REFERENCE,This test uses the supplied/current ticker universe and is not a survivorship-bias-free historical index-constituent study.
2014-09-08,T1_30D,85077.57887048929,26478.43780517578,111556.01667566507,111556.01667566507,0.0,1,0.21168415531542806,REFERENCE,This test uses the supplied/current ticker universe and is not a survivorship-bias-free historical index-constituent study.
2014-09-09,T1_30D,85077.57887048929,26796.372985839844,111873.95185632913,111873.95185632913,0.0,1,0.2850004779109572,REFERENCE,This test uses the supplied/current ticker universe and is not a survivorship-bias-free historical index-constituent study.
2014-09-10,T1_30D,85077.57887048929,26261.49024963379,111339.06912012308,111873.95185632913,-0.4781119530781974,1,-0.4781119530781974,REFERENCE,This test uses the supplied/current ticker universe and is not a survivorship-bias-free historical index-constituent study.
2014-09-11,T1_30D,85077.57887048929,26272.713470458984,111350.29234094828,111873.95185632913,-0.46807992986013236,1,0.010080217944952174,REFERENCE,This test uses the supplied/current ticker universe and is not a survivorship-bias-free historical index-constituent study.
2014-09-12,T1_30D,85077.57887048929,26605.61294555664,111683.19181604593,111873.95185632913,-0.170513365370506,1,0.2989659641649878,REFERENCE,This test uses the supplied/current ticker universe and is not a survivorship-bias-free historical index-constituent study.
2014-09-15,T1_30D,85077.57887048929,26310.121536254883,111387.70040674417,111873.95185632913,-0.4346422393386229,1,-0.26458001826135114,REFERENCE,This test uses the supplied/current ticker universe and is not a survivorship-bias-free historical index-constituent study.
2014-09-16,T1_30D,84742.13593757582,26287.4091796875,111029.54511726332,111873.95185632913,-0.754784044949286,1,-0.3215393514481524,REFERENCE,This test uses the supplied/current ticker universe and is not a survivorship-bias-free historical index-constituent study.
2014-09-17,T1_30D,31885.392569286556,79831.92819213867,111717.32076142523,111873.95185632913,-0.14000675966560072,3,0.6194528163071533,REFERENCE,This test uses the supplied/current ticker universe and is not a survivorship-bias-free historical index-constituent study.
2014-09-18,T1_30D,31885.392569286556,81152.16799926758,113037.56056855414,113037.56056855414,0.0,3,1.1817682326523915,REFERENCE,This test uses the supplied/current ticker universe and is not a survivorship-bias-free historical index-constituent study.
2014-09-19,T1_30D,60987.260360534434,53277.83642578125,114265.09678631568,114265.09678631568,0.0,2,1.0859542718254955,REFERENCE,This test uses the supplied/current ticker universe and is not a survivorship-bias-free historical index-constituent study.
2014-09-22,T1_30D,60987.260360534434,52988.197326660156,113975.45768719459,114265.09678631568,-0.2534799403029808,2,-0.2534799403029808,REFERENCE,This test uses the supplied/current ticker universe and is not a survivorship-bias-free historical index-constituent study.
2014-09-23,T1_30D,60987.260360534434,52472.441955566406,113459.70231610084,114265.09678631568,-0.7048473180931158,2,-0.4525144110491208,REFERENCE,This test uses the supplied/current ticker universe and is not a survivorship-bias-free historical index-constituent study.
2014-09-24,T1_30D,88917.13991959204,24960.527648925785,113877.66756851782,114265.09678631568,-0.33906173336761825,1,0.36838211619181216,REFERENCE,This test uses the supplied/current ticker universe and is not a survivorship-bias-free historical index-constituent study.
2014-09-25,T1_30D,113176.1736794198,0.0,113176.1736794198,114265.09678631568,-0.9529796390338352,0,-0.6160065481460197,REFERENCE,This test uses the supplied/current ticker universe and is not a survivorship-bias-free historical index-constituent study.
2014-09-26,T1_30D,113176.1736794198,0.0,113176.1736794198,114265.09678631568,-0.9529796390338352,0,0.0,REFERENCE,This test uses the supplied/current ticker universe and is not a survivorship-bias-free historical index-constituent study.
2014-09-29,T1_30D,113176.1736794198,0.0,113176.1736794198,114265.09678631568,-0.9529796390338352,0,0.0,REFERENCE,This test uses the supplied/current ticker universe and is not a survivorship-bias-free historical index-constituent study.
2014-09-30,T1_30D,113176.1736794198,0.0,113176.1736794198,114265.09678631568,-0.9529796390338352,0,0.0,REFERENCE,This test uses the supplied/current ticker universe and is not a survivorship-bias-free historical index-constituent study.
2014-10-01,T1_30D,113176.1736794198,0.0,113176.1736794198,114265.09678631568,-0.9529796390338352,0,0.0,REFERENCE,This test uses the supplied/current ticker universe and is not a survivorship-bias-free historical index-constituent study.
2014-10-07,T1_30D,86896.9929949895,26536.004150390625,113432.99714538013,114265.09678631568,-0.728218558718452,1,0.22692361617366874,REFERENCE,This test uses the supplied/current ticker universe and is not a survivorship-bias-free historical index-constituent study.
2014-10-08,T1_30D,59422.644838865905,54168.234939575195,113590.8797784411,114265.09678631568,-0.5900463280886337,2,0.13918580751122178,REFERENCE,This test uses the supplied/current ticker universe and is not a survivorship-bias-free historical index-constituent study.
2014-10-09,T1_30D,36026.42825775643,77733.21881103516,113759.64706879159,114265.09678631568,-0.44234830384760615,3,0.14857468370670368,REFERENCE,This test uses the supplied/current ticker universe and is not a survivorship-bias-free historical index-constituent study.
2014-10-10,T1_30D,29540.195276408158,83845.39902305603,113385.5942994642,114265.09678631568,-0.7697035329136681,4,-0.328809713255529,REFERENCE,This test uses the supplied/current ticker universe and is not a survivorship-bias-free historical index-constituent study.
2014-10-13,T1_30D,54241.67306877712,58526.16947555542,112767.84254433254,114265.09678631568,-1.3103338500496942,3,-0.5448238455231791,REFERENCE,This test uses the supplied/current ticker universe and is not a survivorship-bias-free historical index-constituent study.
2014-10-14,T1_30D,54241.67306877712,58794.82915687561,113036.50222565273,114265.09678631568,-1.0752142125784236,3,0.23824139511632314,REFERENCE,This test uses the supplied/current ticker universe and is not a survivorship-bias-free historical index-constituent study.
2014-10-15,T1_30D,54241.67306877712,58794.82915687561,113036.50222565273,114265.09678631568,-1.0752142125784236,3,0.0,REFERENCE,This test uses the supplied/current ticker universe and is not a survivorship-bias-free historical index-constituent study.
2014-10-16,T1_30D,54241.67306877712,58387.23342895508,112628.9064977322,114265.09678631568,-1.4319248262164352,3,-0.3605877038789229,REFERENCE,This test uses the supplied/current ticker universe and is not a survivorship-bias-free historical index-constituent study.
2014-10-17,T1_30D,54241.67306877712,58060.93365097046,112302.60671974758,114265.09678631568,-1.7174886485574081,3,-0.2897122844668587,REFERENCE,This test uses the supplied/current ticker universe and is not a survivorship-bias-free historical index-constituent study.
2014-10-20,T1_30D,57887.56347731962,54725.49773025513,112613.06120757475,114265.09678631568,-1.4457919567778088,3,0.2764445963413076,REFERENCE,This test uses the supplied/current ticker universe and is not a survivorship-bias-free historical index-constituent study.
2014-10-21,T1_30D,57887.56347731962,55434.14989852905,113321.71337584867,114265.09678631568,-0.8256094266748892,3,0.6292806186732669,REFERENCE,This test uses the supplied/current ticker universe and is not a survivorship-bias-free historical index-constituent study.
2014-10-22,T1_30D,57887.56347731962,56277.62775993347,114165.1912372531,114265.09678631568,-0.08743312863893626,3,0.7443214863923631,REFERENCE,This test uses the supplied/current ticker universe and is not a survivorship-bias-free historical index-constituent study.
2014-10-27,T1_30D,70914.10855581498,43151.1725769043,114065.28113271928,114265.09678631568,-0.17487024403443074,2,-0.08751363130131695,REFERENCE,This test uses the supplied/current ticker universe and is not a survivorship-bias-free historical index-constituent study.
2014-10-28,T1_30D,70914.10855581498,43240.58932495117,114154.69788076615,114265.09678631568,-0.09661647226886227,2,0.0783908540433309,REFERENCE,This test uses the supplied/current ticker universe and is not a survivorship-bias-free historical index-constituent study.
2014-10-29,T1_30D,88594.19070475886,26108.653076171875,114702.84378093074,114702.84378093074,0.0,1,0.4801781357584689,REFERENCE,This test uses the supplied/current ticker universe and is not a survivorship-bias-free historical index-constituent study.
2014-10-30,T1_30D,88594.19070475886,26384.533935546875,114978.72464030574,114978.72464030574,0.0,1,0.24051788977603739,REFERENCE,This test uses the supplied/current ticker universe and is not a survivorship-bias-free historical index-constituent study.
2014-10-31,T1_30D,88594.19070475886,26848.15869140625,115442.34939616511,115442.34939616511,0.0,1,0.40322655979161404,REFERENCE,This test uses the supplied/current ticker universe and is not a survivorship-bias-free historical index-constituent study.
2014-11-03,T1_30D,88594.19070475886,26902.7021484375,115496.89285319636,115496.89285319636,0.0,1,0.04724735533929714,REFERENCE,This test uses the supplied/current ticker universe and is not a survivorship-bias-free historical index-constituent study.
2014-11-05,T1_30D,88594.19070475886,27189.9697265625,115784.16043132136,115784.16043132136,0.0,1,0.24872320893527533,REFERENCE,This test uses the supplied/current ticker universe and is not a survivorship-bias-free historical index-constituent study.
2014-11-07,T1_30D,88594.19070475886,27689.943359375,116284.13406413386,116284.13406413386,0.0,1,0.4318152249409568,REFERENCE,This test uses the supplied/current ticker universe and is not a survivorship-bias-free historical index-constituent study.
2014-11-10,T1_30D,116404.28853544107,0.0,116404.28853544107,116404.28853544107,0.0,0,0.10332834506978639,REFERENCE,This test uses the supplied/current ticker universe and is not a survivorship-bias-free historical index-constituent study.
2014-11-11,T1_30D,116404.28853544107,0.0,116404.28853544107,116404.28853544107,0.0,0,0.0,REFERENCE,This test uses the supplied/current ticker universe and is not a survivorship-bias-free historical index-constituent study.
2014-11-12,T1_30D,116404.28853544107,0.0,116404.28853544107,116404.28853544107,0.0,0,0.0,REFERENCE,This test uses the supplied/current ticker universe and is not a survivorship-bias-free historical index-constituent study.
2014-11-13,T1_30D,116404.28853544107,0.0,116404.28853544107,116404.28853544107,0.0,0,0.0,REFERENCE,This test uses the supplied/current ticker universe and is not a survivorship-bias-free historical index-constituent study.
2014-11-14,T1_30D,116404.28853544107,0.0,116404.28853544107,116404.28853544107,0.0,0,0.0,REFERENCE,This test uses the supplied/current ticker universe and is not a survivorship-bias-free historical index-constituent study.
2014-11-17,T1_30D,116404.28853544107,0.0,116404.28853544107,116404.28853544107,0.0,0,0.0,REFERENCE,This test uses the supplied/current ticker universe and is not a survivorship-bias-free historical index-constituent study.
2014-11-18,T1_30D,116404.28853544107,0.0,116404.28853544107,116404.28853544107,0.0,0,0.0,REFERENCE,This test uses the supplied/current ticker universe and is not a survivorship-bias-free historical index-constituent study.
2014-11-19,T1_30D,98323.9330311689,17858.447143554688,116182.38017472358,116404.28853544107,-0.1906358979634315,1,-0.1906358979634315,REFERENCE,This test uses the supplied/current ticker universe and is not a survivorship-bias-free historical index-constituent study.
2014-11-20,T1_30D,98323.9330311689,17878.406494140625,116202.33952530952,116404.28853544107,-0.17348932128909977,1,0.01717932663793942,REFERENCE,This test uses the supplied/current ticker universe and is not a survivorship-bias-free historical index-constituent study.
2014-11-21,T1_30D,98323.9330311689,17667.277893066406,115991.2109242353,116404.28853544107,-0.35486459854956465,1,-0.1816904908598982,REFERENCE,This test uses the supplied/current ticker universe and is not a survivorship-bias-free historical index-constituent study.
2014-11-24,T1_30D,98323.9330311689,17558.04052734375,115881.97355851265,116404.28853544107,-0.4487076752068275,1,-0.0941772784784578,REFERENCE,This test uses the supplied/current ticker universe and is not a survivorship-bias-free historical index-constituent study.
2014-11-25,T1_30D,98323.9330311689,17645.22265625,115969.1556874189,116404.28853544107,-0.373811698432136,1,0.07523355551259936,REFERENCE,This test uses the supplied/current ticker universe and is not a survivorship-bias-free historical index-constituent study.
2014-11-26,T1_30D,98323.9330311689,17637.868103027344,115961.80113419624,116404.28853544107,-0.3801298103463857,1,-0.00634181837322334,REFERENCE,This test uses the supplied/current ticker universe and is not a survivorship-bias-free historical index-constituent study.
2014-11-27,T1_30D,98323.9330311689,17687.24005126953,116011.17308243843,116404.28853544107,-0.33771560992184035,1,0.042576044662379076,REFERENCE,This test uses the supplied/current ticker universe and is not a survivorship-bias-free historical index-constituent study.
2014-11-28,T1_30D,98323.9330311689,17639.969604492188,115963.90263566108,116404.28853544107,-0.37832446323134983,1,-0.04074646046700048,REFERENCE,This test uses the supplied/current ticker universe and is not a survivorship-bias-free historical index-constituent study.
2014-12-01,T1_30D,98323.9330311689,17554.89178466797,115878.82481583687,116404.28853544107,-0.451412680937624,1,-0.07336577839357483,REFERENCE,This test uses the supplied/current ticker universe and is not a survivorship-bias-free historical index-constituent study.
2014-12-02,T1_30D,98323.9330311689,17654.673095703125,115978.60612687202,116404.28853544107,-0.3656930633096356,1,0.08610832151063619,REFERENCE,This test uses the supplied/current ticker universe and is not a survivorship-bias-free historical index-constituent study.
2014-12-03,T1_30D,98323.9330311689,17700.89208984375,116024.82512101265,116404.28853544107,-0.32598748654598664,1,0.03985131024084598,REFERENCE,This test uses the supplied/current ticker universe and is not a survivorship-bias-free historical index-constituent study.
2014-12-04,T1_30D,98323.9330311689,17633.669311523438,115957.60234269233,116404.28853544107,-0.3837368866463464,1,-0.057938271615753933,REFERENCE,This test uses the supplied/current ticker universe and is not a survivorship-bias-free historical index-constituent study.
2014-12-05,T1_30D,106355.61071547218,9368.407958984375,115724.01867445656,116404.28853544107,-0.5844027479944502,1,-0.20143885654471116,REFERENCE,This test uses the supplied/current ticker universe and is not a survivorship-bias-free historical index-constituent study.
2014-12-08,T1_30D,106355.61071547218,9522.811279296875,115878.42199476906,116404.28853544107,-0.45175873439740055,1,0.13342374563301007,REFERENCE,This test uses the supplied/current ticker universe and is not a survivorship-bias-free historical index-constituent study.
2014-12-09,T1_30D,106355.61071547218,9440.222045898438,115795.83276137062,116404.28853544107,-0.5227090700229642,1,-0.07127231453165628,REFERENCE,This test uses the supplied/current ticker universe and is not a survivorship-bias-free historical index-constituent study.
2014-12-10,T1_30D,106355.61071547218,9455.782348632812,115811.393064105,116404.28853544107,-0.5093416048460808,1,0.013437705281194035,REFERENCE,This test uses the supplied/current ticker universe and is not a survivorship-bias-free historical index-constituent study.
2014-12-11,T1_30D,106355.61071547218,9494.0849609375,115849.69567640968,116404.28853544107,-0.4764367928442148,1,0.03307326791543996,REFERENCE,This test uses the supplied/current ticker universe and is not a survivorship-bias-free historical index-constituent study.
2014-12-12,T1_30D,106355.61071547218,9472.539794921875,115828.15051039406,116404.28853544107,-0.4949457037157101,1,-0.018597516281615434,REFERENCE,This test uses the supplied/current ticker universe and is not a survivorship-bias-free historical index-constituent study.
2014-12-15,T1_30D,106355.61071547218,9397.132568359375,115752.74328383156,116404.28853544107,-0.5597261576931856,1,-0.0651026768796914,REFERENCE,This test uses the supplied/current ticker universe and is not a survivorship-bias-free historical index-constituent study.
2014-12-16,T1_30D,104725.33676050753,9111.065673828125,113836.40243433566,116404.28853544107,-2.206006439636954,1,-1.6555468104949678,REFERENCE,This test uses the supplied/current ticker universe and is not a survivorship-bias-free historical index-constituent study.
2014-12-17,T1_30D,76309.04847023421,37248.72378540039,113557.7722556346,116404.28853544107,-2.445370626478083,2,-0.24476368959549522,REFERENCE,This test uses the supplied/current ticker universe and is not a survivorship-bias-free historical index-constituent study.
2014-12-18,T1_30D,76309.04847023421,37696.90425109863,114005.95272133284,116404.28853544107,-2.0603500474795755,2,0.3946717664461863,REFERENCE,This test uses the supplied/current ticker universe and is not a survivorship-bias-free historical index-constituent study.
2014-12-19,T1_30D,76309.04847023421,37779.642349243164,114088.69081947737,116404.28853544107,-1.989271825890404,2,0.07257348951485998,REFERENCE,This test uses the supplied/current ticker universe and is not a survivorship-bias-free historical index-constituent study.
2014-12-22,T1_30D,105982.28186706643,8955.465209960938,114937.74707702736,116404.28853544107,-1.259868924818175,1,0.7442072053341908,REFERENCE,This test uses the supplied/current ticker universe and is not a survivorship-bias-free historical index-constituent study.
2014-12-23,T1_30D,105982.28186706643,8968.631225585938,114950.91309265236,116404.28853544107,-1.248558331548244,1,0.011454910122932205,REFERENCE,This test uses the supplied/current ticker universe and is not a survivorship-bias-free historical index-constituent study.
2014-12-24,T1_30D,105982.28186706643,8890.831420898438,114873.11328796486,116404.28853544107,-1.3153941892871224,1,-0.0676808931694084,REFERENCE,This test uses the supplied/current ticker universe and is not a survivorship-bias-free historical index-constituent study.
2014-12-26,T1_30D,105982.28186706643,8808.2421875,114790.52405456643,116404.28853544107,-1.386344524912675,1,-0.07189605211743721,REFERENCE,This test uses the supplied/current ticker universe and is not a survivorship-bias-free historical index-constituent study.
2014-12-29,T1_30D,105982.28186706643,8853.725952148438,114836.00781921486,116404.28853544107,-1.347270565335501,1,0.03962327467623705,REFERENCE,This test uses the supplied/current ticker universe and is not a survivorship-bias-free historical index-constituent study.
2014-12-30,T1_30D,105982.28186706643,8816.620483398438,114798.90235046486,116404.28853544107,-1.3791469413838797,1,-0.03231170209992973,REFERENCE,This test uses the supplied/current ticker universe and is not a survivorship-bias-free historical index-constituent study.
2014-12-31,T1_30D,105982.28186706643,8826.195068359375,114808.4769354258,116404.28853544107,-1.3709216559743775,1,0.008340310547305663,REFERENCE,This test uses the supplied/current ticker universe and is not a survivorship-bias-free historical index-constituent study.
2015-01-01,T1_30D,105982.28186706643,8789.092163085938,114771.37403015236,116404.28853544107,-1.4027958298044485,1,-0.032317217564259426,REFERENCE,This test uses the supplied/current ticker universe and is not a survivorship-bias-free historical index-constituent study.
2015-01-02,T1_30D,105982.28186706643,8816.620483398438,114798.90235046486,116404.28853544107,-1.3791469413838797,1,0.02398535396577195,REFERENCE,This test uses the supplied/current ticker universe and is not a survivorship-bias-free historical index-constituent study.
2015-01-05,T1_30D,105982.28186706643,8851.329956054688,114833.61182312111,116404.28853544107,-1.349328905388003,1,0.030235021368318904,REFERENCE,This test uses the supplied/current ticker universe and is not a survivorship-bias-free historical index-constituent study.
2015-01-06,T1_30D,105982.28186706643,8623.913696289062,114606.19556335549,116404.28853544107,-1.5446965010555647,1,-0.198039803986938,REFERENCE,This test uses the supplied/current ticker universe and is not a survivorship-bias-free historical index-constituent study.
2015-01-07,T1_30D,79642.0440273653,34217.812255859375,113859.85628322467,116404.28853544107,-2.1858578272584084,2,-0.6512207097200462,REFERENCE,This test uses the supplied/current ticker universe and is not a survivorship-bias-free historical index-constituent study.
2015-01-08,T1_30D,79642.0440273653,35130.16455078125,114772.20857814654,116404.28853544107,-1.4020788905879655,2,0.8012940861723994,REFERENCE,This test uses the supplied/current ticker universe and is not a survivorship-bias-free historical index-constituent study.
2015-01-09,T1_30D,79642.0440273653,34572.11376953125,114214.15779689654,116404.28853544107,-1.8814862975411017,2,-0.48622466027569144,REFERENCE,This test uses the supplied/current ticker universe and is not a survivorship-bias-free historical index-constituent study.
2015-01-12,T1_30D,79642.0440273653,34952.70959472656,114594.75362209186,116404.28853544107,-1.5545259853534277,2,0.3332299887655932,REFERENCE,This test uses the supplied/current ticker universe and is not a survivorship-bias-free historical index-constituent study.
2015-01-13,T1_30D,79642.0440273653,34576.3837890625,114218.4278164278,116404.28853544107,-1.877818031032208,2,-0.3283970633639166,REFERENCE,This test uses the supplied/current ticker universe and is not a survivorship-bias-free historical index-constituent study.
2015-01-14,T1_30D,113382.8319170038,0.0,113382.8319170038,116404.28853544107,-2.5956574765862994,0,-0.731577132865957,REFERENCE,This test uses the supplied/current ticker universe and is not a survivorship-bias-free historical index-constituent study.
2015-01-15,T1_30D,113382.8319170038,0.0,113382.8319170038,116404.28853544107,-2.5956574765862994,0,0.0,REFERENCE,This test uses the supplied/current ticker universe and is not a survivorship-bias-free historical index-constituent study.
2015-01-16,T1_30D,113382.8319170038,0.0,113382.8319170038,116404.28853544107,-2.5956574765862994,0,0.0,REFERENCE,This test uses the supplied/current ticker universe and is not a survivorship-bias-free historical index-constituent study.
2015-01-19,T1_30D,113382.8319170038,0.0,113382.8319170038,116404.28853544107,-2.5956574765862994,0,0.0,REFERENCE,This test uses the supplied/current ticker universe and is not a survivorship-bias-free historical index-constituent study.
2015-01-20,T1_30D,113382.8319170038,0.0,113382.8319170038,116404.28853544107,-2.5956574765862994,0,0.0,REFERENCE,This test uses the supplied/current ticker universe and is not a survivorship-bias-free historical index-constituent study.
2015-01-21,T1_30D,113382.8319170038,0.0,113382.8319170038,116404.28853544107,-2.5956574765862994,0,0.0,REFERENCE,This test uses the supplied/current ticker universe and is not a survivorship-bias-free historical index-constituent study.
2015-01-22,T1_30D,113382.8319170038,0.0,113382.8319170038,116404.28853544107,-2.5956574765862994,0,0.0,REFERENCE,This test uses the supplied/current ticker universe and is not a survivorship-bias-free historical index-constituent study.
2015-01-23,T1_30D,113382.8319170038,0.0,113382.8319170038,116404.28853544107,-2.5956574765862994,0,0.0,REFERENCE,This test uses the supplied/current ticker universe and is not a survivorship-bias-free historical index-constituent study.
2015-01-27,T1_30D,113382.8319170038,0.0,113382.8319170038,116404.28853544107,-2.5956574765862994,0,0.0,REFERENCE,This test uses the supplied/current ticker universe and is not a survivorship-bias-free historical index-constituent study.
2015-01-28,T1_30D,113382.8319170038,0.0,113382.8319170038,116404.28853544107,-2.5956574765862994,0,0.0,REFERENCE,This test uses the supplied/current ticker universe and is not a survivorship-bias-free historical index-constituent study.
2015-01-29,T1_30D,113382.8319170038,0.0,113382.8319170038,116404.28853544107,-2.5956574765862994,0,0.0,REFERENCE,This test uses the supplied/current ticker universe and is not a survivorship-bias-free historical index-constituent study.
2015-01-30,T1_30D,90784.00292584203,21910.779327392578,112694.7822532346,116404.28853544107,-3.1867436577107333,1,-0.6068376068370296,REFERENCE,This test uses the supplied/current ticker universe and is not a survivorship-bias-free historical index-constituent study.
2015-02-02,T1_30D,93700.64170764887,18345.185485839844,112045.82719348872,116404.28853544107,-3.744244646644057,1,-0.5758519132568418,REFERENCE,This test uses the supplied/current ticker universe and is not a survivorship-bias-free historical index-constituent study.
2015-02-03,T1_30D,93700.64170764887,18071.45233154297,111772.09403919184,116404.28853544107,-3.97940192284143,1,-0.2443046395866011,REFERENCE,This test uses the supplied/current ticker universe and is not a survivorship-bias-free historical index-constituent study.
2015-02-04,T1_30D,111642.85832539195,0.0,111642.85832539195,116404.28853544107,-4.090425077938109,0,-0.11562431115818006,REFERENCE,This test uses the supplied/current ticker universe and is not a survivorship-bias-free historical index-constituent study.
2015-02-05,T1_30D,111642.85832539195,0.0,111642.85832539195,116404.28853544107,-4.090425077938109,0,0.0,REFERENCE,This test uses the supplied/current ticker universe and is not a survivorship-bias-free historical index-constituent study.
2015-02-06,T1_30D,111642.85832539195,0.0,111642.85832539195,116404.28853544107,-4.090425077938109,0,0.0,REFERENCE,This test uses the supplied/current ticker universe and is not a survivorship-bias-free historical index-constituent study.
2015-02-09,T1_30D,89970.07754535791,20973.2783203125,110943.35586567041,116404.28853544107,-4.691350068350786,1,-0.6265537000878174,REFERENCE,This test uses the supplied/current ticker universe and is not a survivorship-bias-free historical index-constituent study.
2015-02-10,T1_30D,110796.10868427611,0.0,110796.10868427611,116404.28853544107,-4.8178464227780164,0,-0.13272284784010546,REFERENCE,This test uses the supplied/current ticker universe and is not a survivorship-bias-free historical index-constituent study.
2015-02-11,T1_30D,90967.68572272376,20088.641052246094,111056.32677496986,116404.28853544107,-4.594299598199891,1,0.2348621208667634,REFERENCE,This test uses the supplied/current ticker universe and is not a survivorship-bias-free historical index-constituent study.
2015-02-12,T1_30D,90967.68572272376,19809.727294921875,110777.41301764564,116404.28853544107,-4.833907400312176,1,-0.2511462114980434,REFERENCE,This test uses the supplied/current ticker universe and is not a survivorship-bias-free historical index-constituent study.
2015-02-13,T1_30D,90967.68572272376,19921.288513183594,110888.97423590736,116404.28853544107,-4.738067960317882,1,0.10070754969151441,REFERENCE,This test uses the supplied/current ticker universe and is not a survivorship-bias-free historical index-constituent study.
2015-02-16,T1_30D,90967.68572272376,20238.141357421875,111205.82708014564,116404.28853544107,-4.465867641734422,1,0.28573881796778444,REFERENCE,This test uses the supplied/current ticker universe and is not a survivorship-bias-free historical index-constituent study.
2015-02-18,T1_30D,90967.68572272376,20369.791076660156,111337.47679938392,116404.28853544107,-4.352770675209683,1,0.11838383176037137,REFERENCE,This test uses the supplied/current ticker universe and is not a survivorship-bias-free historical index-constituent study.
2015-02-19,T1_30D,90967.68572272376,20263.80322265625,111231.48894538001,116404.28853544107,-4.443822177982826,1,-0.09519512840665545,REFERENCE,This test uses the supplied/current ticker universe and is not a survivorship-bias-free historical index-constituent study.
2015-02-20,T1_30D,90967.68572272376,20087.52374267578,111055.20946539954,116404.28853544107,-4.5952594507829625,1,-0.15847983484876815,REFERENCE,This test uses the supplied/current ticker universe and is not a survivorship-bias-free historical index-constituent study.
2015-02-23,T1_30D,53739.14348328837,56752.5205078125,110491.66399110087,116404.28853544107,-5.079387210497844,3,-0.5074462305834082,REFERENCE,This test uses the supplied/current ticker universe and is not a survivorship-bias-free historical index-constituent study.
2015-02-24,T1_30D,53739.14348328837,57487.14587402344,111226.2893573118,116404.28853544107,-4.44828901346942,3,0.6648694930235788,REFERENCE,This test uses the supplied/current ticker universe and is not a survivorship-bias-free historical index-constituent study.
2015-02-25,T1_30D,53739.14348328837,56789.67321777344,110528.8167010618,116404.28853544107,-5.047470250711927,3,-0.6270753616614777,REFERENCE,This test uses the supplied/current ticker universe and is not a survivorship-bias-free historical index-constituent study.
2015-02-26,T1_30D,74591.22395332542,35271.042907714844,109862.26686104026,116404.28853544107,-5.6200864733681914,2,-0.6030552573672354,REFERENCE,This test uses the supplied/current ticker universe and is not a survivorship-bias-free historical index-constituent study.
2015-02-27,T1_30D,74591.22395332542,35704.3310546875,110295.55500801292,116404.28853544107,-5.247859511265562,2,0.3943921414990559,REFERENCE,This test uses the supplied/current ticker universe and is not a survivorship-bias-free historical index-constituent study.
2015-03-02,T1_30D,76430.72835623025,36584.01867675781,113014.74703298806,116404.28853544107,-2.9118699535034875,2,2.465368640447574,REFERENCE,This test uses the supplied/current ticker universe and is not a survivorship-bias-free historical index-constituent study.
2015-03-03,T1_30D,76430.72835623025,36580.71661376953,113011.44496999978,116404.28853544107,-2.9147066728630766,2,-0.0029217983271823122,REFERENCE,This test uses the supplied/current ticker universe and is not a survivorship-bias-free historical index-constituent study.
2015-03-04,T1_30D,76430.72835623025,36105.90979003906,112536.63814626931,116404.28853544107,-3.322601287146043,2,-0.42014047679552746,REFERENCE,This test uses the supplied/current ticker universe and is not a survivorship-bias-free historical index-constituent study.
2015-03-05,T1_30D,76430.72835623025,36417.37109375,112848.09944998025,116404.28853544107,-3.055032705584626,2,0.2767643576717882,REFERENCE,This test uses the supplied/current ticker universe and is not a survivorship-bias-free historical index-constituent study.
2015-03-09,T1_30D,74812.14528218264,38470.94793701172,113283.09321919436,116404.28853544107,-2.6813404862625956,2,0.3854684051696644,REFERENCE,This test uses the supplied/current ticker universe and is not a survivorship-bias-free historical index-constituent study.
2015-03-10,T1_30D,74812.14528218264,38651.98059082032,113464.12587300295,116404.28853544107,-2.5258198812348254,2,0.15980553555181576,REFERENCE,This test uses the supplied/current ticker universe and is not a survivorship-bias-free historical index-constituent study.
2015-03-11,T1_30D,74812.14528218264,38123.07092285157,112935.2162050342,116404.28853544107,-2.9801928898441354,2,-0.46614704330489865,REFERENCE,This test uses the supplied/current ticker universe and is not a survivorship-bias-free historical index-constituent study.
2015-03-12,T1_30D,74812.14528218264,38413.748474121094,113225.89375630373,116404.28853544107,-2.7304791078806567,2,0.257384331510746,REFERENCE,This test uses the supplied/current ticker universe and is not a survivorship-bias-free historical index-constituent study.
2015-03-13,T1_30D,33097.035137526065,79320.75524902344,112417.7903865495,116404.28853544107,-3.4247004118562296,4,-0.7137089785252737,REFERENCE,This test uses the supplied/current ticker universe and is not a survivorship-bias-free historical index-constituent study.
2015-03-16,T1_30D,25968.18022456907,86651.0110168457,112619.19124141478,116404.28853544107,-3.2516819969857558,4,0.1791538991940289,REFERENCE,This test uses the supplied/current ticker universe and is not a survivorship-bias-free historical index-constituent study.
2015-03-17,T1_30D,2929.211723782373,110119.16813659668,113048.37986037905,116404.28853544107,-2.882976836407758,5,0.3810972306169669,REFERENCE,This test uses the supplied/current ticker universe and is not a survivorship-bias-free historical index-constituent study.
2015-03-18,T1_30D,2929.211723782373,109318.94854736328,112248.16027114565,116404.28853544107,-3.570425382592346,5,-0.707855866861351,REFERENCE,This test uses the supplied/current ticker universe and is not a survivorship-bias-free historical index-constituent study.
2015-03-19,T1_30D,2929.211723782373,109352.76647949219,112281.97820327456,116404.28853544107,-3.541373246666435,5,0.030127827527159923,REFERENCE,This test uses the supplied/current ticker universe and is not a survivorship-bias-free historical index-constituent study.
2015-03-20,T1_30D,20547.589123784623,92588.69259643555,113136.28172022017,116404.28853544107,-2.8074625568678235,4,0.760855420091544,REFERENCE,This test uses the supplied/current ticker universe and is not a survivorship-bias-free historical index-constituent study.
2015-03-23,T1_30D,155.14115996692271,112159.64270019531,112314.78386016224,116404.28853544107,-3.5131907309701282,5,-0.7261135398540453,REFERENCE,This test uses the supplied/current ticker universe and is not a survivorship-bias-free historical index-constituent study.
2015-03-24,T1_30D,155.14115996692271,111772.10618591309,111927.24734588001,116404.28853544107,-3.8461136147900254,5,-0.34504497178637905,REFERENCE,This test uses the supplied/current ticker universe and is not a survivorship-bias-free historical index-constituent study.
2015-03-25,T1_30D,22502.641288033024,90081.28024291992,112583.92153095294,116404.28853544107,-3.281981319206262,4,0.5866973419293098,REFERENCE,This test uses the supplied/current ticker universe and is not a survivorship-bias-free historical index-constituent study.
2015-03-26,T1_30D,44664.79110551518,65139.87953186035,109804.67063737553,116404.28853544107,-5.669565942199961,3,-2.4686037364698654,REFERENCE,This test uses the supplied/current ticker universe and is not a survivorship-bias-free historical index-constituent study.
2015-03-27,T1_30D,48560.72298812893,60719.50695800781,109280.22994613674,116404.28853544107,-6.12009976516914,3,-0.4776123713086222,REFERENCE,This test uses the supplied/current ticker universe and is not a survivorship-bias-free historical index-constituent study.
2015-03-30,T1_30D,48560.72298812893,61565.02941894531,110125.75240707424,116404.28853544107,-5.393732659991501,3,0.7737195111634065,REFERENCE,This test uses the supplied/current ticker universe and is not a survivorship-bias-free historical index-constituent study.
2015-03-31,T1_30D,48560.72298812893,61718.013610839844,110278.73659896877,116404.28853544107,-5.262307783967324,3,0.13891772682654846,REFERENCE,This test uses the supplied/current ticker universe and is not a survivorship-bias-free historical index-constituent study.
2015-04-01,T1_30D,68099.83061639428,40716.37194824219,108816.20256463646,116404.28853544107,-6.518734031430718,2,-1.3262158050022288,REFERENCE,This test uses the supplied/current ticker universe and is not a survivorship-bias-free historical index-constituent study.
2015-04-06,T1_30D,68099.83061639428,41412.10485839844,109511.93547479271,116404.28853544107,-5.9210473663518615,2,0.6393651806981371,REFERENCE,This test uses the supplied/current ticker universe and is not a survivorship-bias-free historical index-constituent study.
2015-04-07,T1_30D,68099.83061639428,41028.23864746094,109128.06926385521,116404.28853544107,-6.250817184772794,2,-0.3505245426201564,REFERENCE,This test uses the supplied/current ticker universe and is not a survivorship-bias-free historical index-constituent study.
2015-04-08,T1_30D,68099.83061639428,41674.67712402344,109774.50774041771,116404.28853544107,-5.695478129231313,2,0.5923668226911483,REFERENCE,This test uses the supplied/current ticker universe and is not a survivorship-bias-free historical index-constituent study.
2015-04-09,T1_30D,68099.83061639428,41396.54443359375,109496.37504998803,116404.28853544107,-5.934414936396282,2,-0.25336728549708587,REFERENCE,This test uses the supplied/current ticker universe and is not a survivorship-bias-free historical index-constituent study.
2015-04-10,T1_30D,68099.83061639428,41139.770080566406,109239.60069696068,116404.28853544107,-6.155003332457964,2,-0.2345048892350321,REFERENCE,This test uses the supplied/current ticker universe and is not a survivorship-bias-free historical index-constituent study.
2015-04-13,T1_30D,68099.83061639428,41472.099060058594,109571.92967645287,116404.28853544107,-5.869507854865663,2,0.30422024373202294,REFERENCE,This test uses the supplied/current ticker universe and is not a survivorship-bias-free historical index-constituent study.
2015-04-15,T1_30D,68099.83061639428,40719.520080566406,108819.35069696068,116404.28853544107,-6.516029550037617,2,-0.686835562460586,REFERENCE,This test uses the supplied/current ticker universe and is not a survivorship-bias-free historical index-constituent study.
2015-04-16,T1_30D,68099.83061639428,40167.072021484375,108266.90263787865,116404.28853544107,-6.990623799126494,2,-0.5076744674028522,REFERENCE,This test uses the supplied/current ticker universe and is not a survivorship-bias-free historical index-constituent study.
2015-04-17,T1_30D,68099.83061639428,40042.94689941406,108142.77751580834,116404.28853544107,-7.097256573255361,2,-0.11464733824101403,REFERENCE,This test uses the supplied/current ticker universe and is not a survivorship-bias-free historical index-constituent study.
2015-04-20,T1_30D,106931.25345056513,0.0,106931.25345056513,116404.28853544107,-8.138046462086946,0,-1.1203004889217993,REFERENCE,This test uses the supplied/current ticker universe and is not a survivorship-bias-free historical index-constituent study.
2015-04-21,T1_30D,106931.25345056513,0.0,106931.25345056513,116404.28853544107,-8.138046462086946,0,0.0,REFERENCE,This test uses the supplied/current ticker universe and is not a survivorship-bias-free historical index-constituent study.
2015-04-22,T1_30D,106931.25345056513,0.0,106931.25345056513,116404.28853544107,-8.138046462086946,0,0.0,REFERENCE,This test uses the supplied/current ticker universe and is not a survivorship-bias-free historical index-constituent study.
2015-04-23,T1_30D,106931.25345056513,0.0,106931.25345056513,116404.28853544107,-8.138046462086946,0,0.0,REFERENCE,This test uses the supplied/current ticker universe and is not a survivorship-bias-free historical index-constituent study.
2015-04-24,T1_30D,106931.25345056513,0.0,106931.25345056513,116404.28853544107,-8.138046462086946,0,0.0,REFERENCE,This test uses the supplied/current ticker universe and is not a survivorship-bias-free historical index-constituent study.
2015-04-27,T1_30D,106931.25345056513,0.0,106931.25345056513,116404.28853544107,-8.138046462086946,0,0.0,REFERENCE,This test uses the supplied/current ticker universe and is not a survivorship-bias-free historical index-constituent study.
2015-04-28,T1_30D,106931.25345056513,0.0,106931.25345056513,116404.28853544107,-8.138046462086946,0,0.0,REFERENCE,This test uses the supplied/current ticker universe and is not a survivorship-bias-free historical index-constituent study.
2015-04-29,T1_30D,106931.25345056513,0.0,106931.25345056513,116404.28853544107,-8.138046462086946,0,0.0,REFERENCE,This test uses the supplied/current ticker universe and is not a survivorship-bias-free historical index-constituent study.
2015-04-30,T1_30D,106931.25345056513,0.0,106931.25345056513,116404.28853544107,-8.138046462086946,0,0.0,REFERENCE,This test uses the supplied/current ticker universe and is not a survivorship-bias-free historical index-constituent study.
2015-05-04,T1_30D,106931.25345056513,0.0,106931.25345056513,116404.28853544107,-8.138046462086946,0,0.0,REFERENCE,This test uses the supplied/current ticker universe and is not a survivorship-bias-free historical index-constituent study.
2015-05-05,T1_30D,106931.25345056513,0.0,106931.25345056513,116404.28853544107,-8.138046462086946,0,0.0,REFERENCE,This test uses the supplied/current ticker universe and is not a survivorship-bias-free historical index-constituent study.
2015-05-06,T1_30D,106931.25345056513,0.0,106931.25345056513,116404.28853544107,-8.138046462086946,0,0.0,REFERENCE,This test uses the supplied/current ticker universe and is not a survivorship-bias-free historical index-constituent study.
2015-05-07,T1_30D,106931.25345056513,0.0,106931.25345056513,116404.28853544107,-8.138046462086946,0,0.0,REFERENCE,This test uses the supplied/current ticker universe and is not a survivorship-bias-free historical index-constituent study.
2015-05-08,T1_30D,106931.25345056513,0.0,106931.25345056513,116404.28853544107,-8.138046462086946,0,0.0,REFERENCE,This test uses the supplied/current ticker universe and is not a survivorship-bias-free historical index-constituent study.
2015-05-11,T1_30D,106931.25345056513,0.0,106931.25345056513,116404.28853544107,-8.138046462086946,0,0.0,REFERENCE,This test uses the supplied/current ticker universe and is not a survivorship-bias-free historical index-constituent study.
2015-05-12,T1_30D,106931.25345056513,0.0,106931.25345056513,116404.28853544107,-8.138046462086946,0,0.0,REFERENCE,This test uses the supplied/current ticker universe and is not a survivorship-bias-free historical index-constituent study.
2015-05-13,T1_30D,106931.25345056513,0.0,106931.25345056513,116404.28853544107,-8.138046462086946,0,0.0,REFERENCE,This test uses the supplied/current ticker universe and is not a survivorship-bias-free historical index-constituent study.
2015-05-14,T1_30D,106931.25345056513,0.0,106931.25345056513,116404.28853544107,-8.138046462086946,0,0.0,REFERENCE,This test uses the supplied/current ticker universe and is not a survivorship-bias-free historical index-constituent study.
2015-05-15,T1_30D,106931.25345056513,0.0,106931.25345056513,116404.28853544107,-8.138046462086946,0,0.0,REFERENCE,This test uses the supplied/current ticker universe and is not a survivorship-bias-free historical index-constituent study.
2015-05-18,T1_30D,106931.25345056513,0.0,106931.25345056513,116404.28853544107,-8.138046462086946,0,0.0,REFERENCE,This test uses the supplied/current ticker universe and is not a survivorship-bias-free historical index-constituent study.
2015-05-19,T1_30D,106931.25345056513,0.0,106931.25345056513,116404.28853544107,-8.138046462086946,0,0.0,REFERENCE,This test uses the supplied/current ticker universe and is not a survivorship-bias-free historical index-constituent study.
2015-05-20,T1_30D,106931.25345056513,0.0,106931.25345056513,116404.28853544107,-8.138046462086946,0,0.0,REFERENCE,This test uses the supplied/current ticker universe and is not a survivorship-bias-free historical index-constituent study.
2015-05-21,T1_30D,106931.25345056513,0.0,106931.25345056513,116404.28853544107,-8.138046462086946,0,0.0,REFERENCE,This test uses the supplied/current ticker universe and is not a survivorship-bias-free historical index-constituent study.
2015-05-22,T1_30D,106931.25345056513,0.0,106931.25345056513,116404.28853544107,-8.138046462086946,0,0.0,REFERENCE,This test uses the supplied/current ticker universe and is not a survivorship-bias-free historical index-constituent study.
2015-05-25,T1_30D,106931.25345056513,0.0,106931.25345056513,116404.28853544107,-8.138046462086946,0,0.0,REFERENCE,This test uses the supplied/current ticker universe and is not a survivorship-bias-free historical index-constituent study.
2015-05-26,T1_30D,106931.25345056513,0.0,106931.25345056513,116404.28853544107,-8.138046462086946,0,0.0,REFERENCE,This test uses the supplied/current ticker universe and is not a survivorship-bias-free historical index-constituent study.
2015-05-27,T1_30D,106931.25345056513,0.0,106931.25345056513,116404.28853544107,-8.138046462086946,0,0.0,REFERENCE,This test uses the supplied/current ticker universe and is not a survivorship-bias-free historical index-constituent study.
2015-05-28,T1_30D,106931.25345056513,0.0,106931.25345056513,116404.28853544107,-8.138046462086946,0,0.0,REFERENCE,This test uses the supplied/current ticker universe and is not a survivorship-bias-free historical index-constituent study.
2015-05-29,T1_30D,106931.25345056513,0.0,106931.25345056513,116404.28853544107,-8.138046462086946,0,0.0,REFERENCE,This test uses the supplied/current ticker universe and is not a survivorship-bias-free historical index-constituent study.
2015-06-01,T1_30D,106931.25345056513,0.0,106931.25345056513,116404.28853544107,-8.138046462086946,0,0.0,REFERENCE,This test uses the supplied/current ticker universe and is not a survivorship-bias-free historical index-constituent study.
2015-06-02,T1_30D,106931.25345056513,0.0,106931.25345056513,116404.28853544107,-8.138046462086946,0,0.0,REFERENCE,This test uses the supplied/current ticker universe and is not a survivorship-bias-free historical index-constituent study.
2015-06-03,T1_30D,106931.25345056513,0.0,106931.25345056513,116404.28853544107,-8.138046462086946,0,0.0,REFERENCE,This test uses the supplied/current ticker universe and is not a survivorship-bias-free historical index-constituent study.
2015-06-04,T1_30D,106931.25345056513,0.0,106931.25345056513,116404.28853544107,-8.138046462086946,0,0.0,REFERENCE,This test uses the supplied/current ticker universe and is not a survivorship-bias-free historical index-constituent study.
2015-06-05,T1_30D,106931.25345056513,0.0,106931.25345056513,116404.28853544107,-8.138046462086946,0,0.0,REFERENCE,This test uses the supplied/current ticker universe and is not a survivorship-bias-free historical index-constituent study.
2015-06-08,T1_30D,106931.25345056513,0.0,106931.25345056513,116404.28853544107,-8.138046462086946,0,0.0,REFERENCE,This test uses the supplied/current ticker universe and is not a survivorship-bias-free historical index-constituent study.
2015-06-09,T1_30D,106931.25345056513,0.0,106931.25345056513,116404.28853544107,-8.138046462086946,0,0.0,REFERENCE,This test uses the supplied/current ticker universe and is not a survivorship-bias-free historical index-constituent study.
2015-06-10,T1_30D,106931.25345056513,0.0,106931.25345056513,116404.28853544107,-8.138046462086946,0,0.0,REFERENCE,This test uses the supplied/current ticker universe and is not a survivorship-bias-free historical index-constituent study.
2015-06-11,T1_30D,106931.25345056513,0.0,106931.25345056513,116404.28853544107,-8.138046462086946,0,0.0,REFERENCE,This test uses the supplied/current ticker universe and is not a survivorship-bias-free historical index-constituent study.
2015-06-12,T1_30D,106931.25345056513,0.0,106931.25345056513,116404.28853544107,-8.138046462086946,0,0.0,REFERENCE,This test uses the supplied/current ticker universe and is not a survivorship-bias-free historical index-constituent study.
2015-06-15,T1_30D,106931.25345056513,0.0,106931.25345056513,116404.28853544107,-8.138046462086946,0,0.0,REFERENCE,This test uses the supplied/current ticker universe and is not a survivorship-bias-free historical index-constituent study.
2015-06-16,T1_30D,106931.25345056513,0.0,106931.25345056513,116404.28853544107,-8.138046462086946,0,0.0,REFERENCE,This test uses the supplied/current ticker universe and is not a survivorship-bias-free historical index-constituent study.
2015-06-17,T1_30D,106931.25345056513,0.0,106931.25345056513,116404.28853544107,-8.138046462086946,0,0.0,REFERENCE,This test uses the supplied/current ticker universe and is not a survivorship-bias-free historical index-constituent study.
2015-06-18,T1_30D,106931.25345056513,0.0,106931.25345056513,116404.28853544107,-8.138046462086946,0,0.0,REFERENCE,This test uses the supplied/current ticker universe and is not a survivorship-bias-free historical index-constituent study.
2015-06-19,T1_30D,106931.25345056513,0.0,106931.25345056513,116404.28853544107,-8.138046462086946,0,0.0,REFERENCE,This test uses the supplied/current ticker universe and is not a survivorship-bias-free historical index-constituent study.
2015-06-22,T1_30D,106931.25345056513,0.0,106931.25345056513,116404.28853544107,-8.138046462086946,0,0.0,REFERENCE,This test uses the supplied/current ticker universe and is not a survivorship-bias-free historical index-constituent study.
2015-06-23,T1_30D,106931.25345056513,0.0,106931.25345056513,116404.28853544107,-8.138046462086946,0,0.0,REFERENCE,This test uses the supplied/current ticker universe and is not a survivorship-bias-free historical index-constituent study.
2015-06-24,T1_30D,106931.25345056513,0.0,106931.25345056513,116404.28853544107,-8.138046462086946,0,0.0,REFERENCE,This test uses the supplied/current ticker universe and is not a survivorship-bias-free historical index-constituent study.
2015-06-25,T1_30D,106931.25345056513,0.0,106931.25345056513,116404.28853544107,-8.138046462086946,0,0.0,REFERENCE,This test uses the supplied/current ticker universe and is not a survivorship-bias-free historical index-constituent study.
2015-06-26,T1_30D,106931.25345056513,0.0,106931.25345056513,116404.28853544107,-8.138046462086946,0,0.0,REFERENCE,This test uses the supplied/current ticker universe and is not a survivorship-bias-free historical index-constituent study.
2015-06-29,T1_30D,106931.25345056513,0.0,106931.25345056513,116404.28853544107,-8.138046462086946,0,0.0,REFERENCE,This test uses the supplied/current ticker universe and is not a survivorship-bias-free historical index-constituent study.
2015-06-30,T1_30D,106931.25345056513,0.0,106931.25345056513,116404.28853544107,-8.138046462086946,0,0.0,REFERENCE,This test uses the supplied/current ticker universe and is not a survivorship-bias-free historical index-constituent study.
2015-07-01,T1_30D,106931.25345056513,0.0,106931.25345056513,116404.28853544107,-8.138046462086946,0,0.0,REFERENCE,This test uses the supplied/current ticker universe and is not a survivorship-bias-free historical index-constituent study.
2015-07-02,T1_30D,106931.25345056513,0.0,106931.25345056513,116404.28853544107,-8.138046462086946,0,0.0,REFERENCE,This test uses the supplied/current ticker universe and is not a survivorship-bias-free historical index-constituent study.
2015-07-03,T1_30D,106931.25345056513,0.0,106931.25345056513,116404.28853544107,-8.138046462086946,0,0.0,REFERENCE,This test uses the supplied/current ticker universe and is not a survivorship-bias-free historical index-constituent study.
2015-07-06,T1_30D,106931.25345056513,0.0,106931.25345056513,116404.28853544107,-8.138046462086946,0,0.0,REFERENCE,This test uses the supplied/current ticker universe and is not a survivorship-bias-free historical index-constituent study.
2015-07-07,T1_30D,106931.25345056513,0.0,106931.25345056513,116404.28853544107,-8.138046462086946,0,0.0,REFERENCE,This test uses the supplied/current ticker universe and is not a survivorship-bias-free historical index-constituent study.
2015-07-08,T1_30D,106931.25345056513,0.0,106931.25345056513,116404.28853544107,-8.138046462086946,0,0.0,REFERENCE,This test uses the supplied/current ticker universe and is not a survivorship-bias-free historical index-constituent study.
2015-07-09,T1_30D,106931.25345056513,0.0,106931.25345056513,116404.28853544107,-8.138046462086946,0,0.0,REFERENCE,This test uses the supplied/current ticker universe and is not a survivorship-bias-free historical index-constituent study.
2015-07-10,T1_30D,82173.73018306906,24747.24560546875,106920.9757885378,116404.28853544107,-8.146875743341642,1,-0.009611466896408682,REFERENCE,This test uses the supplied/current ticker universe and is not a survivorship-bias-free historical index-constituent study.
2015-07-13,T1_30D,82173.73018306906,25381.588134765625,107555.31831783468,116404.28853544107,-7.6019280122245565,1,0.5932816499462534,REFERENCE,This test uses the supplied/current ticker universe and is not a survivorship-bias-free historical index-constituent study.
2015-07-14,T1_30D,82173.73018306906,25478.456787109375,107652.18697017843,116404.28853544107,-7.518710586507238,1,0.09006402831470695,REFERENCE,This test uses the supplied/current ticker universe and is not a survivorship-bias-free historical index-constituent study.
2015-07-15,T1_30D,107873.03119472395,0.0,107873.03119472395,116404.28853544107,-7.328988861196162,0,0.20514606415447112,REFERENCE,This test uses the supplied/current ticker universe and is not a survivorship-bias-free historical index-constituent study.
2015-07-16,T1_30D,107873.03119472395,0.0,107873.03119472395,116404.28853544107,-7.328988861196162,0,0.0,REFERENCE,This test uses the supplied/current ticker universe and is not a survivorship-bias-free historical index-constituent study.
2015-07-17,T1_30D,107873.03119472395,0.0,107873.03119472395,116404.28853544107,-7.328988861196162,0,0.0,REFERENCE,This test uses the supplied/current ticker universe and is not a survivorship-bias-free historical index-constituent study.
2015-07-20,T1_30D,107873.03119472395,0.0,107873.03119472395,116404.28853544107,-7.328988861196162,0,0.0,REFERENCE,This test uses the supplied/current ticker universe and is not a survivorship-bias-free historical index-constituent study.
2015-07-21,T1_30D,107873.03119472395,0.0,107873.03119472395,116404.28853544107,-7.328988861196162,0,0.0,REFERENCE,This test uses the supplied/current ticker universe and is not a survivorship-bias-free historical index-constituent study.
2015-07-22,T1_30D,107873.03119472395,0.0,107873.03119472395,116404.28853544107,-7.328988861196162,0,0.0,REFERENCE,This test uses the supplied/current ticker universe and is not a survivorship-bias-free historical index-constituent study.
2015-07-23,T1_30D,107873.03119472395,0.0,107873.03119472395,116404.28853544107,-7.328988861196162,0,0.0,REFERENCE,This test uses the supplied/current ticker universe and is not a survivorship-bias-free historical index-constituent study.
2015-07-24,T1_30D,107873.03119472395,0.0,107873.03119472395,116404.28853544107,-7.328988861196162,0,0.0,REFERENCE,This test uses the supplied/current ticker universe and is not a survivorship-bias-free historical index-constituent study.
2015-07-27,T1_30D,107873.03119472395,0.0,107873.03119472395,116404.28853544107,-7.328988861196162,0,0.0,REFERENCE,This test uses the supplied/current ticker universe and is not a survivorship-bias-free historical index-constituent study.
2015-07-28,T1_30D,107873.03119472395,0.0,107873.03119472395,116404.28853544107,-7.328988861196162,0,0.0,REFERENCE,This test uses the supplied/current ticker universe and is not a survivorship-bias-free historical index-constituent study.
2015-07-29,T1_30D,107873.03119472395,0.0,107873.03119472395,116404.28853544107,-7.328988861196162,0,0.0,REFERENCE,This test uses the supplied/current ticker universe and is not a survivorship-bias-free historical index-constituent study.
2015-07-30,T1_30D,107873.03119472395,0.0,107873.03119472395,116404.28853544107,-7.328988861196162,0,0.0,REFERENCE,This test uses the supplied/current ticker universe and is not a survivorship-bias-free historical index-constituent study.
2015-07-31,T1_30D,107873.03119472395,0.0,107873.03119472395,116404.28853544107,-7.328988861196162,0,0.0,REFERENCE,This test uses the supplied/current ticker universe and is not a survivorship-bias-free historical index-constituent study.
2015-08-03,T1_30D,107873.03119472395,0.0,107873.03119472395,116404.28853544107,-7.328988861196162,0,0.0,REFERENCE,This test uses the supplied/current ticker universe and is not a survivorship-bias-free historical index-constituent study.
2015-08-04,T1_30D,107873.03119472395,0.0,107873.03119472395,116404.28853544107,-7.328988861196162,0,0.0,REFERENCE,This test uses the supplied/current ticker universe and is not a survivorship-bias-free historical index-constituent study.
2015-08-05,T1_30D,107873.03119472395,0.0,107873.03119472395,116404.28853544107,-7.328988861196162,0,0.0,REFERENCE,This test uses the supplied/current ticker universe and is not a survivorship-bias-free historical index-constituent study.
2015-08-06,T1_30D,107873.03119472395,0.0,107873.03119472395,116404.28853544107,-7.328988861196162,0,0.0,REFERENCE,This test uses the supplied/current ticker universe and is not a survivorship-bias-free historical index-constituent study.
2015-08-07,T1_30D,107873.03119472395,0.0,107873.03119472395,116404.28853544107,-7.328988861196162,0,0.0,REFERENCE,This test uses the supplied/current ticker universe and is not a survivorship-bias-free historical index-constituent study.
2015-08-10,T1_30D,107873.03119472395,0.0,107873.03119472395,116404.28853544107,-7.328988861196162,0,0.0,REFERENCE,This test uses the supplied/current ticker universe and is not a survivorship-bias-free historical index-constituent study.
2015-08-11,T1_30D,107873.03119472395,0.0,107873.03119472395,116404.28853544107,-7.328988861196162,0,0.0,REFERENCE,This test uses the supplied/current ticker universe and is not a survivorship-bias-free historical index-constituent study.
2015-08-12,T1_30D,87891.89682936876,19370.830810546875,107262.72763991564,116404.28853544107,-7.853285313231517,1,-0.5657610137112412,REFERENCE,This test uses the supplied/current ticker universe and is not a survivorship-bias-free historical index-constituent study.
2015-08-13,T1_30D,87891.89682936876,19970.115966796875,107862.01279616564,116404.28853544107,-7.338454490596025,1,0.5587077351433933,REFERENCE,This test uses the supplied/current ticker universe and is not a survivorship-bias-free historical index-constituent study.
2015-08-14,T1_30D,87891.89682936876,20544.79815673828,108436.69498610705,116404.28853544107,-6.844759458246397,1,0.5327938678721056,REFERENCE,This test uses the supplied/current ticker universe and is not a survivorship-bias-free historical index-constituent study.
2015-08-17,T1_30D,87891.89682936876,20140.80596923828,108032.70279860705,116404.28853544107,-7.191818997532174,1,-0.3725604026863394,REFERENCE,This test uses the supplied/current ticker universe and is not a survivorship-bias-free historical index-constituent study.
2015-08-18,T1_30D,87891.89682936876,20348.02276611328,108239.91959548205,116404.28853544107,-7.013804252987854,1,0.19180932394267103,REFERENCE,This test uses the supplied/current ticker universe and is not a survivorship-bias-free historical index-constituent study.
2015-08-19,T1_30D,87891.89682936876,20358.4541015625,108250.35093093126,116404.28853544107,-7.004842954756951,1,0.009637235031401126,REFERENCE,This test uses the supplied/current ticker universe and is not a survivorship-bias-free historical index-constituent study.
2015-08-20,T1_30D,69263.5445390343,38507.26446533203,107770.80900436633,116404.28853544107,-7.41680537693089,2,-0.4429934152092585,REFERENCE,This test uses the supplied/current ticker universe and is not a survivorship-bias-free historical index-constituent study.
2015-08-21,T1_30D,69263.5445390343,38476.984802246094,107740.52934128039,116404.28853544107,-7.4428178748095375,2,-0.02809634943420347,REFERENCE,This test uses the supplied/current ticker universe and is not a survivorship-bias-free historical index-constituent study.
2015-08-24,T1_30D,106188.13485017413,0.0,106188.13485017413,116404.28853544107,-8.776440983234457,0,-1.4408639911067,REFERENCE,This test uses the supplied/current ticker universe and is not a survivorship-bias-free historical index-constituent study.
2015-08-25,T1_30D,106188.13485017413,0.0,106188.13485017413,116404.28853544107,-8.776440983234457,0,0.0,REFERENCE,This test uses the supplied/current ticker universe and is not a survivorship-bias-free historical index-constituent study.
2015-08-26,T1_30D,106188.13485017413,0.0,106188.13485017413,116404.28853544107,-8.776440983234457,0,0.0,REFERENCE,This test uses the supplied/current ticker universe and is not a survivorship-bias-free historical index-constituent study.
2015-08-27,T1_30D,106188.13485017413,0.0,106188.13485017413,116404.28853544107,-8.776440983234457,0,0.0,REFERENCE,This test uses the supplied/current ticker universe and is not a survivorship-bias-free historical index-constituent study.
2015-08-28,T1_30D,106188.13485017413,0.0,106188.13485017413,116404.28853544107,-8.776440983234457,0,0.0,REFERENCE,This test uses the supplied/current ticker universe and is not a survivorship-bias-free historical index-constituent study.
2015-08-31,T1_30D,106188.13485017413,0.0,106188.13485017413,116404.28853544107,-8.776440983234457,0,0.0,REFERENCE,This test uses the supplied/current ticker universe and is not a survivorship-bias-free historical index-constituent study.
2015-09-01,T1_30D,106188.13485017413,0.0,106188.13485017413,116404.28853544107,-8.776440983234457,0,0.0,REFERENCE,This test uses the supplied/current ticker universe and is not a survivorship-bias-free historical index-constituent study.
2015-09-02,T1_30D,106188.13485017413,0.0,106188.13485017413,116404.28853544107,-8.776440983234457,0,0.0,REFERENCE,This test uses the supplied/current ticker universe and is not a survivorship-bias-free historical index-constituent study.
2015-09-03,T1_30D,106188.13485017413,0.0,106188.13485017413,116404.28853544107,-8.776440983234457,0,0.0,REFERENCE,This test uses the supplied/current ticker universe and is not a survivorship-bias-free historical index-constituent study.
2015-09-04,T1_30D,106188.13485017413,0.0,106188.13485017413,116404.28853544107,-8.776440983234457,0,0.0,REFERENCE,This test uses the supplied/current ticker universe and is not a survivorship-bias-free historical index-constituent study.
2015-09-07,T1_30D,106188.13485017413,0.0,106188.13485017413,116404.28853544107,-8.776440983234457,0,0.0,REFERENCE,This test uses the supplied/current ticker universe and is not a survivorship-bias-free historical index-constituent study.
2015-09-08,T1_30D,106188.13485017413,0.0,106188.13485017413,116404.28853544107,-8.776440983234457,0,0.0,REFERENCE,This test uses the supplied/current ticker universe and is not a survivorship-bias-free historical index-constituent study.
2015-09-09,T1_30D,106188.13485017413,0.0,106188.13485017413,116404.28853544107,-8.776440983234457,0,0.0,REFERENCE,This test uses the supplied/current ticker universe and is not a survivorship-bias-free historical index-constituent study.
2015-09-10,T1_30D,106188.13485017413,0.0,106188.13485017413,116404.28853544107,-8.776440983234457,0,0.0,REFERENCE,This test uses the supplied/current ticker universe and is not a survivorship-bias-free historical index-constituent study.
2015-09-11,T1_30D,106188.13485017413,0.0,106188.13485017413,116404.28853544107,-8.776440983234457,0,0.0,REFERENCE,This test uses the supplied/current ticker universe and is not a survivorship-bias-free historical index-constituent study.
2015-09-14,T1_30D,106188.13485017413,0.0,106188.13485017413,116404.28853544107,-8.776440983234457,0,0.0,REFERENCE,This test uses the supplied/current ticker universe and is not a survivorship-bias-free historical index-constituent study.
2015-09-15,T1_30D,106188.13485017413,0.0,106188.13485017413,116404.28853544107,-8.776440983234457,0,0.0,REFERENCE,This test uses the supplied/current ticker universe and is not a survivorship-bias-free historical index-constituent study.
2015-09-16,T1_30D,106188.13485017413,0.0,106188.13485017413,116404.28853544107,-8.776440983234457,0,0.0,REFERENCE,This test uses the supplied/current ticker universe and is not a survivorship-bias-free historical index-constituent study.
2015-09-18,T1_30D,106188.13485017413,0.0,106188.13485017413,116404.28853544107,-8.776440983234457,0,0.0,REFERENCE,This test uses the supplied/current ticker universe and is not a survivorship-bias-free historical index-constituent study.
2015-09-21,T1_30D,106188.13485017413,0.0,106188.13485017413,116404.28853544107,-8.776440983234457,0,0.0,REFERENCE,This test uses the supplied/current ticker universe and is not a survivorship-bias-free historical index-constituent study.
2015-09-22,T1_30D,106188.13485017413,0.0,106188.13485017413,116404.28853544107,-8.776440983234457,0,0.0,REFERENCE,This test uses the supplied/current ticker universe and is not a survivorship-bias-free historical index-constituent study.
2015-09-23,T1_30D,106188.13485017413,0.0,106188.13485017413,116404.28853544107,-8.776440983234457,0,0.0,REFERENCE,This test uses the supplied/current ticker universe and is not a survivorship-bias-free historical index-constituent study.
2015-09-24,T1_30D,106188.13485017413,0.0,106188.13485017413,116404.28853544107,-8.776440983234457,0,0.0,REFERENCE,This test uses the supplied/current ticker universe and is not a survivorship-bias-free historical index-constituent study.
2015-09-28,T1_30D,106188.13485017413,0.0,106188.13485017413,116404.28853544107,-8.776440983234457,0,0.0,REFERENCE,This test uses the supplied/current ticker universe and is not a survivorship-bias-free historical index-constituent study.
2015-09-29,T1_30D,106188.13485017413,0.0,106188.13485017413,116404.28853544107,-8.776440983234457,0,0.0,REFERENCE,This test uses the supplied/current ticker universe and is not a survivorship-bias-free historical index-constituent study.
2015-09-30,T1_30D,106188.13485017413,0.0,106188.13485017413,116404.28853544107,-8.776440983234457,0,0.0,REFERENCE,This test uses the supplied/current ticker universe and is not a survivorship-bias-free historical index-constituent study.
2015-10-01,T1_30D,106188.13485017413,0.0,106188.13485017413,116404.28853544107,-8.776440983234457,0,0.0,REFERENCE,This test uses the supplied/current ticker universe and is not a survivorship-bias-free historical index-constituent study.
2015-10-05,T1_30D,106188.13485017413,0.0,106188.13485017413,116404.28853544107,-8.776440983234457,0,0.0,REFERENCE,This test uses the supplied/current ticker universe and is not a survivorship-bias-free historical index-constituent study.
2015-10-06,T1_30D,106188.13485017413,0.0,106188.13485017413,116404.28853544107,-8.776440983234457,0,0.0,REFERENCE,This test uses the supplied/current ticker universe and is not a survivorship-bias-free historical index-constituent study.
2015-10-07,T1_30D,106188.13485017413,0.0,106188.13485017413,116404.28853544107,-8.776440983234457,0,0.0,REFERENCE,This test uses the supplied/current ticker universe and is not a survivorship-bias-free historical index-constituent study.
2015-10-08,T1_30D,106188.13485017413,0.0,106188.13485017413,116404.28853544107,-8.776440983234457,0,0.0,REFERENCE,This test uses the supplied/current ticker universe and is not a survivorship-bias-free historical index-constituent study.
2015-10-09,T1_30D,106188.13485017413,0.0,106188.13485017413,116404.28853544107,-8.776440983234457,0,0.0,REFERENCE,This test uses the supplied/current ticker universe and is not a survivorship-bias-free historical index-constituent study.
2015-10-12,T1_30D,84975.18469913586,21033.53283691406,106008.71753604992,116404.28853544107,-8.930573890519556,1,-0.16896173416866,REFERENCE,This test uses the supplied/current ticker universe and is not a survivorship-bias-free historical index-constituent study.
2015-10-13,T1_30D,84975.18469913586,21081.79669189453,106056.9813910304,116404.28853544107,-8.889111625178892,1,0.04552819438086164,REFERENCE,This test uses the supplied/current ticker universe and is not a survivorship-bias-free historical index-constituent study.
2015-10-14,T1_30D,105376.99457769262,0.0,105376.99457769262,116404.28853544107,-9.473271214050694,0,-0.6411523356776194,REFERENCE,This test uses the supplied/current ticker universe and is not a survivorship-bias-free historical index-constituent study.
2015-10-15,T1_30D,105376.99457769262,0.0,105376.99457769262,116404.28853544107,-9.473271214050694,0,0.0,REFERENCE,This test uses the supplied/current ticker universe and is not a survivorship-bias-free historical index-constituent study.
2015-10-16,T1_30D,105376.99457769262,0.0,105376.99457769262,116404.28853544107,-9.473271214050694,0,0.0,REFERENCE,This test uses the supplied/current ticker universe and is not a survivorship-bias-free historical index-constituent study.
2015-10-19,T1_30D,105376.99457769262,0.0,105376.99457769262,116404.28853544107,-9.473271214050694,0,0.0,REFERENCE,This test uses the supplied/current ticker universe and is not a survivorship-bias-free historical index-constituent study.
2015-10-20,T1_30D,88328.37423529649,17246.02163696289,105574.39587225938,116404.28853544107,-9.303688720956671,1,0.18732864356008072,REFERENCE,This test uses the supplied/current ticker universe and is not a survivorship-bias-free historical index-constituent study.
2015-10-21,T1_30D,88328.37423529649,17436.717681884766,105765.09191718126,116404.28853544107,-9.139866539384878,1,0.18062717133859874,REFERENCE,This test uses the supplied/current ticker universe and is not a survivorship-bias-free historical index-constituent study.
2015-10-23,T1_30D,88328.37423529649,17612.862030029297,105941.23626532579,116404.28853544107,-8.98854535495025,1,0.16654299159732933,REFERENCE,This test uses the supplied/current ticker universe and is not a survivorship-bias-free historical index-constituent study.
2015-10-26,T1_30D,88328.37423529649,17647.326904296875,105975.70113959337,116404.28853544107,-8.958937447285342,1,0.03253206728799363,REFERENCE,This test uses the supplied/current ticker universe and is not a survivorship-bias-free historical index-constituent study.
2015-10-27,T1_30D,88328.37423529649,17605.203308105472,105933.57754340196,116404.28853544107,-8.99512477055443,1,-0.03974835338519389,REFERENCE,This test uses the supplied/current ticker universe and is not a survivorship-bias-free historical index-constituent study.
2015-10-28,T1_30D,88328.37423529649,17663.410095214844,105991.78433051133,116404.28853544107,-8.9451207820058,1,0.05494649426478482,REFERENCE,This test uses the supplied/current ticker universe and is not a survivorship-bias-free historical index-constituent study.
2015-10-29,T1_30D,88328.37423529649,17538.575805664062,105866.95004096055,116404.28853544107,-9.052362784101597,1,-0.11777732617607173,REFERENCE,This test uses the supplied/current ticker universe and is not a survivorship-bias-free historical index-constituent study.
2015-10-30,T1_30D,88328.37423529649,17391.52734375,105719.90157904649,116404.28853544107,-9.178688423615554,1,-0.13889930885623292,REFERENCE,This test uses the supplied/current ticker universe and is not a survivorship-bias-free historical index-constituent study.
2015-11-02,T1_30D,88328.37423529649,17326.431335449222,105654.80557074571,116404.28853544107,-9.234610769020346,1,-0.06157403414920326,REFERENCE,This test uses the supplied/current ticker universe and is not a survivorship-bias-free historical index-constituent study.
2015-11-03,T1_30D,88328.37423529649,17545.467529296875,105873.84176459337,116404.28853544107,-9.046442277460887,1,0.2073130442713289,REFERENCE,This test uses the supplied/current ticker universe and is not a survivorship-bias-free historical index-constituent study.
2015-11-04,T1_30D,88328.37423529649,17412.212524414062,105740.58675971055,116404.28853544107,-9.160918304555231,1,-0.12586206626854501,REFERENCE,This test uses the supplied/current ticker universe and is not a survivorship-bias-free historical index-constituent study.
2015-11-05,T1_30D,88328.37423529649,17199.307312011722,105527.68154730821,116404.28853544107,-9.343819823976085,1,-0.20134672875057325,REFERENCE,This test uses the supplied/current ticker universe and is not a survivorship-bias-free historical index-constituent study.
2015-11-06,T1_30D,88328.37423529649,17435.18618774414,105763.56042304063,116404.28853544107,-9.141182207527265,1,0.2235232237398188,REFERENCE,This test uses the supplied/current ticker universe and is not a survivorship-bias-free historical index-constituent study.
2015-11-09,T1_30D,88328.37423529649,17378.5146484375,105706.88888373399,116404.28853544107,-9.189867303256694,1,-0.05358323706194934,REFERENCE,This test uses the supplied/current ticker universe and is not a survivorship-bias-free historical index-constituent study.
2015-11-10,T1_30D,88328.37423529649,16907.516387939453,105235.89062323594,116404.28853544107,-9.594490076544504,1,-0.44557007161197815,REFERENCE,This test uses the supplied/current ticker universe and is not a survivorship-bias-free historical index-constituent study.
2015-11-13,T1_30D,88328.37423529649,16860.799560546875,105189.17379584337,116404.28853544107,-9.634623329348457,1,-0.04439248541149299,REFERENCE,This test uses the supplied/current ticker universe and is not a survivorship-bias-free historical index-constituent study.
2015-11-16,T1_30D,88328.37423529649,16545.274230957035,104873.64846625352,116404.28853544107,-9.90568321344696,1,-0.2999598896006428,REFERENCE,This test uses the supplied/current ticker universe and is not a survivorship-bias-free historical index-constituent study.
2015-11-17,T1_30D,104562.60492081576,0.0,104562.60492081576,116404.28853544107,-10.172892909370713,0,-0.2965888476148981,REFERENCE,This test uses the supplied/current ticker universe and is not a survivorship-bias-free historical index-constituent study.
2015-11-18,T1_30D,104562.60492081576,0.0,104562.60492081576,116404.28853544107,-10.172892909370713,0,0.0,REFERENCE,This test uses the supplied/current ticker universe and is not a survivorship-bias-free historical index-constituent study.
2015-11-19,T1_30D,104562.60492081576,0.0,104562.60492081576,116404.28853544107,-10.172892909370713,0,0.0,REFERENCE,This test uses the supplied/current ticker universe and is not a survivorship-bias-free historical index-constituent study.
2015-11-20,T1_30D,104562.60492081576,0.0,104562.60492081576,116404.28853544107,-10.172892909370713,0,0.0,REFERENCE,This test uses the supplied/current ticker universe and is not a survivorship-bias-free historical index-constituent study.
2015-11-23,T1_30D,104562.60492081576,0.0,104562.60492081576,116404.28853544107,-10.172892909370713,0,0.0,REFERENCE,This test uses the supplied/current ticker universe and is not a survivorship-bias-free historical index-constituent study.
2015-11-24,T1_30D,104562.60492081576,0.0,104562.60492081576,116404.28853544107,-10.172892909370713,0,0.0,REFERENCE,This test uses the supplied/current ticker universe and is not a survivorship-bias-free historical index-constituent study.
2015-11-26,T1_30D,104562.60492081576,0.0,104562.60492081576,116404.28853544107,-10.172892909370713,0,0.0,REFERENCE,This test uses the supplied/current ticker universe and is not a survivorship-bias-free historical index-constituent study.
2015-11-27,T1_30D,104562.60492081576,0.0,104562.60492081576,116404.28853544107,-10.172892909370713,0,0.0,REFERENCE,This test uses the supplied/current ticker universe and is not a survivorship-bias-free historical index-constituent study.
2015-11-30,T1_30D,104562.60492081576,0.0,104562.60492081576,116404.28853544107,-10.172892909370713,0,0.0,REFERENCE,This test uses the supplied/current ticker universe and is not a survivorship-bias-free historical index-constituent study.
2015-12-01,T1_30D,104562.60492081576,0.0,104562.60492081576,116404.28853544107,-10.172892909370713,0,0.0,REFERENCE,This test uses the supplied/current ticker universe and is not a survivorship-bias-free historical index-constituent study.
2015-12-02,T1_30D,104562.60492081576,0.0,104562.60492081576,116404.28853544107,-10.172892909370713,0,0.0,REFERENCE,This test uses the supplied/current ticker universe and is not a survivorship-bias-free historical index-constituent study.
2015-12-03,T1_30D,104562.60492081576,0.0,104562.60492081576,116404.28853544107,-10.172892909370713,0,0.0,REFERENCE,This test uses the supplied/current ticker universe and is not a survivorship-bias-free historical index-constituent study.
2015-12-04,T1_30D,104562.60492081576,0.0,104562.60492081576,116404.28853544107,-10.172892909370713,0,0.0,REFERENCE,This test uses the supplied/current ticker universe and is not a survivorship-bias-free historical index-constituent study.
2015-12-07,T1_30D,104562.60492081576,0.0,104562.60492081576,116404.28853544107,-10.172892909370713,0,0.0,REFERENCE,This test uses the supplied/current ticker universe and is not a survivorship-bias-free historical index-constituent study.
2015-12-08,T1_30D,104562.60492081576,0.0,104562.60492081576,116404.28853544107,-10.172892909370713,0,0.0,REFERENCE,This test uses the supplied/current ticker universe and is not a survivorship-bias-free historical index-constituent study.
2015-12-09,T1_30D,104562.60492081576,0.0,104562.60492081576,116404.28853544107,-10.172892909370713,0,0.0,REFERENCE,This test uses the supplied/current ticker universe and is not a survivorship-bias-free historical index-constituent study.
2015-12-10,T1_30D,104562.60492081576,0.0,104562.60492081576,116404.28853544107,-10.172892909370713,0,0.0,REFERENCE,This test uses the supplied/current ticker universe and is not a survivorship-bias-free historical index-constituent study.
2015-12-11,T1_30D,104562.60492081576,0.0,104562.60492081576,116404.28853544107,-10.172892909370713,0,0.0,REFERENCE,This test uses the supplied/current ticker universe and is not a survivorship-bias-free historical index-constituent study.
2015-12-14,T1_30D,104562.60492081576,0.0,104562.60492081576,116404.28853544107,-10.172892909370713,0,0.0,REFERENCE,This test uses the supplied/current ticker universe and is not a survivorship-bias-free historical index-constituent study.
2015-12-15,T1_30D,104562.60492081576,0.0,104562.60492081576,116404.28853544107,-10.172892909370713,0,0.0,REFERENCE,This test uses the supplied/current ticker universe and is not a survivorship-bias-free historical index-constituent study.
2015-12-16,T1_30D,104562.60492081576,0.0,104562.60492081576,116404.28853544107,-10.172892909370713,0,0.0,REFERENCE,This test uses the supplied/current ticker universe and is not a survivorship-bias-free historical index-constituent study.
2015-12-17,T1_30D,104562.60492081576,0.0,104562.60492081576,116404.28853544107,-10.172892909370713,0,0.0,REFERENCE,This test uses the supplied/current ticker universe and is not a survivorship-bias-free historical index-constituent study.
2015-12-18,T1_30D,104562.60492081576,0.0,104562.60492081576,116404.28853544107,-10.172892909370713,0,0.0,REFERENCE,This test uses the supplied/current ticker universe and is not a survivorship-bias-free historical index-constituent study.
2015-12-21,T1_30D,104562.60492081576,0.0,104562.60492081576,116404.28853544107,-10.172892909370713,0,0.0,REFERENCE,This test uses the supplied/current ticker universe and is not a survivorship-bias-free historical index-constituent study.
2015-12-22,T1_30D,104562.60492081576,0.0,104562.60492081576,116404.28853544107,-10.172892909370713,0,0.0,REFERENCE,This test uses the supplied/current ticker universe and is not a survivorship-bias-free historical index-constituent study.
2015-12-23,T1_30D,104562.60492081576,0.0,104562.60492081576,116404.28853544107,-10.172892909370713,0,0.0,REFERENCE,This test uses the supplied/current ticker universe and is not a survivorship-bias-free historical index-constituent study.
2015-12-24,T1_30D,104562.60492081576,0.0,104562.60492081576,116404.28853544107,-10.172892909370713,0,0.0,REFERENCE,This test uses the supplied/current ticker universe and is not a survivorship-bias-free historical index-constituent study.
2015-12-28,T1_30D,104562.60492081576,0.0,104562.60492081576,116404.28853544107,-10.172892909370713,0,0.0,REFERENCE,This test uses the supplied/current ticker universe and is not a survivorship-bias-free historical index-constituent study.
2015-12-29,T1_30D,104562.60492081576,0.0,104562.60492081576,116404.28853544107,-10.172892909370713,0,0.0,REFERENCE,This test uses the supplied/current ticker universe and is not a survivorship-bias-free historical index-constituent study.
2015-12-30,T1_30D,104562.60492081576,0.0,104562.60492081576,116404.28853544107,-10.172892909370713,0,0.0,REFERENCE,This test uses the supplied/current ticker universe and is not a survivorship-bias-free historical index-constituent study.
2015-12-31,T1_30D,104562.60492081576,0.0,104562.60492081576,116404.28853544107,-10.172892909370713,0,0.0,REFERENCE,This test uses the supplied/current ticker universe and is not a survivorship-bias-free historical index-constituent study.
2016-01-01,T1_30D,104562.60492081576,0.0,104562.60492081576,116404.28853544107,-10.172892909370713,0,0.0,REFERENCE,This test uses the supplied/current ticker universe and is not a survivorship-bias-free historical index-constituent study.
2016-01-04,T1_30D,104562.60492081576,0.0,104562.60492081576,116404.28853544107,-10.172892909370713,0,0.0,REFERENCE,This test uses the supplied/current ticker universe and is not a survivorship-bias-free historical index-constituent study.
2016-01-05,T1_30D,104562.60492081576,0.0,104562.60492081576,116404.28853544107,-10.172892909370713,0,0.0,REFERENCE,This test uses the supplied/current ticker universe and is not a survivorship-bias-free historical index-constituent study.
2016-01-06,T1_30D,104562.60492081576,0.0,104562.60492081576,116404.28853544107,-10.172892909370713,0,0.0,REFERENCE,This test uses the supplied/current ticker universe and is not a survivorship-bias-free historical index-constituent study.
2016-01-07,T1_30D,104562.60492081576,0.0,104562.60492081576,116404.28853544107,-10.172892909370713,0,0.0,REFERENCE,This test uses the supplied/current ticker universe and is not a survivorship-bias-free historical index-constituent study.
2016-01-08,T1_30D,104562.60492081576,0.0,104562.60492081576,116404.28853544107,-10.172892909370713,0,0.0,REFERENCE,This test uses the supplied/current ticker universe and is not a survivorship-bias-free historical index-constituent study.
2016-01-11,T1_30D,104562.60492081576,0.0,104562.60492081576,116404.28853544107,-10.172892909370713,0,0.0,REFERENCE,This test uses the supplied/current ticker universe and is not a survivorship-bias-free historical index-constituent study.
2016-01-12,T1_30D,104562.60492081576,0.0,104562.60492081576,116404.28853544107,-10.172892909370713,0,0.0,REFERENCE,This test uses the supplied/current ticker universe and is not a survivorship-bias-free historical index-constituent study.
2016-01-13,T1_30D,104562.60492081576,0.0,104562.60492081576,116404.28853544107,-10.172892909370713,0,0.0,REFERENCE,This test uses the supplied/current ticker universe and is not a survivorship-bias-free historical index-constituent study.
2016-01-14,T1_30D,104562.60492081576,0.0,104562.60492081576,116404.28853544107,-10.172892909370713,0,0.0,REFERENCE,This test uses the supplied/current ticker universe and is not a survivorship-bias-free historical index-constituent study.
2016-01-15,T1_30D,104562.60492081576,0.0,104562.60492081576,116404.28853544107,-10.172892909370713,0,0.0,REFERENCE,This test uses the supplied/current ticker universe and is not a survivorship-bias-free historical index-constituent study.
2016-01-18,T1_30D,104562.60492081576,0.0,104562.60492081576,116404.28853544107,-10.172892909370713,0,0.0,REFERENCE,This test uses the supplied/current ticker universe and is not a survivorship-bias-free historical index-constituent study.
2016-01-19,T1_30D,104562.60492081576,0.0,104562.60492081576,116404.28853544107,-10.172892909370713,0,0.0,REFERENCE,This test uses the supplied/current ticker universe and is not a survivorship-bias-free historical index-constituent study.
2016-01-20,T1_30D,104562.60492081576,0.0,104562.60492081576,116404.28853544107,-10.172892909370713,0,0.0,REFERENCE,This test uses the supplied/current ticker universe and is not a survivorship-bias-free historical index-constituent study.
2016-01-21,T1_30D,104562.60492081576,0.0,104562.60492081576,116404.28853544107,-10.172892909370713,0,0.0,REFERENCE,This test uses the supplied/current ticker universe and is not a survivorship-bias-free historical index-constituent study.
2016-01-22,T1_30D,104562.60492081576,0.0,104562.60492081576,116404.28853544107,-10.172892909370713,0,0.0,REFERENCE,This test uses the supplied/current ticker universe and is not a survivorship-bias-free historical index-constituent study.
2016-01-25,T1_30D,104562.60492081576,0.0,104562.60492081576,116404.28853544107,-10.172892909370713,0,0.0,REFERENCE,This test uses the supplied/current ticker universe and is not a survivorship-bias-free historical index-constituent study.
2016-01-27,T1_30D,104562.60492081576,0.0,104562.60492081576,116404.28853544107,-10.172892909370713,0,0.0,REFERENCE,This test uses the supplied/current ticker universe and is not a survivorship-bias-free historical index-constituent study.
2016-01-28,T1_30D,104562.60492081576,0.0,104562.60492081576,116404.28853544107,-10.172892909370713,0,0.0,REFERENCE,This test uses the supplied/current ticker universe and is not a survivorship-bias-free historical index-constituent study.
2016-01-29,T1_30D,104562.60492081576,0.0,104562.60492081576,116404.28853544107,-10.172892909370713,0,0.0,REFERENCE,This test uses the supplied/current ticker universe and is not a survivorship-bias-free historical index-constituent study.
2016-02-01,T1_30D,104562.60492081576,0.0,104562.60492081576,116404.28853544107,-10.172892909370713,0,0.0,REFERENCE,This test uses the supplied/current ticker universe and is not a survivorship-bias-free historical index-constituent study.
2016-02-02,T1_30D,104562.60492081576,0.0,104562.60492081576,116404.28853544107,-10.172892909370713,0,0.0,REFERENCE,This test uses the supplied/current ticker universe and is not a survivorship-bias-free historical index-constituent study.
2016-02-03,T1_30D,104562.60492081576,0.0,104562.60492081576,116404.28853544107,-10.172892909370713,0,0.0,REFERENCE,This test uses the supplied/current ticker universe and is not a survivorship-bias-free historical index-constituent study.
2016-02-04,T1_30D,104562.60492081576,0.0,104562.60492081576,116404.28853544107,-10.172892909370713,0,0.0,REFERENCE,This test uses the supplied/current ticker universe and is not a survivorship-bias-free historical index-constituent study.
2016-02-05,T1_30D,104562.60492081576,0.0,104562.60492081576,116404.28853544107,-10.172892909370713,0,0.0,REFERENCE,This test uses the supplied/current ticker universe and is not a survivorship-bias-free historical index-constituent study.
2016-02-08,T1_30D,104562.60492081576,0.0,104562.60492081576,116404.28853544107,-10.172892909370713,0,0.0,REFERENCE,This test uses the supplied/current ticker universe and is not a survivorship-bias-free historical index-constituent study.
2016-02-09,T1_30D,104562.60492081576,0.0,104562.60492081576,116404.28853544107,-10.172892909370713,0,0.0,REFERENCE,This test uses the supplied/current ticker universe and is not a survivorship-bias-free historical index-constituent study.
2016-02-10,T1_30D,104562.60492081576,0.0,104562.60492081576,116404.28853544107,-10.172892909370713,0,0.0,REFERENCE,This test uses the supplied/current ticker universe and is not a survivorship-bias-free historical index-constituent study.
2016-02-11,T1_30D,104562.60492081576,0.0,104562.60492081576,116404.28853544107,-10.172892909370713,0,0.0,REFERENCE,This test uses the supplied/current ticker universe and is not a survivorship-bias-free historical index-constituent study.
2016-02-12,T1_30D,104562.60492081576,0.0,104562.60492081576,116404.28853544107,-10.172892909370713,0,0.0,REFERENCE,This test uses the supplied/current ticker universe and is not a survivorship-bias-free historical index-constituent study.
2016-02-15,T1_30D,104562.60492081576,0.0,104562.60492081576,116404.28853544107,-10.172892909370713,0,0.0,REFERENCE,This test uses the supplied/current ticker universe and is not a survivorship-bias-free historical index-constituent study.
2016-02-16,T1_30D,104562.60492081576,0.0,104562.60492081576,116404.28853544107,-10.172892909370713,0,0.0,REFERENCE,This test uses the supplied/current ticker universe and is not a survivorship-bias-free historical index-constituent study.
2016-02-17,T1_30D,104562.60492081576,0.0,104562.60492081576,116404.28853544107,-10.172892909370713,0,0.0,REFERENCE,This test uses the supplied/current ticker universe and is not a survivorship-bias-free historical index-constituent study.
2016-02-18,T1_30D,104562.60492081576,0.0,104562.60492081576,116404.28853544107,-10.172892909370713,0,0.0,REFERENCE,This test uses the supplied/current ticker universe and is not a survivorship-bias-free historical index-constituent study.
2016-02-19,T1_30D,104562.60492081576,0.0,104562.60492081576,116404.28853544107,-10.172892909370713,0,0.0,REFERENCE,This test uses the supplied/current ticker universe and is not a survivorship-bias-free historical index-constituent study.
2016-02-22,T1_30D,104562.60492081576,0.0,104562.60492081576,116404.28853544107,-10.172892909370713,0,0.0,REFERENCE,This test uses the supplied/current ticker universe and is not a survivorship-bias-free historical index-constituent study.
2016-02-23,T1_30D,104562.60492081576,0.0,104562.60492081576,116404.28853544107,-10.172892909370713,0,0.0,REFERENCE,This test uses the supplied/current ticker universe and is not a survivorship-bias-free historical index-constituent study.
2016-02-24,T1_30D,104562.60492081576,0.0,104562.60492081576,116404.28853544107,-10.172892909370713,0,0.0,REFERENCE,This test uses the supplied/current ticker universe and is not a survivorship-bias-free historical index-constituent study.
2016-02-25,T1_30D,104562.60492081576,0.0,104562.60492081576,116404.28853544107,-10.172892909370713,0,0.0,REFERENCE,This test uses the supplied/current ticker universe and is not a survivorship-bias-free historical index-constituent study.
2016-02-26,T1_30D,104562.60492081576,0.0,104562.60492081576,116404.28853544107,-10.172892909370713,0,0.0,REFERENCE,This test uses the supplied/current ticker universe and is not a survivorship-bias-free historical index-constituent study.
2016-02-29,T1_30D,104562.60492081576,0.0,104562.60492081576,116404.28853544107,-10.172892909370713,0,0.0,REFERENCE,This test uses the supplied/current ticker universe and is not a survivorship-bias-free historical index-constituent study.
2016-03-01,T1_30D,104562.60492081576,0.0,104562.60492081576,116404.28853544107,-10.172892909370713,0,0.0,REFERENCE,This test uses the supplied/current ticker universe and is not a survivorship-bias-free historical index-constituent study.
2016-03-02,T1_30D,104562.60492081576,0.0,104562.60492081576,116404.28853544107,-10.172892909370713,0,0.0,REFERENCE,This test uses the supplied/current ticker universe and is not a survivorship-bias-free historical index-constituent study.
2016-03-03,T1_30D,104562.60492081576,0.0,104562.60492081576,116404.28853544107,-10.172892909370713,0,0.0,REFERENCE,This test uses the supplied/current ticker universe and is not a survivorship-bias-free historical index-constituent study.
2016-03-04,T1_30D,104562.60492081576,0.0,104562.60492081576,116404.28853544107,-10.172892909370713,0,0.0,REFERENCE,This test uses the supplied/current ticker universe and is not a survivorship-bias-free historical index-constituent study.
2016-03-08,T1_30D,104562.60492081576,0.0,104562.60492081576,116404.28853544107,-10.172892909370713,0,0.0,REFERENCE,This test uses the supplied/current ticker universe and is not a survivorship-bias-free historical index-constituent study.
2016-03-09,T1_30D,104562.60492081576,0.0,104562.60492081576,116404.28853544107,-10.172892909370713,0,0.0,REFERENCE,This test uses the supplied/current ticker universe and is not a survivorship-bias-free historical index-constituent study.
2016-03-10,T1_30D,104562.60492081576,0.0,104562.60492081576,116404.28853544107,-10.172892909370713,0,0.0,REFERENCE,This test uses the supplied/current ticker universe and is not a survivorship-bias-free historical index-constituent study.
2016-03-11,T1_30D,104562.60492081576,0.0,104562.60492081576,116404.28853544107,-10.172892909370713,0,0.0,REFERENCE,This test uses the supplied/current ticker universe and is not a survivorship-bias-free historical index-constituent study.
2016-03-14,T1_30D,104562.60492081576,0.0,104562.60492081576,116404.28853544107,-10.172892909370713,0,0.0,REFERENCE,This test uses the supplied/current ticker universe and is not a survivorship-bias-free historical index-constituent study.
2016-03-15,T1_30D,104562.60492081576,0.0,104562.60492081576,116404.28853544107,-10.172892909370713,0,0.0,REFERENCE,This test uses the supplied/current ticker universe and is not a survivorship-bias-free historical index-constituent study.
2016-03-16,T1_30D,104562.60492081576,0.0,104562.60492081576,116404.28853544107,-10.172892909370713,0,0.0,REFERENCE,This test uses the supplied/current ticker universe and is not a survivorship-bias-free historical index-constituent study.
2016-03-17,T1_30D,104562.60492081576,0.0,104562.60492081576,116404.28853544107,-10.172892909370713,0,0.0,REFERENCE,This test uses the supplied/current ticker universe and is not a survivorship-bias-free historical index-constituent study.
2016-03-18,T1_30D,104562.60492081576,0.0,104562.60492081576,116404.28853544107,-10.172892909370713,0,0.0,REFERENCE,This test uses the supplied/current ticker universe and is not a survivorship-bias-free historical index-constituent study.
2016-03-21,T1_30D,104562.60492081576,0.0,104562.60492081576,116404.28853544107,-10.172892909370713,0,0.0,REFERENCE,This test uses the supplied/current ticker universe and is not a survivorship-bias-free historical index-constituent study.
2016-03-22,T1_30D,104562.60492081576,0.0,104562.60492081576,116404.28853544107,-10.172892909370713,0,0.0,REFERENCE,This test uses the supplied/current ticker universe and is not a survivorship-bias-free historical index-constituent study.
2016-03-23,T1_30D,104562.60492081576,0.0,104562.60492081576,116404.28853544107,-10.172892909370713,0,0.0,REFERENCE,This test uses the supplied/current ticker universe and is not a survivorship-bias-free historical index-constituent study.
2016-03-28,T1_30D,104562.60492081576,0.0,104562.60492081576,116404.28853544107,-10.172892909370713,0,0.0,REFERENCE,This test uses the supplied/current ticker universe and is not a survivorship-bias-free historical index-constituent study.
2016-03-29,T1_30D,104562.60492081576,0.0,104562.60492081576,116404.28853544107,-10.172892909370713,0,0.0,REFERENCE,This test uses the supplied/current ticker universe and is not a survivorship-bias-free historical index-constituent study.
2016-03-30,T1_30D,104562.60492081576,0.0,104562.60492081576,116404.28853544107,-10.172892909370713,0,0.0,REFERENCE,This test uses the supplied/current ticker universe and is not a survivorship-bias-free historical index-constituent study.
2016-03-31,T1_30D,104562.60492081576,0.0,104562.60492081576,116404.28853544107,-10.172892909370713,0,0.0,REFERENCE,This test uses the supplied/current ticker universe and is not a survivorship-bias-free historical index-constituent study.
2016-04-01,T1_30D,104562.60492081576,0.0,104562.60492081576,116404.28853544107,-10.172892909370713,0,0.0,REFERENCE,This test uses the supplied/current ticker universe and is not a survivorship-bias-free historical index-constituent study.
2016-04-04,T1_30D,104562.60492081576,0.0,104562.60492081576,116404.28853544107,-10.172892909370713,0,0.0,REFERENCE,This test uses the supplied/current ticker universe and is not a survivorship-bias-free historical index-constituent study.
2016-04-05,T1_30D,104562.60492081576,0.0,104562.60492081576,116404.28853544107,-10.172892909370713,0,0.0,REFERENCE,This test uses the supplied/current ticker universe and is not a survivorship-bias-free historical index-constituent study.
2016-04-06,T1_30D,104562.60492081576,0.0,104562.60492081576,116404.28853544107,-10.172892909370713,0,0.0,REFERENCE,This test uses the supplied/current ticker universe and is not a survivorship-bias-free historical index-constituent study.
2016-04-07,T1_30D,104562.60492081576,0.0,104562.60492081576,116404.28853544107,-10.172892909370713,0,0.0,REFERENCE,This test uses the supplied/current ticker universe and is not a survivorship-bias-free historical index-constituent study.
2016-04-08,T1_30D,104562.60492081576,0.0,104562.60492081576,116404.28853544107,-10.172892909370713,0,0.0,REFERENCE,This test uses the supplied/current ticker universe and is not a survivorship-bias-free historical index-constituent study.
2016-04-11,T1_30D,104562.60492081576,0.0,104562.60492081576,116404.28853544107,-10.172892909370713,0,0.0,REFERENCE,This test uses the supplied/current ticker universe and is not a survivorship-bias-free historical index-constituent study.
2016-04-12,T1_30D,104562.60492081576,0.0,104562.60492081576,116404.28853544107,-10.172892909370713,0,0.0,REFERENCE,This test uses the supplied/current ticker universe and is not a survivorship-bias-free historical index-constituent study.
2016-04-13,T1_30D,84492.41016868087,20152.583435058594,104644.99360373947,116404.28853544107,-10.102114861619816,1,0.07879364040910275,REFERENCE,This test uses the supplied/current ticker universe and is not a survivorship-bias-free historical index-constituent study.
2016-04-18,T1_30D,105951.89847425622,0.0,105951.89847425622,116404.28853544107,-8.9793857191116,0,1.2488938319071607,REFERENCE,This test uses the supplied/current ticker universe and is not a survivorship-bias-free historical index-constituent study.
2016-04-20,T1_30D,105951.89847425622,0.0,105951.89847425622,116404.28853544107,-8.9793857191116,0,0.0,REFERENCE,This test uses the supplied/current ticker universe and is not a survivorship-bias-free historical index-constituent study.
2016-04-21,T1_30D,105951.89847425622,0.0,105951.89847425622,116404.28853544107,-8.9793857191116,0,0.0,REFERENCE,This test uses the supplied/current ticker universe and is not a survivorship-bias-free historical index-constituent study.
2016-04-22,T1_30D,105951.89847425622,0.0,105951.89847425622,116404.28853544107,-8.9793857191116,0,0.0,REFERENCE,This test uses the supplied/current ticker universe and is not a survivorship-bias-free historical index-constituent study.
2016-04-25,T1_30D,105951.89847425622,0.0,105951.89847425622,116404.28853544107,-8.9793857191116,0,0.0,REFERENCE,This test uses the supplied/current ticker universe and is not a survivorship-bias-free historical index-constituent study.
2016-04-26,T1_30D,105951.89847425622,0.0,105951.89847425622,116404.28853544107,-8.9793857191116,0,0.0,REFERENCE,This test uses the supplied/current ticker universe and is not a survivorship-bias-free historical index-constituent study.
2016-04-27,T1_30D,105951.89847425622,0.0,105951.89847425622,116404.28853544107,-8.9793857191116,0,0.0,REFERENCE,This test uses the supplied/current ticker universe and is not a survivorship-bias-free historical index-constituent study.
2016-04-28,T1_30D,105951.89847425622,0.0,105951.89847425622,116404.28853544107,-8.9793857191116,0,0.0,REFERENCE,This test uses the supplied/current ticker universe and is not a survivorship-bias-free historical index-constituent study.
2016-04-29,T1_30D,105951.89847425622,0.0,105951.89847425622,116404.28853544107,-8.9793857191116,0,0.0,REFERENCE,This test uses the supplied/current ticker universe and is not a survivorship-bias-free historical index-constituent study.
2016-05-02,T1_30D,105951.89847425622,0.0,105951.89847425622,116404.28853544107,-8.9793857191116,0,0.0,REFERENCE,This test uses the supplied/current ticker universe and is not a survivorship-bias-free historical index-constituent study.
2016-05-03,T1_30D,85653.90949862967,20240.226013183594,105894.13551181326,116404.28853544107,-9.029008429038953,1,-0.05451810045384864,REFERENCE,This test uses the supplied/current ticker universe and is not a survivorship-bias-free historical index-constituent study.
2016-05-04,T1_30D,85653.90949862967,20430.117797851566,106084.02729648123,116404.28853544107,-8.865877167246872,1,0.17932228612111967,REFERENCE,This test uses the supplied/current ticker universe and is not a survivorship-bias-free historical index-constituent study.
2016-05-05,T1_30D,85653.90949862967,20491.983642578125,106145.8931412078,116404.28853544107,-8.812729774221284,1,0.0583177753552544,REFERENCE,This test uses the supplied/current ticker universe and is not a survivorship-bias-free historical index-constituent study.
2016-05-06,T1_30D,85653.90949862967,20303.80450439453,105957.7140030242,116404.28853544107,-8.974389744443345,1,-0.17728348465941846,REFERENCE,This test uses the supplied/current ticker universe and is not a survivorship-bias-free historical index-constituent study.
2016-05-09,T1_30D,85653.90949862967,20605.404357910156,106259.31385653983,116404.28853544107,-8.71529288700772,1,0.28464171424744666,REFERENCE,This test uses the supplied/current ticker universe and is not a survivorship-bias-free historical index-constituent study.
2016-05-10,T1_30D,85653.90949862967,20841.69482421875,106495.60432284842,116404.28853544107,-8.512301683434798,1,0.2223715340639254,REFERENCE,This test uses the supplied/current ticker universe and is not a survivorship-bias-free historical index-constituent study.
2016-05-11,T1_30D,85653.90949862967,20653.518493652344,106307.42799228201,116404.28853544107,-8.673959241703466,1,-0.17669868325826954,REFERENCE,This test uses the supplied/current ticker universe and is not a survivorship-bias-free historical index-constituent study.
2016-05-12,T1_30D,85653.90949862967,20793.580688476566,106447.49018710623,116404.28853544107,-8.553635328739063,1,0.13175203037965044,REFERENCE,This test uses the supplied/current ticker universe and is not a survivorship-bias-free historical index-constituent study.
2016-05-13,T1_30D,85653.90949862967,20746.320068359375,106400.22956698904,116404.28853544107,-8.594235740211698,1,-0.04439805958235121,REFERENCE,This test uses the supplied/current ticker universe and is not a survivorship-bias-free historical index-constituent study.
2016-05-16,T1_30D,85653.90949862967,20879.49938964844,106533.4088882781,116404.28853544107,-8.479824730991437,1,0.12516826498500944,REFERENCE,This test uses the supplied/current ticker universe and is not a survivorship-bias-free historical index-constituent study.
2016-05-17,T1_30D,85653.90949862967,20866.61102294922,106520.52052157889,116404.28853544107,-8.490896803044256,1,-0.012097957658274705,REFERENCE,This test uses the supplied/current ticker universe and is not a survivorship-bias-free historical index-constituent study.
2016-05-18,T1_30D,85653.90949862967,20790.99627685547,106444.90577548514,116404.28853544107,-8.555855531837764,1,-0.0709860839240184,REFERENCE,This test uses the supplied/current ticker universe and is not a survivorship-bias-free historical index-constituent study.
2016-05-19,T1_30D,85653.90949862967,20720.539123535156,106374.44862216483,116404.28853544107,-8.616383502247427,1,-0.06619119328163947,REFERENCE,This test uses the supplied/current ticker universe and is not a survivorship-bias-free historical index-constituent study.
2016-05-20,T1_30D,85653.90949862967,20649.22003173828,106303.12953036795,116404.28853544107,-8.677651942348897,1,-0.06704532218089199,REFERENCE,This test uses the supplied/current ticker universe and is not a survivorship-bias-free historical index-constituent study.
2016-05-23,T1_30D,85653.90949862967,20415.51397705078,106069.42347568045,116404.28853544107,-8.878422942823116,1,-0.2198487059788201,REFERENCE,This test uses the supplied/current ticker universe and is not a survivorship-bias-free historical index-constituent study.
2016-05-24,T1_30D,85653.90949862967,20411.21551513672,106065.12501376639,116404.28853544107,-8.882115643468547,1,-0.0040524986119616635,REFERENCE,This test uses the supplied/current ticker universe and is not a survivorship-bias-free historical index-constituent study.
2016-05-25,T1_30D,85653.90949862967,20770.37432861328,106424.28382724295,116404.28853544107,-8.573571329512964,1,0.3386210249881394,REFERENCE,This test uses the supplied/current ticker universe and is not a survivorship-bias-free historical index-constituent study.
2016-05-26,T1_30D,85653.90949862967,21208.584411621094,106862.49391025076,116404.28853544107,-8.197116055810227,1,0.4117576057351302,REFERENCE,This test uses the supplied/current ticker universe and is not a survivorship-bias-free historical index-constituent study.
2016-05-27,T1_30D,85653.90949862967,21438.004638671875,107091.91413730154,116404.28853544107,-8.00002690219117,1,0.21468732261056278,REFERENCE,This test uses the supplied/current ticker universe and is not a survivorship-bias-free historical index-constituent study.
2016-05-30,T1_30D,107420.69797417257,0.0,107420.69797417257,116404.28853544107,-7.717576967564477,0,0.30701088828191114,REFERENCE,This test uses the supplied/current ticker universe and is not a survivorship-bias-free historical index-constituent study.
2016-05-31,T1_30D,107420.69797417257,0.0,107420.69797417257,116404.28853544107,-7.717576967564477,0,0.0,REFERENCE,This test uses the supplied/current ticker universe and is not a survivorship-bias-free historical index-constituent study.
2016-06-01,T1_30D,107420.69797417257,0.0,107420.69797417257,116404.28853544107,-7.717576967564477,0,0.0,REFERENCE,This test uses the supplied/current ticker universe and is not a survivorship-bias-free historical index-constituent study.
2016-06-02,T1_30D,107420.69797417257,0.0,107420.69797417257,116404.28853544107,-7.717576967564477,0,0.0,REFERENCE,This test uses the supplied/current ticker universe and is not a survivorship-bias-free historical index-constituent study.
2016-06-03,T1_30D,107420.69797417257,0.0,107420.69797417257,116404.28853544107,-7.717576967564477,0,0.0,REFERENCE,This test uses the supplied/current ticker universe and is not a survivorship-bias-free historical index-constituent study.
2016-06-06,T1_30D,107420.69797417257,0.0,107420.69797417257,116404.28853544107,-7.717576967564477,0,0.0,REFERENCE,This test uses the supplied/current ticker universe and is not a survivorship-bias-free historical index-constituent study.
2016-06-07,T1_30D,107420.69797417257,0.0,107420.69797417257,116404.28853544107,-7.717576967564477,0,0.0,REFERENCE,This test uses the supplied/current ticker universe and is not a survivorship-bias-free historical index-constituent study.
2016-06-08,T1_30D,107420.69797417257,0.0,107420.69797417257,116404.28853544107,-7.717576967564477,0,0.0,REFERENCE,This test uses the supplied/current ticker universe and is not a survivorship-bias-free historical index-constituent study.
2016-06-09,T1_30D,107420.69797417257,0.0,107420.69797417257,116404.28853544107,-7.717576967564477,0,0.0,REFERENCE,This test uses the supplied/current ticker universe and is not a survivorship-bias-free historical index-constituent study.
2016-06-10,T1_30D,107420.69797417257,0.0,107420.69797417257,116404.28853544107,-7.717576967564477,0,0.0,REFERENCE,This test uses the supplied/current ticker universe and is not a survivorship-bias-free historical index-constituent study.
2016-06-13,T1_30D,107420.69797417257,0.0,107420.69797417257,116404.28853544107,-7.717576967564477,0,0.0,REFERENCE,This test uses the supplied/current ticker universe and is not a survivorship-bias-free historical index-constituent study.
2016-06-14,T1_30D,107420.69797417257,0.0,107420.69797417257,116404.28853544107,-7.717576967564477,0,0.0,REFERENCE,This test uses the supplied/current ticker universe and is not a survivorship-bias-free historical index-constituent study.
2016-06-15,T1_30D,107420.69797417257,0.0,107420.69797417257,116404.28853544107,-7.717576967564477,0,0.0,REFERENCE,This test uses the supplied/current ticker universe and is not a survivorship-bias-free historical index-constituent study.
2016-06-16,T1_30D,107420.69797417257,0.0,107420.69797417257,116404.28853544107,-7.717576967564477,0,0.0,REFERENCE,This test uses the supplied/current ticker universe and is not a survivorship-bias-free historical index-constituent study.
2016-06-17,T1_30D,107420.69797417257,0.0,107420.69797417257,116404.28853544107,-7.717576967564477,0,0.0,REFERENCE,This test uses the supplied/current ticker universe and is not a survivorship-bias-free historical index-constituent study.
2016-06-20,T1_30D,107420.69797417257,0.0,107420.69797417257,116404.28853544107,-7.717576967564477,0,0.0,REFERENCE,This test uses the supplied/current ticker universe and is not a survivorship-bias-free historical index-constituent study.
2016-06-21,T1_30D,107420.69797417257,0.0,107420.69797417257,116404.28853544107,-7.717576967564477,0,0.0,REFERENCE,This test uses the supplied/current ticker universe and is not a survivorship-bias-free historical index-constituent study.
2016-06-22,T1_30D,85705.82617767926,21642.86004638672,107348.68622406598,116404.28853544107,-7.779440453019026,1,-0.06703712735500744,REFERENCE,This test uses the supplied/current ticker universe and is not a survivorship-bias-free historical index-constituent study.
2016-06-23,T1_30D,85705.82617767926,22070.518981933594,107776.34515961286,116404.28853544107,-7.412049405036569,1,0.3983830176125691,REFERENCE,This test uses the supplied/current ticker universe and is not a survivorship-bias-free historical index-constituent study.
2016-06-24,T1_30D,80017.75897242385,26802.01904296875,106819.7780153926,116404.28853544107,-8.233812207984348,1,-0.8875483231534864,REFERENCE,This test uses the supplied/current ticker universe and is not a survivorship-bias-free historical index-constituent study.
2016-06-27,T1_30D,58227.341888868454,48828.14440917969,107055.48629804814,116404.28853544107,-8.031321143762282,2,0.22065977577820917,REFERENCE,This test uses the supplied/current ticker universe and is not a survivorship-bias-free historical index-constituent study.
2016-06-28,T1_30D,58227.341888868454,48970.31103515625,107197.6529240247,116404.28853544107,-7.909189366861913,2,0.13279714183052072,REFERENCE,This test uses the supplied/current ticker universe and is not a survivorship-bias-free historical index-constituent study.
2016-06-29,T1_30D,58227.341888868454,49387.81658935547,107615.15847822392,116404.28853544107,-7.550520833724406,2,0.38947266363669186,REFERENCE,This test uses the supplied/current ticker universe and is not a survivorship-bias-free historical index-constituent study.
2016-06-30,T1_30D,58227.341888868454,50248.771728515625,108476.11361738408,116404.28853544107,-6.810895902381753,2,0.800031474501206,REFERENCE,This test uses the supplied/current ticker universe and is not a survivorship-bias-free historical index-constituent study.
2016-07-01,T1_30D,58227.341888868454,50606.71130371094,108834.05319257939,116404.28853544107,-6.503399005404176,2,0.3299708694006531,REFERENCE,This test uses the supplied/current ticker universe and is not a survivorship-bias-free historical index-constituent study.
2016-07-04,T1_30D,58227.341888868454,50607.930725097656,108835.27261396611,116404.28853544107,-6.502351431124853,2,0.0011204410301335344,REFERENCE,This test uses the supplied/current ticker universe and is not a survivorship-bias-free historical index-constituent study.
2016-07-05,T1_30D,58227.341888868454,50262.44366455078,108489.78555341923,116404.28853544107,-6.799150685597066,2,-0.31744034103016183,REFERENCE,This test uses the supplied/current ticker universe and is not a survivorship-bias-free historical index-constituent study.
2016-07-07,T1_30D,109301.5935060095,0.0,109301.5935060095,116404.28853544107,-6.101746867572699,0,0.7482805394527725,REFERENCE,This test uses the supplied/current ticker universe and is not a survivorship-bias-free historical index-constituent study.
2016-07-08,T1_30D,109301.5935060095,0.0,109301.5935060095,116404.28853544107,-6.101746867572699,0,0.0,REFERENCE,This test uses the supplied/current ticker universe and is not a survivorship-bias-free historical index-constituent study.
2016-07-11,T1_30D,109301.5935060095,0.0,109301.5935060095,116404.28853544107,-6.101746867572699,0,0.0,REFERENCE,This test uses the supplied/current ticker universe and is not a survivorship-bias-free historical index-constituent study.
2016-07-12,T1_30D,109301.5935060095,0.0,109301.5935060095,116404.28853544107,-6.101746867572699,0,0.0,REFERENCE,This test uses the supplied/current ticker universe and is not a survivorship-bias-free historical index-constituent study.
2016-07-13,T1_30D,109301.5935060095,0.0,109301.5935060095,116404.28853544107,-6.101746867572699,0,0.0,REFERENCE,This test uses the supplied/current ticker universe and is not a survivorship-bias-free historical index-constituent study.
2016-07-14,T1_30D,109301.5935060095,0.0,109301.5935060095,116404.28853544107,-6.101746867572699,0,0.0,REFERENCE,This test uses the supplied/current ticker universe and is not a survivorship-bias-free historical index-constituent study.
2016-07-15,T1_30D,109301.5935060095,0.0,109301.5935060095,116404.28853544107,-6.101746867572699,0,0.0,REFERENCE,This test uses the supplied/current ticker universe and is not a survivorship-bias-free historical index-constituent study.
2016-07-18,T1_30D,109301.5935060095,0.0,109301.5935060095,116404.28853544107,-6.101746867572699,0,0.0,REFERENCE,This test uses the supplied/current ticker universe and is not a survivorship-bias-free historical index-constituent study.
2016-07-19,T1_30D,109301.5935060095,0.0,109301.5935060095,116404.28853544107,-6.101746867572699,0,0.0,REFERENCE,This test uses the supplied/current ticker universe and is not a survivorship-bias-free historical index-constituent study.
2016-07-20,T1_30D,109301.5935060095,0.0,109301.5935060095,116404.28853544107,-6.101746867572699,0,0.0,REFERENCE,This test uses the supplied/current ticker universe and is not a survivorship-bias-free historical index-constituent study.
2016-07-21,T1_30D,84568.62627614631,24794.07421875,109362.70049489631,116404.28853544107,-6.049251388535259,1,0.05590676853530763,REFERENCE,This test uses the supplied/current ticker universe and is not a survivorship-bias-free historical index-constituent study.
2016-07-22,T1_30D,61780.16794724551,47362.55438232422,109142.72232956972,116404.28853544107,-6.2382291041282905,2,-0.20114551335248532,REFERENCE,This test uses the supplied/current ticker universe and is not a survivorship-bias-free historical index-constituent study.
2016-07-25,T1_30D,83700.81059052382,24709.6171875,108410.42777802382,116404.28853544107,-6.867324956832155,1,-0.6709513341023765,REFERENCE,This test uses the supplied/current ticker universe and is not a survivorship-bias-free historical index-constituent study.
2016-07-26,T1_30D,64616.78166508402,44215.037109375,108831.81877445901,116404.28853544107,-6.505318537878868,2,0.3886996897549455,REFERENCE,This test uses the supplied/current ticker universe and is not a survivorship-bias-free historical index-constituent study.
2016-07-27,T1_30D,64616.78166508402,44070.990478515625,108687.77214359964,116404.28853544107,-6.629065379745025,2,-0.1323570923296713,REFERENCE,This test uses the supplied/current ticker universe and is not a survivorship-bias-free historical index-constituent study.
2016-07-28,T1_30D,64616.78166508402,44045.051025390625,108661.83269047464,116404.28853544107,-6.651349312279953,2,-0.023866027073149443,REFERENCE,This test uses the supplied/current ticker universe and is not a survivorship-bias-free historical index-constituent study.
2016-07-29,T1_30D,64616.78166508402,44484.806884765625,109101.58854984964,116404.28853544107,-6.2735661009327925,2,0.4047013090858309,REFERENCE,This test uses the supplied/current ticker universe and is not a survivorship-bias-free historical index-constituent study.
2016-08-01,T1_30D,64616.78166508402,44707.4501953125,109324.23186039651,116404.28853544107,-6.0822988260341715,2,0.2040697239207967,REFERENCE,This test uses the supplied/current ticker universe and is not a survivorship-bias-free historical index-constituent study.
2016-08-02,T1_30D,64616.78166508402,44740.952392578125,109357.73405766214,116404.28853544107,-6.053517929997487,2,0.03064480462886543,REFERENCE,This test uses the supplied/current ticker universe and is not a survivorship-bias-free historical index-constituent study.
2016-08-03,T1_30D,64616.78166508402,44359.79248046875,108976.57414555276,116404.28853544107,-6.380962835082171,2,-0.34854408368446554,REFERENCE,This test uses the supplied/current ticker universe and is not a survivorship-bias-free historical index-constituent study.
2016-08-04,T1_30D,64616.78166508402,44410.03515625,109026.81682133401,116404.28853544107,-6.33780061450302,2,0.04610410647900576,REFERENCE,This test uses the supplied/current ticker universe and is not a survivorship-bias-free historical index-constituent study.
2016-08-05,T1_30D,64616.78166508402,45312.753173828125,109929.53483891214,116404.28853544107,-5.562298243468577,2,0.8279779634926321,REFERENCE,This test uses the supplied/current ticker universe and is not a survivorship-bias-free historical index-constituent study.
2016-08-08,T1_30D,64616.78166508402,45559.9091796875,110176.69084477151,116404.28853544107,-5.3499727278290665,2,0.22483130327217715,REFERENCE,This test uses the supplied/current ticker universe and is not a survivorship-bias-free historical index-constituent study.
2016-08-09,T1_30D,64616.78166508402,45793.838623046875,110410.62028813089,116404.28853544107,-5.149009819758765,2,0.21232208152717202,REFERENCE,This test uses the supplied/current ticker universe and is not a survivorship-bias-free historical index-constituent study.
2016-08-10,T1_30D,64616.78166508402,45320.800537109375,109937.58220219339,116404.28853544107,-5.555384955837594,2,-0.428435312384845,REFERENCE,This test uses the supplied/current ticker universe and is not a survivorship-bias-free historical index-constituent study.
2016-08-11,T1_30D,64616.78166508402,45677.8603515625,110294.64201664651,116404.28853544107,-5.248643839212486,2,0.32478412504690635,REFERENCE,This test uses the supplied/current ticker universe and is not a survivorship-bias-free historical index-constituent study.
2016-08-12,T1_30D,85032.45626851042,25473.828125,110506.28439351042,116404.28853544107,-5.06682719007806,1,0.19188817606567987,REFERENCE,This test uses the supplied/current ticker universe and is not a survivorship-bias-free historical index-constituent study.
2016-08-16,T1_30D,85032.45626851042,25234.078125,110266.53439351042,116404.28853544107,-5.272790392135695,1,-0.21695598699731367,REFERENCE,This test uses the supplied/current ticker universe and is not a survivorship-bias-free historical index-constituent study.
2016-08-17,T1_30D,85032.45626851042,24879.892578125,109912.34884663542,116404.28853544107,-5.577062297691104,1,-0.32120855962608497,REFERENCE,This test uses the supplied/current ticker universe and is not a survivorship-bias-free historical index-constituent study.
2016-08-18,T1_30D,85032.45626851042,24708.25390625,109740.71017476042,116404.28853544107,-5.724512768833101,1,-0.15615958868688828,REFERENCE,This test uses the supplied/current ticker universe and is not a survivorship-bias-free historical index-constituent study.
2016-08-19,T1_30D,85032.45626851042,24810.419921875,109842.87619038542,116404.28853544107,-5.636744511399961,1,0.09309764394844766,REFERENCE,This test uses the supplied/current ticker universe and is not a survivorship-bias-free historical index-constituent study.
2016-08-22,T1_30D,85032.45626851042,25338.966796875,110371.42306538542,116404.28853544107,-5.182683169116109,1,0.4811844821724254,REFERENCE,This test uses the supplied/current ticker universe and is not a survivorship-bias-free historical index-constituent study.
2016-08-23,T1_30D,85032.45626851042,25111.474609375,110143.93087788542,116404.28853544107,-5.378115992392829,1,-0.20611511674106797,REFERENCE,This test uses the supplied/current ticker universe and is not a survivorship-bias-free historical index-constituent study.
2016-08-24,T1_30D,65026.43734410344,44926.734466552734,109953.17181065617,116404.28853544107,-5.541992314845645,2,-0.17319072027739413,REFERENCE,This test uses the supplied/current ticker universe and is not a survivorship-bias-free historical index-constituent study.
2016-08-25,T1_30D,65026.43734410344,44247.31283569336,109273.7501797968,116404.28853544107,-6.125666369648631,2,-0.6179190828886405,REFERENCE,This test uses the supplied/current ticker universe and is not a survivorship-bias-free historical index-constituent study.
2016-08-26,T1_30D,65026.43734410344,44599.4836730957,109625.92101719914,116404.28853544107,-5.823125250388128,2,0.3222831071715726,REFERENCE,This test uses the supplied/current ticker universe and is not a survivorship-bias-free historical index-constituent study.
2016-08-29,T1_30D,65026.43734410344,44493.13723754883,109519.57458165227,116404.28853544107,-5.914484801556641,2,-0.09700847624367626,REFERENCE,This test uses the supplied/current ticker universe and is not a survivorship-bias-free historical index-constituent study.
2016-08-30,T1_30D,65026.43734410344,45243.54168701172,110269.97903111516,116404.28853544107,-5.269831190504826,2,0.6851783823387914,REFERENCE,This test uses the supplied/current ticker universe and is not a survivorship-bias-free historical index-constituent study.
2016-08-31,T1_30D,65026.43734410344,45568.50686645508,110594.94421055852,116404.28853544107,-4.990661768542837,2,0.29469959303398685,REFERENCE,This test uses the supplied/current ticker universe and is not a survivorship-bias-free historical index-constituent study.
2016-09-01,T1_30D,90224.40210888322,20337.79705810547,110562.19916698869,116404.28853544107,-5.01879221286049,1,-0.02960808362766354,REFERENCE,This test uses the supplied/current ticker universe and is not a survivorship-bias-free historical index-constituent study.
2016-09-02,T1_30D,90224.40210888322,20576.345947265625,110800.74805614885,116404.28853544107,-4.813860854951346,1,0.2157598989143361,REFERENCE,This test uses the supplied/current ticker universe and is not a survivorship-bias-free historical index-constituent study.
2016-09-06,T1_30D,111475.43912295923,0.0,111475.43912295923,116404.28853544107,-4.234250708882758,0,0.6089228445177008,REFERENCE,This test uses the supplied/current ticker universe and is not a survivorship-bias-free historical index-constituent study.
2016-09-07,T1_30D,111475.43912295923,0.0,111475.43912295923,116404.28853544107,-4.234250708882758,0,0.0,REFERENCE,This test uses the supplied/current ticker universe and is not a survivorship-bias-free historical index-constituent study.
2016-09-08,T1_30D,111475.43912295923,0.0,111475.43912295923,116404.28853544107,-4.234250708882758,0,0.0,REFERENCE,This test uses the supplied/current ticker universe and is not a survivorship-bias-free historical index-constituent study.
2016-09-09,T1_30D,111475.43912295923,0.0,111475.43912295923,116404.28853544107,-4.234250708882758,0,0.0,REFERENCE,This test uses the supplied/current ticker universe and is not a survivorship-bias-free historical index-constituent study.
2016-09-12,T1_30D,111475.43912295923,0.0,111475.43912295923,116404.28853544107,-4.234250708882758,0,0.0,REFERENCE,This test uses the supplied/current ticker universe and is not a survivorship-bias-free historical index-constituent study.
2016-09-14,T1_30D,93210.88806118417,18390.4765625,111601.36462368417,116404.28853544107,-4.126071274680376,1,0.11296255185506698,REFERENCE,This test uses the supplied/current ticker universe and is not a survivorship-bias-free historical index-constituent study.
2016-09-15,T1_30D,93210.88806118417,18028.924255371094,111239.81231655527,116404.28853544107,-4.436671778903911,1,-0.3239676399549807,REFERENCE,This test uses the supplied/current ticker universe and is not a survivorship-bias-free historical index-constituent study.
2016-09-16,T1_30D,93210.88806118417,18082.15808105469,111293.04614223886,116404.28853544107,-4.390939936586625,1,0.04785501213548926,REFERENCE,This test uses the supplied/current ticker universe and is not a survivorship-bias-free historical index-constituent study.
2016-09-19,T1_30D,72446.7700058418,38344.402893066406,110791.1728989082,116404.28853544107,-4.822086631991973,2,-0.4509475306204047,REFERENCE,This test uses the supplied/current ticker universe and is not a survivorship-bias-free historical index-constituent study.
2016-09-20,T1_30D,50522.452520639396,60238.049255371094,110760.5017760105,116404.28853544107,-4.848435423160746,3,-0.027683724339389038,REFERENCE,This test uses the supplied/current ticker universe and is not a survivorship-bias-free historical index-constituent study.
2016-09-21,T1_30D,50522.452520639396,60318.140625,110840.5931456394,116404.28853544107,-4.779630939548863,3,0.07231040699948732,REFERENCE,This test uses the supplied/current ticker universe and is not a survivorship-bias-free historical index-constituent study.
2016-09-22,T1_30D,50522.452520639396,61008.324768066406,111530.77728870581,116404.28853544107,-4.186711080882077,3,0.6226817481565838,REFERENCE,This test uses the supplied/current ticker universe and is not a survivorship-bias-free historical index-constituent study.
2016-09-23,T1_30D,70426.06696852265,40094.758544921875,110520.82551344452,116404.28853544107,-5.054335279241229,2,-0.9055363907730651,REFERENCE,This test uses the supplied/current ticker universe and is not a survivorship-bias-free historical index-constituent study.
2016-09-26,T1_30D,49133.141802410595,60634.48764038086,109767.62944279145,116404.28853544107,-5.7013871019270805,3,-0.6814969641730007,REFERENCE,This test uses the supplied/current ticker universe and is not a survivorship-bias-free historical index-constituent study.
2016-09-27,T1_30D,49133.141802410595,60228.83709716797,109361.97889957856,116404.28853544107,-6.049871292944986,3,-0.3695538887667271,REFERENCE,This test uses the supplied/current ticker universe and is not a survivorship-bias-free historical index-constituent study.
2016-09-28,T1_30D,49133.141802410595,60891.34426879883,110024.48607120942,116404.28853544107,-5.48072802514421,3,0.6057929623230374,REFERENCE,This test uses the supplied/current ticker universe and is not a survivorship-bias-free historical index-constituent study.
2016-09-29,T1_30D,108056.11350899532,0.0,108056.11350899532,116404.28853544107,-7.171707444355901,0,-1.7890313624733922,REFERENCE,This test uses the supplied/current ticker universe and is not a survivorship-bias-free historical index-constituent study.
2016-09-30,T1_30D,108056.11350899532,0.0,108056.11350899532,116404.28853544107,-7.171707444355901,0,0.0,REFERENCE,This test uses the supplied/current ticker universe and is not a survivorship-bias-free historical index-constituent study.
2016-10-03,T1_30D,108056.11350899532,0.0,108056.11350899532,116404.28853544107,-7.171707444355901,0,0.0,REFERENCE,This test uses the supplied/current ticker universe and is not a survivorship-bias-free historical index-constituent study.
2016-10-04,T1_30D,108056.11350899532,0.0,108056.11350899532,116404.28853544107,-7.171707444355901,0,0.0,REFERENCE,This test uses the supplied/current ticker universe and is not a survivorship-bias-free historical index-constituent study.
2016-10-05,T1_30D,108056.11350899532,0.0,108056.11350899532,116404.28853544107,-7.171707444355901,0,0.0,REFERENCE,This test uses the supplied/current ticker universe and is not a survivorship-bias-free historical index-constituent study.
2016-10-06,T1_30D,87513.16535779016,20478.189331054688,107991.35468884485,116404.28853544107,-7.227340119891523,1,-0.059930732327406755,REFERENCE,This test uses the supplied/current ticker universe and is not a survivorship-bias-free historical index-constituent study.
2016-10-07,T1_30D,87513.16535779016,20168.613647460938,107681.7790052511,116404.28853544107,-7.493288812580367,1,-0.2866670989411402,REFERENCE,This test uses the supplied/current ticker universe and is not a survivorship-bias-free historical index-constituent study.
2016-10-10,T1_30D,87513.16535779016,20543.64794921875,108056.81330700891,116404.28853544107,-7.171106265462579,1,0.3482801874396202,REFERENCE,This test uses the supplied/current ticker universe and is not a survivorship-bias-free historical index-constituent study.
2016-10-13,T1_30D,60459.81148040996,47367.60852050781,107827.42000091777,116404.28853544107,-7.368172291961505,2,-0.2122895346167497,REFERENCE,This test uses the supplied/current ticker universe and is not a survivorship-bias-free historical index-constituent study.
2016-10-14,T1_30D,60459.81148040996,47524.36099243164,107984.1724728416,116404.28853544107,-7.233510181229996,2,0.14537347914147514,REFERENCE,This test uses the supplied/current ticker universe and is not a survivorship-bias-free historical index-constituent study.
2016-10-17,T1_30D,86917.59484047521,20732.928955078125,107650.52379555334,116404.28853544107,-7.520139378045776,1,-0.30897924172376134,REFERENCE,This test uses the supplied/current ticker universe and is not a survivorship-bias-free historical index-constituent study.
2016-10-18,T1_30D,86917.59484047521,20971.7509765625,107889.34581703771,116404.28853544107,-7.314973379018463,1,0.22184938174378832,REFERENCE,This test uses the supplied/current ticker universe and is not a survivorship-bias-free historical index-constituent study.
2016-10-19,T1_30D,86917.59484047521,21099.11962890625,108016.71446938146,116404.28853544107,-7.205554169514883,1,0.11805489353855503,REFERENCE,This test uses the supplied/current ticker universe and is not a survivorship-bias-free historical index-constituent study.
2016-10-20,T1_30D,86917.59484047521,21107.963256835938,108025.55809731115,116404.28853544107,-7.197956830927998,1,0.008187277286797467,REFERENCE,This test uses the supplied/current ticker universe and is not a survivorship-bias-free historical index-constituent study.
2016-10-21,T1_30D,86917.59484047521,20635.6328125,107553.22765297521,116404.28853544107,-7.603724049884142,1,-0.4372395316953215,REFERENCE,This test uses the supplied/current ticker universe and is not a survivorship-bias-free historical index-constituent study.
2016-10-24,T1_30D,86917.59484047521,20686.938842773438,107604.53368324865,116404.28853544107,-7.559648328174095,1,0.047702920119685466,REFERENCE,This test uses the supplied/current ticker universe and is not a survivorship-bias-free historical index-constituent study.
2016-10-25,T1_30D,86917.59484047521,20679.85791015625,107597.45275063146,116404.28853544107,-7.5657313795000185,1,-0.006580515127763142,REFERENCE,This test uses the supplied/current ticker universe and is not a survivorship-bias-free historical index-constituent study.
2016-10-26,T1_30D,86917.59484047521,20437.505859375,107355.10069985021,116404.28853544107,-7.773929938015723,1,-0.22523958010690626,REFERENCE,This test uses the supplied/current ticker universe and is not a survivorship-bias-free historical index-constituent study.
2016-10-27,T1_30D,86917.59484047521,20724.087646484375,107641.68248695959,116404.28853544107,-7.527734724149426,1,0.2669475276359856,REFERENCE,This test uses the supplied/current ticker universe and is not a survivorship-bias-free historical index-constituent study.
2016-10-28,T1_30D,86917.59484047521,20349.053344726562,107266.64818520178,116404.28853544107,-7.849917271267204,1,-0.3484099217821557,REFERENCE,This test uses the supplied/current ticker universe and is not a survivorship-bias-free historical index-constituent study.
2016-11-01,T1_30D,86917.59484047521,20228.758666992188,107146.3535074674,116404.28853544107,-7.953259406894575,1,-0.11214546158530014,REFERENCE,This test uses the supplied/current ticker universe and is not a survivorship-bias-free historical index-constituent study.
2016-11-02,T1_30D,106629.82002126327,0.0,106629.82002126327,116404.28853544107,-8.397000348661399,0,-0.4820821887962179,REFERENCE,This test uses the supplied/current ticker universe and is not a survivorship-bias-free historical index-constituent study.
2016-11-03,T1_30D,106629.82002126327,0.0,106629.82002126327,116404.28853544107,-8.397000348661399,0,0.0,REFERENCE,This test uses the supplied/current ticker universe and is not a survivorship-bias-free historical index-constituent study.
2016-11-04,T1_30D,90028.38382785147,16689.77819824219,106718.16202609366,116404.28853544107,-8.321107951618401,1,0.0828492487493504,REFERENCE,This test uses the supplied/current ticker universe and is not a survivorship-bias-free historical index-constituent study.
2016-11-07,T1_30D,90028.38382785147,17240.33276367187,107268.71659152335,116404.28853544107,-7.848140355358346,1,0.5158958465711461,REFERENCE,This test uses the supplied/current ticker universe and is not a survivorship-bias-free historical index-constituent study.
2016-11-08,T1_30D,90028.38382785147,17518.705444335938,107547.08927218741,116404.28853544107,-7.608997378611992,1,0.25950965902210577,REFERENCE,This test uses the supplied/current ticker universe and is not a survivorship-bias-free historical index-constituent study.
2016-11-09,T1_30D,105780.68834855084,0.0,105780.68834855084,116404.28853544107,-9.126468037005097,0,-1.6424441940646517,REFERENCE,This test uses the supplied/current ticker universe and is not a survivorship-bias-free historical index-constituent study.
2016-11-10,T1_30D,105780.68834855084,0.0,105780.68834855084,116404.28853544107,-9.126468037005097,0,0.0,REFERENCE,This test uses the supplied/current ticker universe and is not a survivorship-bias-free historical index-constituent study.
2016-11-11,T1_30D,105780.68834855084,0.0,105780.68834855084,116404.28853544107,-9.126468037005097,0,0.0,REFERENCE,This test uses the supplied/current ticker universe and is not a survivorship-bias-free historical index-constituent study.
2016-11-15,T1_30D,105780.68834855084,0.0,105780.68834855084,116404.28853544107,-9.126468037005097,0,0.0,REFERENCE,This test uses the supplied/current ticker universe and is not a survivorship-bias-free historical index-constituent study.
2016-11-16,T1_30D,105780.68834855084,0.0,105780.68834855084,116404.28853544107,-9.126468037005097,0,0.0,REFERENCE,This test uses the supplied/current ticker universe and is not a survivorship-bias-free historical index-constituent study.
2016-11-17,T1_30D,105780.68834855084,0.0,105780.68834855084,116404.28853544107,-9.126468037005097,0,0.0,REFERENCE,This test uses the supplied/current ticker universe and is not a survivorship-bias-free historical index-constituent study.
2016-11-18,T1_30D,105780.68834855084,0.0,105780.68834855084,116404.28853544107,-9.126468037005097,0,0.0,REFERENCE,This test uses the supplied/current ticker universe and is not a survivorship-bias-free historical index-constituent study.
2016-11-21,T1_30D,105780.68834855084,0.0,105780.68834855084,116404.28853544107,-9.126468037005097,0,0.0,REFERENCE,This test uses the supplied/current ticker universe and is not a survivorship-bias-free historical index-constituent study.
2016-11-22,T1_30D,105780.68834855084,0.0,105780.68834855084,116404.28853544107,-9.126468037005097,0,0.0,REFERENCE,This test uses the supplied/current ticker universe and is not a survivorship-bias-free historical index-constituent study.
2016-11-23,T1_30D,105780.68834855084,0.0,105780.68834855084,116404.28853544107,-9.126468037005097,0,0.0,REFERENCE,This test uses the supplied/current ticker universe and is not a survivorship-bias-free historical index-constituent study.
2016-11-24,T1_30D,105780.68834855084,0.0,105780.68834855084,116404.28853544107,-9.126468037005097,0,0.0,REFERENCE,This test uses the supplied/current ticker universe and is not a survivorship-bias-free historical index-constituent study.
2016-11-25,T1_30D,105780.68834855084,0.0,105780.68834855084,116404.28853544107,-9.126468037005097,0,0.0,REFERENCE,This test uses the supplied/current ticker universe and is not a survivorship-bias-free historical index-constituent study.
2016-11-28,T1_30D,105780.68834855084,0.0,105780.68834855084,116404.28853544107,-9.126468037005097,0,0.0,REFERENCE,This test uses the supplied/current ticker universe and is not a survivorship-bias-free historical index-constituent study.
2016-11-29,T1_30D,105780.68834855084,0.0,105780.68834855084,116404.28853544107,-9.126468037005097,0,0.0,REFERENCE,This test uses the supplied/current ticker universe and is not a survivorship-bias-free historical index-constituent study.
2016-11-30,T1_30D,105780.68834855084,0.0,105780.68834855084,116404.28853544107,-9.126468037005097,0,0.0,REFERENCE,This test uses the supplied/current ticker universe and is not a survivorship-bias-free historical index-constituent study.
2016-12-01,T1_30D,91146.00743633654,14467.260360717773,105613.26779705432,116404.28853544107,-9.270294826896574,1,-0.15827137647740352,REFERENCE,This test uses the supplied/current ticker universe and is not a survivorship-bias-free historical index-constituent study.
2016-12-02,T1_30D,91146.00743633654,14379.547164916992,105525.55460125353,116404.28853544107,-9.345647029899018,1,-0.08305130371435432,REFERENCE,This test uses the supplied/current ticker universe and is not a survivorship-bias-free historical index-constituent study.
2016-12-05,T1_30D,91146.00743633654,14537.997894287111,105684.00533062365,116404.28853544107,-9.209525988858614,1,0.1501538939727487,REFERENCE,This test uses the supplied/current ticker universe and is not a survivorship-bias-free historical index-constituent study.
2016-12-06,T1_30D,91146.00743633654,14662.497299194338,105808.50473553088,116404.28853544107,-9.102571677747196,1,0.1178034505010972,REFERENCE,This test uses the supplied/current ticker universe and is not a survivorship-bias-free historical index-constituent study.
2016-12-07,T1_30D,91146.00743633654,14464.431243896483,105610.43868023303,116404.28853544107,-9.272725250085346,1,-0.18719294426560174,REFERENCE,This test uses the supplied/current ticker universe and is not a survivorship-bias-free historical index-constituent study.
2016-12-08,T1_30D,91146.00743633654,14707.768936157227,105853.77637249377,116404.28853544107,-9.06367995173566,1,0.23041064434692338,REFERENCE,This test uses the supplied/current ticker universe and is not a survivorship-bias-free historical index-constituent study.
2016-12-09,T1_30D,91146.00743633654,15089.752578735352,106235.7600150719,116404.28853544107,-8.735527400498832,1,0.36085972146515655,REFERENCE,This test uses the supplied/current ticker universe and is not a survivorship-bias-free historical index-constituent study.
2016-12-12,T1_30D,91146.00743633654,14919.981536865233,106065.98897320178,116404.28853544107,-8.881373437621786,1,-0.15980592772718571,REFERENCE,This test uses the supplied/current ticker universe and is not a survivorship-bias-free historical index-constituent study.
2016-12-13,T1_30D,91146.00743633654,15061.457565307617,106207.46500164416,116404.28853544107,-8.759834935714018,1,0.13338491425194388,REFERENCE,This test uses the supplied/current ticker universe and is not a survivorship-bias-free historical index-constituent study.
2016-12-14,T1_30D,91146.00743633654,14877.540939331055,106023.5483756676,116404.28853544107,-8.917833088780824,1,-0.17316732488974473,REFERENCE,This test uses the supplied/current ticker universe and is not a survivorship-bias-free historical index-constituent study.
2016-12-15,T1_30D,91146.00743633654,15019.014083862305,106165.02152019885,116404.28853544107,-8.796297064368652,1,0.13343558737533012,REFERENCE,This test uses the supplied/current ticker universe and is not a survivorship-bias-free historical index-constituent study.
2016-12-16,T1_30D,91146.00743633654,14982.231719970703,106128.23915630725,116404.28853544107,-8.827895869150149,1,-0.0346464055344331,REFERENCE,This test uses the supplied/current ticker universe and is not a survivorship-bias-free historical index-constituent study.
2016-12-19,T1_30D,91146.00743633654,14789.825820922852,105935.8332572594,116404.28853544107,-8.993186943447018,1,-0.1812956669944077,REFERENCE,This test uses the supplied/current ticker universe and is not a survivorship-bias-free historical index-constituent study.
2016-12-20,T1_30D,91146.00743633654,14405.011138916017,105551.01857525256,116404.28853544107,-9.323771569536344,1,-0.3632526126191249,REFERENCE,This test uses the supplied/current ticker universe and is not a survivorship-bias-free historical index-constituent study.
2016-12-21,T1_30D,91146.00743633654,14450.284698486328,105596.29213482287,116404.28853544107,-9.284878191861068,1,0.042892584251119636,REFERENCE,This test uses the supplied/current ticker universe and is not a survivorship-bias-free historical index-constituent study.
2016-12-22,T1_30D,91146.00743633654,14136.20947265625,105282.21690899279,116404.28853544107,-9.554692328248704,1,-0.2974301649049105,REFERENCE,This test uses the supplied/current ticker universe and is not a survivorship-bias-free historical index-constituent study.
2016-12-23,T1_30D,91146.00743633654,14099.425186157227,105245.43262249377,116404.28853544107,-9.586292784693939,1,-0.03493874614249881,REFERENCE,This test uses the supplied/current ticker universe and is not a survivorship-bias-free historical index-constituent study.
2016-12-26,T1_30D,104969.14112837834,0.0,104969.14112837834,116404.28853544107,-9.82364786635943,0,-0.26252112536461203,REFERENCE,This test uses the supplied/current ticker universe and is not a survivorship-bias-free historical index-constituent study.
2016-12-27,T1_30D,104969.14112837834,0.0,104969.14112837834,116404.28853544107,-9.82364786635943,0,0.0,REFERENCE,This test uses the supplied/current ticker universe and is not a survivorship-bias-free historical index-constituent study.
2016-12-28,T1_30D,104969.14112837834,0.0,104969.14112837834,116404.28853544107,-9.82364786635943,0,0.0,REFERENCE,This test uses the supplied/current ticker universe and is not a survivorship-bias-free historical index-constituent study.
2016-12-29,T1_30D,104969.14112837834,0.0,104969.14112837834,116404.28853544107,-9.82364786635943,0,0.0,REFERENCE,This test uses the supplied/current ticker universe and is not a survivorship-bias-free historical index-constituent study.
2016-12-30,T1_30D,104969.14112837834,0.0,104969.14112837834,116404.28853544107,-9.82364786635943,0,0.0,REFERENCE,This test uses the supplied/current ticker universe and is not a survivorship-bias-free historical index-constituent study.
2017-01-02,T1_30D,104969.14112837834,0.0,104969.14112837834,116404.28853544107,-9.82364786635943,0,0.0,REFERENCE,This test uses the supplied/current ticker universe and is not a survivorship-bias-free historical index-constituent study.
2017-01-03,T1_30D,104969.14112837834,0.0,104969.14112837834,116404.28853544107,-9.82364786635943,0,0.0,REFERENCE,This test uses the supplied/current ticker universe and is not a survivorship-bias-free historical index-constituent study.
2017-01-04,T1_30D,104969.14112837834,0.0,104969.14112837834,116404.28853544107,-9.82364786635943,0,0.0,REFERENCE,This test uses the supplied/current ticker universe and is not a survivorship-bias-free historical index-constituent study.
2017-01-05,T1_30D,104969.14112837834,0.0,104969.14112837834,116404.28853544107,-9.82364786635943,0,0.0,REFERENCE,This test uses the supplied/current ticker universe and is not a survivorship-bias-free historical index-constituent study.
2017-01-06,T1_30D,104969.14112837834,0.0,104969.14112837834,116404.28853544107,-9.82364786635943,0,0.0,REFERENCE,This test uses the supplied/current ticker universe and is not a survivorship-bias-free historical index-constituent study.
2017-01-09,T1_30D,104969.14112837834,0.0,104969.14112837834,116404.28853544107,-9.82364786635943,0,0.0,REFERENCE,This test uses the supplied/current ticker universe and is not a survivorship-bias-free historical index-constituent study.
2017-01-10,T1_30D,104969.14112837834,0.0,104969.14112837834,116404.28853544107,-9.82364786635943,0,0.0,REFERENCE,This test uses the supplied/current ticker universe and is not a survivorship-bias-free historical index-constituent study.
2017-01-11,T1_30D,104969.14112837834,0.0,104969.14112837834,116404.28853544107,-9.82364786635943,0,0.0,REFERENCE,This test uses the supplied/current ticker universe and is not a survivorship-bias-free historical index-constituent study.
2017-01-12,T1_30D,104969.14112837834,0.0,104969.14112837834,116404.28853544107,-9.82364786635943,0,0.0,REFERENCE,This test uses the supplied/current ticker universe and is not a survivorship-bias-free historical index-constituent study.
2017-01-13,T1_30D,104969.14112837834,0.0,104969.14112837834,116404.28853544107,-9.82364786635943,0,0.0,REFERENCE,This test uses the supplied/current ticker universe and is not a survivorship-bias-free historical index-constituent study.
2017-01-16,T1_30D,104969.14112837834,0.0,104969.14112837834,116404.28853544107,-9.82364786635943,0,0.0,REFERENCE,This test uses the supplied/current ticker universe and is not a survivorship-bias-free historical index-constituent study.
2017-01-17,T1_30D,104969.14112837834,0.0,104969.14112837834,116404.28853544107,-9.82364786635943,0,0.0,REFERENCE,This test uses the supplied/current ticker universe and is not a survivorship-bias-free historical index-constituent study.
2017-01-18,T1_30D,104969.14112837834,0.0,104969.14112837834,116404.28853544107,-9.82364786635943,0,0.0,REFERENCE,This test uses the supplied/current ticker universe and is not a survivorship-bias-free historical index-constituent study.
2017-01-19,T1_30D,104969.14112837834,0.0,104969.14112837834,116404.28853544107,-9.82364786635943,0,0.0,REFERENCE,This test uses the supplied/current ticker universe and is not a survivorship-bias-free historical index-constituent study.
2017-01-20,T1_30D,104969.14112837834,0.0,104969.14112837834,116404.28853544107,-9.82364786635943,0,0.0,REFERENCE,This test uses the supplied/current ticker universe and is not a survivorship-bias-free historical index-constituent study.
2017-01-23,T1_30D,104969.14112837834,0.0,104969.14112837834,116404.28853544107,-9.82364786635943,0,0.0,REFERENCE,This test uses the supplied/current ticker universe and is not a survivorship-bias-free historical index-constituent study.
2017-01-24,T1_30D,104969.14112837834,0.0,104969.14112837834,116404.28853544107,-9.82364786635943,0,0.0,REFERENCE,This test uses the supplied/current ticker universe and is not a survivorship-bias-free historical index-constituent study.
2017-01-25,T1_30D,104969.14112837834,0.0,104969.14112837834,116404.28853544107,-9.82364786635943,0,0.0,REFERENCE,This test uses the supplied/current ticker universe and is not a survivorship-bias-free historical index-constituent study.
2017-01-27,T1_30D,104969.14112837834,0.0,104969.14112837834,116404.28853544107,-9.82364786635943,0,0.0,REFERENCE,This test uses the supplied/current ticker universe and is not a survivorship-bias-free historical index-constituent study.
2017-01-30,T1_30D,104969.14112837834,0.0,104969.14112837834,116404.28853544107,-9.82364786635943,0,0.0,REFERENCE,This test uses the supplied/current ticker universe and is not a survivorship-bias-free historical index-constituent study.
2017-01-31,T1_30D,104969.14112837834,0.0,104969.14112837834,116404.28853544107,-9.82364786635943,0,0.0,REFERENCE,This test uses the supplied/current ticker universe and is not a survivorship-bias-free historical index-constituent study.
2017-02-01,T1_30D,104969.14112837834,0.0,104969.14112837834,116404.28853544107,-9.82364786635943,0,0.0,REFERENCE,This test uses the supplied/current ticker universe and is not a survivorship-bias-free historical index-constituent study.
2017-02-02,T1_30D,104969.14112837834,0.0,104969.14112837834,116404.28853544107,-9.82364786635943,0,0.0,REFERENCE,This test uses the supplied/current ticker universe and is not a survivorship-bias-free historical index-constituent study.
2017-02-03,T1_30D,104969.14112837834,0.0,104969.14112837834,116404.28853544107,-9.82364786635943,0,0.0,REFERENCE,This test uses the supplied/current ticker universe and is not a survivorship-bias-free historical index-constituent study.
2017-02-06,T1_30D,104969.14112837834,0.0,104969.14112837834,116404.28853544107,-9.82364786635943,0,0.0,REFERENCE,This test uses the supplied/current ticker universe and is not a survivorship-bias-free historical index-constituent study.
2017-02-07,T1_30D,104969.14112837834,0.0,104969.14112837834,116404.28853544107,-9.82364786635943,0,0.0,REFERENCE,This test uses the supplied/current ticker universe and is not a survivorship-bias-free historical index-constituent study.
2017-02-08,T1_30D,104969.14112837834,0.0,104969.14112837834,116404.28853544107,-9.82364786635943,0,0.0,REFERENCE,This test uses the supplied/current ticker universe and is not a survivorship-bias-free historical index-constituent study.
2017-02-09,T1_30D,104969.14112837834,0.0,104969.14112837834,116404.28853544107,-9.82364786635943,0,0.0,REFERENCE,This test uses the supplied/current ticker universe and is not a survivorship-bias-free historical index-constituent study.
2017-02-10,T1_30D,104969.14112837834,0.0,104969.14112837834,116404.28853544107,-9.82364786635943,0,0.0,REFERENCE,This test uses the supplied/current ticker universe and is not a survivorship-bias-free historical index-constituent study.
2017-02-13,T1_30D,104969.14112837834,0.0,104969.14112837834,116404.28853544107,-9.82364786635943,0,0.0,REFERENCE,This test uses the supplied/current ticker universe and is not a survivorship-bias-free historical index-constituent study.
2017-02-14,T1_30D,104969.14112837834,0.0,104969.14112837834,116404.28853544107,-9.82364786635943,0,0.0,REFERENCE,This test uses the supplied/current ticker universe and is not a survivorship-bias-free historical index-constituent study.
2017-02-15,T1_30D,104969.14112837834,0.0,104969.14112837834,116404.28853544107,-9.82364786635943,0,0.0,REFERENCE,This test uses the supplied/current ticker universe and is not a survivorship-bias-free historical index-constituent study.
2017-02-16,T1_30D,104969.14112837834,0.0,104969.14112837834,116404.28853544107,-9.82364786635943,0,0.0,REFERENCE,This test uses the supplied/current ticker universe and is not a survivorship-bias-free historical index-constituent study.
2017-02-17,T1_30D,104969.14112837834,0.0,104969.14112837834,116404.28853544107,-9.82364786635943,0,0.0,REFERENCE,This test uses the supplied/current ticker universe and is not a survivorship-bias-free historical index-constituent study.
2017-02-20,T1_30D,104969.14112837834,0.0,104969.14112837834,116404.28853544107,-9.82364786635943,0,0.0,REFERENCE,This test uses the supplied/current ticker universe and is not a survivorship-bias-free historical index-constituent study.
2017-02-21,T1_30D,82813.62324686478,21896.234313964844,104709.85756082962,116404.28853544107,-10.046391865580528,1,-0.24700932556132038,REFERENCE,This test uses the supplied/current ticker universe and is not a survivorship-bias-free historical index-constituent study.
2017-02-22,T1_30D,82813.62324686478,21921.200439453125,104734.8236863179,116404.28853544107,-10.024944094366607,1,0.023843147216373595,REFERENCE,This test uses the supplied/current ticker universe and is not a survivorship-bias-free historical index-constituent study.
2017-02-23,T1_30D,82813.62324686478,22104.25634765625,104917.87959452103,116404.28853544107,-9.867685362316204,1,0.17478036603315594,REFERENCE,This test uses the supplied/current ticker universe and is not a survivorship-bias-free historical index-constituent study.
2017-02-27,T1_30D,82813.62324686478,22016.885314941406,104830.50856180619,116404.28853544107,-9.942743621607264,1,-0.08327563714831676,REFERENCE,This test uses the supplied/current ticker universe and is not a survivorship-bias-free historical index-constituent study.
2017-02-28,T1_30D,82813.62324686478,21817.186584472656,104630.80983133744,116404.28853544107,-10.114299784169045,1,-0.19049676779065994,REFERENCE,This test uses the supplied/current ticker universe and is not a survivorship-bias-free historical index-constituent study.
2017-03-01,T1_30D,82813.62324686478,22341.39764404297,105155.02089090775,116404.28853544107,-9.663963231997508,1,0.5010102286461704,REFERENCE,This test uses the supplied/current ticker universe and is not a survivorship-bias-free historical index-constituent study.
2017-03-02,T1_30D,82813.62324686478,22029.36553955078,104842.98878641556,116404.28853544107,-9.932022174170573,1,-0.2967353359340841,REFERENCE,This test uses the supplied/current ticker universe and is not a survivorship-bias-free historical index-constituent study.
2017-03-03,T1_30D,82813.62324686478,21763.10498046875,104576.72822733353,116404.28853544107,-10.16075993154364,1,-0.2539612444895645,REFERENCE,This test uses the supplied/current ticker universe and is not a survivorship-bias-free historical index-constituent study.
2017-03-06,T1_30D,82813.62324686478,21975.283935546875,104788.90718241165,116404.28853544107,-9.978482321545169,1,0.2028930897674197,REFERENCE,This test uses the supplied/current ticker universe and is not a survivorship-bias-free historical index-constituent study.
2017-03-07,T1_30D,82813.62324686478,21987.760375976562,104801.38362284134,116404.28853544107,-9.967764125002187,1,0.011906260657879031,REFERENCE,This test uses the supplied/current ticker universe and is not a survivorship-bias-free historical index-constituent study.
2017-03-08,T1_30D,82813.62324686478,21979.44464111328,104793.06788797806,116404.28853544107,-9.974907963917323,1,-0.007934756752070449,REFERENCE,This test uses the supplied/current ticker universe and is not a survivorship-bias-free historical index-constituent study.
2017-03-09,T1_30D,82813.62324686478,22046.01025390625,104859.63350077103,116404.28853544107,-9.91772311821234,1,0.06352100776754188,REFERENCE,This test uses the supplied/current ticker universe and is not a survivorship-bias-free historical index-constituent study.
2017-03-10,T1_30D,82813.62324686478,21921.200439453125,104734.8236863179,116404.28853544107,-10.024944094366607,1,-0.11902560621881442,REFERENCE,This test uses the supplied/current ticker universe and is not a survivorship-bias-free historical index-constituent study.
2017-03-14,T1_30D,82813.62324686478,22224.907348632812,105038.53059549759,116404.28853544107,-9.764037118342939,1,0.2899770090693865,REFERENCE,This test uses the supplied/current ticker universe and is not a survivorship-bias-free historical index-constituent study.
2017-03-15,T1_30D,82813.62324686478,22316.435302734375,105130.05854959915,116404.28853544107,-9.685407752317731,1,0.08713750428785971,REFERENCE,This test uses the supplied/current ticker universe and is not a survivorship-bias-free historical index-constituent study.
2017-03-16,T1_30D,82813.62324686478,22337.238830566406,105150.86207743119,116404.28853544107,-9.667535964178509,1,0.019788372725204617,REFERENCE,This test uses the supplied/current ticker universe and is not a survivorship-bias-free historical index-constituent study.
2017-03-17,T1_30D,82813.62324686478,23402.30377197266,106215.92701883744,116404.28853544107,-8.752565429324044,1,1.0128922581937205,REFERENCE,This test uses the supplied/current ticker universe and is not a survivorship-bias-free historical index-constituent study.
2017-03-20,T1_30D,82813.62324686478,23456.38916015625,106270.01240702103,116404.28853544107,-8.706102031055762,1,0.05092022420893905,REFERENCE,This test uses the supplied/current ticker universe and is not a survivorship-bias-free historical index-constituent study.
2017-03-21,T1_30D,82813.62324686478,23955.635986328125,106769.2592331929,116404.28853544107,-8.277211624651294,1,0.4697908797260064,REFERENCE,This test uses the supplied/current ticker universe and is not a survivorship-bias-free historical index-constituent study.
2017-03-22,T1_30D,82813.62324686478,23285.809692382812,106099.43293924759,116404.28853544107,-8.852642566563173,1,-0.6273587535925107,REFERENCE,This test uses the supplied/current ticker universe and is not a survivorship-bias-free historical index-constituent study.
2017-03-23,T1_30D,82813.62324686478,23098.594970703125,105912.2182175679,116404.28853544107,-9.013474030794576,1,-0.17645214163103384,REFERENCE,This test uses the supplied/current ticker universe and is not a survivorship-bias-free historical index-constituent study.
2017-03-24,T1_30D,82813.62324686478,23381.504028320312,106195.12727518509,116404.28853544107,-8.77043396656958,1,0.2671165446049173,REFERENCE,This test uses the supplied/current ticker universe and is not a survivorship-bias-free historical index-constituent study.
2017-03-27,T1_30D,61686.73281170256,44985.108306884766,106671.84111858733,116404.28853544107,-8.360901079594285,2,0.44890368855334817,REFERENCE,This test uses the supplied/current ticker universe and is not a survivorship-bias-free historical index-constituent study.
2017-03-28,T1_30D,61686.73281170256,44839.2893371582,106526.02214886076,116404.28853544107,-8.486170493256973,2,-0.136698652800471,REFERENCE,This test uses the supplied/current ticker universe and is not a survivorship-bias-free historical index-constituent study.
2017-03-29,T1_30D,61686.73281170256,44811.42155456543,106498.15436626799,116404.28853544107,-8.51011100519463,2,-0.026160539960673468,REFERENCE,This test uses the supplied/current ticker universe and is not a survivorship-bias-free historical index-constituent study.
2017-03-30,T1_30D,61686.73281170256,44473.66557312012,106160.39838482268,116404.28853544107,-8.800268683829016,2,-0.3171472627438221,REFERENCE,This test uses the supplied/current ticker universe and is not a survivorship-bias-free historical index-constituent study.
2017-03-31,T1_30D,61686.73281170256,44720.27030944824,106407.0031211508,116404.28853544107,-8.588416749994943,2,0.23229447146024818,REFERENCE,This test uses the supplied/current ticker universe and is not a survivorship-bias-free historical index-constituent study.
2017-04-03,T1_30D,61686.73281170256,45254.2674407959,106941.00025249846,116404.28853544107,-8.129673229402856,2,0.5018439723743162,REFERENCE,This test uses the supplied/current ticker universe and is not a survivorship-bias-free historical index-constituent study.
2017-04-05,T1_30D,61686.73281170256,45235.847412109375,106922.58022381194,116404.28853544107,-8.14549741330387,2,-0.01722447764939128,REFERENCE,This test uses the supplied/current ticker universe and is not a survivorship-bias-free historical index-constituent study.
2017-04-06,T1_30D,107047.4735454921,0.0,107047.4735454921,116404.28853544107,-8.03820469818871,0,0.11680724634473005,REFERENCE,This test uses the supplied/current ticker universe and is not a survivorship-bias-free historical index-constituent study.
2017-04-07,T1_30D,81741.65632375254,25248.120849609375,106989.77717336192,116404.28853544107,-8.087770202051237,1,-0.05389792978688357,REFERENCE,This test uses the supplied/current ticker universe and is not a survivorship-bias-free historical index-constituent study.
2017-04-10,T1_30D,81741.65632375254,25331.46075439453,107073.11707814707,116404.28853544107,-8.016174983495539,1,0.07789520362315727,REFERENCE,This test uses the supplied/current ticker universe and is not a survivorship-bias-free historical index-constituent study.
2017-04-11,T1_30D,81741.65632375254,26118.578338623047,107860.23466237559,116404.28853544107,-7.339982040665205,1,0.7351215745909689,REFERENCE,This test uses the supplied/current ticker universe and is not a survivorship-bias-free historical index-constituent study.
2017-04-12,T1_30D,81741.65632375254,26104.691162109375,107846.34748586192,116404.28853544107,-7.3519121651377635,1,-0.012875158817460264,REFERENCE,This test uses the supplied/current ticker universe and is not a survivorship-bias-free historical index-constituent study.
2017-04-13,T1_30D,81741.65632375254,25850.03466796875,107591.69099172129,116404.28853544107,-7.570681161834214,1,-0.23612899284698452,REFERENCE,This test uses the supplied/current ticker universe and is not a survivorship-bias-free historical index-constituent study.
2017-04-17,T1_30D,81741.65632375254,25845.39788818359,107587.05421193613,116404.28853544107,-7.574664502863559,1,-0.004309607686636685,REFERENCE,This test uses the supplied/current ticker universe and is not a survivorship-bias-free historical index-constituent study.
2017-04-18,T1_30D,81741.65632375254,25840.76953125,107582.42585500254,116404.28853544107,-7.578640608032727,1,-0.004301964550934567,REFERENCE,This test uses the supplied/current ticker universe and is not a survivorship-bias-free historical index-constituent study.
2017-04-19,T1_30D,81741.65632375254,25808.360504150387,107550.01682790293,116404.28853544107,-7.606482389042146,1,-0.030124833904832116,REFERENCE,This test uses the supplied/current ticker universe and is not a survivorship-bias-free historical index-constituent study.
2017-04-20,T1_30D,56214.66976720731,51464.760650634766,107679.43041784209,116404.28853544107,-7.495306425022785,2,0.12032874913097125,REFERENCE,This test uses the supplied/current ticker universe and is not a survivorship-bias-free historical index-constituent study.
2017-04-21,T1_30D,56214.66976720731,50754.32077026367,106968.99053747099,116404.28853544107,-8.105627478748223,2,-0.6597730667912027,REFERENCE,This test uses the supplied/current ticker universe and is not a survivorship-bias-free historical index-constituent study.
2017-04-24,T1_30D,56214.66976720731,51322.38980102539,107537.05956823271,116404.28853544107,-7.617613645315647,2,0.5310595415619401,REFERENCE,This test uses the supplied/current ticker universe and is not a survivorship-bias-free historical index-constituent study.
2017-04-25,T1_30D,56214.66976720731,51743.72610473633,107958.39587194365,116404.28853544107,-7.2556542115078,2,0.3918056764827149,REFERENCE,This test uses the supplied/current ticker universe and is not a survivorship-bias-free historical index-constituent study.
2017-04-26,T1_30D,82940.83814083597,25730.535888671875,108671.37402950785,116404.28853544107,-6.643152587611767,1,0.6604193697078431,REFERENCE,This test uses the supplied/current ticker universe and is not a survivorship-bias-free historical index-constituent study.
2017-04-27,T1_30D,82940.83814083597,25335.30120849609,108276.13934933206,116404.28853544107,-6.982688772359335,1,-0.3636971407653844,REFERENCE,This test uses the supplied/current ticker universe and is not a survivorship-bias-free historical index-constituent study.
2017-04-28,T1_30D,82940.83814083597,26026.953125,108967.79126583597,116404.28853544107,-6.388507986405456,1,0.6387851660211386,REFERENCE,This test uses the supplied/current ticker universe and is not a survivorship-bias-free historical index-constituent study.
2017-05-02,T1_30D,82940.83814083597,25896.707153320312,108837.54529415628,116404.28853544107,-6.5003990286672035,1,-0.11952703653682617,REFERENCE,This test uses the supplied/current ticker universe and is not a survivorship-bias-free historical index-constituent study.
2017-05-03,T1_30D,82940.83814083597,26031.448364257812,108972.28650509378,116404.28853544107,-6.384646239287395,1,0.1238003030786139,REFERENCE,This test uses the supplied/current ticker universe and is not a survivorship-bias-free historical index-constituent study.
2017-05-04,T1_30D,109749.39945968348,0.0,109749.39945968348,116404.28853544107,-5.717048022445848,0,0.7131289794064966,REFERENCE,This test uses the supplied/current ticker universe and is not a survivorship-bias-free historical index-constituent study.
2017-05-05,T1_30D,109749.39945968348,0.0,109749.39945968348,116404.28853544107,-5.717048022445848,0,0.0,REFERENCE,This test uses the supplied/current ticker universe and is not a survivorship-bias-free historical index-constituent study.
2017-05-08,T1_30D,109749.39945968348,0.0,109749.39945968348,116404.28853544107,-5.717048022445848,0,0.0,REFERENCE,This test uses the supplied/current ticker universe and is not a survivorship-bias-free historical index-constituent study.
2017-05-09,T1_30D,109749.39945968348,0.0,109749.39945968348,116404.28853544107,-5.717048022445848,0,0.0,REFERENCE,This test uses the supplied/current ticker universe and is not a survivorship-bias-free historical index-constituent study.
2017-05-10,T1_30D,109749.39945968348,0.0,109749.39945968348,116404.28853544107,-5.717048022445848,0,0.0,REFERENCE,This test uses the supplied/current ticker universe and is not a survivorship-bias-free historical index-constituent study.
2017-05-11,T1_30D,109749.39945968348,0.0,109749.39945968348,116404.28853544107,-5.717048022445848,0,0.0,REFERENCE,This test uses the supplied/current ticker universe and is not a survivorship-bias-free historical index-constituent study.
2017-05-12,T1_30D,109749.39945968348,0.0,109749.39945968348,116404.28853544107,-5.717048022445848,0,0.0,REFERENCE,This test uses the supplied/current ticker universe and is not a survivorship-bias-free historical index-constituent study.
2017-05-15,T1_30D,109749.39945968348,0.0,109749.39945968348,116404.28853544107,-5.717048022445848,0,0.0,REFERENCE,This test uses the supplied/current ticker universe and is not a survivorship-bias-free historical index-constituent study.
2017-05-16,T1_30D,109749.39945968348,0.0,109749.39945968348,116404.28853544107,-5.717048022445848,0,0.0,REFERENCE,This test uses the supplied/current ticker universe and is not a survivorship-bias-free historical index-constituent study.
2017-05-17,T1_30D,109749.39945968348,0.0,109749.39945968348,116404.28853544107,-5.717048022445848,0,0.0,REFERENCE,This test uses the supplied/current ticker universe and is not a survivorship-bias-free historical index-constituent study.
2017-05-18,T1_30D,109749.39945968348,0.0,109749.39945968348,116404.28853544107,-5.717048022445848,0,0.0,REFERENCE,This test uses the supplied/current ticker universe and is not a survivorship-bias-free historical index-constituent study.
2017-05-19,T1_30D,96898.42006299265,12661.522338867188,109559.94240185984,116404.28853544107,-5.879805821327078,1,-0.1726269653924084,REFERENCE,This test uses the supplied/current ticker universe and is not a survivorship-bias-free historical index-constituent study.
2017-05-22,T1_30D,96898.42006299265,12696.84228515625,109595.2623481489,116404.28853544107,-5.849463342769424,1,0.03223801100544765,REFERENCE,This test uses the supplied/current ticker universe and is not a survivorship-bias-free historical index-constituent study.
2017-05-23,T1_30D,75993.35136264782,33320.952392578125,109314.30375522595,116404.28853544107,-6.090827811774702,2,-0.25636016275086826,REFERENCE,This test uses the supplied/current ticker universe and is not a survivorship-bias-free historical index-constituent study.
2017-05-24,T1_30D,96055.4612960946,12789.415283203125,108844.87657929772,116404.28853544107,-6.4941009057770005,1,-0.4294288668565849,REFERENCE,This test uses the supplied/current ticker universe and is not a survivorship-bias-free historical index-constituent study.
2017-05-25,T1_30D,96055.4612960946,13068.346069335938,109123.80736543053,116404.28853544107,-6.254478474643033,1,0.2562645067906377,REFERENCE,This test uses the supplied/current ticker universe and is not a survivorship-bias-free historical index-constituent study.
2017-05-26,T1_30D,96055.4612960946,13130.467163085938,109185.92845918053,116404.28853544107,-6.2011118035937285,1,0.05692716855265623,REFERENCE,This test uses the supplied/current ticker universe and is not a survivorship-bias-free historical index-constituent study.
2017-05-29,T1_30D,96055.4612960946,13023.279052734375,109078.74034882897,116404.28853544107,-6.293194416442594,1,-0.09817026045771948,REFERENCE,This test uses the supplied/current ticker universe and is not a survivorship-bias-free historical index-constituent study.
2017-05-30,T1_30D,96055.4612960946,13061.04016113281,109116.50145722741,116404.28853544107,-6.2607547968430595,1,0.03461821091597095,REFERENCE,This test uses the supplied/current ticker universe and is not a survivorship-bias-free historical index-constituent study.
2017-05-31,T1_30D,96055.4612960946,13045.202270507814,109100.66356660241,116404.28853544107,-6.274360730803286,1,-0.014514661314735111,REFERENCE,This test uses the supplied/current ticker universe and is not a survivorship-bias-free historical index-constituent study.
2017-06-01,T1_30D,96055.4612960946,13182.84228515625,109238.30358125085,116404.28853544107,-6.156117651978454,1,0.12615873281505152,REFERENCE,This test uses the supplied/current ticker universe and is not a survivorship-bias-free historical index-constituent study.
2017-06-02,T1_30D,96055.4612960946,13438.629272460938,109494.09056855553,116404.28853544107,-5.93637747700474,1,0.23415503437806962,REFERENCE,This test uses the supplied/current ticker universe and is not a survivorship-bias-free historical index-constituent study.
2017-06-05,T1_30D,96055.4612960946,13533.636840820312,109589.09813691491,116404.28853544107,-5.854758861784692,1,0.08676958534112877,REFERENCE,This test uses the supplied/current ticker universe and is not a survivorship-bias-free historical index-constituent study.
2017-06-06,T1_30D,96055.4612960946,13655.43896484375,109710.90026093835,116404.28853544107,-5.750121716920087,1,0.11114438032080454,REFERENCE,This test uses the supplied/current ticker universe and is not a survivorship-bias-free historical index-constituent study.
2017-06-07,T1_30D,96055.4612960946,13383.819580078127,109439.28087617272,116404.28853544107,-5.98346310681478,1,-0.24757739123423272,REFERENCE,This test uses the supplied/current ticker universe and is not a survivorship-bias-free historical index-constituent study.
2017-06-08,T1_30D,96055.4612960946,13298.557983398438,109354.01927949303,116404.28853544107,-6.056709202600786,1,-0.07790767263553544,REFERENCE,This test uses the supplied/current ticker universe and is not a survivorship-bias-free historical index-constituent study.
2017-06-09,T1_30D,74116.51027480244,34884.49108886719,109001.00136366962,116404.28853544107,-6.359978025652724,2,-0.3228211620838084,REFERENCE,This test uses the supplied/current ticker universe and is not a survivorship-bias-free historical index-constituent study.
2017-06-12,T1_30D,74116.51027480244,34454.06066894531,108570.57094374775,116404.28853544107,-6.729749986237166,2,-0.3948866657525363,REFERENCE,This test uses the supplied/current ticker universe and is not a survivorship-bias-free historical index-constituent study.
2017-06-13,T1_30D,74116.51027480244,34178.98095703125,108295.49123183369,116404.28853544107,-6.966064056255572,2,-0.25336489393298356,REFERENCE,This test uses the supplied/current ticker universe and is not a survivorship-bias-free historical index-constituent study.
2017-06-14,T1_30D,74116.51027480244,34201.69885253906,108318.2091273415,116404.28853544107,-6.946547682938364,2,0.02097769283782025,REFERENCE,This test uses the supplied/current ticker universe and is not a survivorship-bias-free historical index-constituent study.
2017-06-15,T1_30D,74116.51027480244,33914.260498046875,108030.77077284931,116404.28853544107,-7.193478752324756,2,-0.26536475889687994,REFERENCE,This test uses the supplied/current ticker universe and is not a survivorship-bias-free historical index-constituent study.
2017-06-16,T1_30D,95226.78016165143,12436.183959960938,107662.96412161237,116404.28853544107,-7.509452206451373,1,-0.34046471075385165,REFERENCE,This test uses the supplied/current ticker universe and is not a survivorship-bias-free historical index-constituent study.
2017-06-19,T1_30D,95226.78016165143,12402.078002929688,107628.85816458112,116404.28853544107,-7.538751777335195,1,-0.03167844886076132,REFERENCE,This test uses the supplied/current ticker universe and is not a survivorship-bias-free historical index-constituent study.
2017-06-20,T1_30D,95226.78016165143,12387.461791992188,107614.24195364362,116404.28853544107,-7.551308196966633,1,-0.013580196972029501,REFERENCE,This test uses the supplied/current ticker universe and is not a survivorship-bias-free historical index-constituent study.
2017-06-21,T1_30D,95226.78016165143,12467.853149414062,107694.6333110655,116404.28853544107,-7.482246001378023,1,0.07470326971823482,REFERENCE,This test uses the supplied/current ticker universe and is not a survivorship-bias-free historical index-constituent study.
2017-06-22,T1_30D,95226.78016165143,12426.440185546875,107653.22034719831,116404.28853544107,-7.5178228382697165,1,-0.038454064602799765,REFERENCE,This test uses the supplied/current ticker universe and is not a survivorship-bias-free historical index-constituent study.
2017-06-23,T1_30D,95226.78016165143,12514.136352539062,107740.9165141905,116404.28853544107,-7.442485264288933,1,0.08146172191538792,REFERENCE,This test uses the supplied/current ticker universe and is not a survivorship-bias-free historical index-constituent study.
2017-06-27,T1_30D,95226.78016165143,12499.522338867188,107726.30250051862,116404.28853544107,-7.455039796304675,1,-0.013564033186919122,REFERENCE,This test uses the supplied/current ticker universe and is not a survivorship-bias-free historical index-constituent study.
2017-06-28,T1_30D,70865.97246712887,36678.315673828125,107544.288140957,116404.28853544107,-7.611403760082691,2,-0.1689599989387447,REFERENCE,This test uses the supplied/current ticker universe and is not a survivorship-bias-free historical index-constituent study.
2017-06-29,T1_30D,70865.97246712887,36715.061096191406,107581.03356332028,116404.28853544107,-7.579836690840147,2,0.034167711738564144,REFERENCE,This test uses the supplied/current ticker universe and is not a survivorship-bias-free historical index-constituent study.
2017-06-30,T1_30D,71207.79795370904,36600.83786010742,107808.63581381647,116404.28853544107,-7.3843093152083705,2,0.21156354699105595,REFERENCE,This test uses the supplied/current ticker universe and is not a survivorship-bias-free historical index-constituent study.
2017-07-03,T1_30D,71207.79795370904,37109.60028076172,108317.39823447076,116404.28853544107,-6.94724430063256,2,0.4719124927365925,REFERENCE,This test uses the supplied/current ticker universe and is not a survivorship-bias-free historical index-constituent study.
2017-07-04,T1_30D,71207.79795370904,36984.814392089844,108192.61234579889,116404.28853544107,-7.054444722749209,2,-0.1152039198742183,REFERENCE,This test uses the supplied/current ticker universe and is not a survivorship-bias-free historical index-constituent study.
2017-07-05,T1_30D,71207.79795370904,37424.652099609375,108632.45005331842,116404.28853544107,-6.6765911977172525,2,0.40653210786125715,REFERENCE,This test uses the supplied/current ticker universe and is not a survivorship-bias-free historical index-constituent study.
2017-07-06,T1_30D,71207.79795370904,37317.505126953125,108525.30308066217,116404.28853544107,-6.768638470205524,2,-0.09863256568700685,REFERENCE,This test uses the supplied/current ticker universe and is not a survivorship-bias-free historical index-constituent study.
2017-07-07,T1_30D,71207.79795370904,37281.660217285156,108489.4581709942,116404.28853544107,-6.799431931613997,2,-0.03302908045447195,REFERENCE,This test uses the supplied/current ticker universe and is not a survivorship-bias-free historical index-constituent study.
2017-07-10,T1_30D,71207.79795370904,37231.352966308594,108439.15092001764,116404.28853544107,-6.8426496271211885,2,-0.04637063528999397,REFERENCE,This test uses the supplied/current ticker universe and is not a survivorship-bias-free historical index-constituent study.
2017-07-11,T1_30D,71207.79795370904,37441.39172363281,108649.18967734186,116404.28853544107,-6.662210607247565,2,0.19369273508895724,REFERENCE,This test uses the supplied/current ticker universe and is not a survivorship-bias-free historical index-constituent study.
2017-07-12,T1_30D,71207.79795370904,37253.099212646484,108460.89716635553,116404.28853544107,-6.823967973196321,2,-0.1733031894167847,REFERENCE,This test uses the supplied/current ticker universe and is not a survivorship-bias-free historical index-constituent study.
2017-07-13,T1_30D,71207.79795370904,37454.02331542969,108661.82126913873,116404.28853544107,-6.651359124062706,2,0.1852502680989465,REFERENCE,This test uses the supplied/current ticker universe and is not a survivorship-bias-free historical index-constituent study.
2017-07-14,T1_30D,71207.79795370904,37534.31945800781,108742.11741171686,116404.28853544107,-6.582378725154403,2,0.07389545071148085,REFERENCE,This test uses the supplied/current ticker universe and is not a survivorship-bias-free historical index-constituent study.
2017-07-17,T1_30D,71207.79795370904,37699.03186035156,108906.8298140606,116404.28853544107,-6.440878438166598,2,0.15147065945029237,REFERENCE,This test uses the supplied/current ticker universe and is not a survivorship-bias-free historical index-constituent study.
2017-07-18,T1_30D,71207.79795370904,37474.56658935547,108682.36454306451,116404.28853544107,-6.6337109135163,2,-0.2061076163720199,REFERENCE,This test uses the supplied/current ticker universe and is not a survivorship-bias-free historical index-constituent study.
2017-07-19,T1_30D,71207.79795370904,37642.702697753906,108850.50065146295,116404.28853544107,-6.489269406666454,2,0.15470413171938535,REFERENCE,This test uses the supplied/current ticker universe and is not a survivorship-bias-free historical index-constituent study.
2017-07-20,T1_30D,71207.79795370904,37762.50451660156,108970.3024703106,116404.28853544107,-6.38635067372717,2,0.11006087995062419,REFERENCE,This test uses the supplied/current ticker universe and is not a survivorship-bias-free historical index-constituent study.
2017-07-21,T1_30D,71207.79795370904,37952.87316894531,109160.67112265436,116404.28853544107,-6.222809746894575,2,0.17469773693215007,REFERENCE,This test uses the supplied/current ticker universe and is not a survivorship-bias-free historical index-constituent study.
2017-07-24,T1_30D,71207.79795370904,37945.52893066406,109153.3268843731,116404.28853544107,-6.229118997501793,2,-0.006727916021143088,REFERENCE,This test uses the supplied/current ticker universe and is not a survivorship-bias-free historical index-constituent study.
2017-07-25,T1_30D,71207.79795370904,37912.31701660156,109120.1149703106,116404.28853544107,-6.257650518531099,2,-0.03042684543888008,REFERENCE,This test uses the supplied/current ticker universe and is not a survivorship-bias-free historical index-constituent study.
2017-07-26,T1_30D,71207.79795370904,38379.724060058594,109587.52201376764,116404.28853544107,-5.8561128695855285,2,0.4283417806004053,REFERENCE,This test uses the supplied/current ticker universe and is not a survivorship-bias-free historical index-constituent study.
2017-07-27,T1_30D,71207.79795370904,37852.19287109375,109059.9908248028,116404.28853544107,-6.309301661512401,2,-0.4813788826236731,REFERENCE,This test uses the supplied/current ticker universe and is not a survivorship-bias-free historical index-constituent study.
2017-07-28,T1_30D,71207.79795370904,37882.68194580078,109090.47989950982,116404.28853544107,-6.283109263370856,2,0.027956241767901346,REFERENCE,This test uses the supplied/current ticker universe and is not a survivorship-bias-free historical index-constituent study.
2017-07-31,T1_30D,71207.79795370904,38350.64764404297,109558.44559775201,116404.28853544107,-5.881091688133755,2,0.42897024440011755,REFERENCE,This test uses the supplied/current ticker universe and is not a survivorship-bias-free historical index-constituent study.
2017-08-01,T1_30D,71207.79795370904,38697.30224609375,109905.1001998028,116404.28853544107,-5.5832894280862355,2,0.31641066114020955,REFERENCE,This test uses the supplied/current ticker universe and is not a survivorship-bias-free historical index-constituent study.
2017-08-02,T1_30D,71207.79795370904,38760.42297363281,109968.22092734186,116404.28853544107,-5.5290639967612965,2,0.05743202765322586,REFERENCE,This test uses the supplied/current ticker universe and is not a survivorship-bias-free historical index-constituent study.
2017-08-03,T1_30D,45794.726929789795,64270.78125,110065.50817978979,116404.28853544107,-5.445486962210455,3,0.08846851538337752,REFERENCE,This test uses the supplied/current ticker universe and is not a survivorship-bias-free historical index-constituent study.
2017-08-04,T1_30D,59504.45191565105,50826.403381347656,110330.8552969987,116404.28853544107,-5.217533919803319,2,0.24108108125524552,REFERENCE,This test uses the supplied/current ticker universe and is not a survivorship-bias-free historical index-constituent study.
2017-08-07,T1_30D,59504.45191565105,50850.48779296875,110354.9397086198,116404.28853544107,-5.196843606822488,2,0.02182926213729619,REFERENCE,This test uses the supplied/current ticker universe and is not a survivorship-bias-free historical index-constituent study.
2017-08-08,T1_30D,84585.80644946688,25331.954040527344,109917.76048999422,116404.28853544107,-5.572413290831568,1,-0.3961573625792414,REFERENCE,This test uses the supplied/current ticker universe and is not a survivorship-bias-free historical index-constituent study.
2017-08-09,T1_30D,84585.80644946688,24911.902770996094,109497.70922046297,116404.28853544107,-5.933268784057965,1,-0.382150498389644,REFERENCE,This test uses the supplied/current ticker universe and is not a survivorship-bias-free historical index-constituent study.
2017-08-10,T1_30D,84585.42733491558,23665.197509765625,108250.62484468121,116404.28853544107,-7.00460764233557,1,-1.1389136673817357,REFERENCE,This test uses the supplied/current ticker universe and is not a survivorship-bias-free historical index-constituent study.
2017-08-11,T1_30D,107438.80800277839,0.0,107438.80800277839,116404.28853544107,-7.702019096945046,0,-0.7499419454322975,REFERENCE,This test uses the supplied/current ticker universe and is not a survivorship-bias-free historical index-constituent study.
2017-08-14,T1_30D,107438.80800277839,0.0,107438.80800277839,116404.28853544107,-7.702019096945046,0,0.0,REFERENCE,This test uses the supplied/current ticker universe and is not a survivorship-bias-free historical index-constituent study.
2017-08-16,T1_30D,107438.80800277839,0.0,107438.80800277839,116404.28853544107,-7.702019096945046,0,0.0,REFERENCE,This test uses the supplied/current ticker universe and is not a survivorship-bias-free historical index-constituent study.
2017-08-17,T1_30D,107438.80800277839,0.0,107438.80800277839,116404.28853544107,-7.702019096945046,0,0.0,REFERENCE,This test uses the supplied/current ticker universe and is not a survivorship-bias-free historical index-constituent study.
2017-08-18,T1_30D,107438.80800277839,0.0,107438.80800277839,116404.28853544107,-7.702019096945046,0,0.0,REFERENCE,This test uses the supplied/current ticker universe and is not a survivorship-bias-free historical index-constituent study.
2017-08-21,T1_30D,107438.80800277839,0.0,107438.80800277839,116404.28853544107,-7.702019096945046,0,0.0,REFERENCE,This test uses the supplied/current ticker universe and is not a survivorship-bias-free historical index-constituent study.
2017-08-22,T1_30D,107438.80800277839,0.0,107438.80800277839,116404.28853544107,-7.702019096945046,0,0.0,REFERENCE,This test uses the supplied/current ticker universe and is not a survivorship-bias-free historical index-constituent study.
2017-08-23,T1_30D,107438.80800277839,0.0,107438.80800277839,116404.28853544107,-7.702019096945046,0,0.0,REFERENCE,This test uses the supplied/current ticker universe and is not a survivorship-bias-free historical index-constituent study.
2017-08-24,T1_30D,107438.80800277839,0.0,107438.80800277839,116404.28853544107,-7.702019096945046,0,0.0,REFERENCE,This test uses the supplied/current ticker universe and is not a survivorship-bias-free historical index-constituent study.
2017-08-28,T1_30D,107438.80800277839,0.0,107438.80800277839,116404.28853544107,-7.702019096945046,0,0.0,REFERENCE,This test uses the supplied/current ticker universe and is not a survivorship-bias-free historical index-constituent study.
2017-08-29,T1_30D,107438.80800277839,0.0,107438.80800277839,116404.28853544107,-7.702019096945046,0,0.0,REFERENCE,This test uses the supplied/current ticker universe and is not a survivorship-bias-free historical index-constituent study.
2017-08-30,T1_30D,107438.80800277839,0.0,107438.80800277839,116404.28853544107,-7.702019096945046,0,0.0,REFERENCE,This test uses the supplied/current ticker universe and is not a survivorship-bias-free historical index-constituent study.
2017-08-31,T1_30D,107438.80800277839,0.0,107438.80800277839,116404.28853544107,-7.702019096945046,0,0.0,REFERENCE,This test uses the supplied/current ticker universe and is not a survivorship-bias-free historical index-constituent study.
2017-09-01,T1_30D,107438.80800277839,0.0,107438.80800277839,116404.28853544107,-7.702019096945046,0,0.0,REFERENCE,This test uses the supplied/current ticker universe and is not a survivorship-bias-free historical index-constituent study.
2017-09-04,T1_30D,107438.80800277839,0.0,107438.80800277839,116404.28853544107,-7.702019096945046,0,0.0,REFERENCE,This test uses the supplied/current ticker universe and is not a survivorship-bias-free historical index-constituent study.
2017-09-05,T1_30D,107438.80800277839,0.0,107438.80800277839,116404.28853544107,-7.702019096945046,0,0.0,REFERENCE,This test uses the supplied/current ticker universe and is not a survivorship-bias-free historical index-constituent study.
2017-09-06,T1_30D,107438.80800277839,0.0,107438.80800277839,116404.28853544107,-7.702019096945046,0,0.0,REFERENCE,This test uses the supplied/current ticker universe and is not a survivorship-bias-free historical index-constituent study.
2017-09-07,T1_30D,107438.80800277839,0.0,107438.80800277839,116404.28853544107,-7.702019096945046,0,0.0,REFERENCE,This test uses the supplied/current ticker universe and is not a survivorship-bias-free historical index-constituent study.
2017-09-08,T1_30D,107438.80800277839,0.0,107438.80800277839,116404.28853544107,-7.702019096945046,0,0.0,REFERENCE,This test uses the supplied/current ticker universe and is not a survivorship-bias-free historical index-constituent study.
2017-09-11,T1_30D,107438.80800277839,0.0,107438.80800277839,116404.28853544107,-7.702019096945046,0,0.0,REFERENCE,This test uses the supplied/current ticker universe and is not a survivorship-bias-free historical index-constituent study.
2017-09-12,T1_30D,107438.80800277839,0.0,107438.80800277839,116404.28853544107,-7.702019096945046,0,0.0,REFERENCE,This test uses the supplied/current ticker universe and is not a survivorship-bias-free historical index-constituent study.
2017-09-13,T1_30D,107438.80800277839,0.0,107438.80800277839,116404.28853544107,-7.702019096945046,0,0.0,REFERENCE,This test uses the supplied/current ticker universe and is not a survivorship-bias-free historical index-constituent study.
2017-09-14,T1_30D,107438.80800277839,0.0,107438.80800277839,116404.28853544107,-7.702019096945046,0,0.0,REFERENCE,This test uses the supplied/current ticker universe and is not a survivorship-bias-free historical index-constituent study.
2017-09-15,T1_30D,107438.80800277839,0.0,107438.80800277839,116404.28853544107,-7.702019096945046,0,0.0,REFERENCE,This test uses the supplied/current ticker universe and is not a survivorship-bias-free historical index-constituent study.
2017-09-18,T1_30D,107438.80800277839,0.0,107438.80800277839,116404.28853544107,-7.702019096945046,0,0.0,REFERENCE,This test uses the supplied/current ticker universe and is not a survivorship-bias-free historical index-constituent study.
2017-09-19,T1_30D,107438.80800277839,0.0,107438.80800277839,116404.28853544107,-7.702019096945046,0,0.0,REFERENCE,This test uses the supplied/current ticker universe and is not a survivorship-bias-free historical index-constituent study.
2017-09-20,T1_30D,107438.80800277839,0.0,107438.80800277839,116404.28853544107,-7.702019096945046,0,0.0,REFERENCE,This test uses the supplied/current ticker universe and is not a survivorship-bias-free historical index-constituent study.
2017-09-21,T1_30D,107438.80800277839,0.0,107438.80800277839,116404.28853544107,-7.702019096945046,0,0.0,REFERENCE,This test uses the supplied/current ticker universe and is not a survivorship-bias-free historical index-constituent study.
2017-09-22,T1_30D,107438.80800277839,0.0,107438.80800277839,116404.28853544107,-7.702019096945046,0,0.0,REFERENCE,This test uses the supplied/current ticker universe and is not a survivorship-bias-free historical index-constituent study.
2017-09-25,T1_30D,106633.85748420123,0.0,106633.85748420123,116404.28853544107,-8.39353186567957,0,-0.7492176556504027,REFERENCE,This test uses the supplied/current ticker universe and is not a survivorship-bias-free historical index-constituent study.
2017-09-26,T1_30D,106633.85748420123,0.0,106633.85748420123,116404.28853544107,-8.39353186567957,0,0.0,REFERENCE,This test uses the supplied/current ticker universe and is not a survivorship-bias-free historical index-constituent study.
2017-09-27,T1_30D,106633.85748420123,0.0,106633.85748420123,116404.28853544107,-8.39353186567957,0,0.0,REFERENCE,This test uses the supplied/current ticker universe and is not a survivorship-bias-free historical index-constituent study.
2017-09-28,T1_30D,106633.85748420123,0.0,106633.85748420123,116404.28853544107,-8.39353186567957,0,0.0,REFERENCE,This test uses the supplied/current ticker universe and is not a survivorship-bias-free historical index-constituent study.
2017-09-29,T1_30D,106633.85748420123,0.0,106633.85748420123,116404.28853544107,-8.39353186567957,0,0.0,REFERENCE,This test uses the supplied/current ticker universe and is not a survivorship-bias-free historical index-constituent study.
2017-10-03,T1_30D,106633.85748420123,0.0,106633.85748420123,116404.28853544107,-8.39353186567957,0,0.0,REFERENCE,This test uses the supplied/current ticker universe and is not a survivorship-bias-free historical index-constituent study.
2017-10-04,T1_30D,106633.85748420123,0.0,106633.85748420123,116404.28853544107,-8.39353186567957,0,0.0,REFERENCE,This test uses the supplied/current ticker universe and is not a survivorship-bias-free historical index-constituent study.
2017-10-05,T1_30D,106633.85748420123,0.0,106633.85748420123,116404.28853544107,-8.39353186567957,0,0.0,REFERENCE,This test uses the supplied/current ticker universe and is not a survivorship-bias-free historical index-constituent study.
2017-10-06,T1_30D,106633.85748420123,0.0,106633.85748420123,116404.28853544107,-8.39353186567957,0,0.0,REFERENCE,This test uses the supplied/current ticker universe and is not a survivorship-bias-free historical index-constituent study.
2017-10-09,T1_30D,106633.85748420123,0.0,106633.85748420123,116404.28853544107,-8.39353186567957,0,0.0,REFERENCE,This test uses the supplied/current ticker universe and is not a survivorship-bias-free historical index-constituent study.
2017-10-10,T1_30D,106633.85748420123,0.0,106633.85748420123,116404.28853544107,-8.39353186567957,0,0.0,REFERENCE,This test uses the supplied/current ticker universe and is not a survivorship-bias-free historical index-constituent study.
2017-10-11,T1_30D,106633.85748420123,0.0,106633.85748420123,116404.28853544107,-8.39353186567957,0,0.0,REFERENCE,This test uses the supplied/current ticker universe and is not a survivorship-bias-free historical index-constituent study.
2017-10-12,T1_30D,106633.85748420123,0.0,106633.85748420123,116404.28853544107,-8.39353186567957,0,0.0,REFERENCE,This test uses the supplied/current ticker universe and is not a survivorship-bias-free historical index-constituent study.
2017-10-13,T1_30D,106633.85748420123,0.0,106633.85748420123,116404.28853544107,-8.39353186567957,0,0.0,REFERENCE,This test uses the supplied/current ticker universe and is not a survivorship-bias-free historical index-constituent study.
2017-10-16,T1_30D,106633.85748420123,0.0,106633.85748420123,116404.28853544107,-8.39353186567957,0,0.0,REFERENCE,This test uses the supplied/current ticker universe and is not a survivorship-bias-free historical index-constituent study.
2017-10-17,T1_30D,106633.85748420123,0.0,106633.85748420123,116404.28853544107,-8.39353186567957,0,0.0,REFERENCE,This test uses the supplied/current ticker universe and is not a survivorship-bias-free historical index-constituent study.
2017-10-18,T1_30D,106633.85748420123,0.0,106633.85748420123,116404.28853544107,-8.39353186567957,0,0.0,REFERENCE,This test uses the supplied/current ticker universe and is not a survivorship-bias-free historical index-constituent study.
2017-10-19,T1_30D,106633.85748420123,0.0,106633.85748420123,116404.28853544107,-8.39353186567957,0,0.0,REFERENCE,This test uses the supplied/current ticker universe and is not a survivorship-bias-free historical index-constituent study.
2017-10-23,T1_30D,106633.85748420123,0.0,106633.85748420123,116404.28853544107,-8.39353186567957,0,0.0,REFERENCE,This test uses the supplied/current ticker universe and is not a survivorship-bias-free historical index-constituent study.
2017-10-24,T1_30D,88333.87151407631,18347.99395751953,106681.86547159584,116404.28853544107,-8.352289409754077,1,0.04502133611898884,REFERENCE,This test uses the supplied/current ticker universe and is not a survivorship-bias-free historical index-constituent study.
2017-10-25,T1_30D,88333.87151407631,18273.993713378906,106607.86522745522,116404.28853544107,-8.415861160478787,1,-0.0693653450973164,REFERENCE,This test uses the supplied/current ticker universe and is not a survivorship-bias-free historical index-constituent study.
2017-10-26,T1_30D,88333.87151407631,18855.21990966797,107189.09142374428,116404.28853544107,-7.916544336672859,1,0.5452001079366608,REFERENCE,This test uses the supplied/current ticker universe and is not a survivorship-bias-free historical index-constituent study.
2017-10-27,T1_30D,88333.87151407631,19273.02117919922,107606.89269327553,116404.28853544107,-7.557621761922495,1,0.38977965386381985,REFERENCE,This test uses the supplied/current ticker universe and is not a survivorship-bias-free historical index-constituent study.
2017-10-30,T1_30D,80787.74249588097,26838.079650878906,107625.82214675988,116404.28853544107,-7.541359943975301,2,0.0175913020165952,REFERENCE,This test uses the supplied/current ticker universe and is not a survivorship-bias-free historical index-constituent study.
2017-10-31,T1_30D,80787.74249588097,26900.581115722656,107688.32361160363,116404.28853544107,-7.487666505674939,2,0.05807292673547515,REFERENCE,This test uses the supplied/current ticker universe and is not a survivorship-bias-free historical index-constituent study.
2017-11-01,T1_30D,80787.74249588097,26899.337341308594,107687.07983718957,116404.28853544107,-7.488735001028257,2,-0.0011549761128715197,REFERENCE,This test uses the supplied/current ticker universe and is not a survivorship-bias-free historical index-constituent study.
2017-11-02,T1_30D,100375.72011747604,7562.30615234375,107938.02626981979,116404.28853544107,-7.273153224972118,1,0.23303299988228776,REFERENCE,This test uses the supplied/current ticker universe and is not a survivorship-bias-free historical index-constituent study.
2017-11-03,T1_30D,100375.72011747604,7556.42431640625,107932.14443388229,116404.28853544107,-7.27820616246394,1,-0.005449271346502638,REFERENCE,This test uses the supplied/current ticker universe and is not a survivorship-bias-free historical index-constituent study.
2017-11-06,T1_30D,100375.72011747604,7639.89892578125,108015.61904325729,116404.28853544107,-7.2064952225791234,1,0.07733989703699873,REFERENCE,This test uses the supplied/current ticker universe and is not a survivorship-bias-free historical index-constituent study.
2017-11-07,T1_30D,100375.72011747604,7557.25,107932.97011747604,116404.28853544107,-7.2774968384311745,1,-0.07651571736875251,REFERENCE,This test uses the supplied/current ticker universe and is not a survivorship-bias-free historical index-constituent study.
2017-11-08,T1_30D,100375.72011747604,7568.0068359375,107943.72695341354,116404.28853544107,-7.268255910907939,1,0.009966218779844382,REFERENCE,This test uses the supplied/current ticker universe and is not a survivorship-bias-free historical index-constituent study.
2017-11-09,T1_30D,100375.72011747604,7543.00048828125,107918.72060575729,116404.28853544107,-7.289738235975918,1,-0.023166096226268085,REFERENCE,This test uses the supplied/current ticker universe and is not a survivorship-bias-free historical index-constituent study.
2017-11-10,T1_30D,84533.65993091854,23464.229248046875,107997.88917896542,116404.28853544107,-7.221726503586845,2,0.07335944381452464,REFERENCE,This test uses the supplied/current ticker universe and is not a survivorship-bias-free historical index-constituent study.
2017-11-13,T1_30D,84533.65993091854,23207.550537109375,107741.21046802792,116404.28853544107,-7.442232735931842,2,-0.23767011826698603,REFERENCE,This test uses the supplied/current ticker universe and is not a survivorship-bias-free historical index-constituent study.
2017-11-14,T1_30D,68175.24127290041,39422.6746673584,107597.91594025881,116404.28853544107,-7.5653334649273045,3,-0.13299880996939795,REFERENCE,This test uses the supplied/current ticker universe and is not a survivorship-bias-free historical index-constituent study.
2017-11-15,T1_30D,68175.24127290041,39288.69521713257,107463.93649003298,116404.28853544107,-7.680431844816493,3,-0.12451862943164693,REFERENCE,This test uses the supplied/current ticker universe and is not a survivorship-bias-free historical index-constituent study.
2017-11-16,T1_30D,68175.24127290041,39605.844341278076,107781.08561417849,116404.28853544107,-7.4079769996078015,3,0.29512144678873753,REFERENCE,This test uses the supplied/current ticker universe and is not a survivorship-bias-free historical index-constituent study.
2017-11-17,T1_30D,68175.24127290041,40089.44477081299,108264.6860437134,116404.28853544107,-6.992528019489108,3,0.44868765867329685,REFERENCE,This test uses the supplied/current ticker universe and is not a survivorship-bias-free historical index-constituent study.
2017-11-20,T1_30D,68175.24127290041,40144.921001434326,108320.16227433474,116404.28853544107,-6.944869783422969,3,0.05124129820035517,REFERENCE,This test uses the supplied/current ticker universe and is not a survivorship-bias-free historical index-constituent study.
2017-11-21,T1_30D,68175.24127290041,40241.88469314575,108417.12596604617,116404.28853544107,-6.861570711772435,3,0.08951582944074499,REFERENCE,This test uses the supplied/current ticker universe and is not a survivorship-bias-free historical index-constituent study.
2017-11-22,T1_30D,68175.24127290041,40673.18170547485,108848.42297837527,116404.28853544107,-6.491054283421271,3,0.3978126227623724,REFERENCE,This test uses the supplied/current ticker universe and is not a survivorship-bias-free historical index-constituent study.
2017-11-23,T1_30D,68175.24127290041,41207.271129608154,109382.51240250857,116404.28853544107,-6.032231476415594,3,0.49067263403477224,REFERENCE,This test uses the supplied/current ticker universe and is not a survivorship-bias-free historical index-constituent study.
2017-11-24,T1_30D,68175.24127290041,40954.006633758545,109129.24790665896,116404.28853544107,-6.249804642349677,3,-0.23154020719293733,REFERENCE,This test uses the supplied/current ticker universe and is not a survivorship-bias-free historical index-constituent study.
2017-11-27,T1_30D,68175.24127290041,41101.7338218689,109276.97509476931,116404.28853544107,-6.122895926211291,3,0.1353690151302933,REFERENCE,This test uses the supplied/current ticker universe and is not a survivorship-bias-free historical index-constituent study.
2017-11-28,T1_30D,68175.24127290041,41152.550731658936,109327.79200455935,116404.28853544107,-6.079240395620966,3,0.046502851809338,REFERENCE,This test uses the supplied/current ticker universe and is not a survivorship-bias-free historical index-constituent study.
2017-11-29,T1_30D,85915.22797233541,23876.101318359375,109791.32929069479,116404.28853544107,-5.681027157975249,2,0.42398851896332523,REFERENCE,This test uses the supplied/current ticker universe and is not a survivorship-bias-free historical index-constituent study.
2017-11-30,T1_30D,85915.22797233541,23626.54296875,109541.77094108541,116404.28853544107,-5.895416466779279,2,-0.2273024210760921,REFERENCE,This test uses the supplied/current ticker universe and is not a survivorship-bias-free historical index-constituent study.
2017-12-01,T1_30D,38002.921254587665,71216.15203857422,109219.07329316188,116404.28853544107,-6.172637909376966,4,-0.29458867165574887,REFERENCE,This test uses the supplied/current ticker universe and is not a survivorship-bias-free historical index-constituent study.
2017-12-04,T1_30D,17821.41407345247,91237.51986694336,109058.93394039583,116404.28853544107,-6.310209604355633,5,-0.14662214935318163,REFERENCE,This test uses the supplied/current ticker universe and is not a survivorship-bias-free historical index-constituent study.
2017-12-05,T1_30D,17821.41407345247,91264.33099365234,109085.74506710481,116404.28853544107,-6.287176838942676,5,0.02458407187773126,REFERENCE,This test uses the supplied/current ticker universe and is not a survivorship-bias-free historical index-constituent study.
2017-12-06,T1_30D,17821.41407345247,90844.79669189453,108666.210765347,116404.28853544107,-6.647588218142053,5,-0.3845913152994762,REFERENCE,This test uses the supplied/current ticker universe and is not a survivorship-bias-free historical index-constituent study.
2017-12-07,T1_30D,17821.41407345247,91425.36260986328,109246.77668331575,116404.28853544107,-6.148838622853747,5,0.5342653561578814,REFERENCE,This test uses the supplied/current ticker universe and is not a survivorship-bias-free historical index-constituent study.
2017-12-08,T1_30D,26162.453074499044,84016.91793823242,110179.37101273147,116404.28853544107,-5.347670262865211,4,0.8536584398449731,REFERENCE,This test uses the supplied/current ticker universe and is not a survivorship-bias-free historical index-constituent study.
2017-12-11,T1_30D,26162.453074499044,84777.11001586914,110939.56309036819,116404.28853544107,-4.69460834633173,4,0.6899586289604853,REFERENCE,This test uses the supplied/current ticker universe and is not a survivorship-bias-free historical index-constituent study.
2017-12-12,T1_30D,3988.6895301974437,105651.88790893555,109640.57743913299,116404.28853544107,-5.810534286499902,5,-1.1708948683862075,REFERENCE,This test uses the supplied/current ticker universe and is not a survivorship-bias-free historical index-constituent study.
2017-12-13,T1_30D,3988.6895301974437,104779.18798828125,108767.8775184787,116404.28853544107,-6.56024886457457,5,-0.7959643601282318,REFERENCE,This test uses the supplied/current ticker universe and is not a survivorship-bias-free historical index-constituent study.
2017-12-14,T1_30D,29768.607764126817,78992.08361816406,108760.69138229088,116404.28853544107,-6.566422293645113,4,-0.006606855214752461,REFERENCE,This test uses the supplied/current ticker universe and is not a survivorship-bias-free historical index-constituent study.
2017-12-15,T1_30D,44791.469228000715,63978.62350463867,108770.09273263939,116404.28853544107,-6.558345829739198,3,0.008644070048680064,REFERENCE,This test uses the supplied/current ticker universe and is not a survivorship-bias-free historical index-constituent study.
2017-12-18,T1_30D,38518.49945253914,70939.10766601562,109457.60711855476,116404.28853544107,-5.96771949237187,3,0.632080352827602,REFERENCE,This test uses the supplied/current ticker universe and is not a survivorship-bias-free historical index-constituent study.
2017-12-19,T1_30D,38518.49945253914,71243.14526367188,109761.64471621101,116404.28853544107,-5.706528430185454,3,0.2777674440908928,REFERENCE,This test uses the supplied/current ticker universe and is not a survivorship-bias-free historical index-constituent study.
2017-12-20,T1_30D,38518.49945253914,71307.59399414062,109826.09344667976,116404.28853544107,-5.651162144905408,3,0.05871698682666793,REFERENCE,This test uses the supplied/current ticker universe and is not a survivorship-bias-free historical index-constituent study.
2017-12-21,T1_30D,38518.49945253914,71517.97485351562,110036.47430605476,116404.28853544107,-5.470429233754159,3,0.19155817417573218,REFERENCE,This test uses the supplied/current ticker universe and is not a survivorship-bias-free historical index-constituent study.
2017-12-22,T1_30D,38518.49945253914,72098.93811035156,110617.4375628907,116404.28853544107,-4.971338294626893,3,0.5279733474738979,REFERENCE,This test uses the supplied/current ticker universe and is not a survivorship-bias-free historical index-constituent study.
2017-12-26,T1_30D,62018.14686863031,48556.074462890625,110574.22133152094,116404.28853544107,-5.008464273328794,2,-0.0390681906233703,REFERENCE,This test uses the supplied/current ticker universe and is not a survivorship-bias-free historical index-constituent study.
2017-12-27,T1_30D,62018.14686863031,48340.83642578125,110358.98329441156,116404.28853544107,-5.1933698638507835,2,-0.1946548069862053,REFERENCE,This test uses the supplied/current ticker universe and is not a survivorship-bias-free historical index-constituent study.
2017-12-28,T1_30D,62018.14686863031,47486.91870117187,109505.06556980219,116404.28853544107,-5.926949129145109,2,-0.7737636747987442,REFERENCE,This test uses the supplied/current ticker universe and is not a survivorship-bias-free historical index-constituent study.
2017-12-29,T1_30D,83368.52386816616,26965.13671875,110333.66058691616,116404.28853544107,-5.215123965709056,1,0.7566727738141044,REFERENCE,This test uses the supplied/current ticker universe and is not a survivorship-bias-free historical index-constituent study.
2018-01-01,T1_30D,83368.52386816616,26721.5068359375,110090.03070410366,116404.28853544107,-5.424420277621422,1,-0.22081192767150482,REFERENCE,This test uses the supplied/current ticker universe and is not a survivorship-bias-free historical index-constituent study.
2018-01-02,T1_30D,83368.52386816616,26386.505859375,109755.02972754116,116404.28853544107,-5.712211200771566,1,-0.3042972868841365,REFERENCE,This test uses the supplied/current ticker universe and is not a survivorship-bias-free historical index-constituent study.
2018-01-03,T1_30D,83368.52386816616,26351.7041015625,109720.22796972866,116404.28853544107,-5.742108516626809,1,-0.03170857672664118,REFERENCE,This test uses the supplied/current ticker universe and is not a survivorship-bias-free historical index-constituent study.
2018-01-04,T1_30D,83368.52386816616,26843.3232421875,110211.84711035366,116404.28853544107,-5.319770863254769,1,0.44806609475933623,REFERENCE,This test uses the supplied/current ticker universe and is not a survivorship-bias-free historical index-constituent study.
2018-01-05,T1_30D,83368.52386816616,26656.248046875,110024.77191504116,116404.28853544107,-5.480482463889269,1,-0.16974145721846412,REFERENCE,This test uses the supplied/current ticker universe and is not a survivorship-bias-free historical index-constituent study.
2018-01-08,T1_30D,83368.52386816616,26608.388671875,109976.91254004116,116404.28853544107,-5.521597250639953,1,-0.043498726847579494,REFERENCE,This test uses the supplied/current ticker universe and is not a survivorship-bias-free historical index-constituent study.
2018-01-09,T1_30D,83368.52386816616,26477.865234375,109846.38910254116,116404.28853544107,-5.633726656817506,1,-0.1186825802665381,REFERENCE,This test uses the supplied/current ticker universe and is not a survivorship-bias-free historical index-constituent study.
2018-01-10,T1_30D,83368.52386816616,26199.4306640625,109567.95453222866,116404.28853544107,-5.872922801406055,1,-0.2534763068566481,REFERENCE,This test uses the supplied/current ticker universe and is not a survivorship-bias-free historical index-constituent study.
2018-01-11,T1_30D,67583.41250259649,42371.57830810547,109954.99081070196,116404.28853544107,-5.540429657602797,2,0.3532385724691611,REFERENCE,This test uses the supplied/current ticker universe and is not a survivorship-bias-free historical index-constituent study.
2018-01-12,T1_30D,67583.41250259649,42415.52282714843,109998.93532974491,116404.28853544107,-5.502678025256735,2,0.039965915797868234,REFERENCE,This test uses the supplied/current ticker universe and is not a survivorship-bias-free historical index-constituent study.
2018-01-15,T1_30D,67583.41250259649,42486.33282470703,110069.74532730352,116404.28853544107,-5.441846935226014,2,0.06437334811135731,REFERENCE,This test uses the supplied/current ticker universe and is not a survivorship-bias-free historical index-constituent study.
2018-01-16,T1_30D,93611.9372434397,16779.53155517578,110391.46879861547,116404.28853544107,-5.165462383282293,1,0.2922905566423051,REFERENCE,This test uses the supplied/current ticker universe and is not a survivorship-bias-free historical index-constituent study.
2018-01-17,T1_30D,66127.9378433057,44635.09411621094,110763.03195951664,116404.28853544107,-4.846261806073294,2,0.33658684402415595,REFERENCE,This test uses the supplied/current ticker universe and is not a survivorship-bias-free historical index-constituent study.
2018-01-18,T1_30D,66127.9378433057,45155.384033203125,111283.32187650882,116404.28853544107,-4.399293808984616,2,0.4697324619845622,REFERENCE,This test uses the supplied/current ticker universe and is not a survivorship-bias-free historical index-constituent study.
2018-01-19,T1_30D,48343.76594603965,63166.322814941406,111510.08876098106,116404.28853544107,-4.204484075318149,3,0.20377436676799476,REFERENCE,This test uses the supplied/current ticker universe and is not a survivorship-bias-free historical index-constituent study.
2018-01-22,T1_30D,48343.76594603965,63153.208435058594,111496.97438109825,116404.28853544107,-4.215750309619148,3,-0.011760711545050206,REFERENCE,This test uses the supplied/current ticker universe and is not a survivorship-bias-free historical index-constituent study.
2018-01-23,T1_30D,65738.7217353306,46204.959716796875,111943.68145212748,116404.28853544107,-3.831995486966522,2,0.40064501616194903,REFERENCE,This test uses the supplied/current ticker universe and is not a survivorship-bias-free historical index-constituent study.
2018-01-24,T1_30D,65738.7217353306,45761.129150390625,111499.85088572123,116404.28853544107,-4.213279176760409,2,-0.39647665741282534,REFERENCE,This test uses the supplied/current ticker universe and is not a survivorship-bias-free historical index-constituent study.
2018-01-25,T1_30D,65738.7217353306,46008.24462890625,111746.96636423685,116404.28853544107,-4.000988477143796,2,0.22162852824700874,REFERENCE,This test uses the supplied/current ticker universe and is not a survivorship-bias-free historical index-constituent study.
2018-01-29,T1_30D,65738.7217353306,46475.95947265625,112214.68120798685,116404.28853544107,-3.5991864046990174,2,0.418548135101493,REFERENCE,This test uses the supplied/current ticker universe and is not a survivorship-bias-free historical index-constituent study.
2018-01-30,T1_30D,65738.7217353306,46458.09814453125,112196.81987986185,116404.28853544107,-3.614530622983181,2,-0.01591710454703632,REFERENCE,This test uses the supplied/current ticker universe and is not a survivorship-bias-free historical index-constituent study.
2018-01-31,T1_30D,65738.7217353306,46483.67919921875,112222.40093454935,116404.28853544107,-3.5925545815423066,2,0.0228001602138983,REFERENCE,This test uses the supplied/current ticker universe and is not a survivorship-bias-free historical index-constituent study.
2018-02-01,T1_30D,94612.5981890236,18280.5322265625,112893.1304155861,116404.28853544107,-3.016347734289826,1,0.5976787837821629,REFERENCE,This test uses the supplied/current ticker universe and is not a survivorship-bias-free historical index-constituent study.
2018-02-02,T1_30D,93749.21133222003,17884.375,111633.58633222003,116404.28853544107,-4.0983904143433,1,-1.1156959495492669,REFERENCE,This test uses the supplied/current ticker universe and is not a survivorship-bias-free historical index-constituent study.
2018-02-05,T1_30D,65949.72508985501,45520.58026123047,111470.30535108548,116404.28853544107,-4.238661003330102,2,-0.1462651039881746,REFERENCE,This test uses the supplied/current ticker universe and is not a survivorship-bias-free historical index-constituent study.
2018-02-06,T1_30D,82187.41427710379,27655.732421875,109843.14669897879,116404.28853544107,-5.636512124263049,1,-1.4597238672503954,REFERENCE,This test uses the supplied/current ticker universe and is not a survivorship-bias-free historical index-constituent study.
2018-02-07,T1_30D,42154.7516189388,67193.93786621094,109348.68948514973,116404.28853544107,-6.06128789502729,3,-0.450148442291165,REFERENCE,This test uses the supplied/current ticker universe and is not a survivorship-bias-free historical index-constituent study.
2018-02-08,T1_30D,42154.7516189388,67973.26672363281,110128.01834257161,116404.28853544107,-5.391786051730008,3,0.7127006835575322,REFERENCE,This test uses the supplied/current ticker universe and is not a survivorship-bias-free historical index-constituent study.
2018-02-09,T1_30D,42154.7516189388,67813.48901367188,109968.24063261067,116404.28853544107,-5.529047068459891,3,-0.14508361483807075,REFERENCE,This test uses the supplied/current ticker universe and is not a survivorship-bias-free historical index-constituent study.
2018-02-12,T1_30D,42154.7516189388,67047.50817871094,109202.25979764973,116404.28853544107,-6.187081960986829,3,-0.6965473218035534,REFERENCE,This test uses the supplied/current ticker universe and is not a survivorship-bias-free historical index-constituent study.
2018-02-14,T1_30D,42154.7516189388,66960.11950683594,109114.87112577473,116404.28853544107,-6.2621553736372455,3,-0.08002460025728908,REFERENCE,This test uses the supplied/current ticker universe and is not a survivorship-bias-free historical index-constituent study.
2018-02-15,T1_30D,42154.7516189388,67401.65270996094,109556.40432889973,116404.28853544107,-5.882845290924477,3,0.4046498873797377,REFERENCE,This test uses the supplied/current ticker universe and is not a survivorship-bias-free historical index-constituent study.
2018-02-16,T1_30D,42154.7516189388,67400.35363769531,109555.10525663411,116404.28853544107,-5.883961291272888,3,-0.001185756573141017,REFERENCE,This test uses the supplied/current ticker universe and is not a survivorship-bias-free historical index-constituent study.
2018-02-19,T1_30D,87056.0682039017,21363.19482421875,108419.26302812045,116404.28853544107,-6.859734815431184,1,-1.0367770866112846,REFERENCE,This test uses the supplied/current ticker universe and is not a survivorship-bias-free historical index-constituent study.
2018-02-20,T1_30D,87056.0682039017,21461.352539062504,108517.4207429642,116404.28853544107,-6.775409988503645,1,0.09053530904217233,REFERENCE,This test uses the supplied/current ticker universe and is not a survivorship-bias-free historical index-constituent study.
2018-02-21,T1_30D,87056.0682039017,21658.61279296875,108714.68099687045,116404.28853544107,-6.605948659897876,1,0.181777499461111,REFERENCE,This test uses the supplied/current ticker universe and is not a survivorship-bias-free historical index-constituent study.
2018-02-22,T1_30D,87056.0682039017,21910.60693359375,108966.67513749545,116404.28853544107,-6.389466824223689,1,0.23179403031339252,REFERENCE,This test uses the supplied/current ticker universe and is not a survivorship-bias-free historical index-constituent study.
2018-02-23,T1_30D,87056.0682039017,21814.338867187504,108870.4070710892,116404.28853544107,-6.472168301649872,1,-0.08834633734100539,REFERENCE,This test uses the supplied/current ticker universe and is not a survivorship-bias-free historical index-constituent study.
2018-02-26,T1_30D,87056.0682039017,21492.49951171875,108548.56771562045,116404.28853544107,-6.7486524067614795,1,-0.2956169303735545,REFERENCE,This test uses the supplied/current ticker universe and is not a survivorship-bias-free historical index-constituent study.
2018-02-27,T1_30D,87056.0682039017,21711.459960937504,108767.5281648392,116404.28853544107,-6.5605489855098735,1,0.20171657150962474,REFERENCE,This test uses the supplied/current ticker universe and is not a survivorship-bias-free historical index-constituent study.
2018-02-28,T1_30D,87056.0682039017,22134.2841796875,109190.3523835892,116404.28853544107,-6.197311321271015,1,0.38874122257259724,REFERENCE,This test uses the supplied/current ticker universe and is not a survivorship-bias-free historical index-constituent study.
2018-03-01,T1_30D,87056.0682039017,21910.60693359375,108966.67513749545,116404.28853544107,-6.389466824223689,1,-0.20485074112405188,REFERENCE,This test uses the supplied/current ticker universe and is not a survivorship-bias-free historical index-constituent study.
2018-03-05,T1_30D,87056.0682039017,21819.05712890625,108875.12533280795,116404.28853544107,-6.46811496153834,1,-0.0840163330412591,REFERENCE,This test uses the supplied/current ticker universe and is not a survivorship-bias-free historical index-constituent study.
2018-03-06,T1_30D,87056.0682039017,21733.16455078125,108789.23275468295,116404.28853544107,-6.541903117632641,1,-0.07889091090590439,REFERENCE,This test uses the supplied/current ticker universe and is not a survivorship-bias-free historical index-constituent study.
2018-03-07,T1_30D,87056.0682039017,21596.3173828125,108652.3855867142,116404.28853544107,-6.659465081792659,1,-0.12579109577630643,REFERENCE,This test uses the supplied/current ticker universe and is not a survivorship-bias-free historical index-constituent study.
2018-03-08,T1_30D,87056.0682039017,21833.21630859375,108889.28451249545,116404.28853544107,-6.4559511659723405,1,0.2180338006404714,REFERENCE,This test uses the supplied/current ticker universe and is not a survivorship-bias-free historical index-constituent study.
2018-03-09,T1_30D,87056.0682039017,21960.62841796875,109016.69662187045,116404.28853544107,-6.346494623624932,1,0.11701069572220835,REFERENCE,This test uses the supplied/current ticker universe and is not a survivorship-bias-free historical index-constituent study.
2018-03-12,T1_30D,87056.0682039017,22382.513671875,109438.5818757767,116404.28853544107,-5.984063600494882,1,0.38699141230593703,REFERENCE,This test uses the supplied/current ticker universe and is not a survivorship-bias-free historical index-constituent study.
2018-03-13,T1_30D,87056.0682039017,22345.705078125,109401.7732820267,116404.28853544107,-6.015684938688793,1,-0.03363401930023269,REFERENCE,This test uses the supplied/current ticker universe and is not a survivorship-bias-free historical index-constituent study.
2018-03-14,T1_30D,87056.0682039017,22289.07421875,109345.1424226517,116404.28853544107,-6.064335087310901,1,-0.05176411467208153,REFERENCE,This test uses the supplied/current ticker universe and is not a survivorship-bias-free historical index-constituent study.
2018-03-15,T1_30D,87056.0682039017,22321.16455078125,109377.23275468295,116404.28853544107,-6.036767089228523,1,0.02934774359450998,REFERENCE,This test uses the supplied/current ticker universe and is not a survivorship-bias-free historical index-constituent study.
2018-03-16,T1_30D,87056.0682039017,22121.077148437504,109177.1453523392,116404.28853544107,-6.208657150034003,1,-0.18293331921508393,REFERENCE,This test uses the supplied/current ticker universe and is not a survivorship-bias-free historical index-constituent study.
2018-03-19,T1_30D,87056.0682039017,21646.344726562504,108702.4129304642,116404.28853544107,-6.616487847552044,1,-0.4348276558641784,REFERENCE,This test uses the supplied/current ticker universe and is not a survivorship-bias-free historical index-constituent study.
2018-03-20,T1_30D,87056.0682039017,21982.33740234375,109038.40560624545,116404.28853544107,-6.327844980516306,1,0.3090940363910555,REFERENCE,This test uses the supplied/current ticker universe and is not a survivorship-bias-free historical index-constituent study.
2018-03-21,T1_30D,87056.0682039017,22038.0205078125,109094.0887117142,116404.28853544107,-6.280009023465805,1,0.051067424508977055,REFERENCE,This test uses the supplied/current ticker universe and is not a survivorship-bias-free historical index-constituent study.
2018-03-22,T1_30D,108955.14536725533,0.0,108955.14536725533,116404.28853544107,-6.399371760188832,0,-0.12736102028958474,REFERENCE,This test uses the supplied/current ticker universe and is not a survivorship-bias-free historical index-constituent study.
2018-03-23,T1_30D,108955.14536725533,0.0,108955.14536725533,116404.28853544107,-6.399371760188832,0,0.0,REFERENCE,This test uses the supplied/current ticker universe and is not a survivorship-bias-free historical index-constituent study.
2018-03-26,T1_30D,108955.14536725533,0.0,108955.14536725533,116404.28853544107,-6.399371760188832,0,0.0,REFERENCE,This test uses the supplied/current ticker universe and is not a survivorship-bias-free historical index-constituent study.
2018-03-27,T1_30D,108955.14536725533,0.0,108955.14536725533,116404.28853544107,-6.399371760188832,0,0.0,REFERENCE,This test uses the supplied/current ticker universe and is not a survivorship-bias-free historical index-constituent study.
2018-03-28,T1_30D,108955.14536725533,0.0,108955.14536725533,116404.28853544107,-6.399371760188832,0,0.0,REFERENCE,This test uses the supplied/current ticker universe and is not a survivorship-bias-free historical index-constituent study.
2018-04-02,T1_30D,108955.14536725533,0.0,108955.14536725533,116404.28853544107,-6.399371760188832,0,0.0,REFERENCE,This test uses the supplied/current ticker universe and is not a survivorship-bias-free historical index-constituent study.
2018-04-03,T1_30D,108955.14536725533,0.0,108955.14536725533,116404.28853544107,-6.399371760188832,0,0.0,REFERENCE,This test uses the supplied/current ticker universe and is not a survivorship-bias-free historical index-constituent study.
2018-04-04,T1_30D,108955.14536725533,0.0,108955.14536725533,116404.28853544107,-6.399371760188832,0,0.0,REFERENCE,This test uses the supplied/current ticker universe and is not a survivorship-bias-free historical index-constituent study.
2018-04-05,T1_30D,108955.14536725533,0.0,108955.14536725533,116404.28853544107,-6.399371760188832,0,0.0,REFERENCE,This test uses the supplied/current ticker universe and is not a survivorship-bias-free historical index-constituent study.
2018-04-06,T1_30D,108955.14536725533,0.0,108955.14536725533,116404.28853544107,-6.399371760188832,0,0.0,REFERENCE,This test uses the supplied/current ticker universe and is not a survivorship-bias-free historical index-constituent study.
2018-04-09,T1_30D,108955.14536725533,0.0,108955.14536725533,116404.28853544107,-6.399371760188832,0,0.0,REFERENCE,This test uses the supplied/current ticker universe and is not a survivorship-bias-free historical index-constituent study.
2018-04-10,T1_30D,108955.14536725533,0.0,108955.14536725533,116404.28853544107,-6.399371760188832,0,0.0,REFERENCE,This test uses the supplied/current ticker universe and is not a survivorship-bias-free historical index-constituent study.
2018-04-11,T1_30D,108955.14536725533,0.0,108955.14536725533,116404.28853544107,-6.399371760188832,0,0.0,REFERENCE,This test uses the supplied/current ticker universe and is not a survivorship-bias-free historical index-constituent study.
2018-04-12,T1_30D,108955.14536725533,0.0,108955.14536725533,116404.28853544107,-6.399371760188832,0,0.0,REFERENCE,This test uses the supplied/current ticker universe and is not a survivorship-bias-free historical index-constituent study.
2018-04-13,T1_30D,108955.14536725533,0.0,108955.14536725533,116404.28853544107,-6.399371760188832,0,0.0,REFERENCE,This test uses the supplied/current ticker universe and is not a survivorship-bias-free historical index-constituent study.
2018-04-16,T1_30D,108955.14536725533,0.0,108955.14536725533,116404.28853544107,-6.399371760188832,0,0.0,REFERENCE,This test uses the supplied/current ticker universe and is not a survivorship-bias-free historical index-constituent study.
2018-04-17,T1_30D,108955.14536725533,0.0,108955.14536725533,116404.28853544107,-6.399371760188832,0,0.0,REFERENCE,This test uses the supplied/current ticker universe and is not a survivorship-bias-free historical index-constituent study.
2018-04-18,T1_30D,108955.14536725533,0.0,108955.14536725533,116404.28853544107,-6.399371760188832,0,0.0,REFERENCE,This test uses the supplied/current ticker universe and is not a survivorship-bias-free historical index-constituent study.
2018-04-19,T1_30D,108955.14536725533,0.0,108955.14536725533,116404.28853544107,-6.399371760188832,0,0.0,REFERENCE,This test uses the supplied/current ticker universe and is not a survivorship-bias-free historical index-constituent study.
2018-04-20,T1_30D,108955.14536725533,0.0,108955.14536725533,116404.28853544107,-6.399371760188832,0,0.0,REFERENCE,This test uses the supplied/current ticker universe and is not a survivorship-bias-free historical index-constituent study.
2018-04-23,T1_30D,108955.14536725533,0.0,108955.14536725533,116404.28853544107,-6.399371760188832,0,0.0,REFERENCE,This test uses the supplied/current ticker universe and is not a survivorship-bias-free historical index-constituent study.
2018-04-24,T1_30D,108955.14536725533,0.0,108955.14536725533,116404.28853544107,-6.399371760188832,0,0.0,REFERENCE,This test uses the supplied/current ticker universe and is not a survivorship-bias-free historical index-constituent study.
2018-04-25,T1_30D,108955.14536725533,0.0,108955.14536725533,116404.28853544107,-6.399371760188832,0,0.0,REFERENCE,This test uses the supplied/current ticker universe and is not a survivorship-bias-free historical index-constituent study.
2018-04-26,T1_30D,108955.14536725533,0.0,108955.14536725533,116404.28853544107,-6.399371760188832,0,0.0,REFERENCE,This test uses the supplied/current ticker universe and is not a survivorship-bias-free historical index-constituent study.
2018-04-27,T1_30D,108955.14536725533,0.0,108955.14536725533,116404.28853544107,-6.399371760188832,0,0.0,REFERENCE,This test uses the supplied/current ticker universe and is not a survivorship-bias-free historical index-constituent study.
2018-04-30,T1_30D,108955.14536725533,0.0,108955.14536725533,116404.28853544107,-6.399371760188832,0,0.0,REFERENCE,This test uses the supplied/current ticker universe and is not a survivorship-bias-free historical index-constituent study.
2018-05-02,T1_30D,108955.14536725533,0.0,108955.14536725533,116404.28853544107,-6.399371760188832,0,0.0,REFERENCE,This test uses the supplied/current ticker universe and is not a survivorship-bias-free historical index-constituent study.
2018-05-03,T1_30D,108117.232491798,0.0,108117.232491798,116404.28853544107,-7.119201661646635,0,-0.7690438782243625,REFERENCE,This test uses the supplied/current ticker universe and is not a survivorship-bias-free historical index-constituent study.
2018-05-04,T1_30D,108117.232491798,0.0,108117.232491798,116404.28853544107,-7.119201661646635,0,0.0,REFERENCE,This test uses the supplied/current ticker universe and is not a survivorship-bias-free historical index-constituent study.
2018-05-07,T1_30D,108117.232491798,0.0,108117.232491798,116404.28853544107,-7.119201661646635,0,0.0,REFERENCE,This test uses the supplied/current ticker universe and is not a survivorship-bias-free historical index-constituent study.
2018-05-08,T1_30D,108117.232491798,0.0,108117.232491798,116404.28853544107,-7.119201661646635,0,0.0,REFERENCE,This test uses the supplied/current ticker universe and is not a survivorship-bias-free historical index-constituent study.
2018-05-09,T1_30D,108117.232491798,0.0,108117.232491798,116404.28853544107,-7.119201661646635,0,0.0,REFERENCE,This test uses the supplied/current ticker universe and is not a survivorship-bias-free historical index-constituent study.
2018-05-10,T1_30D,108117.232491798,0.0,108117.232491798,116404.28853544107,-7.119201661646635,0,0.0,REFERENCE,This test uses the supplied/current ticker universe and is not a survivorship-bias-free historical index-constituent study.
2018-05-11,T1_30D,108117.232491798,0.0,108117.232491798,116404.28853544107,-7.119201661646635,0,0.0,REFERENCE,This test uses the supplied/current ticker universe and is not a survivorship-bias-free historical index-constituent study.
2018-05-14,T1_30D,108117.232491798,0.0,108117.232491798,116404.28853544107,-7.119201661646635,0,0.0,REFERENCE,This test uses the supplied/current ticker universe and is not a survivorship-bias-free historical index-constituent study.
2018-05-15,T1_30D,108117.232491798,0.0,108117.232491798,116404.28853544107,-7.119201661646635,0,0.0,REFERENCE,This test uses the supplied/current ticker universe and is not a survivorship-bias-free historical index-constituent study.
2018-05-16,T1_30D,108117.232491798,0.0,108117.232491798,116404.28853544107,-7.119201661646635,0,0.0,REFERENCE,This test uses the supplied/current ticker universe and is not a survivorship-bias-free historical index-constituent study.
2018-05-17,T1_30D,108117.232491798,0.0,108117.232491798,116404.28853544107,-7.119201661646635,0,0.0,REFERENCE,This test uses the supplied/current ticker universe and is not a survivorship-bias-free historical index-constituent study.
2018-05-18,T1_30D,89040.53148878834,19127.84307861328,108168.37456740162,116404.28853544107,-7.075266789274604,1,0.04730242758248515,REFERENCE,This test uses the supplied/current ticker universe and is not a survivorship-bias-free historical index-constituent study.
2018-05-21,T1_30D,39834.5655358657,67642.69039916992,107477.25593503562,116404.28853544107,-7.668989444222651,3,-0.6389285547924728,REFERENCE,This test uses the supplied/current ticker universe and is not a survivorship-bias-free historical index-constituent study.
2018-05-22,T1_30D,39834.5655358657,67692.01043701172,107526.57597287741,116404.28853544107,-7.626619838718995,3,0.04588881378921883,REFERENCE,This test uses the supplied/current ticker universe and is not a survivorship-bias-free historical index-constituent study.
2018-05-23,T1_30D,39834.5655358657,67551.40731811523,107385.97285398093,116404.28853544107,-7.74740844596492,3,-0.13076127238715873,REFERENCE,This test uses the supplied/current ticker universe and is not a survivorship-bias-free historical index-constituent study.
2018-05-24,T1_30D,39834.5655358657,68126.39099121094,107960.95652707663,116404.28853544107,-7.253454417011218,3,0.5354364800303602,REFERENCE,This test uses the supplied/current ticker universe and is not a survivorship-bias-free historical index-constituent study.
2018-05-25,T1_30D,25791.978002349137,82895.60943603516,108687.58743838429,116404.28853544107,-6.62922405535541,4,0.6730497160104543,REFERENCE,This test uses the supplied/current ticker universe and is not a survivorship-bias-free historical index-constituent study.
2018-05-28,T1_30D,25791.978002349137,83075.61874389648,108867.59674624562,116404.28853544107,-6.474582581122679,4,0.16562085156539563,REFERENCE,This test uses the supplied/current ticker universe and is not a survivorship-bias-free historical index-constituent study.
2018-05-29,T1_30D,25791.978002349137,83220.20690917969,109012.18491152882,116404.28853544107,-6.350370520637316,4,0.13281101962800967,REFERENCE,This test uses the supplied/current ticker universe and is not a survivorship-bias-free historical index-constituent study.
2018-05-30,T1_30D,67711.77234718554,41557.08938598633,109268.86173317187,116404.28853544107,-6.129865911337717,2,0.2354570012988555,REFERENCE,This test uses the supplied/current ticker universe and is not a survivorship-bias-free historical index-constituent study.
2018-05-31,T1_30D,96302.60452167992,14047.939666748047,110350.54418842797,116404.28853544107,-5.20061968779607,1,0.9899274487708221,REFERENCE,This test uses the supplied/current ticker universe and is not a survivorship-bias-free historical index-constituent study.
2018-06-01,T1_30D,96302.60452167992,13922.493072509766,110225.09759418969,116404.28853544107,-5.308387705466733,1,-0.11368008663743545,REFERENCE,This test uses the supplied/current ticker universe and is not a survivorship-bias-free historical index-constituent study.
2018-06-04,T1_30D,96302.60452167992,14134.615753173828,110437.22027485375,116404.28853544107,-5.126158439403672,1,0.19244499237824897,REFERENCE,This test uses the supplied/current ticker universe and is not a survivorship-bias-free historical index-constituent study.
2018-06-05,T1_30D,96302.60452167992,13923.063018798828,110225.66754047875,116404.28853544107,-5.3078980789278525,1,-0.1915592712751102,REFERENCE,This test uses the supplied/current ticker universe and is not a survivorship-bias-free historical index-constituent study.
2018-06-06,T1_30D,72497.91547425438,37950.602630615234,110448.51810486961,116404.28853544107,-5.116452757458445,2,0.20217665210240376,REFERENCE,This test uses the supplied/current ticker universe and is not a survivorship-bias-free historical index-constituent study.
2018-06-07,T1_30D,72497.91547425438,38257.035888671875,110754.95136292625,116404.28853544107,-4.853203643605275,2,0.27744442688284465,REFERENCE,This test uses the supplied/current ticker universe and is not a survivorship-bias-free historical index-constituent study.
2018-06-08,T1_30D,72497.91547425438,38503.25863647461,111001.17411072899,116404.28853544107,-4.641679866517134,2,0.22231308376985393,REFERENCE,This test uses the supplied/current ticker universe and is not a survivorship-bias-free historical index-constituent study.
2018-06-11,T1_30D,45093.45855698612,65927.30926513672,111020.76782212284,116404.28853544107,-4.624847401287225,3,0.01765180553343626,REFERENCE,This test uses the supplied/current ticker universe and is not a survivorship-bias-free historical index-constituent study.
2018-06-12,T1_30D,45093.45855698612,66335.96026611328,111429.4188230994,116404.28853544107,-4.273785592381318,3,0.3680851871167956,REFERENCE,This test uses the supplied/current ticker universe and is not a survivorship-bias-free historical index-constituent study.
2018-06-13,T1_30D,70239.31323034098,41754.31558227539,111993.62881261637,116404.28853544107,-3.789086964336197,2,0.5063384476703403,REFERENCE,This test uses the supplied/current ticker universe and is not a survivorship-bias-free historical index-constituent study.
2018-06-14,T1_30D,70239.31323034098,41780.278228759766,112019.59145910075,116404.28853544107,-3.766783106968896,2,0.023182253097453476,REFERENCE,This test uses the supplied/current ticker universe and is not a survivorship-bias-free historical index-constituent study.
2018-06-15,T1_30D,70239.31323034098,42161.249267578125,112400.5624979191,116404.28853544107,-3.4395004581836974,2,0.3400932228515119,REFERENCE,This test uses the supplied/current ticker universe and is not a survivorship-bias-free historical index-constituent study.
2018-06-18,T1_30D,70239.31323034098,41859.42465209961,112098.73788244059,116404.28853544107,-3.698790402975216,2,-0.26852589415119477,REFERENCE,This test uses the supplied/current ticker universe and is not a survivorship-bias-free historical index-constituent study.
2018-06-19,T1_30D,70239.31323034098,41616.25759887695,111855.57082921793,116404.28853544107,-3.907689109614043,2,-0.2169222043139074,REFERENCE,This test uses the supplied/current ticker universe and is not a survivorship-bias-free historical index-constituent study.
2018-06-20,T1_30D,70239.31323034098,42071.78805541992,112311.1012857609,116404.28853544107,-3.516354338125549,2,0.40724878802727016,REFERENCE,This test uses the supplied/current ticker universe and is not a survivorship-bias-free historical index-constituent study.
2018-06-21,T1_30D,70239.31323034098,42130.944763183594,112370.25799352457,116404.28853544107,-3.4655342966064984,2,0.05267218207856139,REFERENCE,This test uses the supplied/current ticker universe and is not a survivorship-bias-free historical index-constituent study.
2018-06-22,T1_30D,70239.31323034098,42491.111877441406,112730.42510778239,116404.28853544107,-3.1561237767800288,2,0.32051818754261774,REFERENCE,This test uses the supplied/current ticker universe and is not a survivorship-bias-free historical index-constituent study.
2018-06-25,T1_30D,70239.31323034098,42933.94421386719,113173.25744420817,116404.28853544107,-2.7756976412850687,2,0.3928241519557618,REFERENCE,This test uses the supplied/current ticker universe and is not a survivorship-bias-free historical index-constituent study.
2018-06-26,T1_30D,70239.31323034098,42980.29040527344,113219.60363561442,116404.28853544107,-2.7358827925459295,2,0.04095153965952836,REFERENCE,This test uses the supplied/current ticker universe and is not a survivorship-bias-free historical index-constituent study.
2018-06-27,T1_30D,70239.31323034098,43141.785217285156,113381.09844762614,116404.28853544107,-2.597146656580851,2,0.14263855977756368,REFERENCE,This test uses the supplied/current ticker universe and is not a survivorship-bias-free historical index-constituent study.
2018-06-28,T1_30D,70239.31323034098,43615.29022216797,113854.60345250895,116404.28853544107,-2.19037040216592,2,0.4176225238297082,REFERENCE,This test uses the supplied/current ticker universe and is not a survivorship-bias-free historical index-constituent study.
2018-06-29,T1_30D,85404.54331874265,28247.575317382816,113652.11863612547,116404.28853544107,-2.3643200211456605,1,-0.17784508508515984,REFERENCE,This test uses the supplied/current ticker universe and is not a survivorship-bias-free historical index-constituent study.
2018-07-02,T1_30D,85404.54331874265,27775.989013671875,113180.53233241453,116404.28853544107,-2.7694479675849926,1,-0.41493841854439717,REFERENCE,This test uses the supplied/current ticker universe and is not a survivorship-bias-free historical index-constituent study.
2018-07-03,T1_30D,85404.54331874265,27735.126342773438,113139.66966151609,116404.28853544107,-2.804552061611554,1,-0.03610397482353145,REFERENCE,This test uses the supplied/current ticker universe and is not a survivorship-bias-free historical index-constituent study.
2018-07-04,T1_30D,85404.54331874265,28181.928833007816,113586.47215175047,116404.28853544107,-2.4207152667168885,1,0.394912316405982,REFERENCE,This test uses the supplied/current ticker universe and is not a survivorship-bias-free historical index-constituent study.
2018-07-05,T1_30D,85404.54331874265,28452.55596923828,113857.09928798093,116404.28853544107,-2.188226292611717,1,0.23825648521675902,REFERENCE,This test uses the supplied/current ticker universe and is not a survivorship-bias-free historical index-constituent study.
2018-07-06,T1_30D,85404.54331874265,28337.338317871094,113741.88163661375,116404.28853544107,-2.287206882430892,1,-0.10119496464227051,REFERENCE,This test uses the supplied/current ticker universe and is not a survivorship-bias-free historical index-constituent study.
2018-07-09,T1_30D,61061.6008212882,53073.091064453125,114134.69188574133,116404.28853544107,-1.9497534654908555,2,0.34535233941579424,REFERENCE,This test uses the supplied/current ticker universe and is not a survivorship-bias-free historical index-constituent study.
2018-07-10,T1_30D,61061.6008212882,53399.377685546875,114460.97850683508,116404.28853544107,-1.6694488262039564,2,0.2858785665452057,REFERENCE,This test uses the supplied/current ticker universe and is not a survivorship-bias-free historical index-constituent study.
2018-07-11,T1_30D,61061.6008212882,53784.884826660156,114846.48564794836,116404.28853544107,-1.338269325892072,2,0.3368022413771765,REFERENCE,This test uses the supplied/current ticker universe and is not a survivorship-bias-free historical index-constituent study.
2018-07-12,T1_30D,89970.88244324135,24509.87176513672,114480.75420837807,116404.28853544107,-1.6524600178088322,1,-0.31845244328276845,REFERENCE,This test uses the supplied/current ticker universe and is not a survivorship-bias-free historical index-constituent study.
2018-07-13,T1_30D,89970.88244324135,24946.345825195312,114917.22826843667,116404.28853544107,-1.2774961178098176,1,0.38126413743233556,REFERENCE,This test uses the supplied/current ticker universe and is not a survivorship-bias-free historical index-constituent study.
2018-07-16,T1_30D,115658.42911805473,0.0,115658.42911805473,116404.28853544107,-0.640749088174053,0,0.6449867098140327,REFERENCE,This test uses the supplied/current ticker universe and is not a survivorship-bias-free historical index-constituent study.
2018-07-17,T1_30D,115658.42911805473,0.0,115658.42911805473,116404.28853544107,-0.640749088174053,0,0.0,REFERENCE,This test uses the supplied/current ticker universe and is not a survivorship-bias-free historical index-constituent study.
2018-07-18,T1_30D,115658.42911805473,0.0,115658.42911805473,116404.28853544107,-0.640749088174053,0,0.0,REFERENCE,This test uses the supplied/current ticker universe and is not a survivorship-bias-free historical index-constituent study.
2018-07-19,T1_30D,115658.42911805473,0.0,115658.42911805473,116404.28853544107,-0.640749088174053,0,0.0,REFERENCE,This test uses the supplied/current ticker universe and is not a survivorship-bias-free historical index-constituent study.
2018-07-20,T1_30D,115658.42911805473,0.0,115658.42911805473,116404.28853544107,-0.640749088174053,0,0.0,REFERENCE,This test uses the supplied/current ticker universe and is not a survivorship-bias-free historical index-constituent study.
2018-07-23,T1_30D,115658.42911805473,0.0,115658.42911805473,116404.28853544107,-0.640749088174053,0,0.0,REFERENCE,This test uses the supplied/current ticker universe and is not a survivorship-bias-free historical index-constituent study.
2018-07-24,T1_30D,115658.42911805473,0.0,115658.42911805473,116404.28853544107,-0.640749088174053,0,0.0,REFERENCE,This test uses the supplied/current ticker universe and is not a survivorship-bias-free historical index-constituent study.
2018-07-25,T1_30D,115658.42911805473,0.0,115658.42911805473,116404.28853544107,-0.640749088174053,0,0.0,REFERENCE,This test uses the supplied/current ticker universe and is not a survivorship-bias-free historical index-constituent study.
2018-07-26,T1_30D,115658.42911805473,0.0,115658.42911805473,116404.28853544107,-0.640749088174053,0,0.0,REFERENCE,This test uses the supplied/current ticker universe and is not a survivorship-bias-free historical index-constituent study.
2018-07-27,T1_30D,89717.46179349328,25678.271484375,115395.73327786828,116404.28853544107,-0.8664244850959402,1,-0.22713073503558556,REFERENCE,This test uses the supplied/current ticker universe and is not a survivorship-bias-free historical index-constituent study.
2018-07-30,T1_30D,89717.46179349328,25875.46875,115592.93054349328,116404.28853544107,-0.6970172681402209,1,0.1708878309652606,REFERENCE,This test uses the supplied/current ticker universe and is not a survivorship-bias-free historical index-constituent study.
2018-07-31,T1_30D,89717.46179349328,26257.86328125,115975.32507474328,116404.28853544107,-0.36851173276764015,1,0.3308113475902541,REFERENCE,This test uses the supplied/current ticker universe and is not a survivorship-bias-free historical index-constituent study.
2018-08-01,T1_30D,89717.46179349328,25764.3193359375,115481.78112943078,116404.28853544107,-0.7925029374922232,1,-0.425559441195289,REFERENCE,This test uses the supplied/current ticker universe and is not a survivorship-bias-free historical index-constituent study.
2018-08-02,T1_30D,89717.46179349328,25214.9208984375,114932.38269193078,116404.28853544107,-1.2644773332918469,1,-0.47574468641442547,REFERENCE,This test uses the supplied/current ticker universe and is not a survivorship-bias-free historical index-constituent study.
2018-08-03,T1_30D,89717.46179349328,25337.9267578125,115055.38855130578,116404.28853544107,-1.1588060896266739,1,0.10702454477491408,REFERENCE,This test uses the supplied/current ticker universe and is not a survivorship-bias-free historical index-constituent study.
2018-08-06,T1_30D,89717.46179349328,25612.0751953125,115329.53698880578,116404.28853544107,-0.9232920540621414,1,0.23827518289398775,REFERENCE,This test uses the supplied/current ticker universe and is not a survivorship-bias-free historical index-constituent study.
2018-08-07,T1_30D,89717.46179349328,25957.107421875,115674.56921536828,116404.28853544107,-0.6268835360396685,1,0.2991707376714725,REFERENCE,This test uses the supplied/current ticker universe and is not a survivorship-bias-free historical index-constituent study.
2018-08-08,T1_30D,89717.46179349328,25394.1943359375,115111.65612943078,116404.28853544107,-1.110468026800171,1,-0.4866351262475366,REFERENCE,This test uses the supplied/current ticker universe and is not a survivorship-bias-free historical index-constituent study.
2018-08-09,T1_30D,114802.8432854147,0.0,114802.8432854147,116404.28853544107,-1.3757613831717141,0,-0.2682724359980182,REFERENCE,This test uses the supplied/current ticker universe and is not a survivorship-bias-free historical index-constituent study.
2018-08-10,T1_30D,114802.8432854147,0.0,114802.8432854147,116404.28853544107,-1.3757613831717141,0,0.0,REFERENCE,This test uses the supplied/current ticker universe and is not a survivorship-bias-free historical index-constituent study.
2018-08-13,T1_30D,114802.8432854147,0.0,114802.8432854147,116404.28853544107,-1.3757613831717141,0,0.0,REFERENCE,This test uses the supplied/current ticker universe and is not a survivorship-bias-free historical index-constituent study.
2018-08-14,T1_30D,114802.8432854147,0.0,114802.8432854147,116404.28853544107,-1.3757613831717141,0,0.0,REFERENCE,This test uses the supplied/current ticker universe and is not a survivorship-bias-free historical index-constituent study.
2018-08-16,T1_30D,114802.8432854147,0.0,114802.8432854147,116404.28853544107,-1.3757613831717141,0,0.0,REFERENCE,This test uses the supplied/current ticker universe and is not a survivorship-bias-free historical index-constituent study.
2018-08-17,T1_30D,114802.8432854147,0.0,114802.8432854147,116404.28853544107,-1.3757613831717141,0,0.0,REFERENCE,This test uses the supplied/current ticker universe and is not a survivorship-bias-free historical index-constituent study.
2018-08-20,T1_30D,114802.8432854147,0.0,114802.8432854147,116404.28853544107,-1.3757613831717141,0,0.0,REFERENCE,This test uses the supplied/current ticker universe and is not a survivorship-bias-free historical index-constituent study.
2018-08-21,T1_30D,114802.8432854147,0.0,114802.8432854147,116404.28853544107,-1.3757613831717141,0,0.0,REFERENCE,This test uses the supplied/current ticker universe and is not a survivorship-bias-free historical index-constituent study.
2018-08-23,T1_30D,114802.8432854147,0.0,114802.8432854147,116404.28853544107,-1.3757613831717141,0,0.0,REFERENCE,This test uses the supplied/current ticker universe and is not a survivorship-bias-free historical index-constituent study.
2018-08-24,T1_30D,114802.8432854147,0.0,114802.8432854147,116404.28853544107,-1.3757613831717141,0,0.0,REFERENCE,This test uses the supplied/current ticker universe and is not a survivorship-bias-free historical index-constituent study.
2018-08-27,T1_30D,114802.8432854147,0.0,114802.8432854147,116404.28853544107,-1.3757613831717141,0,0.0,REFERENCE,This test uses the supplied/current ticker universe and is not a survivorship-bias-free historical index-constituent study.
2018-08-28,T1_30D,114802.8432854147,0.0,114802.8432854147,116404.28853544107,-1.3757613831717141,0,0.0,REFERENCE,This test uses the supplied/current ticker universe and is not a survivorship-bias-free historical index-constituent study.
2018-08-29,T1_30D,114802.8432854147,0.0,114802.8432854147,116404.28853544107,-1.3757613831717141,0,0.0,REFERENCE,This test uses the supplied/current ticker universe and is not a survivorship-bias-free historical index-constituent study.
2018-08-30,T1_30D,114802.8432854147,0.0,114802.8432854147,116404.28853544107,-1.3757613831717141,0,0.0,REFERENCE,This test uses the supplied/current ticker universe and is not a survivorship-bias-free historical index-constituent study.
2018-08-31,T1_30D,114802.8432854147,0.0,114802.8432854147,116404.28853544107,-1.3757613831717141,0,0.0,REFERENCE,This test uses the supplied/current ticker universe and is not a survivorship-bias-free historical index-constituent study.
2018-09-03,T1_30D,114802.8432854147,0.0,114802.8432854147,116404.28853544107,-1.3757613831717141,0,0.0,REFERENCE,This test uses the supplied/current ticker universe and is not a survivorship-bias-free historical index-constituent study.
2018-09-04,T1_30D,114802.8432854147,0.0,114802.8432854147,116404.28853544107,-1.3757613831717141,0,0.0,REFERENCE,This test uses the supplied/current ticker universe and is not a survivorship-bias-free historical index-constituent study.
2018-09-05,T1_30D,94902.7989561749,19890.214477539062,114793.01343371396,116404.28853544107,-1.384205961824625,1,-0.00856237652259173,REFERENCE,This test uses the supplied/current ticker universe and is not a survivorship-bias-free historical index-constituent study.
2018-09-06,T1_30D,94902.7989561749,19883.50958251953,114786.30853869443,116404.28853544107,-1.3899659686971266,1,-0.0058408563543888015,REFERENCE,This test uses the supplied/current ticker universe and is not a survivorship-bias-free historical index-constituent study.
2018-09-07,T1_30D,94902.7989561749,19561.56396484375,114464.36292101865,116404.28853544107,-1.6665413610012947,1,-0.2804738838406484,REFERENCE,This test uses the supplied/current ticker universe and is not a survivorship-bias-free historical index-constituent study.
2018-09-10,T1_30D,85508.76953652284,28126.64685058594,113635.41638710878,116404.28853544107,-2.3786685036859767,1,-0.7241961714161138,REFERENCE,This test uses the supplied/current ticker universe and is not a survivorship-bias-free historical index-constituent study.
2018-09-11,T1_30D,113058.41481522674,0.0,113058.41481522674,116404.28853544107,-2.8743560587938477,0,-0.5077656158854804,REFERENCE,This test uses the supplied/current ticker universe and is not a survivorship-bias-free historical index-constituent study.
2018-09-12,T1_30D,113058.41481522674,0.0,113058.41481522674,116404.28853544107,-2.8743560587938477,0,0.0,REFERENCE,This test uses the supplied/current ticker universe and is not a survivorship-bias-free historical index-constituent study.
2018-09-14,T1_30D,113058.41481522674,0.0,113058.41481522674,116404.28853544107,-2.8743560587938477,0,0.0,REFERENCE,This test uses the supplied/current ticker universe and is not a survivorship-bias-free historical index-constituent study.
2018-09-17,T1_30D,93009.28721445336,20255.1806640625,113264.46787851586,116404.28853544107,-2.6973410485381266,1,0.18225362846797655,REFERENCE,This test uses the supplied/current ticker universe and is not a survivorship-bias-free historical index-constituent study.
2018-09-18,T1_30D,93009.28721445336,19829.17953491211,112838.46674936547,116404.28853544107,-3.0633079166923705,1,-0.3761118885114989,REFERENCE,This test uses the supplied/current ticker universe and is not a survivorship-bias-free historical index-constituent study.
2018-09-19,T1_30D,93009.28721445336,19959.78057861328,112969.06779306664,116404.28853544107,-2.9511118409769943,1,0.11574159722611554,REFERENCE,This test uses the supplied/current ticker universe and is not a survivorship-bias-free historical index-constituent study.
2018-09-21,T1_30D,112187.87673139898,0.0,112187.87673139898,116404.28853544107,-3.622213457159984,0,-0.6915088146948523,REFERENCE,This test uses the supplied/current ticker universe and is not a survivorship-bias-free historical index-constituent study.
2018-09-24,T1_30D,69512.72336307143,42591.050048828125,112103.77341189956,116404.28853544107,-3.694464506118389,2,-0.07496649544476153,REFERENCE,This test uses the supplied/current ticker universe and is not a survivorship-bias-free historical index-constituent study.
2018-09-25,T1_30D,69512.72336307143,43033.160217285156,112545.88358035659,116404.28853544107,-3.3146587669832583,2,0.3943758135888986,REFERENCE,This test uses the supplied/current ticker universe and is not a survivorship-bias-free historical index-constituent study.
2018-09-26,T1_30D,69512.72336307143,43280.22399902344,112792.94736209487,116404.28853544107,-3.1024124787693452,2,0.21952271720526717,REFERENCE,This test uses the supplied/current ticker universe and is not a survivorship-bias-free historical index-constituent study.
2018-09-27,T1_30D,69512.72336307143,42599.492126464844,112112.21548953628,116404.28853544107,-3.6872121293005544,2,-0.6035234369514808,REFERENCE,This test uses the supplied/current ticker universe and is not a survivorship-bias-free historical index-constituent study.
2018-09-28,T1_30D,95734.04556176224,15591.649658203125,111325.69521996536,116404.28853544107,-4.362891934114144,1,-0.701547343558051,REFERENCE,This test uses the supplied/current ticker universe and is not a survivorship-bias-free historical index-constituent study.
2018-10-01,T1_30D,95734.04556176224,15878.089599609375,111612.13516137161,116404.28853544107,-4.116818576327974,1,0.25729903670512755,REFERENCE,This test uses the supplied/current ticker universe and is not a survivorship-bias-free historical index-constituent study.
2018-10-03,T1_30D,95734.04556176224,15531.609924316406,111265.65548607864,116404.28853544107,-4.41447056119233,1,-0.31043190311879076,REFERENCE,This test uses the supplied/current ticker universe and is not a survivorship-bias-free historical index-constituent study.
2018-10-04,T1_30D,110531.14036173798,0.0,110531.14036173798,116404.28853544107,-5.045474052199472,0,-0.6601454160601761,REFERENCE,This test uses the supplied/current ticker universe and is not a survivorship-bias-free historical index-constituent study.
2018-10-05,T1_30D,110531.14036173798,0.0,110531.14036173798,116404.28853544107,-5.045474052199472,0,0.0,REFERENCE,This test uses the supplied/current ticker universe and is not a survivorship-bias-free historical index-constituent study.
2018-10-08,T1_30D,110531.14036173798,0.0,110531.14036173798,116404.28853544107,-5.045474052199472,0,0.0,REFERENCE,This test uses the supplied/current ticker universe and is not a survivorship-bias-free historical index-constituent study.
2018-10-09,T1_30D,110531.14036173798,0.0,110531.14036173798,116404.28853544107,-5.045474052199472,0,0.0,REFERENCE,This test uses the supplied/current ticker universe and is not a survivorship-bias-free historical index-constituent study.
2018-10-10,T1_30D,110531.14036173798,0.0,110531.14036173798,116404.28853544107,-5.045474052199472,0,0.0,REFERENCE,This test uses the supplied/current ticker universe and is not a survivorship-bias-free historical index-constituent study.
2018-10-11,T1_30D,110531.14036173798,0.0,110531.14036173798,116404.28853544107,-5.045474052199472,0,0.0,REFERENCE,This test uses the supplied/current ticker universe and is not a survivorship-bias-free historical index-constituent study.
2018-10-12,T1_30D,110531.14036173798,0.0,110531.14036173798,116404.28853544107,-5.045474052199472,0,0.0,REFERENCE,This test uses the supplied/current ticker universe and is not a survivorship-bias-free historical index-constituent study.
2018-10-15,T1_30D,110531.14036173798,0.0,110531.14036173798,116404.28853544107,-5.045474052199472,0,0.0,REFERENCE,This test uses the supplied/current ticker universe and is not a survivorship-bias-free historical index-constituent study.
2018-10-16,T1_30D,110531.14036173798,0.0,110531.14036173798,116404.28853544107,-5.045474052199472,0,0.0,REFERENCE,This test uses the supplied/current ticker universe and is not a survivorship-bias-free historical index-constituent study.
2018-10-17,T1_30D,110531.14036173798,0.0,110531.14036173798,116404.28853544107,-5.045474052199472,0,0.0,REFERENCE,This test uses the supplied/current ticker universe and is not a survivorship-bias-free historical index-constituent study.
2018-10-19,T1_30D,110531.14036173798,0.0,110531.14036173798,116404.28853544107,-5.045474052199472,0,0.0,REFERENCE,This test uses the supplied/current ticker universe and is not a survivorship-bias-free historical index-constituent study.
2018-10-22,T1_30D,110531.14036173798,0.0,110531.14036173798,116404.28853544107,-5.045474052199472,0,0.0,REFERENCE,This test uses the supplied/current ticker universe and is not a survivorship-bias-free historical index-constituent study.
2018-10-23,T1_30D,110531.14036173798,0.0,110531.14036173798,116404.28853544107,-5.045474052199472,0,0.0,REFERENCE,This test uses the supplied/current ticker universe and is not a survivorship-bias-free historical index-constituent study.
2018-10-24,T1_30D,110531.14036173798,0.0,110531.14036173798,116404.28853544107,-5.045474052199472,0,0.0,REFERENCE,This test uses the supplied/current ticker universe and is not a survivorship-bias-free historical index-constituent study.
2018-10-25,T1_30D,110531.14036173798,0.0,110531.14036173798,116404.28853544107,-5.045474052199472,0,0.0,REFERENCE,This test uses the supplied/current ticker universe and is not a survivorship-bias-free historical index-constituent study.
2018-10-26,T1_30D,110531.14036173798,0.0,110531.14036173798,116404.28853544107,-5.045474052199472,0,0.0,REFERENCE,This test uses the supplied/current ticker universe and is not a survivorship-bias-free historical index-constituent study.
2018-10-29,T1_30D,110531.14036173798,0.0,110531.14036173798,116404.28853544107,-5.045474052199472,0,0.0,REFERENCE,This test uses the supplied/current ticker universe and is not a survivorship-bias-free historical index-constituent study.
2018-10-30,T1_30D,110531.14036173798,0.0,110531.14036173798,116404.28853544107,-5.045474052199472,0,0.0,REFERENCE,This test uses the supplied/current ticker universe and is not a survivorship-bias-free historical index-constituent study.
2018-10-31,T1_30D,110531.14036173798,0.0,110531.14036173798,116404.28853544107,-5.045474052199472,0,0.0,REFERENCE,This test uses the supplied/current ticker universe and is not a survivorship-bias-free historical index-constituent study.
2018-11-01,T1_30D,110531.14036173798,0.0,110531.14036173798,116404.28853544107,-5.045474052199472,0,0.0,REFERENCE,This test uses the supplied/current ticker universe and is not a survivorship-bias-free historical index-constituent study.
2018-11-02,T1_30D,110531.14036173798,0.0,110531.14036173798,116404.28853544107,-5.045474052199472,0,0.0,REFERENCE,This test uses the supplied/current ticker universe and is not a survivorship-bias-free historical index-constituent study.
2018-11-05,T1_30D,110531.14036173798,0.0,110531.14036173798,116404.28853544107,-5.045474052199472,0,0.0,REFERENCE,This test uses the supplied/current ticker universe and is not a survivorship-bias-free historical index-constituent study.
2018-11-06,T1_30D,110531.14036173798,0.0,110531.14036173798,116404.28853544107,-5.045474052199472,0,0.0,REFERENCE,This test uses the supplied/current ticker universe and is not a survivorship-bias-free historical index-constituent study.
2018-11-07,T1_30D,110531.14036173798,0.0,110531.14036173798,116404.28853544107,-5.045474052199472,0,0.0,REFERENCE,This test uses the supplied/current ticker universe and is not a survivorship-bias-free historical index-constituent study.
2018-11-09,T1_30D,110531.14036173798,0.0,110531.14036173798,116404.28853544107,-5.045474052199472,0,0.0,REFERENCE,This test uses the supplied/current ticker universe and is not a survivorship-bias-free historical index-constituent study.
2018-11-12,T1_30D,110531.14036173798,0.0,110531.14036173798,116404.28853544107,-5.045474052199472,0,0.0,REFERENCE,This test uses the supplied/current ticker universe and is not a survivorship-bias-free historical index-constituent study.
2018-11-13,T1_30D,110531.14036173798,0.0,110531.14036173798,116404.28853544107,-5.045474052199472,0,0.0,REFERENCE,This test uses the supplied/current ticker universe and is not a survivorship-bias-free historical index-constituent study.
2018-11-14,T1_30D,110531.14036173798,0.0,110531.14036173798,116404.28853544107,-5.045474052199472,0,0.0,REFERENCE,This test uses the supplied/current ticker universe and is not a survivorship-bias-free historical index-constituent study.
2018-11-15,T1_30D,110531.14036173798,0.0,110531.14036173798,116404.28853544107,-5.045474052199472,0,0.0,REFERENCE,This test uses the supplied/current ticker universe and is not a survivorship-bias-free historical index-constituent study.
2018-11-16,T1_30D,110531.14036173798,0.0,110531.14036173798,116404.28853544107,-5.045474052199472,0,0.0,REFERENCE,This test uses the supplied/current ticker universe and is not a survivorship-bias-free historical index-constituent study.
2018-11-19,T1_30D,110531.14036173798,0.0,110531.14036173798,116404.28853544107,-5.045474052199472,0,0.0,REFERENCE,This test uses the supplied/current ticker universe and is not a survivorship-bias-free historical index-constituent study.
2018-11-20,T1_30D,110531.14036173798,0.0,110531.14036173798,116404.28853544107,-5.045474052199472,0,0.0,REFERENCE,This test uses the supplied/current ticker universe and is not a survivorship-bias-free historical index-constituent study.
2018-11-21,T1_30D,110531.14036173798,0.0,110531.14036173798,116404.28853544107,-5.045474052199472,0,0.0,REFERENCE,This test uses the supplied/current ticker universe and is not a survivorship-bias-free historical index-constituent study.
2018-11-22,T1_30D,110531.14036173798,0.0,110531.14036173798,116404.28853544107,-5.045474052199472,0,0.0,REFERENCE,This test uses the supplied/current ticker universe and is not a survivorship-bias-free historical index-constituent study.
2018-11-26,T1_30D,110531.14036173798,0.0,110531.14036173798,116404.28853544107,-5.045474052199472,0,0.0,REFERENCE,This test uses the supplied/current ticker universe and is not a survivorship-bias-free historical index-constituent study.
2018-11-27,T1_30D,110531.14036173798,0.0,110531.14036173798,116404.28853544107,-5.045474052199472,0,0.0,REFERENCE,This test uses the supplied/current ticker universe and is not a survivorship-bias-free historical index-constituent study.
2018-11-28,T1_30D,110531.14036173798,0.0,110531.14036173798,116404.28853544107,-5.045474052199472,0,0.0,REFERENCE,This test uses the supplied/current ticker universe and is not a survivorship-bias-free historical index-constituent study.
2018-11-29,T1_30D,110531.14036173798,0.0,110531.14036173798,116404.28853544107,-5.045474052199472,0,0.0,REFERENCE,This test uses the supplied/current ticker universe and is not a survivorship-bias-free historical index-constituent study.
2018-11-30,T1_30D,110531.14036173798,0.0,110531.14036173798,116404.28853544107,-5.045474052199472,0,0.0,REFERENCE,This test uses the supplied/current ticker universe and is not a survivorship-bias-free historical index-constituent study.
2018-12-03,T1_30D,110531.14036173798,0.0,110531.14036173798,116404.28853544107,-5.045474052199472,0,0.0,REFERENCE,This test uses the supplied/current ticker universe and is not a survivorship-bias-free historical index-constituent study.
2018-12-04,T1_30D,110531.14036173798,0.0,110531.14036173798,116404.28853544107,-5.045474052199472,0,0.0,REFERENCE,This test uses the supplied/current ticker universe and is not a survivorship-bias-free historical index-constituent study.
2018-12-05,T1_30D,110531.14036173798,0.0,110531.14036173798,116404.28853544107,-5.045474052199472,0,0.0,REFERENCE,This test uses the supplied/current ticker universe and is not a survivorship-bias-free historical index-constituent study.
2018-12-06,T1_30D,86187.20426725189,24281.195037841797,110468.39930509368,116404.28853544107,-5.099373317796719,1,-0.056763240150214944,REFERENCE,This test uses the supplied/current ticker universe and is not a survivorship-bias-free historical index-constituent study.
2018-12-07,T1_30D,86187.20426725189,24598.98162841797,110786.18589566986,116404.28853544107,-4.826370841191729,1,0.287671942904244,REFERENCE,This test uses the supplied/current ticker universe and is not a survivorship-bias-free historical index-constituent study.
2018-12-10,T1_30D,86187.20426725189,24190.395050048828,110377.59931730072,116404.28853544107,-5.177377306254005,1,-0.36880643111399936,REFERENCE,This test uses the supplied/current ticker universe and is not a survivorship-bias-free historical index-constituent study.
2018-12-11,T1_30D,109668.39875012521,0.0,109668.39875012521,116404.28853544107,-5.786633697146826,0,-0.6425221888879618,REFERENCE,This test uses the supplied/current ticker universe and is not a survivorship-bias-free historical index-constituent study.
2018-12-12,T1_30D,109668.39875012521,0.0,109668.39875012521,116404.28853544107,-5.786633697146826,0,0.0,REFERENCE,This test uses the supplied/current ticker universe and is not a survivorship-bias-free historical index-constituent study.
2018-12-13,T1_30D,109668.39875012521,0.0,109668.39875012521,116404.28853544107,-5.786633697146826,0,0.0,REFERENCE,This test uses the supplied/current ticker universe and is not a survivorship-bias-free historical index-constituent study.
2018-12-14,T1_30D,109668.39875012521,0.0,109668.39875012521,116404.28853544107,-5.786633697146826,0,0.0,REFERENCE,This test uses the supplied/current ticker universe and is not a survivorship-bias-free historical index-constituent study.
2018-12-17,T1_30D,109668.39875012521,0.0,109668.39875012521,116404.28853544107,-5.786633697146826,0,0.0,REFERENCE,This test uses the supplied/current ticker universe and is not a survivorship-bias-free historical index-constituent study.
2018-12-18,T1_30D,109668.39875012521,0.0,109668.39875012521,116404.28853544107,-5.786633697146826,0,0.0,REFERENCE,This test uses the supplied/current ticker universe and is not a survivorship-bias-free historical index-constituent study.
2018-12-19,T1_30D,109668.39875012521,0.0,109668.39875012521,116404.28853544107,-5.786633697146826,0,0.0,REFERENCE,This test uses the supplied/current ticker universe and is not a survivorship-bias-free historical index-constituent study.
2018-12-20,T1_30D,109668.39875012521,0.0,109668.39875012521,116404.28853544107,-5.786633697146826,0,0.0,REFERENCE,This test uses the supplied/current ticker universe and is not a survivorship-bias-free historical index-constituent study.
2018-12-21,T1_30D,109668.39875012521,0.0,109668.39875012521,116404.28853544107,-5.786633697146826,0,0.0,REFERENCE,This test uses the supplied/current ticker universe and is not a survivorship-bias-free historical index-constituent study.
2018-12-24,T1_30D,109668.39875012521,0.0,109668.39875012521,116404.28853544107,-5.786633697146826,0,0.0,REFERENCE,This test uses the supplied/current ticker universe and is not a survivorship-bias-free historical index-constituent study.
2018-12-26,T1_30D,109668.39875012521,0.0,109668.39875012521,116404.28853544107,-5.786633697146826,0,0.0,REFERENCE,This test uses the supplied/current ticker universe and is not a survivorship-bias-free historical index-constituent study.
2018-12-27,T1_30D,109668.39875012521,0.0,109668.39875012521,116404.28853544107,-5.786633697146826,0,0.0,REFERENCE,This test uses the supplied/current ticker universe and is not a survivorship-bias-free historical index-constituent study.
2018-12-28,T1_30D,109668.39875012521,0.0,109668.39875012521,116404.28853544107,-5.786633697146826,0,0.0,REFERENCE,This test uses the supplied/current ticker universe and is not a survivorship-bias-free historical index-constituent study.
2018-12-31,T1_30D,109668.39875012521,0.0,109668.39875012521,116404.28853544107,-5.786633697146826,0,0.0,REFERENCE,This test uses the supplied/current ticker universe and is not a survivorship-bias-free historical index-constituent study.
2019-01-01,T1_30D,109668.39875012521,0.0,109668.39875012521,116404.28853544107,-5.786633697146826,0,0.0,REFERENCE,This test uses the supplied/current ticker universe and is not a survivorship-bias-free historical index-constituent study.
2019-01-02,T1_30D,109668.39875012521,0.0,109668.39875012521,116404.28853544107,-5.786633697146826,0,0.0,REFERENCE,This test uses the supplied/current ticker universe and is not a survivorship-bias-free historical index-constituent study.
2019-01-03,T1_30D,109668.39875012521,0.0,109668.39875012521,116404.28853544107,-5.786633697146826,0,0.0,REFERENCE,This test uses the supplied/current ticker universe and is not a survivorship-bias-free historical index-constituent study.
2019-01-04,T1_30D,109668.39875012521,0.0,109668.39875012521,116404.28853544107,-5.786633697146826,0,0.0,REFERENCE,This test uses the supplied/current ticker universe and is not a survivorship-bias-free historical index-constituent study.
2019-01-07,T1_30D,109668.39875012521,0.0,109668.39875012521,116404.28853544107,-5.786633697146826,0,0.0,REFERENCE,This test uses the supplied/current ticker universe and is not a survivorship-bias-free historical index-constituent study.
2019-01-08,T1_30D,109668.39875012521,0.0,109668.39875012521,116404.28853544107,-5.786633697146826,0,0.0,REFERENCE,This test uses the supplied/current ticker universe and is not a survivorship-bias-free historical index-constituent study.
2019-01-09,T1_30D,109668.39875012521,0.0,109668.39875012521,116404.28853544107,-5.786633697146826,0,0.0,REFERENCE,This test uses the supplied/current ticker universe and is not a survivorship-bias-free historical index-constituent study.
2019-01-10,T1_30D,109668.39875012521,0.0,109668.39875012521,116404.28853544107,-5.786633697146826,0,0.0,REFERENCE,This test uses the supplied/current ticker universe and is not a survivorship-bias-free historical index-constituent study.
2019-01-11,T1_30D,109668.39875012521,0.0,109668.39875012521,116404.28853544107,-5.786633697146826,0,0.0,REFERENCE,This test uses the supplied/current ticker universe and is not a survivorship-bias-free historical index-constituent study.
2019-01-14,T1_30D,109668.39875012521,0.0,109668.39875012521,116404.28853544107,-5.786633697146826,0,0.0,REFERENCE,This test uses the supplied/current ticker universe and is not a survivorship-bias-free historical index-constituent study.
2019-01-15,T1_30D,109668.39875012521,0.0,109668.39875012521,116404.28853544107,-5.786633697146826,0,0.0,REFERENCE,This test uses the supplied/current ticker universe and is not a survivorship-bias-free historical index-constituent study.
2019-01-16,T1_30D,82948.70708487721,26623.52734375,109572.23442862721,116404.28853544107,-5.86924604992859,1,-0.08768644622696442,REFERENCE,This test uses the supplied/current ticker universe and is not a survivorship-bias-free historical index-constituent study.
2019-01-17,T1_30D,82948.70708487721,26307.352661132812,109256.05974601003,116404.28853544107,-6.140863776899986,1,-0.288553650718093,REFERENCE,This test uses the supplied/current ticker universe and is not a survivorship-bias-free historical index-constituent study.
2019-01-18,T1_30D,108877.60562668894,0.0,108877.60562668894,116404.28853544107,-6.46598420337453,0,-0.3463918799569421,REFERENCE,This test uses the supplied/current ticker universe and is not a survivorship-bias-free historical index-constituent study.
2019-01-21,T1_30D,108877.60562668894,0.0,108877.60562668894,116404.28853544107,-6.46598420337453,0,0.0,REFERENCE,This test uses the supplied/current ticker universe and is not a survivorship-bias-free historical index-constituent study.
2019-01-22,T1_30D,108877.60562668894,0.0,108877.60562668894,116404.28853544107,-6.46598420337453,0,0.0,REFERENCE,This test uses the supplied/current ticker universe and is not a survivorship-bias-free historical index-constituent study.
2019-01-23,T1_30D,108877.60562668894,0.0,108877.60562668894,116404.28853544107,-6.46598420337453,0,0.0,REFERENCE,This test uses the supplied/current ticker universe and is not a survivorship-bias-free historical index-constituent study.
2019-01-24,T1_30D,108877.60562668894,0.0,108877.60562668894,116404.28853544107,-6.46598420337453,0,0.0,REFERENCE,This test uses the supplied/current ticker universe and is not a survivorship-bias-free historical index-constituent study.
2019-01-25,T1_30D,108877.60562668894,0.0,108877.60562668894,116404.28853544107,-6.46598420337453,0,0.0,REFERENCE,This test uses the supplied/current ticker universe and is not a survivorship-bias-free historical index-constituent study.
2019-01-28,T1_30D,108877.60562668894,0.0,108877.60562668894,116404.28853544107,-6.46598420337453,0,0.0,REFERENCE,This test uses the supplied/current ticker universe and is not a survivorship-bias-free historical index-constituent study.
2019-01-29,T1_30D,108877.60562668894,0.0,108877.60562668894,116404.28853544107,-6.46598420337453,0,0.0,REFERENCE,This test uses the supplied/current ticker universe and is not a survivorship-bias-free historical index-constituent study.
2019-01-30,T1_30D,108877.60562668894,0.0,108877.60562668894,116404.28853544107,-6.46598420337453,0,0.0,REFERENCE,This test uses the supplied/current ticker universe and is not a survivorship-bias-free historical index-constituent study.
2019-01-31,T1_30D,108877.60562668894,0.0,108877.60562668894,116404.28853544107,-6.46598420337453,0,0.0,REFERENCE,This test uses the supplied/current ticker universe and is not a survivorship-bias-free historical index-constituent study.
2019-02-01,T1_30D,108877.60562668894,0.0,108877.60562668894,116404.28853544107,-6.46598420337453,0,0.0,REFERENCE,This test uses the supplied/current ticker universe and is not a survivorship-bias-free historical index-constituent study.
2019-02-04,T1_30D,108877.60562668894,0.0,108877.60562668894,116404.28853544107,-6.46598420337453,0,0.0,REFERENCE,This test uses the supplied/current ticker universe and is not a survivorship-bias-free historical index-constituent study.
2019-02-05,T1_30D,108877.60562668894,0.0,108877.60562668894,116404.28853544107,-6.46598420337453,0,0.0,REFERENCE,This test uses the supplied/current ticker universe and is not a survivorship-bias-free historical index-constituent study.
2019-02-06,T1_30D,108877.60562668894,0.0,108877.60562668894,116404.28853544107,-6.46598420337453,0,0.0,REFERENCE,This test uses the supplied/current ticker universe and is not a survivorship-bias-free historical index-constituent study.
2019-02-07,T1_30D,108877.60562668894,0.0,108877.60562668894,116404.28853544107,-6.46598420337453,0,0.0,REFERENCE,This test uses the supplied/current ticker universe and is not a survivorship-bias-free historical index-constituent study.
2019-02-08,T1_30D,108877.60562668894,0.0,108877.60562668894,116404.28853544107,-6.46598420337453,0,0.0,REFERENCE,This test uses the supplied/current ticker universe and is not a survivorship-bias-free historical index-constituent study.
2019-02-11,T1_30D,108877.60562668894,0.0,108877.60562668894,116404.28853544107,-6.46598420337453,0,0.0,REFERENCE,This test uses the supplied/current ticker universe and is not a survivorship-bias-free historical index-constituent study.
2019-02-12,T1_30D,108877.60562668894,0.0,108877.60562668894,116404.28853544107,-6.46598420337453,0,0.0,REFERENCE,This test uses the supplied/current ticker universe and is not a survivorship-bias-free historical index-constituent study.
2019-02-14,T1_30D,108877.60562668894,0.0,108877.60562668894,116404.28853544107,-6.46598420337453,0,0.0,REFERENCE,This test uses the supplied/current ticker universe and is not a survivorship-bias-free historical index-constituent study.
2019-02-15,T1_30D,108877.60562668894,0.0,108877.60562668894,116404.28853544107,-6.46598420337453,0,0.0,REFERENCE,This test uses the supplied/current ticker universe and is not a survivorship-bias-free historical index-constituent study.
2019-02-18,T1_30D,108877.60562668894,0.0,108877.60562668894,116404.28853544107,-6.46598420337453,0,0.0,REFERENCE,This test uses the supplied/current ticker universe and is not a survivorship-bias-free historical index-constituent study.
2019-02-19,T1_30D,108877.60562668894,0.0,108877.60562668894,116404.28853544107,-6.46598420337453,0,0.0,REFERENCE,This test uses the supplied/current ticker universe and is not a survivorship-bias-free historical index-constituent study.
2019-02-20,T1_30D,108877.60562668894,0.0,108877.60562668894,116404.28853544107,-6.46598420337453,0,0.0,REFERENCE,This test uses the supplied/current ticker universe and is not a survivorship-bias-free historical index-constituent study.
2019-02-21,T1_30D,108877.60562668894,0.0,108877.60562668894,116404.28853544107,-6.46598420337453,0,0.0,REFERENCE,This test uses the supplied/current ticker universe and is not a survivorship-bias-free historical index-constituent study.
2019-02-22,T1_30D,108877.60562668894,0.0,108877.60562668894,116404.28853544107,-6.46598420337453,0,0.0,REFERENCE,This test uses the supplied/current ticker universe and is not a survivorship-bias-free historical index-constituent study.
2019-02-25,T1_30D,108877.60562668894,0.0,108877.60562668894,116404.28853544107,-6.46598420337453,0,0.0,REFERENCE,This test uses the supplied/current ticker universe and is not a survivorship-bias-free historical index-constituent study.
2019-02-26,T1_30D,108877.60562668894,0.0,108877.60562668894,116404.28853544107,-6.46598420337453,0,0.0,REFERENCE,This test uses the supplied/current ticker universe and is not a survivorship-bias-free historical index-constituent study.
2019-02-27,T1_30D,108877.60562668894,0.0,108877.60562668894,116404.28853544107,-6.46598420337453,0,0.0,REFERENCE,This test uses the supplied/current ticker universe and is not a survivorship-bias-free historical index-constituent study.
2019-02-28,T1_30D,108877.60562668894,0.0,108877.60562668894,116404.28853544107,-6.46598420337453,0,0.0,REFERENCE,This test uses the supplied/current ticker universe and is not a survivorship-bias-free historical index-constituent study.
2019-03-01,T1_30D,108877.60562668894,0.0,108877.60562668894,116404.28853544107,-6.46598420337453,0,0.0,REFERENCE,This test uses the supplied/current ticker universe and is not a survivorship-bias-free historical index-constituent study.
2019-03-05,T1_30D,108877.60562668894,0.0,108877.60562668894,116404.28853544107,-6.46598420337453,0,0.0,REFERENCE,This test uses the supplied/current ticker universe and is not a survivorship-bias-free historical index-constituent study.
2019-03-06,T1_30D,84421.78063134206,24597.867919921875,109019.64855126393,116404.28853544107,-6.343958695240659,1,0.13046110240706454,REFERENCE,This test uses the supplied/current ticker universe and is not a survivorship-bias-free historical index-constituent study.
2019-03-07,T1_30D,84421.78063134206,24277.180053710938,108698.960685053,116404.28853544107,-6.619453584858315,1,-0.29415602643421135,REFERENCE,This test uses the supplied/current ticker universe and is not a survivorship-bias-free historical index-constituent study.
2019-03-08,T1_30D,84421.78063134206,23921.222778320312,108343.00340966237,116404.28853544107,-6.925247537872559,1,-0.32747072570636915,REFERENCE,This test uses the supplied/current ticker universe and is not a survivorship-bias-free historical index-constituent study.
2019-03-11,T1_30D,84421.78063134206,23884.286743164062,108306.06737450612,116404.28853544107,-6.956978357777011,1,-0.03409175857584934,REFERENCE,This test uses the supplied/current ticker universe and is not a survivorship-bias-free historical index-constituent study.
2019-03-12,T1_30D,84421.78063134206,23739.890869140625,108161.67150048268,116404.28853544107,-7.0810252256718105,1,-0.13332205436297206,REFERENCE,This test uses the supplied/current ticker universe and is not a survivorship-bias-free historical index-constituent study.
2019-03-13,T1_30D,84421.78063134206,23790.260009765625,108212.04064110768,116404.28853544107,-7.037754362322424,1,0.04656838224321724,REFERENCE,This test uses the supplied/current ticker universe and is not a survivorship-bias-free historical index-constituent study.
2019-03-14,T1_30D,84421.78063134206,23786.896728515625,108208.67735985768,116404.28853544107,-7.040643672752744,1,-0.0031080471545208432,REFERENCE,This test uses the supplied/current ticker universe and is not a survivorship-bias-free historical index-constituent study.
2019-03-15,T1_30D,84421.78063134206,24129.4208984375,108551.20152977956,116404.28853544107,-6.746389763183435,1,0.31654039054813676,REFERENCE,This test uses the supplied/current ticker universe and is not a survivorship-bias-free historical index-constituent study.
2019-03-18,T1_30D,84421.78063134206,23849.024841308594,108270.80547265065,116404.28853544107,-6.987270971819958,1,-0.25830764945700135,REFERENCE,This test uses the supplied/current ticker universe and is not a survivorship-bias-free historical index-constituent study.
2019-03-19,T1_30D,84421.78063134206,24253.67462158203,108675.45525292409,116404.28853544107,-6.639646511102393,1,0.37373858863150033,REFERENCE,This test uses the supplied/current ticker universe and is not a survivorship-bias-free historical index-constituent study.
2019-03-20,T1_30D,84421.78063134206,24814.466735839844,109236.2473671819,116404.28853544107,-6.157884093829368,1,0.5160246285167647,REFERENCE,This test uses the supplied/current ticker universe and is not a survivorship-bias-free historical index-constituent study.
2019-03-22,T1_30D,84421.78063134206,24953.83270263672,109375.61333397878,116404.28853544107,-6.038158292872775,1,0.12758216265742472,REFERENCE,This test uses the supplied/current ticker universe and is not a survivorship-bias-free historical index-constituent study.
2019-03-25,T1_30D,84421.78063134206,24690.223022460938,109112.003653803,116404.28853544107,-6.264618746772221,1,-0.24101321322043123,REFERENCE,This test uses the supplied/current ticker universe and is not a survivorship-bias-free historical index-constituent study.
2019-03-26,T1_30D,84421.78063134206,24438.367309570312,108860.14794091237,116404.28853544107,-6.480981662657359,1,-0.23082310328543798,REFERENCE,This test uses the supplied/current ticker universe and is not a survivorship-bias-free historical index-constituent study.
2019-03-27,T1_30D,84421.78063134206,24503.848693847656,108925.62932518972,116404.28853544107,-6.4247282504324215,1,0.06015184207988078,REFERENCE,This test uses the supplied/current ticker universe and is not a survivorship-bias-free historical index-constituent study.
2019-03-28,T1_30D,84421.78063134206,24775.846557617188,109197.62718895925,116404.28853544107,-6.191061718733537,1,0.2497097014307892,REFERENCE,This test uses the supplied/current ticker universe and is not a survivorship-bias-free historical index-constituent study.
2019-04-01,T1_30D,84421.78063134206,25356.795837402344,109778.5764687444,116404.28853544107,-5.691982786939476,1,0.5320163951729961,REFERENCE,This test uses the supplied/current ticker universe and is not a survivorship-bias-free historical index-constituent study.
2019-04-02,T1_30D,84421.78063134206,25501.19171142578,109922.97234276784,116404.28853544107,-5.567935919044675,1,0.13153374608072532,REFERENCE,This test uses the supplied/current ticker universe and is not a survivorship-bias-free historical index-constituent study.
2019-04-03,T1_30D,84421.78063134206,25296.35186767578,109718.13249901784,116404.28853544107,-5.743908682872556,1,-0.18634853059764644,REFERENCE,This test uses the supplied/current ticker universe and is not a survivorship-bias-free historical index-constituent study.
2019-04-04,T1_30D,84421.78063134206,25115.01495361328,109536.79558495534,116404.28853544107,-5.8996906702409095,1,-0.16527524660896464,REFERENCE,This test uses the supplied/current ticker universe and is not a survivorship-bias-free historical index-constituent study.
2019-04-05,T1_30D,61129.10891749294,49038.69226074219,110167.80117823512,116404.28853544107,-5.357609617026393,2,0.5760672383285037,REFERENCE,This test uses the supplied/current ticker universe and is not a survivorship-bias-free historical index-constituent study.
2019-04-08,T1_30D,61129.10891749294,49097.702728271484,110226.81164576442,116404.28853544107,-5.306915206818874,2,0.053564169292830144,REFERENCE,This test uses the supplied/current ticker universe and is not a survivorship-bias-free historical index-constituent study.
2019-04-09,T1_30D,87035.89588747124,23938.673400878906,110974.56928835015,116404.28853544107,-4.6645354010627855,1,0.6783809051728706,REFERENCE,This test uses the supplied/current ticker universe and is not a survivorship-bias-free historical index-constituent study.
2019-04-10,T1_30D,87035.89588747124,23760.861053466797,110796.75694093804,116404.28853544107,-4.817289521765112,1,-0.16022801309558687,REFERENCE,This test uses the supplied/current ticker universe and is not a survivorship-bias-free historical index-constituent study.
2019-04-11,T1_30D,87035.89588747124,23510.71060180664,110546.60648927788,116404.28853544107,-5.03218749056632,1,-0.22577416394371497,REFERENCE,This test uses the supplied/current ticker universe and is not a survivorship-bias-free historical index-constituent study.
2019-04-12,T1_30D,87035.89588747124,23784.97055053711,110820.86643800835,116404.28853544107,-4.796577658505052,1,0.24809440781619063,REFERENCE,This test uses the supplied/current ticker universe and is not a survivorship-bias-free historical index-constituent study.
2019-04-15,T1_30D,87035.89588747124,23673.45932006836,110709.3552075396,116404.28853544107,-4.892374155242196,1,-0.10062295491176654,REFERENCE,This test uses the supplied/current ticker universe and is not a survivorship-bias-free historical index-constituent study.
2019-04-16,T1_30D,87035.89588747124,24532.395721435547,111568.29160890679,116404.28853544107,-4.154483470823234,1,0.7758480751306029,REFERENCE,This test uses the supplied/current ticker universe and is not a survivorship-bias-free historical index-constituent study.
2019-04-18,T1_30D,111784.62591371775,0.0,111784.62591371775,116404.28853544107,-3.9686361042589824,0,0.1939030361505445,REFERENCE,This test uses the supplied/current ticker universe and is not a survivorship-bias-free historical index-constituent study.
2019-04-22,T1_30D,111784.62591371775,0.0,111784.62591371775,116404.28853544107,-3.9686361042589824,0,0.0,REFERENCE,This test uses the supplied/current ticker universe and is not a survivorship-bias-free historical index-constituent study.
2019-04-23,T1_30D,63497.45393298751,47961.55212402344,111459.00605701095,116404.28853544107,-4.248367943011355,2,-0.2912921647724054,REFERENCE,This test uses the supplied/current ticker universe and is not a survivorship-bias-free historical index-constituent study.
2019-04-24,T1_30D,63497.45393298751,48752.19860839844,112249.65254138595,116404.28853544107,-3.569143410717357,2,0.7093607886388131,REFERENCE,This test uses the supplied/current ticker universe and is not a survivorship-bias-free historical index-constituent study.
2019-04-25,T1_30D,63497.45393298751,48247.463134765625,111744.91706775314,116404.28853544107,-4.00274897627102,2,-0.44965437505182226,REFERENCE,This test uses the supplied/current ticker universe and is not a survivorship-bias-free historical index-constituent study.
2019-04-26,T1_30D,63497.45393298751,48884.26007080078,112381.7140037883,116404.28853544107,-3.455692725984094,2,0.5698665789416246,REFERENCE,This test uses the supplied/current ticker universe and is not a survivorship-bias-free historical index-constituent study.
2019-04-30,T1_30D,63497.45393298751,49160.07873535156,112657.53266833907,116404.28853544107,-3.2187438403192825,2,0.2454301992061536,REFERENCE,This test uses the supplied/current ticker universe and is not a survivorship-bias-free historical index-constituent study.
2019-05-02,T1_30D,92018.13564649347,20668.251037597656,112686.38668409112,116404.28853544107,-3.193956080250404,1,0.02561214955505431,REFERENCE,This test uses the supplied/current ticker universe and is not a survivorship-bias-free historical index-constituent study.
2019-05-03,T1_30D,92018.13564649347,20792.33563232422,112810.47127881768,116404.28853544107,-3.0873581221444346,1,0.11011498227768701,REFERENCE,This test uses the supplied/current ticker universe and is not a survivorship-bias-free historical index-constituent study.
2019-05-06,T1_30D,64386.818323929954,48938.19348144531,113325.01180537527,116404.28853544107,-2.6453292819433094,2,0.45611060810646364,REFERENCE,This test uses the supplied/current ticker universe and is not a survivorship-bias-free historical index-constituent study.
2019-05-07,T1_30D,64386.818323929954,48639.68194580078,113026.50026973074,116404.28853544107,-2.9017730430798583,2,-0.26341187253278164,REFERENCE,This test uses the supplied/current ticker universe and is not a survivorship-bias-free historical index-constituent study.
2019-05-08,T1_30D,84301.23096551545,28164.291015625,112465.52198114045,116404.28853544107,-3.3836953980448947,1,-0.49632456747005227,REFERENCE,This test uses the supplied/current ticker universe and is not a survivorship-bias-free historical index-constituent study.
2019-05-09,T1_30D,84301.23096551545,28422.0078125,112723.23877801545,116404.28853544107,-3.162297372149536,1,0.2291518256752667,REFERENCE,This test uses the supplied/current ticker universe and is not a survivorship-bias-free historical index-constituent study.
2019-05-10,T1_30D,84301.23096551545,27941.234375,112242.46534051545,116404.28853544107,-3.575317754430052,1,-0.42650782812121424,REFERENCE,This test uses the supplied/current ticker universe and is not a survivorship-bias-free historical index-constituent study.
2019-05-13,T1_30D,84301.23096551545,27849.009765625,112150.24073114045,116404.28853544107,-3.654545599499459,1,-0.08216552362353413,REFERENCE,This test uses the supplied/current ticker universe and is not a survivorship-bias-free historical index-constituent study.
2019-05-14,T1_30D,84301.23096551545,27372.80859375,111674.03955926545,116404.28853544107,-4.0636380632449125,1,-0.42461003094643734,REFERENCE,This test uses the supplied/current ticker universe and is not a survivorship-bias-free historical index-constituent study.
2019-05-15,T1_30D,56371.91137896266,55157.26171875,111529.17309771266,116404.28853544107,-4.1880892010641935,2,-0.1297225945479652,REFERENCE,This test uses the supplied/current ticker universe and is not a survivorship-bias-free historical index-constituent study.
2019-05-16,T1_30D,56371.91137896266,55562.307861328125,111934.21924029078,116404.28853544107,-3.8401242354479947,2,0.3631750611324369,REFERENCE,This test uses the supplied/current ticker universe and is not a survivorship-bias-free historical index-constituent study.
2019-05-17,T1_30D,56371.91137896266,55491.245361328125,111863.15674029078,116404.28853544107,-3.901172243982809,2,-0.0634859478024774,REFERENCE,This test uses the supplied/current ticker universe and is not a survivorship-bias-free historical index-constituent study.
2019-05-20,T1_30D,83308.45861583867,28455.330322265625,111763.78893810429,116404.28853544107,-3.986536626546977,1,-0.08882978550049936,REFERENCE,This test uses the supplied/current ticker universe and is not a survivorship-bias-free historical index-constituent study.
2019-05-21,T1_30D,75452.25100122884,35808.79626464844,111261.04726587728,116404.28853544107,-4.418429367400711,2,-0.4498251866760117,REFERENCE,This test uses the supplied/current ticker universe and is not a survivorship-bias-free historical index-constituent study.
2019-05-22,T1_30D,75452.25100122884,35497.872314453125,110950.12331568197,116404.28853544107,-4.6855363220561275,2,-0.27945445224176746,REFERENCE,This test uses the supplied/current ticker universe and is not a survivorship-bias-free historical index-constituent study.
2019-05-23,T1_30D,75452.25100122884,35382.31018066406,110834.5611818929,116404.28853544107,-4.784812848069919,2,-0.10415683221933758,REFERENCE,This test uses the supplied/current ticker universe and is not a survivorship-bias-free historical index-constituent study.
2019-05-24,T1_30D,75452.25100122884,35617.8955078125,111070.14650904134,116404.28853544107,-4.582427411835144,2,0.21255583514407927,REFERENCE,This test uses the supplied/current ticker universe and is not a survivorship-bias-free historical index-constituent study.
2019-05-27,T1_30D,75452.25100122884,35588.335876464844,111040.58687769368,116404.28853544107,-4.607821348535901,2,-0.026613480108494958,REFERENCE,This test uses the supplied/current ticker universe and is not a survivorship-bias-free historical index-constituent study.
2019-05-28,T1_30D,75452.25100122884,35773.8681640625,111226.11916529134,116404.28853544107,-4.448435221158675,2,0.16708511078207255,REFERENCE,This test uses the supplied/current ticker universe and is not a survivorship-bias-free historical index-constituent study.
2019-05-29,T1_30D,75452.25100122884,36006.69958496094,111458.95058618978,116404.28853544107,-4.248415596600297,2,0.20933160542302431,REFERENCE,This test uses the supplied/current ticker universe and is not a survivorship-bias-free historical index-constituent study.
2019-05-30,T1_30D,75452.25100122884,36260.50646972656,111712.7574709554,116404.28853544107,-4.0303764779742295,2,0.22771332713145132,REFERENCE,This test uses the supplied/current ticker universe and is not a survivorship-bias-free historical index-constituent study.
2019-05-31,T1_30D,75452.25100122884,36111.094482421875,111563.34548365072,116404.28853544107,-4.158732562775347,2,-0.13374657531260992,REFERENCE,This test uses the supplied/current ticker universe and is not a survivorship-bias-free historical index-constituent study.
2019-06-03,T1_30D,75452.25100122884,36634.71130371094,112086.96230493978,116404.28853544107,-3.7089065057829163,2,0.46934485427903017,REFERENCE,This test uses the supplied/current ticker universe and is not a survivorship-bias-free historical index-constituent study.
2019-06-04,T1_30D,75452.25100122884,36975.78381347656,112428.0348147054,116404.28853544107,-3.415899680985579,2,0.3042927587222133,REFERENCE,This test uses the supplied/current ticker universe and is not a survivorship-bias-free historical index-constituent study.
2019-06-06,T1_30D,75452.25100122884,36605.125732421875,112057.37673365072,116404.28853544107,-3.7343227268356816,2,-0.32968474603827236,REFERENCE,This test uses the supplied/current ticker universe and is not a survivorship-bias-free historical index-constituent study.
2019-06-07,T1_30D,75452.25100122884,36916.38427734375,112368.63527857259,116404.28853544107,-3.4669283302562914,2,0.2777671171632967,REFERENCE,This test uses the supplied/current ticker universe and is not a survivorship-bias-free historical index-constituent study.
2019-06-10,T1_30D,75452.25100122884,37218.238037109375,112670.48903833822,116404.28853544107,-3.207613348339855,2,0.26862812653842827,REFERENCE,This test uses the supplied/current ticker universe and is not a survivorship-bias-free historical index-constituent study.
2019-06-11,T1_30D,104780.17386774704,8097.8106689453125,112877.98453669235,116404.28853544107,-3.0293591783562834,1,0.18416135416217116,REFERENCE,This test uses the supplied/current ticker universe and is not a survivorship-bias-free historical index-constituent study.
2019-06-12,T1_30D,104780.17386774704,8085.3875732421875,112865.56144098923,116404.28853544107,-3.040031547784783,1,-0.01100577384873791,REFERENCE,This test uses the supplied/current ticker universe and is not a survivorship-bias-free historical index-constituent study.
2019-06-13,T1_30D,104780.17386774704,8150.9814453125,112931.15531305954,116404.28853544107,-2.9836815001228034,1,0.05811681724066098,REFERENCE,This test uses the supplied/current ticker universe and is not a survivorship-bias-free historical index-constituent study.
2019-06-14,T1_30D,104780.17386774704,7962.64892578125,112742.82279352829,116404.28853544107,-3.1454732364074256,1,-0.16676754878595101,REFERENCE,This test uses the supplied/current ticker universe and is not a survivorship-bias-free historical index-constituent study.
2019-06-17,T1_30D,85687.48989374565,26714.744995117184,112402.23488886283,116404.28853544107,-3.4380637491373434,2,-0.30209275963331006,REFERENCE,This test uses the supplied/current ticker universe and is not a survivorship-bias-free historical index-constituent study.
2019-06-18,T1_30D,65663.60551727677,46910.29315185547,112573.89866913224,116404.28853544107,-3.2905917080044755,3,0.152722746517564,REFERENCE,This test uses the supplied/current ticker universe and is not a survivorship-bias-free historical index-constituent study.
2019-06-19,T1_30D,65663.60551727677,46790.669677734375,112454.27519501114,116404.28853544107,-3.393357229469496,3,-0.1062621758110005,REFERENCE,This test uses the supplied/current ticker universe and is not a survivorship-bias-free historical index-constituent study.
2019-06-20,T1_30D,65663.60551727677,47845.037536621094,113508.64305389786,116404.28853544107,-2.4875762894780107,3,0.9375969540138085,REFERENCE,This test uses the supplied/current ticker universe and is not a survivorship-bias-free historical index-constituent study.
2019-06-21,T1_30D,65663.60551727677,47848.81591796875,113512.42143524552,116404.28853544107,-2.484330376981836,3,0.0033287168677231804,REFERENCE,This test uses the supplied/current ticker universe and is not a survivorship-bias-free historical index-constituent study.
2019-06-24,T1_30D,37336.45199496487,76261.15490722656,113597.60690219143,116404.28853544107,-2.41114968233761,4,0.07504506191378102,REFERENCE,This test uses the supplied/current ticker universe and is not a survivorship-bias-free historical index-constituent study.
2019-06-25,T1_30D,37336.45199496487,76428.02850341797,113764.48049838284,116404.28853544107,-2.267792768008292,4,0.14689886586702894,REFERENCE,This test uses the supplied/current ticker universe and is not a survivorship-bias-free historical index-constituent study.
2019-06-26,T1_30D,37336.45199496487,76876.11590576172,114212.56790072659,116404.28853544107,-1.8828521373997154,4,0.39387285063030575,REFERENCE,This test uses the supplied/current ticker universe and is not a survivorship-bias-free historical index-constituent study.
2019-06-27,T1_30D,37336.45199496487,77429.30572509766,114765.75772006252,116404.28853544107,-1.4076206607110286,4,0.4843510915688132,REFERENCE,This test uses the supplied/current ticker universe and is not a survivorship-bias-free historical index-constituent study.
2019-06-28,T1_30D,57771.16594475586,57400.74597167969,115171.91191643555,116404.28853544107,-1.0587037939158939,3,0.35389841398836275,REFERENCE,This test uses the supplied/current ticker universe and is not a survivorship-bias-free historical index-constituent study.
2019-07-01,T1_30D,57771.16594475586,57347.14013671875,115118.30608147461,116404.28853544107,-1.1047552200578181,3,-0.046544191260655676,REFERENCE,This test uses the supplied/current ticker universe and is not a survivorship-bias-free historical index-constituent study.
2019-07-02,T1_30D,65739.75326665513,49532.82824707031,115272.58151372544,116404.28853544107,-0.9722210718817847,2,0.1340146823752164,REFERENCE,This test uses the supplied/current ticker universe and is not a survivorship-bias-free historical index-constituent study.
2019-07-03,T1_30D,65739.75326665513,49650.26916503906,115390.02243169419,116404.28853544107,-0.8713305295775853,2,0.10188105135371384,REFERENCE,This test uses the supplied/current ticker universe and is not a survivorship-bias-free historical index-constituent study.
2019-07-04,T1_30D,65739.75326665513,49708.080322265625,115447.83358892075,116404.28853544107,-0.8216664167223553,2,0.05010065515913542,REFERENCE,This test uses the supplied/current ticker universe and is not a survivorship-bias-free historical index-constituent study.
2019-07-05,T1_30D,65739.75326665513,49494.6591796875,115234.41244634263,116404.28853544107,-1.005011158796143,2,-0.18486370505492733,REFERENCE,This test uses the supplied/current ticker universe and is not a survivorship-bias-free historical index-constituent study.
2019-07-08,T1_30D,65739.75326665513,47980.76843261719,113720.52169927231,116404.28853544107,-2.3055566680016626,2,-1.3137488315612678,REFERENCE,This test uses the supplied/current ticker universe and is not a survivorship-bias-free historical index-constituent study.
2019-07-09,T1_30D,65739.75326665513,48251.548095703125,113991.30136235825,116404.28853544107,-2.072936661906699,2,0.23810976158022967,REFERENCE,This test uses the supplied/current ticker universe and is not a survivorship-bias-free historical index-constituent study.
2019-07-10,T1_30D,93249.63433940803,20014.550170898438,113264.18451030647,116404.28853544107,-2.697584483048099,1,-0.6378704720112038,REFERENCE,This test uses the supplied/current ticker universe and is not a survivorship-bias-free historical index-constituent study.
2019-07-11,T1_30D,93249.63433940803,19956.492919921875,113206.1272593299,116404.28853544107,-2.7474600088616463,1,-0.051258260700481895,REFERENCE,This test uses the supplied/current ticker universe and is not a survivorship-bias-free historical index-constituent study.
2019-07-12,T1_30D,93249.63433940803,19578.103637695312,112827.73797710334,116404.28853544107,-3.0725247354171037,1,-0.33424805828730086,REFERENCE,This test uses the supplied/current ticker universe and is not a survivorship-bias-free historical index-constituent study.
2019-07-15,T1_30D,112430.27580286715,0.0,112430.27580286715,116404.28853544107,-3.41397450435339,0,-0.35227345807185007,REFERENCE,This test uses the supplied/current ticker universe and is not a survivorship-bias-free historical index-constituent study.
2019-07-16,T1_30D,84573.0850201486,28030.70672607422,112603.79174622282,116404.28853544107,-3.26491131644272,1,0.15433204456414273,REFERENCE,This test uses the supplied/current ticker universe and is not a survivorship-bias-free historical index-constituent study.
2019-07-17,T1_30D,84573.0850201486,28037.31234741211,112610.39736756071,116404.28853544107,-3.259236593096182,1,0.005866251247366172,REFERENCE,This test uses the supplied/current ticker universe and is not a survivorship-bias-free historical index-constituent study.
2019-07-18,T1_30D,84573.0850201486,27637.907043457035,112210.99206360563,116404.28853544107,-3.602355655959122,1,-0.35467888693387906,REFERENCE,This test uses the supplied/current ticker universe and is not a survivorship-bias-free historical index-constituent study.
2019-07-19,T1_30D,111611.84177080255,0.0,111611.84177080255,116404.28853544107,-4.117070620795371,0,-0.5339497332520371,REFERENCE,This test uses the supplied/current ticker universe and is not a survivorship-bias-free historical index-constituent study.
2019-07-22,T1_30D,88764.61326630296,22578.22100830078,111342.83427460374,116404.28853544107,-4.348168202837554,1,-0.24102056908192893,REFERENCE,This test uses the supplied/current ticker universe and is not a survivorship-bias-free historical index-constituent study.
2019-07-23,T1_30D,110752.43144625859,0.0,110752.43144625859,116404.28853544107,-4.855368440709706,0,-0.5302566906901673,REFERENCE,This test uses the supplied/current ticker universe and is not a survivorship-bias-free historical index-constituent study.
2019-07-24,T1_30D,110752.43144625859,0.0,110752.43144625859,116404.28853544107,-4.855368440709706,0,0.0,REFERENCE,This test uses the supplied/current ticker universe and is not a survivorship-bias-free historical index-constituent study.
2019-07-25,T1_30D,110752.43144625859,0.0,110752.43144625859,116404.28853544107,-4.855368440709706,0,0.0,REFERENCE,This test uses the supplied/current ticker universe and is not a survivorship-bias-free historical index-constituent study.
2019-07-26,T1_30D,110752.43144625859,0.0,110752.43144625859,116404.28853544107,-4.855368440709706,0,0.0,REFERENCE,This test uses the supplied/current ticker universe and is not a survivorship-bias-free historical index-constituent study.
2019-07-29,T1_30D,110752.43144625859,0.0,110752.43144625859,116404.28853544107,-4.855368440709706,0,0.0,REFERENCE,This test uses the supplied/current ticker universe and is not a survivorship-bias-free historical index-constituent study.
2019-07-30,T1_30D,110752.43144625859,0.0,110752.43144625859,116404.28853544107,-4.855368440709706,0,0.0,REFERENCE,This test uses the supplied/current ticker universe and is not a survivorship-bias-free historical index-constituent study.
2019-07-31,T1_30D,110752.43144625859,0.0,110752.43144625859,116404.28853544107,-4.855368440709706,0,0.0,REFERENCE,This test uses the supplied/current ticker universe and is not a survivorship-bias-free historical index-constituent study.
2019-08-01,T1_30D,110752.43144625859,0.0,110752.43144625859,116404.28853544107,-4.855368440709706,0,0.0,REFERENCE,This test uses the supplied/current ticker universe and is not a survivorship-bias-free historical index-constituent study.
2019-08-02,T1_30D,110752.43144625859,0.0,110752.43144625859,116404.28853544107,-4.855368440709706,0,0.0,REFERENCE,This test uses the supplied/current ticker universe and is not a survivorship-bias-free historical index-constituent study.
2019-08-05,T1_30D,110752.43144625859,0.0,110752.43144625859,116404.28853544107,-4.855368440709706,0,0.0,REFERENCE,This test uses the supplied/current ticker universe and is not a survivorship-bias-free historical index-constituent study.
2019-08-06,T1_30D,110752.43144625859,0.0,110752.43144625859,116404.28853544107,-4.855368440709706,0,0.0,REFERENCE,This test uses the supplied/current ticker universe and is not a survivorship-bias-free historical index-constituent study.
2019-08-07,T1_30D,110752.43144625859,0.0,110752.43144625859,116404.28853544107,-4.855368440709706,0,0.0,REFERENCE,This test uses the supplied/current ticker universe and is not a survivorship-bias-free historical index-constituent study.
2019-08-08,T1_30D,110752.43144625859,0.0,110752.43144625859,116404.28853544107,-4.855368440709706,0,0.0,REFERENCE,This test uses the supplied/current ticker universe and is not a survivorship-bias-free historical index-constituent study.
2019-08-09,T1_30D,110752.43144625859,0.0,110752.43144625859,116404.28853544107,-4.855368440709706,0,0.0,REFERENCE,This test uses the supplied/current ticker universe and is not a survivorship-bias-free historical index-constituent study.
2019-08-13,T1_30D,110752.43144625859,0.0,110752.43144625859,116404.28853544107,-4.855368440709706,0,0.0,REFERENCE,This test uses the supplied/current ticker universe and is not a survivorship-bias-free historical index-constituent study.
2019-08-14,T1_30D,110752.43144625859,0.0,110752.43144625859,116404.28853544107,-4.855368440709706,0,0.0,REFERENCE,This test uses the supplied/current ticker universe and is not a survivorship-bias-free historical index-constituent study.
2019-08-16,T1_30D,110752.43144625859,0.0,110752.43144625859,116404.28853544107,-4.855368440709706,0,0.0,REFERENCE,This test uses the supplied/current ticker universe and is not a survivorship-bias-free historical index-constituent study.
2019-08-19,T1_30D,110752.43144625859,0.0,110752.43144625859,116404.28853544107,-4.855368440709706,0,0.0,REFERENCE,This test uses the supplied/current ticker universe and is not a survivorship-bias-free historical index-constituent study.
2019-08-20,T1_30D,110752.43144625859,0.0,110752.43144625859,116404.28853544107,-4.855368440709706,0,0.0,REFERENCE,This test uses the supplied/current ticker universe and is not a survivorship-bias-free historical index-constituent study.
2019-08-21,T1_30D,110752.43144625859,0.0,110752.43144625859,116404.28853544107,-4.855368440709706,0,0.0,REFERENCE,This test uses the supplied/current ticker universe and is not a survivorship-bias-free historical index-constituent study.
2019-08-22,T1_30D,110752.43144625859,0.0,110752.43144625859,116404.28853544107,-4.855368440709706,0,0.0,REFERENCE,This test uses the supplied/current ticker universe and is not a survivorship-bias-free historical index-constituent study.
2019-08-23,T1_30D,110752.43144625859,0.0,110752.43144625859,116404.28853544107,-4.855368440709706,0,0.0,REFERENCE,This test uses the supplied/current ticker universe and is not a survivorship-bias-free historical index-constituent study.
2019-08-26,T1_30D,110752.43144625859,0.0,110752.43144625859,116404.28853544107,-4.855368440709706,0,0.0,REFERENCE,This test uses the supplied/current ticker universe and is not a survivorship-bias-free historical index-constituent study.
2019-08-27,T1_30D,110752.43144625859,0.0,110752.43144625859,116404.28853544107,-4.855368440709706,0,0.0,REFERENCE,This test uses the supplied/current ticker universe and is not a survivorship-bias-free historical index-constituent study.
2019-08-28,T1_30D,110752.43144625859,0.0,110752.43144625859,116404.28853544107,-4.855368440709706,0,0.0,REFERENCE,This test uses the supplied/current ticker universe and is not a survivorship-bias-free historical index-constituent study.
2019-08-29,T1_30D,110752.43144625859,0.0,110752.43144625859,116404.28853544107,-4.855368440709706,0,0.0,REFERENCE,This test uses the supplied/current ticker universe and is not a survivorship-bias-free historical index-constituent study.
2019-08-30,T1_30D,110752.43144625859,0.0,110752.43144625859,116404.28853544107,-4.855368440709706,0,0.0,REFERENCE,This test uses the supplied/current ticker universe and is not a survivorship-bias-free historical index-constituent study.
2019-09-03,T1_30D,110752.43144625859,0.0,110752.43144625859,116404.28853544107,-4.855368440709706,0,0.0,REFERENCE,This test uses the supplied/current ticker universe and is not a survivorship-bias-free historical index-constituent study.
2019-09-04,T1_30D,110752.43144625859,0.0,110752.43144625859,116404.28853544107,-4.855368440709706,0,0.0,REFERENCE,This test uses the supplied/current ticker universe and is not a survivorship-bias-free historical index-constituent study.
2019-09-05,T1_30D,110752.43144625859,0.0,110752.43144625859,116404.28853544107,-4.855368440709706,0,0.0,REFERENCE,This test uses the supplied/current ticker universe and is not a survivorship-bias-free historical index-constituent study.
2019-09-06,T1_30D,110752.43144625859,0.0,110752.43144625859,116404.28853544107,-4.855368440709706,0,0.0,REFERENCE,This test uses the supplied/current ticker universe and is not a survivorship-bias-free historical index-constituent study.
2019-09-09,T1_30D,110752.43144625859,0.0,110752.43144625859,116404.28853544107,-4.855368440709706,0,0.0,REFERENCE,This test uses the supplied/current ticker universe and is not a survivorship-bias-free historical index-constituent study.
2019-09-11,T1_30D,110752.43144625859,0.0,110752.43144625859,116404.28853544107,-4.855368440709706,0,0.0,REFERENCE,This test uses the supplied/current ticker universe and is not a survivorship-bias-free historical index-constituent study.
2019-09-12,T1_30D,110752.43144625859,0.0,110752.43144625859,116404.28853544107,-4.855368440709706,0,0.0,REFERENCE,This test uses the supplied/current ticker universe and is not a survivorship-bias-free historical index-constituent study.
2019-09-13,T1_30D,110752.43144625859,0.0,110752.43144625859,116404.28853544107,-4.855368440709706,0,0.0,REFERENCE,This test uses the supplied/current ticker universe and is not a survivorship-bias-free historical index-constituent study.
2019-09-16,T1_30D,110752.43144625859,0.0,110752.43144625859,116404.28853544107,-4.855368440709706,0,0.0,REFERENCE,This test uses the supplied/current ticker universe and is not a survivorship-bias-free historical index-constituent study.
2019-09-17,T1_30D,110752.43144625859,0.0,110752.43144625859,116404.28853544107,-4.855368440709706,0,0.0,REFERENCE,This test uses the supplied/current ticker universe and is not a survivorship-bias-free historical index-constituent study.
2019-09-18,T1_30D,110752.43144625859,0.0,110752.43144625859,116404.28853544107,-4.855368440709706,0,0.0,REFERENCE,This test uses the supplied/current ticker universe and is not a survivorship-bias-free historical index-constituent study.
2019-09-19,T1_30D,110752.43144625859,0.0,110752.43144625859,116404.28853544107,-4.855368440709706,0,0.0,REFERENCE,This test uses the supplied/current ticker universe and is not a survivorship-bias-free historical index-constituent study.
2019-09-20,T1_30D,110752.43144625859,0.0,110752.43144625859,116404.28853544107,-4.855368440709706,0,0.0,REFERENCE,This test uses the supplied/current ticker universe and is not a survivorship-bias-free historical index-constituent study.
2019-09-23,T1_30D,109895.44921681951,0.0,109895.44921681951,116404.28853544107,-5.591580345117475,0,-0.773781864874834,REFERENCE,This test uses the supplied/current ticker universe and is not a survivorship-bias-free historical index-constituent study.
2019-09-24,T1_30D,109895.44921681951,0.0,109895.44921681951,116404.28853544107,-5.591580345117475,0,0.0,REFERENCE,This test uses the supplied/current ticker universe and is not a survivorship-bias-free historical index-constituent study.
2019-09-25,T1_30D,109895.44921681951,0.0,109895.44921681951,116404.28853544107,-5.591580345117475,0,0.0,REFERENCE,This test uses the supplied/current ticker universe and is not a survivorship-bias-free historical index-constituent study.
2019-09-26,T1_30D,109895.44921681951,0.0,109895.44921681951,116404.28853544107,-5.591580345117475,0,0.0,REFERENCE,This test uses the supplied/current ticker universe and is not a survivorship-bias-free historical index-constituent study.
2019-09-27,T1_30D,109895.44921681951,0.0,109895.44921681951,116404.28853544107,-5.591580345117475,0,0.0,REFERENCE,This test uses the supplied/current ticker universe and is not a survivorship-bias-free historical index-constituent study.
2019-09-30,T1_30D,109895.44921681951,0.0,109895.44921681951,116404.28853544107,-5.591580345117475,0,0.0,REFERENCE,This test uses the supplied/current ticker universe and is not a survivorship-bias-free historical index-constituent study.
2019-10-01,T1_30D,109895.44921681951,0.0,109895.44921681951,116404.28853544107,-5.591580345117475,0,0.0,REFERENCE,This test uses the supplied/current ticker universe and is not a survivorship-bias-free historical index-constituent study.
2019-10-03,T1_30D,109895.44921681951,0.0,109895.44921681951,116404.28853544107,-5.591580345117475,0,0.0,REFERENCE,This test uses the supplied/current ticker universe and is not a survivorship-bias-free historical index-constituent study.
2019-10-04,T1_30D,109895.44921681951,0.0,109895.44921681951,116404.28853544107,-5.591580345117475,0,0.0,REFERENCE,This test uses the supplied/current ticker universe and is not a survivorship-bias-free historical index-constituent study.
2019-10-07,T1_30D,98371.73744207034,11573.385986328125,109945.12342839847,116404.28853544107,-5.5489064778536985,1,0.04520133630006029,REFERENCE,This test uses the supplied/current ticker universe and is not a survivorship-bias-free historical index-constituent study.
2019-10-09,T1_30D,98371.73744207034,12146.353698730469,110518.09114080081,116404.28853544107,-5.056684310087178,1,0.521139723650843,REFERENCE,This test uses the supplied/current ticker universe and is not a survivorship-bias-free historical index-constituent study.
2019-10-10,T1_30D,79305.12141647941,31056.871704101562,110361.99312058097,116404.28853544107,-5.190784197800779,2,-0.14124205241743404,REFERENCE,This test uses the supplied/current ticker universe and is not a survivorship-bias-free historical index-constituent study.
2019-10-11,T1_30D,61389.135658758605,49415.1884765625,110804.3241353211,116404.28853544107,-4.810788735171878,3,0.40080013257539626,REFERENCE,This test uses the supplied/current ticker universe and is not a survivorship-bias-free historical index-constituent study.
2019-10-14,T1_30D,61389.135658758605,49600.995178222656,110990.13083698126,116404.28853544107,-4.651166865567314,3,0.1676890348008886,REFERENCE,This test uses the supplied/current ticker universe and is not a survivorship-bias-free historical index-constituent study.
2019-10-15,T1_30D,61389.135658758605,50453.38626098633,111842.52191974493,116404.28853544107,-3.918899099930695,3,0.767988177269241,REFERENCE,This test uses the supplied/current ticker universe and is not a survivorship-bias-free historical index-constituent study.
2019-10-16,T1_30D,61389.135658758605,50584.883361816406,111974.01902057501,116404.28853544107,-3.805933244046411,3,0.11757344038114681,REFERENCE,This test uses the supplied/current ticker universe and is not a survivorship-bias-free historical index-constituent study.
2019-10-17,T1_30D,81931.84333377506,30442.874450683594,112374.71778445865,116404.28853544107,-3.461703002252836,2,0.3578497649620038,REFERENCE,This test uses the supplied/current ticker universe and is not a survivorship-bias-free historical index-constituent study.
2019-10-18,T1_30D,81931.84333377506,30499.169189453125,112431.01252322819,116404.28853544107,-3.4133416063989452,2,0.05009555519197573,REFERENCE,This test uses the supplied/current ticker universe and is not a survivorship-bias-free historical index-constituent study.
2019-10-22,T1_30D,94675.95765499206,18475.77734375,113151.73499874206,116404.28853544107,-2.794187033503248,1,0.6410352974140165,REFERENCE,This test uses the supplied/current ticker universe and is not a survivorship-bias-free historical index-constituent study.
2019-10-23,T1_30D,94675.95765499206,18510.06640625,113186.02406124206,116404.28853544107,-2.7647301613111575,1,0.030303611783222273,REFERENCE,This test uses the supplied/current ticker universe and is not a survivorship-bias-free historical index-constituent study.
2019-10-24,T1_30D,94675.95765499206,18428.068359375,113104.02601436706,116404.28853544107,-2.8351726234460806,1,-0.07244538144624002,REFERENCE,This test uses the supplied/current ticker universe and is not a survivorship-bias-free historical index-constituent study.
2019-10-25,T1_30D,94675.95765499206,18322.220703125,112998.17835811706,116404.28853544107,-2.926103685850856,1,-0.09358433999206994,REFERENCE,This test uses the supplied/current ticker universe and is not a survivorship-bias-free historical index-constituent study.
2019-10-27,T1_30D,94675.95765499206,18451.923828125,113127.88148311706,116404.28853544107,-2.8146789895343582,1,0.1147833769398865,REFERENCE,This test uses the supplied/current ticker universe and is not a survivorship-bias-free historical index-constituent study.
2019-10-29,T1_30D,94675.95765499206,18523.482421875,113199.44007686706,116404.28853544107,-2.7532047993216735,1,0.06325460426894747,REFERENCE,This test uses the supplied/current ticker universe and is not a survivorship-bias-free historical index-constituent study.
2019-10-30,T1_30D,94675.95765499206,18610.6953125,113286.65296749206,116404.28853544107,-2.6782823959271895,1,0.07704357068001322,REFERENCE,This test uses the supplied/current ticker universe and is not a survivorship-bias-free historical index-constituent study.
2019-10-31,T1_30D,94675.95765499206,18342.34765625,113018.30531124206,116404.28853544107,-2.908813126045695,1,-0.23687490910955233,REFERENCE,This test uses the supplied/current ticker universe and is not a survivorship-bias-free historical index-constituent study.
2019-11-01,T1_30D,94675.95765499206,18486.958984375,113162.91663936706,116404.28853544107,-2.7845811669448217,1,0.12795389890758457,REFERENCE,This test uses the supplied/current ticker universe and is not a survivorship-bias-free historical index-constituent study.
2019-11-04,T1_30D,94675.95765499206,18439.251953125,113115.20960811706,116404.28853544107,-2.825565079007031,1,-0.04215783108704185,REFERENCE,This test uses the supplied/current ticker universe and is not a survivorship-bias-free historical index-constituent study.
2019-11-05,T1_30D,94675.95765499206,18478.759765625,113154.71742061706,116404.28853544107,-2.7916249097941326,1,0.034927055907751914,REFERENCE,This test uses the supplied/current ticker universe and is not a survivorship-bias-free historical index-constituent study.
2019-11-06,T1_30D,77833.63703529631,35103.56795883179,112937.2049941281,116404.28853544107,-2.978484371095458,2,-0.19222568130361495,REFERENCE,This test uses the supplied/current ticker universe and is not a survivorship-bias-free historical index-constituent study.
2019-11-07,T1_30D,77833.63703529631,35133.86269760132,112967.49973289763,116404.28853544107,-2.9524589220757513,2,0.026824409875469968,REFERENCE,This test uses the supplied/current ticker universe and is not a survivorship-bias-free historical index-constituent study.
2019-11-08,T1_30D,38997.30047004118,74100.16356277466,113097.46403281583,116404.28853544107,-2.840809856948201,4,0.11504574344434193,REFERENCE,This test uses the supplied/current ticker universe and is not a survivorship-bias-free historical index-constituent study.
2019-11-11,T1_30D,11042.442294988545,101907.10138320923,112949.54367819778,116404.28853544107,-2.9678845175806767,5,-0.13079016040106195,REFERENCE,This test uses the supplied/current ticker universe and is not a survivorship-bias-free historical index-constituent study.
2019-11-13,T1_30D,27790.384982964348,87054.40439605713,114844.78937902147,116404.28853544107,-1.3397265479138998,4,1.6779578200186496,REFERENCE,This test uses the supplied/current ticker universe and is not a survivorship-bias-free historical index-constituent study.
2019-11-14,T1_30D,27790.384982964348,87233.42789459229,115023.81287755663,116404.28853544107,-1.1859319577080085,4,0.15588299608815248,REFERENCE,This test uses the supplied/current ticker universe and is not a survivorship-bias-free historical index-constituent study.
2019-11-15,T1_30D,26721.97409639922,88300.56900787354,115022.54310427276,116404.28853544107,-1.1870227880372397,4,-0.0011039220941366779,REFERENCE,This test uses the supplied/current ticker universe and is not a survivorship-bias-free historical index-constituent study.
2019-11-18,T1_30D,26721.97409639922,87700.94882583618,114422.9229222354,116404.28853544107,-1.7021414229102083,4,-0.5213066637674402,REFERENCE,This test uses the supplied/current ticker universe and is not a survivorship-bias-free historical index-constituent study.
2019-11-19,T1_30D,26721.97409639922,87054.77356338501,113776.74765978423,116404.28853544107,-2.257254357821048,4,-0.5647253591750334,REFERENCE,This test uses the supplied/current ticker universe and is not a survivorship-bias-free historical index-constituent study.
2019-11-20,T1_30D,53866.09610272085,59914.927837371826,113781.02394009268,116404.28853544107,-2.2535807128357566,3,0.0037584835183013254,REFERENCE,This test uses the supplied/current ticker universe and is not a survivorship-bias-free historical index-constituent study.
2019-11-21,T1_30D,53866.09610272085,59582.736961364746,113448.8330640856,116404.28853544107,-2.5389575491934213,3,-0.29195630739092815,REFERENCE,This test uses the supplied/current ticker universe and is not a survivorship-bias-free historical index-constituent study.
2019-11-22,T1_30D,53866.09610272085,59047.84126663208,112913.93736935293,116404.28853544107,-2.9984730030160778,3,-0.47148629059102776,REFERENCE,This test uses the supplied/current ticker universe and is not a survivorship-bias-free historical index-constituent study.
2019-11-25,T1_30D,92363.53407241193,20415.533203125,112779.06727553693,116404.28853544107,-3.114336512439042,1,-0.11944503659883088,REFERENCE,This test uses the supplied/current ticker universe and is not a survivorship-bias-free historical index-constituent study.
2019-11-26,T1_30D,92363.53407241193,20102.0830078125,112465.61708022443,116404.28853544107,-3.3836137008109057,1,-0.27793295589747524,REFERENCE,This test uses the supplied/current ticker universe and is not a survivorship-bias-free historical index-constituent study.
2019-11-27,T1_30D,92363.53407241193,20580.01904296875,112943.55311538068,116404.28853544107,-2.973030859603354,1,0.42496191063916555,REFERENCE,This test uses the supplied/current ticker universe and is not a survivorship-bias-free historical index-constituent study.
2019-11-28,T1_30D,92363.53407241193,20486.4931640625,112850.02723647443,116404.28853544107,-3.0533765926368694,1,-0.08280762940998665,REFERENCE,This test uses the supplied/current ticker universe and is not a survivorship-bias-free historical index-constituent study.
2019-11-29,T1_30D,92363.53407241193,20443.04443359375,112806.57850600568,116404.28853544107,-3.0907023054739136,1,-0.038501302598448195,REFERENCE,This test uses the supplied/current ticker universe and is not a survivorship-bias-free historical index-constituent study.
2019-12-02,T1_30D,92363.53407241193,20142.5712890625,112506.10536147443,116404.28853544107,-3.348831235525984,1,-0.2663613669616427,REFERENCE,This test uses the supplied/current ticker universe and is not a survivorship-bias-free historical index-constituent study.
2019-12-03,T1_30D,92363.53407241193,20141.01708984375,112504.55116225568,116404.28853544107,-3.350166409030586,1,-0.0013814354463348444,REFERENCE,This test uses the supplied/current ticker universe and is not a survivorship-bias-free historical index-constituent study.
2019-12-04,T1_30D,92363.53407241193,19964.11962890625,112327.65370131818,116404.28853544107,-3.5021345737461296,1,-0.15723582655992052,REFERENCE,This test uses the supplied/current ticker universe and is not a survivorship-bias-free historical index-constituent study.
2019-12-05,T1_30D,92363.53407241193,19785.66943359375,112149.20350600568,116404.28853544107,-3.6554366535558214,1,-0.1588657729707399,REFERENCE,This test uses the supplied/current ticker universe and is not a survivorship-bias-free historical index-constituent study.
2019-12-06,T1_30D,111722.53754000619,0.0,111722.53754000619,116404.28853544107,-4.021974666345263,0,-0.3804449364427698,REFERENCE,This test uses the supplied/current ticker universe and is not a survivorship-bias-free historical index-constituent study.
2019-12-09,T1_30D,111722.53754000619,0.0,111722.53754000619,116404.28853544107,-4.021974666345263,0,0.0,REFERENCE,This test uses the supplied/current ticker universe and is not a survivorship-bias-free historical index-constituent study.
2019-12-10,T1_30D,111722.53754000619,0.0,111722.53754000619,116404.28853544107,-4.021974666345263,0,0.0,REFERENCE,This test uses the supplied/current ticker universe and is not a survivorship-bias-free historical index-constituent study.
2019-12-11,T1_30D,111722.53754000619,0.0,111722.53754000619,116404.28853544107,-4.021974666345263,0,0.0,REFERENCE,This test uses the supplied/current ticker universe and is not a survivorship-bias-free historical index-constituent study.
2019-12-12,T1_30D,111722.53754000619,0.0,111722.53754000619,116404.28853544107,-4.021974666345263,0,0.0,REFERENCE,This test uses the supplied/current ticker universe and is not a survivorship-bias-free historical index-constituent study.
2019-12-13,T1_30D,111722.53754000619,0.0,111722.53754000619,116404.28853544107,-4.021974666345263,0,0.0,REFERENCE,This test uses the supplied/current ticker universe and is not a survivorship-bias-free historical index-constituent study.
2019-12-16,T1_30D,111722.53754000619,0.0,111722.53754000619,116404.28853544107,-4.021974666345263,0,0.0,REFERENCE,This test uses the supplied/current ticker universe and is not a survivorship-bias-free historical index-constituent study.
2019-12-17,T1_30D,111722.53754000619,0.0,111722.53754000619,116404.28853544107,-4.021974666345263,0,0.0,REFERENCE,This test uses the supplied/current ticker universe and is not a survivorship-bias-free historical index-constituent study.
2019-12-18,T1_30D,111722.53754000619,0.0,111722.53754000619,116404.28853544107,-4.021974666345263,0,0.0,REFERENCE,This test uses the supplied/current ticker universe and is not a survivorship-bias-free historical index-constituent study.
2019-12-19,T1_30D,111722.53754000619,0.0,111722.53754000619,116404.28853544107,-4.021974666345263,0,0.0,REFERENCE,This test uses the supplied/current ticker universe and is not a survivorship-bias-free historical index-constituent study.
2019-12-20,T1_30D,111722.53754000619,0.0,111722.53754000619,116404.28853544107,-4.021974666345263,0,0.0,REFERENCE,This test uses the supplied/current ticker universe and is not a survivorship-bias-free historical index-constituent study.
2019-12-23,T1_30D,111722.53754000619,0.0,111722.53754000619,116404.28853544107,-4.021974666345263,0,0.0,REFERENCE,This test uses the supplied/current ticker universe and is not a survivorship-bias-free historical index-constituent study.
2019-12-24,T1_30D,111722.53754000619,0.0,111722.53754000619,116404.28853544107,-4.021974666345263,0,0.0,REFERENCE,This test uses the supplied/current ticker universe and is not a survivorship-bias-free historical index-constituent study.
2019-12-26,T1_30D,111722.53754000619,0.0,111722.53754000619,116404.28853544107,-4.021974666345263,0,0.0,REFERENCE,This test uses the supplied/current ticker universe and is not a survivorship-bias-free historical index-constituent study.
2019-12-27,T1_30D,111722.53754000619,0.0,111722.53754000619,116404.28853544107,-4.021974666345263,0,0.0,REFERENCE,This test uses the supplied/current ticker universe and is not a survivorship-bias-free historical index-constituent study.
2019-12-30,T1_30D,111722.53754000619,0.0,111722.53754000619,116404.28853544107,-4.021974666345263,0,0.0,REFERENCE,This test uses the supplied/current ticker universe and is not a survivorship-bias-free historical index-constituent study.
2019-12-31,T1_30D,111722.53754000619,0.0,111722.53754000619,116404.28853544107,-4.021974666345263,0,0.0,REFERENCE,This test uses the supplied/current ticker universe and is not a survivorship-bias-free historical index-constituent study.
2020-01-01,T1_30D,111722.53754000619,0.0,111722.53754000619,116404.28853544107,-4.021974666345263,0,0.0,REFERENCE,This test uses the supplied/current ticker universe and is not a survivorship-bias-free historical index-constituent study.
2020-01-02,T1_30D,111722.53754000619,0.0,111722.53754000619,116404.28853544107,-4.021974666345263,0,0.0,REFERENCE,This test uses the supplied/current ticker universe and is not a survivorship-bias-free historical index-constituent study.
2020-01-03,T1_30D,111722.53754000619,0.0,111722.53754000619,116404.28853544107,-4.021974666345263,0,0.0,REFERENCE,This test uses the supplied/current ticker universe and is not a survivorship-bias-free historical index-constituent study.
2020-01-06,T1_30D,111722.53754000619,0.0,111722.53754000619,116404.28853544107,-4.021974666345263,0,0.0,REFERENCE,This test uses the supplied/current ticker universe and is not a survivorship-bias-free historical index-constituent study.
2020-01-07,T1_30D,111722.53754000619,0.0,111722.53754000619,116404.28853544107,-4.021974666345263,0,0.0,REFERENCE,This test uses the supplied/current ticker universe and is not a survivorship-bias-free historical index-constituent study.
2020-01-08,T1_30D,111722.53754000619,0.0,111722.53754000619,116404.28853544107,-4.021974666345263,0,0.0,REFERENCE,This test uses the supplied/current ticker universe and is not a survivorship-bias-free historical index-constituent study.
2020-01-09,T1_30D,111722.53754000619,0.0,111722.53754000619,116404.28853544107,-4.021974666345263,0,0.0,REFERENCE,This test uses the supplied/current ticker universe and is not a survivorship-bias-free historical index-constituent study.
2020-01-10,T1_30D,111722.53754000619,0.0,111722.53754000619,116404.28853544107,-4.021974666345263,0,0.0,REFERENCE,This test uses the supplied/current ticker universe and is not a survivorship-bias-free historical index-constituent study.
2020-01-13,T1_30D,111722.53754000619,0.0,111722.53754000619,116404.28853544107,-4.021974666345263,0,0.0,REFERENCE,This test uses the supplied/current ticker universe and is not a survivorship-bias-free historical index-constituent study.
2020-01-14,T1_30D,111722.53754000619,0.0,111722.53754000619,116404.28853544107,-4.021974666345263,0,0.0,REFERENCE,This test uses the supplied/current ticker universe and is not a survivorship-bias-free historical index-constituent study.
2020-01-15,T1_30D,111722.53754000619,0.0,111722.53754000619,116404.28853544107,-4.021974666345263,0,0.0,REFERENCE,This test uses the supplied/current ticker universe and is not a survivorship-bias-free historical index-constituent study.
2020-01-16,T1_30D,111722.53754000619,0.0,111722.53754000619,116404.28853544107,-4.021974666345263,0,0.0,REFERENCE,This test uses the supplied/current ticker universe and is not a survivorship-bias-free historical index-constituent study.
2020-01-17,T1_30D,111722.53754000619,0.0,111722.53754000619,116404.28853544107,-4.021974666345263,0,0.0,REFERENCE,This test uses the supplied/current ticker universe and is not a survivorship-bias-free historical index-constituent study.
2020-01-20,T1_30D,111722.53754000619,0.0,111722.53754000619,116404.28853544107,-4.021974666345263,0,0.0,REFERENCE,This test uses the supplied/current ticker universe and is not a survivorship-bias-free historical index-constituent study.
2020-01-21,T1_30D,111722.53754000619,0.0,111722.53754000619,116404.28853544107,-4.021974666345263,0,0.0,REFERENCE,This test uses the supplied/current ticker universe and is not a survivorship-bias-free historical index-constituent study.
2020-01-22,T1_30D,62014.496555213635,49695.50482177735,111710.00137699099,116404.28853544107,-4.03274416906112,2,-0.011220800468048076,REFERENCE,This test uses the supplied/current ticker universe and is not a survivorship-bias-free historical index-constituent study.
2020-01-23,T1_30D,46267.64770863519,66230.54028320312,112498.18799183832,116404.28853544107,-3.355632848882084,3,0.7055649495405714,REFERENCE,This test uses the supplied/current ticker universe and is not a survivorship-bias-free historical index-constituent study.
2020-01-24,T1_30D,46267.64770863519,66797.76127624512,113065.40898488031,116404.28853544107,-2.868347543350336,3,0.5042045593508959,REFERENCE,This test uses the supplied/current ticker universe and is not a survivorship-bias-free historical index-constituent study.
2020-01-27,T1_30D,46267.64770863519,66486.81533813477,112754.46304676996,116404.28853544107,-3.1354733872711815,3,-0.2750142071762496,REFERENCE,This test uses the supplied/current ticker universe and is not a survivorship-bias-free historical index-constituent study.
2020-01-28,T1_30D,61159.63774215849,50457.53158569336,111617.16932785185,116404.28853544107,-4.112493850371934,2,-1.008646299389826,REFERENCE,This test uses the supplied/current ticker universe and is not a survivorship-bias-free historical index-constituent study.
2020-01-29,T1_30D,61159.63774215849,50651.131286621094,111810.76902877958,116404.28853544107,-3.946177210870472,2,0.1734497497952736,REFERENCE,This test uses the supplied/current ticker universe and is not a survivorship-bias-free historical index-constituent study.
2020-01-30,T1_30D,61159.63774215849,50908.964416503906,112068.6021586624,116404.28853544107,-3.7246792462105938,2,0.23059776095131213,REFERENCE,This test uses the supplied/current ticker universe and is not a survivorship-bias-free historical index-constituent study.
2020-01-31,T1_30D,47462.154525209495,63447.91455078125,110910.06907599074,116404.28853544107,-4.719945913141787,3,-1.033771333233413,REFERENCE,This test uses the supplied/current ticker universe and is not a survivorship-bias-free historical index-constituent study.
2020-02-03,T1_30D,86771.03657349023,21755.041992187504,108526.07856567773,116404.28853544107,-6.767972270510203,1,-2.1494806830204105,REFERENCE,This test uses the supplied/current ticker universe and is not a survivorship-bias-free historical index-constituent study.
2020-02-04,T1_30D,74314.92740017464,34524.562744140625,108839.49014431526,116404.28853544107,-6.498728256753694,2,0.2887891857696223,REFERENCE,This test uses the supplied/current ticker universe and is not a survivorship-bias-free historical index-constituent study.
2020-02-05,T1_30D,74314.92740017464,35330.63604736328,109645.56344753792,116404.28853544107,-5.806250931936541,2,0.7406073863023943,REFERENCE,This test uses the supplied/current ticker universe and is not a survivorship-bias-free historical index-constituent study.
2020-02-06,T1_30D,74314.92740017464,35311.580993652344,109626.50839382698,116404.28853544107,-5.822620649883092,2,-0.01737877312295577,REFERENCE,This test uses the supplied/current ticker universe and is not a survivorship-bias-free historical index-constituent study.
2020-02-07,T1_30D,74314.92740017464,35225.260498046875,109540.18789822151,116404.28853544107,-5.896776419134831,2,-0.07874053171096351,REFERENCE,This test uses the supplied/current ticker universe and is not a survivorship-bias-free historical index-constituent study.
2020-02-10,T1_30D,74314.92740017464,35097.75183105469,109412.67923122933,116404.28853544107,-6.006315911705473,2,-0.11640354963665667,REFERENCE,This test uses the supplied/current ticker universe and is not a survivorship-bias-free historical index-constituent study.
2020-02-11,T1_30D,74314.92740017464,35216.44763183594,109531.37503201058,116404.28853544107,-5.904347331101922,2,0.10848450254143938,REFERENCE,This test uses the supplied/current ticker universe and is not a survivorship-bias-free historical index-constituent study.
2020-02-12,T1_30D,97430.67430489464,12378.261108398438,109808.93541329307,116404.28853544107,-5.6659021803478815,1,0.2534071915023306,REFERENCE,This test uses the supplied/current ticker universe and is not a survivorship-bias-free historical index-constituent study.
2020-02-13,T1_30D,97430.67430489464,12152.536376953125,109583.21068184776,116404.28853544107,-5.859816626529635,1,-0.20556135126503783,REFERENCE,This test uses the supplied/current ticker universe and is not a survivorship-bias-free historical index-constituent study.
2020-02-14,T1_30D,97430.67430489464,11944.356262207031,109375.03056710167,116404.28853544107,-6.038658933256769,1,-0.18997446182745792,REFERENCE,This test uses the supplied/current ticker universe and is not a survivorship-bias-free historical index-constituent study.
2020-02-17,T1_30D,109059.96388752654,0.0,109059.96388752654,116404.28853544107,-6.309324802649718,0,-0.2880608836784204,REFERENCE,This test uses the supplied/current ticker universe and is not a survivorship-bias-free historical index-constituent study.
2020-02-18,T1_30D,109059.96388752654,0.0,109059.96388752654,116404.28853544107,-6.309324802649718,0,0.0,REFERENCE,This test uses the supplied/current ticker universe and is not a survivorship-bias-free historical index-constituent study.
2020-02-19,T1_30D,109059.96388752654,0.0,109059.96388752654,116404.28853544107,-6.309324802649718,0,0.0,REFERENCE,This test uses the supplied/current ticker universe and is not a survivorship-bias-free historical index-constituent study.
2020-02-20,T1_30D,109059.96388752654,0.0,109059.96388752654,116404.28853544107,-6.309324802649718,0,0.0,REFERENCE,This test uses the supplied/current ticker universe and is not a survivorship-bias-free historical index-constituent study.
2020-02-24,T1_30D,109059.96388752654,0.0,109059.96388752654,116404.28853544107,-6.309324802649718,0,0.0,REFERENCE,This test uses the supplied/current ticker universe and is not a survivorship-bias-free historical index-constituent study.
2020-02-25,T1_30D,84572.23919097264,23408.0185546875,107980.25774566014,116404.28853544107,-7.236873225006746,1,-0.9900114610159716,REFERENCE,This test uses the supplied/current ticker universe and is not a survivorship-bias-free historical index-constituent study.
2020-02-26,T1_30D,84572.23919097264,23315.136108398438,107887.37529937108,116404.28853544107,-7.3166662012429935,1,-0.08601798905485403,REFERENCE,This test uses the supplied/current ticker universe and is not a survivorship-bias-free historical index-constituent study.
2020-02-27,T1_30D,84572.23919097264,23738.677001953125,108310.91619292577,116404.28853544107,-6.952812859683554,1,0.3925768815669306,REFERENCE,This test uses the supplied/current ticker universe and is not a survivorship-bias-free historical index-constituent study.
2020-02-28,T1_30D,84572.23919097264,23303.994018554688,107876.23320952733,116404.28853544107,-7.326238090718828,1,-0.40132887679037443,REFERENCE,This test uses the supplied/current ticker universe and is not a survivorship-bias-free historical index-constituent study.
2020-03-02,T1_30D,84572.23919097264,23111.72802734375,107683.9672183164,116404.28853544107,-7.4914089737077365,1,-0.17822831358739188,REFERENCE,This test uses the supplied/current ticker universe and is not a survivorship-bias-free historical index-constituent study.
2020-03-03,T1_30D,107354.41601611667,0.0,107354.41601611667,116404.28853544107,-7.774518132610753,0,-0.3060355322270003,REFERENCE,This test uses the supplied/current ticker universe and is not a survivorship-bias-free historical index-constituent study.
2020-03-04,T1_30D,107354.41601611667,0.0,107354.41601611667,116404.28853544107,-7.774518132610753,0,0.0,REFERENCE,This test uses the supplied/current ticker universe and is not a survivorship-bias-free historical index-constituent study.
2020-03-05,T1_30D,107354.41601611667,0.0,107354.41601611667,116404.28853544107,-7.774518132610753,0,0.0,REFERENCE,This test uses the supplied/current ticker universe and is not a survivorship-bias-free historical index-constituent study.
2020-03-06,T1_30D,107354.41601611667,0.0,107354.41601611667,116404.28853544107,-7.774518132610753,0,0.0,REFERENCE,This test uses the supplied/current ticker universe and is not a survivorship-bias-free historical index-constituent study.
2020-03-09,T1_30D,107354.41601611667,0.0,107354.41601611667,116404.28853544107,-7.774518132610753,0,0.0,REFERENCE,This test uses the supplied/current ticker universe and is not a survivorship-bias-free historical index-constituent study.
2020-03-11,T1_30D,107354.41601611667,0.0,107354.41601611667,116404.28853544107,-7.774518132610753,0,0.0,REFERENCE,This test uses the supplied/current ticker universe and is not a survivorship-bias-free historical index-constituent study.
2020-03-12,T1_30D,107354.41601611667,0.0,107354.41601611667,116404.28853544107,-7.774518132610753,0,0.0,REFERENCE,This test uses the supplied/current ticker universe and is not a survivorship-bias-free historical index-constituent study.
2020-03-13,T1_30D,107354.41601611667,0.0,107354.41601611667,116404.28853544107,-7.774518132610753,0,0.0,REFERENCE,This test uses the supplied/current ticker universe and is not a survivorship-bias-free historical index-constituent study.
2020-03-16,T1_30D,107354.41601611667,0.0,107354.41601611667,116404.28853544107,-7.774518132610753,0,0.0,REFERENCE,This test uses the supplied/current ticker universe and is not a survivorship-bias-free historical index-constituent study.
2020-03-17,T1_30D,107354.41601611667,0.0,107354.41601611667,116404.28853544107,-7.774518132610753,0,0.0,REFERENCE,This test uses the supplied/current ticker universe and is not a survivorship-bias-free historical index-constituent study.
2020-03-18,T1_30D,107354.41601611667,0.0,107354.41601611667,116404.28853544107,-7.774518132610753,0,0.0,REFERENCE,This test uses the supplied/current ticker universe and is not a survivorship-bias-free historical index-constituent study.
2020-03-19,T1_30D,107354.41601611667,0.0,107354.41601611667,116404.28853544107,-7.774518132610753,0,0.0,REFERENCE,This test uses the supplied/current ticker universe and is not a survivorship-bias-free historical index-constituent study.
2020-03-20,T1_30D,107354.41601611667,0.0,107354.41601611667,116404.28853544107,-7.774518132610753,0,0.0,REFERENCE,This test uses the supplied/current ticker universe and is not a survivorship-bias-free historical index-constituent study.
2020-03-23,T1_30D,107354.41601611667,0.0,107354.41601611667,116404.28853544107,-7.774518132610753,0,0.0,REFERENCE,This test uses the supplied/current ticker universe and is not a survivorship-bias-free historical index-constituent study.
2020-03-24,T1_30D,107354.41601611667,0.0,107354.41601611667,116404.28853544107,-7.774518132610753,0,0.0,REFERENCE,This test uses the supplied/current ticker universe and is not a survivorship-bias-free historical index-constituent study.
2020-03-25,T1_30D,107354.41601611667,0.0,107354.41601611667,116404.28853544107,-7.774518132610753,0,0.0,REFERENCE,This test uses the supplied/current ticker universe and is not a survivorship-bias-free historical index-constituent study.
2020-03-26,T1_30D,107354.41601611667,0.0,107354.41601611667,116404.28853544107,-7.774518132610753,0,0.0,REFERENCE,This test uses the supplied/current ticker universe and is not a survivorship-bias-free historical index-constituent study.
2020-03-27,T1_30D,107354.41601611667,0.0,107354.41601611667,116404.28853544107,-7.774518132610753,0,0.0,REFERENCE,This test uses the supplied/current ticker universe and is not a survivorship-bias-free historical index-constituent study.
2020-03-30,T1_30D,107354.41601611667,0.0,107354.41601611667,116404.28853544107,-7.774518132610753,0,0.0,REFERENCE,This test uses the supplied/current ticker universe and is not a survivorship-bias-free historical index-constituent study.
2020-03-31,T1_30D,107354.41601611667,0.0,107354.41601611667,116404.28853544107,-7.774518132610753,0,0.0,REFERENCE,This test uses the supplied/current ticker universe and is not a survivorship-bias-free historical index-constituent study.
2020-04-01,T1_30D,107354.41601611667,0.0,107354.41601611667,116404.28853544107,-7.774518132610753,0,0.0,REFERENCE,This test uses the supplied/current ticker universe and is not a survivorship-bias-free historical index-constituent study.
2020-04-03,T1_30D,107354.41601611667,0.0,107354.41601611667,116404.28853544107,-7.774518132610753,0,0.0,REFERENCE,This test uses the supplied/current ticker universe and is not a survivorship-bias-free historical index-constituent study.
2020-04-07,T1_30D,107354.41601611667,0.0,107354.41601611667,116404.28853544107,-7.774518132610753,0,0.0,REFERENCE,This test uses the supplied/current ticker universe and is not a survivorship-bias-free historical index-constituent study.
2020-04-08,T1_30D,107354.41601611667,0.0,107354.41601611667,116404.28853544107,-7.774518132610753,0,0.0,REFERENCE,This test uses the supplied/current ticker universe and is not a survivorship-bias-free historical index-constituent study.
2020-04-09,T1_30D,107354.41601611667,0.0,107354.41601611667,116404.28853544107,-7.774518132610753,0,0.0,REFERENCE,This test uses the supplied/current ticker universe and is not a survivorship-bias-free historical index-constituent study.
2020-04-13,T1_30D,107354.41601611667,0.0,107354.41601611667,116404.28853544107,-7.774518132610753,0,0.0,REFERENCE,This test uses the supplied/current ticker universe and is not a survivorship-bias-free historical index-constituent study.
2020-04-15,T1_30D,107354.41601611667,0.0,107354.41601611667,116404.28853544107,-7.774518132610753,0,0.0,REFERENCE,This test uses the supplied/current ticker universe and is not a survivorship-bias-free historical index-constituent study.
2020-04-16,T1_30D,107354.41601611667,0.0,107354.41601611667,116404.28853544107,-7.774518132610753,0,0.0,REFERENCE,This test uses the supplied/current ticker universe and is not a survivorship-bias-free historical index-constituent study.
2020-04-17,T1_30D,107354.41601611667,0.0,107354.41601611667,116404.28853544107,-7.774518132610753,0,0.0,REFERENCE,This test uses the supplied/current ticker universe and is not a survivorship-bias-free historical index-constituent study.
2020-04-20,T1_30D,107354.41601611667,0.0,107354.41601611667,116404.28853544107,-7.774518132610753,0,0.0,REFERENCE,This test uses the supplied/current ticker universe and is not a survivorship-bias-free historical index-constituent study.
2020-04-21,T1_30D,107354.41601611667,0.0,107354.41601611667,116404.28853544107,-7.774518132610753,0,0.0,REFERENCE,This test uses the supplied/current ticker universe and is not a survivorship-bias-free historical index-constituent study.
2020-04-22,T1_30D,107354.41601611667,0.0,107354.41601611667,116404.28853544107,-7.774518132610753,0,0.0,REFERENCE,This test uses the supplied/current ticker universe and is not a survivorship-bias-free historical index-constituent study.
2020-04-23,T1_30D,107354.41601611667,0.0,107354.41601611667,116404.28853544107,-7.774518132610753,0,0.0,REFERENCE,This test uses the supplied/current ticker universe and is not a survivorship-bias-free historical index-constituent study.
2020-04-24,T1_30D,107354.41601611667,0.0,107354.41601611667,116404.28853544107,-7.774518132610753,0,0.0,REFERENCE,This test uses the supplied/current ticker universe and is not a survivorship-bias-free historical index-constituent study.
2020-04-27,T1_30D,107354.41601611667,0.0,107354.41601611667,116404.28853544107,-7.774518132610753,0,0.0,REFERENCE,This test uses the supplied/current ticker universe and is not a survivorship-bias-free historical index-constituent study.
2020-04-28,T1_30D,107354.41601611667,0.0,107354.41601611667,116404.28853544107,-7.774518132610753,0,0.0,REFERENCE,This test uses the supplied/current ticker universe and is not a survivorship-bias-free historical index-constituent study.
2020-04-29,T1_30D,107354.41601611667,0.0,107354.41601611667,116404.28853544107,-7.774518132610753,0,0.0,REFERENCE,This test uses the supplied/current ticker universe and is not a survivorship-bias-free historical index-constituent study.
2020-04-30,T1_30D,107354.41601611667,0.0,107354.41601611667,116404.28853544107,-7.774518132610753,0,0.0,REFERENCE,This test uses the supplied/current ticker universe and is not a survivorship-bias-free historical index-constituent study.
2020-05-04,T1_30D,107354.41601611667,0.0,107354.41601611667,116404.28853544107,-7.774518132610753,0,0.0,REFERENCE,This test uses the supplied/current ticker universe and is not a survivorship-bias-free historical index-constituent study.
2020-05-05,T1_30D,107354.41601611667,0.0,107354.41601611667,116404.28853544107,-7.774518132610753,0,0.0,REFERENCE,This test uses the supplied/current ticker universe and is not a survivorship-bias-free historical index-constituent study.
2020-05-06,T1_30D,107354.41601611667,0.0,107354.41601611667,116404.28853544107,-7.774518132610753,0,0.0,REFERENCE,This test uses the supplied/current ticker universe and is not a survivorship-bias-free historical index-constituent study.
2020-05-07,T1_30D,107354.41601611667,0.0,107354.41601611667,116404.28853544107,-7.774518132610753,0,0.0,REFERENCE,This test uses the supplied/current ticker universe and is not a survivorship-bias-free historical index-constituent study.
2020-05-08,T1_30D,107354.41601611667,0.0,107354.41601611667,116404.28853544107,-7.774518132610753,0,0.0,REFERENCE,This test uses the supplied/current ticker universe and is not a survivorship-bias-free historical index-constituent study.
2020-05-11,T1_30D,107354.41601611667,0.0,107354.41601611667,116404.28853544107,-7.774518132610753,0,0.0,REFERENCE,This test uses the supplied/current ticker universe and is not a survivorship-bias-free historical index-constituent study.
2020-05-12,T1_30D,107354.41601611667,0.0,107354.41601611667,116404.28853544107,-7.774518132610753,0,0.0,REFERENCE,This test uses the supplied/current ticker universe and is not a survivorship-bias-free historical index-constituent study.
2020-05-13,T1_30D,107354.41601611667,0.0,107354.41601611667,116404.28853544107,-7.774518132610753,0,0.0,REFERENCE,This test uses the supplied/current ticker universe and is not a survivorship-bias-free historical index-constituent study.
2020-05-14,T1_30D,107354.41601611667,0.0,107354.41601611667,116404.28853544107,-7.774518132610753,0,0.0,REFERENCE,This test uses the supplied/current ticker universe and is not a survivorship-bias-free historical index-constituent study.
2020-05-15,T1_30D,107354.41601611667,0.0,107354.41601611667,116404.28853544107,-7.774518132610753,0,0.0,REFERENCE,This test uses the supplied/current ticker universe and is not a survivorship-bias-free historical index-constituent study.
2020-05-18,T1_30D,107354.41601611667,0.0,107354.41601611667,116404.28853544107,-7.774518132610753,0,0.0,REFERENCE,This test uses the supplied/current ticker universe and is not a survivorship-bias-free historical index-constituent study.
2020-05-19,T1_30D,107354.41601611667,0.0,107354.41601611667,116404.28853544107,-7.774518132610753,0,0.0,REFERENCE,This test uses the supplied/current ticker universe and is not a survivorship-bias-free historical index-constituent study.
2020-05-20,T1_30D,107354.41601611667,0.0,107354.41601611667,116404.28853544107,-7.774518132610753,0,0.0,REFERENCE,This test uses the supplied/current ticker universe and is not a survivorship-bias-free historical index-constituent study.
2020-05-21,T1_30D,107354.41601611667,0.0,107354.41601611667,116404.28853544107,-7.774518132610753,0,0.0,REFERENCE,This test uses the supplied/current ticker universe and is not a survivorship-bias-free historical index-constituent study.
2020-05-22,T1_30D,107354.41601611667,0.0,107354.41601611667,116404.28853544107,-7.774518132610753,0,0.0,REFERENCE,This test uses the supplied/current ticker universe and is not a survivorship-bias-free historical index-constituent study.
2020-05-26,T1_30D,107354.41601611667,0.0,107354.41601611667,116404.28853544107,-7.774518132610753,0,0.0,REFERENCE,This test uses the supplied/current ticker universe and is not a survivorship-bias-free historical index-constituent study.
2020-05-27,T1_30D,107354.41601611667,0.0,107354.41601611667,116404.28853544107,-7.774518132610753,0,0.0,REFERENCE,This test uses the supplied/current ticker universe and is not a survivorship-bias-free historical index-constituent study.
2020-05-28,T1_30D,107354.41601611667,0.0,107354.41601611667,116404.28853544107,-7.774518132610753,0,0.0,REFERENCE,This test uses the supplied/current ticker universe and is not a survivorship-bias-free historical index-constituent study.
2020-05-29,T1_30D,107354.41601611667,0.0,107354.41601611667,116404.28853544107,-7.774518132610753,0,0.0,REFERENCE,This test uses the supplied/current ticker universe and is not a survivorship-bias-free historical index-constituent study.
2020-06-01,T1_30D,107354.41601611667,0.0,107354.41601611667,116404.28853544107,-7.774518132610753,0,0.0,REFERENCE,This test uses the supplied/current ticker universe and is not a survivorship-bias-free historical index-constituent study.
2020-06-02,T1_30D,107354.41601611667,0.0,107354.41601611667,116404.28853544107,-7.774518132610753,0,0.0,REFERENCE,This test uses the supplied/current ticker universe and is not a survivorship-bias-free historical index-constituent study.
2020-06-03,T1_30D,107354.41601611667,0.0,107354.41601611667,116404.28853544107,-7.774518132610753,0,0.0,REFERENCE,This test uses the supplied/current ticker universe and is not a survivorship-bias-free historical index-constituent study.
2020-06-04,T1_30D,107354.41601611667,0.0,107354.41601611667,116404.28853544107,-7.774518132610753,0,0.0,REFERENCE,This test uses the supplied/current ticker universe and is not a survivorship-bias-free historical index-constituent study.
2020-06-05,T1_30D,107354.41601611667,0.0,107354.41601611667,116404.28853544107,-7.774518132610753,0,0.0,REFERENCE,This test uses the supplied/current ticker universe and is not a survivorship-bias-free historical index-constituent study.
2020-06-08,T1_30D,107354.41601611667,0.0,107354.41601611667,116404.28853544107,-7.774518132610753,0,0.0,REFERENCE,This test uses the supplied/current ticker universe and is not a survivorship-bias-free historical index-constituent study.
2020-06-09,T1_30D,107354.41601611667,0.0,107354.41601611667,116404.28853544107,-7.774518132610753,0,0.0,REFERENCE,This test uses the supplied/current ticker universe and is not a survivorship-bias-free historical index-constituent study.
2020-06-10,T1_30D,107354.41601611667,0.0,107354.41601611667,116404.28853544107,-7.774518132610753,0,0.0,REFERENCE,This test uses the supplied/current ticker universe and is not a survivorship-bias-free historical index-constituent study.
2020-06-11,T1_30D,107354.41601611667,0.0,107354.41601611667,116404.28853544107,-7.774518132610753,0,0.0,REFERENCE,This test uses the supplied/current ticker universe and is not a survivorship-bias-free historical index-constituent study.
2020-06-12,T1_30D,107354.41601611667,0.0,107354.41601611667,116404.28853544107,-7.774518132610753,0,0.0,REFERENCE,This test uses the supplied/current ticker universe and is not a survivorship-bias-free historical index-constituent study.
2020-06-15,T1_30D,107354.41601611667,0.0,107354.41601611667,116404.28853544107,-7.774518132610753,0,0.0,REFERENCE,This test uses the supplied/current ticker universe and is not a survivorship-bias-free historical index-constituent study.
2020-06-16,T1_30D,107354.41601611667,0.0,107354.41601611667,116404.28853544107,-7.774518132610753,0,0.0,REFERENCE,This test uses the supplied/current ticker universe and is not a survivorship-bias-free historical index-constituent study.
2020-06-17,T1_30D,107354.41601611667,0.0,107354.41601611667,116404.28853544107,-7.774518132610753,0,0.0,REFERENCE,This test uses the supplied/current ticker universe and is not a survivorship-bias-free historical index-constituent study.
2020-06-18,T1_30D,107354.41601611667,0.0,107354.41601611667,116404.28853544107,-7.774518132610753,0,0.0,REFERENCE,This test uses the supplied/current ticker universe and is not a survivorship-bias-free historical index-constituent study.
2020-06-19,T1_30D,107354.41601611667,0.0,107354.41601611667,116404.28853544107,-7.774518132610753,0,0.0,REFERENCE,This test uses the supplied/current ticker universe and is not a survivorship-bias-free historical index-constituent study.
2020-06-22,T1_30D,107354.41601611667,0.0,107354.41601611667,116404.28853544107,-7.774518132610753,0,0.0,REFERENCE,This test uses the supplied/current ticker universe and is not a survivorship-bias-free historical index-constituent study.
2020-06-23,T1_30D,107354.41601611667,0.0,107354.41601611667,116404.28853544107,-7.774518132610753,0,0.0,REFERENCE,This test uses the supplied/current ticker universe and is not a survivorship-bias-free historical index-constituent study.
2020-06-24,T1_30D,107354.41601611667,0.0,107354.41601611667,116404.28853544107,-7.774518132610753,0,0.0,REFERENCE,This test uses the supplied/current ticker universe and is not a survivorship-bias-free historical index-constituent study.
2020-06-25,T1_30D,107354.41601611667,0.0,107354.41601611667,116404.28853544107,-7.774518132610753,0,0.0,REFERENCE,This test uses the supplied/current ticker universe and is not a survivorship-bias-free historical index-constituent study.
2020-06-26,T1_30D,107354.41601611667,0.0,107354.41601611667,116404.28853544107,-7.774518132610753,0,0.0,REFERENCE,This test uses the supplied/current ticker universe and is not a survivorship-bias-free historical index-constituent study.
2020-06-29,T1_30D,107354.41601611667,0.0,107354.41601611667,116404.28853544107,-7.774518132610753,0,0.0,REFERENCE,This test uses the supplied/current ticker universe and is not a survivorship-bias-free historical index-constituent study.
2020-06-30,T1_30D,107354.41601611667,0.0,107354.41601611667,116404.28853544107,-7.774518132610753,0,0.0,REFERENCE,This test uses the supplied/current ticker universe and is not a survivorship-bias-free historical index-constituent study.
2020-07-01,T1_30D,93021.06460755947,14361.80126953125,107382.86587709072,116404.28853544107,-7.750077571758562,1,0.026500876284196728,REFERENCE,This test uses the supplied/current ticker universe and is not a survivorship-bias-free historical index-constituent study.
2020-07-02,T1_30D,93021.06460755947,14799.228515625,107820.29312318447,116404.28853544107,-7.374294813582461,1,0.40735292592621875,REFERENCE,This test uses the supplied/current ticker universe and is not a survivorship-bias-free historical index-constituent study.
2020-07-03,T1_30D,93021.06460755947,14629.75341796875,107650.81802552822,116404.28853544107,-7.519886612465932,1,-0.1571829316607598,REFERENCE,This test uses the supplied/current ticker universe and is not a survivorship-bias-free historical index-constituent study.
2020-07-06,T1_30D,93021.06460755947,14533.56591796875,107554.63052552822,116404.28853544107,-7.602518877316477,1,-0.08935138790788777,REFERENCE,This test uses the supplied/current ticker universe and is not a survivorship-bias-free historical index-constituent study.
2020-07-07,T1_30D,93021.06460755947,14578.22607421875,107599.29068177822,116404.28853544107,-7.5641524590239095,1,0.04152322966644029,REFERENCE,This test uses the supplied/current ticker universe and is not a survivorship-bias-free historical index-constituent study.
2020-07-08,T1_30D,93021.06460755947,14528.9853515625,107550.04995912197,116404.28853544107,-7.606453926844193,1,-0.045763055076153414,REFERENCE,This test uses the supplied/current ticker universe and is not a survivorship-bias-free historical index-constituent study.
2020-07-09,T1_30D,93021.06460755947,14635.48095703125,107656.54556459072,116404.28853544107,-7.514966227543207,1,0.09901957787024074,REFERENCE,This test uses the supplied/current ticker universe and is not a survivorship-bias-free historical index-constituent study.
2020-07-10,T1_30D,93021.06460755947,14632.0458984375,107653.11050599697,116404.28853544107,-7.5179172000863765,1,-0.0031907568422639976,REFERENCE,This test uses the supplied/current ticker universe and is not a survivorship-bias-free historical index-constituent study.
2020-07-13,T1_30D,93021.06460755947,14619.4482421875,107640.51284974697,116404.28853544107,-7.52873953009543,1,-0.011702082913156442,REFERENCE,This test uses the supplied/current ticker universe and is not a survivorship-bias-free historical index-constituent study.
2020-07-14,T1_30D,93021.06460755947,14480.89306640625,107501.95767396572,116404.28853544107,-7.647768800859001,1,-0.1287202858041514,REFERENCE,This test uses the supplied/current ticker universe and is not a survivorship-bias-free historical index-constituent study.
2020-07-15,T1_30D,93021.06460755947,14616.0146484375,107637.07925599697,116404.28853544107,-7.531689244228135,1,0.12569220594200736,REFERENCE,This test uses the supplied/current ticker universe and is not a survivorship-bias-free historical index-constituent study.
2020-07-16,T1_30D,93021.06460755947,15447.35302734375,108468.41763490322,116404.28853544107,-6.817507327594418,1,0.7723531562288555,REFERENCE,This test uses the supplied/current ticker universe and is not a survivorship-bias-free historical index-constituent study.
2020-07-17,T1_30D,108864.79778365667,0.0,108864.79778365667,116404.28853544107,-6.476987099567966,0,0.36543369710402285,REFERENCE,This test uses the supplied/current ticker universe and is not a survivorship-bias-free historical index-constituent study.
2020-07-20,T1_30D,108864.79778365667,0.0,108864.79778365667,116404.28853544107,-6.476987099567966,0,0.0,REFERENCE,This test uses the supplied/current ticker universe and is not a survivorship-bias-free historical index-constituent study.
2020-07-21,T1_30D,108864.79778365667,0.0,108864.79778365667,116404.28853544107,-6.476987099567966,0,0.0,REFERENCE,This test uses the supplied/current ticker universe and is not a survivorship-bias-free historical index-constituent study.
2020-07-22,T1_30D,108864.79778365667,0.0,108864.79778365667,116404.28853544107,-6.476987099567966,0,0.0,REFERENCE,This test uses the supplied/current ticker universe and is not a survivorship-bias-free historical index-constituent study.
2020-07-23,T1_30D,108864.79778365667,0.0,108864.79778365667,116404.28853544107,-6.476987099567966,0,0.0,REFERENCE,This test uses the supplied/current ticker universe and is not a survivorship-bias-free historical index-constituent study.
2020-07-24,T1_30D,108864.79778365667,0.0,108864.79778365667,116404.28853544107,-6.476987099567966,0,0.0,REFERENCE,This test uses the supplied/current ticker universe and is not a survivorship-bias-free historical index-constituent study.
2020-07-27,T1_30D,108864.79778365667,0.0,108864.79778365667,116404.28853544107,-6.476987099567966,0,0.0,REFERENCE,This test uses the supplied/current ticker universe and is not a survivorship-bias-free historical index-constituent study.
2020-07-28,T1_30D,108864.79778365667,0.0,108864.79778365667,116404.28853544107,-6.476987099567966,0,0.0,REFERENCE,This test uses the supplied/current ticker universe and is not a survivorship-bias-free historical index-constituent study.
2020-07-29,T1_30D,108864.79778365667,0.0,108864.79778365667,116404.28853544107,-6.476987099567966,0,0.0,REFERENCE,This test uses the supplied/current ticker universe and is not a survivorship-bias-free historical index-constituent study.
2020-07-30,T1_30D,108864.79778365667,0.0,108864.79778365667,116404.28853544107,-6.476987099567966,0,0.0,REFERENCE,This test uses the supplied/current ticker universe and is not a survivorship-bias-free historical index-constituent study.
2020-07-31,T1_30D,108864.79778365667,0.0,108864.79778365667,116404.28853544107,-6.476987099567966,0,0.0,REFERENCE,This test uses the supplied/current ticker universe and is not a survivorship-bias-free historical index-constituent study.
2020-08-03,T1_30D,108864.79778365667,0.0,108864.79778365667,116404.28853544107,-6.476987099567966,0,0.0,REFERENCE,This test uses the supplied/current ticker universe and is not a survivorship-bias-free historical index-constituent study.
2020-08-04,T1_30D,108864.79778365667,0.0,108864.79778365667,116404.28853544107,-6.476987099567966,0,0.0,REFERENCE,This test uses the supplied/current ticker universe and is not a survivorship-bias-free historical index-constituent study.
2020-08-05,T1_30D,108864.79778365667,0.0,108864.79778365667,116404.28853544107,-6.476987099567966,0,0.0,REFERENCE,This test uses the supplied/current ticker universe and is not a survivorship-bias-free historical index-constituent study.
2020-08-06,T1_30D,108864.79778365667,0.0,108864.79778365667,116404.28853544107,-6.476987099567966,0,0.0,REFERENCE,This test uses the supplied/current ticker universe and is not a survivorship-bias-free historical index-constituent study.
2020-08-07,T1_30D,108864.79778365667,0.0,108864.79778365667,116404.28853544107,-6.476987099567966,0,0.0,REFERENCE,This test uses the supplied/current ticker universe and is not a survivorship-bias-free historical index-constituent study.
2020-08-10,T1_30D,108864.79778365667,0.0,108864.79778365667,116404.28853544107,-6.476987099567966,0,0.0,REFERENCE,This test uses the supplied/current ticker universe and is not a survivorship-bias-free historical index-constituent study.
2020-08-11,T1_30D,108864.79778365667,0.0,108864.79778365667,116404.28853544107,-6.476987099567966,0,0.0,REFERENCE,This test uses the supplied/current ticker universe and is not a survivorship-bias-free historical index-constituent study.
2020-08-12,T1_30D,108864.79778365667,0.0,108864.79778365667,116404.28853544107,-6.476987099567966,0,0.0,REFERENCE,This test uses the supplied/current ticker universe and is not a survivorship-bias-free historical index-constituent study.
2020-08-13,T1_30D,108864.79778365667,0.0,108864.79778365667,116404.28853544107,-6.476987099567966,0,0.0,REFERENCE,This test uses the supplied/current ticker universe and is not a survivorship-bias-free historical index-constituent study.
2020-08-14,T1_30D,108864.79778365667,0.0,108864.79778365667,116404.28853544107,-6.476987099567966,0,0.0,REFERENCE,This test uses the supplied/current ticker universe and is not a survivorship-bias-free historical index-constituent study.
2020-08-17,T1_30D,108864.79778365667,0.0,108864.79778365667,116404.28853544107,-6.476987099567966,0,0.0,REFERENCE,This test uses the supplied/current ticker universe and is not a survivorship-bias-free historical index-constituent study.
2020-08-18,T1_30D,108864.79778365667,0.0,108864.79778365667,116404.28853544107,-6.476987099567966,0,0.0,REFERENCE,This test uses the supplied/current ticker universe and is not a survivorship-bias-free historical index-constituent study.
2020-08-19,T1_30D,108864.79778365667,0.0,108864.79778365667,116404.28853544107,-6.476987099567966,0,0.0,REFERENCE,This test uses the supplied/current ticker universe and is not a survivorship-bias-free historical index-constituent study.
2020-08-20,T1_30D,108864.79778365667,0.0,108864.79778365667,116404.28853544107,-6.476987099567966,0,0.0,REFERENCE,This test uses the supplied/current ticker universe and is not a survivorship-bias-free historical index-constituent study.
2020-08-21,T1_30D,108864.79778365667,0.0,108864.79778365667,116404.28853544107,-6.476987099567966,0,0.0,REFERENCE,This test uses the supplied/current ticker universe and is not a survivorship-bias-free historical index-constituent study.
2020-08-24,T1_30D,108864.79778365667,0.0,108864.79778365667,116404.28853544107,-6.476987099567966,0,0.0,REFERENCE,This test uses the supplied/current ticker universe and is not a survivorship-bias-free historical index-constituent study.
2020-08-25,T1_30D,93505.6066041958,15532.470153808594,109038.07675800439,116404.28853544107,-6.3281274857789445,1,0.1591689672653107,REFERENCE,This test uses the supplied/current ticker universe and is not a survivorship-bias-free historical index-constituent study.
2020-08-26,T1_30D,93505.6066041958,15634.430419921875,109140.03702411767,116404.28853544107,-6.24053598258254,1,0.09350886327494923,REFERENCE,This test uses the supplied/current ticker universe and is not a survivorship-bias-free historical index-constituent study.
2020-08-27,T1_30D,93505.6066041958,16230.90234375,109736.5089479458,116404.28853544107,-5.728121937247321,1,0.5465198107788005,REFERENCE,This test uses the supplied/current ticker universe and is not a survivorship-bias-free historical index-constituent study.
2020-08-28,T1_30D,93505.6066041958,16094.529602050781,109600.13620624658,116404.28853544107,-5.845276333717608,1,-0.12427289970005084,REFERENCE,This test uses the supplied/current ticker universe and is not a survivorship-bias-free historical index-constituent study.
2020-08-31,T1_30D,93505.6066041958,15470.016174316406,108975.6227785122,116404.28853544107,-6.381780130606696,1,-0.5698108135186564,REFERENCE,This test uses the supplied/current ticker universe and is not a survivorship-bias-free historical index-constituent study.
2020-09-01,T1_30D,36375.193510364435,72619.07535934448,108994.26886970892,116404.28853544107,-6.365761742082254,4,0.017110332312220145,REFERENCE,This test uses the supplied/current ticker universe and is not a survivorship-bias-free historical index-constituent study.
2020-09-02,T1_30D,36375.193510364435,74054.5863571167,110429.77986748113,116404.28853544107,-5.132550306461347,4,1.3170518162640477,REFERENCE,This test uses the supplied/current ticker universe and is not a survivorship-bias-free historical index-constituent study.
2020-09-03,T1_30D,75134.38552955951,36697.698959350586,111832.0844889101,116404.28853544107,-3.9278656345542506,2,1.2698609225806345,REFERENCE,This test uses the supplied/current ticker universe and is not a survivorship-bias-free historical index-constituent study.
2020-09-04,T1_30D,75134.38552955951,36036.85921859741,111171.24474815693,116404.28853544107,-4.495576454376815,2,-0.5909214191734957,REFERENCE,This test uses the supplied/current ticker universe and is not a survivorship-bias-free historical index-constituent study.
2020-09-07,T1_30D,75134.38552955951,36093.555503845215,111227.94103340473,116404.28853544107,-4.446870100030997,2,0.05099905589456277,REFERENCE,This test uses the supplied/current ticker universe and is not a survivorship-bias-free historical index-constituent study.
2020-09-08,T1_30D,75134.38552955951,36110.62307739258,111245.00860695209,116404.28853544107,-4.432207776363972,2,0.01534468173085557,REFERENCE,This test uses the supplied/current ticker universe and is not a survivorship-bias-free historical index-constituent study.
2020-09-09,T1_30D,75134.38552955951,35626.819398880005,110761.20492843952,116404.28853544107,-4.847831362573407,2,-0.43489922340870235,REFERENCE,This test uses the supplied/current ticker universe and is not a survivorship-bias-free historical index-constituent study.
2020-09-10,T1_30D,86805.70724850996,24042.2314453125,110847.93869382246,116404.28853544107,-4.773320563637906,1,0.0783069897433597,REFERENCE,This test uses the supplied/current ticker universe and is not a survivorship-bias-free historical index-constituent study.
2020-09-11,T1_30D,86805.70724850996,24186.727294921875,110992.43454343184,116404.28853544107,-4.649187809228783,1,0.13035501725340293,REFERENCE,This test uses the supplied/current ticker universe and is not a survivorship-bias-free historical index-constituent study.
2020-09-14,T1_30D,111701.54073069696,0.0,111701.54073069696,116404.28853544107,-4.040012497745982,0,0.6388779471159678,REFERENCE,This test uses the supplied/current ticker universe and is not a survivorship-bias-free historical index-constituent study.
2020-09-15,T1_30D,111701.54073069696,0.0,111701.54073069696,116404.28853544107,-4.040012497745982,0,0.0,REFERENCE,This test uses the supplied/current ticker universe and is not a survivorship-bias-free historical index-constituent study.
2020-09-16,T1_30D,111701.54073069696,0.0,111701.54073069696,116404.28853544107,-4.040012497745982,0,0.0,REFERENCE,This test uses the supplied/current ticker universe and is not a survivorship-bias-free historical index-constituent study.
2020-09-17,T1_30D,111701.54073069696,0.0,111701.54073069696,116404.28853544107,-4.040012497745982,0,0.0,REFERENCE,This test uses the supplied/current ticker universe and is not a survivorship-bias-free historical index-constituent study.
2020-09-18,T1_30D,111701.54073069696,0.0,111701.54073069696,116404.28853544107,-4.040012497745982,0,0.0,REFERENCE,This test uses the supplied/current ticker universe and is not a survivorship-bias-free historical index-constituent study.
2020-09-21,T1_30D,110844.86837696529,0.0,110844.86837696529,116404.28853544107,-4.7759581957181325,0,-0.7669297559619537,REFERENCE,This test uses the supplied/current ticker universe and is not a survivorship-bias-free historical index-constituent study.
2020-09-22,T1_30D,93241.01211479888,17343.6484375,110584.66055229888,116404.28853544107,-4.9994962010100785,1,-0.23474954544713267,REFERENCE,This test uses the supplied/current ticker universe and is not a survivorship-bias-free historical index-constituent study.
2020-09-23,T1_30D,93241.01211479888,17543.86328125,110784.87539604888,116404.28853544107,-4.827496658494046,1,0.1810511898757472,REFERENCE,This test uses the supplied/current ticker universe and is not a survivorship-bias-free historical index-constituent study.
2020-09-24,T1_30D,93241.01211479888,17213.310546875,110454.32266167388,116404.28853544107,-5.111466208528581,1,-0.2983735218307526,REFERENCE,This test uses the supplied/current ticker universe and is not a survivorship-bias-free historical index-constituent study.
2020-09-25,T1_30D,93241.01211479888,17420.595703125,110661.60781792388,116404.28853544107,-4.933392738162512,1,0.1876659520921864,REFERENCE,This test uses the supplied/current ticker universe and is not a survivorship-bias-free historical index-constituent study.
2020-09-28,T1_30D,93241.01211479888,17882.2734375,111123.28555229888,116404.28853544107,-4.536776994718972,1,0.41719774678732335,REFERENCE,This test uses the supplied/current ticker universe and is not a survivorship-bias-free historical index-constituent study.
2020-09-29,T1_30D,93241.01211479888,18330.607421875,111571.61953667388,116404.28853544107,-4.1516245316819305,1,0.40345637923384636,REFERENCE,This test uses the supplied/current ticker universe and is not a survivorship-bias-free historical index-constituent study.
2020-09-30,T1_30D,93241.01211479888,18865.306640625,112106.31875542388,116404.28853544107,-3.6922778654401522,1,0.4792430377639656,REFERENCE,This test uses the supplied/current ticker universe and is not a survivorship-bias-free historical index-constituent study.
2020-10-01,T1_30D,93241.01211479888,18822.912109375,112063.92422417388,116404.28853544107,-3.728697942211723,1,-0.037816361932718756,REFERENCE,This test uses the supplied/current ticker universe and is not a survivorship-bias-free historical index-constituent study.
2020-10-05,T1_30D,93241.01211479888,18755.384765625,111996.39688042388,116404.28853544107,-3.7867089868215076,1,-0.060257878900360495,REFERENCE,This test uses the supplied/current ticker universe and is not a survivorship-bias-free historical index-constituent study.
2020-10-06,T1_30D,93241.01211479888,18843.326171875,112084.33828667388,116404.28853544107,-3.7111607339551878,1,0.07852163882011709,REFERENCE,This test uses the supplied/current ticker universe and is not a survivorship-bias-free historical index-constituent study.
2020-10-07,T1_30D,112380.03792514368,0.0,112380.03792514368,116404.28853544107,-3.457132603041635,0,0.2638188733500746,REFERENCE,This test uses the supplied/current ticker universe and is not a survivorship-bias-free historical index-constituent study.
2020-10-08,T1_30D,112380.03792514368,0.0,112380.03792514368,116404.28853544107,-3.457132603041635,0,0.0,REFERENCE,This test uses the supplied/current ticker universe and is not a survivorship-bias-free historical index-constituent study.
2020-10-09,T1_30D,112380.03792514368,0.0,112380.03792514368,116404.28853544107,-3.457132603041635,0,0.0,REFERENCE,This test uses the supplied/current ticker universe and is not a survivorship-bias-free historical index-constituent study.
2020-10-12,T1_30D,112380.03792514368,0.0,112380.03792514368,116404.28853544107,-3.457132603041635,0,0.0,REFERENCE,This test uses the supplied/current ticker universe and is not a survivorship-bias-free historical index-constituent study.
2020-10-13,T1_30D,112380.03792514368,0.0,112380.03792514368,116404.28853544107,-3.457132603041635,0,0.0,REFERENCE,This test uses the supplied/current ticker universe and is not a survivorship-bias-free historical index-constituent study.
2020-10-14,T1_30D,112380.03792514368,0.0,112380.03792514368,116404.28853544107,-3.457132603041635,0,0.0,REFERENCE,This test uses the supplied/current ticker universe and is not a survivorship-bias-free historical index-constituent study.
2020-10-15,T1_30D,112380.03792514368,0.0,112380.03792514368,116404.28853544107,-3.457132603041635,0,0.0,REFERENCE,This test uses the supplied/current ticker universe and is not a survivorship-bias-free historical index-constituent study.
2020-10-16,T1_30D,112380.03792514368,0.0,112380.03792514368,116404.28853544107,-3.457132603041635,0,0.0,REFERENCE,This test uses the supplied/current ticker universe and is not a survivorship-bias-free historical index-constituent study.
2020-10-19,T1_30D,112380.03792514368,0.0,112380.03792514368,116404.28853544107,-3.457132603041635,0,0.0,REFERENCE,This test uses the supplied/current ticker universe and is not a survivorship-bias-free historical index-constituent study.
2020-10-20,T1_30D,112380.03792514368,0.0,112380.03792514368,116404.28853544107,-3.457132603041635,0,0.0,REFERENCE,This test uses the supplied/current ticker universe and is not a survivorship-bias-free historical index-constituent study.
2020-10-21,T1_30D,112380.03792514368,0.0,112380.03792514368,116404.28853544107,-3.457132603041635,0,0.0,REFERENCE,This test uses the supplied/current ticker universe and is not a survivorship-bias-free historical index-constituent study.
2020-10-22,T1_30D,112380.03792514368,0.0,112380.03792514368,116404.28853544107,-3.457132603041635,0,0.0,REFERENCE,This test uses the supplied/current ticker universe and is not a survivorship-bias-free historical index-constituent study.
2020-10-23,T1_30D,112380.03792514368,0.0,112380.03792514368,116404.28853544107,-3.457132603041635,0,0.0,REFERENCE,This test uses the supplied/current ticker universe and is not a survivorship-bias-free historical index-constituent study.
2020-10-26,T1_30D,112380.03792514368,0.0,112380.03792514368,116404.28853544107,-3.457132603041635,0,0.0,REFERENCE,This test uses the supplied/current ticker universe and is not a survivorship-bias-free historical index-constituent study.
2020-10-27,T1_30D,112380.03792514368,0.0,112380.03792514368,116404.28853544107,-3.457132603041635,0,0.0,REFERENCE,This test uses the supplied/current ticker universe and is not a survivorship-bias-free historical index-constituent study.
2020-10-28,T1_30D,112380.03792514368,0.0,112380.03792514368,116404.28853544107,-3.457132603041635,0,0.0,REFERENCE,This test uses the supplied/current ticker universe and is not a survivorship-bias-free historical index-constituent study.
2020-10-29,T1_30D,92362.6312214926,19658.136352539062,112020.76757403166,116404.28853544107,-3.7657727361778193,1,-0.3196923205804003,REFERENCE,This test uses the supplied/current ticker universe and is not a survivorship-bias-free historical index-constituent study.
2020-10-30,T1_30D,92362.6312214926,19450.411376953125,111813.04259844573,116404.28853544107,-3.9442240442863596,1,-0.18543434408146986,REFERENCE,This test uses the supplied/current ticker universe and is not a survivorship-bias-free historical index-constituent study.
2020-11-02,T1_30D,74066.5168200346,37975.75927734375,112042.27609737834,116404.28853544107,-3.7472953041026824,2,0.2050149907429466,REFERENCE,This test uses the supplied/current ticker universe and is not a survivorship-bias-free historical index-constituent study.
2020-11-03,T1_30D,74066.5168200346,38332.47326660156,112398.99008663616,116404.28853544107,-3.440851277215129,2,0.3183744580017134,REFERENCE,This test uses the supplied/current ticker universe and is not a survivorship-bias-free historical index-constituent study.
2020-11-04,T1_30D,74066.5168200346,39135.553955078125,113202.07077511272,116404.28853544107,-2.750944832546598,2,0.7144910179865072,REFERENCE,This test uses the supplied/current ticker universe and is not a survivorship-bias-free historical index-constituent study.
2020-11-05,T1_30D,74066.5168200346,39750.064453125,113816.5812731596,116404.28853544107,-2.223034301260818,2,0.542843866582321,REFERENCE,This test uses the supplied/current ticker universe and is not a survivorship-bias-free historical index-constituent study.
2020-11-06,T1_30D,74066.5168200346,40091.06494140625,114157.58176144084,116404.28853544107,-1.9300893483114034,2,0.29960528111703244,REFERENCE,This test uses the supplied/current ticker universe and is not a survivorship-bias-free historical index-constituent study.
2020-11-09,T1_30D,95433.49170922406,19586.716308593754,115020.20801781781,116404.28853544107,-1.1890288021491946,1,0.7556451731604019,REFERENCE,This test uses the supplied/current ticker universe and is not a survivorship-bias-free historical index-constituent study.
2020-11-10,T1_30D,95433.49170922406,18802.595214843754,114236.08692406781,116404.28853544107,-1.8626475352865657,1,-0.6817246354036577,REFERENCE,This test uses the supplied/current ticker universe and is not a survivorship-bias-free historical index-constituent study.
2020-11-11,T1_30D,95433.49170922406,19344.5849609375,114778.07667016156,116404.28853544107,-1.3970377601546735,1,0.47444705144181754,REFERENCE,This test uses the supplied/current ticker universe and is not a survivorship-bias-free historical index-constituent study.
2020-11-12,T1_30D,95433.49170922406,19262.723388671875,114696.21509789594,116404.28853544107,-1.4673629803811594,1,-0.07132161005003468,REFERENCE,This test uses the supplied/current ticker universe and is not a survivorship-bias-free historical index-constituent study.
2020-11-13,T1_30D,95433.49170922406,19373.879394531246,114807.37110375531,116404.28853544107,-1.3718716481820548,1,0.09691340360664658,REFERENCE,This test uses the supplied/current ticker universe and is not a survivorship-bias-free historical index-constituent study.
2020-11-14,T1_30D,95433.49170922406,19533.289794921875,114966.78150414594,116404.28853544107,-1.2349261778765608,1,0.13885031845783935,REFERENCE,This test uses the supplied/current ticker universe and is not a survivorship-bias-free historical index-constituent study.
2020-11-17,T1_30D,95433.49170922406,19365.263671875,114798.75538109906,116404.28853544107,-1.379273199073916,1,-0.14615188913574828,REFERENCE,This test uses the supplied/current ticker universe and is not a survivorship-bias-free historical index-constituent study.
2020-11-18,T1_30D,95433.49170922406,19138.645019531246,114572.13672875531,116404.28853544107,-1.5739555902426483,1,-0.19740514746126037,REFERENCE,This test uses the supplied/current ticker universe and is not a survivorship-bias-free historical index-constituent study.
2020-11-19,T1_30D,95433.49170922406,18900.822753906246,114334.31446313031,116404.28853544107,-1.7782627241268,1,-0.2075742605621822,REFERENCE,This test uses the supplied/current ticker universe and is not a survivorship-bias-free historical index-constituent study.
2020-11-20,T1_30D,95433.49170922406,19014.562988281246,114448.05469750531,116404.28853544107,-1.680551346130299,1,0.09948040088321175,REFERENCE,This test uses the supplied/current ticker universe and is not a survivorship-bias-free historical index-constituent study.
2020-11-23,T1_30D,95433.49170922406,19643.583984375,115077.07569359906,116404.28853544107,-1.140175210501726,1,0.5496126585605055,REFERENCE,This test uses the supplied/current ticker universe and is not a survivorship-bias-free historical index-constituent study.
2020-11-24,T1_30D,95433.49170922406,19647.03125,115080.52295922406,116404.28853544107,-1.1372137512046798,1,0.0029956145515708243,REFERENCE,This test uses the supplied/current ticker universe and is not a survivorship-bias-free historical index-constituent study.
2020-11-25,T1_30D,95433.49170922406,19226.536865234375,114660.02857445844,116404.28853544107,-1.4984499135970886,1,-0.36539144414091673,REFERENCE,This test uses the supplied/current ticker universe and is not a survivorship-bias-free historical index-constituent study.
2020-11-26,T1_30D,95433.49170922406,19184.3115234375,114617.80323266156,116404.28853544107,-1.5347246439598172,1,-0.03682655788757039,REFERENCE,This test uses the supplied/current ticker universe and is not a survivorship-bias-free historical index-constituent study.
2020-11-27,T1_30D,95433.49170922406,18956.832275390625,114390.32398461469,116404.28853544107,-1.7301463512774284,1,-0.1984676390849316,REFERENCE,This test uses the supplied/current ticker universe and is not a survivorship-bias-free historical index-constituent study.
2020-12-01,T1_30D,95433.49170922406,19609.1162109375,115042.60792016156,116404.28853544107,-1.1697856087706904,1,0.5702264954110969,REFERENCE,This test uses the supplied/current ticker universe and is not a survivorship-bias-free historical index-constituent study.
2020-12-02,T1_30D,95433.49170922406,19661.683349609375,115095.17505883344,116404.28853544107,-1.1246265005168121,1,0.04569362571158475,REFERENCE,This test uses the supplied/current ticker universe and is not a survivorship-bias-free historical index-constituent study.
2020-12-03,T1_30D,95433.49170922406,19412.65625,114846.14795922406,116404.28853544107,-1.3385594257917743,1,-0.21636623731801086,REFERENCE,This test uses the supplied/current ticker universe and is not a survivorship-bias-free historical index-constituent study.
2020-12-04,T1_30D,95433.49170922406,19553.975830078125,114987.46753930219,116404.28853544107,-1.2171553247434796,1,0.12305121468096925,REFERENCE,This test uses the supplied/current ticker universe and is not a survivorship-bias-free historical index-constituent study.
2020-12-07,T1_30D,95433.49170922406,19706.485595703125,115139.97730492719,116404.28853544107,-1.0861380164090217,1,0.13263164142029993,REFERENCE,This test uses the supplied/current ticker universe and is not a survivorship-bias-free historical index-constituent study.
2020-12-08,T1_30D,95433.49170922406,19876.237792968754,115309.72950219281,116404.28853544107,-0.9403081682123782,1,0.1474311540083706,REFERENCE,This test uses the supplied/current ticker universe and is not a survivorship-bias-free historical index-constituent study.
2020-12-09,T1_30D,115634.95908064506,0.0,115634.95908064506,116404.28853544107,-0.6609116077040178,0,0.28204868735388633,REFERENCE,This test uses the supplied/current ticker universe and is not a survivorship-bias-free historical index-constituent study.
2020-12-10,T1_30D,115634.95908064506,0.0,115634.95908064506,116404.28853544107,-0.6609116077040178,0,0.0,REFERENCE,This test uses the supplied/current ticker universe and is not a survivorship-bias-free historical index-constituent study.
2020-12-11,T1_30D,115634.95908064506,0.0,115634.95908064506,116404.28853544107,-0.6609116077040178,0,0.0,REFERENCE,This test uses the supplied/current ticker universe and is not a survivorship-bias-free historical index-constituent study.
2020-12-14,T1_30D,115634.95908064506,0.0,115634.95908064506,116404.28853544107,-0.6609116077040178,0,0.0,REFERENCE,This test uses the supplied/current ticker universe and is not a survivorship-bias-free historical index-constituent study.
2020-12-15,T1_30D,94526.45059299111,21390.01025390625,115916.46084689736,116404.28853544107,-0.41908051213696007,1,0.24344001890983513,REFERENCE,This test uses the supplied/current ticker universe and is not a survivorship-bias-free historical index-constituent study.
2020-12-16,T1_30D,94526.45059299111,21688.269104003906,116214.71969699502,116404.28853544107,-0.16285382680581995,1,0.257305000444763,REFERENCE,This test uses the supplied/current ticker universe and is not a survivorship-bias-free historical index-constituent study.
2020-12-17,T1_30D,94526.45059299111,22166.40655517578,116692.85714816689,116692.85714816689,0.0,1,0.411425895461881,REFERENCE,This test uses the supplied/current ticker universe and is not a survivorship-bias-free historical index-constituent study.
2020-12-18,T1_30D,94526.45059299111,21698.261352539062,116224.71194553017,116692.85714816689,-0.401177256327101,1,-0.401177256327101,REFERENCE,This test uses the supplied/current ticker universe and is not a survivorship-bias-free historical index-constituent study.
2020-12-21,T1_30D,72984.40699516168,42101.00225830078,115085.40925346247,116692.85714816689,-1.377503245690026,2,-0.9802585637739836,REFERENCE,This test uses the supplied/current ticker universe and is not a survivorship-bias-free historical index-constituent study.
2020-12-22,T1_30D,93651.40378778151,21110.201110839844,114761.60489862136,116692.85714816689,-1.654987543147901,1,-0.2813600411568862,REFERENCE,This test uses the supplied/current ticker universe and is not a survivorship-bias-free historical index-constituent study.
2020-12-23,T1_30D,93651.40378778151,21149.404724121094,114800.80851190261,116692.85714816689,-1.6213919879105476,1,0.034160914110503704,REFERENCE,This test uses the supplied/current ticker universe and is not a survivorship-bias-free historical index-constituent study.
2020-12-24,T1_30D,93651.40378778151,21479.179138183594,115130.58292596511,116692.85714816689,-1.3387916453345028,1,0.28725791946693224,REFERENCE,This test uses the supplied/current ticker universe and is not a survivorship-bias-free historical index-constituent study.
2020-12-28,T1_30D,93651.40378778151,21721.32147216797,115372.72525994948,116692.85714816689,-1.1312876558855822,1,0.21031973245553282,REFERENCE,This test uses the supplied/current ticker universe and is not a survivorship-bias-free historical index-constituent study.
2020-12-29,T1_30D,93651.40378778151,21941.942504882812,115593.34629266433,116692.85714816689,-0.9422263558998334,1,0.1912246002837792,REFERENCE,This test uses the supplied/current ticker universe and is not a survivorship-bias-free historical index-constituent study.
2020-12-30,T1_30D,93651.40378778151,22023.425354003906,115674.82914178542,116692.85714816689,-0.8723995891958158,1,0.07049095102307223,REFERENCE,This test uses the supplied/current ticker universe and is not a survivorship-bias-free historical index-constituent study.
2020-12-31,T1_30D,93651.40378778151,22081.846069335938,115733.24985711745,116692.85714816689,-0.8223359291229082,1,0.050504259021133535,REFERENCE,This test uses the supplied/current ticker universe and is not a survivorship-bias-free historical index-constituent study.
2021-01-01,T1_30D,93651.40378778151,21908.89013671875,115560.29392450026,116692.85714816689,-0.9705505986785434,1,-0.14944359795540096,REFERENCE,This test uses the supplied/current ticker universe and is not a survivorship-bias-free historical index-constituent study.
2021-01-04,T1_30D,93651.40378778151,21769.751953125,115421.15574090651,116692.85714816689,-1.0897851319602858,1,-0.12040310635126339,REFERENCE,This test uses the supplied/current ticker universe and is not a survivorship-bias-free historical index-constituent study.
2021-01-05,T1_30D,93651.40378778151,21934.25244140625,115585.65622918776,116692.85714816689,-0.9488163594908783,1,0.1425219555507784,REFERENCE,This test uses the supplied/current ticker universe and is not a survivorship-bias-free historical index-constituent study.
2021-01-06,T1_30D,93651.40378778151,21839.703735351562,115491.10752313308,116692.85714816689,-1.0298399185718177,1,-0.0817996879017735,REFERENCE,This test uses the supplied/current ticker universe and is not a survivorship-bias-free historical index-constituent study.
2021-01-07,T1_30D,93651.40378778151,21773.594970703125,115424.99875848464,116692.85714816689,-1.0864918562002779,1,-0.05724143275290805,REFERENCE,This test uses the supplied/current ticker universe and is not a survivorship-bias-free historical index-constituent study.
2021-01-08,T1_30D,93651.40378778151,22010.357482910156,115661.76127069167,116692.85714816689,-0.8835981076082633,1,0.20512238661785087,REFERENCE,This test uses the supplied/current ticker universe and is not a survivorship-bias-free historical index-constituent study.
2021-01-11,T1_30D,116142.75615564667,0.0,116142.75615564667,116692.85714816689,-0.47140930984469476,0,0.41586335852978884,REFERENCE,This test uses the supplied/current ticker universe and is not a survivorship-bias-free historical index-constituent study.
2021-01-12,T1_30D,116142.75615564667,0.0,116142.75615564667,116692.85714816689,-0.47140930984469476,0,0.0,REFERENCE,This test uses the supplied/current ticker universe and is not a survivorship-bias-free historical index-constituent study.
2021-01-13,T1_30D,116142.75615564667,0.0,116142.75615564667,116692.85714816689,-0.47140930984469476,0,0.0,REFERENCE,This test uses the supplied/current ticker universe and is not a survivorship-bias-free historical index-constituent study.
2021-01-14,T1_30D,116142.75615564667,0.0,116142.75615564667,116692.85714816689,-0.47140930984469476,0,0.0,REFERENCE,This test uses the supplied/current ticker universe and is not a survivorship-bias-free historical index-constituent study.
2021-01-15,T1_30D,116142.75615564667,0.0,116142.75615564667,116692.85714816689,-0.47140930984469476,0,0.0,REFERENCE,This test uses the supplied/current ticker universe and is not a survivorship-bias-free historical index-constituent study.
2021-01-18,T1_30D,116142.75615564667,0.0,116142.75615564667,116692.85714816689,-0.47140930984469476,0,0.0,REFERENCE,This test uses the supplied/current ticker universe and is not a survivorship-bias-free historical index-constituent study.
2021-01-19,T1_30D,116142.75615564667,0.0,116142.75615564667,116692.85714816689,-0.47140930984469476,0,0.0,REFERENCE,This test uses the supplied/current ticker universe and is not a survivorship-bias-free historical index-constituent study.
2021-01-20,T1_30D,116142.75615564667,0.0,116142.75615564667,116692.85714816689,-0.47140930984469476,0,0.0,REFERENCE,This test uses the supplied/current ticker universe and is not a survivorship-bias-free historical index-constituent study.
2021-01-21,T1_30D,116142.75615564667,0.0,116142.75615564667,116692.85714816689,-0.47140930984469476,0,0.0,REFERENCE,This test uses the supplied/current ticker universe and is not a survivorship-bias-free historical index-constituent study.
2021-01-22,T1_30D,116142.75615564667,0.0,116142.75615564667,116692.85714816689,-0.47140930984469476,0,0.0,REFERENCE,This test uses the supplied/current ticker universe and is not a survivorship-bias-free historical index-constituent study.
2021-01-25,T1_30D,80537.51500063101,35806.27032470703,116343.78532533805,116692.85714816689,-0.29913726629010595,2,0.17308799648423356,REFERENCE,This test uses the supplied/current ticker universe and is not a survivorship-bias-free historical index-constituent study.
2021-01-27,T1_30D,80537.51500063101,34730.27770996094,115267.79271059195,116692.85714816689,-1.221209654473976,2,-0.9248389260648859,REFERENCE,This test uses the supplied/current ticker universe and is not a survivorship-bias-free historical index-constituent study.
2021-01-28,T1_30D,59047.606010489704,57911.65740966797,116959.26342015767,116959.26342015767,0.0,3,1.4674269974203291,REFERENCE,This test uses the supplied/current ticker universe and is not a survivorship-bias-free historical index-constituent study.
2021-01-29,T1_30D,59047.606010489704,57235.44876098633,116283.05477147603,116959.26342015767,-0.5781574104587794,3,-0.5781574104587794,REFERENCE,This test uses the supplied/current ticker universe and is not a survivorship-bias-free historical index-constituent study.
2021-02-01,T1_30D,73572.7856681486,46892.288818359375,120465.07448650798,120465.07448650798,0.0,2,3.596413702108703,REFERENCE,This test uses the supplied/current ticker universe and is not a survivorship-bias-free historical index-constituent study.
2021-02-02,T1_30D,73572.7856681486,48004.509521484375,121577.29518963298,121577.29518963298,0.0,2,0.9232723325544256,REFERENCE,This test uses the supplied/current ticker universe and is not a survivorship-bias-free historical index-constituent study.
2021-02-03,T1_30D,97448.80872612786,24842.90478515625,122291.7135112841,122291.7135112841,0.0,1,0.58762478679657,REFERENCE,This test uses the supplied/current ticker universe and is not a survivorship-bias-free historical index-constituent study.
2021-02-04,T1_30D,97448.80872612786,24752.849853515625,122201.65857964348,122291.7135112841,-0.07363943889159286,1,-0.07363943889159286,REFERENCE,This test uses the supplied/current ticker universe and is not a survivorship-bias-free historical index-constituent study.
2021-02-05,T1_30D,97448.80872612786,24516.0703125,121964.87903862786,122291.7135112841,-0.26725806947344166,1,-0.1937613153272455,REFERENCE,This test uses the supplied/current ticker universe and is not a survivorship-bias-free historical index-constituent study.
2021-02-08,T1_30D,97448.80872612786,24951.983642578125,122400.79236870598,122400.79236870598,0.0,1,0.35740889796649356,REFERENCE,This test uses the supplied/current ticker universe and is not a survivorship-bias-free historical index-constituent study.
2021-02-09,T1_30D,97448.80872612786,24663.188232421875,122111.99695854973,122400.79236870598,-0.2359424351488837,1,-0.2359424351488837,REFERENCE,This test uses the supplied/current ticker universe and is not a survivorship-bias-free historical index-constituent study.
2021-02-10,T1_30D,97448.80872612786,24945.77197265625,122394.5806987841,122400.79236870598,-0.005074860874398901,1,0.23141357710356747,REFERENCE,This test uses the supplied/current ticker universe and is not a survivorship-bias-free historical index-constituent study.
2021-02-11,T1_30D,97448.80872612786,24889.10009765625,122337.9088237841,122400.79236870598,-0.05137511261564809,1,-0.04630260153386523,REFERENCE,This test uses the supplied/current ticker universe and is not a survivorship-bias-free historical index-constituent study.
2021-02-12,T1_30D,97448.80872612786,24771.09814453125,122219.9068706591,122400.79236870598,-0.14778131296895314,1,-0.09645575460585087,REFERENCE,This test uses the supplied/current ticker universe and is not a survivorship-bias-free historical index-constituent study.
2021-02-15,T1_30D,97448.80872612786,24375.55517578125,121824.3639019091,122400.79236870598,-0.470935241220094,1,-0.32363219615981764,REFERENCE,This test uses the supplied/current ticker universe and is not a survivorship-bias-free historical index-constituent study.
2021-02-16,T1_30D,97448.80872612786,24134.512939453125,121583.32166558098,122400.79236870598,-0.6678638980232576,1,-0.19786045139723596,REFERENCE,This test uses the supplied/current ticker universe and is not a survivorship-bias-free historical index-constituent study.
2021-02-17,T1_30D,97448.80872612786,23857.358642578125,121306.16736870598,122400.79236870598,-0.8942956812752256,1,-0.22795420710525205,REFERENCE,This test uses the supplied/current ticker universe and is not a survivorship-bias-free historical index-constituent study.
2021-02-18,T1_30D,97448.80872612786,23735.0830078125,121183.89173394036,122400.79236870598,-0.9941934289934728,1,-0.10079919052587982,REFERENCE,This test uses the supplied/current ticker universe and is not a survivorship-bias-free historical index-constituent study.
2021-02-19,T1_30D,97448.80872612786,23847.64892578125,121296.4576519091,122400.79236870598,-0.9022284050827944,1,0.09288851542734733,REFERENCE,This test uses the supplied/current ticker universe and is not a survivorship-bias-free historical index-constituent study.
2021-02-22,T1_30D,120708.07840036445,0.0,120708.07840036445,122400.79236870598,-1.3829272961261463,0,-0.4850753788978368,REFERENCE,This test uses the supplied/current ticker universe and is not a survivorship-bias-free historical index-constituent study.
2021-02-23,T1_30D,84935.89983305614,35662.79040527344,120598.69023832958,122400.79236870598,-1.4722961310151939,2,-0.09062207226268049,REFERENCE,This test uses the supplied/current ticker universe and is not a survivorship-bias-free historical index-constituent study.
2021-02-24,T1_30D,84935.89983305614,36890.1650390625,121826.06487211864,122400.79236870598,-0.46954556867253583,2,1.0177346299230061,REFERENCE,This test uses the supplied/current ticker universe and is not a survivorship-bias-free historical index-constituent study.
2021-02-25,T1_30D,84935.89983305614,37049.208251953125,121985.10808500927,122400.79236870598,-0.33960914439552514,2,0.1305494132619156,REFERENCE,This test uses the supplied/current ticker universe and is not a survivorship-bias-free historical index-constituent study.
2021-02-26,T1_30D,84935.89983305614,35149.04333496094,120084.94316801708,122400.79236870598,-1.892021412502709,2,-1.5577023677906587,REFERENCE,This test uses the supplied/current ticker universe and is not a survivorship-bias-free historical index-constituent study.
2021-03-01,T1_30D,53578.28131708504,67481.19873046875,121059.48004755379,122400.79236870598,-1.09583630562764,4,0.8115396100685013,REFERENCE,This test uses the supplied/current ticker universe and is not a survivorship-bias-free historical index-constituent study.
2021-03-02,T1_30D,53578.28131708504,68508.53839111328,122086.81970819832,122400.79236870598,-0.25651195096996204,4,0.848623883268762,REFERENCE,This test uses the supplied/current ticker universe and is not a survivorship-bias-free historical index-constituent study.
2021-03-03,T1_30D,53578.28131708504,69199.87097167969,122778.15228876473,122778.15228876473,0.0,4,0.5662630759149634,REFERENCE,This test uses the supplied/current ticker universe and is not a survivorship-bias-free historical index-constituent study.
2021-03-04,T1_30D,53578.28131708504,67854.64752197266,121432.9288390577,122778.15228876473,-1.0956537662687449,4,-1.0956537662687449,REFERENCE,This test uses the supplied/current ticker universe and is not a survivorship-bias-free historical index-constituent study.
2021-03-05,T1_30D,53578.28131708504,67361.27166748047,120939.55298456551,122778.15228876473,-1.497497127888825,4,-0.40629494751468487,REFERENCE,This test uses the supplied/current ticker universe and is not a survivorship-bias-free historical index-constituent study.
2021-03-08,T1_30D,53578.28131708504,68262.92614746094,121841.20746454598,122778.15228876473,-0.7631201535067356,4,0.7455414359730073,REFERENCE,This test uses the supplied/current ticker universe and is not a survivorship-bias-free historical index-constituent study.
2021-03-09,T1_30D,53578.28131708504,68837.26354980469,122415.54486688973,122778.15228876473,-0.2953354608417391,4,0.4713819029665167,REFERENCE,This test uses the supplied/current ticker universe and is not a survivorship-bias-free historical index-constituent study.
2021-03-10,T1_30D,53578.28131708504,69426.95581054688,123005.23712763192,123005.23712763192,0.0,4,0.4817135449451282,REFERENCE,This test uses the supplied/current ticker universe and is not a survivorship-bias-free historical index-constituent study.
2021-03-12,T1_30D,53578.28131708504,68921.38940429688,122499.67072138192,123005.23712763192,-0.4110120983917276,4,-0.4110120983917276,REFERENCE,This test uses the supplied/current ticker universe and is not a survivorship-bias-free historical index-constituent study.
2021-03-15,T1_30D,53578.28131708504,67915.22973632812,121493.51105341317,123005.23712763192,-1.2289932603846476,4,-0.8213570387933578,REFERENCE,This test uses the supplied/current ticker universe and is not a survivorship-bias-free historical index-constituent study.
2021-03-16,T1_30D,53578.28131708504,67264.39276123047,120842.67407831551,123005.23712763192,-1.7581064837690619,4,-0.5356969022086489,REFERENCE,This test uses the supplied/current ticker universe and is not a survivorship-bias-free historical index-constituent study.
2021-03-17,T1_30D,53578.28131708504,66448.0531616211,120026.33447870614,123005.23712763192,-2.421768957556525,4,-0.6755391717666925,REFERENCE,This test uses the supplied/current ticker universe and is not a survivorship-bias-free historical index-constituent study.
2021-03-18,T1_30D,53578.28131708504,66245.4398803711,119823.72119745614,123005.23712763192,-2.586488189014746,4,-0.16880735559406945,REFERENCE,This test uses the supplied/current ticker universe and is not a survivorship-bias-free historical index-constituent study.
2021-03-19,T1_30D,57800.38042885429,62039.86071777344,119840.24114662773,123005.23712763192,-2.573057907867893,4,0.013786877094523753,REFERENCE,This test uses the supplied/current ticker universe and is not a survivorship-bias-free historical index-constituent study.
2021-03-22,T1_30D,57800.38042885429,61843.4850769043,119643.86550575859,123005.23712763192,-2.732706102899929,4,-0.16386452412830987,REFERENCE,This test uses the supplied/current ticker universe and is not a survivorship-bias-free historical index-constituent study.
2021-03-23,T1_30D,57800.38042885429,61761.3073425293,119561.68777138359,123005.23712763192,-2.799514424475491,4,-0.06868528865029422,REFERENCE,This test uses the supplied/current ticker universe and is not a survivorship-bias-free historical index-constituent study.
2021-03-24,T1_30D,74569.27694727379,43288.978607177734,117858.25555445152,123005.23712763192,-4.184359701562801,3,-1.4247308219579757,REFERENCE,This test uses the supplied/current ticker universe and is not a survivorship-bias-free historical index-constituent study.
2021-03-25,T1_30D,74569.27694727379,42410.67501831055,116979.95196558433,123005.23712763192,-4.898397257505116,3,-0.745220251848544,REFERENCE,This test uses the supplied/current ticker universe and is not a survivorship-bias-free historical index-constituent study.
2021-03-26,T1_30D,74569.27694727379,42676.36926269531,117245.6462099691,123005.23712763192,-4.682394873713047,3,0.2271280163142153,REFERENCE,This test uses the supplied/current ticker universe and is not a survivorship-bias-free historical index-constituent study.
2021-03-30,T1_30D,87912.78562428933,29252.098175048828,117164.88379933816,123005.23712763192,-4.748052574569428,2,-0.06888307859748144,REFERENCE,This test uses the supplied/current ticker universe and is not a survivorship-bias-free historical index-constituent study.
2021-03-31,T1_30D,87912.78562428933,29207.26690673828,117120.05253102761,123005.23712763192,-4.784499208353021,2,-0.038263400139004755,REFERENCE,This test uses the supplied/current ticker universe and is not a survivorship-bias-free historical index-constituent study.
2021-04-01,T1_30D,87912.78562428933,30156.62466430664,118069.41028859597,123005.23712763192,-4.012696495121149,2,0.810585153483312,REFERENCE,This test uses the supplied/current ticker universe and is not a survivorship-bias-free historical index-constituent study.
2021-04-05,T1_30D,77989.08678345513,38547.33041381836,116536.41719727349,123005.23712763192,-5.258979277155729,2,-1.2983829491274634,REFERENCE,This test uses the supplied/current ticker universe and is not a survivorship-bias-free historical index-constituent study.
2021-04-06,T1_30D,77989.08678345513,38563.52700805664,116552.61379151177,123005.23712763192,-5.245811875005623,2,0.013898311470184055,REFERENCE,This test uses the supplied/current ticker universe and is not a survivorship-bias-free historical index-constituent study.
2021-04-07,T1_30D,77989.08678345513,38775.95178222656,116765.0385656817,123005.23712763192,-5.073116159660184,2,0.18225655114856298,REFERENCE,This test uses the supplied/current ticker universe and is not a survivorship-bias-free historical index-constituent study.
2021-04-08,T1_30D,77989.08678345513,38789.52230834961,116778.60909180474,123005.23712763192,-5.062083681336549,2,0.01162207993912201,REFERENCE,This test uses the supplied/current ticker universe and is not a survivorship-bias-free historical index-constituent study.
2021-04-09,T1_30D,77989.08678345513,38614.27227783203,116603.35906128716,123005.23712763192,-5.204557314663017,2,-0.15007031842604324,REFERENCE,This test uses the supplied/current ticker universe and is not a survivorship-bias-free historical index-constituent study.
2021-04-12,T1_30D,115294.30336929258,0.0,115294.30336929258,123005.23712763192,-6.268784922009751,0,-1.1226569307549172,REFERENCE,This test uses the supplied/current ticker universe and is not a survivorship-bias-free historical index-constituent study.
2021-04-13,T1_30D,115294.30336929258,0.0,115294.30336929258,123005.23712763192,-6.268784922009751,0,0.0,REFERENCE,This test uses the supplied/current ticker universe and is not a survivorship-bias-free historical index-constituent study.
2021-04-15,T1_30D,115294.30336929258,0.0,115294.30336929258,123005.23712763192,-6.268784922009751,0,0.0,REFERENCE,This test uses the supplied/current ticker universe and is not a survivorship-bias-free historical index-constituent study.
2021-04-16,T1_30D,115294.30336929258,0.0,115294.30336929258,123005.23712763192,-6.268784922009751,0,0.0,REFERENCE,This test uses the supplied/current ticker universe and is not a survivorship-bias-free historical index-constituent study.
2021-04-19,T1_30D,97487.07829073479,17886.5947265625,115373.67301729729,123005.23712763192,-6.2042595002812835,1,0.06884091033576567,REFERENCE,This test uses the supplied/current ticker universe and is not a survivorship-bias-free historical index-constituent study.
2021-04-20,T1_30D,77507.85263951943,37731.2578125,115239.11045201943,123005.23712763192,-6.313655301972421,2,-0.11663195056439424,REFERENCE,This test uses the supplied/current ticker universe and is not a survivorship-bias-free historical index-constituent study.
2021-04-22,T1_30D,77507.85263951943,37232.349609375,114740.20224889443,123005.23712763192,-6.719254457565549,2,-0.4329330564667333,REFERENCE,This test uses the supplied/current ticker universe and is not a survivorship-bias-free historical index-constituent study.
2021-04-23,T1_30D,77507.85263951943,36750.446044921875,114258.29868444131,123005.23712763192,-7.111029292285065,2,-0.419995393949002,REFERENCE,This test uses the supplied/current ticker universe and is not a survivorship-bias-free historical index-constituent study.
2021-04-26,T1_30D,77507.85263951943,37109.976806640625,114617.82944616006,123005.23712763192,-6.818740305153814,2,0.3146649003690438,REFERENCE,This test uses the supplied/current ticker universe and is not a survivorship-bias-free historical index-constituent study.
2021-04-27,T1_30D,77507.85263951943,37362.09216308594,114869.94480260537,123005.23712763192,-6.613777197620663,2,0.2199617264290854,REFERENCE,This test uses the supplied/current ticker universe and is not a survivorship-bias-free historical index-constituent study.
2021-04-28,T1_30D,77507.85263951943,37633.8994140625,115141.75205358193,123005.23712763192,-6.3928051013720015,2,0.23662173029128653,REFERENCE,This test uses the supplied/current ticker universe and is not a survivorship-bias-free historical index-constituent study.
2021-04-29,T1_30D,77507.85263951943,37614.880126953125,115122.73276647256,123005.23712763192,-6.408267278067492,2,-0.016518149819821915,REFERENCE,This test uses the supplied/current ticker universe and is not a survivorship-bias-free historical index-constituent study.
2021-04-30,T1_30D,77507.85263951943,37407.15490722656,114915.007546746,123005.23712763192,-6.57714238011784,2,-0.18043805487829578,REFERENCE,This test uses the supplied/current ticker universe and is not a survivorship-bias-free historical index-constituent study.
2021-05-03,T1_30D,94436.11407342003,19805.450317382812,114241.56439080284,123005.23712763192,-7.124633829806582,1,-0.586035862782508,REFERENCE,This test uses the supplied/current ticker universe and is not a survivorship-bias-free historical index-constituent study.
2021-05-04,T1_30D,94436.11407342003,19473.663940429688,113909.77801384972,123005.23712763192,-7.394367366931398,1,-0.2904252744807767,REFERENCE,This test uses the supplied/current ticker universe and is not a survivorship-bias-free historical index-constituent study.
2021-05-05,T1_30D,75975.98297819882,38306.728515625,114282.71149382382,123005.23712763192,-7.09118232482856,2,0.32739373781305314,REFERENCE,This test uses the supplied/current ticker universe and is not a survivorship-bias-free historical index-constituent study.
2021-05-06,T1_30D,75975.98297819882,38509.840087890625,114485.82306608945,123005.23712763192,-6.926057995971835,2,0.1777272954156306,REFERENCE,This test uses the supplied/current ticker universe and is not a survivorship-bias-free historical index-constituent study.
2021-05-07,T1_30D,75975.98297819882,38347.88317871094,114323.86615690976,123005.23712763192,-7.057724673717958,2,-0.14146459783600518,REFERENCE,This test uses the supplied/current ticker universe and is not a survivorship-bias-free historical index-constituent study.
2021-05-10,T1_30D,75975.98297819882,38521.68957519531,114497.67255339414,123005.23712763192,-6.916424676625931,2,0.15202984497202365,REFERENCE,This test uses the supplied/current ticker universe and is not a survivorship-bias-free historical index-constituent study.
2021-05-11,T1_30D,75975.98297819882,38195.02819824219,114171.01117644101,123005.23712763192,-7.181991724486004,2,-0.2852995782956169,REFERENCE,This test uses the supplied/current ticker universe and is not a survivorship-bias-free historical index-constituent study.
2021-05-12,T1_30D,75975.98297819882,38303.21130371094,114279.19428190976,123005.23712763192,-7.094041724961597,2,0.09475531866978137,REFERENCE,This test uses the supplied/current ticker universe and is not a survivorship-bias-free historical index-constituent study.
2021-05-14,T1_30D,75975.98297819882,38262.353271484375,114238.3362496832,123005.23712763192,-7.127258223039778,2,-0.03575281789769402,REFERENCE,This test uses the supplied/current ticker universe and is not a survivorship-bias-free historical index-constituent study.
2021-05-17,T1_30D,75975.98297819882,37973.08312988281,113949.06610808164,123005.23712763192,-7.362427186863174,2,-0.2532163467168558,REFERENCE,This test uses the supplied/current ticker universe and is not a survivorship-bias-free historical index-constituent study.
2021-05-18,T1_30D,75975.98297819882,38195.53649902344,114171.51947722226,123005.23712763192,-7.181578489413154,2,0.19522175717492374,REFERENCE,This test uses the supplied/current ticker universe and is not a survivorship-bias-free historical index-constituent study.
2021-05-19,T1_30D,75975.98297819882,38562.00939941406,114537.99237761289,123005.23712763192,-6.883645727403708,2,0.32098451703950204,REFERENCE,This test uses the supplied/current ticker universe and is not a survivorship-bias-free historical index-constituent study.
2021-05-20,T1_30D,75975.98297819882,39020.82177734375,114996.80475554257,123005.23712763192,-6.510643415759354,2,0.40057658459480283,REFERENCE,This test uses the supplied/current ticker universe and is not a survivorship-bias-free historical index-constituent study.
2021-05-21,T1_30D,75975.98297819882,39300.16162109375,115276.14459929257,123005.23712763192,-6.283547521086064,2,0.24291096117305955,REFERENCE,This test uses the supplied/current ticker universe and is not a survivorship-bias-free historical index-constituent study.
2021-05-24,T1_30D,75975.98297819882,39296.99865722656,115272.98163542539,123005.23712763192,-6.28611892693921,2,-0.002743814757322216,REFERENCE,This test uses the supplied/current ticker universe and is not a survivorship-bias-free historical index-constituent study.
2021-05-25,T1_30D,75975.98297819882,39586.803466796875,115562.7864449957,123005.23712763192,-6.050515292217873,2,0.25140740306941467,REFERENCE,This test uses the supplied/current ticker universe and is not a survivorship-bias-free historical index-constituent study.
2021-05-26,T1_30D,75975.98297819882,40309.509033203125,116285.49201140195,123005.23712763192,-5.462974807533982,2,0.6253791455177682,REFERENCE,This test uses the supplied/current ticker universe and is not a survivorship-bias-free historical index-constituent study.
2021-05-27,T1_30D,75975.98297819882,40323.9697265625,116299.95270476132,123005.23712763192,-5.45121864682322,2,0.012435509459729488,REFERENCE,This test uses the supplied/current ticker universe and is not a survivorship-bias-free historical index-constituent study.
2021-05-28,T1_30D,75975.98297819882,40197.03991699219,116173.02289519101,123005.23712763192,-5.554409220277112,2,-0.10914003541561135,REFERENCE,This test uses the supplied/current ticker universe and is not a survivorship-bias-free historical index-constituent study.
2021-05-31,T1_30D,54337.08549908013,62137.19250488281,116474.27800396294,123005.23712763192,-5.309496795565183,3,0.25931589044017045,REFERENCE,This test uses the supplied/current ticker universe and is not a survivorship-bias-free historical index-constituent study.
2021-06-01,T1_30D,54337.08549908013,62068.093994140625,116405.17949322076,123005.23712763192,-5.365672054729553,3,-0.05932512476259921,REFERENCE,This test uses the supplied/current ticker universe and is not a survivorship-bias-free historical index-constituent study.
2021-06-02,T1_30D,74729.70357731222,41908.24157714844,116637.94515446066,123005.23712763192,-5.1764397369231325,2,0.19996160158273213,REFERENCE,This test uses the supplied/current ticker universe and is not a survivorship-bias-free historical index-constituent study.
2021-06-03,T1_30D,74729.70357731222,41709.8916015625,116439.59517887472,123005.23712763192,-5.337693013789813,2,-0.17005612995262265,REFERENCE,This test uses the supplied/current ticker universe and is not a survivorship-bias-free historical index-constituent study.
2021-06-04,T1_30D,74729.70357731222,41621.0244140625,116350.72799137472,123005.23712763192,-5.409939683586307,2,-0.0763204194960343,REFERENCE,This test uses the supplied/current ticker universe and is not a survivorship-bias-free historical index-constituent study.
2021-06-07,T1_30D,74729.70357731222,41527.65087890625,116257.35445621847,123005.23712763192,-5.485849894677052,2,-0.08025178421159351,REFERENCE,This test uses the supplied/current ticker universe and is not a survivorship-bias-free historical index-constituent study.
2021-06-08,T1_30D,74729.70357731222,41930.25439453125,116659.95797184347,123005.23712763192,-5.1585438993987704,2,0.3463036962333632,REFERENCE,This test uses the supplied/current ticker universe and is not a survivorship-bias-free historical index-constituent study.
2021-06-09,T1_30D,94996.42904166407,21717.329833984375,116713.75887564845,123005.23712763192,-5.1148051895183455,1,0.046117712315618675,REFERENCE,This test uses the supplied/current ticker universe and is not a survivorship-bias-free historical index-constituent study.
2021-06-10,T1_30D,94996.42904166407,21820.614379882812,116817.04342154688,123005.23712763192,-5.03083758918661,1,0.088493890431951,REFERENCE,This test uses the supplied/current ticker universe and is not a survivorship-bias-free historical index-constituent study.
2021-06-11,T1_30D,94996.42904166407,21990.066528320312,116986.49556998438,123005.23712763192,-4.89307748043476,1,0.14505772742938738,REFERENCE,This test uses the supplied/current ticker universe and is not a survivorship-bias-free historical index-constituent study.
2021-06-14,T1_30D,94996.42904166407,21854.500244140625,116850.9292858047,123005.23712763192,-5.0032892790096595,1,-0.1158819943440248,REFERENCE,This test uses the supplied/current ticker universe and is not a survivorship-bias-free historical index-constituent study.
2021-06-15,T1_30D,94996.42904166407,21728.625122070312,116725.05416373438,123005.23712763192,-5.105622419459365,1,-0.10772282500418617,REFERENCE,This test uses the supplied/current ticker universe and is not a survivorship-bias-free historical index-constituent study.
2021-06-16,T1_30D,94996.42904166407,21578.53662109375,116574.96566275782,123005.23712763192,-5.227640395670274,1,-0.12858293538765553,REFERENCE,This test uses the supplied/current ticker universe and is not a survivorship-bias-free historical index-constituent study.
2021-06-17,T1_30D,67132.78997900263,49424.4775390625,116557.26751806513,123005.23712763192,-5.242028518571362,2,-0.015181771310912584,REFERENCE,This test uses the supplied/current ticker universe and is not a survivorship-bias-free historical index-constituent study.
2021-06-18,T1_30D,67132.78997900263,49318.738525390625,116451.52850439325,123005.23712763192,-5.327991536196497,2,-0.09071850766876333,REFERENCE,This test uses the supplied/current ticker universe and is not a survivorship-bias-free historical index-constituent study.
2021-06-21,T1_30D,67132.78997900263,49242.51696777344,116375.30694677607,123005.23712763192,-5.389957643816857,2,-0.06545346256602302,REFERENCE,This test uses the supplied/current ticker universe and is not a survivorship-bias-free historical index-constituent study.
2021-06-22,T1_30D,67132.78997900263,49699.92468261719,116832.71466161982,123005.23712763192,-5.018097286058976,2,0.39304533482600323,REFERENCE,This test uses the supplied/current ticker universe and is not a survivorship-bias-free historical index-constituent study.
2021-06-23,T1_30D,67132.78997900263,49274.9296875,116407.71966650263,123005.23712763192,-5.363606961127687,2,-0.3637636909731068,REFERENCE,This test uses the supplied/current ticker universe and is not a survivorship-bias-free historical index-constituent study.
2021-06-24,T1_30D,67132.78997900263,49726.52429199219,116859.31427099482,123005.23712763192,-4.996472508125816,2,0.38794214489035195,REFERENCE,This test uses the supplied/current ticker universe and is not a survivorship-bias-free historical index-constituent study.
2021-06-25,T1_30D,67132.78997900263,50339.1318359375,117471.92181494013,123005.23712763192,-4.498438799764559,2,0.5242265434868942,REFERENCE,This test uses the supplied/current ticker universe and is not a survivorship-bias-free historical index-constituent study.
2021-06-28,T1_30D,67132.78997900263,50293.18225097656,117425.97222997919,123005.23712763192,-4.535794595366383,2,-0.03911537689264,REFERENCE,This test uses the supplied/current ticker universe and is not a survivorship-bias-free historical index-constituent study.
2021-06-29,T1_30D,67132.78997900263,50268.407958984375,117401.197937987,123005.23712763192,-4.555935438610703,2,-0.02109779593194583,REFERENCE,This test uses the supplied/current ticker universe and is not a survivorship-bias-free historical index-constituent study.
2021-06-30,T1_30D,46968.861163057634,70218.5813293457,117187.44249240334,123005.23712763192,-4.7297129545727845,3,-0.1820726273138784,REFERENCE,This test uses the supplied/current ticker universe and is not a survivorship-bias-free historical index-constituent study.
2021-07-01,T1_30D,46968.861163057634,70185.07955932617,117153.9407223838,123005.23712763192,-4.756949006306721,3,-0.028588191112455252,REFERENCE,This test uses the supplied/current ticker universe and is not a survivorship-bias-free historical index-constituent study.
2021-07-02,T1_30D,46968.861163057634,71030.80267333984,117999.66383639748,123005.23712763192,-4.06939851352881,3,0.7218904535339243,REFERENCE,This test uses the supplied/current ticker universe and is not a survivorship-bias-free historical index-constituent study.
2021-07-05,T1_30D,68490.82185013233,50296.888671875,118787.71052200733,123005.23712763192,-3.428737429487194,2,0.6678380768121883,REFERENCE,This test uses the supplied/current ticker universe and is not a survivorship-bias-free historical index-constituent study.
2021-07-06,T1_30D,67577.18237051312,50026.52136230469,117603.70373281781,123005.23712763192,-4.391303590764517,2,-0.9967418211753176,REFERENCE,This test uses the supplied/current ticker universe and is not a survivorship-bias-free historical index-constituent study.
2021-07-07,T1_30D,67577.18237051312,50453.422119140625,118030.60448965375,123005.23712763192,-4.044244581892409,2,0.3629994152274385,REFERENCE,This test uses the supplied/current ticker universe and is not a survivorship-bias-free historical index-constituent study.
2021-07-08,T1_30D,67577.18237051312,49731.3466796875,117308.52905020062,123005.23712763192,-4.631272790052277,2,-0.6117696698879627,REFERENCE,This test uses the supplied/current ticker universe and is not a survivorship-bias-free historical index-constituent study.
2021-07-09,T1_30D,89113.19281935203,28185.3857421875,117298.57856153953,123005.23712763192,-4.639362273795777,1,-0.008482323273217851,REFERENCE,This test uses the supplied/current ticker universe and is not a survivorship-bias-free historical index-constituent study.
2021-07-12,T1_30D,89113.19281935203,28207.001953125,117320.19477247703,123005.23712763192,-4.621788866807364,1,0.01842836563117345,REFERENCE,This test uses the supplied/current ticker universe and is not a survivorship-bias-free historical index-constituent study.
2021-07-13,T1_30D,89113.19281935203,28448.51806640625,117561.71088575828,123005.23712763192,-4.4254426632464146,1,0.2058606480748182,REFERENCE,This test uses the supplied/current ticker universe and is not a survivorship-bias-free historical index-constituent study.
2021-07-14,T1_30D,89113.19281935203,29033.05419921875,118146.24701857078,123005.23712763192,-3.9502302686668433,1,0.49721642225888374,REFERENCE,This test uses the supplied/current ticker universe and is not a survivorship-bias-free historical index-constituent study.
2021-07-15,T1_30D,118836.35934558004,0.0,118836.35934558004,123005.23712763192,-3.389187224383128,0,0.5841170112672156,REFERENCE,This test uses the supplied/current ticker universe and is not a survivorship-bias-free historical index-constituent study.
2021-07-16,T1_30D,118836.35934558004,0.0,118836.35934558004,123005.23712763192,-3.389187224383128,0,0.0,REFERENCE,This test uses the supplied/current ticker universe and is not a survivorship-bias-free historical index-constituent study.
2021-07-19,T1_30D,118836.35934558004,0.0,118836.35934558004,123005.23712763192,-3.389187224383128,0,0.0,REFERENCE,This test uses the supplied/current ticker universe and is not a survivorship-bias-free historical index-constituent study.
2021-07-20,T1_30D,118836.35934558004,0.0,118836.35934558004,123005.23712763192,-3.389187224383128,0,0.0,REFERENCE,This test uses the supplied/current ticker universe and is not a survivorship-bias-free historical index-constituent study.
2021-07-22,T1_30D,118836.35934558004,0.0,118836.35934558004,123005.23712763192,-3.389187224383128,0,0.0,REFERENCE,This test uses the supplied/current ticker universe and is not a survivorship-bias-free historical index-constituent study.
2021-07-23,T1_30D,118836.35934558004,0.0,118836.35934558004,123005.23712763192,-3.389187224383128,0,0.0,REFERENCE,This test uses the supplied/current ticker universe and is not a survivorship-bias-free historical index-constituent study.
2021-07-26,T1_30D,96324.26972878145,22632.136474609375,118956.40620339083,123005.23712763192,-3.29159230841527,1,0.1010186263462387,REFERENCE,This test uses the supplied/current ticker universe and is not a survivorship-bias-free historical index-constituent study.
2021-07-27,T1_30D,96324.26972878145,22579.780029296875,118904.04975807833,123005.23712763192,-3.3341567117976756,1,-0.04401313639467164,REFERENCE,This test uses the supplied/current ticker universe and is not a survivorship-bias-free historical index-constituent study.
2021-07-28,T1_30D,96324.26972878145,22377.200439453125,118701.47016823458,123005.23712763192,-3.498848553034939,1,-0.17037232142717018,REFERENCE,This test uses the supplied/current ticker universe and is not a survivorship-bias-free historical index-constituent study.
2021-07-29,T1_30D,96324.26972878145,22934.865966796875,119259.13569557833,123005.23712763192,-3.04548124903542,1,0.4698050719619262,REFERENCE,This test uses the supplied/current ticker universe and is not a survivorship-bias-free historical index-constituent study.
2021-07-30,T1_30D,120113.63930527565,0.0,120113.63930527565,123005.23712763192,-2.3507924458174956,0,0.7165099803159158,REFERENCE,This test uses the supplied/current ticker universe and is not a survivorship-bias-free historical index-constituent study.
2021-08-02,T1_30D,120113.63930527565,0.0,120113.63930527565,123005.23712763192,-2.3507924458174956,0,0.0,REFERENCE,This test uses the supplied/current ticker universe and is not a survivorship-bias-free historical index-constituent study.
2021-08-03,T1_30D,120113.63930527565,0.0,120113.63930527565,123005.23712763192,-2.3507924458174956,0,0.0,REFERENCE,This test uses the supplied/current ticker universe and is not a survivorship-bias-free historical index-constituent study.
2021-08-04,T1_30D,120113.63930527565,0.0,120113.63930527565,123005.23712763192,-2.3507924458174956,0,0.0,REFERENCE,This test uses the supplied/current ticker universe and is not a survivorship-bias-free historical index-constituent study.
2021-08-05,T1_30D,120113.63930527565,0.0,120113.63930527565,123005.23712763192,-2.3507924458174956,0,0.0,REFERENCE,This test uses the supplied/current ticker universe and is not a survivorship-bias-free historical index-constituent study.
2021-08-06,T1_30D,99745.59722905332,20323.990264892578,120069.5874939459,123005.23712763192,-2.386605401719555,1,-0.03667511165637016,REFERENCE,This test uses the supplied/current ticker universe and is not a survivorship-bias-free historical index-constituent study.
2021-08-09,T1_30D,99745.59722905332,20219.02377319336,119964.62100224668,123005.23712763192,-2.4719403794411177,1,-0.08742138112576292,REFERENCE,This test uses the supplied/current ticker universe and is not a survivorship-bias-free historical index-constituent study.
2021-08-10,T1_30D,99745.59722905332,19894.79214477539,119640.38937382872,123005.23712763192,-2.7355321060938187,1,-0.27027270682736804,REFERENCE,This test uses the supplied/current ticker universe and is not a survivorship-bias-free historical index-constituent study.
2021-08-11,T1_30D,71439.30815555232,48560.05258178711,119999.36073733943,123005.23712763192,-2.4436978948900734,2,0.30004195522055355,REFERENCE,This test uses the supplied/current ticker universe and is not a survivorship-bias-free historical index-constituent study.
2021-08-12,T1_30D,71439.30815555232,49243.07540893555,120682.38356448787,123005.23712763192,-1.8884184262283221,2,0.5691887214661628,REFERENCE,This test uses the supplied/current ticker universe and is not a survivorship-bias-free historical index-constituent study.
2021-08-13,T1_30D,101101.75185018443,20116.390319824222,121218.14217000865,123005.23712763192,-1.4528608694676537,1,0.4439410207990324,REFERENCE,This test uses the supplied/current ticker universe and is not a survivorship-bias-free historical index-constituent study.
2021-08-16,T1_30D,101101.75185018443,19820.14892578125,120921.90077596568,123005.23712763192,-1.6936972768928027,1,-0.24438701067327484,REFERENCE,This test uses the supplied/current ticker universe and is not a survivorship-bias-free historical index-constituent study.
2021-08-17,T1_30D,120554.99181056139,0.0,120554.99181056139,123005.23712763192,-1.9919845482092136,0,-0.3034263959215022,REFERENCE,This test uses the supplied/current ticker universe and is not a survivorship-bias-free historical index-constituent study.
2021-08-18,T1_30D,120554.99181056139,0.0,120554.99181056139,123005.23712763192,-1.9919845482092136,0,0.0,REFERENCE,This test uses the supplied/current ticker universe and is not a survivorship-bias-free historical index-constituent study.
2021-08-20,T1_30D,120554.99181056139,0.0,120554.99181056139,123005.23712763192,-1.9919845482092136,0,0.0,REFERENCE,This test uses the supplied/current ticker universe and is not a survivorship-bias-free historical index-constituent study.
2021-08-23,T1_30D,120554.99181056139,0.0,120554.99181056139,123005.23712763192,-1.9919845482092136,0,0.0,REFERENCE,This test uses the supplied/current ticker universe and is not a survivorship-bias-free historical index-constituent study.
2021-08-24,T1_30D,120554.99181056139,0.0,120554.99181056139,123005.23712763192,-1.9919845482092136,0,0.0,REFERENCE,This test uses the supplied/current ticker universe and is not a survivorship-bias-free historical index-constituent study.
2021-08-25,T1_30D,120554.99181056139,0.0,120554.99181056139,123005.23712763192,-1.9919845482092136,0,0.0,REFERENCE,This test uses the supplied/current ticker universe and is not a survivorship-bias-free historical index-constituent study.
2021-08-26,T1_30D,120554.99181056139,0.0,120554.99181056139,123005.23712763192,-1.9919845482092136,0,0.0,REFERENCE,This test uses the supplied/current ticker universe and is not a survivorship-bias-free historical index-constituent study.
2021-08-27,T1_30D,120554.99181056139,0.0,120554.99181056139,123005.23712763192,-1.9919845482092136,0,0.0,REFERENCE,This test uses the supplied/current ticker universe and is not a survivorship-bias-free historical index-constituent study.
2021-08-30,T1_30D,120554.99181056139,0.0,120554.99181056139,123005.23712763192,-1.9919845482092136,0,0.0,REFERENCE,This test uses the supplied/current ticker universe and is not a survivorship-bias-free historical index-constituent study.
2021-08-31,T1_30D,120554.99181056139,0.0,120554.99181056139,123005.23712763192,-1.9919845482092136,0,0.0,REFERENCE,This test uses the supplied/current ticker universe and is not a survivorship-bias-free historical index-constituent study.
2021-09-01,T1_30D,120554.99181056139,0.0,120554.99181056139,123005.23712763192,-1.9919845482092136,0,0.0,REFERENCE,This test uses the supplied/current ticker universe and is not a survivorship-bias-free historical index-constituent study.
2021-09-02,T1_30D,120554.99181056139,0.0,120554.99181056139,123005.23712763192,-1.9919845482092136,0,0.0,REFERENCE,This test uses the supplied/current ticker universe and is not a survivorship-bias-free historical index-constituent study.
2021-09-03,T1_30D,120554.99181056139,0.0,120554.99181056139,123005.23712763192,-1.9919845482092136,0,0.0,REFERENCE,This test uses the supplied/current ticker universe and is not a survivorship-bias-free historical index-constituent study.
2021-09-06,T1_30D,120554.99181056139,0.0,120554.99181056139,123005.23712763192,-1.9919845482092136,0,0.0,REFERENCE,This test uses the supplied/current ticker universe and is not a survivorship-bias-free historical index-constituent study.
2021-09-07,T1_30D,120554.99181056139,0.0,120554.99181056139,123005.23712763192,-1.9919845482092136,0,0.0,REFERENCE,This test uses the supplied/current ticker universe and is not a survivorship-bias-free historical index-constituent study.
2021-09-08,T1_30D,120554.99181056139,0.0,120554.99181056139,123005.23712763192,-1.9919845482092136,0,0.0,REFERENCE,This test uses the supplied/current ticker universe and is not a survivorship-bias-free historical index-constituent study.
2021-09-09,T1_30D,120554.99181056139,0.0,120554.99181056139,123005.23712763192,-1.9919845482092136,0,0.0,REFERENCE,This test uses the supplied/current ticker universe and is not a survivorship-bias-free historical index-constituent study.
2021-09-13,T1_30D,120554.99181056139,0.0,120554.99181056139,123005.23712763192,-1.9919845482092136,0,0.0,REFERENCE,This test uses the supplied/current ticker universe and is not a survivorship-bias-free historical index-constituent study.
2021-09-14,T1_30D,120554.99181056139,0.0,120554.99181056139,123005.23712763192,-1.9919845482092136,0,0.0,REFERENCE,This test uses the supplied/current ticker universe and is not a survivorship-bias-free historical index-constituent study.
2021-09-15,T1_30D,120554.99181056139,0.0,120554.99181056139,123005.23712763192,-1.9919845482092136,0,0.0,REFERENCE,This test uses the supplied/current ticker universe and is not a survivorship-bias-free historical index-constituent study.
2021-09-16,T1_30D,120554.99181056139,0.0,120554.99181056139,123005.23712763192,-1.9919845482092136,0,0.0,REFERENCE,This test uses the supplied/current ticker universe and is not a survivorship-bias-free historical index-constituent study.
2021-09-17,T1_30D,120554.99181056139,0.0,120554.99181056139,123005.23712763192,-1.9919845482092136,0,0.0,REFERENCE,This test uses the supplied/current ticker universe and is not a survivorship-bias-free historical index-constituent study.
2021-09-20,T1_30D,120554.99181056139,0.0,120554.99181056139,123005.23712763192,-1.9919845482092136,0,0.0,REFERENCE,This test uses the supplied/current ticker universe and is not a survivorship-bias-free historical index-constituent study.
2021-09-21,T1_30D,96707.3340266044,24083.464965820312,120790.79899242471,123005.23712763192,-1.8002795546904093,1,0.19560134202809554,REFERENCE,This test uses the supplied/current ticker universe and is not a survivorship-bias-free historical index-constituent study.
2021-09-22,T1_30D,96707.3340266044,24086.20971679688,120793.54374340127,123005.23712763192,-1.7980481448409913,1,0.002272317924423284,REFERENCE,This test uses the supplied/current ticker universe and is not a survivorship-bias-free historical index-constituent study.
2021-09-23,T1_30D,96707.3340266044,24687.196655273438,121394.53068187783,123005.23712763192,-1.3094616809549264,1,0.49753233480194226,REFERENCE,This test uses the supplied/current ticker universe and is not a survivorship-bias-free historical index-constituent study.
2021-09-24,T1_30D,96707.3340266044,24190.491943359375,120897.82596996377,123005.23712763192,-1.7132694565528683,1,-0.4091656429033974,REFERENCE,This test uses the supplied/current ticker universe and is not a survivorship-bias-free historical index-constituent study.
2021-09-27,T1_30D,96707.3340266044,24511.5673828125,121218.9014094169,123005.23712763192,-1.4522436279371553,1,0.26557585868656197,REFERENCE,This test uses the supplied/current ticker universe and is not a survivorship-bias-free historical index-constituent study.
2021-09-28,T1_30D,96707.3340266044,24418.26049804688,121125.59452465127,123005.23712763192,-1.5280996540255498,1,-0.07697387427268998,REFERENCE,This test uses the supplied/current ticker universe and is not a survivorship-bias-free historical index-constituent study.
2021-09-29,T1_30D,96707.3340266044,25247.023315429688,121954.35734203408,123005.23712763192,-0.8543374332163012,1,0.6842177498779023,REFERENCE,This test uses the supplied/current ticker universe and is not a survivorship-bias-free historical index-constituent study.
2021-09-30,T1_30D,96707.3340266044,24862.82958984375,121570.16361644815,123005.23712763192,-1.166676756774765,1,-0.3150307491748161,REFERENCE,This test uses the supplied/current ticker universe and is not a survivorship-bias-free historical index-constituent study.
2021-10-01,T1_30D,96707.3340266044,24788.734130859375,121496.06815746377,123005.23712763192,-1.2269144025162215,1,-0.060948720294684566,REFERENCE,This test uses the supplied/current ticker universe and is not a survivorship-bias-free historical index-constituent study.
2021-10-04,T1_30D,69269.88979595117,53132.877197265625,122402.76699321679,123005.23712763192,-0.48979226290177813,2,0.7462783360017156,REFERENCE,This test uses the supplied/current ticker universe and is not a survivorship-bias-free historical index-constituent study.
2021-10-05,T1_30D,69269.88979595117,53241.376708984375,122511.26650493554,123005.23712763192,-0.40158503347611507,2,0.08864138808624134,REFERENCE,This test uses the supplied/current ticker universe and is not a survivorship-bias-free historical index-constituent study.
2021-10-06,T1_30D,69269.88979595117,52479.94812011719,121749.83791606835,123005.23712763192,-1.0206063098443074,2,-0.621517196409449,REFERENCE,This test uses the supplied/current ticker universe and is not a survivorship-bias-free historical index-constituent study.
2021-10-07,T1_30D,69269.88979595117,52799.492431640625,122069.38222759179,123005.23712763192,-0.7608252476836164,2,0.2624597428570796,REFERENCE,This test uses the supplied/current ticker universe and is not a survivorship-bias-free historical index-constituent study.
2021-10-08,T1_30D,69269.88979595117,53038.449462890625,122308.33925884179,123005.23712763192,-0.566559510036968,2,0.19575509180875805,REFERENCE,This test uses the supplied/current ticker universe and is not a survivorship-bias-free historical index-constituent study.
2021-10-11,T1_30D,36852.59155196199,86357.37745666504,123209.96900862703,123209.96900862703,0.0,3,0.737177657099175,REFERENCE,This test uses the supplied/current ticker universe and is not a survivorship-bias-free historical index-constituent study.
2021-10-12,T1_30D,36852.59155196199,86529.21990966797,123381.81146162996,123381.81146162996,0.0,3,0.13947122492246056,REFERENCE,This test uses the supplied/current ticker universe and is not a survivorship-bias-free historical index-constituent study.
2021-10-13,T1_30D,67594.76580569686,56884.939453125,124479.70525882186,124479.70525882186,0.0,2,0.8898343963229527,REFERENCE,This test uses the supplied/current ticker universe and is not a survivorship-bias-free historical index-constituent study.
2021-10-14,T1_30D,125107.72108692472,0.0,125107.72108692472,125107.72108692472,0.0,0,0.5045126246058018,REFERENCE,This test uses the supplied/current ticker universe and is not a survivorship-bias-free historical index-constituent study.
2021-10-18,T1_30D,125107.72108692472,0.0,125107.72108692472,125107.72108692472,0.0,0,0.0,REFERENCE,This test uses the supplied/current ticker universe and is not a survivorship-bias-free historical index-constituent study.
2021-10-19,T1_30D,125107.72108692472,0.0,125107.72108692472,125107.72108692472,0.0,0,0.0,REFERENCE,This test uses the supplied/current ticker universe and is not a survivorship-bias-free historical index-constituent study.
2021-10-20,T1_30D,125107.72108692472,0.0,125107.72108692472,125107.72108692472,0.0,0,0.0,REFERENCE,This test uses the supplied/current ticker universe and is not a survivorship-bias-free historical index-constituent study.
2021-10-21,T1_30D,125107.72108692472,0.0,125107.72108692472,125107.72108692472,0.0,0,0.0,REFERENCE,This test uses the supplied/current ticker universe and is not a survivorship-bias-free historical index-constituent study.
2021-10-22,T1_30D,125107.72108692472,0.0,125107.72108692472,125107.72108692472,0.0,0,0.0,REFERENCE,This test uses the supplied/current ticker universe and is not a survivorship-bias-free historical index-constituent study.
2021-10-25,T1_30D,110319.83068004632,14638.122070312496,124957.95275035882,125107.72108692472,-0.11971150562469779,1,-0.11971150562469779,REFERENCE,This test uses the supplied/current ticker universe and is not a survivorship-bias-free historical index-constituent study.
2021-10-26,T1_30D,110319.83068004632,14647.98779296875,124967.81847301507,125107.72108692472,-0.11182572322011586,1,0.007895233907961874,REFERENCE,This test uses the supplied/current ticker universe and is not a survivorship-bias-free historical index-constituent study.
2021-10-27,T1_30D,110319.83068004632,14712.66064453125,125032.49132457757,125107.72108692472,-0.06013199001113634,1,0.051751604815342134,REFERENCE,This test uses the supplied/current ticker universe and is not a survivorship-bias-free historical index-constituent study.
2021-10-28,T1_30D,85818.20181515992,38999.25830078125,124817.46011594117,125107.72108692472,-0.23200883883247592,2,-0.17198026397650112,REFERENCE,This test uses the supplied/current ticker universe and is not a survivorship-bias-free historical index-constituent study.
2021-10-29,T1_30D,63979.35813970462,60220.295654296875,124199.6537940015,125107.72108692472,-0.7258283381984865,3,-0.4949678685704728,REFERENCE,This test uses the supplied/current ticker universe and is not a survivorship-bias-free historical index-constituent study.
2021-11-01,T1_30D,63979.35813970462,61277.31530761719,125256.67344732181,125256.67344732181,0.0,3,0.8510648951352895,REFERENCE,This test uses the supplied/current ticker universe and is not a survivorship-bias-free historical index-constituent study.
2021-11-02,T1_30D,63979.35813970462,61601.60461425781,125580.96275396243,125580.96275396243,0.0,3,0.2588998236305651,REFERENCE,This test uses the supplied/current ticker universe and is not a survivorship-bias-free historical index-constituent study.
2021-11-03,T1_30D,66663.03852028745,58567.98596191406,125231.02448220151,125580.96275396243,-0.2786555096304877,3,-0.2786555096304877,REFERENCE,This test uses the supplied/current ticker universe and is not a survivorship-bias-free historical index-constituent study.
2021-11-04,T1_30D,66663.03852028745,59391.972106933594,126055.01062722104,126055.01062722104,0.0,3,0.6579728533137041,REFERENCE,This test uses the supplied/current ticker universe and is not a survivorship-bias-free historical index-constituent study.
2021-11-08,T1_30D,66663.03852028745,59313.870849609375,125976.90936989682,126055.01062722104,-0.061958074443535516,3,-0.061958074443535516,REFERENCE,This test uses the supplied/current ticker universe and is not a survivorship-bias-free historical index-constituent study.
2021-11-09,T1_30D,66663.03852028745,60136.45654296875,126799.4950632562,126799.4950632562,0.0,3,0.6529654501556958,REFERENCE,This test uses the supplied/current ticker universe and is not a survivorship-bias-free historical index-constituent study.
2021-11-10,T1_30D,66663.03852028745,60961.531982421875,127624.57050270932,127624.57050270932,0.0,3,0.6506930008211231,REFERENCE,This test uses the supplied/current ticker universe and is not a survivorship-bias-free historical index-constituent study.
2021-11-11,T1_30D,66663.03852028745,60351.545349121094,127014.58386940854,127624.57050270932,-0.4779539166306801,3,-0.4779539166306801,REFERENCE,This test uses the supplied/current ticker universe and is not a survivorship-bias-free historical index-constituent study.
2021-11-12,T1_30D,66663.03852028745,61417.95556640625,128080.9940866937,128080.9940866937,0.0,3,0.8395966705536662,REFERENCE,This test uses the supplied/current ticker universe and is not a survivorship-bias-free historical index-constituent study.
2021-11-15,T1_30D,40593.37289388357,87330.8935546875,127924.26644857107,128080.9940866937,-0.12236603817780134,4,-0.12236603817780134,REFERENCE,This test uses the supplied/current ticker universe and is not a survivorship-bias-free historical index-constituent study.
2021-11-16,T1_30D,40593.37289388357,87463.64453125,128057.01742513357,128080.9940866937,-0.01871992150833668,4,0.10377309970026616,REFERENCE,This test uses the supplied/current ticker universe and is not a survivorship-bias-free historical index-constituent study.
2021-11-17,T1_30D,63749.32955866607,64242.31555175781,127991.64511042388,128080.9940866937,-0.0697597460942112,3,-0.0510493809899204,REFERENCE,This test uses the supplied/current ticker universe and is not a survivorship-bias-free historical index-constituent study.
2021-11-18,T1_30D,63749.32955866607,64047.95684814453,127797.2864068106,128080.9940866937,-0.22150646308308763,3,-0.15185264901126372,REFERENCE,This test uses the supplied/current ticker universe and is not a survivorship-bias-free historical index-constituent study.
2021-11-22,T1_30D,112355.08952006663,14119.637695312496,126474.72721537913,128080.9940866937,-1.254102439451199,1,-1.0348883208845527,REFERENCE,This test uses the supplied/current ticker universe and is not a survivorship-bias-free historical index-constituent study.
2021-11-23,T1_30D,82632.02482399039,44102.352294921875,126734.37711891226,128080.9940866937,-1.0513792287323742,2,0.20529785614082918,REFERENCE,This test uses the supplied/current ticker universe and is not a survivorship-bias-free historical index-constituent study.
2021-11-24,T1_30D,62416.90035075927,63906.57180786133,126323.4721586206,128080.9940866937,-1.3721957270908525,3,-0.3242253361975478,REFERENCE,This test uses the supplied/current ticker universe and is not a survivorship-bias-free historical index-constituent study.
2021-11-25,T1_30D,31111.153613878312,95100.25062561035,126211.40423948866,128080.9940866937,-1.4596934233189751,5,-0.08871504021930043,REFERENCE,This test uses the supplied/current ticker universe and is not a survivorship-bias-free historical index-constituent study.
2021-11-26,T1_30D,121645.43828320004,0.0,121645.43828320004,128080.9940866937,-5.024598574818717,0,-3.6177126653504366,REFERENCE,This test uses the supplied/current ticker universe and is not a survivorship-bias-free historical index-constituent study.
2021-11-29,T1_30D,121645.43828320004,0.0,121645.43828320004,128080.9940866937,-5.024598574818717,0,0.0,REFERENCE,This test uses the supplied/current ticker universe and is not a survivorship-bias-free historical index-constituent study.
2021-11-30,T1_30D,121645.43828320004,0.0,121645.43828320004,128080.9940866937,-5.024598574818717,0,0.0,REFERENCE,This test uses the supplied/current ticker universe and is not a survivorship-bias-free historical index-constituent study.
2021-12-01,T1_30D,121645.43828320004,0.0,121645.43828320004,128080.9940866937,-5.024598574818717,0,0.0,REFERENCE,This test uses the supplied/current ticker universe and is not a survivorship-bias-free historical index-constituent study.
2021-12-02,T1_30D,121645.43828320004,0.0,121645.43828320004,128080.9940866937,-5.024598574818717,0,0.0,REFERENCE,This test uses the supplied/current ticker universe and is not a survivorship-bias-free historical index-constituent study.
2021-12-03,T1_30D,121645.43828320004,0.0,121645.43828320004,128080.9940866937,-5.024598574818717,0,0.0,REFERENCE,This test uses the supplied/current ticker universe and is not a survivorship-bias-free historical index-constituent study.
2021-12-06,T1_30D,121645.43828320004,0.0,121645.43828320004,128080.9940866937,-5.024598574818717,0,0.0,REFERENCE,This test uses the supplied/current ticker universe and is not a survivorship-bias-free historical index-constituent study.
2021-12-07,T1_30D,121645.43828320004,0.0,121645.43828320004,128080.9940866937,-5.024598574818717,0,0.0,REFERENCE,This test uses the supplied/current ticker universe and is not a survivorship-bias-free historical index-constituent study.
2021-12-08,T1_30D,121645.43828320004,0.0,121645.43828320004,128080.9940866937,-5.024598574818717,0,0.0,REFERENCE,This test uses the supplied/current ticker universe and is not a survivorship-bias-free historical index-constituent study.
2021-12-09,T1_30D,121645.43828320004,0.0,121645.43828320004,128080.9940866937,-5.024598574818717,0,0.0,REFERENCE,This test uses the supplied/current ticker universe and is not a survivorship-bias-free historical index-constituent study.
2021-12-10,T1_30D,121645.43828320004,0.0,121645.43828320004,128080.9940866937,-5.024598574818717,0,0.0,REFERENCE,This test uses the supplied/current ticker universe and is not a survivorship-bias-free historical index-constituent study.
2021-12-13,T1_30D,121645.43828320004,0.0,121645.43828320004,128080.9940866937,-5.024598574818717,0,0.0,REFERENCE,This test uses the supplied/current ticker universe and is not a survivorship-bias-free historical index-constituent study.
2021-12-14,T1_30D,121645.43828320004,0.0,121645.43828320004,128080.9940866937,-5.024598574818717,0,0.0,REFERENCE,This test uses the supplied/current ticker universe and is not a survivorship-bias-free historical index-constituent study.
2021-12-15,T1_30D,121645.43828320004,0.0,121645.43828320004,128080.9940866937,-5.024598574818717,0,0.0,REFERENCE,This test uses the supplied/current ticker universe and is not a survivorship-bias-free historical index-constituent study.
2021-12-16,T1_30D,121645.43828320004,0.0,121645.43828320004,128080.9940866937,-5.024598574818717,0,0.0,REFERENCE,This test uses the supplied/current ticker universe and is not a survivorship-bias-free historical index-constituent study.
2021-12-17,T1_30D,121645.43828320004,0.0,121645.43828320004,128080.9940866937,-5.024598574818717,0,0.0,REFERENCE,This test uses the supplied/current ticker universe and is not a survivorship-bias-free historical index-constituent study.
2021-12-20,T1_30D,121645.43828320004,0.0,121645.43828320004,128080.9940866937,-5.024598574818717,0,0.0,REFERENCE,This test uses the supplied/current ticker universe and is not a survivorship-bias-free historical index-constituent study.
2021-12-21,T1_30D,121645.43828320004,0.0,121645.43828320004,128080.9940866937,-5.024598574818717,0,0.0,REFERENCE,This test uses the supplied/current ticker universe and is not a survivorship-bias-free historical index-constituent study.
2021-12-22,T1_30D,121645.43828320004,0.0,121645.43828320004,128080.9940866937,-5.024598574818717,0,0.0,REFERENCE,This test uses the supplied/current ticker universe and is not a survivorship-bias-free historical index-constituent study.
2021-12-23,T1_30D,121645.43828320004,0.0,121645.43828320004,128080.9940866937,-5.024598574818717,0,0.0,REFERENCE,This test uses the supplied/current ticker universe and is not a survivorship-bias-free historical index-constituent study.
2021-12-24,T1_30D,121645.43828320004,0.0,121645.43828320004,128080.9940866937,-5.024598574818717,0,0.0,REFERENCE,This test uses the supplied/current ticker universe and is not a survivorship-bias-free historical index-constituent study.
2021-12-27,T1_30D,121645.43828320004,0.0,121645.43828320004,128080.9940866937,-5.024598574818717,0,0.0,REFERENCE,This test uses the supplied/current ticker universe and is not a survivorship-bias-free historical index-constituent study.
2021-12-28,T1_30D,121645.43828320004,0.0,121645.43828320004,128080.9940866937,-5.024598574818717,0,0.0,REFERENCE,This test uses the supplied/current ticker universe and is not a survivorship-bias-free historical index-constituent study.
2021-12-29,T1_30D,121645.43828320004,0.0,121645.43828320004,128080.9940866937,-5.024598574818717,0,0.0,REFERENCE,This test uses the supplied/current ticker universe and is not a survivorship-bias-free historical index-constituent study.
2021-12-30,T1_30D,121645.43828320004,0.0,121645.43828320004,128080.9940866937,-5.024598574818717,0,0.0,REFERENCE,This test uses the supplied/current ticker universe and is not a survivorship-bias-free historical index-constituent study.
2021-12-31,T1_30D,121645.43828320004,0.0,121645.43828320004,128080.9940866937,-5.024598574818717,0,0.0,REFERENCE,This test uses the supplied/current ticker universe and is not a survivorship-bias-free historical index-constituent study.
2022-01-03,T1_30D,121645.43828320004,0.0,121645.43828320004,128080.9940866937,-5.024598574818717,0,0.0,REFERENCE,This test uses the supplied/current ticker universe and is not a survivorship-bias-free historical index-constituent study.
2022-01-04,T1_30D,121645.43828320004,0.0,121645.43828320004,128080.9940866937,-5.024598574818717,0,0.0,REFERENCE,This test uses the supplied/current ticker universe and is not a survivorship-bias-free historical index-constituent study.
2022-01-05,T1_30D,121645.43828320004,0.0,121645.43828320004,128080.9940866937,-5.024598574818717,0,0.0,REFERENCE,This test uses the supplied/current ticker universe and is not a survivorship-bias-free historical index-constituent study.
2022-01-06,T1_30D,121645.43828320004,0.0,121645.43828320004,128080.9940866937,-5.024598574818717,0,0.0,REFERENCE,This test uses the supplied/current ticker universe and is not a survivorship-bias-free historical index-constituent study.
2022-01-07,T1_30D,121645.43828320004,0.0,121645.43828320004,128080.9940866937,-5.024598574818717,0,0.0,REFERENCE,This test uses the supplied/current ticker universe and is not a survivorship-bias-free historical index-constituent study.
2022-01-10,T1_30D,91325.1545245035,30898.52734375,122223.6818682535,128080.9940866937,-4.573131447180668,1,0.47535163933336566,REFERENCE,This test uses the supplied/current ticker universe and is not a survivorship-bias-free historical index-constituent study.
2022-01-11,T1_30D,91325.1545245035,30979.493041992188,122304.64756649568,128080.9940866937,-4.509916995403862,1,0.06624387107685425,REFERENCE,This test uses the supplied/current ticker universe and is not a survivorship-bias-free historical index-constituent study.
2022-01-12,T1_30D,91325.1545245035,31344.280517578125,122669.43504208162,128080.9940866937,-4.225106998271089,1,0.2982613358070596,REFERENCE,This test uses the supplied/current ticker universe and is not a survivorship-bias-free historical index-constituent study.
2022-01-13,T1_30D,91325.1545245035,31667.336181640625,122992.49070614412,128080.9940866937,-3.9728793618710845,1,0.2633546522421648,REFERENCE,This test uses the supplied/current ticker universe and is not a survivorship-bias-free historical index-constituent study.
2022-01-14,T1_30D,123248.53388663518,0.0,123248.53388663518,128080.9940866937,-3.77297212167762,0,0.20817789689517863,REFERENCE,This test uses the supplied/current ticker universe and is not a survivorship-bias-free historical index-constituent study.
2022-01-17,T1_30D,123248.53388663518,0.0,123248.53388663518,128080.9940866937,-3.77297212167762,0,0.0,REFERENCE,This test uses the supplied/current ticker universe and is not a survivorship-bias-free historical index-constituent study.
2022-01-18,T1_30D,102595.18401645718,19993.446044921875,122588.63006137905,128080.9940866937,-4.288195968870334,1,-0.5354252942782356,REFERENCE,This test uses the supplied/current ticker universe and is not a survivorship-bias-free historical index-constituent study.
2022-01-19,T1_30D,122316.66573376168,0.0,122316.66573376168,128080.9940866937,-4.50053373963536,0,-0.2218511843073867,REFERENCE,This test uses the supplied/current ticker universe and is not a survivorship-bias-free historical index-constituent study.
2022-01-20,T1_30D,93121.96984375187,28844.448486328125,121966.41833007999,128080.9940866937,-4.7739914889128325,1,-0.28634479331217655,REFERENCE,This test uses the supplied/current ticker universe and is not a survivorship-bias-free historical index-constituent study.
2022-01-21,T1_30D,91507.60943287998,30081.676025390625,121589.2854582706,128080.9940866937,-5.068440227774207,1,-0.3092104178944899,REFERENCE,This test uses the supplied/current ticker universe and is not a survivorship-bias-free historical index-constituent study.
2022-01-24,T1_30D,89628.44373760928,29593.988525390625,119222.43226299991,128080.9940866937,-6.91637497574209,1,-1.9465968455608662,REFERENCE,This test uses the supplied/current ticker universe and is not a survivorship-bias-free historical index-constituent study.
2022-01-25,T1_30D,89628.44373760928,29582.6044921875,119211.04822979678,128080.9940866937,-6.925263127559067,1,-0.009548566479511411,REFERENCE,This test uses the supplied/current ticker universe and is not a survivorship-bias-free historical index-constituent study.
2022-01-27,T1_30D,118671.16032445457,0.0,118671.16032445457,128080.9940866937,-7.346783829511761,0,-0.4528841188456756,REFERENCE,This test uses the supplied/current ticker universe and is not a survivorship-bias-free historical index-constituent study.
2022-01-28,T1_30D,93624.20884567374,24796.07391357422,118420.28275924796,128080.9940866937,-7.542657984764489,1,-0.21140567305544256,REFERENCE,This test uses the supplied/current ticker universe and is not a survivorship-bias-free historical index-constituent study.
2022-01-31,T1_30D,93624.20884567374,25038.90509033203,118663.11393600577,128080.9940866937,-7.353066095281302,1,0.20505877126766325,REFERENCE,This test uses the supplied/current ticker universe and is not a survivorship-bias-free historical index-constituent study.
2022-02-01,T1_30D,93624.20884567374,25721.37908935547,119345.58793502921,128080.9940866937,-6.820220450312697,1,0.57513575734367,REFERENCE,This test uses the supplied/current ticker universe and is not a survivorship-bias-free historical index-constituent study.
2022-02-02,T1_30D,93624.20884567374,25830.893005371094,119455.10185104483,128080.9940866937,-6.734716807249552,1,0.09176201475940005,REFERENCE,This test uses the supplied/current ticker universe and is not a survivorship-bias-free historical index-constituent study.
2022-02-03,T1_30D,71484.02005095745,47748.910583496094,119232.93063445354,128080.9940866937,-6.908178309618052,2,-0.18598721456729583,REFERENCE,This test uses the supplied/current ticker universe and is not a survivorship-bias-free historical index-constituent study.
2022-02-04,T1_30D,71484.02005095745,47251.34014892578,118735.36019988323,128080.9940866937,-7.296659393886906,2,-0.41730957372487776,REFERENCE,This test uses the supplied/current ticker universe and is not a survivorship-bias-free historical index-constituent study.
2022-02-07,T1_30D,92719.57965406023,24962.723510742188,117682.30316480242,128080.9940866937,-8.1188399543907,1,-0.886894210206679,REFERENCE,This test uses the supplied/current ticker universe and is not a survivorship-bias-free historical index-constituent study.
2022-02-08,T1_30D,92719.57965406023,25156.35479736328,117875.93445142351,128080.9940866937,-7.967661172556739,1,0.16453730205290285,REFERENCE,This test uses the supplied/current ticker universe and is not a survivorship-bias-free historical index-constituent study.
2022-02-09,T1_30D,92719.57965406023,25483.307373046875,118202.8870271071,128080.9940866937,-7.712390999167629,1,0.2773700816923963,REFERENCE,This test uses the supplied/current ticker universe and is not a survivorship-bias-free historical index-constituent study.
2022-02-10,T1_30D,92719.57965406023,25569.013916015625,118288.59357007586,128080.9940866937,-7.645475104596466,1,0.07250799462208413,REFERENCE,This test uses the supplied/current ticker universe and is not a survivorship-bias-free historical index-constituent study.
2022-02-11,T1_30D,92719.57965406023,25102.39141845703,117821.97107251726,128080.9940866937,-8.00979340247191,1,-0.3944780164134465,REFERENCE,This test uses the supplied/current ticker universe and is not a survivorship-bias-free historical index-constituent study.
2022-02-14,T1_30D,101139.99530473008,15489.137268066406,116629.13257279649,128080.9940866937,-8.941109175141026,1,-1.0124075237093133,REFERENCE,This test uses the supplied/current ticker universe and is not a survivorship-bias-free historical index-constituent study.
2022-02-15,T1_30D,59639.61482880229,58251.254638671875,117890.86946747417,128080.9940866937,-7.956000569703714,3,1.0818368162775593,REFERENCE,This test uses the supplied/current ticker universe and is not a survivorship-bias-free historical index-constituent study.
2022-02-16,T1_30D,59639.61482880229,58093.43341064453,117733.04823944683,128080.9940866937,-8.079220434721712,3,-0.1338706116429833,REFERENCE,This test uses the supplied/current ticker universe and is not a survivorship-bias-free historical index-constituent study.
2022-02-17,T1_30D,59639.61482880229,58351.738525390625,117991.35335419292,128080.9940866937,-7.877547175868605,3,0.2193989866131396,REFERENCE,This test uses the supplied/current ticker universe and is not a survivorship-bias-free historical index-constituent study.
2022-02-18,T1_30D,59639.61482880229,58076.09924316406,117715.71407196636,128080.9940866937,-8.092754189361951,3,-0.23360973019703746,REFERENCE,This test uses the supplied/current ticker universe and is not a survivorship-bias-free historical index-constituent study.
2022-02-21,T1_30D,41123.55664841329,75903.15240478516,117026.70905319844,128080.9940866937,-8.630698966946637,4,-0.5853126952504284,REFERENCE,This test uses the supplied/current ticker universe and is not a survivorship-bias-free historical index-constituent study.
2022-02-22,T1_30D,12222.855535465515,104045.01037597656,116267.86591144207,128080.9940866937,-9.22317027556463,5,-0.6484358552810487,REFERENCE,This test uses the supplied/current ticker universe and is not a survivorship-bias-free historical index-constituent study.
2022-02-23,T1_30D,12222.855535465515,104474.91888427734,116697.77441974285,128080.9940866937,-8.887516643762094,5,0.36975694438927675,REFERENCE,This test uses the supplied/current ticker universe and is not a survivorship-bias-free historical index-constituent study.
2022-02-24,T1_30D,68969.80337615898,43939.506591796875,112909.30996795585,128080.9940866937,-11.845382858653208,2,-3.2463896339278153,REFERENCE,This test uses the supplied/current ticker universe and is not a survivorship-bias-free historical index-constituent study.
2022-02-25,T1_30D,68969.80337615898,44677.583740234375,113647.38711639335,128080.9940866937,-11.26912472316597,2,0.6536902480822615,REFERENCE,This test uses the supplied/current ticker universe and is not a survivorship-bias-free historical index-constituent study.
2022-02-28,T1_30D,68969.80337615898,45023.9814453125,113993.78482147148,128080.9940866937,-10.998672649032581,2,0.3048004128096249,REFERENCE,This test uses the supplied/current ticker universe and is not a survivorship-bias-free historical index-constituent study.
2022-03-02,T1_30D,84095.44877895458,28350.333984375,112445.78276332958,128080.9940866937,-12.207284488111615,1,-1.3579705775768947,REFERENCE,This test uses the supplied/current ticker universe and is not a survivorship-bias-free historical index-constituent study.
2022-03-03,T1_30D,84095.44877895458,28350.333984375,112445.78276332958,128080.9940866937,-12.207284488111615,1,0.0,REFERENCE,This test uses the supplied/current ticker universe and is not a survivorship-bias-free historical index-constituent study.
2022-03-04,T1_30D,112179.83331707708,0.0,112179.83331707708,128080.9940866937,-12.414926104378655,0,-0.23651349096147634,REFERENCE,This test uses the supplied/current ticker universe and is not a survivorship-bias-free historical index-constituent study.
2022-03-07,T1_30D,112179.83331707708,0.0,112179.83331707708,128080.9940866937,-12.414926104378655,0,0.0,REFERENCE,This test uses the supplied/current ticker universe and is not a survivorship-bias-free historical index-constituent study.
2022-03-08,T1_30D,112179.83331707708,0.0,112179.83331707708,128080.9940866937,-12.414926104378655,0,0.0,REFERENCE,This test uses the supplied/current ticker universe and is not a survivorship-bias-free historical index-constituent study.
2022-03-09,T1_30D,112179.83331707708,0.0,112179.83331707708,128080.9940866937,-12.414926104378655,0,0.0,REFERENCE,This test uses the supplied/current ticker universe and is not a survivorship-bias-free historical index-constituent study.
2022-03-10,T1_30D,112179.83331707708,0.0,112179.83331707708,128080.9940866937,-12.414926104378655,0,0.0,REFERENCE,This test uses the supplied/current ticker universe and is not a survivorship-bias-free historical index-constituent study.
2022-03-11,T1_30D,112179.83331707708,0.0,112179.83331707708,128080.9940866937,-12.414926104378655,0,0.0,REFERENCE,This test uses the supplied/current ticker universe and is not a survivorship-bias-free historical index-constituent study.
2022-03-14,T1_30D,112179.83331707708,0.0,112179.83331707708,128080.9940866937,-12.414926104378655,0,0.0,REFERENCE,This test uses the supplied/current ticker universe and is not a survivorship-bias-free historical index-constituent study.
2022-03-15,T1_30D,112179.83331707708,0.0,112179.83331707708,128080.9940866937,-12.414926104378655,0,0.0,REFERENCE,This test uses the supplied/current ticker universe and is not a survivorship-bias-free historical index-constituent study.
2022-03-16,T1_30D,112179.83331707708,0.0,112179.83331707708,128080.9940866937,-12.414926104378655,0,0.0,REFERENCE,This test uses the supplied/current ticker universe and is not a survivorship-bias-free historical index-constituent study.
2022-03-17,T1_30D,112179.83331707708,0.0,112179.83331707708,128080.9940866937,-12.414926104378655,0,0.0,REFERENCE,This test uses the supplied/current ticker universe and is not a survivorship-bias-free historical index-constituent study.
2022-03-21,T1_30D,112179.83331707708,0.0,112179.83331707708,128080.9940866937,-12.414926104378655,0,0.0,REFERENCE,This test uses the supplied/current ticker universe and is not a survivorship-bias-free historical index-constituent study.
2022-03-22,T1_30D,112179.83331707708,0.0,112179.83331707708,128080.9940866937,-12.414926104378655,0,0.0,REFERENCE,This test uses the supplied/current ticker universe and is not a survivorship-bias-free historical index-constituent study.
2022-03-23,T1_30D,112179.83331707708,0.0,112179.83331707708,128080.9940866937,-12.414926104378655,0,0.0,REFERENCE,This test uses the supplied/current ticker universe and is not a survivorship-bias-free historical index-constituent study.
2022-03-24,T1_30D,112179.83331707708,0.0,112179.83331707708,128080.9940866937,-12.414926104378655,0,0.0,REFERENCE,This test uses the supplied/current ticker universe and is not a survivorship-bias-free historical index-constituent study.
2022-03-25,T1_30D,112179.83331707708,0.0,112179.83331707708,128080.9940866937,-12.414926104378655,0,0.0,REFERENCE,This test uses the supplied/current ticker universe and is not a survivorship-bias-free historical index-constituent study.
2022-03-28,T1_30D,94781.02895312243,17464.056640625,112245.08559374743,128080.9940866937,-12.363980000207897,1,0.05816756429466441,REFERENCE,This test uses the supplied/current ticker universe and is not a survivorship-bias-free historical index-constituent study.
2022-03-29,T1_30D,94781.02895312243,17484.029541015625,112265.05849413805,128080.9940866937,-12.348386039110826,1,0.017794008784410842,REFERENCE,This test uses the supplied/current ticker universe and is not a survivorship-bias-free historical index-constituent study.
2022-03-30,T1_30D,94781.02895312243,17376.2490234375,112157.27797655993,128080.9940866937,-12.432536321006026,1,-0.09600539920776585,REFERENCE,This test uses the supplied/current ticker universe and is not a survivorship-bias-free historical index-constituent study.
2022-03-31,T1_30D,94781.02895312243,17465.779296875,112246.80824999743,128080.9940866937,-12.362635026066904,1,0.07982564756627841,REFERENCE,This test uses the supplied/current ticker universe and is not a survivorship-bias-free historical index-constituent study.
2022-04-01,T1_30D,94781.02895312243,17360.411865234375,112141.4408183568,128080.9940866937,-12.444901276724906,1,-0.09387120514460223,REFERENCE,This test uses the supplied/current ticker universe and is not a survivorship-bias-free historical index-constituent study.
2022-04-04,T1_30D,75327.36186656542,37057.62353515625,112384.98540172167,128080.9940866937,-12.254752390778545,2,0.21717625668762341,REFERENCE,This test uses the supplied/current ticker universe and is not a survivorship-bias-free historical index-constituent study.
2022-04-05,T1_30D,75327.36186656542,37157.515380859375,112484.8772474248,128080.9940866937,-12.176761236497292,2,0.0888836220835465,REFERENCE,This test uses the supplied/current ticker universe and is not a survivorship-bias-free historical index-constituent study.
2022-04-06,T1_30D,75327.36186656542,37239.39111328125,112566.75297984667,128080.9940866937,-12.112836270107309,2,0.07278821333625007,REFERENCE,This test uses the supplied/current ticker universe and is not a survivorship-bias-free historical index-constituent study.
2022-04-07,T1_30D,48097.75443615907,63876.77941894531,111974.53385510438,128080.9940866937,-12.575214883706632,3,-0.5261048303030647,REFERENCE,This test uses the supplied/current ticker universe and is not a survivorship-bias-free historical index-constituent study.
2022-04-08,T1_30D,48097.75443615907,63804.23425292969,111901.98868908876,128080.9940866937,-12.63185495472804,3,-0.06478720073038735,REFERENCE,This test uses the supplied/current ticker universe and is not a survivorship-bias-free historical index-constituent study.
2022-04-11,T1_30D,74481.19799182078,36826.510498046875,111307.70848986765,128080.9940866937,-13.095842764518807,2,-0.5310720624208565,REFERENCE,This test uses the supplied/current ticker universe and is not a survivorship-bias-free historical index-constituent study.
2022-04-12,T1_30D,74481.19799182078,36848.729736328125,111329.9277281489,128080.9940866937,-13.078494961716613,2,0.019961994171557862,REFERENCE,This test uses the supplied/current ticker universe and is not a survivorship-bias-free historical index-constituent study.
2022-04-13,T1_30D,74481.19799182078,36459.443603515625,110940.6415953364,128080.9940866937,-13.382432431587443,2,-0.3496688992407182,REFERENCE,This test uses the supplied/current ticker universe and is not a survivorship-bias-free historical index-constituent study.
2022-04-18,T1_30D,74481.19799182078,36896.3974609375,111377.59545275828,128080.9940866937,-13.0412781014406,2,0.3938627460040145,REFERENCE,This test uses the supplied/current ticker universe and is not a survivorship-bias-free historical index-constituent study.
2022-04-19,T1_30D,74481.19799182078,36086.385009765625,110567.5830015864,128080.9940866937,-13.673700153555224,2,-0.7272669587443659,REFERENCE,This test uses the supplied/current ticker universe and is not a survivorship-bias-free historical index-constituent study.
2022-04-20,T1_30D,74481.19799182078,36519.157470703125,111000.3554625239,128080.9940866937,-13.335810473651133,2,0.3914098953680556,REFERENCE,This test uses the supplied/current ticker universe and is not a survivorship-bias-free historical index-constituent study.
2022-04-21,T1_30D,74481.19799182078,36523.854248046875,111005.05223986765,128080.9940866937,-13.332143436728728,2,0.004231317390090972,REFERENCE,This test uses the supplied/current ticker universe and is not a survivorship-bias-free historical index-constituent study.
2022-04-22,T1_30D,93093.02020143278,17304.285400390625,110397.3056018234,128080.9940866937,-13.80664524894365,1,-0.5474945741487436,REFERENCE,This test uses the supplied/current ticker universe and is not a survivorship-bias-free historical index-constituent study.
2022-04-25,T1_30D,93093.02020143278,16899.3466796875,109992.36688112028,128080.9940866937,-14.122803570161114,1,-0.36680127154882225,REFERENCE,This test uses the supplied/current ticker universe and is not a survivorship-bias-free historical index-constituent study.
2022-04-26,T1_30D,93093.02020143278,17548.76416015625,110641.78436158903,128080.9940866937,-13.615766999201028,1,0.5904204981520556,REFERENCE,This test uses the supplied/current ticker universe and is not a survivorship-bias-free historical index-constituent study.
2022-04-27,T1_30D,93093.02020143278,17164.1435546875,110257.16375612028,128080.9940866937,-13.91606183077332,1,-0.34762690035056165,REFERENCE,This test uses the supplied/current ticker universe and is not a survivorship-bias-free historical index-constituent study.
2022-04-28,T1_30D,93093.02020143278,17307.730712890625,110400.7509143234,128080.9940866937,-13.803955300661652,1,0.13022932325805758,REFERENCE,This test uses the supplied/current ticker universe and is not a survivorship-bias-free historical index-constituent study.
2022-04-29,T1_30D,92247.63186188342,16928.958251953125,109176.59011383654,128080.9940866937,-14.759726146458075,1,-1.1088337627674916,REFERENCE,This test uses the supplied/current ticker universe and is not a survivorship-bias-free historical index-constituent study.
2022-05-02,T1_30D,108785.23624602202,0.0,108785.23624602202,128080.9940866937,-15.065278012763573,0,-0.3584595080378228,REFERENCE,This test uses the supplied/current ticker universe and is not a survivorship-bias-free historical index-constituent study.
2022-05-04,T1_30D,108785.23624602202,0.0,108785.23624602202,128080.9940866937,-15.065278012763573,0,0.0,REFERENCE,This test uses the supplied/current ticker universe and is not a survivorship-bias-free historical index-constituent study.
2022-05-05,T1_30D,108785.23624602202,0.0,108785.23624602202,128080.9940866937,-15.065278012763573,0,0.0,REFERENCE,This test uses the supplied/current ticker universe and is not a survivorship-bias-free historical index-constituent study.
2022-05-06,T1_30D,108785.23624602202,0.0,108785.23624602202,128080.9940866937,-15.065278012763573,0,0.0,REFERENCE,This test uses the supplied/current ticker universe and is not a survivorship-bias-free historical index-constituent study.
2022-05-09,T1_30D,108785.23624602202,0.0,108785.23624602202,128080.9940866937,-15.065278012763573,0,0.0,REFERENCE,This test uses the supplied/current ticker universe and is not a survivorship-bias-free historical index-constituent study.
2022-05-10,T1_30D,108785.23624602202,0.0,108785.23624602202,128080.9940866937,-15.065278012763573,0,0.0,REFERENCE,This test uses the supplied/current ticker universe and is not a survivorship-bias-free historical index-constituent study.
2022-05-11,T1_30D,108785.23624602202,0.0,108785.23624602202,128080.9940866937,-15.065278012763573,0,0.0,REFERENCE,This test uses the supplied/current ticker universe and is not a survivorship-bias-free historical index-constituent study.
2022-05-12,T1_30D,108785.23624602202,0.0,108785.23624602202,128080.9940866937,-15.065278012763573,0,0.0,REFERENCE,This test uses the supplied/current ticker universe and is not a survivorship-bias-free historical index-constituent study.
2022-05-13,T1_30D,108785.23624602202,0.0,108785.23624602202,128080.9940866937,-15.065278012763573,0,0.0,REFERENCE,This test uses the supplied/current ticker universe and is not a survivorship-bias-free historical index-constituent study.
2022-05-16,T1_30D,108785.23624602202,0.0,108785.23624602202,128080.9940866937,-15.065278012763573,0,0.0,REFERENCE,This test uses the supplied/current ticker universe and is not a survivorship-bias-free historical index-constituent study.
2022-05-17,T1_30D,108785.23624602202,0.0,108785.23624602202,128080.9940866937,-15.065278012763573,0,0.0,REFERENCE,This test uses the supplied/current ticker universe and is not a survivorship-bias-free historical index-constituent study.
2022-05-18,T1_30D,108785.23624602202,0.0,108785.23624602202,128080.9940866937,-15.065278012763573,0,0.0,REFERENCE,This test uses the supplied/current ticker universe and is not a survivorship-bias-free historical index-constituent study.
2022-05-19,T1_30D,108785.23624602202,0.0,108785.23624602202,128080.9940866937,-15.065278012763573,0,0.0,REFERENCE,This test uses the supplied/current ticker universe and is not a survivorship-bias-free historical index-constituent study.
2022-05-20,T1_30D,108785.23624602202,0.0,108785.23624602202,128080.9940866937,-15.065278012763573,0,0.0,REFERENCE,This test uses the supplied/current ticker universe and is not a survivorship-bias-free historical index-constituent study.
2022-05-23,T1_30D,108785.23624602202,0.0,108785.23624602202,128080.9940866937,-15.065278012763573,0,0.0,REFERENCE,This test uses the supplied/current ticker universe and is not a survivorship-bias-free historical index-constituent study.
2022-05-24,T1_30D,108785.23624602202,0.0,108785.23624602202,128080.9940866937,-15.065278012763573,0,0.0,REFERENCE,This test uses the supplied/current ticker universe and is not a survivorship-bias-free historical index-constituent study.
2022-05-25,T1_30D,108785.23624602202,0.0,108785.23624602202,128080.9940866937,-15.065278012763573,0,0.0,REFERENCE,This test uses the supplied/current ticker universe and is not a survivorship-bias-free historical index-constituent study.
2022-05-26,T1_30D,108785.23624602202,0.0,108785.23624602202,128080.9940866937,-15.065278012763573,0,0.0,REFERENCE,This test uses the supplied/current ticker universe and is not a survivorship-bias-free historical index-constituent study.
2022-05-27,T1_30D,108785.23624602202,0.0,108785.23624602202,128080.9940866937,-15.065278012763573,0,0.0,REFERENCE,This test uses the supplied/current ticker universe and is not a survivorship-bias-free historical index-constituent study.
2022-05-30,T1_30D,108785.23624602202,0.0,108785.23624602202,128080.9940866937,-15.065278012763573,0,0.0,REFERENCE,This test uses the supplied/current ticker universe and is not a survivorship-bias-free historical index-constituent study.
2022-05-31,T1_30D,108785.23624602202,0.0,108785.23624602202,128080.9940866937,-15.065278012763573,0,0.0,REFERENCE,This test uses the supplied/current ticker universe and is not a survivorship-bias-free historical index-constituent study.
2022-06-01,T1_30D,108785.23624602202,0.0,108785.23624602202,128080.9940866937,-15.065278012763573,0,0.0,REFERENCE,This test uses the supplied/current ticker universe and is not a survivorship-bias-free historical index-constituent study.
2022-06-02,T1_30D,108785.23624602202,0.0,108785.23624602202,128080.9940866937,-15.065278012763573,0,0.0,REFERENCE,This test uses the supplied/current ticker universe and is not a survivorship-bias-free historical index-constituent study.
2022-06-03,T1_30D,108785.23624602202,0.0,108785.23624602202,128080.9940866937,-15.065278012763573,0,0.0,REFERENCE,This test uses the supplied/current ticker universe and is not a survivorship-bias-free historical index-constituent study.
2022-06-06,T1_30D,108785.23624602202,0.0,108785.23624602202,128080.9940866937,-15.065278012763573,0,0.0,REFERENCE,This test uses the supplied/current ticker universe and is not a survivorship-bias-free historical index-constituent study.
2022-06-07,T1_30D,108785.23624602202,0.0,108785.23624602202,128080.9940866937,-15.065278012763573,0,0.0,REFERENCE,This test uses the supplied/current ticker universe and is not a survivorship-bias-free historical index-constituent study.
2022-06-08,T1_30D,108785.23624602202,0.0,108785.23624602202,128080.9940866937,-15.065278012763573,0,0.0,REFERENCE,This test uses the supplied/current ticker universe and is not a survivorship-bias-free historical index-constituent study.
2022-06-09,T1_30D,108785.23624602202,0.0,108785.23624602202,128080.9940866937,-15.065278012763573,0,0.0,REFERENCE,This test uses the supplied/current ticker universe and is not a survivorship-bias-free historical index-constituent study.
2022-06-10,T1_30D,108785.23624602202,0.0,108785.23624602202,128080.9940866937,-15.065278012763573,0,0.0,REFERENCE,This test uses the supplied/current ticker universe and is not a survivorship-bias-free historical index-constituent study.
2022-06-13,T1_30D,108785.23624602202,0.0,108785.23624602202,128080.9940866937,-15.065278012763573,0,0.0,REFERENCE,This test uses the supplied/current ticker universe and is not a survivorship-bias-free historical index-constituent study.
2022-06-14,T1_30D,108785.23624602202,0.0,108785.23624602202,128080.9940866937,-15.065278012763573,0,0.0,REFERENCE,This test uses the supplied/current ticker universe and is not a survivorship-bias-free historical index-constituent study.
2022-06-15,T1_30D,108785.23624602202,0.0,108785.23624602202,128080.9940866937,-15.065278012763573,0,0.0,REFERENCE,This test uses the supplied/current ticker universe and is not a survivorship-bias-free historical index-constituent study.
2022-06-16,T1_30D,108785.23624602202,0.0,108785.23624602202,128080.9940866937,-15.065278012763573,0,0.0,REFERENCE,This test uses the supplied/current ticker universe and is not a survivorship-bias-free historical index-constituent study.
2022-06-17,T1_30D,108785.23624602202,0.0,108785.23624602202,128080.9940866937,-15.065278012763573,0,0.0,REFERENCE,This test uses the supplied/current ticker universe and is not a survivorship-bias-free historical index-constituent study.
2022-06-20,T1_30D,108785.23624602202,0.0,108785.23624602202,128080.9940866937,-15.065278012763573,0,0.0,REFERENCE,This test uses the supplied/current ticker universe and is not a survivorship-bias-free historical index-constituent study.
2022-06-21,T1_30D,108785.23624602202,0.0,108785.23624602202,128080.9940866937,-15.065278012763573,0,0.0,REFERENCE,This test uses the supplied/current ticker universe and is not a survivorship-bias-free historical index-constituent study.
2022-06-22,T1_30D,108785.23624602202,0.0,108785.23624602202,128080.9940866937,-15.065278012763573,0,0.0,REFERENCE,This test uses the supplied/current ticker universe and is not a survivorship-bias-free historical index-constituent study.
2022-06-23,T1_30D,108785.23624602202,0.0,108785.23624602202,128080.9940866937,-15.065278012763573,0,0.0,REFERENCE,This test uses the supplied/current ticker universe and is not a survivorship-bias-free historical index-constituent study.
2022-06-24,T1_30D,108785.23624602202,0.0,108785.23624602202,128080.9940866937,-15.065278012763573,0,0.0,REFERENCE,This test uses the supplied/current ticker universe and is not a survivorship-bias-free historical index-constituent study.
2022-06-27,T1_30D,108785.23624602202,0.0,108785.23624602202,128080.9940866937,-15.065278012763573,0,0.0,REFERENCE,This test uses the supplied/current ticker universe and is not a survivorship-bias-free historical index-constituent study.
2022-06-28,T1_30D,108785.23624602202,0.0,108785.23624602202,128080.9940866937,-15.065278012763573,0,0.0,REFERENCE,This test uses the supplied/current ticker universe and is not a survivorship-bias-free historical index-constituent study.
2022-06-29,T1_30D,108785.23624602202,0.0,108785.23624602202,128080.9940866937,-15.065278012763573,0,0.0,REFERENCE,This test uses the supplied/current ticker universe and is not a survivorship-bias-free historical index-constituent study.
2022-06-30,T1_30D,108785.23624602202,0.0,108785.23624602202,128080.9940866937,-15.065278012763573,0,0.0,REFERENCE,This test uses the supplied/current ticker universe and is not a survivorship-bias-free historical index-constituent study.
2022-07-01,T1_30D,108785.23624602202,0.0,108785.23624602202,128080.9940866937,-15.065278012763573,0,0.0,REFERENCE,This test uses the supplied/current ticker universe and is not a survivorship-bias-free historical index-constituent study.
2022-07-04,T1_30D,108785.23624602202,0.0,108785.23624602202,128080.9940866937,-15.065278012763573,0,0.0,REFERENCE,This test uses the supplied/current ticker universe and is not a survivorship-bias-free historical index-constituent study.
2022-07-05,T1_30D,108785.23624602202,0.0,108785.23624602202,128080.9940866937,-15.065278012763573,0,0.0,REFERENCE,This test uses the supplied/current ticker universe and is not a survivorship-bias-free historical index-constituent study.
2022-07-06,T1_30D,108785.23624602202,0.0,108785.23624602202,128080.9940866937,-15.065278012763573,0,0.0,REFERENCE,This test uses the supplied/current ticker universe and is not a survivorship-bias-free historical index-constituent study.
2022-07-07,T1_30D,108785.23624602202,0.0,108785.23624602202,128080.9940866937,-15.065278012763573,0,0.0,REFERENCE,This test uses the supplied/current ticker universe and is not a survivorship-bias-free historical index-constituent study.
2022-07-08,T1_30D,108785.23624602202,0.0,108785.23624602202,128080.9940866937,-15.065278012763573,0,0.0,REFERENCE,This test uses the supplied/current ticker universe and is not a survivorship-bias-free historical index-constituent study.
2022-07-11,T1_30D,108785.23624602202,0.0,108785.23624602202,128080.9940866937,-15.065278012763573,0,0.0,REFERENCE,This test uses the supplied/current ticker universe and is not a survivorship-bias-free historical index-constituent study.
2022-07-12,T1_30D,108785.23624602202,0.0,108785.23624602202,128080.9940866937,-15.065278012763573,0,0.0,REFERENCE,This test uses the supplied/current ticker universe and is not a survivorship-bias-free historical index-constituent study.
2022-07-13,T1_30D,108785.23624602202,0.0,108785.23624602202,128080.9940866937,-15.065278012763573,0,0.0,REFERENCE,This test uses the supplied/current ticker universe and is not a survivorship-bias-free historical index-constituent study.
2022-07-14,T1_30D,108785.23624602202,0.0,108785.23624602202,128080.9940866937,-15.065278012763573,0,0.0,REFERENCE,This test uses the supplied/current ticker universe and is not a survivorship-bias-free historical index-constituent study.
2022-07-15,T1_30D,108785.23624602202,0.0,108785.23624602202,128080.9940866937,-15.065278012763573,0,0.0,REFERENCE,This test uses the supplied/current ticker universe and is not a survivorship-bias-free historical index-constituent study.
2022-07-18,T1_30D,108785.23624602202,0.0,108785.23624602202,128080.9940866937,-15.065278012763573,0,0.0,REFERENCE,This test uses the supplied/current ticker universe and is not a survivorship-bias-free historical index-constituent study.
2022-07-19,T1_30D,108785.23624602202,0.0,108785.23624602202,128080.9940866937,-15.065278012763573,0,0.0,REFERENCE,This test uses the supplied/current ticker universe and is not a survivorship-bias-free historical index-constituent study.
2022-07-20,T1_30D,108785.23624602202,0.0,108785.23624602202,128080.9940866937,-15.065278012763573,0,0.0,REFERENCE,This test uses the supplied/current ticker universe and is not a survivorship-bias-free historical index-constituent study.
2022-07-21,T1_30D,108785.23624602202,0.0,108785.23624602202,128080.9940866937,-15.065278012763573,0,0.0,REFERENCE,This test uses the supplied/current ticker universe and is not a survivorship-bias-free historical index-constituent study.
2022-07-22,T1_30D,108785.23624602202,0.0,108785.23624602202,128080.9940866937,-15.065278012763573,0,0.0,REFERENCE,This test uses the supplied/current ticker universe and is not a survivorship-bias-free historical index-constituent study.
2022-07-25,T1_30D,108785.23624602202,0.0,108785.23624602202,128080.9940866937,-15.065278012763573,0,0.0,REFERENCE,This test uses the supplied/current ticker universe and is not a survivorship-bias-free historical index-constituent study.
2022-07-26,T1_30D,108785.23624602202,0.0,108785.23624602202,128080.9940866937,-15.065278012763573,0,0.0,REFERENCE,This test uses the supplied/current ticker universe and is not a survivorship-bias-free historical index-constituent study.
2022-07-27,T1_30D,108785.23624602202,0.0,108785.23624602202,128080.9940866937,-15.065278012763573,0,0.0,REFERENCE,This test uses the supplied/current ticker universe and is not a survivorship-bias-free historical index-constituent study.
2022-07-28,T1_30D,108785.23624602202,0.0,108785.23624602202,128080.9940866937,-15.065278012763573,0,0.0,REFERENCE,This test uses the supplied/current ticker universe and is not a survivorship-bias-free historical index-constituent study.
2022-07-29,T1_30D,108785.23624602202,0.0,108785.23624602202,128080.9940866937,-15.065278012763573,0,0.0,REFERENCE,This test uses the supplied/current ticker universe and is not a survivorship-bias-free historical index-constituent study.
2022-08-01,T1_30D,108785.23624602202,0.0,108785.23624602202,128080.9940866937,-15.065278012763573,0,0.0,REFERENCE,This test uses the supplied/current ticker universe and is not a survivorship-bias-free historical index-constituent study.
2022-08-02,T1_30D,108785.23624602202,0.0,108785.23624602202,128080.9940866937,-15.065278012763573,0,0.0,REFERENCE,This test uses the supplied/current ticker universe and is not a survivorship-bias-free historical index-constituent study.
2022-08-03,T1_30D,108785.23624602202,0.0,108785.23624602202,128080.9940866937,-15.065278012763573,0,0.0,REFERENCE,This test uses the supplied/current ticker universe and is not a survivorship-bias-free historical index-constituent study.
2022-08-04,T1_30D,108785.23624602202,0.0,108785.23624602202,128080.9940866937,-15.065278012763573,0,0.0,REFERENCE,This test uses the supplied/current ticker universe and is not a survivorship-bias-free historical index-constituent study.
2022-08-05,T1_30D,108785.23624602202,0.0,108785.23624602202,128080.9940866937,-15.065278012763573,0,0.0,REFERENCE,This test uses the supplied/current ticker universe and is not a survivorship-bias-free historical index-constituent study.
2022-08-08,T1_30D,108785.23624602202,0.0,108785.23624602202,128080.9940866937,-15.065278012763573,0,0.0,REFERENCE,This test uses the supplied/current ticker universe and is not a survivorship-bias-free historical index-constituent study.
2022-08-10,T1_30D,108785.23624602202,0.0,108785.23624602202,128080.9940866937,-15.065278012763573,0,0.0,REFERENCE,This test uses the supplied/current ticker universe and is not a survivorship-bias-free historical index-constituent study.
2022-08-11,T1_30D,108785.23624602202,0.0,108785.23624602202,128080.9940866937,-15.065278012763573,0,0.0,REFERENCE,This test uses the supplied/current ticker universe and is not a survivorship-bias-free historical index-constituent study.
2022-08-12,T1_30D,108785.23624602202,0.0,108785.23624602202,128080.9940866937,-15.065278012763573,0,0.0,REFERENCE,This test uses the supplied/current ticker universe and is not a survivorship-bias-free historical index-constituent study.
2022-08-16,T1_30D,108785.23624602202,0.0,108785.23624602202,128080.9940866937,-15.065278012763573,0,0.0,REFERENCE,This test uses the supplied/current ticker universe and is not a survivorship-bias-free historical index-constituent study.
2022-08-17,T1_30D,108785.23624602202,0.0,108785.23624602202,128080.9940866937,-15.065278012763573,0,0.0,REFERENCE,This test uses the supplied/current ticker universe and is not a survivorship-bias-free historical index-constituent study.
2022-08-18,T1_30D,108785.23624602202,0.0,108785.23624602202,128080.9940866937,-15.065278012763573,0,0.0,REFERENCE,This test uses the supplied/current ticker universe and is not a survivorship-bias-free historical index-constituent study.
2022-08-19,T1_30D,108785.23624602202,0.0,108785.23624602202,128080.9940866937,-15.065278012763573,0,0.0,REFERENCE,This test uses the supplied/current ticker universe and is not a survivorship-bias-free historical index-constituent study.
2022-08-22,T1_30D,83748.12950459991,24700.487182617188,108448.6166872171,128080.9940866937,-15.328095740877924,1,-0.3094349660128892,REFERENCE,This test uses the supplied/current ticker universe and is not a survivorship-bias-free historical index-constituent study.
2022-08-23,T1_30D,83748.12950459991,25212.56689453125,108960.69639913116,128080.9940866937,-14.928286451790541,1,0.47218648568931876,REFERENCE,This test uses the supplied/current ticker universe and is not a survivorship-bias-free historical index-constituent study.
2022-08-24,T1_30D,57349.066150272716,51585.05871582031,108934.12486609303,128080.9940866937,-14.949032334680979,2,-0.02438634656004579,REFERENCE,This test uses the supplied/current ticker universe and is not a survivorship-bias-free historical index-constituent study.
2022-08-25,T1_30D,57349.066150272716,51494.35803222656,108843.42418249928,128080.9940866937,-15.019847434329836,2,-0.08326195643949541,REFERENCE,This test uses the supplied/current ticker universe and is not a survivorship-bias-free historical index-constituent study.
2022-08-26,T1_30D,57349.066150272716,51631.47741699219,108980.5435672649,128080.9940866937,-14.912790656902885,2,0.1259785658118462,REFERENCE,This test uses the supplied/current ticker universe and is not a survivorship-bias-free historical index-constituent study.
2022-08-29,T1_30D,32516.628192744225,76718.12023925781,109234.74843200203,128080.9940866937,-14.714318692697903,3,0.23325710848580705,REFERENCE,This test uses the supplied/current ticker universe and is not a survivorship-bias-free historical index-constituent study.
2022-08-30,T1_30D,58861.3080412053,52895.38342285156,111756.69146405687,128080.9940866937,-12.745296629714986,2,2.3087369799956514,REFERENCE,This test uses the supplied/current ticker universe and is not a survivorship-bias-free historical index-constituent study.
2022-09-01,T1_30D,58861.3080412053,52443.104736328125,111304.41277753343,128080.9940866937,-13.098415911579163,2,-0.4046994238988355,REFERENCE,This test uses the supplied/current ticker universe and is not a survivorship-bias-free historical index-constituent study.
2022-09-02,T1_30D,58861.3080412053,52582.79357910156,111444.10162030687,128080.9940866937,-12.989353014488525,2,0.1255016214430249,REFERENCE,This test uses the supplied/current ticker universe and is not a survivorship-bias-free historical index-constituent study.
2022-09-05,T1_30D,58861.3080412053,52658.356689453125,111519.66473065843,128080.9940866937,-12.930356665428011,2,0.06780359772562417,REFERENCE,This test uses the supplied/current ticker universe and is not a survivorship-bias-free historical index-constituent study.
2022-09-06,T1_30D,58861.3080412053,52323.67529296875,111184.98333417406,128080.9940866937,-13.191661161751522,2,-0.3001097584831247,REFERENCE,This test uses the supplied/current ticker universe and is not a survivorship-bias-free historical index-constituent study.
2022-09-07,T1_30D,58861.3080412053,51997.52770996094,110858.83575116625,128080.9940866937,-13.446302832308088,2,-0.2933377990691044,REFERENCE,This test uses the supplied/current ticker universe and is not a survivorship-bias-free historical index-constituent study.
2022-09-08,T1_30D,58861.3080412053,52696.05187988281,111557.35992108812,128080.9940866937,-12.900925920688344,2,0.6301023866873257,REFERENCE,This test uses the supplied/current ticker universe and is not a survivorship-bias-free historical index-constituent study.
2022-09-09,T1_30D,85387.90783629633,26502.703369140625,111890.61120543696,128080.9940866937,-12.640737992943762,1,0.2987263992125344,REFERENCE,This test uses the supplied/current ticker universe and is not a survivorship-bias-free historical index-constituent study.
2022-09-12,T1_30D,85387.90783629633,26417.727294921875,111805.63513121821,128080.9940866937,-12.707083569681888,1,-0.07594566988532447,REFERENCE,This test uses the supplied/current ticker universe and is not a survivorship-bias-free historical index-constituent study.
2022-09-13,T1_30D,85387.90783629633,26481.20556640625,111869.11340270258,128080.9940866937,-12.657522530640131,1,0.0567755564465644,REFERENCE,This test uses the supplied/current ticker universe and is not a survivorship-bias-free historical index-constituent study.
2022-09-14,T1_30D,85387.90783629633,26325.586181640625,111713.49401793696,128080.9940866937,-12.779023293399906,1,-0.13910844560413027,REFERENCE,This test uses the supplied/current ticker universe and is not a survivorship-bias-free historical index-constituent study.
2022-09-15,T1_30D,85387.90783629633,26212.97314453125,111600.88098082758,128080.9940866937,-12.866946593739959,1,-0.10080522330748742,REFERENCE,This test uses the supplied/current ticker universe and is not a survivorship-bias-free historical index-constituent study.
2022-09-16,T1_30D,85387.90783629633,25882.80126953125,111270.70910582758,128080.9940866937,-13.124730254270045,1,-0.29585059911554357,REFERENCE,This test uses the supplied/current ticker universe and is not a survivorship-bias-free historical index-constituent study.
2022-09-19,T1_30D,111100.9797666974,0.0,111100.9797666974,128080.9940866937,-13.257247448050801,0,-0.15253730338750104,REFERENCE,This test uses the supplied/current ticker universe and is not a survivorship-bias-free historical index-constituent study.
2022-09-20,T1_30D,111100.9797666974,0.0,111100.9797666974,128080.9940866937,-13.257247448050801,0,0.0,REFERENCE,This test uses the supplied/current ticker universe and is not a survivorship-bias-free historical index-constituent study.
2022-09-21,T1_30D,83485.60859325329,27370.475463867188,110856.08405712048,128080.9940866937,-13.44845123384525,1,-0.22042623754641166,REFERENCE,This test uses the supplied/current ticker universe and is not a survivorship-bias-free historical index-constituent study.
2022-09-22,T1_30D,83485.60859325329,27262.91015625,110748.51874950329,128080.9940866937,-13.53243348927995,1,-0.09703148774564685,REFERENCE,This test uses the supplied/current ticker universe and is not a survivorship-bias-free historical index-constituent study.
2022-09-23,T1_30D,110247.07654081566,0.0,110247.07654081566,128080.9940866937,-13.923937484281911,0,-0.45277554440418255,REFERENCE,This test uses the supplied/current ticker universe and is not a survivorship-bias-free historical index-constituent study.
2022-09-26,T1_30D,55232.163371979506,53918.997314453125,109151.16068643263,128080.9940866937,-14.779580323563145,2,-0.9940543448127559,REFERENCE,This test uses the supplied/current ticker universe and is not a survivorship-bias-free historical index-constituent study.
2022-09-27,T1_30D,81714.00405666512,26914.723571777344,108628.72762844246,128080.9940866937,-15.187473049346146,1,-0.47863261801769363,REFERENCE,This test uses the supplied/current ticker universe and is not a survivorship-bias-free historical index-constituent study.
2022-09-28,T1_30D,90555.36645534392,17809.54150390625,108364.90795925017,128080.9940866937,-15.393451829471571,1,-0.24286362820585827,REFERENCE,This test uses the supplied/current ticker universe and is not a survivorship-bias-free historical index-constituent study.
2022-09-29,T1_30D,90555.36645534392,17495.431884765625,108050.79834010954,128080.9940866937,-15.638694787945195,1,-0.2898628578716145,REFERENCE,This test uses the supplied/current ticker universe and is not a survivorship-bias-free historical index-constituent study.
2022-09-30,T1_30D,90555.36645534392,18016.87548828125,108572.24194362517,128080.9940866937,-15.231574584644235,1,0.48259116223674514,REFERENCE,This test uses the supplied/current ticker universe and is not a survivorship-bias-free historical index-constituent study.
2022-10-03,T1_30D,90555.36645534392,17790.5341796875,108345.90063503142,128080.9940866937,-15.408291911213823,1,-0.20847069613914027,REFERENCE,This test uses the supplied/current ticker universe and is not a survivorship-bias-free historical index-constituent study.
2022-10-04,T1_30D,90555.36645534392,17865.867919921875,108421.23437526579,128080.9940866937,-15.349474644240246,1,0.06953077116238493,REFERENCE,This test uses the supplied/current ticker universe and is not a survivorship-bias-free historical index-constituent study.
2022-10-06,T1_30D,90555.36645534392,17919.42919921875,108474.79565456267,128080.9940866937,-15.307656355993194,1,0.04940109712410212,REFERENCE,This test uses the supplied/current ticker universe and is not a survivorship-bias-free historical index-constituent study.
2022-10-07,T1_30D,90555.36645534392,18870.740478515625,109426.10693385954,128080.9940866937,-14.564914401122852,1,0.8769883119451372,REFERENCE,This test uses the supplied/current ticker universe and is not a survivorship-bias-free historical index-constituent study.
2022-10-10,T1_30D,90555.36645534392,18522.422119140625,109077.78857448454,128080.9940866937,-14.836866037553175,1,-0.3183137636300404,REFERENCE,This test uses the supplied/current ticker universe and is not a survivorship-bias-free historical index-constituent study.
2022-10-11,T1_30D,90555.36645534392,18138.16552734375,108693.53198268767,128080.9940866937,-15.136876663280196,1,-0.3522775780648302,REFERENCE,This test uses the supplied/current ticker universe and is not a survivorship-bias-free historical index-constituent study.
2022-10-12,T1_30D,90555.36645534392,18116.394775390625,108671.76123073454,128080.9940866937,-15.153874307706971,1,-0.020029482487138317,REFERENCE,This test uses the supplied/current ticker universe and is not a survivorship-bias-free historical index-constituent study.
2022-10-13,T1_30D,90555.36645534392,17959.513427734375,108514.87988307829,128080.9940866937,-15.276360355519857,1,-0.14436257025700616,REFERENCE,This test uses the supplied/current ticker universe and is not a survivorship-bias-free historical index-constituent study.
2022-10-14,T1_30D,90555.36645534392,18091.85888671875,108647.22534206267,128080.9940866937,-15.173030849117996,1,0.12196065565106551,REFERENCE,This test uses the supplied/current ticker universe and is not a survivorship-bias-free historical index-constituent study.
2022-10-17,T1_30D,90555.36645534392,18141.619384765625,108696.98584010954,128080.9940866937,-15.13418004349949,1,0.04580006336121212,REFERENCE,This test uses the supplied/current ticker universe and is not a survivorship-bias-free historical index-constituent study.
2022-10-18,T1_30D,90555.36645534392,18252.8896484375,108808.25610378142,128080.9940866937,-15.047305121528975,1,0.10236738655802213,REFERENCE,This test uses the supplied/current ticker universe and is not a survivorship-bias-free historical index-constituent study.
2022-10-19,T1_30D,90555.36645534392,18276.72998046875,108832.09643581267,128080.9940866937,-15.028691640113367,1,0.021910407247505148,REFERENCE,This test uses the supplied/current ticker universe and is not a survivorship-bias-free historical index-constituent study.
2022-10-20,T1_30D,90555.36645534392,18186.541748046875,108741.90820339079,128080.9940866937,-15.099106640453563,1,-0.08286914924501287,REFERENCE,This test uses the supplied/current ticker universe and is not a survivorship-bias-free historical index-constituent study.
2022-10-21,T1_30D,90555.36645534392,18422.55419921875,108977.92065456267,128080.9940866937,-14.91483851163804,1,0.2170390929046695,REFERENCE,This test uses the supplied/current ticker universe and is not a survivorship-bias-free historical index-constituent study.
2022-10-24,T1_30D,90555.36645534392,18548.682373046875,109104.04882839079,128080.9940866937,-14.816363187701409,1,0.1157373650282123,REFERENCE,This test uses the supplied/current ticker universe and is not a survivorship-bias-free historical index-constituent study.
2022-10-25,T1_30D,90555.36645534392,18454.693359375,109010.05981471892,128080.9940866937,-14.889745670670163,1,-0.08614621976101855,REFERENCE,This test uses the supplied/current ticker universe and is not a survivorship-bias-free historical index-constituent study.
2022-10-27,T1_30D,109581.22421866839,0.0,109581.22421866839,128080.9940866937,-14.443805655898833,0,0.523955683466526,REFERENCE,This test uses the supplied/current ticker universe and is not a survivorship-bias-free historical index-constituent study.
2022-10-28,T1_30D,109581.22421866839,0.0,109581.22421866839,128080.9940866937,-14.443805655898833,0,0.0,REFERENCE,This test uses the supplied/current ticker universe and is not a survivorship-bias-free historical index-constituent study.
2022-10-31,T1_30D,109581.22421866839,0.0,109581.22421866839,128080.9940866937,-14.443805655898833,0,0.0,REFERENCE,This test uses the supplied/current ticker universe and is not a survivorship-bias-free historical index-constituent study.
2022-11-01,T1_30D,109581.22421866839,0.0,109581.22421866839,128080.9940866937,-14.443805655898833,0,0.0,REFERENCE,This test uses the supplied/current ticker universe and is not a survivorship-bias-free historical index-constituent study.
2022-11-02,T1_30D,109581.22421866839,0.0,109581.22421866839,128080.9940866937,-14.443805655898833,0,0.0,REFERENCE,This test uses the supplied/current ticker universe and is not a survivorship-bias-free historical index-constituent study.
2022-11-03,T1_30D,109581.22421866839,0.0,109581.22421866839,128080.9940866937,-14.443805655898833,0,0.0,REFERENCE,This test uses the supplied/current ticker universe and is not a survivorship-bias-free historical index-constituent study.
2022-11-04,T1_30D,109581.22421866839,0.0,109581.22421866839,128080.9940866937,-14.443805655898833,0,0.0,REFERENCE,This test uses the supplied/current ticker universe and is not a survivorship-bias-free historical index-constituent study.
2022-11-07,T1_30D,109581.22421866839,0.0,109581.22421866839,128080.9940866937,-14.443805655898833,0,0.0,REFERENCE,This test uses the supplied/current ticker universe and is not a survivorship-bias-free historical index-constituent study.
2022-11-09,T1_30D,84581.19382580611,25045.554077148438,109626.74790295455,128080.9940866937,-14.408262767892078,1,0.041543325155157795,REFERENCE,This test uses the supplied/current ticker universe and is not a survivorship-bias-free historical index-constituent study.
2022-11-10,T1_30D,84581.19382580611,24888.105712890625,109469.29953869674,128080.9940866937,-14.531191517298293,1,-0.1436222156267819,REFERENCE,This test uses the supplied/current ticker universe and is not a survivorship-bias-free historical index-constituent study.
2022-11-11,T1_30D,67074.32507846237,42338.877685546875,109413.20276400924,128080.9940866937,-14.574989408693106,2,-0.05124429856031565,REFERENCE,This test uses the supplied/current ticker universe and is not a survivorship-bias-free historical index-constituent study.
2022-11-14,T1_30D,67074.32507846237,42643.07678222656,109717.40186068893,128080.9940866937,-14.33748414973659,2,0.2780277781794016,REFERENCE,This test uses the supplied/current ticker universe and is not a survivorship-bias-free historical index-constituent study.
2022-11-15,T1_30D,67074.32507846237,42423.62707519531,109497.95215365768,128080.9940866937,-14.508820817285184,2,-0.20001358336018127,REFERENCE,This test uses the supplied/current ticker universe and is not a survivorship-bias-free historical index-constituent study.
2022-11-16,T1_30D,67074.32507846237,42425.568603515625,109499.89368197799,128080.9940866937,-14.507304957469946,2,0.001773118384518213,REFERENCE,This test uses the supplied/current ticker universe and is not a survivorship-bias-free historical index-constituent study.
2022-11-17,T1_30D,67074.32507846237,42102.377685546875,109176.70276400924,128080.9940866937,-14.759638194163905,2,-0.2951518098340822,REFERENCE,This test uses the supplied/current ticker universe and is not a survivorship-bias-free historical index-constituent study.
2022-11-18,T1_30D,67074.32507846237,41457.095458984375,108531.42053744674,128080.9940866937,-15.26344614097429,2,-0.59104388594452,REFERENCE,This test uses the supplied/current ticker universe and is not a survivorship-bias-free historical index-constituent study.
2022-11-21,T1_30D,67074.32507846237,41535.525390625,108609.85046908737,128080.9940866937,-15.202211504094798,2,0.07226472412527052,REFERENCE,This test uses the supplied/current ticker universe and is not a survivorship-bias-free historical index-constituent study.
2022-11-22,T1_30D,41023.82029854392,67793.46179199219,108817.28209053611,128080.9940866937,-15.040258028539832,3,0.19098785289994868,REFERENCE,This test uses the supplied/current ticker universe and is not a survivorship-bias-free historical index-constituent study.
2022-11-23,T1_30D,41023.82029854392,68192.94494628906,109216.76524483299,128080.9940866937,-14.728359173330707,3,0.36711370346900196,REFERENCE,This test uses the supplied/current ticker universe and is not a survivorship-bias-free historical index-constituent study.
2022-11-24,T1_30D,41023.82029854392,68428.55926513672,109452.37956368065,128080.9940866937,-14.544401888701742,3,0.2157309075392133,REFERENCE,This test uses the supplied/current ticker universe and is not a survivorship-bias-free historical index-constituent study.
2022-11-25,T1_30D,65166.33926061382,44206.345642089844,109372.68490270367,128080.9940866937,-14.606623970553356,2,-0.07281217758323688,REFERENCE,This test uses the supplied/current ticker universe and is not a survivorship-bias-free historical index-constituent study.
2022-11-28,T1_30D,65166.33926061382,44164.18029785156,109330.51955846538,128080.9940866937,-14.639544814538796,2,-0.03855198788965675,REFERENCE,This test uses the supplied/current ticker universe and is not a survivorship-bias-free historical index-constituent study.
2022-11-29,T1_30D,65166.33926061382,44412.016662597656,109578.35592321148,128080.9940866937,-14.446045094683136,2,0.22668543582065048,REFERENCE,This test uses the supplied/current ticker universe and is not a survivorship-bias-free historical index-constituent study.
2022-11-30,T1_30D,65166.33926061382,44436.20635986328,109602.5456204771,128080.9940866937,-14.4271588442772,2,0.022075251140440955,REFERENCE,This test uses the supplied/current ticker universe and is not a survivorship-bias-free historical index-constituent study.
2022-12-01,T1_30D,65166.33926061382,44415.845153808594,109582.18441442242,128080.9940866937,-14.443055977337327,2,-0.01857731126537754,REFERENCE,This test uses the supplied/current ticker universe and is not a survivorship-bias-free historical index-constituent study.
2022-12-02,T1_30D,82035.57716234378,27026.268310546875,109061.84547289065,128080.9940866937,-14.849313709206246,1,-0.4748389935027464,REFERENCE,This test uses the supplied/current ticker universe and is not a survivorship-bias-free historical index-constituent study.
2022-12-05,T1_30D,82035.57716234378,27010.673767089844,109046.25092943362,128080.9940866937,-14.86148924201518,1,-0.014298807607204811,REFERENCE,This test uses the supplied/current ticker universe and is not a survivorship-bias-free historical index-constituent study.
2022-12-06,T1_30D,82035.57716234378,26858.655395507816,108894.23255785159,128080.9940866937,-14.980178492255636,1,-0.13940724260240733,REFERENCE,This test uses the supplied/current ticker universe and is not a survivorship-bias-free historical index-constituent study.
2022-12-07,T1_30D,82035.57716234378,26448.05731201172,108483.6344743555,128080.9940866937,-15.300755394725785,1,-0.3770613684962232,REFERENCE,This test uses the supplied/current ticker universe and is not a survivorship-bias-free historical index-constituent study.
2022-12-08,T1_30D,82035.57716234378,25487.848388671875,107523.42555101565,128080.9940866937,-16.050444238247653,1,-0.8851186890929896,REFERENCE,This test uses the supplied/current ticker universe and is not a survivorship-bias-free historical index-constituent study.
2022-12-09,T1_30D,81926.98766452019,25800.988403320316,107727.9760678405,128080.9940866937,-15.890740202310516,1,0.19023809535141378,REFERENCE,This test uses the supplied/current ticker universe and is not a survivorship-bias-free historical index-constituent study.
2022-12-12,T1_30D,81926.98766452019,25659.36199951172,107586.3496640319,128080.9940866937,-16.001315861734845,1,-0.13146668950636542,REFERENCE,This test uses the supplied/current ticker universe and is not a survivorship-bias-free historical index-constituent study.
2022-12-13,T1_30D,81926.98766452019,25847.76708984375,107774.75475436394,128080.9940866937,-15.854217463822273,1,0.1751198836287049,REFERENCE,This test uses the supplied/current ticker universe and is not a survivorship-bias-free historical index-constituent study.
2022-12-14,T1_30D,81926.98766452019,25993.292541503906,107920.2802060241,128080.9940866937,-15.740597599534167,1,0.1350274022815734,REFERENCE,This test uses the supplied/current ticker universe and is not a survivorship-bias-free historical index-constituent study.
2022-12-15,T1_30D,81926.98766452019,26043.96368408203,107970.95134860222,128080.9940866937,-15.70103580276686,1,0.046952382333875775,REFERENCE,This test uses the supplied/current ticker universe and is not a survivorship-bias-free historical index-constituent study.
2022-12-16,T1_30D,81926.98766452019,25821.78057861328,107748.76824313347,128080.9940866937,-15.874506587447335,1,-0.20578044621594183,REFERENCE,This test uses the supplied/current ticker universe and is not a survivorship-bias-free historical index-constituent study.
2022-12-19,T1_30D,55555.91906104087,52066.40368652344,107622.3227475643,128080.9940866937,-15.973229662225762,2,-0.1173521494777896,REFERENCE,This test uses the supplied/current ticker universe and is not a survivorship-bias-free historical index-constituent study.
2022-12-20,T1_30D,55555.91906104087,52076.797302246094,107632.71636328696,128080.9940866937,-15.965114784763445,2,0.009657490618408815,REFERENCE,This test uses the supplied/current ticker universe and is not a survivorship-bias-free historical index-constituent study.
2022-12-21,T1_30D,55555.91906104087,52042.58312988281,107598.50219092368,128080.9940866937,-15.991827703887207,2,-0.031787892677348495,REFERENCE,This test uses the supplied/current ticker universe and is not a survivorship-bias-free historical index-constituent study.
2022-12-22,T1_30D,81215.33149121364,26263.554565429684,107478.88605664333,128080.9940866937,-16.08521871410953,1,-0.1111689585307607,REFERENCE,This test uses the supplied/current ticker universe and is not a survivorship-bias-free historical index-constituent study.
2022-12-23,T1_30D,28513.263955924413,78696.84973144531,107210.11368736973,128080.9940866937,-16.29506434436102,3,-0.2500699245542526,REFERENCE,This test uses the supplied/current ticker universe and is not a survivorship-bias-free historical index-constituent study.
2022-12-26,T1_30D,28513.263955924413,79823.41284179688,108336.67679772129,128080.9940866937,-15.415493477204079,3,1.0507992871238603,REFERENCE,This test uses the supplied/current ticker universe and is not a survivorship-bias-free historical index-constituent study.
2022-12-27,T1_30D,28513.263955924413,79954.49829101562,108467.76224694004,128080.9940866937,-15.313147730941346,3,0.1209982187874381,REFERENCE,This test uses the supplied/current ticker universe and is not a survivorship-bias-free historical index-constituent study.
2022-12-28,T1_30D,28513.263955924413,79582.37463378906,108095.63858971348,128080.9940866937,-15.60368549564255,3,-0.34307304725194054,REFERENCE,This test uses the supplied/current ticker universe and is not a survivorship-bias-free historical index-constituent study.
2022-12-29,T1_30D,28513.263955924413,80201.79309082031,108715.05704674473,128080.9940866937,-15.120070841143551,3,0.5730281675677018,REFERENCE,This test uses the supplied/current ticker universe and is not a survivorship-bias-free historical index-constituent study.
2022-12-30,T1_30D,28513.263955924413,79982.9067993164,108496.17075524082,128080.9940866937,-15.290967618659002,3,-0.2013394440935512,REFERENCE,This test uses the supplied/current ticker universe and is not a survivorship-bias-free historical index-constituent study.
2023-01-02,T1_30D,54396.19674203213,54195.71374511719,108591.91048714932,128080.9940866937,-15.216218251985826,2,0.08824249855277078,REFERENCE,This test uses the supplied/current ticker universe and is not a survivorship-bias-free historical index-constituent study.
2023-01-03,T1_30D,82081.745914846,27158.88916015625,109240.63507500225,128080.9940866937,-14.709722661067914,1,0.5973967903711408,REFERENCE,This test uses the supplied/current ticker universe and is not a survivorship-bias-free historical index-constituent study.
2023-01-04,T1_30D,82081.745914846,26673.479919433594,108755.2258342796,128080.9940866937,-15.088708820711638,1,-0.44434860744757554,REFERENCE,This test uses the supplied/current ticker universe and is not a survivorship-bias-free historical index-constituent study.
2023-01-05,T1_30D,82081.745914846,26502.015380859375,108583.76129570538,128080.9940866937,-15.222580781806938,1,-0.15766096503306848,REFERENCE,This test uses the supplied/current ticker universe and is not a survivorship-bias-free historical index-constituent study.
2023-01-06,T1_30D,82081.745914846,26414.209899902344,108495.95581474835,128080.9940866937,-15.291135434730386,1,-0.08086428385724043,REFERENCE,This test uses the supplied/current ticker universe and is not a survivorship-bias-free historical index-constituent study.
2023-01-09,T1_30D,82081.745914846,26465.567016601562,108547.31293144757,128080.9940866937,-15.251038059576928,1,0.04733551247468881,REFERENCE,This test uses the supplied/current ticker universe and is not a survivorship-bias-free historical index-constituent study.
2023-01-10,T1_30D,108155.53405831638,0.0,108155.53405831638,128080.9940866937,-15.556921751318109,0,-0.36092913085615796,REFERENCE,This test uses the supplied/current ticker universe and is not a survivorship-bias-free historical index-constituent study.
2023-01-11,T1_30D,108155.53405831638,0.0,108155.53405831638,128080.9940866937,-15.556921751318109,0,0.0,REFERENCE,This test uses the supplied/current ticker universe and is not a survivorship-bias-free historical index-constituent study.
2023-01-12,T1_30D,108155.53405831638,0.0,108155.53405831638,128080.9940866937,-15.556921751318109,0,0.0,REFERENCE,This test uses the supplied/current ticker universe and is not a survivorship-bias-free historical index-constituent study.
2023-01-13,T1_30D,108155.53405831638,0.0,108155.53405831638,128080.9940866937,-15.556921751318109,0,0.0,REFERENCE,This test uses the supplied/current ticker universe and is not a survivorship-bias-free historical index-constituent study.
2023-01-16,T1_30D,108155.53405831638,0.0,108155.53405831638,128080.9940866937,-15.556921751318109,0,0.0,REFERENCE,This test uses the supplied/current ticker universe and is not a survivorship-bias-free historical index-constituent study.
2023-01-17,T1_30D,108155.53405831638,0.0,108155.53405831638,128080.9940866937,-15.556921751318109,0,0.0,REFERENCE,This test uses the supplied/current ticker universe and is not a survivorship-bias-free historical index-constituent study.
2023-01-18,T1_30D,99595.49654757562,8726.671875,108322.16842257562,128080.9940866937,-15.426820977626077,1,0.1540691983171083,REFERENCE,This test uses the supplied/current ticker universe and is not a survivorship-bias-free historical index-constituent study.
2023-01-19,T1_30D,99595.49654757562,8752.0849609375,108347.58150851312,128080.9940866937,-15.406979559218358,1,0.023460651044548975,REFERENCE,This test uses the supplied/current ticker universe and is not a survivorship-bias-free historical index-constituent study.
2023-01-20,T1_30D,99595.49654757562,8662.9501953125,108258.44674288812,128080.9940866937,-15.47657205907409,1,-0.08226742524750641,REFERENCE,This test uses the supplied/current ticker universe and is not a survivorship-bias-free historical index-constituent study.
2023-01-23,T1_30D,99595.49654757562,8599.6123046875,108195.10885226312,128080.9940866937,-15.526023494922669,1,-0.05850618822882403,REFERENCE,This test uses the supplied/current ticker universe and is not a survivorship-bias-free historical index-constituent study.
2023-01-24,T1_30D,62584.4755971132,45238.378173828125,107822.85377094132,128080.9940866937,-15.816663869770032,3,-0.34405906632073435,REFERENCE,This test uses the supplied/current ticker universe and is not a survivorship-bias-free historical index-constituent study.
2023-01-25,T1_30D,88439.95521295183,18518.029724121094,106957.98493707292,128080.9940866937,-16.49191536983491,2,-0.8021201476504425,REFERENCE,This test uses the supplied/current ticker universe and is not a survivorship-bias-free historical index-constituent study.
2023-01-27,T1_30D,88439.95521295183,18258.714233398438,106698.66944635026,128080.9940866937,-16.69437748575754,2,-0.2424461258083932,REFERENCE,This test uses the supplied/current ticker universe and is not a survivorship-bias-free historical index-constituent study.
2023-01-30,T1_30D,88439.95521295183,18067.78857421875,106507.74378717058,128080.9940866937,-16.84344383283043,2,-0.17893911908216653,REFERENCE,This test uses the supplied/current ticker universe and is not a survivorship-bias-free historical index-constituent study.
2023-01-31,T1_30D,88439.95521295183,18046.53399658203,106486.48920953386,128080.9940866937,-16.86003847108123,2,-0.019955898867962674,REFERENCE,This test uses the supplied/current ticker universe and is not a survivorship-bias-free historical index-constituent study.
2023-02-01,T1_30D,88439.95521295183,18275.957641601562,106715.91285455339,128080.9940866937,-16.680914591964367,2,0.2154485951434637,REFERENCE,This test uses the supplied/current ticker universe and is not a survivorship-bias-free historical index-constituent study.
2023-02-02,T1_30D,88439.95521295183,18124.542053222656,106564.49726617448,128080.9940866937,-16.79913321562403,2,-0.1418866074690106,REFERENCE,This test uses the supplied/current ticker universe and is not a survivorship-bias-free historical index-constituent study.
2023-02-03,T1_30D,88439.95521295183,18549.106811523438,106989.06202447526,128080.9940866937,-16.467651748503776,2,0.39841107422513566,REFERENCE,This test uses the supplied/current ticker universe and is not a survivorship-bias-free historical index-constituent study.
2023-02-06,T1_30D,88439.95521295183,18465.490966796875,106905.4461797487,128080.9940866937,-16.532935317953555,2,-0.07815363846019885,REFERENCE,This test uses the supplied/current ticker universe and is not a survivorship-bias-free historical index-constituent study.
2023-02-07,T1_30D,88439.95521295183,18515.988525390625,106955.94373834245,128080.9940866937,-16.4935090479173,2,0.047235721282934406,REFERENCE,This test uses the supplied/current ticker universe and is not a survivorship-bias-free historical index-constituent study.
2023-02-08,T1_30D,88439.95521295183,18382.113525390625,106822.06873834245,128080.9940866937,-16.598032752589187,2,-0.12516835934570647,REFERENCE,This test uses the supplied/current ticker universe and is not a survivorship-bias-free historical index-constituent study.
2023-02-09,T1_30D,88439.95521295183,18424.608825683594,106864.56403863542,128080.9940866937,-16.564854293446217,2,0.039781386744208724,REFERENCE,This test uses the supplied/current ticker universe and is not a survivorship-bias-free historical index-constituent study.
2023-02-10,T1_30D,88439.95521295183,18528.25213623047,106968.2073491823,128080.9940866937,-16.483934160614698,2,0.0969856673063374,REFERENCE,This test uses the supplied/current ticker universe and is not a survivorship-bias-free historical index-constituent study.
2023-02-13,T1_30D,88439.95521295183,18687.836486816406,107127.79169976823,128080.9940866937,-16.35933772714393,2,0.14918858092574094,REFERENCE,This test uses the supplied/current ticker universe and is not a survivorship-bias-free historical index-constituent study.
2023-02-14,T1_30D,88439.95521295183,18737.434936523438,107177.39014947526,128080.9940866937,-16.3206134417332,2,0.046298396447896906,REFERENCE,This test uses the supplied/current ticker universe and is not a survivorship-bias-free historical index-constituent study.
2023-02-15,T1_30D,88439.95521295183,18652.59979248047,107092.5550054323,128080.9940866937,-16.386848986396085,2,-0.07915395581535867,REFERENCE,This test uses the supplied/current ticker universe and is not a survivorship-bias-free historical index-constituent study.
2023-02-16,T1_30D,88439.95521295183,18627.88507080078,107067.84028375261,128080.9940866937,-16.40614515274451,2,-0.023077908336799347,REFERENCE,This test uses the supplied/current ticker universe and is not a survivorship-bias-free historical index-constituent study.
2023-02-17,T1_30D,88439.95521295183,18761.510009765625,107201.46522271745,128080.9940866937,-16.301816684717174,2,0.12480399213312676,REFERENCE,This test uses the supplied/current ticker universe and is not a survivorship-bias-free historical index-constituent study.
2023-02-20,T1_30D,88439.95521295183,18662.550231933594,107102.50544488542,128080.9940866937,-16.379080121449284,2,-0.09231196385836027,REFERENCE,This test uses the supplied/current ticker universe and is not a survivorship-bias-free historical index-constituent study.
2023-02-21,T1_30D,88439.95521295183,18715.603149414062,107155.55836236589,128080.9940866937,-16.337658739722215,2,0.049534711872611936,REFERENCE,This test uses the supplied/current ticker universe and is not a survivorship-bias-free historical index-constituent study.
2023-02-22,T1_30D,61862.57564878422,44875.871154785156,106738.44680356939,128080.9940866937,-16.6633210768791,3,-0.38925797706729215,REFERENCE,This test uses the supplied/current ticker universe and is not a survivorship-bias-free historical index-constituent study.
2023-02-23,T1_30D,61862.57564878422,44713.85363769531,106576.42928647954,128080.9940866937,-16.78981721960906,3,-0.15178927738006553,REFERENCE,This test uses the supplied/current ticker universe and is not a survivorship-bias-free historical index-constituent study.
2023-02-24,T1_30D,37281.02452153723,69090.3851928711,106371.40971440832,128080.9940866937,-16.94988747322721,4,-0.19236858791743527,REFERENCE,This test uses the supplied/current ticker universe and is not a survivorship-bias-free historical index-constituent study.
2023-02-27,T1_30D,61205.09689414083,44222.991455078125,105428.08834921895,128080.9940866937,-17.686391255006782,3,-0.8868185236258985,REFERENCE,This test uses the supplied/current ticker universe and is not a survivorship-bias-free historical index-constituent study.
2023-02-28,T1_30D,87146.51240958493,17963.818298339844,105110.33070792478,128080.9940866937,-17.93448242853335,2,-0.30139751774843626,REFERENCE,This test uses the supplied/current ticker universe and is not a survivorship-bias-free historical index-constituent study.
2023-03-01,T1_30D,95282.87970157174,9833.45263671875,105116.3323382905,128080.9940866937,-17.929796619831983,1,0.005709838724032856,REFERENCE,This test uses the supplied/current ticker universe and is not a survivorship-bias-free historical index-constituent study.
2023-03-02,T1_30D,95282.87970157174,9749.76513671875,105032.6448382905,128080.9940866937,-17.99513613456385,1,-0.07961417425664807,REFERENCE,This test uses the supplied/current ticker universe and is not a survivorship-bias-free historical index-constituent study.
2023-03-03,T1_30D,95282.87970157174,9943.290100097656,105226.1698016694,128080.9940866937,-17.844040365235326,1,0.184252204328339,REFERENCE,This test uses the supplied/current ticker universe and is not a survivorship-bias-free historical index-constituent study.
2023-03-06,T1_30D,95282.87970157174,10013.439636230469,105296.31933780221,128080.9940866937,-17.789270696532313,1,0.06666548470313227,REFERENCE,This test uses the supplied/current ticker universe and is not a survivorship-bias-free historical index-constituent study.
2023-03-08,T1_30D,105306.28669925008,0.0,105306.28669925008,128080.9940866937,-17.781488619637187,0,0.009466011262837526,REFERENCE,This test uses the supplied/current ticker universe and is not a survivorship-bias-free historical index-constituent study.
2023-03-09,T1_30D,105306.28669925008,0.0,105306.28669925008,128080.9940866937,-17.781488619637187,0,0.0,REFERENCE,This test uses the supplied/current ticker universe and is not a survivorship-bias-free historical index-constituent study.
2023-03-10,T1_30D,105306.28669925008,0.0,105306.28669925008,128080.9940866937,-17.781488619637187,0,0.0,REFERENCE,This test uses the supplied/current ticker universe and is not a survivorship-bias-free historical index-constituent study.
2023-03-13,T1_30D,105306.28669925008,0.0,105306.28669925008,128080.9940866937,-17.781488619637187,0,0.0,REFERENCE,This test uses the supplied/current ticker universe and is not a survivorship-bias-free historical index-constituent study.
2023-03-14,T1_30D,105306.28669925008,0.0,105306.28669925008,128080.9940866937,-17.781488619637187,0,0.0,REFERENCE,This test uses the supplied/current ticker universe and is not a survivorship-bias-free historical index-constituent study.
2023-03-15,T1_30D,105306.28669925008,0.0,105306.28669925008,128080.9940866937,-17.781488619637187,0,0.0,REFERENCE,This test uses the supplied/current ticker universe and is not a survivorship-bias-free historical index-constituent study.
2023-03-16,T1_30D,105306.28669925008,0.0,105306.28669925008,128080.9940866937,-17.781488619637187,0,0.0,REFERENCE,This test uses the supplied/current ticker universe and is not a survivorship-bias-free historical index-constituent study.
2023-03-17,T1_30D,105306.28669925008,0.0,105306.28669925008,128080.9940866937,-17.781488619637187,0,0.0,REFERENCE,This test uses the supplied/current ticker universe and is not a survivorship-bias-free historical index-constituent study.
2023-03-20,T1_30D,105306.28669925008,0.0,105306.28669925008,128080.9940866937,-17.781488619637187,0,0.0,REFERENCE,This test uses the supplied/current ticker universe and is not a survivorship-bias-free historical index-constituent study.
2023-03-21,T1_30D,105306.28669925008,0.0,105306.28669925008,128080.9940866937,-17.781488619637187,0,0.0,REFERENCE,This test uses the supplied/current ticker universe and is not a survivorship-bias-free historical index-constituent study.
2023-03-22,T1_30D,105306.28669925008,0.0,105306.28669925008,128080.9940866937,-17.781488619637187,0,0.0,REFERENCE,This test uses the supplied/current ticker universe and is not a survivorship-bias-free historical index-constituent study.
2023-03-23,T1_30D,105306.28669925008,0.0,105306.28669925008,128080.9940866937,-17.781488619637187,0,0.0,REFERENCE,This test uses the supplied/current ticker universe and is not a survivorship-bias-free historical index-constituent study.
2023-03-24,T1_30D,105306.28669925008,0.0,105306.28669925008,128080.9940866937,-17.781488619637187,0,0.0,REFERENCE,This test uses the supplied/current ticker universe and is not a survivorship-bias-free historical index-constituent study.
2023-03-27,T1_30D,105306.28669925008,0.0,105306.28669925008,128080.9940866937,-17.781488619637187,0,0.0,REFERENCE,This test uses the supplied/current ticker universe and is not a survivorship-bias-free historical index-constituent study.
2023-03-28,T1_30D,105306.28669925008,0.0,105306.28669925008,128080.9940866937,-17.781488619637187,0,0.0,REFERENCE,This test uses the supplied/current ticker universe and is not a survivorship-bias-free historical index-constituent study.
2023-03-29,T1_30D,105306.28669925008,0.0,105306.28669925008,128080.9940866937,-17.781488619637187,0,0.0,REFERENCE,This test uses the supplied/current ticker universe and is not a survivorship-bias-free historical index-constituent study.
2023-03-31,T1_30D,105306.28669925008,0.0,105306.28669925008,128080.9940866937,-17.781488619637187,0,0.0,REFERENCE,This test uses the supplied/current ticker universe and is not a survivorship-bias-free historical index-constituent study.
2023-04-03,T1_30D,105306.28669925008,0.0,105306.28669925008,128080.9940866937,-17.781488619637187,0,0.0,REFERENCE,This test uses the supplied/current ticker universe and is not a survivorship-bias-free historical index-constituent study.
2023-04-05,T1_30D,105306.28669925008,0.0,105306.28669925008,128080.9940866937,-17.781488619637187,0,0.0,REFERENCE,This test uses the supplied/current ticker universe and is not a survivorship-bias-free historical index-constituent study.
2023-04-06,T1_30D,105306.28669925008,0.0,105306.28669925008,128080.9940866937,-17.781488619637187,0,0.0,REFERENCE,This test uses the supplied/current ticker universe and is not a survivorship-bias-free historical index-constituent study.
2023-04-10,T1_30D,105306.28669925008,0.0,105306.28669925008,128080.9940866937,-17.781488619637187,0,0.0,REFERENCE,This test uses the supplied/current ticker universe and is not a survivorship-bias-free historical index-constituent study.
2023-04-11,T1_30D,105306.28669925008,0.0,105306.28669925008,128080.9940866937,-17.781488619637187,0,0.0,REFERENCE,This test uses the supplied/current ticker universe and is not a survivorship-bias-free historical index-constituent study.
2023-04-12,T1_30D,105306.28669925008,0.0,105306.28669925008,128080.9940866937,-17.781488619637187,0,0.0,REFERENCE,This test uses the supplied/current ticker universe and is not a survivorship-bias-free historical index-constituent study.
2023-04-13,T1_30D,105306.28669925008,0.0,105306.28669925008,128080.9940866937,-17.781488619637187,0,0.0,REFERENCE,This test uses the supplied/current ticker universe and is not a survivorship-bias-free historical index-constituent study.
2023-04-17,T1_30D,105306.28669925008,0.0,105306.28669925008,128080.9940866937,-17.781488619637187,0,0.0,REFERENCE,This test uses the supplied/current ticker universe and is not a survivorship-bias-free historical index-constituent study.
2023-04-18,T1_30D,105306.28669925008,0.0,105306.28669925008,128080.9940866937,-17.781488619637187,0,0.0,REFERENCE,This test uses the supplied/current ticker universe and is not a survivorship-bias-free historical index-constituent study.
2023-04-19,T1_30D,105306.28669925008,0.0,105306.28669925008,128080.9940866937,-17.781488619637187,0,0.0,REFERENCE,This test uses the supplied/current ticker universe and is not a survivorship-bias-free historical index-constituent study.
2023-04-20,T1_30D,105306.28669925008,0.0,105306.28669925008,128080.9940866937,-17.781488619637187,0,0.0,REFERENCE,This test uses the supplied/current ticker universe and is not a survivorship-bias-free historical index-constituent study.
2023-04-21,T1_30D,105306.28669925008,0.0,105306.28669925008,128080.9940866937,-17.781488619637187,0,0.0,REFERENCE,This test uses the supplied/current ticker universe and is not a survivorship-bias-free historical index-constituent study.
2023-04-24,T1_30D,105306.28669925008,0.0,105306.28669925008,128080.9940866937,-17.781488619637187,0,0.0,REFERENCE,This test uses the supplied/current ticker universe and is not a survivorship-bias-free historical index-constituent study.
2023-04-25,T1_30D,105306.28669925008,0.0,105306.28669925008,128080.9940866937,-17.781488619637187,0,0.0,REFERENCE,This test uses the supplied/current ticker universe and is not a survivorship-bias-free historical index-constituent study.
2023-04-26,T1_30D,105306.28669925008,0.0,105306.28669925008,128080.9940866937,-17.781488619637187,0,0.0,REFERENCE,This test uses the supplied/current ticker universe and is not a survivorship-bias-free historical index-constituent study.
2023-04-27,T1_30D,105306.28669925008,0.0,105306.28669925008,128080.9940866937,-17.781488619637187,0,0.0,REFERENCE,This test uses the supplied/current ticker universe and is not a survivorship-bias-free historical index-constituent study.
2023-04-28,T1_30D,105306.28669925008,0.0,105306.28669925008,128080.9940866937,-17.781488619637187,0,0.0,REFERENCE,This test uses the supplied/current ticker universe and is not a survivorship-bias-free historical index-constituent study.
2023-05-02,T1_30D,105306.28669925008,0.0,105306.28669925008,128080.9940866937,-17.781488619637187,0,0.0,REFERENCE,This test uses the supplied/current ticker universe and is not a survivorship-bias-free historical index-constituent study.
2023-05-03,T1_30D,105306.28669925008,0.0,105306.28669925008,128080.9940866937,-17.781488619637187,0,0.0,REFERENCE,This test uses the supplied/current ticker universe and is not a survivorship-bias-free historical index-constituent study.
2023-05-04,T1_30D,105306.28669925008,0.0,105306.28669925008,128080.9940866937,-17.781488619637187,0,0.0,REFERENCE,This test uses the supplied/current ticker universe and is not a survivorship-bias-free historical index-constituent study.
2023-05-05,T1_30D,105306.28669925008,0.0,105306.28669925008,128080.9940866937,-17.781488619637187,0,0.0,REFERENCE,This test uses the supplied/current ticker universe and is not a survivorship-bias-free historical index-constituent study.
2023-05-08,T1_30D,105306.28669925008,0.0,105306.28669925008,128080.9940866937,-17.781488619637187,0,0.0,REFERENCE,This test uses the supplied/current ticker universe and is not a survivorship-bias-free historical index-constituent study.
2023-05-09,T1_30D,105306.28669925008,0.0,105306.28669925008,128080.9940866937,-17.781488619637187,0,0.0,REFERENCE,This test uses the supplied/current ticker universe and is not a survivorship-bias-free historical index-constituent study.
2023-05-10,T1_30D,105306.28669925008,0.0,105306.28669925008,128080.9940866937,-17.781488619637187,0,0.0,REFERENCE,This test uses the supplied/current ticker universe and is not a survivorship-bias-free historical index-constituent study.
2023-05-11,T1_30D,105306.28669925008,0.0,105306.28669925008,128080.9940866937,-17.781488619637187,0,0.0,REFERENCE,This test uses the supplied/current ticker universe and is not a survivorship-bias-free historical index-constituent study.
2023-05-12,T1_30D,105306.28669925008,0.0,105306.28669925008,128080.9940866937,-17.781488619637187,0,0.0,REFERENCE,This test uses the supplied/current ticker universe and is not a survivorship-bias-free historical index-constituent study.
2023-05-15,T1_30D,105306.28669925008,0.0,105306.28669925008,128080.9940866937,-17.781488619637187,0,0.0,REFERENCE,This test uses the supplied/current ticker universe and is not a survivorship-bias-free historical index-constituent study.
2023-05-16,T1_30D,105306.28669925008,0.0,105306.28669925008,128080.9940866937,-17.781488619637187,0,0.0,REFERENCE,This test uses the supplied/current ticker universe and is not a survivorship-bias-free historical index-constituent study.
2023-05-17,T1_30D,105306.28669925008,0.0,105306.28669925008,128080.9940866937,-17.781488619637187,0,0.0,REFERENCE,This test uses the supplied/current ticker universe and is not a survivorship-bias-free historical index-constituent study.
2023-05-18,T1_30D,105306.28669925008,0.0,105306.28669925008,128080.9940866937,-17.781488619637187,0,0.0,REFERENCE,This test uses the supplied/current ticker universe and is not a survivorship-bias-free historical index-constituent study.
2023-05-19,T1_30D,105306.28669925008,0.0,105306.28669925008,128080.9940866937,-17.781488619637187,0,0.0,REFERENCE,This test uses the supplied/current ticker universe and is not a survivorship-bias-free historical index-constituent study.
2023-05-22,T1_30D,81276.68970128329,24102.88330078125,105379.57300206454,128080.9940866937,-17.72426990164,1,0.06959347358221901,REFERENCE,This test uses the supplied/current ticker universe and is not a survivorship-bias-free historical index-constituent study.
2023-05-23,T1_30D,81276.68970128329,23844.30908203125,105120.99878331454,128080.9940866937,-17.926153265049074,1,-0.24537413787483198,REFERENCE,This test uses the supplied/current ticker universe and is not a survivorship-bias-free historical index-constituent study.
2023-05-24,T1_30D,81276.68970128329,24055.787109375,105332.47681065829,128080.9940866937,-17.761040533959083,1,0.20117581624168324,REFERENCE,This test uses the supplied/current ticker universe and is not a survivorship-bias-free historical index-constituent study.
2023-05-25,T1_30D,59512.452276160926,45901.93249511719,105414.38477127811,128080.9940866937,-17.69709040521135,2,0.07776135442731924,REFERENCE,This test uses the supplied/current ticker universe and is not a survivorship-bias-free historical index-constituent study.
2023-05-26,T1_30D,59512.452276160926,46245.6708984375,105758.12317459843,128080.9940866937,-17.428714596785277,2,0.3260830142547855,REFERENCE,This test uses the supplied/current ticker universe and is not a survivorship-bias-free historical index-constituent study.
2023-05-29,T1_30D,84386.15620451,21832.681274414062,106218.83747892406,128080.9940866937,-17.069009156012548,1,0.4356301818679631,REFERENCE,This test uses the supplied/current ticker universe and is not a survivorship-bias-free historical index-constituent study.
2023-05-30,T1_30D,84386.15620451,22473.453369140625,106859.60957365062,128080.9940866937,-16.56872252153121,1,0.6032565502834597,REFERENCE,This test uses the supplied/current ticker universe and is not a survivorship-bias-free historical index-constituent study.
2023-05-31,T1_30D,107319.505643585,0.0,107319.505643585,128080.9940866937,-16.209655922139355,0,0.4303740878047968,REFERENCE,This test uses the supplied/current ticker universe and is not a survivorship-bias-free historical index-constituent study.
2023-06-01,T1_30D,107319.505643585,0.0,107319.505643585,128080.9940866937,-16.209655922139355,0,0.0,REFERENCE,This test uses the supplied/current ticker universe and is not a survivorship-bias-free historical index-constituent study.
2023-06-02,T1_30D,107319.505643585,0.0,107319.505643585,128080.9940866937,-16.209655922139355,0,0.0,REFERENCE,This test uses the supplied/current ticker universe and is not a survivorship-bias-free historical index-constituent study.
2023-06-05,T1_30D,107319.505643585,0.0,107319.505643585,128080.9940866937,-16.209655922139355,0,0.0,REFERENCE,This test uses the supplied/current ticker universe and is not a survivorship-bias-free historical index-constituent study.
2023-06-06,T1_30D,107319.505643585,0.0,107319.505643585,128080.9940866937,-16.209655922139355,0,0.0,REFERENCE,This test uses the supplied/current ticker universe and is not a survivorship-bias-free historical index-constituent study.
2023-06-07,T1_30D,107319.505643585,0.0,107319.505643585,128080.9940866937,-16.209655922139355,0,0.0,REFERENCE,This test uses the supplied/current ticker universe and is not a survivorship-bias-free historical index-constituent study.
2023-06-08,T1_30D,107319.505643585,0.0,107319.505643585,128080.9940866937,-16.209655922139355,0,0.0,REFERENCE,This test uses the supplied/current ticker universe and is not a survivorship-bias-free historical index-constituent study.
2023-06-09,T1_30D,107319.505643585,0.0,107319.505643585,128080.9940866937,-16.209655922139355,0,0.0,REFERENCE,This test uses the supplied/current ticker universe and is not a survivorship-bias-free historical index-constituent study.
2023-06-12,T1_30D,107319.505643585,0.0,107319.505643585,128080.9940866937,-16.209655922139355,0,0.0,REFERENCE,This test uses the supplied/current ticker universe and is not a survivorship-bias-free historical index-constituent study.
2023-06-13,T1_30D,107319.505643585,0.0,107319.505643585,128080.9940866937,-16.209655922139355,0,0.0,REFERENCE,This test uses the supplied/current ticker universe and is not a survivorship-bias-free historical index-constituent study.
2023-06-14,T1_30D,107319.505643585,0.0,107319.505643585,128080.9940866937,-16.209655922139355,0,0.0,REFERENCE,This test uses the supplied/current ticker universe and is not a survivorship-bias-free historical index-constituent study.
2023-06-15,T1_30D,107319.505643585,0.0,107319.505643585,128080.9940866937,-16.209655922139355,0,0.0,REFERENCE,This test uses the supplied/current ticker universe and is not a survivorship-bias-free historical index-constituent study.
2023-06-16,T1_30D,107319.505643585,0.0,107319.505643585,128080.9940866937,-16.209655922139355,0,0.0,REFERENCE,This test uses the supplied/current ticker universe and is not a survivorship-bias-free historical index-constituent study.
2023-06-19,T1_30D,107319.505643585,0.0,107319.505643585,128080.9940866937,-16.209655922139355,0,0.0,REFERENCE,This test uses the supplied/current ticker universe and is not a survivorship-bias-free historical index-constituent study.
2023-06-20,T1_30D,107319.505643585,0.0,107319.505643585,128080.9940866937,-16.209655922139355,0,0.0,REFERENCE,This test uses the supplied/current ticker universe and is not a survivorship-bias-free historical index-constituent study.
2023-06-21,T1_30D,107319.505643585,0.0,107319.505643585,128080.9940866937,-16.209655922139355,0,0.0,REFERENCE,This test uses the supplied/current ticker universe and is not a survivorship-bias-free historical index-constituent study.
2023-06-22,T1_30D,89154.86956765619,18077.275390625,107232.14495828119,128080.9940866937,-16.27786329820381,1,-0.08140242985644752,REFERENCE,This test uses the supplied/current ticker universe and is not a survivorship-bias-free historical index-constituent study.
2023-06-23,T1_30D,89154.86956765619,17931.64453125,107086.51409890619,128080.9940866937,-16.391565460193924,1,-0.13580895862118636,REFERENCE,This test uses the supplied/current ticker universe and is not a survivorship-bias-free historical index-constituent study.
2023-06-26,T1_30D,89154.86956765619,18206.37109375,107361.24066140619,128080.9940866937,-16.177071058070492,1,0.25654636796399455,REFERENCE,This test uses the supplied/current ticker universe and is not a survivorship-bias-free historical index-constituent study.
2023-06-27,T1_30D,89154.86956765619,18188.68359375,107343.55316140619,128080.9940866937,-16.190880679182605,1,-0.01647475372958951,REFERENCE,This test uses the supplied/current ticker universe and is not a survivorship-bias-free historical index-constituent study.
2023-06-28,T1_30D,89154.86956765619,18341.810546875,107496.68011453119,128080.9940866937,-16.071325897290954,1,0.14265128050563458,REFERENCE,This test uses the supplied/current ticker universe and is not a survivorship-bias-free historical index-constituent study.
2023-06-30,T1_30D,107976.44047115784,0.0,107976.44047115784,128080.9940866937,-15.696750137594783,0,0.4463024868446963,REFERENCE,This test uses the supplied/current ticker universe and is not a survivorship-bias-free historical index-constituent study.
2023-07-03,T1_30D,107976.44047115784,0.0,107976.44047115784,128080.9940866937,-15.696750137594783,0,0.0,REFERENCE,This test uses the supplied/current ticker universe and is not a survivorship-bias-free historical index-constituent study.
2023-07-04,T1_30D,107976.44047115784,0.0,107976.44047115784,128080.9940866937,-15.696750137594783,0,0.0,REFERENCE,This test uses the supplied/current ticker universe and is not a survivorship-bias-free historical index-constituent study.
2023-07-05,T1_30D,107976.44047115784,0.0,107976.44047115784,128080.9940866937,-15.696750137594783,0,0.0,REFERENCE,This test uses the supplied/current ticker universe and is not a survivorship-bias-free historical index-constituent study.
2023-07-06,T1_30D,86447.01338037939,21652.24493408203,108099.25831446142,128080.9940866937,-15.600859373957787,1,0.11374503805428038,REFERENCE,This test uses the supplied/current ticker universe and is not a survivorship-bias-free historical index-constituent study.
2023-07-07,T1_30D,86447.01338037939,21463.516845703125,107910.53022608251,128080.9940866937,-15.748209954521808,1,-0.17458777360885858,REFERENCE,This test uses the supplied/current ticker universe and is not a survivorship-bias-free historical index-constituent study.
2023-07-10,T1_30D,86447.01338037939,21412.456787109375,107859.47016748876,128080.9940866937,-15.788075399787783,1,-0.04731703058707959,REFERENCE,This test uses the supplied/current ticker universe and is not a survivorship-bias-free historical index-constituent study.
2023-07-11,T1_30D,86447.01338037939,21308.397033691406,107755.4104140708,128080.9940866937,-15.869320672874544,1,-0.09647715982322724,REFERENCE,This test uses the supplied/current ticker universe and is not a survivorship-bias-free historical index-constituent study.
2023-07-12,T1_30D,86447.01338037939,21108.677124023438,107555.69050440282,128080.9940866937,-16.025253183464507,1,-0.18534559786882454,REFERENCE,This test uses the supplied/current ticker universe and is not a survivorship-bias-free historical index-constituent study.
2023-07-13,T1_30D,86447.01338037939,21214.030517578125,107661.04389795751,128080.9940866937,-15.94299789312582,1,0.09795241242989139,REFERENCE,This test uses the supplied/current ticker universe and is not a survivorship-bias-free historical index-constituent study.
2023-07-14,T1_30D,86447.01338037939,21257.981323242188,107704.99470362157,128080.9940866937,-15.90868303948383,1,0.04082331368226999,REFERENCE,This test uses the supplied/current ticker universe and is not a survivorship-bias-free historical index-constituent study.
2023-07-17,T1_30D,86447.01338037939,21702.66064453125,108149.67402491064,128080.9940866937,-15.561497007348512,1,0.41286787350272025,REFERENCE,This test uses the supplied/current ticker universe and is not a survivorship-bias-free historical index-constituent study.
2023-07-18,T1_30D,86447.01338037939,21684.562866210938,108131.57624659032,128080.9940866937,-15.57562695570608,1,-0.016734010974595037,REFERENCE,This test uses the supplied/current ticker universe and is not a survivorship-bias-free historical index-constituent study.
2023-07-19,T1_30D,86447.01338037939,21782.80535888672,108229.8187392661,128080.9940866937,-15.498923543637556,1,0.09085458298669913,REFERENCE,This test uses the supplied/current ticker universe and is not a survivorship-bias-free historical index-constituent study.
2023-07-20,T1_30D,67985.59399783643,40617.52655029297,108603.1205481294,128080.9940866937,-15.207465930019548,2,0.3449158588749057,REFERENCE,This test uses the supplied/current ticker universe and is not a survivorship-bias-free historical index-constituent study.
2023-07-21,T1_30D,67985.59399783643,40444.769592285156,108430.36359012159,128080.9940866937,-15.342346955295538,2,-0.15907181776719792,REFERENCE,This test uses the supplied/current ticker universe and is not a survivorship-bias-free historical index-constituent study.
2023-07-24,T1_30D,67985.59399783643,40334.35754394531,108319.95154178175,128080.9940866937,-15.428551820527225,2,-0.10182761053648681,REFERENCE,This test uses the supplied/current ticker universe and is not a survivorship-bias-free historical index-constituent study.
2023-07-25,T1_30D,67985.59399783643,40692.27801513672,108677.87201297315,128080.9940866937,-15.149103278029862,2,0.3304289432342955,REFERENCE,This test uses the supplied/current ticker universe and is not a survivorship-bias-free historical index-constituent study.
2023-07-26,T1_30D,67985.59399783643,40611.68310546875,108597.27710330518,128080.9940866937,-15.212028234415985,2,-0.0741594477101537,REFERENCE,This test uses the supplied/current ticker universe and is not a survivorship-bias-free historical index-constituent study.
2023-07-27,T1_30D,44675.33400889463,63682.67449951172,108358.00850840635,128080.9940866937,-15.398838616865774,3,-0.2203265139615107,REFERENCE,This test uses the supplied/current ticker universe and is not a survivorship-bias-free historical index-constituent study.
2023-07-28,T1_30D,44675.33400889463,63069.336029052734,107744.67003794736,128080.9940866937,-15.877706285587823,3,-0.5660296630602968,REFERENCE,This test uses the supplied/current ticker universe and is not a survivorship-bias-free historical index-constituent study.
2023-07-31,T1_30D,44675.33400889463,63825.17654418945,108500.51055308408,128080.9940866937,-15.287579295610598,3,0.701510817073836,REFERENCE,This test uses the supplied/current ticker universe and is not a survivorship-bias-free historical index-constituent study.
2023-08-01,T1_30D,44675.33400889463,63878.78591918945,108554.11992808408,128080.9940866937,-15.245723456356474,3,0.0494093297134901,REFERENCE,This test uses the supplied/current ticker universe and is not a survivorship-bias-free historical index-constituent study.
2023-08-02,T1_30D,44675.33400889463,63234.80505371094,107910.13906260557,128080.9940866937,-15.748515357739311,3,-0.5932348453519309,REFERENCE,This test uses the supplied/current ticker universe and is not a survivorship-bias-free historical index-constituent study.
2023-08-03,T1_30D,18022.64669778098,89143.76358032227,107166.41027810324,128080.9940866937,-16.329186041790145,4,-0.6892112186704158,REFERENCE,This test uses the supplied/current ticker universe and is not a survivorship-bias-free historical index-constituent study.
2023-08-04,T1_30D,43943.50758328129,63557.30374145508,107500.81132473637,128080.9940866937,-16.068100430284993,3,0.31203904821046624,REFERENCE,This test uses the supplied/current ticker universe and is not a survivorship-bias-free historical index-constituent study.
2023-08-07,T1_30D,43943.50758328129,63782.65756225586,107726.16514553715,128080.9940866937,-15.892154090699083,3,0.20962987908996755,REFERENCE,This test uses the supplied/current ticker universe and is not a survivorship-bias-free historical index-constituent study.
2023-08-08,T1_30D,43943.50758328129,64104.57595825195,108048.08354153324,128080.9940866937,-15.640814383124525,3,0.29883027541284246,REFERENCE,This test uses the supplied/current ticker universe and is not a survivorship-bias-free historical index-constituent study.
2023-08-09,T1_30D,43943.50758328129,64042.63278198242,107986.14036526371,128080.9940866937,-15.689176887422073,3,-0.057329268821060264,REFERENCE,This test uses the supplied/current ticker universe and is not a survivorship-bias-free historical index-constituent study.
2023-08-10,T1_30D,43943.50758328129,63775.67404174805,107719.18162502933,128080.9940866937,-15.89760651598483,3,-0.24721574391990409,REFERENCE,This test uses the supplied/current ticker universe and is not a survivorship-bias-free historical index-constituent study.
2023-08-11,T1_30D,1327.3444609865692,105658.28839111328,106985.63285209985,128080.9940866937,-16.47032909528724,5,-0.6809824971405476,REFERENCE,This test uses the supplied/current ticker universe and is not a survivorship-bias-free historical index-constituent study.
2023-08-14,T1_30D,22027.441328689696,85351.46194458008,107378.90327326977,128080.9940866937,-16.163280868519326,4,0.3675918071294637,REFERENCE,This test uses the supplied/current ticker universe and is not a survivorship-bias-free historical index-constituent study.
2023-08-16,T1_30D,22027.441328689696,85754.63198852539,107782.07331721508,128080.9940866937,-15.848503452228801,4,0.37546485543746844,REFERENCE,This test uses the supplied/current ticker universe and is not a survivorship-bias-free historical index-constituent study.
2023-08-17,T1_30D,22027.441328689696,85337.86892700195,107365.31025569164,128080.9940866937,-16.173893698061327,4,-0.38667196565875805,REFERENCE,This test uses the supplied/current ticker universe and is not a survivorship-bias-free historical index-constituent study.
2023-08-18,T1_30D,22027.441328689696,84773.23403930664,106800.67536799633,128080.9940866937,-16.614735754075618,4,-0.5259006715955361,REFERENCE,This test uses the supplied/current ticker universe and is not a survivorship-bias-free historical index-constituent study.
2023-08-21,T1_30D,22027.441328689696,85175.81384277344,107203.25517146313,128080.9940866937,-16.300419171558843,4,0.37694499784730606,REFERENCE,This test uses the supplied/current ticker universe and is not a survivorship-bias-free historical index-constituent study.
2023-08-22,T1_30D,22027.441328689696,85643.98001098633,107671.42133967602,128080.9940866937,-15.9348956436137,4,0.4367089109972522,REFERENCE,This test uses the supplied/current ticker universe and is not a survivorship-bias-free historical index-constituent study.
2023-08-23,T1_30D,39392.02741048062,69238.57040405273,108630.59781453336,128080.9940866937,-15.186012890402,3,0.890836642558468,REFERENCE,This test uses the supplied/current ticker universe and is not a survivorship-bias-free historical index-constituent study.
2023-08-24,T1_30D,39392.02741048062,69094.4814453125,108486.50885579313,128080.9940866937,-15.298511204275723,3,-0.132641227829966,REFERENCE,This test uses the supplied/current ticker universe and is not a survivorship-bias-free historical index-constituent study.
2023-08-25,T1_30D,39392.02741048062,68827.33923339844,108219.36664387907,128080.9940866937,-15.50708407944661,3,-0.2462446388326156,REFERENCE,This test uses the supplied/current ticker universe and is not a survivorship-bias-free historical index-constituent study.
2023-08-28,T1_30D,39392.02741048062,68913.82885742188,108305.8562679025,128080.9940866937,-15.439556789671748,3,0.07992065256494651,REFERENCE,This test uses the supplied/current ticker universe and is not a survivorship-bias-free historical index-constituent study.
2023-08-29,T1_30D,12395.478595587501,95929.23574829102,108324.71434387851,128080.9940866937,-15.424833234385126,4,0.017411870997419143,REFERENCE,This test uses the supplied/current ticker universe and is not a survivorship-bias-free historical index-constituent study.
2023-08-30,T1_30D,12395.478595587501,96055.21493530273,108450.69353089023,128080.9940866937,-15.326474232793963,4,0.1162977329548287,REFERENCE,This test uses the supplied/current ticker universe and is not a survivorship-bias-free historical index-constituent study.
2023-08-31,T1_30D,31672.127079972404,77030.02517700195,108702.15225697435,128080.9940866937,-15.130146332720107,3,0.23186456250046117,REFERENCE,This test uses the supplied/current ticker universe and is not a survivorship-bias-free historical index-constituent study.
2023-09-01,T1_30D,31672.127079972404,77701.79147338867,109373.91855336107,128080.9940866937,-14.605660790445175,3,0.6179880365189572,REFERENCE,This test uses the supplied/current ticker universe and is not a survivorship-bias-free historical index-constituent study.
2023-09-04,T1_30D,56407.14210131456,53403.79675292969,109810.93885424425,128080.9940866937,-14.26445458416966,2,0.3995653686577505,REFERENCE,This test uses the supplied/current ticker universe and is not a survivorship-bias-free historical index-constituent study.
2023-09-05,T1_30D,56407.14210131456,53992.04052734375,110399.18262865831,128080.9940866937,-13.805179749047824,2,0.5356877744164157,REFERENCE,This test uses the supplied/current ticker universe and is not a survivorship-bias-free historical index-constituent study.
2023-09-06,T1_30D,56407.14210131456,53948.49890136719,110355.64100268175,128080.9940866937,-13.839175133208492,2,-0.03944017060617533,REFERENCE,This test uses the supplied/current ticker universe and is not a survivorship-bias-free historical index-constituent study.
2023-09-07,T1_30D,56407.14210131456,53944.885986328125,110352.02808764268,128080.9940866937,-13.841995938172435,2,-0.003273883424748103,REFERENCE,This test uses the supplied/current ticker universe and is not a survivorship-bias-free historical index-constituent study.
2023-09-08,T1_30D,56407.14210131456,54015.49011230469,110422.63221361925,128080.9940866937,-13.786871345737762,2,0.06398081412739565,REFERENCE,This test uses the supplied/current ticker universe and is not a survivorship-bias-free historical index-constituent study.
2023-09-11,T1_30D,56407.14210131456,54382.757080078125,110789.89918139268,128080.9940866937,-13.500125470292069,2,0.3326011709836152,REFERENCE,This test uses the supplied/current ticker universe and is not a survivorship-bias-free historical index-constituent study.
2023-09-12,T1_30D,56407.14210131456,54920.54553222656,111327.68763354112,128080.9940866937,-13.080243928941426,2,0.48541289063539494,REFERENCE,This test uses the supplied/current ticker universe and is not a survivorship-bias-free historical index-constituent study.
2023-09-13,T1_30D,56407.14210131456,54986.57080078125,111393.71290209581,128080.9940866937,-13.02869430674689,2,0.059307140890263454,REFERENCE,This test uses the supplied/current ticker universe and is not a survivorship-bias-free historical index-constituent study.
2023-09-14,T1_30D,56407.14210131456,54808.77819824219,111215.92029955675,128080.9940866937,-13.167506941522921,2,-0.15960739426589265,REFERENCE,This test uses the supplied/current ticker universe and is not a survivorship-bias-free historical index-constituent study.
2023-09-15,T1_30D,56407.14210131456,55084.50964355469,111491.65174486925,128080.9940866937,-12.952227971150576,2,0.24792443794900976,REFERENCE,This test uses the supplied/current ticker universe and is not a survivorship-bias-free historical index-constituent study.
2023-09-18,T1_30D,56407.14210131456,54970.73889160156,111377.88099291612,128080.9940866937,-13.041055164259419,2,-0.10204418911423652,REFERENCE,This test uses the supplied/current ticker universe and is not a survivorship-bias-free historical index-constituent study.
2023-09-20,T1_30D,56407.14210131456,55021.219970703125,111428.36207201768,128080.9940866937,-13.001641760684969,2,0.045324151125458734,REFERENCE,This test uses the supplied/current ticker universe and is not a survivorship-bias-free historical index-constituent study.
2023-09-21,T1_30D,56407.14210131456,54090.11364746094,110497.2557487755,128080.9940866937,-13.728608575614555,2,-0.835609808784954,REFERENCE,This test uses the supplied/current ticker universe and is not a survivorship-bias-free historical index-constituent study.
2023-09-22,T1_30D,56407.14210131456,53508.52197265625,109915.66407397081,128080.9940866937,-14.182689744293665,2,-0.5263403791013421,REFERENCE,This test uses the supplied/current ticker universe and is not a survivorship-bias-free historical index-constituent study.
2023-09-25,T1_30D,82506.72507902916,27346.1669921875,109852.89207121666,128080.9940866937,-14.231699359812156,1,-0.0571092421476016,REFERENCE,This test uses the supplied/current ticker universe and is not a survivorship-bias-free historical index-constituent study.
2023-09-26,T1_30D,55775.417806880156,53967.00622558594,109742.4240324661,128080.9940866937,-14.31794793989094,2,-0.10055997313110909,REFERENCE,This test uses the supplied/current ticker universe and is not a survivorship-bias-free historical index-constituent study.
2023-09-27,T1_30D,55775.417806880156,54425.56457519531,110200.98238207547,128080.9940866937,-13.959925773620906,2,0.4178496635665052,REFERENCE,This test uses the supplied/current ticker universe and is not a survivorship-bias-free historical index-constituent study.
2023-09-28,T1_30D,55016.69068566596,54025.4140625,109042.10474816596,128080.9940866937,-14.864726397767459,2,-1.0516037233602726,REFERENCE,This test uses the supplied/current ticker universe and is not a survivorship-bias-free historical index-constituent study.
2023-09-29,T1_30D,81202.86965396217,28187.92724609375,109390.79690005592,128080.9940866937,-14.59248292060179,1,0.3197775324451646,REFERENCE,This test uses the supplied/current ticker universe and is not a survivorship-bias-free historical index-constituent study.
2023-10-03,T1_30D,81202.86965396217,27769.479370117188,108972.34902407936,128080.9940866937,-14.919188595366728,1,-0.38252566745525796,REFERENCE,This test uses the supplied/current ticker universe and is not a survivorship-bias-free historical index-constituent study.
2023-10-04,T1_30D,55755.498795801504,53137.201171875,108892.69996767651,128080.9940866937,-14.981375071175096,2,-0.07309107045608831,REFERENCE,This test uses the supplied/current ticker universe and is not a survivorship-bias-free historical index-constituent study.
2023-10-05,T1_30D,28913.170285624932,80422.0336303711,109335.20391599603,128080.9940866937,-14.63588747445954,3,0.4063669543053594,REFERENCE,This test uses the supplied/current ticker universe and is not a survivorship-bias-free historical index-constituent study.
2023-10-06,T1_30D,55383.82296671074,54386.19177246094,109770.01473917167,128080.9940866937,-14.296406331081357,2,0.3976860220699985,REFERENCE,This test uses the supplied/current ticker universe and is not a survivorship-bias-free historical index-constituent study.
2023-10-09,T1_30D,35587.439620760284,74037.07916259766,109624.51878335794,128080.9940866937,-14.410003166311459,3,-0.13254617498180687,REFERENCE,This test uses the supplied/current ticker universe and is not a survivorship-bias-free historical index-constituent study.
2023-10-10,T1_30D,35587.439620760284,74804.63885498047,110392.07847574075,128080.9940866937,-13.810726358806924,3,0.7001715500340566,REFERENCE,This test uses the supplied/current ticker universe and is not a survivorship-bias-free historical index-constituent study.
2023-10-11,T1_30D,63020.49927824701,47655.36926269531,110675.86854094232,128080.9940866937,-13.589155572895095,2,0.2570746643419053,REFERENCE,This test uses the supplied/current ticker universe and is not a survivorship-bias-free historical index-constituent study.
2023-10-12,T1_30D,63020.49927824701,47965.43176269531,110985.93104094232,128080.9940866937,-13.347072426827278,2,0.2801536632037305,REFERENCE,This test uses the supplied/current ticker universe and is not a survivorship-bias-free historical index-constituent study.
2023-10-13,T1_30D,83802.74323720745,26775.10272216797,110577.84595937542,128080.9940866937,-13.66568728805383,1,-0.36769082147569687,REFERENCE,This test uses the supplied/current ticker universe and is not a survivorship-bias-free historical index-constituent study.
2023-10-16,T1_30D,83802.74323720745,27064.655639648434,110867.39887685589,128080.9940866937,-13.439617120855962,1,0.26185436600640877,REFERENCE,This test uses the supplied/current ticker universe and is not a survivorship-bias-free historical index-constituent study.
2023-10-17,T1_30D,58150.87619624885,52725.450256347656,110876.3264525965,128080.9940866937,-13.432646862852993,2,0.008052480558817798,REFERENCE,This test uses the supplied/current ticker universe and is not a survivorship-bias-free historical index-constituent study.
2023-10-18,T1_30D,58150.87619624885,52171.652893066406,110322.52908931526,128080.9940866937,-13.865027457046697,2,-0.4994730444266793,REFERENCE,This test uses the supplied/current ticker universe and is not a survivorship-bias-free historical index-constituent study.
2023-10-19,T1_30D,58150.87619624885,51967.37158203125,110118.2477782801,128080.9940866937,-14.024521308958004,2,-0.18516735676877838,REFERENCE,This test uses the supplied/current ticker universe and is not a survivorship-bias-free historical index-constituent study.
2023-10-20,T1_30D,58150.87619624885,51954.128356933594,110105.00455318244,128080.9940866937,-14.034861035934743,2,-0.012026367441231312,REFERENCE,This test uses the supplied/current ticker universe and is not a survivorship-bias-free historical index-constituent study.
2023-10-23,T1_30D,109114.3618624707,0.0,109114.3618624707,128080.9940866937,-14.808311224837245,0,-0.8997253982522158,REFERENCE,This test uses the supplied/current ticker universe and is not a survivorship-bias-free historical index-constituent study.
2023-10-25,T1_30D,109114.3618624707,0.0,109114.3618624707,128080.9940866937,-14.808311224837245,0,0.0,REFERENCE,This test uses the supplied/current ticker universe and is not a survivorship-bias-free historical index-constituent study.
2023-10-26,T1_30D,109114.3618624707,0.0,109114.3618624707,128080.9940866937,-14.808311224837245,0,0.0,REFERENCE,This test uses the supplied/current ticker universe and is not a survivorship-bias-free historical index-constituent study.
2023-10-27,T1_30D,109114.3618624707,0.0,109114.3618624707,128080.9940866937,-14.808311224837245,0,0.0,REFERENCE,This test uses the supplied/current ticker universe and is not a survivorship-bias-free historical index-constituent study.
2023-10-30,T1_30D,88865.2078852407,20177.58984375,109042.7977289907,128080.9940866937,-14.864185348855653,1,-0.06558635569000604,REFERENCE,This test uses the supplied/current ticker universe and is not a survivorship-bias-free historical index-constituent study.
2023-10-31,T1_30D,88865.2078852407,20167.111328125,109032.3192133657,128080.9940866937,-14.872366512423064,1,-0.00960954399853442,REFERENCE,This test uses the supplied/current ticker universe and is not a survivorship-bias-free historical index-constituent study.
2023-11-01,T1_30D,88865.2078852407,19847.787109375,108712.9949946157,128080.9940866937,-15.121680800641235,1,-0.2928711606373424,REFERENCE,This test uses the supplied/current ticker universe and is not a survivorship-bias-free historical index-constituent study.
2023-11-02,T1_30D,88865.2078852407,19994.98046875,108860.1883539907,128080.9940866937,-15.006758707457468,1,0.1353962876124326,REFERENCE,This test uses the supplied/current ticker universe and is not a survivorship-bias-free historical index-constituent study.
2023-11-03,T1_30D,88865.2078852407,19942.00390625,108807.2117914907,128080.9940866937,-15.048120474578164,1,-0.04866477203560038,REFERENCE,This test uses the supplied/current ticker universe and is not a survivorship-bias-free historical index-constituent study.
2023-11-06,T1_30D,88865.2078852407,19958.59375,108823.8016352407,128080.9940866937,-15.035167855129583,1,0.01524700750699104,REFERENCE,This test uses the supplied/current ticker universe and is not a survivorship-bias-free historical index-constituent study.
2023-11-07,T1_30D,88865.2078852407,19897.37109375,108762.5789789907,128080.9940866937,-15.082967809124758,1,-0.056258516363183464,REFERENCE,This test uses the supplied/current ticker universe and is not a survivorship-bias-free historical index-constituent study.
2023-11-08,T1_30D,88865.2078852407,20031.26953125,108896.4774164907,128080.9940866937,-14.978425805484964,1,0.12311075992954557,REFERENCE,This test uses the supplied/current ticker universe and is not a survivorship-bias-free historical index-constituent study.
2023-11-09,T1_30D,88865.2078852407,20182.732421875,109047.9403071157,128080.9940866937,-14.860170250314553,1,0.1390888798410872,REFERENCE,This test uses the supplied/current ticker universe and is not a survivorship-bias-free historical index-constituent study.
2023-11-10,T1_30D,88865.2078852407,20160.318359375,109025.5262446157,128080.9940866937,-14.877670163287448,1,-0.020554319904508844,REFERENCE,This test uses the supplied/current ticker universe and is not a survivorship-bias-free historical index-constituent study.
2023-11-13,T1_30D,88865.2078852407,20178.94921875,109044.1571039907,128080.9940866937,-14.863124008717177,1,0.01708852964690255,REFERENCE,This test uses the supplied/current ticker universe and is not a survivorship-bias-free historical index-constituent study.
2023-11-15,T1_30D,88865.2078852407,20290.82421875,109156.0321039907,128080.9940866937,-14.775776935251873,1,0.10259605188502885,REFERENCE,This test uses the supplied/current ticker universe and is not a survivorship-bias-free historical index-constituent study.
2023-11-16,T1_30D,88865.2078852407,20346.033203125,109211.2410883657,128080.9940866937,-14.732672191438256,1,0.05057804256058951,REFERENCE,This test uses the supplied/current ticker universe and is not a survivorship-bias-free historical index-constituent study.
2023-11-17,T1_30D,60294.28870633973,48913.940673828125,109208.22938016785,128080.9940866937,-14.735023600575358,3,-0.0027576906624582342,REFERENCE,This test uses the supplied/current ticker universe and is not a survivorship-bias-free historical index-constituent study.
2023-11-20,T1_30D,60294.28870633973,49214.095703125,109508.38440946472,128080.9940866937,-14.500675771346527,3,0.27484653033975626,REFERENCE,This test uses the supplied/current ticker universe and is not a survivorship-bias-free historical index-constituent study.
2023-11-21,T1_30D,60294.28870633973,49360.28454589844,109654.57325223816,128080.9940866937,-14.386537960490308,3,0.1334955707380514,REFERENCE,This test uses the supplied/current ticker universe and is not a survivorship-bias-free historical index-constituent study.
2023-11-22,T1_30D,60294.28870633973,49457.89489746094,109752.18360380066,128080.9940866937,-14.310328096366032,3,0.08901621580157393,REFERENCE,This test uses the supplied/current ticker universe and is not a survivorship-bias-free historical index-constituent study.
2023-11-23,T1_30D,60294.28870633973,49353.0068359375,109647.29554227722,128080.9940866937,-14.392220075946105,3,-0.095568086282527,REFERENCE,This test uses the supplied/current ticker universe and is not a survivorship-bias-free historical index-constituent study.
2023-11-24,T1_30D,36400.483209257334,73256.595703125,109657.07891238233,128080.9940866937,-14.38458165138915,4,0.008922582227621767,REFERENCE,This test uses the supplied/current ticker universe and is not a survivorship-bias-free historical index-constituent study.
2023-11-28,T1_30D,36400.483209257334,73729.92138671875,110130.40459597608,128080.9940866937,-14.01502980103938,4,0.4316417036532183,REFERENCE,This test uses the supplied/current ticker universe and is not a survivorship-bias-free historical index-constituent study.
2023-11-29,T1_30D,36400.483209257334,73947.88146972656,110348.3646789839,128080.9940866937,-13.844856166331109,4,0.19791090735334915,REFERENCE,This test uses the supplied/current ticker universe and is not a survivorship-bias-free historical index-constituent study.
2023-11-30,T1_30D,36400.483209257334,75132.49365234375,111532.97686160108,128080.9940866937,-12.91996313980185,4,1.0735203789048908,REFERENCE,This test uses the supplied/current ticker universe and is not a survivorship-bias-free historical index-constituent study.
2023-12-01,T1_30D,61809.270072286956,49952.73181152344,111762.00188381039,128080.9940866937,-12.741150487821429,3,0.2053428758505227,REFERENCE,This test uses the supplied/current ticker universe and is not a survivorship-bias-free historical index-constituent study.
2023-12-04,T1_30D,61809.270072286956,49989.630859375,111798.90093166195,128080.9940866937,-12.71234133614777,3,0.033015736323260825,REFERENCE,This test uses the supplied/current ticker universe and is not a survivorship-bias-free historical index-constituent study.
2023-12-05,T1_30D,61809.270072286956,50214.84094238281,112024.11101466976,128080.9940866937,-12.536507220700965,3,0.20144212611310497,REFERENCE,This test uses the supplied/current ticker universe and is not a survivorship-bias-free historical index-constituent study.
2023-12-06,T1_30D,61809.270072286956,50174.503173828125,111983.77324611507,128080.9940866937,-12.568001174071897,3,-0.036008113065411074,REFERENCE,This test uses the supplied/current ticker universe and is not a survivorship-bias-free historical index-constituent study.
2023-12-07,T1_30D,82767.63697612222,29688.828491210938,112456.46546733315,128080.9940866937,-12.19894390324987,2,0.42210778179372355,REFERENCE,This test uses the supplied/current ticker universe and is not a survivorship-bias-free historical index-constituent study.
2023-12-08,T1_30D,82767.63697612222,30304.85205078125,113072.48902690347,128080.9940866937,-11.71797983519044,2,0.5477884770878294,REFERENCE,This test uses the supplied/current ticker universe and is not a survivorship-bias-free historical index-constituent study.
2023-12-11,T1_30D,82767.63697612222,30418.996215820312,113186.63319194253,128080.9940866937,-11.628861097587729,2,0.100947777855942,REFERENCE,This test uses the supplied/current ticker universe and is not a survivorship-bias-free historical index-constituent study.
2023-12-12,T1_30D,82767.63697612222,30184.842895507812,112952.47987163003,128080.9940866937,-11.81167769889706,2,-0.2068736508094693,REFERENCE,This test uses the supplied/current ticker universe and is not a survivorship-bias-free historical index-constituent study.
2023-12-13,T1_30D,82767.63697612222,30236.347778320312,113003.98475444253,128080.9940866937,-11.77146495446939,2,0.045598718037043184,REFERENCE,This test uses the supplied/current ticker universe and is not a survivorship-bias-free historical index-constituent study.
2023-12-14,T1_30D,99149.5558626005,14229.0947265625,113378.650589163,128080.9940866937,-11.478942369528443,1,0.33155099400663524,REFERENCE,This test uses the supplied/current ticker universe and is not a survivorship-bias-free historical index-constituent study.
2023-12-15,T1_30D,86504.91266473776,27356.422241210938,113861.3349059487,128080.9940866937,-11.102083710499777,2,0.4257276958911316,REFERENCE,This test uses the supplied/current ticker universe and is not a survivorship-bias-free historical index-constituent study.
2023-12-18,T1_30D,86504.91266473776,27315.368041992188,113820.28070672994,128080.9940866937,-11.134137021384415,2,-0.03605631292893374,REFERENCE,This test uses the supplied/current ticker universe and is not a survivorship-bias-free historical index-constituent study.
2023-12-19,T1_30D,86504.91266473776,27228.936157226562,113733.84882196432,128080.9940866937,-11.201619230889381,2,-0.07593715656731836,REFERENCE,This test uses the supplied/current ticker universe and is not a survivorship-bias-free historical index-constituent study.
2023-12-20,T1_30D,86504.91266473776,26824.043579101562,113328.95624383932,128080.9940866937,-11.517741526013781,2,-0.3560000671029795,REFERENCE,This test uses the supplied/current ticker universe and is not a survivorship-bias-free historical index-constituent study.
2023-12-21,T1_30D,58331.068036414785,55341.62225341797,113672.69028983275,128080.9940866937,-11.249369119596652,3,0.3033064605782343,REFERENCE,This test uses the supplied/current ticker universe and is not a survivorship-bias-free historical index-constituent study.
2023-12-22,T1_30D,58331.068036414785,55466.56201171875,113797.63004813353,128080.9940866937,-11.151821658170636,3,0.10991185128303993,REFERENCE,This test uses the supplied/current ticker universe and is not a survivorship-bias-free historical index-constituent study.
2023-12-26,T1_30D,58331.068036414785,55448.30725097656,113779.37528739135,128080.9940866937,-11.166074171490315,3,-0.0160414243552065,REFERENCE,This test uses the supplied/current ticker universe and is not a survivorship-bias-free historical index-constituent study.
2023-12-27,T1_30D,58331.068036414785,55971.57598876953,114302.64402518432,128080.9940866937,-10.757528983717346,3,0.45989770683065867,REFERENCE,This test uses the supplied/current ticker universe and is not a survivorship-bias-free historical index-constituent study.
2023-12-28,T1_30D,73041.81504898198,41421.166015625,114462.98106460698,128080.9940866937,-10.632344883948308,2,0.14027412995567534,REFERENCE,This test uses the supplied/current ticker universe and is not a survivorship-bias-free historical index-constituent study.
2023-12-29,T1_30D,73041.81504898198,40994.22918701172,114036.0442359937,128080.9940866937,-10.96567835911193,2,-0.37299118426096234,REFERENCE,This test uses the supplied/current ticker universe and is not a survivorship-bias-free historical index-constituent study.
2024-01-01,T1_30D,73041.81504898198,41143.534606933594,114185.34965591558,128080.9940866937,-10.849107262059999,2,0.13092827002390006,REFERENCE,This test uses the supplied/current ticker universe and is not a survivorship-bias-free historical index-constituent study.
2024-01-02,T1_30D,73041.81504898198,40517.715759277344,113559.53080825933,128080.9940866937,-11.337719059710983,2,-0.5480728040349159,REFERENCE,This test uses the supplied/current ticker universe and is not a survivorship-bias-free historical index-constituent study.
2024-01-03,T1_30D,73041.81504898198,40200.39532470703,113242.21037368901,128080.9940866937,-11.58546888148042,2,-0.27943091373465734,REFERENCE,This test uses the supplied/current ticker universe and is not a survivorship-bias-free historical index-constituent study.
2024-01-04,T1_30D,73041.81504898198,40476.376708984375,113518.19175796636,128080.9940866937,-11.369994769770653,2,0.24370893447471786,REFERENCE,This test uses the supplied/current ticker universe and is not a survivorship-bias-free historical index-constituent study.
2024-01-05,T1_30D,73041.81504898198,40826.334716796875,113868.14976577886,128080.9940866937,-11.096762968043993,2,0.30828363488968336,REFERENCE,This test uses the supplied/current ticker universe and is not a survivorship-bias-free historical index-constituent study.
2024-01-08,T1_30D,73041.81504898198,40414.43371582031,113456.2487648023,128080.9940866937,-11.418357131107527,2,-0.3617350434022337,REFERENCE,This test uses the supplied/current ticker universe and is not a survivorship-bias-free historical index-constituent study.
2024-01-09,T1_30D,73041.81504898198,40404.68310546875,113446.49815445073,128080.9940866937,-11.425969978291528,2,-0.008594158944719155,REFERENCE,This test uses the supplied/current ticker universe and is not a survivorship-bias-free historical index-constituent study.
2024-01-10,T1_30D,73041.81504898198,40703.02697753906,113744.84202652104,128080.9940866937,-11.193036220868958,2,0.26298200202190536,REFERENCE,This test uses the supplied/current ticker universe and is not a survivorship-bias-free historical index-constituent study.
2024-01-11,T1_30D,73041.81504898198,40436.116271972656,113477.93132095464,128080.9940866937,-11.401428346078212,2,-0.23465741462296297,REFERENCE,This test uses the supplied/current ticker universe and is not a survivorship-bias-free historical index-constituent study.
2024-01-12,T1_30D,73041.81504898198,41768.78302001953,114810.59806900151,128080.9940866937,-10.360940834601816,2,1.1743840696898378,REFERENCE,This test uses the supplied/current ticker universe and is not a survivorship-bias-free historical index-constituent study.
2024-01-15,T1_30D,73041.81504898198,42274.814208984375,115316.62925796636,128080.9940866937,-9.965853965880033,2,0.4407530293159212,REFERENCE,This test uses the supplied/current ticker universe and is not a survivorship-bias-free historical index-constituent study.
2024-01-16,T1_30D,73041.81504898198,42081.74237060547,115123.55741958745,128080.9940866937,-10.1165959551624,2,-0.1674275771163969,REFERENCE,This test uses the supplied/current ticker universe and is not a survivorship-bias-free historical index-constituent study.
2024-01-17,T1_30D,73041.81504898198,41381.0625,114422.87754898198,128080.9940866937,-10.663655942947315,2,-0.608632921281016,REFERENCE,This test uses the supplied/current ticker universe and is not a survivorship-bias-free historical index-constituent study.
2024-01-18,T1_30D,45655.95591555853,69820.87481689453,115476.83073245306,128080.9940866937,-9.840775709243243,3,0.9211035468146722,REFERENCE,This test uses the supplied/current ticker universe and is not a survivorship-bias-free historical index-constituent study.
2024-01-19,T1_30D,45655.95591555853,70429.05004882812,116085.00596438666,128080.9940866937,-9.365939269793111,3,0.5266642910755515,REFERENCE,This test uses the supplied/current ticker universe and is not a survivorship-bias-free historical index-constituent study.
2024-01-23,T1_30D,90659.79067548679,28252.70703125,118912.49770673679,128080.9940866937,-7.158358228974282,1,2.4357079700866535,REFERENCE,This test uses the supplied/current ticker universe and is not a survivorship-bias-free historical index-constituent study.
2024-01-24,T1_30D,117473.35646382728,0.0,117473.35646382728,128080.9940866937,-8.281976337321728,0,-1.2102523037223034,REFERENCE,This test uses the supplied/current ticker universe and is not a survivorship-bias-free historical index-constituent study.
2024-01-25,T1_30D,117473.35646382728,0.0,117473.35646382728,128080.9940866937,-8.281976337321728,0,0.0,REFERENCE,This test uses the supplied/current ticker universe and is not a survivorship-bias-free historical index-constituent study.
2024-01-29,T1_30D,117473.35646382728,0.0,117473.35646382728,128080.9940866937,-8.281976337321728,0,0.0,REFERENCE,This test uses the supplied/current ticker universe and is not a survivorship-bias-free historical index-constituent study.
2024-01-30,T1_30D,117473.35646382728,0.0,117473.35646382728,128080.9940866937,-8.281976337321728,0,0.0,REFERENCE,This test uses the supplied/current ticker universe and is not a survivorship-bias-free historical index-constituent study.
2024-01-31,T1_30D,117473.35646382728,0.0,117473.35646382728,128080.9940866937,-8.281976337321728,0,0.0,REFERENCE,This test uses the supplied/current ticker universe and is not a survivorship-bias-free historical index-constituent study.
2024-02-01,T1_30D,117473.35646382728,0.0,117473.35646382728,128080.9940866937,-8.281976337321728,0,0.0,REFERENCE,This test uses the supplied/current ticker universe and is not a survivorship-bias-free historical index-constituent study.
2024-02-02,T1_30D,117473.35646382728,0.0,117473.35646382728,128080.9940866937,-8.281976337321728,0,0.0,REFERENCE,This test uses the supplied/current ticker universe and is not a survivorship-bias-free historical index-constituent study.
2024-02-05,T1_30D,117473.35646382728,0.0,117473.35646382728,128080.9940866937,-8.281976337321728,0,0.0,REFERENCE,This test uses the supplied/current ticker universe and is not a survivorship-bias-free historical index-constituent study.
2024-02-06,T1_30D,117473.35646382728,0.0,117473.35646382728,128080.9940866937,-8.281976337321728,0,0.0,REFERENCE,This test uses the supplied/current ticker universe and is not a survivorship-bias-free historical index-constituent study.
2024-02-07,T1_30D,117473.35646382728,0.0,117473.35646382728,128080.9940866937,-8.281976337321728,0,0.0,REFERENCE,This test uses the supplied/current ticker universe and is not a survivorship-bias-free historical index-constituent study.
2024-02-08,T1_30D,117473.35646382728,0.0,117473.35646382728,128080.9940866937,-8.281976337321728,0,0.0,REFERENCE,This test uses the supplied/current ticker universe and is not a survivorship-bias-free historical index-constituent study.
2024-02-09,T1_30D,117473.35646382728,0.0,117473.35646382728,128080.9940866937,-8.281976337321728,0,0.0,REFERENCE,This test uses the supplied/current ticker universe and is not a survivorship-bias-free historical index-constituent study.
2024-02-12,T1_30D,117473.35646382728,0.0,117473.35646382728,128080.9940866937,-8.281976337321728,0,0.0,REFERENCE,This test uses the supplied/current ticker universe and is not a survivorship-bias-free historical index-constituent study.
2024-02-13,T1_30D,117473.35646382728,0.0,117473.35646382728,128080.9940866937,-8.281976337321728,0,0.0,REFERENCE,This test uses the supplied/current ticker universe and is not a survivorship-bias-free historical index-constituent study.
2024-02-14,T1_30D,117473.35646382728,0.0,117473.35646382728,128080.9940866937,-8.281976337321728,0,0.0,REFERENCE,This test uses the supplied/current ticker universe and is not a survivorship-bias-free historical index-constituent study.
2024-02-15,T1_30D,117473.35646382728,0.0,117473.35646382728,128080.9940866937,-8.281976337321728,0,0.0,REFERENCE,This test uses the supplied/current ticker universe and is not a survivorship-bias-free historical index-constituent study.
2024-02-16,T1_30D,117473.35646382728,0.0,117473.35646382728,128080.9940866937,-8.281976337321728,0,0.0,REFERENCE,This test uses the supplied/current ticker universe and is not a survivorship-bias-free historical index-constituent study.
2024-02-19,T1_30D,117473.35646382728,0.0,117473.35646382728,128080.9940866937,-8.281976337321728,0,0.0,REFERENCE,This test uses the supplied/current ticker universe and is not a survivorship-bias-free historical index-constituent study.
2024-02-20,T1_30D,117473.35646382728,0.0,117473.35646382728,128080.9940866937,-8.281976337321728,0,0.0,REFERENCE,This test uses the supplied/current ticker universe and is not a survivorship-bias-free historical index-constituent study.
2024-02-21,T1_30D,117473.35646382728,0.0,117473.35646382728,128080.9940866937,-8.281976337321728,0,0.0,REFERENCE,This test uses the supplied/current ticker universe and is not a survivorship-bias-free historical index-constituent study.
2024-02-22,T1_30D,117473.35646382728,0.0,117473.35646382728,128080.9940866937,-8.281976337321728,0,0.0,REFERENCE,This test uses the supplied/current ticker universe and is not a survivorship-bias-free historical index-constituent study.
2024-02-23,T1_30D,117473.35646382728,0.0,117473.35646382728,128080.9940866937,-8.281976337321728,0,0.0,REFERENCE,This test uses the supplied/current ticker universe and is not a survivorship-bias-free historical index-constituent study.
2024-02-26,T1_30D,117473.35646382728,0.0,117473.35646382728,128080.9940866937,-8.281976337321728,0,0.0,REFERENCE,This test uses the supplied/current ticker universe and is not a survivorship-bias-free historical index-constituent study.
2024-02-27,T1_30D,117473.35646382728,0.0,117473.35646382728,128080.9940866937,-8.281976337321728,0,0.0,REFERENCE,This test uses the supplied/current ticker universe and is not a survivorship-bias-free historical index-constituent study.
2024-02-28,T1_30D,117473.35646382728,0.0,117473.35646382728,128080.9940866937,-8.281976337321728,0,0.0,REFERENCE,This test uses the supplied/current ticker universe and is not a survivorship-bias-free historical index-constituent study.
2024-02-29,T1_30D,117473.35646382728,0.0,117473.35646382728,128080.9940866937,-8.281976337321728,0,0.0,REFERENCE,This test uses the supplied/current ticker universe and is not a survivorship-bias-free historical index-constituent study.
2024-03-01,T1_30D,117473.35646382728,0.0,117473.35646382728,128080.9940866937,-8.281976337321728,0,0.0,REFERENCE,This test uses the supplied/current ticker universe and is not a survivorship-bias-free historical index-constituent study.
2024-03-04,T1_30D,117473.35646382728,0.0,117473.35646382728,128080.9940866937,-8.281976337321728,0,0.0,REFERENCE,This test uses the supplied/current ticker universe and is not a survivorship-bias-free historical index-constituent study.
2024-03-05,T1_30D,117473.35646382728,0.0,117473.35646382728,128080.9940866937,-8.281976337321728,0,0.0,REFERENCE,This test uses the supplied/current ticker universe and is not a survivorship-bias-free historical index-constituent study.
2024-03-06,T1_30D,117473.35646382728,0.0,117473.35646382728,128080.9940866937,-8.281976337321728,0,0.0,REFERENCE,This test uses the supplied/current ticker universe and is not a survivorship-bias-free historical index-constituent study.
2024-03-07,T1_30D,117473.35646382728,0.0,117473.35646382728,128080.9940866937,-8.281976337321728,0,0.0,REFERENCE,This test uses the supplied/current ticker universe and is not a survivorship-bias-free historical index-constituent study.
2024-03-11,T1_30D,117473.35646382728,0.0,117473.35646382728,128080.9940866937,-8.281976337321728,0,0.0,REFERENCE,This test uses the supplied/current ticker universe and is not a survivorship-bias-free historical index-constituent study.
2024-03-12,T1_30D,117473.35646382728,0.0,117473.35646382728,128080.9940866937,-8.281976337321728,0,0.0,REFERENCE,This test uses the supplied/current ticker universe and is not a survivorship-bias-free historical index-constituent study.
2024-03-13,T1_30D,95209.31961387991,22205.575942993168,117414.89555687307,128080.9940866937,-8.327620039083317,1,-0.04976524780936353,REFERENCE,This test uses the supplied/current ticker universe and is not a survivorship-bias-free historical index-constituent study.
2024-03-14,T1_30D,95209.31961387991,22802.100448608402,118011.42006248831,128080.9940866937,-7.861879973690423,1,0.5080484062827351,REFERENCE,This test uses the supplied/current ticker universe and is not a survivorship-bias-free historical index-constituent study.
2024-03-15,T1_30D,95209.31961387991,22760.27702331543,117969.59663719534,128080.9940866937,-7.894533862420127,1,-0.035440150852195096,REFERENCE,This test uses the supplied/current ticker universe and is not a survivorship-bias-free historical index-constituent study.
2024-03-18,T1_30D,95209.31961387991,22460.91598510742,117670.23559898733,128080.9940866937,-8.128261778371016,1,-0.253761178084444,REFERENCE,This test uses the supplied/current ticker universe and is not a survivorship-bias-free historical index-constituent study.
2024-03-19,T1_30D,95209.31961387991,21785.1513671875,116994.47098106741,128080.9940866937,-8.65586903402873,1,-0.5742867892462478,REFERENCE,This test uses the supplied/current ticker universe and is not a survivorship-bias-free historical index-constituent study.
2024-03-20,T1_30D,95209.31961387991,21725.718383789062,116935.03799766897,128080.9940866937,-8.702271690271546,1,-0.05079982233353597,REFERENCE,This test uses the supplied/current ticker universe and is not a survivorship-bias-free historical index-constituent study.
2024-03-21,T1_30D,95209.31961387991,22031.6837310791,117241.00334495901,128080.9940866937,-8.463387420617197,1,0.26165412226242246,REFERENCE,This test uses the supplied/current ticker universe and is not a survivorship-bias-free historical index-constituent study.
2024-03-22,T1_30D,116567.53387027704,0.0,116567.53387027704,128080.9940866937,-8.989202729503788,0,-0.5744316881188927,REFERENCE,This test uses the supplied/current ticker universe and is not a survivorship-bias-free historical index-constituent study.
2024-03-26,T1_30D,116567.53387027704,0.0,116567.53387027704,128080.9940866937,-8.989202729503788,0,0.0,REFERENCE,This test uses the supplied/current ticker universe and is not a survivorship-bias-free historical index-constituent study.
2024-03-27,T1_30D,116567.53387027704,0.0,116567.53387027704,128080.9940866937,-8.989202729503788,0,0.0,REFERENCE,This test uses the supplied/current ticker universe and is not a survivorship-bias-free historical index-constituent study.
2024-03-28,T1_30D,116567.53387027704,0.0,116567.53387027704,128080.9940866937,-8.989202729503788,0,0.0,REFERENCE,This test uses the supplied/current ticker universe and is not a survivorship-bias-free historical index-constituent study.
2024-04-01,T1_30D,116567.53387027704,0.0,116567.53387027704,128080.9940866937,-8.989202729503788,0,0.0,REFERENCE,This test uses the supplied/current ticker universe and is not a survivorship-bias-free historical index-constituent study.
2024-04-02,T1_30D,116567.53387027704,0.0,116567.53387027704,128080.9940866937,-8.989202729503788,0,0.0,REFERENCE,This test uses the supplied/current ticker universe and is not a survivorship-bias-free historical index-constituent study.
2024-04-03,T1_30D,116567.53387027704,0.0,116567.53387027704,128080.9940866937,-8.989202729503788,0,0.0,REFERENCE,This test uses the supplied/current ticker universe and is not a survivorship-bias-free historical index-constituent study.
2024-04-04,T1_30D,116567.53387027704,0.0,116567.53387027704,128080.9940866937,-8.989202729503788,0,0.0,REFERENCE,This test uses the supplied/current ticker universe and is not a survivorship-bias-free historical index-constituent study.
2024-04-05,T1_30D,116567.53387027704,0.0,116567.53387027704,128080.9940866937,-8.989202729503788,0,0.0,REFERENCE,This test uses the supplied/current ticker universe and is not a survivorship-bias-free historical index-constituent study.
2024-04-08,T1_30D,116567.53387027704,0.0,116567.53387027704,128080.9940866937,-8.989202729503788,0,0.0,REFERENCE,This test uses the supplied/current ticker universe and is not a survivorship-bias-free historical index-constituent study.
2024-04-09,T1_30D,116567.53387027704,0.0,116567.53387027704,128080.9940866937,-8.989202729503788,0,0.0,REFERENCE,This test uses the supplied/current ticker universe and is not a survivorship-bias-free historical index-constituent study.
2024-04-10,T1_30D,116567.53387027704,0.0,116567.53387027704,128080.9940866937,-8.989202729503788,0,0.0,REFERENCE,This test uses the supplied/current ticker universe and is not a survivorship-bias-free historical index-constituent study.
2024-04-12,T1_30D,116567.53387027704,0.0,116567.53387027704,128080.9940866937,-8.989202729503788,0,0.0,REFERENCE,This test uses the supplied/current ticker universe and is not a survivorship-bias-free historical index-constituent study.
2024-04-15,T1_30D,116567.53387027704,0.0,116567.53387027704,128080.9940866937,-8.989202729503788,0,0.0,REFERENCE,This test uses the supplied/current ticker universe and is not a survivorship-bias-free historical index-constituent study.
2024-04-16,T1_30D,116567.53387027704,0.0,116567.53387027704,128080.9940866937,-8.989202729503788,0,0.0,REFERENCE,This test uses the supplied/current ticker universe and is not a survivorship-bias-free historical index-constituent study.
2024-04-18,T1_30D,116567.53387027704,0.0,116567.53387027704,128080.9940866937,-8.989202729503788,0,0.0,REFERENCE,This test uses the supplied/current ticker universe and is not a survivorship-bias-free historical index-constituent study.
2024-04-19,T1_30D,116567.53387027704,0.0,116567.53387027704,128080.9940866937,-8.989202729503788,0,0.0,REFERENCE,This test uses the supplied/current ticker universe and is not a survivorship-bias-free historical index-constituent study.
2024-04-22,T1_30D,116567.53387027704,0.0,116567.53387027704,128080.9940866937,-8.989202729503788,0,0.0,REFERENCE,This test uses the supplied/current ticker universe and is not a survivorship-bias-free historical index-constituent study.
2024-04-23,T1_30D,116567.53387027704,0.0,116567.53387027704,128080.9940866937,-8.989202729503788,0,0.0,REFERENCE,This test uses the supplied/current ticker universe and is not a survivorship-bias-free historical index-constituent study.
2024-04-24,T1_30D,116567.53387027704,0.0,116567.53387027704,128080.9940866937,-8.989202729503788,0,0.0,REFERENCE,This test uses the supplied/current ticker universe and is not a survivorship-bias-free historical index-constituent study.
2024-04-25,T1_30D,116567.53387027704,0.0,116567.53387027704,128080.9940866937,-8.989202729503788,0,0.0,REFERENCE,This test uses the supplied/current ticker universe and is not a survivorship-bias-free historical index-constituent study.
2024-04-26,T1_30D,116567.53387027704,0.0,116567.53387027704,128080.9940866937,-8.989202729503788,0,0.0,REFERENCE,This test uses the supplied/current ticker universe and is not a survivorship-bias-free historical index-constituent study.
2024-04-29,T1_30D,116567.53387027704,0.0,116567.53387027704,128080.9940866937,-8.989202729503788,0,0.0,REFERENCE,This test uses the supplied/current ticker universe and is not a survivorship-bias-free historical index-constituent study.
2024-04-30,T1_30D,116567.53387027704,0.0,116567.53387027704,128080.9940866937,-8.989202729503788,0,0.0,REFERENCE,This test uses the supplied/current ticker universe and is not a survivorship-bias-free historical index-constituent study.
2024-05-02,T1_30D,116567.53387027704,0.0,116567.53387027704,128080.9940866937,-8.989202729503788,0,0.0,REFERENCE,This test uses the supplied/current ticker universe and is not a survivorship-bias-free historical index-constituent study.
2024-05-03,T1_30D,116567.53387027704,0.0,116567.53387027704,128080.9940866937,-8.989202729503788,0,0.0,REFERENCE,This test uses the supplied/current ticker universe and is not a survivorship-bias-free historical index-constituent study.
2024-05-06,T1_30D,116567.53387027704,0.0,116567.53387027704,128080.9940866937,-8.989202729503788,0,0.0,REFERENCE,This test uses the supplied/current ticker universe and is not a survivorship-bias-free historical index-constituent study.
2024-05-07,T1_30D,104572.12264962084,11996.7255859375,116568.84823555834,128080.9940866937,-8.988176530971625,1,0.0011275569085755777,REFERENCE,This test uses the supplied/current ticker universe and is not a survivorship-bias-free historical index-constituent study.
2024-05-08,T1_30D,104572.12264962084,12170.8935546875,116743.01620430834,128080.9940866937,-8.852193850643497,1,0.14941210399372906,REFERENCE,This test uses the supplied/current ticker universe and is not a survivorship-bias-free historical index-constituent study.
2024-05-09,T1_30D,104572.12264962084,12133.1494140625,116705.27206368334,128080.9940866937,-8.881662813540093,1,-0.0323309623583401,REFERENCE,This test uses the supplied/current ticker universe and is not a survivorship-bias-free historical index-constituent study.
2024-05-10,T1_30D,104572.12264962084,12298.923828125,116871.04647774584,128080.9940866937,-8.75223345109285,1,0.14204535162047893,REFERENCE,This test uses the supplied/current ticker universe and is not a survivorship-bias-free historical index-constituent study.
2024-05-13,T1_30D,79117.20370915007,38270.999755859375,117388.20346500944,128080.9940866937,-8.348460048995765,2,0.4425022303210735,REFERENCE,This test uses the supplied/current ticker universe and is not a survivorship-bias-free historical index-constituent study.
2024-05-14,T1_30D,79117.20370915007,38197.232421875,117314.43613102507,128080.9940866937,-8.406054334947699,2,-0.0628404999880261,REFERENCE,This test uses the supplied/current ticker universe and is not a survivorship-bias-free historical index-constituent study.
2024-05-15,T1_30D,79117.20370915007,38271.04089355469,117388.24460270476,128080.9940866937,-8.348427930494806,2,0.06291508028666293,REFERENCE,This test uses the supplied/current ticker universe and is not a survivorship-bias-free historical index-constituent study.
2024-05-16,T1_30D,79117.20370915007,38267.53454589844,117384.7382550485,128080.9940866937,-8.351165532339056,2,-0.0029869665979953552,REFERENCE,This test uses the supplied/current ticker universe and is not a survivorship-bias-free historical index-constituent study.
2024-05-17,T1_30D,79117.20370915007,38454.14392089844,117571.3476300485,128080.9940866937,-8.205469149881495,2,0.158972433532667,REFERENCE,This test uses the supplied/current ticker universe and is not a survivorship-bias-free historical index-constituent study.
2024-05-21,T1_30D,79117.20370915007,38206.046875,117323.25058415007,128080.9940866937,-8.399172398101529,2,-0.21101828880885076,REFERENCE,This test uses the supplied/current ticker universe and is not a survivorship-bias-free historical index-constituent study.
2024-05-22,T1_30D,79117.20370915007,37995.0634765625,117112.26718571257,128080.9940866937,-8.563898944723025,2,-0.1798308497139467,REFERENCE,This test uses the supplied/current ticker universe and is not a survivorship-bias-free historical index-constituent study.
2024-05-23,T1_30D,79117.20370915007,39287.214111328125,118404.4178204782,128080.9940866937,-7.555044630326457,2,1.1033435401917258,REFERENCE,This test uses the supplied/current ticker universe and is not a survivorship-bias-free historical index-constituent study.
2024-05-24,T1_30D,79117.20370915007,39551.583740234375,118668.78744938444,128080.9940866937,-7.348636465874437,2,0.2232768284939235,REFERENCE,This test uses the supplied/current ticker universe and is not a survivorship-bias-free historical index-constituent study.
2024-05-27,T1_30D,106231.64671674452,12522.6728515625,118754.31956830702,128080.9940866937,-7.2818567539175705,1,0.07207634017416531,REFERENCE,This test uses the supplied/current ticker universe and is not a survivorship-bias-free historical index-constituent study.
2024-05-28,T1_30D,106231.64671674452,12437.7724609375,118669.41917768202,128080.9940866937,-7.348143240238514,1,-0.07149246522873964,REFERENCE,This test uses the supplied/current ticker universe and is not a survivorship-bias-free historical index-constituent study.
2024-05-29,T1_30D,106231.64671674452,12408.712890625,118640.35960736952,128080.9940866937,-7.370831673069411,1,-0.024487833945652238,REFERENCE,This test uses the supplied/current ticker universe and is not a survivorship-bias-free historical index-constituent study.
2024-05-30,T1_30D,106231.64671674452,12223.7275390625,118455.37425580702,128080.9940866937,-7.515260089542575,1,-0.15592109816144895,REFERENCE,This test uses the supplied/current ticker universe and is not a survivorship-bias-free historical index-constituent study.
2024-05-31,T1_30D,106231.64671674452,12030.9296875,118262.57640424452,128080.9940866937,-7.665788161983988,1,-0.16275990243055372,REFERENCE,This test uses the supplied/current ticker universe and is not a survivorship-bias-free historical index-constituent study.
2024-06-03,T1_30D,106231.64671674452,12105.4970703125,118337.14378705702,128080.9940866937,-7.607569233138046,1,0.06305239161847886,REFERENCE,This test uses the supplied/current ticker universe and is not a survivorship-bias-free historical index-constituent study.
2024-06-04,T1_30D,117747.48113968424,0.0,117747.48113968424,128080.9940866937,-8.067951861784461,0,-0.49829041711015876,REFERENCE,This test uses the supplied/current ticker universe and is not a survivorship-bias-free historical index-constituent study.
2024-06-05,T1_30D,117747.48113968424,0.0,117747.48113968424,128080.9940866937,-8.067951861784461,0,0.0,REFERENCE,This test uses the supplied/current ticker universe and is not a survivorship-bias-free historical index-constituent study.
2024-06-06,T1_30D,117747.48113968424,0.0,117747.48113968424,128080.9940866937,-8.067951861784461,0,0.0,REFERENCE,This test uses the supplied/current ticker universe and is not a survivorship-bias-free historical index-constituent study.
2024-06-07,T1_30D,117747.48113968424,0.0,117747.48113968424,128080.9940866937,-8.067951861784461,0,0.0,REFERENCE,This test uses the supplied/current ticker universe and is not a survivorship-bias-free historical index-constituent study.
2024-06-10,T1_30D,117747.48113968424,0.0,117747.48113968424,128080.9940866937,-8.067951861784461,0,0.0,REFERENCE,This test uses the supplied/current ticker universe and is not a survivorship-bias-free historical index-constituent study.
2024-06-11,T1_30D,117747.48113968424,0.0,117747.48113968424,128080.9940866937,-8.067951861784461,0,0.0,REFERENCE,This test uses the supplied/current ticker universe and is not a survivorship-bias-free historical index-constituent study.
2024-06-12,T1_30D,117747.48113968424,0.0,117747.48113968424,128080.9940866937,-8.067951861784461,0,0.0,REFERENCE,This test uses the supplied/current ticker universe and is not a survivorship-bias-free historical index-constituent study.
2024-06-13,T1_30D,117747.48113968424,0.0,117747.48113968424,128080.9940866937,-8.067951861784461,0,0.0,REFERENCE,This test uses the supplied/current ticker universe and is not a survivorship-bias-free historical index-constituent study.
2024-06-14,T1_30D,117747.48113968424,0.0,117747.48113968424,128080.9940866937,-8.067951861784461,0,0.0,REFERENCE,This test uses the supplied/current ticker universe and is not a survivorship-bias-free historical index-constituent study.
2024-06-18,T1_30D,117747.48113968424,0.0,117747.48113968424,128080.9940866937,-8.067951861784461,0,0.0,REFERENCE,This test uses the supplied/current ticker universe and is not a survivorship-bias-free historical index-constituent study.
2024-06-19,T1_30D,117747.48113968424,0.0,117747.48113968424,128080.9940866937,-8.067951861784461,0,0.0,REFERENCE,This test uses the supplied/current ticker universe and is not a survivorship-bias-free historical index-constituent study.
2024-06-20,T1_30D,117747.48113968424,0.0,117747.48113968424,128080.9940866937,-8.067951861784461,0,0.0,REFERENCE,This test uses the supplied/current ticker universe and is not a survivorship-bias-free historical index-constituent study.
2024-06-21,T1_30D,117747.48113968424,0.0,117747.48113968424,128080.9940866937,-8.067951861784461,0,0.0,REFERENCE,This test uses the supplied/current ticker universe and is not a survivorship-bias-free historical index-constituent study.
2024-06-24,T1_30D,117747.48113968424,0.0,117747.48113968424,128080.9940866937,-8.067951861784461,0,0.0,REFERENCE,This test uses the supplied/current ticker universe and is not a survivorship-bias-free historical index-constituent study.
2024-06-25,T1_30D,117747.48113968424,0.0,117747.48113968424,128080.9940866937,-8.067951861784461,0,0.0,REFERENCE,This test uses the supplied/current ticker universe and is not a survivorship-bias-free historical index-constituent study.
2024-06-26,T1_30D,117747.48113968424,0.0,117747.48113968424,128080.9940866937,-8.067951861784461,0,0.0,REFERENCE,This test uses the supplied/current ticker universe and is not a survivorship-bias-free historical index-constituent study.
2024-06-27,T1_30D,117747.48113968424,0.0,117747.48113968424,128080.9940866937,-8.067951861784461,0,0.0,REFERENCE,This test uses the supplied/current ticker universe and is not a survivorship-bias-free historical index-constituent study.
2024-06-28,T1_30D,117747.48113968424,0.0,117747.48113968424,128080.9940866937,-8.067951861784461,0,0.0,REFERENCE,This test uses the supplied/current ticker universe and is not a survivorship-bias-free historical index-constituent study.
2024-07-01,T1_30D,117747.48113968424,0.0,117747.48113968424,128080.9940866937,-8.067951861784461,0,0.0,REFERENCE,This test uses the supplied/current ticker universe and is not a survivorship-bias-free historical index-constituent study.
2024-07-02,T1_30D,117747.48113968424,0.0,117747.48113968424,128080.9940866937,-8.067951861784461,0,0.0,REFERENCE,This test uses the supplied/current ticker universe and is not a survivorship-bias-free historical index-constituent study.
2024-07-03,T1_30D,117747.48113968424,0.0,117747.48113968424,128080.9940866937,-8.067951861784461,0,0.0,REFERENCE,This test uses the supplied/current ticker universe and is not a survivorship-bias-free historical index-constituent study.
2024-07-04,T1_30D,117747.48113968424,0.0,117747.48113968424,128080.9940866937,-8.067951861784461,0,0.0,REFERENCE,This test uses the supplied/current ticker universe and is not a survivorship-bias-free historical index-constituent study.
2024-07-05,T1_30D,117747.48113968424,0.0,117747.48113968424,128080.9940866937,-8.067951861784461,0,0.0,REFERENCE,This test uses the supplied/current ticker universe and is not a survivorship-bias-free historical index-constituent study.
2024-07-08,T1_30D,117747.48113968424,0.0,117747.48113968424,128080.9940866937,-8.067951861784461,0,0.0,REFERENCE,This test uses the supplied/current ticker universe and is not a survivorship-bias-free historical index-constituent study.
2024-07-09,T1_30D,117747.48113968424,0.0,117747.48113968424,128080.9940866937,-8.067951861784461,0,0.0,REFERENCE,This test uses the supplied/current ticker universe and is not a survivorship-bias-free historical index-constituent study.
2024-07-10,T1_30D,117747.48113968424,0.0,117747.48113968424,128080.9940866937,-8.067951861784461,0,0.0,REFERENCE,This test uses the supplied/current ticker universe and is not a survivorship-bias-free historical index-constituent study.
2024-07-11,T1_30D,117747.48113968424,0.0,117747.48113968424,128080.9940866937,-8.067951861784461,0,0.0,REFERENCE,This test uses the supplied/current ticker universe and is not a survivorship-bias-free historical index-constituent study.
2024-07-12,T1_30D,117747.48113968424,0.0,117747.48113968424,128080.9940866937,-8.067951861784461,0,0.0,REFERENCE,This test uses the supplied/current ticker universe and is not a survivorship-bias-free historical index-constituent study.
2024-07-15,T1_30D,117747.48113968424,0.0,117747.48113968424,128080.9940866937,-8.067951861784461,0,0.0,REFERENCE,This test uses the supplied/current ticker universe and is not a survivorship-bias-free historical index-constituent study.
2024-07-16,T1_30D,117747.48113968424,0.0,117747.48113968424,128080.9940866937,-8.067951861784461,0,0.0,REFERENCE,This test uses the supplied/current ticker universe and is not a survivorship-bias-free historical index-constituent study.
2024-07-18,T1_30D,117747.48113968424,0.0,117747.48113968424,128080.9940866937,-8.067951861784461,0,0.0,REFERENCE,This test uses the supplied/current ticker universe and is not a survivorship-bias-free historical index-constituent study.
2024-07-19,T1_30D,117747.48113968424,0.0,117747.48113968424,128080.9940866937,-8.067951861784461,0,0.0,REFERENCE,This test uses the supplied/current ticker universe and is not a survivorship-bias-free historical index-constituent study.
2024-07-22,T1_30D,117747.48113968424,0.0,117747.48113968424,128080.9940866937,-8.067951861784461,0,0.0,REFERENCE,This test uses the supplied/current ticker universe and is not a survivorship-bias-free historical index-constituent study.
2024-07-23,T1_30D,117747.48113968424,0.0,117747.48113968424,128080.9940866937,-8.067951861784461,0,0.0,REFERENCE,This test uses the supplied/current ticker universe and is not a survivorship-bias-free historical index-constituent study.
2024-07-24,T1_30D,117747.48113968424,0.0,117747.48113968424,128080.9940866937,-8.067951861784461,0,0.0,REFERENCE,This test uses the supplied/current ticker universe and is not a survivorship-bias-free historical index-constituent study.
2024-07-25,T1_30D,117747.48113968424,0.0,117747.48113968424,128080.9940866937,-8.067951861784461,0,0.0,REFERENCE,This test uses the supplied/current ticker universe and is not a survivorship-bias-free historical index-constituent study.
2024-07-26,T1_30D,117747.48113968424,0.0,117747.48113968424,128080.9940866937,-8.067951861784461,0,0.0,REFERENCE,This test uses the supplied/current ticker universe and is not a survivorship-bias-free historical index-constituent study.
2024-07-29,T1_30D,117747.48113968424,0.0,117747.48113968424,128080.9940866937,-8.067951861784461,0,0.0,REFERENCE,This test uses the supplied/current ticker universe and is not a survivorship-bias-free historical index-constituent study.
2024-07-30,T1_30D,117747.48113968424,0.0,117747.48113968424,128080.9940866937,-8.067951861784461,0,0.0,REFERENCE,This test uses the supplied/current ticker universe and is not a survivorship-bias-free historical index-constituent study.
2024-07-31,T1_30D,117747.48113968424,0.0,117747.48113968424,128080.9940866937,-8.067951861784461,0,0.0,REFERENCE,This test uses the supplied/current ticker universe and is not a survivorship-bias-free historical index-constituent study.
2024-08-01,T1_30D,117747.48113968424,0.0,117747.48113968424,128080.9940866937,-8.067951861784461,0,0.0,REFERENCE,This test uses the supplied/current ticker universe and is not a survivorship-bias-free historical index-constituent study.
2024-08-02,T1_30D,117747.48113968424,0.0,117747.48113968424,128080.9940866937,-8.067951861784461,0,0.0,REFERENCE,This test uses the supplied/current ticker universe and is not a survivorship-bias-free historical index-constituent study.
2024-08-05,T1_30D,117098.00952405669,0.0,117098.00952405669,128080.9940866937,-8.575030699092634,0,-0.5515800502408075,REFERENCE,This test uses the supplied/current ticker universe and is not a survivorship-bias-free historical index-constituent study.
2024-08-06,T1_30D,117098.00952405669,0.0,117098.00952405669,128080.9940866937,-8.575030699092634,0,0.0,REFERENCE,This test uses the supplied/current ticker universe and is not a survivorship-bias-free historical index-constituent study.
2024-08-07,T1_30D,117098.00952405669,0.0,117098.00952405669,128080.9940866937,-8.575030699092634,0,0.0,REFERENCE,This test uses the supplied/current ticker universe and is not a survivorship-bias-free historical index-constituent study.
2024-08-08,T1_30D,92559.44174794479,24442.665161132812,117002.1069090776,128080.9940866937,-8.649907237694588,1,-0.08189944079227685,REFERENCE,This test uses the supplied/current ticker universe and is not a survivorship-bias-free historical index-constituent study.
2024-08-09,T1_30D,92559.44174794479,24946.310913085938,117505.75266103072,128080.9940866937,-8.256682813146298,1,0.43045870305951084,REFERENCE,This test uses the supplied/current ticker universe and is not a survivorship-bias-free historical index-constituent study.
2024-08-12,T1_30D,92559.44174794479,24872.56884765625,117432.01059560104,128080.9940866937,-8.314257370523471,1,-0.0627561321550063,REFERENCE,This test uses the supplied/current ticker universe and is not a survivorship-bias-free historical index-constituent study.
2024-08-13,T1_30D,92559.44174794479,24988.673950195312,117548.1156981401,128080.9940866937,-8.223607619272732,1,0.0988700627283734,REFERENCE,This test uses the supplied/current ticker universe and is not a survivorship-bias-free historical index-constituent study.
2024-08-14,T1_30D,92559.44174794479,25514.287719726562,118073.72946767135,128080.9940866937,-7.813231533984477,1,0.4471477627774334,REFERENCE,This test uses the supplied/current ticker universe and is not a survivorship-bias-free historical index-constituent study.
2024-08-16,T1_30D,118508.26644864304,0.0,118508.26644864304,128080.9940866937,-7.473964194540206,0,0.3680217292455934,REFERENCE,This test uses the supplied/current ticker universe and is not a survivorship-bias-free historical index-constituent study.
2024-08-19,T1_30D,118508.26644864304,0.0,118508.26644864304,128080.9940866937,-7.473964194540206,0,0.0,REFERENCE,This test uses the supplied/current ticker universe and is not a survivorship-bias-free historical index-constituent study.
2024-08-20,T1_30D,118508.26644864304,0.0,118508.26644864304,128080.9940866937,-7.473964194540206,0,0.0,REFERENCE,This test uses the supplied/current ticker universe and is not a survivorship-bias-free historical index-constituent study.
2024-08-21,T1_30D,118508.26644864304,0.0,118508.26644864304,128080.9940866937,-7.473964194540206,0,0.0,REFERENCE,This test uses the supplied/current ticker universe and is not a survivorship-bias-free historical index-constituent study.
2024-08-22,T1_30D,118508.26644864304,0.0,118508.26644864304,128080.9940866937,-7.473964194540206,0,0.0,REFERENCE,This test uses the supplied/current ticker universe and is not a survivorship-bias-free historical index-constituent study.
2024-08-23,T1_30D,118508.26644864304,0.0,118508.26644864304,128080.9940866937,-7.473964194540206,0,0.0,REFERENCE,This test uses the supplied/current ticker universe and is not a survivorship-bias-free historical index-constituent study.
2024-08-26,T1_30D,118508.26644864304,0.0,118508.26644864304,128080.9940866937,-7.473964194540206,0,0.0,REFERENCE,This test uses the supplied/current ticker universe and is not a survivorship-bias-free historical index-constituent study.
2024-08-27,T1_30D,118508.26644864304,0.0,118508.26644864304,128080.9940866937,-7.473964194540206,0,0.0,REFERENCE,This test uses the supplied/current ticker universe and is not a survivorship-bias-free historical index-constituent study.
2024-08-28,T1_30D,118508.26644864304,0.0,118508.26644864304,128080.9940866937,-7.473964194540206,0,0.0,REFERENCE,This test uses the supplied/current ticker universe and is not a survivorship-bias-free historical index-constituent study.
2024-08-29,T1_30D,118508.26644864304,0.0,118508.26644864304,128080.9940866937,-7.473964194540206,0,0.0,REFERENCE,This test uses the supplied/current ticker universe and is not a survivorship-bias-free historical index-constituent study.
2024-08-30,T1_30D,118508.26644864304,0.0,118508.26644864304,128080.9940866937,-7.473964194540206,0,0.0,REFERENCE,This test uses the supplied/current ticker universe and is not a survivorship-bias-free historical index-constituent study.
2024-09-02,T1_30D,118508.26644864304,0.0,118508.26644864304,128080.9940866937,-7.473964194540206,0,0.0,REFERENCE,This test uses the supplied/current ticker universe and is not a survivorship-bias-free historical index-constituent study.
2024-09-03,T1_30D,118508.26644864304,0.0,118508.26644864304,128080.9940866937,-7.473964194540206,0,0.0,REFERENCE,This test uses the supplied/current ticker universe and is not a survivorship-bias-free historical index-constituent study.
2024-09-04,T1_30D,105074.06539435516,13382.89111328125,118456.95650763641,128080.9940866937,-7.514024736990333,1,-0.04329650795192874,REFERENCE,This test uses the supplied/current ticker universe and is not a survivorship-bias-free historical index-constituent study.
2024-09-05,T1_30D,105074.06539435516,13378.56201171875,118452.62740607391,128080.9940866937,-7.517404708853737,1,-0.00365457773872091,REFERENCE,This test uses the supplied/current ticker universe and is not a survivorship-bias-free historical index-constituent study.
2024-09-06,T1_30D,105074.06539435516,13077.639770507812,118151.70516486297,128080.9940866937,-7.75235154336007,1,-0.25404437858463913,REFERENCE,This test uses the supplied/current ticker universe and is not a survivorship-bias-free historical index-constituent study.
2024-09-09,T1_30D,76620.59557784941,41863.251708984375,118483.84728683378,128080.9940866937,-7.493029600757106,2,0.28111496275686765,REFERENCE,This test uses the supplied/current ticker universe and is not a survivorship-bias-free historical index-constituent study.
2024-09-10,T1_30D,76620.59557784941,42153.59729003906,118774.19286788847,128080.9940866937,-7.266340556746275,2,0.24505077080405613,REFERENCE,This test uses the supplied/current ticker universe and is not a survivorship-bias-free historical index-constituent study.
2024-09-11,T1_30D,76620.59557784941,42110.97705078125,118731.57262863066,128080.9940866937,-7.299616562731181,2,-0.035883417288484765,REFERENCE,This test uses the supplied/current ticker universe and is not a survivorship-bias-free historical index-constituent study.
2024-09-12,T1_30D,76620.59557784941,42888.10437011719,119508.6999479666,128080.9940866937,-6.692869773422283,2,0.6545245734819405,REFERENCE,This test uses the supplied/current ticker universe and is not a survivorship-bias-free historical index-constituent study.
2024-09-13,T1_30D,76620.59557784941,42773.117431640625,119393.71300949003,128080.9940866937,-6.78264651141256,2,-0.09621637464605204,REFERENCE,This test uses the supplied/current ticker universe and is not a survivorship-bias-free historical index-constituent study.
2024-09-16,T1_30D,76620.59557784941,43000.91882324219,119621.5144010916,128080.9940866937,-6.60478921632679,2,0.19079848164489377,REFERENCE,This test uses the supplied/current ticker universe and is not a survivorship-bias-free historical index-constituent study.
2024-09-17,T1_30D,76620.59557784941,43092.33947753906,119712.93505538847,128080.9940866937,-6.533411995257598,2,0.07642492636428244,REFERENCE,This test uses the supplied/current ticker universe and is not a survivorship-bias-free historical index-constituent study.
2024-09-18,T1_30D,76620.59557784941,42403.13671875,119023.73229659941,128080.9940866937,-7.071511159543098,2,-0.5757128571529768,REFERENCE,This test uses the supplied/current ticker universe and is not a survivorship-bias-free historical index-constituent study.
2024-09-19,T1_30D,76620.59557784941,42473.478515625,119094.07409347441,128080.9940866937,-7.016591382118998,2,0.059098967506510114,REFERENCE,This test uses the supplied/current ticker universe and is not a survivorship-bias-free historical index-constituent study.
2024-09-20,T1_30D,76620.59557784941,43149.986328125,119770.58190597441,128080.9940866937,-6.488403872860515,2,0.5680448986647546,REFERENCE,This test uses the supplied/current ticker universe and is not a survivorship-bias-free historical index-constituent study.
2024-09-23,T1_30D,50949.33555844741,68714.66381835938,119663.99937680678,128080.9940866937,-6.5716188181594966,3,-0.08898890484752009,REFERENCE,This test uses the supplied/current ticker universe and is not a survivorship-bias-free historical index-constituent study.
2024-09-24,T1_30D,50949.33555844741,69047.96936035156,119997.30491879897,128080.9940866937,-6.311388528436279,3,0.27853451641930427,REFERENCE,This test uses the supplied/current ticker universe and is not a survivorship-bias-free historical index-constituent study.
2024-09-25,T1_30D,50949.33555844741,69155.58337402344,120104.91893247084,128080.9940866937,-6.227368245458898,3,0.08968035885863479,REFERENCE,This test uses the supplied/current ticker universe and is not a survivorship-bias-free historical index-constituent study.
2024-09-26,T1_30D,50949.33555844741,69307.72985839844,120257.06541684584,128080.9940866937,-6.108578970391266,3,0.12667797932617297,REFERENCE,This test uses the supplied/current ticker universe and is not a survivorship-bias-free historical index-constituent study.
2024-09-27,T1_30D,77916.52732779221,42820.26428222656,120736.79161001877,128080.9940866937,-5.734029884015335,2,0.39891726237462066,REFERENCE,This test uses the supplied/current ticker universe and is not a survivorship-bias-free historical index-constituent study.
2024-09-30,T1_30D,77916.52732779221,41988.07434082031,119904.60166861252,128080.9940866937,-6.383767143895569,2,-0.6892596120114169,REFERENCE,This test uses the supplied/current ticker universe and is not a survivorship-bias-free historical index-constituent study.
2024-10-01,T1_30D,77916.52732779221,42435.61560058594,120352.14292837815,128080.9940866937,-6.0343466362262514,2,0.373247776597041,REFERENCE,This test uses the supplied/current ticker universe and is not a survivorship-bias-free historical index-constituent study.
2024-10-03,T1_30D,77517.2100040588,42075.551025390625,119592.76102944942,128080.9940866937,-6.6272385827196745,2,-0.6309666620399446,REFERENCE,This test uses the supplied/current ticker universe and is not a survivorship-bias-free historical index-constituent study.
2024-10-04,T1_30D,48669.95931121055,71445.06494140625,120115.0242526168,128080.9940866937,-6.21947845648746,3,0.4367013677682108,REFERENCE,This test uses the supplied/current ticker universe and is not a survivorship-bias-free historical index-constituent study.
2024-10-07,T1_30D,49552.17117707808,69671.21606445312,119223.3872415312,128080.9940866937,-6.915629370558351,3,-0.7423193032125353,REFERENCE,This test uses the supplied/current ticker universe and is not a survivorship-bias-free historical index-constituent study.
2024-10-08,T1_30D,19742.120869412436,99528.20129394531,119270.32216335775,128080.9940866937,-6.878984650425424,4,0.039367210504970274,REFERENCE,This test uses the supplied/current ticker universe and is not a survivorship-bias-free historical index-constituent study.
2024-10-09,T1_30D,78407.12923294179,40071.63000488281,118478.7592378246,128080.9940866937,-7.497002125365815,2,-0.6636713234068337,REFERENCE,This test uses the supplied/current ticker universe and is not a survivorship-bias-free historical index-constituent study.
2024-10-10,T1_30D,104829.9206112503,13460.285888671875,118290.20649992218,128080.9940866937,-7.644215799999543,1,-0.15914476072790285,REFERENCE,This test uses the supplied/current ticker universe and is not a survivorship-bias-free historical index-constituent study.
2024-10-11,T1_30D,104829.9206112503,13238.383178710938,118068.30378996124,128080.9940866937,-7.817467664215039,1,-0.18759178509092367,REFERENCE,This test uses the supplied/current ticker universe and is not a survivorship-bias-free historical index-constituent study.
2024-10-14,T1_30D,104829.9206112503,13333.098388671875,118163.01899992218,128080.9940866937,-7.743518199162613,1,0.08022069168489576,REFERENCE,This test uses the supplied/current ticker universe and is not a survivorship-bias-free historical index-constituent study.
2024-10-15,T1_30D,104829.9206112503,13590.181762695312,118420.10237394561,128080.9940866937,-7.542798821665098,1,0.21756669404631168,REFERENCE,This test uses the supplied/current ticker universe and is not a survivorship-bias-free historical index-constituent study.
2024-10-16,T1_30D,118272.96540225466,0.0,118272.96540225466,128080.9940866937,-7.657676889828258,0,-0.12424999534819126,REFERENCE,This test uses the supplied/current ticker universe and is not a survivorship-bias-free historical index-constituent study.
2024-10-17,T1_30D,118272.96540225466,0.0,118272.96540225466,128080.9940866937,-7.657676889828258,0,0.0,REFERENCE,This test uses the supplied/current ticker universe and is not a survivorship-bias-free historical index-constituent study.
2024-10-18,T1_30D,98012.14782720128,20370.452880859375,118382.60070806065,128080.9940866937,-7.572078470962307,1,0.0926968436388842,REFERENCE,This test uses the supplied/current ticker universe and is not a survivorship-bias-free historical index-constituent study.
2024-10-21,T1_30D,98012.14782720128,20603.75830078125,118615.90612798253,128080.9940866937,-7.389923872939786,1,0.1970774577737311,REFERENCE,This test uses the supplied/current ticker universe and is not a survivorship-bias-free historical index-constituent study.
2024-10-22,T1_30D,98012.14782720128,19840.96337890625,117853.11120610753,128080.9940866937,-7.9854805574535614,1,-0.6430797915517039,REFERENCE,This test uses the supplied/current ticker universe and is not a survivorship-bias-free historical index-constituent study.
2024-10-23,T1_30D,117449.7437433633,0.0,117449.7437433633,128080.9940866937,-8.300412109648725,0,-0.34226288862140297,REFERENCE,This test uses the supplied/current ticker universe and is not a survivorship-bias-free historical index-constituent study.
2024-10-24,T1_30D,117449.7437433633,0.0,117449.7437433633,128080.9940866937,-8.300412109648725,0,0.0,REFERENCE,This test uses the supplied/current ticker universe and is not a survivorship-bias-free historical index-constituent study.
2024-10-25,T1_30D,117449.7437433633,0.0,117449.7437433633,128080.9940866937,-8.300412109648725,0,0.0,REFERENCE,This test uses the supplied/current ticker universe and is not a survivorship-bias-free historical index-constituent study.
2024-10-28,T1_30D,117449.7437433633,0.0,117449.7437433633,128080.9940866937,-8.300412109648725,0,0.0,REFERENCE,This test uses the supplied/current ticker universe and is not a survivorship-bias-free historical index-constituent study.
2024-10-29,T1_30D,117449.7437433633,0.0,117449.7437433633,128080.9940866937,-8.300412109648725,0,0.0,REFERENCE,This test uses the supplied/current ticker universe and is not a survivorship-bias-free historical index-constituent study.
2024-10-30,T1_30D,117449.7437433633,0.0,117449.7437433633,128080.9940866937,-8.300412109648725,0,0.0,REFERENCE,This test uses the supplied/current ticker universe and is not a survivorship-bias-free historical index-constituent study.
2024-10-31,T1_30D,117449.7437433633,0.0,117449.7437433633,128080.9940866937,-8.300412109648725,0,0.0,REFERENCE,This test uses the supplied/current ticker universe and is not a survivorship-bias-free historical index-constituent study.
2024-11-01,T1_30D,117449.7437433633,0.0,117449.7437433633,128080.9940866937,-8.300412109648725,0,0.0,REFERENCE,This test uses the supplied/current ticker universe and is not a survivorship-bias-free historical index-constituent study.
2024-11-04,T1_30D,117449.7437433633,0.0,117449.7437433633,128080.9940866937,-8.300412109648725,0,0.0,REFERENCE,This test uses the supplied/current ticker universe and is not a survivorship-bias-free historical index-constituent study.
2024-11-05,T1_30D,117449.7437433633,0.0,117449.7437433633,128080.9940866937,-8.300412109648725,0,0.0,REFERENCE,This test uses the supplied/current ticker universe and is not a survivorship-bias-free historical index-constituent study.
2024-11-06,T1_30D,94261.5433225059,24041.044799804688,118302.58812231058,128080.9940866937,-7.63454877447659,1,0.7261355808581449,REFERENCE,This test uses the supplied/current ticker universe and is not a survivorship-bias-free historical index-constituent study.
2024-11-07,T1_30D,94261.5433225059,24019.7265625,118281.2698850059,128080.9940866937,-7.651193115392829,1,-0.018020093763837508,REFERENCE,This test uses the supplied/current ticker universe and is not a survivorship-bias-free historical index-constituent study.
2024-11-08,T1_30D,118911.0269394438,0.0,118911.0269394438,128080.9940866937,-7.159506539309857,0,0.5324233118651378,REFERENCE,This test uses the supplied/current ticker universe and is not a survivorship-bias-free historical index-constituent study.
2024-11-11,T1_30D,118911.0269394438,0.0,118911.0269394438,128080.9940866937,-7.159506539309857,0,0.0,REFERENCE,This test uses the supplied/current ticker universe and is not a survivorship-bias-free historical index-constituent study.
2024-11-12,T1_30D,118911.0269394438,0.0,118911.0269394438,128080.9940866937,-7.159506539309857,0,0.0,REFERENCE,This test uses the supplied/current ticker universe and is not a survivorship-bias-free historical index-constituent study.
2024-11-13,T1_30D,118911.0269394438,0.0,118911.0269394438,128080.9940866937,-7.159506539309857,0,0.0,REFERENCE,This test uses the supplied/current ticker universe and is not a survivorship-bias-free historical index-constituent study.
2024-11-14,T1_30D,118911.0269394438,0.0,118911.0269394438,128080.9940866937,-7.159506539309857,0,0.0,REFERENCE,This test uses the supplied/current ticker universe and is not a survivorship-bias-free historical index-constituent study.
2024-11-18,T1_30D,118911.0269394438,0.0,118911.0269394438,128080.9940866937,-7.159506539309857,0,0.0,REFERENCE,This test uses the supplied/current ticker universe and is not a survivorship-bias-free historical index-constituent study.
2024-11-19,T1_30D,118911.0269394438,0.0,118911.0269394438,128080.9940866937,-7.159506539309857,0,0.0,REFERENCE,This test uses the supplied/current ticker universe and is not a survivorship-bias-free historical index-constituent study.
2024-11-21,T1_30D,118911.0269394438,0.0,118911.0269394438,128080.9940866937,-7.159506539309857,0,0.0,REFERENCE,This test uses the supplied/current ticker universe and is not a survivorship-bias-free historical index-constituent study.
2024-11-22,T1_30D,118911.0269394438,0.0,118911.0269394438,128080.9940866937,-7.159506539309857,0,0.0,REFERENCE,This test uses the supplied/current ticker universe and is not a survivorship-bias-free historical index-constituent study.
2024-11-25,T1_30D,118911.0269394438,0.0,118911.0269394438,128080.9940866937,-7.159506539309857,0,0.0,REFERENCE,This test uses the supplied/current ticker universe and is not a survivorship-bias-free historical index-constituent study.
2024-11-26,T1_30D,118911.0269394438,0.0,118911.0269394438,128080.9940866937,-7.159506539309857,0,0.0,REFERENCE,This test uses the supplied/current ticker universe and is not a survivorship-bias-free historical index-constituent study.
2024-11-27,T1_30D,118911.0269394438,0.0,118911.0269394438,128080.9940866937,-7.159506539309857,0,0.0,REFERENCE,This test uses the supplied/current ticker universe and is not a survivorship-bias-free historical index-constituent study.
2024-11-28,T1_30D,118911.0269394438,0.0,118911.0269394438,128080.9940866937,-7.159506539309857,0,0.0,REFERENCE,This test uses the supplied/current ticker universe and is not a survivorship-bias-free historical index-constituent study.
2024-11-29,T1_30D,118911.0269394438,0.0,118911.0269394438,128080.9940866937,-7.159506539309857,0,0.0,REFERENCE,This test uses the supplied/current ticker universe and is not a survivorship-bias-free historical index-constituent study.
2024-12-02,T1_30D,118911.0269394438,0.0,118911.0269394438,128080.9940866937,-7.159506539309857,0,0.0,REFERENCE,This test uses the supplied/current ticker universe and is not a survivorship-bias-free historical index-constituent study.
2024-12-03,T1_30D,118911.0269394438,0.0,118911.0269394438,128080.9940866937,-7.159506539309857,0,0.0,REFERENCE,This test uses the supplied/current ticker universe and is not a survivorship-bias-free historical index-constituent study.
2024-12-04,T1_30D,118911.0269394438,0.0,118911.0269394438,128080.9940866937,-7.159506539309857,0,0.0,REFERENCE,This test uses the supplied/current ticker universe and is not a survivorship-bias-free historical index-constituent study.
2024-12-05,T1_30D,118911.0269394438,0.0,118911.0269394438,128080.9940866937,-7.159506539309857,0,0.0,REFERENCE,This test uses the supplied/current ticker universe and is not a survivorship-bias-free historical index-constituent study.
2024-12-06,T1_30D,102791.84533901444,16075.483154296875,118867.32849331132,128080.9940866937,-7.193624361742512,1,-0.03674885942640538,REFERENCE,This test uses the supplied/current ticker universe and is not a survivorship-bias-free historical index-constituent study.
2024-12-09,T1_30D,102791.84533901444,15968.464233398438,118760.30957241288,128080.9940866937,-7.2771800224879275,1,-0.09003224204240379,REFERENCE,This test uses the supplied/current ticker universe and is not a survivorship-bias-free historical index-constituent study.
2024-12-10,T1_30D,102791.84533901444,16189.609130859375,118981.45446987382,128080.9940866937,-7.104519824901345,1,0.18621111569778748,REFERENCE,This test uses the supplied/current ticker universe and is not a survivorship-bias-free historical index-constituent study.
2024-12-11,T1_30D,102791.84533901444,16144.042236328125,118935.88757534257,128080.9940866937,-7.140096449564648,1,-0.03829747647167148,REFERENCE,This test uses the supplied/current ticker universe and is not a survivorship-bias-free historical index-constituent study.
2024-12-12,T1_30D,102791.84533901444,16188.355590820312,118980.20092983475,128080.9940866937,-7.105498533762877,1,0.03725818623425692,REFERENCE,This test uses the supplied/current ticker universe and is not a survivorship-bias-free historical index-constituent study.
2024-12-13,T1_30D,102791.84533901444,16460.9208984375,119252.76623745194,128080.9940866937,-6.8926915442787955,1,0.22908459179518115,REFERENCE,This test uses the supplied/current ticker universe and is not a survivorship-bias-free historical index-constituent study.
2024-12-16,T1_30D,102791.84533901444,16340.52392578125,119132.36926479569,128080.9940866937,-6.9866921987199575,1,-0.10095947998096655,REFERENCE,This test uses the supplied/current ticker universe and is not a survivorship-bias-free historical index-constituent study.
2024-12-17,T1_30D,102791.84533901444,16308.753662109375,119100.59900112382,128080.9940866937,-7.011497021557589,1,-0.02666803646056426,REFERENCE,This test uses the supplied/current ticker universe and is not a survivorship-bias-free historical index-constituent study.
2024-12-18,T1_30D,102791.84533901444,16390.268920898434,119182.11425991288,128080.9940866937,-6.94785349710626,1,0.06844235836991341,REFERENCE,This test uses the supplied/current ticker universe and is not a survivorship-bias-free historical index-constituent study.
2024-12-19,T1_30D,73703.08334088538,45343.21008300781,119046.29342389319,128080.9940866937,-7.053896424855366,2,-0.11396075397982486,REFERENCE,This test uses the supplied/current ticker universe and is not a survivorship-bias-free historical index-constituent study.
2024-12-20,T1_30D,44894.324652421514,72398.38146972656,117292.70612214808,128080.9940866937,-8.423020168974782,3,-1.4730297360044942,REFERENCE,This test uses the supplied/current ticker universe and is not a survivorship-bias-free historical index-constituent study.
2024-12-23,T1_30D,71889.2617556096,45627.93908691406,117517.20084252366,128080.9940866937,-8.247744577169481,2,0.19139699969219492,REFERENCE,This test uses the supplied/current ticker universe and is not a survivorship-bias-free historical index-constituent study.
2024-12-24,T1_30D,71889.2617556096,45529.5029296875,117418.7646852971,128080.9940866937,-8.324599193991034,2,-0.08376319085277029,REFERENCE,This test uses the supplied/current ticker universe and is not a survivorship-bias-free historical index-constituent study.
2024-12-26,T1_30D,71889.2617556096,45439.99670410156,117329.25845971116,128080.9940866937,-8.394481713426627,2,-0.07622821260795387,REFERENCE,This test uses the supplied/current ticker universe and is not a survivorship-bias-free historical index-constituent study.
2024-12-27,T1_30D,71889.2617556096,45490.59313964844,117379.85489525803,128080.9940866937,-8.354978244619515,2,0.0431234597500163,REFERENCE,This test uses the supplied/current ticker universe and is not a survivorship-bias-free historical index-constituent study.
2024-12-30,T1_30D,71889.2617556096,45463.745361328125,117353.00711693772,128080.9940866937,-8.375939807661526,2,-0.022872560495379446,REFERENCE,This test uses the supplied/current ticker universe and is not a survivorship-bias-free historical index-constituent study.
2024-12-31,T1_30D,71889.2617556096,45283.850341796875,117173.11209740647,128080.9940866937,-8.516393917042874,2,-0.15329391546992088,REFERENCE,This test uses the supplied/current ticker universe and is not a survivorship-bias-free historical index-constituent study.
2025-01-01,T1_30D,71889.2617556096,45401.63659667969,117290.89835228928,128080.9940866937,-8.424431596073468,2,0.10052327942342565,REFERENCE,This test uses the supplied/current ticker universe and is not a survivorship-bias-free historical index-constituent study.
2025-01-02,T1_30D,71889.2617556096,46086.88439941406,117976.14615502366,128080.9940866937,-7.889420287314763,2,0.5842293070995153,REFERENCE,This test uses the supplied/current ticker universe and is not a survivorship-bias-free historical index-constituent study.
2025-01-03,T1_30D,46456.649805409994,70245.05541992188,116701.70522533187,128080.9940866937,-8.884447643855397,3,-1.0802530606629057,REFERENCE,This test uses the supplied/current ticker universe and is not a survivorship-bias-free historical index-constituent study.
2025-01-06,T1_30D,75140.23581747297,41423.32482910156,116563.56064657454,128080.9940866937,-8.99230484760557,2,-0.1183740875856043,REFERENCE,This test uses the supplied/current ticker universe and is not a survivorship-bias-free historical index-constituent study.
2025-01-07,T1_30D,75140.23581747297,41091.40393066406,116231.63974813704,128080.9940866937,-9.25145406861555,2,-0.2847552842383583,REFERENCE,This test uses the supplied/current ticker universe and is not a survivorship-bias-free historical index-constituent study.
2025-01-08,T1_30D,53436.013062039274,63580.3173828125,117016.33044485177,128080.9940866937,-8.638802127310651,3,0.6751093750506199,REFERENCE,This test uses the supplied/current ticker universe and is not a survivorship-bias-free historical index-constituent study.
2025-01-09,T1_30D,53436.013062039274,62973.1650390625,116409.17810110177,128080.9940866937,-9.112839940711003,3,-0.5188612063306342,REFERENCE,This test uses the supplied/current ticker universe and is not a survivorship-bias-free historical index-constituent study.
2025-01-10,T1_30D,53436.013062039274,64747.197021484375,118183.21008352365,128080.9940866937,-7.727753890222444,3,1.5239622952076148,REFERENCE,This test uses the supplied/current ticker universe and is not a survivorship-bias-free historical index-constituent study.
2025-01-13,T1_30D,53436.013062039274,63903.5302734375,117339.54333547677,128080.9940866937,-8.386451735334276,3,-0.7138634561124513,REFERENCE,This test uses the supplied/current ticker universe and is not a survivorship-bias-free historical index-constituent study.
2025-01-14,T1_30D,93189.81982003688,22132.4970703125,115322.31689034938,128080.9940866937,-9.961413312976319,1,-1.719136096652507,REFERENCE,This test uses the supplied/current ticker universe and is not a survivorship-bias-free historical index-constituent study.
2025-01-15,T1_30D,93189.81982003688,22242.0146484375,115431.83446847438,128080.9940866937,-9.87590681069943,1,0.09496650871931855,REFERENCE,This test uses the supplied/current ticker universe and is not a survivorship-bias-free historical index-constituent study.
2025-01-16,T1_30D,93189.81982003688,22000.16015625,115189.97997628688,128080.9940866937,-10.064736147879461,1,-0.20952148365410705,REFERENCE,This test uses the supplied/current ticker universe and is not a survivorship-bias-free historical index-constituent study.
2025-01-17,T1_30D,114055.08769277408,0.0,114055.08769277408,128080.9940866937,-10.950810066656691,0,-0.9852352468039616,REFERENCE,This test uses the supplied/current ticker universe and is not a survivorship-bias-free historical index-constituent study.
2025-01-20,T1_30D,114055.08769277408,0.0,114055.08769277408,128080.9940866937,-10.950810066656691,0,0.0,REFERENCE,This test uses the supplied/current ticker universe and is not a survivorship-bias-free historical index-constituent study.
2025-01-21,T1_30D,114055.08769277408,0.0,114055.08769277408,128080.9940866937,-10.950810066656691,0,0.0,REFERENCE,This test uses the supplied/current ticker universe and is not a survivorship-bias-free historical index-constituent study.
2025-01-22,T1_30D,114055.08769277408,0.0,114055.08769277408,128080.9940866937,-10.950810066656691,0,0.0,REFERENCE,This test uses the supplied/current ticker universe and is not a survivorship-bias-free historical index-constituent study.
2025-01-23,T1_30D,114055.08769277408,0.0,114055.08769277408,128080.9940866937,-10.950810066656691,0,0.0,REFERENCE,This test uses the supplied/current ticker universe and is not a survivorship-bias-free historical index-constituent study.
2025-01-24,T1_30D,114055.08769277408,0.0,114055.08769277408,128080.9940866937,-10.950810066656691,0,0.0,REFERENCE,This test uses the supplied/current ticker universe and is not a survivorship-bias-free historical index-constituent study.
2025-01-27,T1_30D,114055.08769277408,0.0,114055.08769277408,128080.9940866937,-10.950810066656691,0,0.0,REFERENCE,This test uses the supplied/current ticker universe and is not a survivorship-bias-free historical index-constituent study.
2025-01-28,T1_30D,114055.08769277408,0.0,114055.08769277408,128080.9940866937,-10.950810066656691,0,0.0,REFERENCE,This test uses the supplied/current ticker universe and is not a survivorship-bias-free historical index-constituent study.
2025-01-29,T1_30D,114055.08769277408,0.0,114055.08769277408,128080.9940866937,-10.950810066656691,0,0.0,REFERENCE,This test uses the supplied/current ticker universe and is not a survivorship-bias-free historical index-constituent study.
2025-01-30,T1_30D,114055.08769277408,0.0,114055.08769277408,128080.9940866937,-10.950810066656691,0,0.0,REFERENCE,This test uses the supplied/current ticker universe and is not a survivorship-bias-free historical index-constituent study.
2025-01-31,T1_30D,114055.08769277408,0.0,114055.08769277408,128080.9940866937,-10.950810066656691,0,0.0,REFERENCE,This test uses the supplied/current ticker universe and is not a survivorship-bias-free historical index-constituent study.
2025-02-01,T1_30D,114055.08769277408,0.0,114055.08769277408,128080.9940866937,-10.950810066656691,0,0.0,REFERENCE,This test uses the supplied/current ticker universe and is not a survivorship-bias-free historical index-constituent study.
2025-02-03,T1_30D,114055.08769277408,0.0,114055.08769277408,128080.9940866937,-10.950810066656691,0,0.0,REFERENCE,This test uses the supplied/current ticker universe and is not a survivorship-bias-free historical index-constituent study.
2025-02-04,T1_30D,114055.08769277408,0.0,114055.08769277408,128080.9940866937,-10.950810066656691,0,0.0,REFERENCE,This test uses the supplied/current ticker universe and is not a survivorship-bias-free historical index-constituent study.
2025-02-05,T1_30D,114055.08769277408,0.0,114055.08769277408,128080.9940866937,-10.950810066656691,0,0.0,REFERENCE,This test uses the supplied/current ticker universe and is not a survivorship-bias-free historical index-constituent study.
2025-02-06,T1_30D,114055.08769277408,0.0,114055.08769277408,128080.9940866937,-10.950810066656691,0,0.0,REFERENCE,This test uses the supplied/current ticker universe and is not a survivorship-bias-free historical index-constituent study.
2025-02-07,T1_30D,114055.08769277408,0.0,114055.08769277408,128080.9940866937,-10.950810066656691,0,0.0,REFERENCE,This test uses the supplied/current ticker universe and is not a survivorship-bias-free historical index-constituent study.
2025-02-10,T1_30D,114055.08769277408,0.0,114055.08769277408,128080.9940866937,-10.950810066656691,0,0.0,REFERENCE,This test uses the supplied/current ticker universe and is not a survivorship-bias-free historical index-constituent study.
2025-02-11,T1_30D,114055.08769277408,0.0,114055.08769277408,128080.9940866937,-10.950810066656691,0,0.0,REFERENCE,This test uses the supplied/current ticker universe and is not a survivorship-bias-free historical index-constituent study.
2025-02-12,T1_30D,114055.08769277408,0.0,114055.08769277408,128080.9940866937,-10.950810066656691,0,0.0,REFERENCE,This test uses the supplied/current ticker universe and is not a survivorship-bias-free historical index-constituent study.
2025-02-13,T1_30D,114055.08769277408,0.0,114055.08769277408,128080.9940866937,-10.950810066656691,0,0.0,REFERENCE,This test uses the supplied/current ticker universe and is not a survivorship-bias-free historical index-constituent study.
2025-02-14,T1_30D,114055.08769277408,0.0,114055.08769277408,128080.9940866937,-10.950810066656691,0,0.0,REFERENCE,This test uses the supplied/current ticker universe and is not a survivorship-bias-free historical index-constituent study.
2025-02-17,T1_30D,114055.08769277408,0.0,114055.08769277408,128080.9940866937,-10.950810066656691,0,0.0,REFERENCE,This test uses the supplied/current ticker universe and is not a survivorship-bias-free historical index-constituent study.
2025-02-18,T1_30D,114055.08769277408,0.0,114055.08769277408,128080.9940866937,-10.950810066656691,0,0.0,REFERENCE,This test uses the supplied/current ticker universe and is not a survivorship-bias-free historical index-constituent study.
2025-02-19,T1_30D,114055.08769277408,0.0,114055.08769277408,128080.9940866937,-10.950810066656691,0,0.0,REFERENCE,This test uses the supplied/current ticker universe and is not a survivorship-bias-free historical index-constituent study.
2025-02-20,T1_30D,114055.08769277408,0.0,114055.08769277408,128080.9940866937,-10.950810066656691,0,0.0,REFERENCE,This test uses the supplied/current ticker universe and is not a survivorship-bias-free historical index-constituent study.
2025-02-21,T1_30D,114055.08769277408,0.0,114055.08769277408,128080.9940866937,-10.950810066656691,0,0.0,REFERENCE,This test uses the supplied/current ticker universe and is not a survivorship-bias-free historical index-constituent study.
2025-02-24,T1_30D,114055.08769277408,0.0,114055.08769277408,128080.9940866937,-10.950810066656691,0,0.0,REFERENCE,This test uses the supplied/current ticker universe and is not a survivorship-bias-free historical index-constituent study.
2025-02-25,T1_30D,114055.08769277408,0.0,114055.08769277408,128080.9940866937,-10.950810066656691,0,0.0,REFERENCE,This test uses the supplied/current ticker universe and is not a survivorship-bias-free historical index-constituent study.
2025-02-27,T1_30D,114055.08769277408,0.0,114055.08769277408,128080.9940866937,-10.950810066656691,0,0.0,REFERENCE,This test uses the supplied/current ticker universe and is not a survivorship-bias-free historical index-constituent study.
2025-02-28,T1_30D,114055.08769277408,0.0,114055.08769277408,128080.9940866937,-10.950810066656691,0,0.0,REFERENCE,This test uses the supplied/current ticker universe and is not a survivorship-bias-free historical index-constituent study.
2025-03-03,T1_30D,114055.08769277408,0.0,114055.08769277408,128080.9940866937,-10.950810066656691,0,0.0,REFERENCE,This test uses the supplied/current ticker universe and is not a survivorship-bias-free historical index-constituent study.
2025-03-04,T1_30D,114055.08769277408,0.0,114055.08769277408,128080.9940866937,-10.950810066656691,0,0.0,REFERENCE,This test uses the supplied/current ticker universe and is not a survivorship-bias-free historical index-constituent study.
2025-03-05,T1_30D,114055.08769277408,0.0,114055.08769277408,128080.9940866937,-10.950810066656691,0,0.0,REFERENCE,This test uses the supplied/current ticker universe and is not a survivorship-bias-free historical index-constituent study.
2025-03-06,T1_30D,114055.08769277408,0.0,114055.08769277408,128080.9940866937,-10.950810066656691,0,0.0,REFERENCE,This test uses the supplied/current ticker universe and is not a survivorship-bias-free historical index-constituent study.
2025-03-07,T1_30D,114055.08769277408,0.0,114055.08769277408,128080.9940866937,-10.950810066656691,0,0.0,REFERENCE,This test uses the supplied/current ticker universe and is not a survivorship-bias-free historical index-constituent study.
2025-03-10,T1_30D,114055.08769277408,0.0,114055.08769277408,128080.9940866937,-10.950810066656691,0,0.0,REFERENCE,This test uses the supplied/current ticker universe and is not a survivorship-bias-free historical index-constituent study.
2025-03-11,T1_30D,114055.08769277408,0.0,114055.08769277408,128080.9940866937,-10.950810066656691,0,0.0,REFERENCE,This test uses the supplied/current ticker universe and is not a survivorship-bias-free historical index-constituent study.
2025-03-12,T1_30D,114055.08769277408,0.0,114055.08769277408,128080.9940866937,-10.950810066656691,0,0.0,REFERENCE,This test uses the supplied/current ticker universe and is not a survivorship-bias-free historical index-constituent study.
2025-03-13,T1_30D,114055.08769277408,0.0,114055.08769277408,128080.9940866937,-10.950810066656691,0,0.0,REFERENCE,This test uses the supplied/current ticker universe and is not a survivorship-bias-free historical index-constituent study.
2025-03-17,T1_30D,114055.08769277408,0.0,114055.08769277408,128080.9940866937,-10.950810066656691,0,0.0,REFERENCE,This test uses the supplied/current ticker universe and is not a survivorship-bias-free historical index-constituent study.
2025-03-18,T1_30D,114055.08769277408,0.0,114055.08769277408,128080.9940866937,-10.950810066656691,0,0.0,REFERENCE,This test uses the supplied/current ticker universe and is not a survivorship-bias-free historical index-constituent study.
2025-03-19,T1_30D,114055.08769277408,0.0,114055.08769277408,128080.9940866937,-10.950810066656691,0,0.0,REFERENCE,This test uses the supplied/current ticker universe and is not a survivorship-bias-free historical index-constituent study.
2025-03-20,T1_30D,114055.08769277408,0.0,114055.08769277408,128080.9940866937,-10.950810066656691,0,0.0,REFERENCE,This test uses the supplied/current ticker universe and is not a survivorship-bias-free historical index-constituent study.
2025-03-21,T1_30D,114055.08769277408,0.0,114055.08769277408,128080.9940866937,-10.950810066656691,0,0.0,REFERENCE,This test uses the supplied/current ticker universe and is not a survivorship-bias-free historical index-constituent study.
2025-03-24,T1_30D,114055.08769277408,0.0,114055.08769277408,128080.9940866937,-10.950810066656691,0,0.0,REFERENCE,This test uses the supplied/current ticker universe and is not a survivorship-bias-free historical index-constituent study.
2025-03-25,T1_30D,114055.08769277408,0.0,114055.08769277408,128080.9940866937,-10.950810066656691,0,0.0,REFERENCE,This test uses the supplied/current ticker universe and is not a survivorship-bias-free historical index-constituent study.
2025-03-26,T1_30D,114055.08769277408,0.0,114055.08769277408,128080.9940866937,-10.950810066656691,0,0.0,REFERENCE,This test uses the supplied/current ticker universe and is not a survivorship-bias-free historical index-constituent study.
2025-03-27,T1_30D,114055.08769277408,0.0,114055.08769277408,128080.9940866937,-10.950810066656691,0,0.0,REFERENCE,This test uses the supplied/current ticker universe and is not a survivorship-bias-free historical index-constituent study.
2025-03-28,T1_30D,114055.08769277408,0.0,114055.08769277408,128080.9940866937,-10.950810066656691,0,0.0,REFERENCE,This test uses the supplied/current ticker universe and is not a survivorship-bias-free historical index-constituent study.
2025-04-01,T1_30D,114055.08769277408,0.0,114055.08769277408,128080.9940866937,-10.950810066656691,0,0.0,REFERENCE,This test uses the supplied/current ticker universe and is not a survivorship-bias-free historical index-constituent study.
2025-04-02,T1_30D,114055.08769277408,0.0,114055.08769277408,128080.9940866937,-10.950810066656691,0,0.0,REFERENCE,This test uses the supplied/current ticker universe and is not a survivorship-bias-free historical index-constituent study.
2025-04-03,T1_30D,114055.08769277408,0.0,114055.08769277408,128080.9940866937,-10.950810066656691,0,0.0,REFERENCE,This test uses the supplied/current ticker universe and is not a survivorship-bias-free historical index-constituent study.
2025-04-04,T1_30D,114055.08769277408,0.0,114055.08769277408,128080.9940866937,-10.950810066656691,0,0.0,REFERENCE,This test uses the supplied/current ticker universe and is not a survivorship-bias-free historical index-constituent study.
2025-04-07,T1_30D,85986.12842237053,27874.21484375,113860.34326612053,128080.9940866937,-11.102857939209688,1,-0.17074593566410723,REFERENCE,This test uses the supplied/current ticker universe and is not a survivorship-bias-free historical index-constituent study.
2025-04-08,T1_30D,85986.12842237053,28141.579833984375,114127.7082563549,128080.9940866937,-10.894111128536588,1,0.2348183595490161,REFERENCE,This test uses the supplied/current ticker universe and is not a survivorship-bias-free historical index-constituent study.
2025-04-09,T1_30D,85986.12842237053,28161.0634765625,114147.19189893303,128080.9940866937,-10.878899158394528,1,0.017071789906064616,REFERENCE,This test uses the supplied/current ticker universe and is not a survivorship-bias-free historical index-constituent study.
2025-04-11,T1_30D,85986.12842237053,28395.954833984375,114382.0832563549,128080.9940866937,-10.695506330210447,1,0.20577935691123983,REFERENCE,This test uses the supplied/current ticker universe and is not a survivorship-bias-free historical index-constituent study.
2025-04-15,T1_30D,85986.12842237053,29230.5234375,115216.65185987053,128080.9940866937,-10.04391191570213,1,0.729632281347059,REFERENCE,This test uses the supplied/current ticker universe and is not a survivorship-bias-free historical index-constituent study.
2025-04-16,T1_30D,85986.12842237053,29364.749755859375,115350.8781782299,128080.9940866937,-9.939113917125908,1,0.11649906171775637,REFERENCE,This test uses the supplied/current ticker universe and is not a survivorship-bias-free historical index-constituent study.
2025-04-17,T1_30D,115680.53692820184,0.0,115680.53692820184,128080.9940866937,-9.681730882021732,0,0.28578781122288177,REFERENCE,This test uses the supplied/current ticker universe and is not a survivorship-bias-free historical index-constituent study.
2025-04-21,T1_30D,115680.53692820184,0.0,115680.53692820184,128080.9940866937,-9.681730882021732,0,0.0,REFERENCE,This test uses the supplied/current ticker universe and is not a survivorship-bias-free historical index-constituent study.
2025-04-22,T1_30D,115680.53692820184,0.0,115680.53692820184,128080.9940866937,-9.681730882021732,0,0.0,REFERENCE,This test uses the supplied/current ticker universe and is not a survivorship-bias-free historical index-constituent study.
2025-04-23,T1_30D,115680.53692820184,0.0,115680.53692820184,128080.9940866937,-9.681730882021732,0,0.0,REFERENCE,This test uses the supplied/current ticker universe and is not a survivorship-bias-free historical index-constituent study.
2025-04-24,T1_30D,115680.53692820184,0.0,115680.53692820184,128080.9940866937,-9.681730882021732,0,0.0,REFERENCE,This test uses the supplied/current ticker universe and is not a survivorship-bias-free historical index-constituent study.
2025-04-25,T1_30D,115680.53692820184,0.0,115680.53692820184,128080.9940866937,-9.681730882021732,0,0.0,REFERENCE,This test uses the supplied/current ticker universe and is not a survivorship-bias-free historical index-constituent study.
2025-04-28,T1_30D,115680.53692820184,0.0,115680.53692820184,128080.9940866937,-9.681730882021732,0,0.0,REFERENCE,This test uses the supplied/current ticker universe and is not a survivorship-bias-free historical index-constituent study.
2025-04-29,T1_30D,115680.53692820184,0.0,115680.53692820184,128080.9940866937,-9.681730882021732,0,0.0,REFERENCE,This test uses the supplied/current ticker universe and is not a survivorship-bias-free historical index-constituent study.
2025-04-30,T1_30D,115680.53692820184,0.0,115680.53692820184,128080.9940866937,-9.681730882021732,0,0.0,REFERENCE,This test uses the supplied/current ticker universe and is not a survivorship-bias-free historical index-constituent study.
2025-05-02,T1_30D,115680.53692820184,0.0,115680.53692820184,128080.9940866937,-9.681730882021732,0,0.0,REFERENCE,This test uses the supplied/current ticker universe and is not a survivorship-bias-free historical index-constituent study.
2025-05-05,T1_30D,115680.53692820184,0.0,115680.53692820184,128080.9940866937,-9.681730882021732,0,0.0,REFERENCE,This test uses the supplied/current ticker universe and is not a survivorship-bias-free historical index-constituent study.
2025-05-06,T1_30D,115680.53692820184,0.0,115680.53692820184,128080.9940866937,-9.681730882021732,0,0.0,REFERENCE,This test uses the supplied/current ticker universe and is not a survivorship-bias-free historical index-constituent study.
2025-05-07,T1_30D,115680.53692820184,0.0,115680.53692820184,128080.9940866937,-9.681730882021732,0,0.0,REFERENCE,This test uses the supplied/current ticker universe and is not a survivorship-bias-free historical index-constituent study.
2025-05-08,T1_30D,115680.53692820184,0.0,115680.53692820184,128080.9940866937,-9.681730882021732,0,0.0,REFERENCE,This test uses the supplied/current ticker universe and is not a survivorship-bias-free historical index-constituent study.
2025-05-09,T1_30D,115680.53692820184,0.0,115680.53692820184,128080.9940866937,-9.681730882021732,0,0.0,REFERENCE,This test uses the supplied/current ticker universe and is not a survivorship-bias-free historical index-constituent study.
2025-05-12,T1_30D,115680.53692820184,0.0,115680.53692820184,128080.9940866937,-9.681730882021732,0,0.0,REFERENCE,This test uses the supplied/current ticker universe and is not a survivorship-bias-free historical index-constituent study.
2025-05-13,T1_30D,115680.53692820184,0.0,115680.53692820184,128080.9940866937,-9.681730882021732,0,0.0,REFERENCE,This test uses the supplied/current ticker universe and is not a survivorship-bias-free historical index-constituent study.
2025-05-14,T1_30D,115680.53692820184,0.0,115680.53692820184,128080.9940866937,-9.681730882021732,0,0.0,REFERENCE,This test uses the supplied/current ticker universe and is not a survivorship-bias-free historical index-constituent study.
2025-05-15,T1_30D,115680.53692820184,0.0,115680.53692820184,128080.9940866937,-9.681730882021732,0,0.0,REFERENCE,This test uses the supplied/current ticker universe and is not a survivorship-bias-free historical index-constituent study.
2025-05-16,T1_30D,115680.53692820184,0.0,115680.53692820184,128080.9940866937,-9.681730882021732,0,0.0,REFERENCE,This test uses the supplied/current ticker universe and is not a survivorship-bias-free historical index-constituent study.
2025-05-19,T1_30D,115680.53692820184,0.0,115680.53692820184,128080.9940866937,-9.681730882021732,0,0.0,REFERENCE,This test uses the supplied/current ticker universe and is not a survivorship-bias-free historical index-constituent study.
2025-05-20,T1_30D,115680.53692820184,0.0,115680.53692820184,128080.9940866937,-9.681730882021732,0,0.0,REFERENCE,This test uses the supplied/current ticker universe and is not a survivorship-bias-free historical index-constituent study.
2025-05-21,T1_30D,115680.53692820184,0.0,115680.53692820184,128080.9940866937,-9.681730882021732,0,0.0,REFERENCE,This test uses the supplied/current ticker universe and is not a survivorship-bias-free historical index-constituent study.
2025-05-22,T1_30D,115680.53692820184,0.0,115680.53692820184,128080.9940866937,-9.681730882021732,0,0.0,REFERENCE,This test uses the supplied/current ticker universe and is not a survivorship-bias-free historical index-constituent study.
2025-05-23,T1_30D,115680.53692820184,0.0,115680.53692820184,128080.9940866937,-9.681730882021732,0,0.0,REFERENCE,This test uses the supplied/current ticker universe and is not a survivorship-bias-free historical index-constituent study.
2025-05-26,T1_30D,115680.53692820184,0.0,115680.53692820184,128080.9940866937,-9.681730882021732,0,0.0,REFERENCE,This test uses the supplied/current ticker universe and is not a survivorship-bias-free historical index-constituent study.
2025-05-27,T1_30D,115680.53692820184,0.0,115680.53692820184,128080.9940866937,-9.681730882021732,0,0.0,REFERENCE,This test uses the supplied/current ticker universe and is not a survivorship-bias-free historical index-constituent study.
2025-05-28,T1_30D,115680.53692820184,0.0,115680.53692820184,128080.9940866937,-9.681730882021732,0,0.0,REFERENCE,This test uses the supplied/current ticker universe and is not a survivorship-bias-free historical index-constituent study.
2025-05-29,T1_30D,115680.53692820184,0.0,115680.53692820184,128080.9940866937,-9.681730882021732,0,0.0,REFERENCE,This test uses the supplied/current ticker universe and is not a survivorship-bias-free historical index-constituent study.
2025-05-30,T1_30D,115680.53692820184,0.0,115680.53692820184,128080.9940866937,-9.681730882021732,0,0.0,REFERENCE,This test uses the supplied/current ticker universe and is not a survivorship-bias-free historical index-constituent study.
2025-06-02,T1_30D,115680.53692820184,0.0,115680.53692820184,128080.9940866937,-9.681730882021732,0,0.0,REFERENCE,This test uses the supplied/current ticker universe and is not a survivorship-bias-free historical index-constituent study.
2025-06-03,T1_30D,115680.53692820184,0.0,115680.53692820184,128080.9940866937,-9.681730882021732,0,0.0,REFERENCE,This test uses the supplied/current ticker universe and is not a survivorship-bias-free historical index-constituent study.
2025-06-04,T1_30D,115680.53692820184,0.0,115680.53692820184,128080.9940866937,-9.681730882021732,0,0.0,REFERENCE,This test uses the supplied/current ticker universe and is not a survivorship-bias-free historical index-constituent study.
2025-06-05,T1_30D,115680.53692820184,0.0,115680.53692820184,128080.9940866937,-9.681730882021732,0,0.0,REFERENCE,This test uses the supplied/current ticker universe and is not a survivorship-bias-free historical index-constituent study.
2025-06-06,T1_30D,115680.53692820184,0.0,115680.53692820184,128080.9940866937,-9.681730882021732,0,0.0,REFERENCE,This test uses the supplied/current ticker universe and is not a survivorship-bias-free historical index-constituent study.
2025-06-09,T1_30D,98235.80308567698,17286.661010742188,115522.46409641916,128080.9940866937,-9.80514718817227,1,-0.13664600457445886,REFERENCE,This test uses the supplied/current ticker universe and is not a survivorship-bias-free historical index-constituent study.
2025-06-10,T1_30D,98235.80308567698,17167.85815429688,115403.66123997385,128080.9940866937,-9.897903226874538,1,-0.10283961424694121,REFERENCE,This test uses the supplied/current ticker universe and is not a survivorship-bias-free historical index-constituent study.
2025-06-11,T1_30D,98235.80308567698,17037.699829101562,115273.50291477854,128080.9940866937,-9.999525115526664,1,-0.11278526503994968,REFERENCE,This test uses the supplied/current ticker universe and is not a survivorship-bias-free historical index-constituent study.
2025-06-12,T1_30D,98235.80308567698,16976.549926757812,115212.35301243479,128080.9940866937,-10.047268266475628,1,-0.053047665593153326,REFERENCE,This test uses the supplied/current ticker universe and is not a survivorship-bias-free historical index-constituent study.
2025-06-13,T1_30D,98235.80308567698,16751.17529296875,114986.97837864573,128080.9940866937,-10.223230855926268,1,-0.1956167267625708,REFERENCE,This test uses the supplied/current ticker universe and is not a survivorship-bias-free historical index-constituent study.
2025-06-16,T1_30D,98235.80308567698,16906.665893554688,115142.46897923166,128080.9940866937,-10.101830642182852,1,0.13522452957579478,REFERENCE,This test uses the supplied/current ticker universe and is not a survivorship-bias-free historical index-constituent study.
2025-06-17,T1_30D,98235.80308567698,16856.00024414062,115091.8033298176,128080.9940866937,-10.14138815012956,1,-0.04400257338862401,REFERENCE,This test uses the supplied/current ticker universe and is not a survivorship-bias-free historical index-constituent study.
2025-06-18,T1_30D,98235.80308567698,16893.563598632812,115129.36668430979,128080.9940866937,-10.11206033708435,1,0.0326377321454796,REFERENCE,This test uses the supplied/current ticker universe and is not a survivorship-bias-free historical index-constituent study.
2025-06-19,T1_30D,98235.80308567698,16905.79248046875,115141.59556614573,128080.9940866937,-10.102512564658683,1,0.01062186146603139,REFERENCE,This test uses the supplied/current ticker universe and is not a survivorship-bias-free historical index-constituent study.
2025-06-20,T1_30D,98235.80308567698,17162.61547851562,115398.4185641926,128080.9940866937,-9.901996477257736,1,0.22304971264648366,REFERENCE,This test uses the supplied/current ticker universe and is not a survivorship-bias-free historical index-constituent study.
2025-06-23,T1_30D,98235.80308567698,17020.227172851562,115256.03025852854,128080.9940866937,-10.013166996099654,1,-0.1233884375849148,REFERENCE,This test uses the supplied/current ticker universe and is not a survivorship-bias-free historical index-constituent study.
2025-06-24,T1_30D,98235.80308567698,17129.42138671875,115365.22447239573,128080.9940866937,-9.927912962395569,1,0.09474056465614833,REFERENCE,This test uses the supplied/current ticker universe and is not a survivorship-bias-free historical index-constituent study.
2025-06-25,T1_30D,98235.80308567698,17298.016479492188,115533.81956516916,128080.9940866937,-9.796281338222412,1,0.14614030661708188,REFERENCE,This test uses the supplied/current ticker universe and is not a survivorship-bias-free historical index-constituent study.
2025-06-26,T1_30D,98235.80308567698,17661.41235351562,115897.2154391926,128080.9940866937,-9.512557842308988,1,0.31453636293783394,REFERENCE,This test uses the supplied/current ticker universe and is not a survivorship-bias-free historical index-constituent study.
2025-06-27,T1_30D,90874.78001303205,25081.260620117188,115956.04063314924,128080.9940866937,-9.46662972129767,2,0.050756347970670745,REFERENCE,This test uses the supplied/current ticker universe and is not a survivorship-bias-free historical index-constituent study.
2025-06-30,T1_30D,90874.78001303205,25010.6162109375,115885.39622396955,128080.9940866937,-9.521785765083424,2,-0.0609234402916381,REFERENCE,This test uses the supplied/current ticker universe and is not a survivorship-bias-free historical index-constituent study.
2025-07-01,T1_30D,90874.78001303205,25124.70141601563,115999.48142904768,128080.9940866937,-9.43271306082185,2,0.09844657635518228,REFERENCE,This test uses the supplied/current ticker universe and is not a survivorship-bias-free historical index-constituent study.
2025-07-02,T1_30D,71678.64626679405,44236.458984375,115915.10525116905,128080.9940866937,-9.498590264914686,3,-0.07273840955076549,REFERENCE,This test uses the supplied/current ticker universe and is not a survivorship-bias-free historical index-constituent study.
2025-07-03,T1_30D,71678.64626679405,44317.756103515625,115996.40237030968,128080.9940866937,-9.43511705429485,3,0.0701350518247601,REFERENCE,This test uses the supplied/current ticker universe and is not a survivorship-bias-free historical index-constituent study.
2025-07-04,T1_30D,71678.64626679405,44598.12255859375,116276.7688253878,128080.9940866937,-9.216219272405091,3,0.24170271607482086,REFERENCE,This test uses the supplied/current ticker universe and is not a survivorship-bias-free historical index-constituent study.
2025-07-07,T1_30D,71678.64626679405,44616.546142578125,116295.19240937218,128080.9940866937,-9.201834949332222,3,0.01584459576102759,REFERENCE,This test uses the supplied/current ticker universe and is not a survivorship-bias-free historical index-constituent study.
2025-07-08,T1_30D,71678.64626679405,44274.13720703125,115952.7834738253,128080.9940866937,-9.46917276786532,3,-0.29443086034163235,REFERENCE,This test uses the supplied/current ticker universe and is not a survivorship-bias-free historical index-constituent study.
2025-07-09,T1_30D,71678.64626679405,44361.67858886719,116040.32485566124,128080.9940866937,-9.400824311905742,3,0.0754974388826879,REFERENCE,This test uses the supplied/current ticker universe and is not a survivorship-bias-free historical index-constituent study.
2025-07-10,T1_30D,71678.64626679405,43930.78381347656,115609.43008027061,128080.9940866937,-9.737247977620711,3,-0.3713319278678351,REFERENCE,This test uses the supplied/current ticker universe and is not a survivorship-bias-free historical index-constituent study.
2025-07-11,T1_30D,71678.64626679405,43420.740966796875,115099.38723359093,128080.9940866937,-10.135466972028617,3,-0.44117754609251936,REFERENCE,This test uses the supplied/current ticker universe and is not a survivorship-bias-free historical index-constituent study.
2025-07-14,T1_30D,78361.97672049874,36792.6572265625,115154.63394706124,128080.9940866937,-10.092332770998825,2,0.04799913778705811,REFERENCE,This test uses the supplied/current ticker universe and is not a survivorship-bias-free historical index-constituent study.
2025-07-15,T1_30D,78361.97672049874,36944.87646484375,115306.8531853425,128080.9940866937,-9.973486692884991,2,0.1321868109547708,REFERENCE,This test uses the supplied/current ticker universe and is not a survivorship-bias-free historical index-constituent study.
2025-07-16,T1_30D,78361.97672049874,36852.51208496094,115214.48880545968,128080.9940866937,-10.045600733333714,2,-0.08010311384905044,REFERENCE,This test uses the supplied/current ticker universe and is not a survivorship-bias-free historical index-constituent study.
2025-07-17,T1_30D,78361.97672049874,36444.75866699219,114806.73538749093,128080.9940866937,-10.36395664622799,2,-0.3539081084300455,REFERENCE,This test uses the supplied/current ticker universe and is not a survivorship-bias-free historical index-constituent study.
2025-07-18,T1_30D,114088.65487652991,0.0,114088.65487652991,128080.9940866937,-10.924602287746799,0,-0.625468974914567,REFERENCE,This test uses the supplied/current ticker universe and is not a survivorship-bias-free historical index-constituent study.
2025-07-21,T1_30D,114088.65487652991,0.0,114088.65487652991,128080.9940866937,-10.924602287746799,0,0.0,REFERENCE,This test uses the supplied/current ticker universe and is not a survivorship-bias-free historical index-constituent study.
2025-07-22,T1_30D,114088.65487652991,0.0,114088.65487652991,128080.9940866937,-10.924602287746799,0,0.0,REFERENCE,This test uses the supplied/current ticker universe and is not a survivorship-bias-free historical index-constituent study.
2025-07-23,T1_30D,114088.65487652991,0.0,114088.65487652991,128080.9940866937,-10.924602287746799,0,0.0,REFERENCE,This test uses the supplied/current ticker universe and is not a survivorship-bias-free historical index-constituent study.
2025-07-24,T1_30D,114088.65487652991,0.0,114088.65487652991,128080.9940866937,-10.924602287746799,0,0.0,REFERENCE,This test uses the supplied/current ticker universe and is not a survivorship-bias-free historical index-constituent study.
2025-07-25,T1_30D,114088.65487652991,0.0,114088.65487652991,128080.9940866937,-10.924602287746799,0,0.0,REFERENCE,This test uses the supplied/current ticker universe and is not a survivorship-bias-free historical index-constituent study.
2025-07-28,T1_30D,57833.866519911855,56184.21179199219,114018.07831190404,128080.9940866937,-10.979705361492542,2,-0.06186115937841796,REFERENCE,This test uses the supplied/current ticker universe and is not a survivorship-bias-free historical index-constituent study.
2025-07-29,T1_30D,57833.866519911855,56396.12976074219,114229.99628065404,128080.9940866937,-10.814249143525833,2,0.18586348050024792,REFERENCE,This test uses the supplied/current ticker universe and is not a survivorship-bias-free historical index-constituent study.
2025-07-30,T1_30D,57833.866519911855,56289.416015625,114123.28253553685,128080.9940866937,-10.897566536460001,2,-0.09342007230307425,REFERENCE,This test uses the supplied/current ticker universe and is not a survivorship-bias-free historical index-constituent study.
2025-07-31,T1_30D,87658.08671662856,27385.62225341797,115043.70897004653,128080.9940866937,-10.178938108352487,1,0.8065194183518809,REFERENCE,This test uses the supplied/current ticker universe and is not a survivorship-bias-free historical index-constituent study.
2025-08-01,T1_30D,87658.08671662856,27297.953491210938,114956.0402078395,128080.9940866937,-10.247386017296488,1,-0.07620474252082454,REFERENCE,This test uses the supplied/current ticker universe and is not a survivorship-bias-free historical index-constituent study.
2025-08-04,T1_30D,114749.88808285694,0.0,114749.88808285694,128080.9940866937,-10.408340518354642,0,-0.17933126837862412,REFERENCE,This test uses the supplied/current ticker universe and is not a survivorship-bias-free historical index-constituent study.
2025-08-05,T1_30D,114749.88808285694,0.0,114749.88808285694,128080.9940866937,-10.408340518354642,0,0.0,REFERENCE,This test uses the supplied/current ticker universe and is not a survivorship-bias-free historical index-constituent study.
2025-08-06,T1_30D,86335.672696031,28411.40625,114747.078946031,128080.9940866937,-10.410533768685005,1,-0.0024480519091318875,REFERENCE,This test uses the supplied/current ticker universe and is not a survivorship-bias-free historical index-constituent study.
2025-08-07,T1_30D,86335.672696031,28346.4599609375,114682.1326569685,128080.9940866937,-10.461240971206042,1,-0.05659951404344277,REFERENCE,This test uses the supplied/current ticker universe and is not a survivorship-bias-free historical index-constituent study.
2025-08-08,T1_30D,71503.43757767751,42984.759765625,114488.19734330251,128080.9940866937,-10.612657123968505,2,-0.16910682525069776,REFERENCE,This test uses the supplied/current ticker universe and is not a survivorship-bias-free historical index-constituent study.
2025-08-11,T1_30D,43319.40667071051,71580.61669921875,114900.02336992926,128080.9940866937,-10.291121497575729,3,0.35971046464453593,REFERENCE,This test uses the supplied/current ticker universe and is not a survivorship-bias-free historical index-constituent study.
2025-08-12,T1_30D,43319.40667071051,70938.72875976562,114258.13543047613,128080.9940866937,-10.792279334482158,3,-0.5586490939053279,REFERENCE,This test uses the supplied/current ticker universe and is not a survivorship-bias-free historical index-constituent study.
2025-08-13,T1_30D,43319.40667071051,71129.86853027344,114449.27520098395,128080.9940866937,-10.643045818712881,3,0.16728766821521024,REFERENCE,This test uses the supplied/current ticker universe and is not a survivorship-bias-free historical index-constituent study.
2025-08-14,T1_30D,43319.40667071051,71327.38232421875,114646.78899492926,128080.9940866937,-10.488835746130508,3,0.17257758391082678,REFERENCE,This test uses the supplied/current ticker universe and is not a survivorship-bias-free historical index-constituent study.
2025-08-18,T1_30D,43319.40667071051,72166.12145996094,115485.52813067145,128080.9940866937,-9.833985163713521,3,0.7315853702446695,REFERENCE,This test uses the supplied/current ticker universe and is not a survivorship-bias-free historical index-constituent study.
2025-08-19,T1_30D,43319.40667071051,72237.81884765625,115557.22551836676,128080.9940866937,-9.778007000671796,3,0.062083439246340966,REFERENCE,This test uses the supplied/current ticker universe and is not a survivorship-bias-free historical index-constituent study.
2025-08-20,T1_30D,43319.40667071051,72466.46765136719,115785.8743220777,128080.9940866937,-9.599488083527719,3,0.1978662975727019,REFERENCE,This test uses the supplied/current ticker universe and is not a survivorship-bias-free historical index-constituent study.
2025-08-21,T1_30D,43319.40667071051,72686.21179199219,116005.6184627027,128080.9940866937,-9.427921535194816,3,0.1897849300802834,REFERENCE,This test uses the supplied/current ticker universe and is not a survivorship-bias-free historical index-constituent study.
2025-08-22,T1_30D,43319.40667071051,72009.72534179688,115329.13201250738,128080.9940866937,-9.956092365706503,3,-0.5831497294355725,REFERENCE,This test uses the supplied/current ticker universe and is not a survivorship-bias-free historical index-constituent study.
2025-08-25,T1_30D,43319.40667071051,71949.14520263672,115268.55187334723,128080.9940866937,-10.003390670651857,3,-0.052528045692379344,REFERENCE,This test uses the supplied/current ticker universe and is not a survivorship-bias-free historical index-constituent study.
2025-08-26,T1_30D,70913.16410415349,43963.33203125,114876.49613540349,128080.9940866937,-10.309490526246645,2,-0.3401237645238364,REFERENCE,This test uses the supplied/current ticker universe and is not a survivorship-bias-free historical index-constituent study.
2025-08-28,T1_30D,114931.53569822884,0.0,114931.53569822884,128080.9940866937,-10.266518059318342,0,0.047911944285350394,REFERENCE,This test uses the supplied/current ticker universe and is not a survivorship-bias-free historical index-constituent study.
2025-08-29,T1_30D,114931.53569822884,0.0,114931.53569822884,128080.9940866937,-10.266518059318342,0,0.0,REFERENCE,This test uses the supplied/current ticker universe and is not a survivorship-bias-free historical index-constituent study.
2025-09-01,T1_30D,114931.53569822884,0.0,114931.53569822884,128080.9940866937,-10.266518059318342,0,0.0,REFERENCE,This test uses the supplied/current ticker universe and is not a survivorship-bias-free historical index-constituent study.
2025-09-02,T1_30D,114931.53569822884,0.0,114931.53569822884,128080.9940866937,-10.266518059318342,0,0.0,REFERENCE,This test uses the supplied/current ticker universe and is not a survivorship-bias-free historical index-constituent study.
2025-09-03,T1_30D,114931.53569822884,0.0,114931.53569822884,128080.9940866937,-10.266518059318342,0,0.0,REFERENCE,This test uses the supplied/current ticker universe and is not a survivorship-bias-free historical index-constituent study.
2025-09-04,T1_30D,114931.53569822884,0.0,114931.53569822884,128080.9940866937,-10.266518059318342,0,0.0,REFERENCE,This test uses the supplied/current ticker universe and is not a survivorship-bias-free historical index-constituent study.
2025-09-05,T1_30D,114931.53569822884,0.0,114931.53569822884,128080.9940866937,-10.266518059318342,0,0.0,REFERENCE,This test uses the supplied/current ticker universe and is not a survivorship-bias-free historical index-constituent study.
2025-09-08,T1_30D,114931.53569822884,0.0,114931.53569822884,128080.9940866937,-10.266518059318342,0,0.0,REFERENCE,This test uses the supplied/current ticker universe and is not a survivorship-bias-free historical index-constituent study.
2025-09-09,T1_30D,114931.53569822884,0.0,114931.53569822884,128080.9940866937,-10.266518059318342,0,0.0,REFERENCE,This test uses the supplied/current ticker universe and is not a survivorship-bias-free historical index-constituent study.
2025-09-10,T1_30D,114931.53569822884,0.0,114931.53569822884,128080.9940866937,-10.266518059318342,0,0.0,REFERENCE,This test uses the supplied/current ticker universe and is not a survivorship-bias-free historical index-constituent study.
2025-09-11,T1_30D,114931.53569822884,0.0,114931.53569822884,128080.9940866937,-10.266518059318342,0,0.0,REFERENCE,This test uses the supplied/current ticker universe and is not a survivorship-bias-free historical index-constituent study.
2025-09-12,T1_30D,86323.12873327383,28481.7421875,114804.87092077383,128080.9940866937,-10.365412339736924,1,-0.11020889670141365,REFERENCE,This test uses the supplied/current ticker universe and is not a survivorship-bias-free historical index-constituent study.
2025-09-15,T1_30D,58414.72763142758,56066.247802734375,114480.97543416196,128080.9940866937,-10.618295672600997,2,-0.28212695507962016,REFERENCE,This test uses the supplied/current ticker universe and is not a survivorship-bias-free historical index-constituent study.
2025-09-16,T1_30D,58414.72763142758,56246.174072265625,114660.9017036932,128080.9940866937,-10.47781716459577,2,0.15716696057916923,REFERENCE,This test uses the supplied/current ticker universe and is not a survivorship-bias-free historical index-constituent study.
2025-09-17,T1_30D,58414.72763142758,55855.647705078125,114270.3753365057,128080.9940866937,-10.782722954851565,2,-0.34059244379283093,REFERENCE,This test uses the supplied/current ticker universe and is not a survivorship-bias-free historical index-constituent study.
2025-09-18,T1_30D,58414.72763142758,55947.109619140625,114361.8372505682,128080.9940866937,-10.711313519974286,2,0.08003991742668859,REFERENCE,This test uses the supplied/current ticker universe and is not a survivorship-bias-free historical index-constituent study.
2025-09-19,T1_30D,86287.19984091898,27654.706298828125,113941.90613974711,128080.9940866937,-11.039177239190002,1,-0.3671951421181041,REFERENCE,This test uses the supplied/current ticker universe and is not a survivorship-bias-free historical index-constituent study.
2025-09-22,T1_30D,86287.19984091898,27790.836669921875,114078.03651084086,128080.9940866937,-10.932892640085779,1,0.11947348934708835,REFERENCE,This test uses the supplied/current ticker universe and is not a survivorship-bias-free historical index-constituent study.
2025-09-23,T1_30D,86287.19984091898,27250.6201171875,113537.81995810648,128080.9940866937,-11.354669935449934,1,-0.4735500094998901,REFERENCE,This test uses the supplied/current ticker universe and is not a survivorship-bias-free historical index-constituent study.
2025-09-24,T1_30D,86287.19984091898,27545.581787109375,113832.78162802836,128080.9940866937,-11.124376852525996,1,0.2597915567083442,REFERENCE,This test uses the supplied/current ticker universe and is not a survivorship-bias-free historical index-constituent study.
2025-09-25,T1_30D,86287.19984091898,27424.571044921875,113711.77088584086,128080.9940866937,-11.218856711189174,1,-0.10630570601615208,REFERENCE,This test uses the supplied/current ticker universe and is not a survivorship-bias-free historical index-constituent study.
2025-09-26,T1_30D,113296.11365690474,0.0,113296.11365690474,128080.9940866937,-11.543383571634036,0,-0.3655357978317064,REFERENCE,This test uses the supplied/current ticker universe and is not a survivorship-bias-free historical index-constituent study.
2025-09-29,T1_30D,98473.93165041946,14610.8896484375,113084.82129885696,128080.9940866937,-11.708351340313872,1,-0.18649568041463338,REFERENCE,This test uses the supplied/current ticker universe and is not a survivorship-bias-free historical index-constituent study.
2025-09-30,T1_30D,98473.93165041946,14494.427734375,112968.35938479446,128080.9940866937,-11.799279674289542,1,-0.10298633603065266,REFERENCE,This test uses the supplied/current ticker universe and is not a survivorship-bias-free historical index-constituent study.
2025-10-01,T1_30D,98473.93165041946,14539.1904296875,113013.12208010696,128080.9940866937,-11.764330932962475,1,0.039624099664958834,REFERENCE,This test uses the supplied/current ticker universe and is not a survivorship-bias-free historical index-constituent study.
2025-10-03,T1_30D,98473.93165041946,14787.9609375,113261.89258791946,128080.9940866937,-11.570101875336547,1,0.22012532990298705,REFERENCE,This test uses the supplied/current ticker universe and is not a survivorship-bias-free historical index-constituent study.
2025-10-06,T1_30D,98473.93165041946,14803.41015625,113277.34180666946,128080.9940866937,-11.558039805659337,1,0.013640261871850079,REFERENCE,This test uses the supplied/current ticker universe and is not a survivorship-bias-free historical index-constituent study.
2025-10-07,T1_30D,98473.93165041946,14774.4921875,113248.42383791946,128080.9940866937,-11.580617682225803,1,-0.025528466936797223,REFERENCE,This test uses the supplied/current ticker universe and is not a survivorship-bias-free historical index-constituent study.
2025-10-08,T1_30D,98473.93165041946,14774.888671875,113248.82032229446,128080.9940866937,-11.580308124685413,1,0.00035010145091884937,REFERENCE,This test uses the supplied/current ticker universe and is not a survivorship-bias-free historical index-constituent study.
2025-10-09,T1_30D,98473.93165041946,14930.9638671875,113404.89551760696,128080.9940866937,-11.458451485122756,1,0.13781617757104847,REFERENCE,This test uses the supplied/current ticker universe and is not a survivorship-bias-free historical index-constituent study.
2025-10-10,T1_30D,98473.93165041946,14989.5908203125,113463.52247073196,128080.9940866937,-11.41267814182303,1,0.05169702141818444,REFERENCE,This test uses the supplied/current ticker universe and is not a survivorship-bias-free historical index-constituent study.
2025-10-13,T1_30D,98473.93165041946,14932.15234375,113406.08399416946,128080.9940866937,-11.457523574958584,1,-0.050622856854565246,REFERENCE,This test uses the supplied/current ticker universe and is not a survivorship-bias-free historical index-constituent study.
2025-10-14,T1_30D,98473.93165041946,14832.3271484375,113306.25879885696,128080.9940866937,-11.535462691549858,1,-0.0880245501798882,REFERENCE,This test uses the supplied/current ticker universe and is not a survivorship-bias-free historical index-constituent study.
2025-10-15,T1_30D,98473.93165041946,15166.6611328125,113640.59278323196,128080.9940866937,-11.274429439302692,1,0.29507106484605305,REFERENCE,This test uses the supplied/current ticker universe and is not a survivorship-bias-free historical index-constituent study.
2025-10-16,T1_30D,98473.93165041946,15297.78125,113771.71290041946,128080.9940866937,-11.172056625816607,1,0.11538140903366578,REFERENCE,This test uses the supplied/current ticker universe and is not a survivorship-bias-free historical index-constituent study.
2025-10-17,T1_30D,98473.93165041946,15209.0478515625,113682.97950198196,128080.9940866937,-11.24133575584697,1,-0.07799249582817191,REFERENCE,This test uses the supplied/current ticker universe and is not a survivorship-bias-free historical index-constituent study.
2025-10-20,T1_30D,98473.93165041946,15340.958984375,113814.89063479446,128080.9940866937,-11.13834535219409,1,0.11603419737094,REFERENCE,This test uses the supplied/current ticker universe and is not a survivorship-bias-free historical index-constituent study.
2025-10-21,T1_30D,98473.93165041946,15402.359375,113876.29102541946,128080.9940866937,-11.09040663102564,1,0.05394759005832306,REFERENCE,This test uses the supplied/current ticker universe and is not a survivorship-bias-free historical index-constituent study.
2025-10-23,T1_30D,98473.93165041946,15523.1796875,113997.11133791946,128080.9940866937,-10.996075451476695,1,0.10609786410502586,REFERENCE,This test uses the supplied/current ticker universe and is not a survivorship-bias-free historical index-constituent study.
2025-10-24,T1_30D,98473.93165041946,15468.5126953125,113942.44434573196,128080.9940866937,-11.038757031657509,1,-0.0479547170502026,REFERENCE,This test uses the supplied/current ticker universe and is not a survivorship-bias-free historical index-constituent study.
2025-10-27,T1_30D,98473.93165041946,15543.3828125,114017.31446291946,128080.9940866937,-10.980301741142807,1,0.06570871602535888,REFERENCE,This test uses the supplied/current ticker universe and is not a survivorship-bias-free historical index-constituent study.
2025-10-28,T1_30D,98473.93165041946,15737.486328125,114211.41797854446,128080.9940866937,-10.828754263697693,1,0.17024038545314646,REFERENCE,This test uses the supplied/current ticker universe and is not a survivorship-bias-free historical index-constituent study.
2025-10-29,T1_30D,98473.93165041946,15679.255859375,114153.18750979446,128080.9940866937,-10.87421804945703,1,-0.050984805005171996,REFERENCE,This test uses the supplied/current ticker universe and is not a survivorship-bias-free historical index-constituent study.
2025-10-30,T1_30D,98473.93165041946,15795.7177734375,114269.64942385696,128080.9940866937,-10.78328971548137,1,0.1020224810214021,REFERENCE,This test uses the supplied/current ticker universe and is not a survivorship-bias-free historical index-constituent study.
2025-10-31,T1_30D,70376.98486230173,44133.48944091797,114510.4743032197,128080.9940866937,-10.595264254654813,2,0.21075139424771017,REFERENCE,This test uses the supplied/current ticker universe and is not a survivorship-bias-free historical index-constituent study.
2025-11-03,T1_30D,70376.98486230173,44086.467041015625,114463.45190331736,128080.9940866937,-10.631977273817128,2,-0.04106384170396993,REFERENCE,This test uses the supplied/current ticker universe and is not a survivorship-bias-free historical index-constituent study.
2025-11-04,T1_30D,70376.98486230173,43653.12908935547,114030.1139516572,128080.9940866937,-10.970308463975487,2,-0.3785819355038966,REFERENCE,This test uses the supplied/current ticker universe and is not a survivorship-bias-free historical index-constituent study.
2025-11-06,T1_30D,70376.98486230173,43466.47003173828,113843.45489404001,128080.9940866937,-11.116043636432716,2,-0.16369277478431865,REFERENCE,This test uses the supplied/current ticker universe and is not a survivorship-bias-free historical index-constituent study.
2025-11-07,T1_30D,70376.98486230173,43402.991455078125,113779.97631737986,128080.9940866937,-11.165604913742289,2,-0.05575953112038068,REFERENCE,This test uses the supplied/current ticker universe and is not a survivorship-bias-free historical index-constituent study.
2025-11-10,T1_30D,70376.98486230173,43608.36199951172,113985.34686181345,128080.9940866937,-11.005260636359038,2,0.18049796728796252,REFERENCE,This test uses the supplied/current ticker universe and is not a survivorship-bias-free historical index-constituent study.
2025-11-11,T1_30D,70376.98486230173,43958.350830078125,114335.33569237986,128080.9940866937,-10.732004769583426,2,0.307047212823508,REFERENCE,This test uses the supplied/current ticker universe and is not a survivorship-bias-free historical index-constituent study.
2025-11-12,T1_30D,86026.7140130244,28228.61486816406,114255.32888118846,128080.9940866937,-10.794470564576597,1,-0.06997557728493087,REFERENCE,This test uses the supplied/current ticker universe and is not a survivorship-bias-free historical index-constituent study.
2025-11-13,T1_30D,86026.7140130244,28147.310791015625,114174.02480404002,128080.9940866937,-10.857949207702521,1,-0.07115998697354575,REFERENCE,This test uses the supplied/current ticker universe and is not a survivorship-bias-free historical index-constituent study.
2025-11-14,T1_30D,86026.7140130244,28231.466369628906,114258.1803826533,128080.9940866937,-10.792244237801752,1,0.07370816502065836,REFERENCE,This test uses the supplied/current ticker universe and is not a survivorship-bias-free historical index-constituent study.
2025-11-17,T1_30D,86026.7140130244,28429.736877441406,114456.4508904658,128080.9940866937,-10.63744335635458,1,0.17352850110905482,REFERENCE,This test uses the supplied/current ticker universe and is not a survivorship-bias-free historical index-constituent study.
2025-11-18,T1_30D,86026.7140130244,28312.772216796875,114339.48622982127,128080.9940866937,-10.728764212722508,1,-0.10219140968862339,REFERENCE,This test uses the supplied/current ticker universe and is not a survivorship-bias-free historical index-constituent study.
2025-11-19,T1_30D,86026.7140130244,28374.10693359375,114400.82094661814,128080.9940866937,-10.68087676678704,1,0.053642638094064665,REFERENCE,This test uses the supplied/current ticker universe and is not a survivorship-bias-free historical index-constituent study.
2025-11-20,T1_30D,86026.7140130244,28780.63439941406,114807.34841243846,128080.9940866937,-10.363478023344165,1,0.35535362636078816,REFERENCE,This test uses the supplied/current ticker universe and is not a survivorship-bias-free historical index-constituent study.
2025-11-21,T1_30D,86026.7140130244,28472.53063964844,114499.24465267283,128080.9940866937,-10.604031871292186,1,-0.26836588774682424,REFERENCE,This test uses the supplied/current ticker universe and is not a survivorship-bias-free historical index-constituent study.
2025-11-24,T1_30D,86026.7140130244,28503.91131591797,114530.62532894236,128080.9940866937,-10.579531221142414,1,0.027406884966563183,REFERENCE,This test uses the supplied/current ticker universe and is not a survivorship-bias-free historical index-constituent study.
2025-11-25,T1_30D,86026.7140130244,28237.172912597656,114263.88692562205,128080.9940866937,-10.787788820345433,1,-0.23289701121792517,REFERENCE,This test uses the supplied/current ticker universe and is not a survivorship-bias-free historical index-constituent study.
2025-11-26,T1_30D,86026.7140130244,28639.420471191406,114666.1344842158,128080.9940866937,-10.473731639994789,1,0.3520338485033303,REFERENCE,This test uses the supplied/current ticker universe and is not a survivorship-bias-free historical index-constituent study.
2025-11-27,T1_30D,86026.7140130244,28799.17712402344,114825.89113704783,128080.9940866937,-10.349000680517772,1,0.13932330897055145,REFERENCE,This test uses the supplied/current ticker universe and is not a survivorship-bias-free historical index-constituent study.
2025-11-28,T1_30D,86026.7140130244,28744.97381591797,114771.68782894236,128080.9940866937,-10.391320236586166,1,-0.04720477896468234,REFERENCE,This test uses the supplied/current ticker universe and is not a survivorship-bias-free historical index-constituent study.
2025-12-01,T1_30D,86026.7140130244,28588.06866455078,114614.78267757517,128080.9940866937,-10.513824869288335,1,-0.13671067694067673,REFERENCE,This test uses the supplied/current ticker universe and is not a survivorship-bias-free historical index-constituent study.
2025-12-02,T1_30D,86026.7140130244,28237.172912597656,114263.88692562205,128080.9940866937,-10.787788820345433,1,-0.3061522639189018,REFERENCE,This test uses the supplied/current ticker universe and is not a survivorship-bias-free historical index-constituent study.
2025-12-03,T1_30D,86026.7140130244,28542.423400878906,114569.1374139033,128080.9940866937,-10.549462681125565,1,0.2671451991476115,REFERENCE,This test uses the supplied/current ticker universe and is not a survivorship-bias-free historical index-constituent study.
2025-12-04,T1_30D,58353.08892933135,56063.75134277344,114416.84027210479,128080.9940866937,-10.668369582875115,2,-0.13293033816629274,REFERENCE,This test uses the supplied/current ticker universe and is not a survivorship-bias-free historical index-constituent study.
2025-12-05,T1_30D,58353.08892933135,56616.27502441406,114969.36395374541,128080.9940866937,-10.236983423218483,2,0.48290416019758364,REFERENCE,This test uses the supplied/current ticker universe and is not a survivorship-bias-free historical index-constituent study.
2025-12-08,T1_30D,58353.08892933135,56322.87805175781,114675.96698108916,128080.9940866937,-10.466054859420538,2,-0.25519578656997277,REFERENCE,This test uses the supplied/current ticker universe and is not a survivorship-bias-free historical index-constituent study.
2025-12-09,T1_30D,58353.08892933135,56157.25744628906,114510.34637562041,128080.9940866937,-10.595364134890906,2,-0.14442486061273518,REFERENCE,This test uses the supplied/current ticker universe and is not a survivorship-bias-free historical index-constituent study.
2025-12-10,T1_30D,30166.116683229753,84215.45294189453,114381.56962512428,128080.9940866937,-10.695907350857025,3,-0.11245861581251626,REFERENCE,This test uses the supplied/current ticker universe and is not a survivorship-bias-free historical index-constituent study.
2025-12-11,T1_30D,30166.116683229753,84946.40148925781,115112.51817248756,128080.9940866937,-10.125214913172996,3,0.6390439908797285,REFERENCE,This test uses the supplied/current ticker universe and is not a survivorship-bias-free historical index-constituent study.
2025-12-12,T1_30D,58708.50544907581,56679.11669921875,115387.62214829455,128080.9940866937,-9.91042584335926,2,0.238987019113579,REFERENCE,This test uses the supplied/current ticker universe and is not a survivorship-bias-free historical index-constituent study.
2025-12-15,T1_30D,58708.50544907581,56862.3623046875,115570.8677537633,128080.9940866937,-9.767355744024531,2,0.158808719737058,REFERENCE,This test uses the supplied/current ticker universe and is not a survivorship-bias-free historical index-constituent study.
2025-12-16,T1_30D,58708.50544907581,56414.280029296875,115122.78547837268,128080.9940866937,-10.117198652869641,2,-0.3877121320446597,REFERENCE,This test uses the supplied/current ticker universe and is not a survivorship-bias-free historical index-constituent study.
2025-12-17,T1_30D,58708.50544907581,56588.492919921875,115296.99836899768,128080.9940866937,-9.981180899519693,2,0.15132789734115804,REFERENCE,This test uses the supplied/current ticker universe and is not a survivorship-bias-free historical index-constituent study.
2025-12-18,T1_30D,86221.90260310861,27944.753662109375,114166.65626521799,128080.9940866937,-10.863702238333317,1,-0.9803742679944993,REFERENCE,This test uses the supplied/current ticker universe and is not a survivorship-bias-free historical index-constituent study.
2025-12-19,T1_30D,86221.90260310861,28238.681884765625,114460.58448787424,128080.9940866937,-10.634216025525433,1,0.2574554009652674,REFERENCE,This test uses the supplied/current ticker universe and is not a survivorship-bias-free historical index-constituent study.
2025-12-22,T1_30D,86221.90260310861,28231.056396484375,114452.95899959299,128080.9940866937,-10.640169670978938,1,-0.006662108458876936,REFERENCE,This test uses the supplied/current ticker universe and is not a survivorship-bias-free historical index-constituent study.
2025-12-23,T1_30D,86221.90260310861,28136.778564453125,114358.68116756174,128080.9940866937,-10.71377765060426,1,-0.08237255974447022,REFERENCE,This test uses the supplied/current ticker universe and is not a survivorship-bias-free historical index-constituent study.
2025-12-24,T1_30D,86221.90260310861,28100.73095703125,114322.63356013986,128080.9940866937,-10.741922035084507,1,-0.031521531250489065,REFERENCE,This test uses the supplied/current ticker universe and is not a survivorship-bias-free historical index-constituent study.
2025-12-26,T1_30D,86221.90260310861,28057.05615234375,114278.95875545236,128080.9940866937,-10.776021399318003,1,-0.038203112828505414,REFERENCE,This test uses the supplied/current ticker universe and is not a survivorship-bias-free historical index-constituent study.
2025-12-29,T1_30D,86221.90260310861,27997.438232421875,114219.34083553049,128080.9940866937,-10.822568445854442,1,-0.05216876367367673,REFERENCE,This test uses the supplied/current ticker universe and is not a survivorship-bias-free historical index-constituent study.
2025-12-30,T1_30D,57886.76350120231,56125.683837890625,114012.44733909293,128080.9940866937,-10.984101777097576,2,-0.18113700790435283,REFERENCE,This test uses the supplied/current ticker universe and is not a survivorship-bias-free historical index-constituent study.
2025-12-31,T1_30D,30886.468812873987,83364.78112792969,114251.24994080368,128080.9940866937,-10.797655221608549,3,0.20945309681890123,REFERENCE,This test uses the supplied/current ticker universe and is not a survivorship-bias-free historical index-constituent study.
2026-01-01,T1_30D,59557.45570839384,55490.79577636719,115048.25148476103,128080.9940866937,-10.17539151289788,2,0.6975867173184547,REFERENCE,This test uses the supplied/current ticker universe and is not a survivorship-bias-free historical index-constituent study.
2026-01-02,T1_30D,59557.45570839384,55766.11755371094,115323.57326210478,128080.9940866937,-9.960432393235374,2,0.2393098319970699,REFERENCE,This test uses the supplied/current ticker universe and is not a survivorship-bias-free historical index-constituent study.
2026-01-05,T1_30D,87102.5509405591,26730.370849609375,113832.92179016848,128080.9940866937,-11.124267420099176,1,-1.2925817591069477,REFERENCE,This test uses the supplied/current ticker universe and is not a survivorship-bias-free historical index-constituent study.
2026-01-06,T1_30D,87102.5509405591,26826.881958007812,113929.43289856691,128080.9940866937,-11.048915796631054,1,0.0847831250227804,REFERENCE,This test uses the supplied/current ticker universe and is not a survivorship-bias-free historical index-constituent study.
2026-01-07,T1_30D,87102.5509405591,27272.833129882812,114375.38407044191,128080.9940866937,-10.700736759565533,1,0.3914275359134356,REFERENCE,This test uses the supplied/current ticker universe and is not a survivorship-bias-free historical index-constituent study.
2026-01-08,T1_30D,87102.5509405591,26845.187255859375,113947.73819641848,128080.9940866937,-11.034623826161827,1,-0.3738967763903256,REFERENCE,This test uses the supplied/current ticker universe and is not a survivorship-bias-free historical index-constituent study.
2026-01-09,T1_30D,87102.5509405591,26858.49755859375,113961.04849915285,128080.9940866937,-11.024231727920174,1,0.011681059181212206,REFERENCE,This test uses the supplied/current ticker universe and is not a survivorship-bias-free historical index-constituent study.
2026-01-12,T1_30D,87102.5509405591,26555.65185546875,113658.20279602785,128080.9940866937,-11.260680316787319,1,-0.26574492522964954,REFERENCE,This test uses the supplied/current ticker universe and is not a survivorship-bias-free historical index-constituent study.
2026-01-13,T1_30D,87102.5509405591,26607.234985351562,113709.78592591066,128080.9940866937,-11.220406480492839,1,0.04538443210770904,REFERENCE,This test uses the supplied/current ticker universe and is not a survivorship-bias-free historical index-constituent study.
2026-01-14,T1_30D,87102.5509405591,26620.54736328125,113723.09830384035,128080.9940866937,-11.210012762030075,1,0.011707328284260576,REFERENCE,This test uses the supplied/current ticker universe and is not a survivorship-bias-free historical index-constituent study.
2026-01-15,T1_30D,87102.5509405591,26620.54736328125,113723.09830384035,128080.9940866937,-11.210012762030075,1,0.0,REFERENCE,This test uses the supplied/current ticker universe and is not a survivorship-bias-free historical index-constituent study.
2026-01-16,T1_30D,115249.09866883795,0.0,115249.09866883795,128080.9940866937,-10.018578876090134,0,1.34185612928035,REFERENCE,This test uses the supplied/current ticker universe and is not a survivorship-bias-free historical index-constituent study.
2026-01-19,T1_30D,105343.6110221185,10005.15234375,115348.7633658685,128080.9940866937,-9.940765069489688,1,0.08647763685938337,REFERENCE,This test uses the supplied/current ticker universe and is not a survivorship-bias-free historical index-constituent study.
2026-01-20,T1_30D,105343.6110221185,9833.232421875,115176.8434439935,128080.9940866937,-10.074992573812958,1,-0.1490435760717279,REFERENCE,This test uses the supplied/current ticker universe and is not a survivorship-bias-free historical index-constituent study.
2026-01-21,T1_30D,105343.6110221185,9805.25830078125,115148.86932289974,128080.9940866937,-10.096833535692761,1,-0.024287973395753504,REFERENCE,This test uses the supplied/current ticker universe and is not a survivorship-bias-free historical index-constituent study.
2026-01-22,T1_30D,105343.6110221185,9925.31103515625,115268.92205727474,128080.9940866937,-10.003101647342694,1,0.10425871750276983,REFERENCE,This test uses the supplied/current ticker universe and is not a survivorship-bias-free historical index-constituent study.
2026-01-23,T1_30D,105343.6110221185,9948.03955078125,115291.65057289974,128080.9940866937,-9.985356223217067,1,0.019717817447539865,REFERENCE,This test uses the supplied/current ticker universe and is not a survivorship-bias-free historical index-constituent study.
2026-01-27,T1_30D,105343.6110221185,10024.9658203125,115368.576842431,128080.9940866937,-9.925295579497217,1,0.06672319213836264,REFERENCE,This test uses the supplied/current ticker universe and is not a survivorship-bias-free historical index-constituent study.
2026-01-28,T1_30D,105343.6110221185,10079.747314453125,115423.35833657162,128080.9940866937,-9.88252460123361,1,0.047483895216493544,REFERENCE,This test uses the supplied/current ticker universe and is not a survivorship-bias-free historical index-constituent study.
2026-01-29,T1_30D,105343.6110221185,10033.125,115376.7360221185,128080.9940866937,-9.918925251295374,1,-0.04039244319782309,REFERENCE,This test uses the supplied/current ticker universe and is not a survivorship-bias-free historical index-constituent study.
2026-01-30,T1_30D,105343.6110221185,9881.602294921875,115225.21331704037,128080.9940866937,-10.037227506956793,1,-0.1313286458797691,REFERENCE,This test uses the supplied/current ticker universe and is not a survivorship-bias-free historical index-constituent study.
2026-02-02,T1_30D,105343.6110221185,9772.0400390625,115115.651061181,128080.9940866937,-10.122768891641254,1,-0.09508531397369735,REFERENCE,This test uses the supplied/current ticker universe and is not a survivorship-bias-free historical index-constituent study.
2026-02-03,T1_30D,105343.6110221185,9879.854736328125,115223.46575844662,128080.9940866937,-10.038591923751195,1,0.09365772270908401,REFERENCE,This test uses the supplied/current ticker universe and is not a survivorship-bias-free historical index-constituent study.
2026-02-04,T1_30D,105343.6110221185,9451.512451171875,114795.12347329037,128080.9940866937,-10.373022717492786,1,-0.37174917655594664,REFERENCE,This test uses the supplied/current ticker universe and is not a survivorship-bias-free historical index-constituent study.
2026-02-05,T1_30D,105343.6110221185,9382.743896484375,114726.35491860287,128080.9940866937,-10.426714176696294,1,-0.05990546689337295,REFERENCE,This test uses the supplied/current ticker universe and is not a survivorship-bias-free historical index-constituent study.
2026-02-06,T1_30D,105343.6110221185,9287.750244140625,114631.36126625912,128080.9940866937,-10.500881037299703,1,-0.08280020088771156,REFERENCE,This test uses the supplied/current ticker universe and is not a survivorship-bias-free historical index-constituent study.
2026-02-09,T1_30D,105343.6110221185,9336.12158203125,114679.73260414974,128080.9940866937,-10.463114826758058,1,0.04219729867664945,REFERENCE,This test uses the supplied/current ticker universe and is not a survivorship-bias-free historical index-constituent study.
2026-02-10,T1_30D,105343.6110221185,9167.6982421875,114511.309264306,128080.9940866937,-10.594612353807031,1,-0.1468640848903191,REFERENCE,This test uses the supplied/current ticker universe and is not a survivorship-bias-free historical index-constituent study.
2026-02-11,T1_30D,114431.07054245695,0.0,114431.07054245695,128080.9940866937,-10.65725921442925,0,-0.07007056540052625,REFERENCE,This test uses the supplied/current ticker universe and is not a survivorship-bias-free historical index-constituent study.
2026-02-12,T1_30D,114431.07054245695,0.0,114431.07054245695,128080.9940866937,-10.65725921442925,0,0.0,REFERENCE,This test uses the supplied/current ticker universe and is not a survivorship-bias-free historical index-constituent study.
2026-02-13,T1_30D,114431.07054245695,0.0,114431.07054245695,128080.9940866937,-10.65725921442925,0,0.0,REFERENCE,This test uses the supplied/current ticker universe and is not a survivorship-bias-free historical index-constituent study.
2026-02-16,T1_30D,114431.07054245695,0.0,114431.07054245695,128080.9940866937,-10.65725921442925,0,0.0,REFERENCE,This test uses the supplied/current ticker universe and is not a survivorship-bias-free historical index-constituent study.
2026-02-17,T1_30D,114431.07054245695,0.0,114431.07054245695,128080.9940866937,-10.65725921442925,0,0.0,REFERENCE,This test uses the supplied/current ticker universe and is not a survivorship-bias-free historical index-constituent study.
2026-02-18,T1_30D,114431.07054245695,0.0,114431.07054245695,128080.9940866937,-10.65725921442925,0,0.0,REFERENCE,This test uses the supplied/current ticker universe and is not a survivorship-bias-free historical index-constituent study.
2026-02-19,T1_30D,114431.07054245695,0.0,114431.07054245695,128080.9940866937,-10.65725921442925,0,0.0,REFERENCE,This test uses the supplied/current ticker universe and is not a survivorship-bias-free historical index-constituent study.
2026-02-20,T1_30D,114431.07054245695,0.0,114431.07054245695,128080.9940866937,-10.65725921442925,0,0.0,REFERENCE,This test uses the supplied/current ticker universe and is not a survivorship-bias-free historical index-constituent study.
2026-02-23,T1_30D,114431.07054245695,0.0,114431.07054245695,128080.9940866937,-10.65725921442925,0,0.0,REFERENCE,This test uses the supplied/current ticker universe and is not a survivorship-bias-free historical index-constituent study.
2026-02-24,T1_30D,114431.07054245695,0.0,114431.07054245695,128080.9940866937,-10.65725921442925,0,0.0,REFERENCE,This test uses the supplied/current ticker universe and is not a survivorship-bias-free historical index-constituent study.
2026-02-25,T1_30D,114431.07054245695,0.0,114431.07054245695,128080.9940866937,-10.65725921442925,0,0.0,REFERENCE,This test uses the supplied/current ticker universe and is not a survivorship-bias-free historical index-constituent study.
2026-02-26,T1_30D,114431.07054245695,0.0,114431.07054245695,128080.9940866937,-10.65725921442925,0,0.0,REFERENCE,This test uses the supplied/current ticker universe and is not a survivorship-bias-free historical index-constituent study.
2026-02-27,T1_30D,114431.07054245695,0.0,114431.07054245695,128080.9940866937,-10.65725921442925,0,0.0,REFERENCE,This test uses the supplied/current ticker universe and is not a survivorship-bias-free historical index-constituent study.
2026-03-02,T1_30D,114431.07054245695,0.0,114431.07054245695,128080.9940866937,-10.65725921442925,0,0.0,REFERENCE,This test uses the supplied/current ticker universe and is not a survivorship-bias-free historical index-constituent study.
2026-03-04,T1_30D,114431.07054245695,0.0,114431.07054245695,128080.9940866937,-10.65725921442925,0,0.0,REFERENCE,This test uses the supplied/current ticker universe and is not a survivorship-bias-free historical index-constituent study.
2026-03-05,T1_30D,114431.07054245695,0.0,114431.07054245695,128080.9940866937,-10.65725921442925,0,0.0,REFERENCE,This test uses the supplied/current ticker universe and is not a survivorship-bias-free historical index-constituent study.
2026-03-06,T1_30D,114431.07054245695,0.0,114431.07054245695,128080.9940866937,-10.65725921442925,0,0.0,REFERENCE,This test uses the supplied/current ticker universe and is not a survivorship-bias-free historical index-constituent study.
2026-03-09,T1_30D,114431.07054245695,0.0,114431.07054245695,128080.9940866937,-10.65725921442925,0,0.0,REFERENCE,This test uses the supplied/current ticker universe and is not a survivorship-bias-free historical index-constituent study.
2026-03-10,T1_30D,114431.07054245695,0.0,114431.07054245695,128080.9940866937,-10.65725921442925,0,0.0,REFERENCE,This test uses the supplied/current ticker universe and is not a survivorship-bias-free historical index-constituent study.
2026-03-11,T1_30D,114431.07054245695,0.0,114431.07054245695,128080.9940866937,-10.65725921442925,0,0.0,REFERENCE,This test uses the supplied/current ticker universe and is not a survivorship-bias-free historical index-constituent study.
2026-03-12,T1_30D,114431.07054245695,0.0,114431.07054245695,128080.9940866937,-10.65725921442925,0,0.0,REFERENCE,This test uses the supplied/current ticker universe and is not a survivorship-bias-free historical index-constituent study.
2026-03-13,T1_30D,114431.07054245695,0.0,114431.07054245695,128080.9940866937,-10.65725921442925,0,0.0,REFERENCE,This test uses the supplied/current ticker universe and is not a survivorship-bias-free historical index-constituent study.
2026-03-16,T1_30D,114431.07054245695,0.0,114431.07054245695,128080.9940866937,-10.65725921442925,0,0.0,REFERENCE,This test uses the supplied/current ticker universe and is not a survivorship-bias-free historical index-constituent study.
2026-03-17,T1_30D,114431.07054245695,0.0,114431.07054245695,128080.9940866937,-10.65725921442925,0,0.0,REFERENCE,This test uses the supplied/current ticker universe and is not a survivorship-bias-free historical index-constituent study.
2026-03-18,T1_30D,114431.07054245695,0.0,114431.07054245695,128080.9940866937,-10.65725921442925,0,0.0,REFERENCE,This test uses the supplied/current ticker universe and is not a survivorship-bias-free historical index-constituent study.
2026-03-19,T1_30D,114431.07054245695,0.0,114431.07054245695,128080.9940866937,-10.65725921442925,0,0.0,REFERENCE,This test uses the supplied/current ticker universe and is not a survivorship-bias-free historical index-constituent study.
2026-03-20,T1_30D,114431.07054245695,0.0,114431.07054245695,128080.9940866937,-10.65725921442925,0,0.0,REFERENCE,This test uses the supplied/current ticker universe and is not a survivorship-bias-free historical index-constituent study.
2026-03-23,T1_30D,114431.07054245695,0.0,114431.07054245695,128080.9940866937,-10.65725921442925,0,0.0,REFERENCE,This test uses the supplied/current ticker universe and is not a survivorship-bias-free historical index-constituent study.
2026-03-24,T1_30D,114431.07054245695,0.0,114431.07054245695,128080.9940866937,-10.65725921442925,0,0.0,REFERENCE,This test uses the supplied/current ticker universe and is not a survivorship-bias-free historical index-constituent study.
2026-03-25,T1_30D,114431.07054245695,0.0,114431.07054245695,128080.9940866937,-10.65725921442925,0,0.0,REFERENCE,This test uses the supplied/current ticker universe and is not a survivorship-bias-free historical index-constituent study.
2026-03-27,T1_30D,114431.07054245695,0.0,114431.07054245695,128080.9940866937,-10.65725921442925,0,0.0,REFERENCE,This test uses the supplied/current ticker universe and is not a survivorship-bias-free historical index-constituent study.
2026-03-30,T1_30D,114431.07054245695,0.0,114431.07054245695,128080.9940866937,-10.65725921442925,0,0.0,REFERENCE,This test uses the supplied/current ticker universe and is not a survivorship-bias-free historical index-constituent study.
2026-04-01,T1_30D,114431.07054245695,0.0,114431.07054245695,128080.9940866937,-10.65725921442925,0,0.0,REFERENCE,This test uses the supplied/current ticker universe and is not a survivorship-bias-free historical index-constituent study.
2026-04-02,T1_30D,114431.07054245695,0.0,114431.07054245695,128080.9940866937,-10.65725921442925,0,0.0,REFERENCE,This test uses the supplied/current ticker universe and is not a survivorship-bias-free historical index-constituent study.
2026-04-06,T1_30D,114431.07054245695,0.0,114431.07054245695,128080.9940866937,-10.65725921442925,0,0.0,REFERENCE,This test uses the supplied/current ticker universe and is not a survivorship-bias-free historical index-constituent study.
2026-04-07,T1_30D,114431.07054245695,0.0,114431.07054245695,128080.9940866937,-10.65725921442925,0,0.0,REFERENCE,This test uses the supplied/current ticker universe and is not a survivorship-bias-free historical index-constituent study.
2026-04-08,T1_30D,114431.07054245695,0.0,114431.07054245695,128080.9940866937,-10.65725921442925,0,0.0,REFERENCE,This test uses the supplied/current ticker universe and is not a survivorship-bias-free historical index-constituent study.
2026-04-09,T1_30D,114431.07054245695,0.0,114431.07054245695,128080.9940866937,-10.65725921442925,0,0.0,REFERENCE,This test uses the supplied/current ticker universe and is not a survivorship-bias-free historical index-constituent study.
2026-04-10,T1_30D,114431.07054245695,0.0,114431.07054245695,128080.9940866937,-10.65725921442925,0,0.0,REFERENCE,This test uses the supplied/current ticker universe and is not a survivorship-bias-free historical index-constituent study.
2026-04-13,T1_30D,114431.07054245695,0.0,114431.07054245695,128080.9940866937,-10.65725921442925,0,0.0,REFERENCE,This test uses the supplied/current ticker universe and is not a survivorship-bias-free historical index-constituent study.
2026-04-15,T1_30D,114431.07054245695,0.0,114431.07054245695,128080.9940866937,-10.65725921442925,0,0.0,REFERENCE,This test uses the supplied/current ticker universe and is not a survivorship-bias-free historical index-constituent study.
2026-04-16,T1_30D,114431.07054245695,0.0,114431.07054245695,128080.9940866937,-10.65725921442925,0,0.0,REFERENCE,This test uses the supplied/current ticker universe and is not a survivorship-bias-free historical index-constituent study.
2026-04-17,T1_30D,114431.07054245695,0.0,114431.07054245695,128080.9940866937,-10.65725921442925,0,0.0,REFERENCE,This test uses the supplied/current ticker universe and is not a survivorship-bias-free historical index-constituent study.
2026-04-20,T1_30D,114431.07054245695,0.0,114431.07054245695,128080.9940866937,-10.65725921442925,0,0.0,REFERENCE,This test uses the supplied/current ticker universe and is not a survivorship-bias-free historical index-constituent study.
2026-04-21,T1_30D,114431.07054245695,0.0,114431.07054245695,128080.9940866937,-10.65725921442925,0,0.0,REFERENCE,This test uses the supplied/current ticker universe and is not a survivorship-bias-free historical index-constituent study.
2026-04-22,T1_30D,114431.07054245695,0.0,114431.07054245695,128080.9940866937,-10.65725921442925,0,0.0,REFERENCE,This test uses the supplied/current ticker universe and is not a survivorship-bias-free historical index-constituent study.
2026-04-23,T1_30D,114431.07054245695,0.0,114431.07054245695,128080.9940866937,-10.65725921442925,0,0.0,REFERENCE,This test uses the supplied/current ticker universe and is not a survivorship-bias-free historical index-constituent study.
2026-04-24,T1_30D,114431.07054245695,0.0,114431.07054245695,128080.9940866937,-10.65725921442925,0,0.0,REFERENCE,This test uses the supplied/current ticker universe and is not a survivorship-bias-free historical index-constituent study.
2026-04-27,T1_30D,114431.07054245695,0.0,114431.07054245695,128080.9940866937,-10.65725921442925,0,0.0,REFERENCE,This test uses the supplied/current ticker universe and is not a survivorship-bias-free historical index-constituent study.
2026-04-28,T1_30D,114431.07054245695,0.0,114431.07054245695,128080.9940866937,-10.65725921442925,0,0.0,REFERENCE,This test uses the supplied/current ticker universe and is not a survivorship-bias-free historical index-constituent study.
2026-04-29,T1_30D,114431.07054245695,0.0,114431.07054245695,128080.9940866937,-10.65725921442925,0,0.0,REFERENCE,This test uses the supplied/current ticker universe and is not a survivorship-bias-free historical index-constituent study.
2026-04-30,T1_30D,114431.07054245695,0.0,114431.07054245695,128080.9940866937,-10.65725921442925,0,0.0,REFERENCE,This test uses the supplied/current ticker universe and is not a survivorship-bias-free historical index-constituent study.
2026-05-01,T1_30D,114431.07054245695,0.0,114431.07054245695,128080.9940866937,-10.65725921442925,0,0.0,REFERENCE,This test uses the supplied/current ticker universe and is not a survivorship-bias-free historical index-constituent study.
2026-05-04,T1_30D,114431.07054245695,0.0,114431.07054245695,128080.9940866937,-10.65725921442925,0,0.0,REFERENCE,This test uses the supplied/current ticker universe and is not a survivorship-bias-free historical index-constituent study.
2026-05-05,T1_30D,114431.07054245695,0.0,114431.07054245695,128080.9940866937,-10.65725921442925,0,0.0,REFERENCE,This test uses the supplied/current ticker universe and is not a survivorship-bias-free historical index-constituent study.
2026-05-06,T1_30D,114431.07054245695,0.0,114431.07054245695,128080.9940866937,-10.65725921442925,0,0.0,REFERENCE,This test uses the supplied/current ticker universe and is not a survivorship-bias-free historical index-constituent study.
2026-05-07,T1_30D,114431.07054245695,0.0,114431.07054245695,128080.9940866937,-10.65725921442925,0,0.0,REFERENCE,This test uses the supplied/current ticker universe and is not a survivorship-bias-free historical index-constituent study.
2026-05-08,T1_30D,114431.07054245695,0.0,114431.07054245695,128080.9940866937,-10.65725921442925,0,0.0,REFERENCE,This test uses the supplied/current ticker universe and is not a survivorship-bias-free historical index-constituent study.
2026-05-11,T1_30D,114431.07054245695,0.0,114431.07054245695,128080.9940866937,-10.65725921442925,0,0.0,REFERENCE,This test uses the supplied/current ticker universe and is not a survivorship-bias-free historical index-constituent study.
2026-05-12,T1_30D,114431.07054245695,0.0,114431.07054245695,128080.9940866937,-10.65725921442925,0,0.0,REFERENCE,This test uses the supplied/current ticker universe and is not a survivorship-bias-free historical index-constituent study.
2026-05-13,T1_30D,114431.07054245695,0.0,114431.07054245695,128080.9940866937,-10.65725921442925,0,0.0,REFERENCE,This test uses the supplied/current ticker universe and is not a survivorship-bias-free historical index-constituent study.
2026-05-14,T1_30D,114431.07054245695,0.0,114431.07054245695,128080.9940866937,-10.65725921442925,0,0.0,REFERENCE,This test uses the supplied/current ticker universe and is not a survivorship-bias-free historical index-constituent study.
2026-05-15,T1_30D,114431.07054245695,0.0,114431.07054245695,128080.9940866937,-10.65725921442925,0,0.0,REFERENCE,This test uses the supplied/current ticker universe and is not a survivorship-bias-free historical index-constituent study.
2026-05-18,T1_30D,114431.07054245695,0.0,114431.07054245695,128080.9940866937,-10.65725921442925,0,0.0,REFERENCE,This test uses the supplied/current ticker universe and is not a survivorship-bias-free historical index-constituent study.
2026-05-19,T1_30D,114431.07054245695,0.0,114431.07054245695,128080.9940866937,-10.65725921442925,0,0.0,REFERENCE,This test uses the supplied/current ticker universe and is not a survivorship-bias-free historical index-constituent study.
2026-05-20,T1_30D,114431.07054245695,0.0,114431.07054245695,128080.9940866937,-10.65725921442925,0,0.0,REFERENCE,This test uses the supplied/current ticker universe and is not a survivorship-bias-free historical index-constituent study.
2026-05-21,T1_30D,114431.07054245695,0.0,114431.07054245695,128080.9940866937,-10.65725921442925,0,0.0,REFERENCE,This test uses the supplied/current ticker universe and is not a survivorship-bias-free historical index-constituent study.
2026-05-22,T1_30D,114431.07054245695,0.0,114431.07054245695,128080.9940866937,-10.65725921442925,0,0.0,REFERENCE,This test uses the supplied/current ticker universe and is not a survivorship-bias-free historical index-constituent study.
2026-05-25,T1_30D,114431.07054245695,0.0,114431.07054245695,128080.9940866937,-10.65725921442925,0,0.0,REFERENCE,This test uses the supplied/current ticker universe and is not a survivorship-bias-free historical index-constituent study.
2026-05-26,T1_30D,114431.07054245695,0.0,114431.07054245695,128080.9940866937,-10.65725921442925,0,0.0,REFERENCE,This test uses the supplied/current ticker universe and is not a survivorship-bias-free historical index-constituent study.
2026-05-27,T1_30D,114431.07054245695,0.0,114431.07054245695,128080.9940866937,-10.65725921442925,0,0.0,REFERENCE,This test uses the supplied/current ticker universe and is not a survivorship-bias-free historical index-constituent study.
2026-05-28,T1_30D,114431.07054245695,0.0,114431.07054245695,128080.9940866937,-10.65725921442925,0,0.0,REFERENCE,This test uses the supplied/current ticker universe and is not a survivorship-bias-free historical index-constituent study.
2026-05-29,T1_30D,114431.07054245695,0.0,114431.07054245695,128080.9940866937,-10.65725921442925,0,0.0,REFERENCE,This test uses the supplied/current ticker universe and is not a survivorship-bias-free historical index-constituent study.
2026-06-01,T1_30D,114431.07054245695,0.0,114431.07054245695,128080.9940866937,-10.65725921442925,0,0.0,REFERENCE,This test uses the supplied/current ticker universe and is not a survivorship-bias-free historical index-constituent study.
2026-06-02,T1_30D,114431.07054245695,0.0,114431.07054245695,128080.9940866937,-10.65725921442925,0,0.0,REFERENCE,This test uses the supplied/current ticker universe and is not a survivorship-bias-free historical index-constituent study.
2026-06-03,T1_30D,114431.07054245695,0.0,114431.07054245695,128080.9940866937,-10.65725921442925,0,0.0,REFERENCE,This test uses the supplied/current ticker universe and is not a survivorship-bias-free historical index-constituent study.
2026-06-04,T1_30D,114431.07054245695,0.0,114431.07054245695,128080.9940866937,-10.65725921442925,0,0.0,REFERENCE,This test uses the supplied/current ticker universe and is not a survivorship-bias-free historical index-constituent study.
2026-06-05,T1_30D,114431.07054245695,0.0,114431.07054245695,128080.9940866937,-10.65725921442925,0,0.0,REFERENCE,This test uses the supplied/current ticker universe and is not a survivorship-bias-free historical index-constituent study.
2026-06-08,T1_30D,114431.07054245695,0.0,114431.07054245695,128080.9940866937,-10.65725921442925,0,0.0,REFERENCE,This test uses the supplied/current ticker universe and is not a survivorship-bias-free historical index-constituent study.
2026-06-09,T1_30D,114431.07054245695,0.0,114431.07054245695,128080.9940866937,-10.65725921442925,0,0.0,REFERENCE,This test uses the supplied/current ticker universe and is not a survivorship-bias-free historical index-constituent study.
2026-06-10,T1_30D,114431.07054245695,0.0,114431.07054245695,128080.9940866937,-10.65725921442925,0,0.0,REFERENCE,This test uses the supplied/current ticker universe and is not a survivorship-bias-free historical index-constituent study.
2026-06-11,T1_30D,114431.07054245695,0.0,114431.07054245695,128080.9940866937,-10.65725921442925,0,0.0,REFERENCE,This test uses the supplied/current ticker universe and is not a survivorship-bias-free historical index-constituent study.
2026-06-12,T1_30D,114431.07054245695,0.0,114431.07054245695,128080.9940866937,-10.65725921442925,0,0.0,REFERENCE,This test uses the supplied/current ticker universe and is not a survivorship-bias-free historical index-constituent study.
2026-06-15,T1_30D,114431.07054245695,0.0,114431.07054245695,128080.9940866937,-10.65725921442925,0,0.0,REFERENCE,This test uses the supplied/current ticker universe and is not a survivorship-bias-free historical index-constituent study.
2026-06-16,T1_30D,114431.07054245695,0.0,114431.07054245695,128080.9940866937,-10.65725921442925,0,0.0,REFERENCE,This test uses the supplied/current ticker universe and is not a survivorship-bias-free historical index-constituent study.
2026-06-17,T1_30D,114431.07054245695,0.0,114431.07054245695,128080.9940866937,-10.65725921442925,0,0.0,REFERENCE,This test uses the supplied/current ticker universe and is not a survivorship-bias-free historical index-constituent study.
2026-06-18,T1_30D,114431.07054245695,0.0,114431.07054245695,128080.9940866937,-10.65725921442925,0,0.0,REFERENCE,This test uses the supplied/current ticker universe and is not a survivorship-bias-free historical index-constituent study.
2026-06-19,T1_30D,114431.07054245695,0.0,114431.07054245695,128080.9940866937,-10.65725921442925,0,0.0,REFERENCE,This test uses the supplied/current ticker universe and is not a survivorship-bias-free historical index-constituent study.
2026-06-22,T1_30D,114431.07054245695,0.0,114431.07054245695,128080.9940866937,-10.65725921442925,0,0.0,REFERENCE,This test uses the supplied/current ticker universe and is not a survivorship-bias-free historical index-constituent study.
2026-06-23,T1_30D,114431.07054245695,0.0,114431.07054245695,128080.9940866937,-10.65725921442925,0,0.0,REFERENCE,This test uses the supplied/current ticker universe and is not a survivorship-bias-free historical index-constituent study.
2026-06-24,T1_30D,114431.07054245695,0.0,114431.07054245695,128080.9940866937,-10.65725921442925,0,0.0,REFERENCE,This test uses the supplied/current ticker universe and is not a survivorship-bias-free historical index-constituent study.
2026-06-25,T1_30D,114431.07054245695,0.0,114431.07054245695,128080.9940866937,-10.65725921442925,0,0.0,REFERENCE,This test uses the supplied/current ticker universe and is not a survivorship-bias-free historical index-constituent study.
2026-06-26,T1_30D,114431.07054245695,0.0,114431.07054245695,128080.9940866937,-10.65725921442925,0,0.0,REFERENCE,This test uses the supplied/current ticker universe and is not a survivorship-bias-free historical index-constituent study.
2026-06-29,T1_30D,114431.07054245695,0.0,114431.07054245695,128080.9940866937,-10.65725921442925,0,0.0,REFERENCE,This test uses the supplied/current ticker universe and is not a survivorship-bias-free historical index-constituent study.
2026-06-30,T1_30D,114431.07054245695,0.0,114431.07054245695,128080.9940866937,-10.65725921442925,0,0.0,REFERENCE,This test uses the supplied/current ticker universe and is not a survivorship-bias-free historical index-constituent study.
2026-07-01,T1_30D,114431.07054245695,0.0,114431.07054245695,128080.9940866937,-10.65725921442925,0,0.0,REFERENCE,This test uses the supplied/current ticker universe and is not a survivorship-bias-free historical index-constituent study.
2026-07-02,T1_30D,89850.9082029568,24356.3994140625,114207.3076170193,128080.9940866937,-10.831963452972404,1,-0.1955438539348764,REFERENCE,This test uses the supplied/current ticker universe and is not a survivorship-bias-free historical index-constituent study.
2026-07-03,T1_30D,89850.9082029568,24159.6005859375,114010.5087888943,128080.9940866937,-10.985615311726548,1,-0.1723171942595303,REFERENCE,This test uses the supplied/current ticker universe and is not a survivorship-bias-free historical index-constituent study.
2026-07-06,T1_30D,89850.9082029568,24246.0,114096.9082029568,128080.9940866937,-10.918158453916703,1,0.07578197394284558,REFERENCE,This test uses the supplied/current ticker universe and is not a survivorship-bias-free historical index-constituent study.
2026-07-07,T1_30D,113736.88729742754,0.0,113736.88729742754,128080.9940866937,-11.199246923050199,0,-0.31553958051943054,REFERENCE,This test uses the supplied/current ticker universe and is not a survivorship-bias-free historical index-constituent study.
2026-07-08,T1_30D,113736.88729742754,0.0,113736.88729742754,128080.9940866937,-11.199246923050199,0,0.0,REFERENCE,This test uses the supplied/current ticker universe and is not a survivorship-bias-free historical index-constituent study.
2026-07-09,T1_30D,113736.88729742754,0.0,113736.88729742754,128080.9940866937,-11.199246923050199,0,0.0,REFERENCE,This test uses the supplied/current ticker universe and is not a survivorship-bias-free historical index-constituent study.
2026-07-10,T1_30D,113736.88729742754,0.0,113736.88729742754,128080.9940866937,-11.199246923050199,0,0.0,REFERENCE,This test uses the supplied/current ticker universe and is not a survivorship-bias-free historical index-constituent study.
2026-07-13,T1_30D,113736.88729742754,0.0,113736.88729742754,128080.9940866937,-11.199246923050199,0,0.0,REFERENCE,This test uses the supplied/current ticker universe and is not a survivorship-bias-free historical index-constituent study.
2026-07-14,T1_30D,113736.88729742754,0.0,113736.88729742754,128080.9940866937,-11.199246923050199,0,0.0,REFERENCE,This test uses the supplied/current ticker universe and is not a survivorship-bias-free historical index-constituent study.
2026-07-15,T1_30D,113736.88729742754,0.0,113736.88729742754,128080.9940866937,-11.199246923050199,0,0.0,REFERENCE,This test uses the supplied/current ticker universe and is not a survivorship-bias-free historical index-constituent study.
2026-07-16,T1_30D,113736.88729742754,0.0,113736.88729742754,128080.9940866937,-11.199246923050199,0,0.0,REFERENCE,This test uses the supplied/current ticker universe and is not a survivorship-bias-free historical index-constituent study.
2026-07-17,T1_30D,113736.88729742754,0.0,113736.88729742754,128080.9940866937,-11.199246923050199,0,0.0,REFERENCE,This test uses the supplied/current ticker universe and is not a survivorship-bias-free historical index-constituent study.
2026-07-20,T1_30D,113736.88729742754,0.0,113736.88729742754,128080.9940866937,-11.199246923050199,0,0.0,REFERENCE,This test uses the supplied/current ticker universe and is not a survivorship-bias-free historical index-constituent study.
2026-07-21,T1_30D,85417.40303863105,28650.0,114067.40303863105,128080.9940866937,-10.94119478693093,1,0.29059678795251287,REFERENCE,This test uses the supplied/current ticker universe and is not a survivorship-bias-free historical index-constituent study.
2026-07-22,T1_30D,85417.40303863105,28301.99951171875,113719.4025503498,128080.9940866937,-11.21289824360906,1,-0.30508320432559577,REFERENCE,This test uses the supplied/current ticker universe and is not a survivorship-bias-free historical index-constituent study.
2026-07-23,T1_30D,112889.14867544055,0.0,112889.14867544055,128080.9940866937,-11.861123908025185,0,-0.7300899022413043,REFERENCE,This test uses the supplied/current ticker universe and is not a survivorship-bias-free historical index-constituent study.
2026-07-24,T1_30D,112889.14867544055,0.0,112889.14867544055,128080.9940866937,-11.861123908025185,0,0.0,REFERENCE,This test uses the supplied/current ticker universe and is not a survivorship-bias-free historical index-constituent study.
2026-07-27,T1_30D,112889.14867544055,0.0,112889.14867544055,128080.9940866937,-11.861123908025185,0,0.0,REFERENCE,This test uses the supplied/current ticker universe and is not a survivorship-bias-free historical index-constituent study.
2026-07-28,T1_30D,112889.14867544055,0.0,112889.14867544055,128080.9940866937,-11.861123908025185,0,0.0,REFERENCE,This test uses the supplied/current ticker universe and is not a survivorship-bias-free historical index-constituent study.
2026-07-29,T1_30D,112889.14867544055,0.0,112889.14867544055,128080.9940866937,-11.861123908025185,0,0.0,REFERENCE,This test uses the supplied/current ticker universe and is not a survivorship-bias-free historical index-constituent study.
2026-07-30,T1_30D,112889.14867544055,0.0,112889.14867544055,128080.9940866937,-11.861123908025185,0,0.0,REFERENCE,This test uses the supplied/current ticker universe and is not a survivorship-bias-free historical index-constituent study.
2026-07-31,T1_30D,112889.14867544055,0.0,112889.14867544055,128080.9940866937,-11.861123908025185,0,0.0,REFERENCE,This test uses the supplied/current ticker universe and is not a survivorship-bias-free historical index-constituent study.
2026-08-03,T1_30D,112889.14867544055,0.0,112889.14867544055,128080.9940866937,-11.861123908025185,0,0.0,REFERENCE,This test uses the supplied/current ticker universe and is not a survivorship-bias-free historical index-constituent study.
2026-08-04,T1_30D,112889.14867544055,0.0,112889.14867544055,128080.9940866937,-11.861123908025185,0,0.0,REFERENCE,This test uses the supplied/current ticker universe and is not a survivorship-bias-free historical index-constituent study.
2026-08-05,T1_30D,112889.14867544055,0.0,112889.14867544055,128080.9940866937,-11.861123908025185,0,0.0,REFERENCE,This test uses the supplied/current ticker universe and is not a survivorship-bias-free historical index-constituent study.
2026-08-06,T1_30D,85842.12192044055,27314.0,113156.12192044055,128080.9940866937,-11.652682954780168,1,0.2364915035080628,REFERENCE,This test uses the supplied/current ticker universe and is not a survivorship-bias-free historical index-constituent study.
2026-08-07,T1_30D,85842.12192044055,27230.0,113072.12192044055,128080.9940866937,-11.718266455750758,1,-0.07423372114065963,REFERENCE,This test uses the supplied/current ticker universe and is not a survivorship-bias-free historical index-constituent study.
2026-08-10,T1_30D,85842.12192044055,27221.600341796875,113063.72226223742,128080.9940866937,-11.724824538987876,1,-0.007428584571034236,REFERENCE,This test uses the supplied/current ticker universe and is not a survivorship-bias-free historical index-constituent study.
2026-08-11,T1_30D,85842.12192044055,27188.0,113030.12192044055,128080.9940866937,-11.751058206236065,1,-0.029718057326066916,REFERENCE,This test uses the supplied/current ticker universe and is not a survivorship-bias-free historical index-constituent study.
2026-08-12,T1_30D,85842.12192044055,27216.0,113058.12192044055,128080.9940866937,-11.729197039245864,1,0.024772157655195137,REFERENCE,This test uses the supplied/current ticker universe and is not a survivorship-bias-free historical index-constituent study.
2026-08-13,T1_30D,85842.12192044055,27048.0,112890.12192044055,128080.9940866937,-11.860364041187065,1,-0.14859613546227557,REFERENCE,This test uses the supplied/current ticker universe and is not a survivorship-bias-free historical index-constituent study.
2026-08-14,T1_30D,85842.12192044055,27020.0,112862.12192044055,128080.9940866937,-11.882225208177266,1,-0.024802878696272845,REFERENCE,This test uses the supplied/current ticker universe and is not a survivorship-bias-free historical index-constituent study.
2026-08-17,T1_30D,112253.8909293907,0.0,112253.8909293907,128080.9940866937,-12.357105181889949,0,-0.5389150768214335,REFERENCE,This test uses the supplied/current ticker universe and is not a survivorship-bias-free historical index-constituent study.
2026-08-18,T1_30D,112253.8909293907,0.0,112253.8909293907,128080.9940866937,-12.357105181889949,0,0.0,REFERENCE,This test uses the supplied/current ticker universe and is not a survivorship-bias-free historical index-constituent study.
2026-08-19,T1_30D,112253.8909293907,0.0,112253.8909293907,128080.9940866937,-12.357105181889949,0,0.0,REFERENCE,This test uses the supplied/current ticker universe and is not a survivorship-bias-free historical index-constituent study.
2026-08-20,T1_30D,112253.8909293907,0.0,112253.8909293907,128080.9940866937,-12.357105181889949,0,0.0,REFERENCE,This test uses the supplied/current ticker universe and is not a survivorship-bias-free historical index-constituent study.
2026-08-21,T1_30D,112253.8909293907,0.0,112253.8909293907,128080.9940866937,-12.357105181889949,0,0.0,REFERENCE,This test uses the supplied/current ticker universe and is not a survivorship-bias-free historical index-constituent study.
2026-08-24,T1_30D,112253.8909293907,0.0,112253.8909293907,128080.9940866937,-12.357105181889949,0,0.0,REFERENCE,This test uses the supplied/current ticker universe and is not a survivorship-bias-free historical index-constituent study.
2026-08-25,T1_30D,112253.8909293907,0.0,112253.8909293907,128080.9940866937,-12.357105181889949,0,0.0,REFERENCE,This test uses the supplied/current ticker universe and is not a survivorship-bias-free historical index-constituent study.
2026-08-26,T1_30D,112253.8909293907,0.0,112253.8909293907,128080.9940866937,-12.357105181889949,0,0.0,REFERENCE,This test uses the supplied/current ticker universe and is not a survivorship-bias-free historical index-constituent study.
2026-08-27,T1_30D,112253.8909293907,0.0,112253.8909293907,128080.9940866937,-12.357105181889949,0,0.0,REFERENCE,This test uses the supplied/current ticker universe and is not a survivorship-bias-free historical index-constituent study.
2026-08-28,T1_30D,112253.8909293907,0.0,112253.8909293907,128080.9940866937,-12.357105181889949,0,0.0,REFERENCE,This test uses the supplied/current ticker universe and is not a survivorship-bias-free historical index-constituent study.
