Date,Variant,Cash,Open Position Value,Total Equity,Peak Equity,Drawdown %,Number Open Positions,Daily Return %,Candidate Source,Survivorship Bias Warning
2011-08-30,T1_45D,100000.0,0.0,100000.0,100000.0,0.0,0,0.0,REFERENCE,This test uses the supplied/current ticker universe and is not a survivorship-bias-free historical index-constituent study.
2011-09-02,T1_45D,100000.0,0.0,100000.0,100000.0,0.0,0,0.0,REFERENCE,This test uses the supplied/current ticker universe and is not a survivorship-bias-free historical index-constituent study.
2011-09-05,T1_45D,100000.0,0.0,100000.0,100000.0,0.0,0,0.0,REFERENCE,This test uses the supplied/current ticker universe and is not a survivorship-bias-free historical index-constituent study.
2011-09-06,T1_45D,100000.0,0.0,100000.0,100000.0,0.0,0,0.0,REFERENCE,This test uses the supplied/current ticker universe and is not a survivorship-bias-free historical index-constituent study.
2011-09-07,T1_45D,100000.0,0.0,100000.0,100000.0,0.0,0,0.0,REFERENCE,This test uses the supplied/current ticker universe and is not a survivorship-bias-free historical index-constituent study.
2011-09-08,T1_45D,100000.0,0.0,100000.0,100000.0,0.0,0,0.0,REFERENCE,This test uses the supplied/current ticker universe and is not a survivorship-bias-free historical index-constituent study.
2011-09-09,T1_45D,100000.0,0.0,100000.0,100000.0,0.0,0,0.0,REFERENCE,This test uses the supplied/current ticker universe and is not a survivorship-bias-free historical index-constituent study.
2011-09-12,T1_45D,100000.0,0.0,100000.0,100000.0,0.0,0,0.0,REFERENCE,This test uses the supplied/current ticker universe and is not a survivorship-bias-free historical index-constituent study.
2011-09-13,T1_45D,100000.0,0.0,100000.0,100000.0,0.0,0,0.0,REFERENCE,This test uses the supplied/current ticker universe and is not a survivorship-bias-free historical index-constituent study.
2011-09-14,T1_45D,100000.0,0.0,100000.0,100000.0,0.0,0,0.0,REFERENCE,This test uses the supplied/current ticker universe and is not a survivorship-bias-free historical index-constituent study.
2011-09-15,T1_45D,100000.0,0.0,100000.0,100000.0,0.0,0,0.0,REFERENCE,This test uses the supplied/current ticker universe and is not a survivorship-bias-free historical index-constituent study.
2011-09-16,T1_45D,100000.0,0.0,100000.0,100000.0,0.0,0,0.0,REFERENCE,This test uses the supplied/current ticker universe and is not a survivorship-bias-free historical index-constituent study.
2011-09-19,T1_45D,100000.0,0.0,100000.0,100000.0,0.0,0,0.0,REFERENCE,This test uses the supplied/current ticker universe and is not a survivorship-bias-free historical index-constituent study.
2011-09-20,T1_45D,100000.0,0.0,100000.0,100000.0,0.0,0,0.0,REFERENCE,This test uses the supplied/current ticker universe and is not a survivorship-bias-free historical index-constituent study.
2011-09-21,T1_45D,100000.0,0.0,100000.0,100000.0,0.0,0,0.0,REFERENCE,This test uses the supplied/current ticker universe and is not a survivorship-bias-free historical index-constituent study.
2011-09-22,T1_45D,100000.0,0.0,100000.0,100000.0,0.0,0,0.0,REFERENCE,This test uses the supplied/current ticker universe and is not a survivorship-bias-free historical index-constituent study.
2011-09-23,T1_45D,100000.0,0.0,100000.0,100000.0,0.0,0,0.0,REFERENCE,This test uses the supplied/current ticker universe and is not a survivorship-bias-free historical index-constituent study.
2011-09-26,T1_45D,100000.0,0.0,100000.0,100000.0,0.0,0,0.0,REFERENCE,This test uses the supplied/current ticker universe and is not a survivorship-bias-free historical index-constituent study.
2011-09-27,T1_45D,100000.0,0.0,100000.0,100000.0,0.0,0,0.0,REFERENCE,This test uses the supplied/current ticker universe and is not a survivorship-bias-free historical index-constituent study.
2011-09-28,T1_45D,100000.0,0.0,100000.0,100000.0,0.0,0,0.0,REFERENCE,This test uses the supplied/current ticker universe and is not a survivorship-bias-free historical index-constituent study.
2011-09-29,T1_45D,100000.0,0.0,100000.0,100000.0,0.0,0,0.0,REFERENCE,This test uses the supplied/current ticker universe and is not a survivorship-bias-free historical index-constituent study.
2011-09-30,T1_45D,100000.0,0.0,100000.0,100000.0,0.0,0,0.0,REFERENCE,This test uses the supplied/current ticker universe and is not a survivorship-bias-free historical index-constituent study.
2011-10-03,T1_45D,100000.0,0.0,100000.0,100000.0,0.0,0,0.0,REFERENCE,This test uses the supplied/current ticker universe and is not a survivorship-bias-free historical index-constituent study.
2011-10-04,T1_45D,100000.0,0.0,100000.0,100000.0,0.0,0,0.0,REFERENCE,This test uses the supplied/current ticker universe and is not a survivorship-bias-free historical index-constituent study.
2011-10-05,T1_45D,100000.0,0.0,100000.0,100000.0,0.0,0,0.0,REFERENCE,This test uses the supplied/current ticker universe and is not a survivorship-bias-free historical index-constituent study.
2011-10-07,T1_45D,100000.0,0.0,100000.0,100000.0,0.0,0,0.0,REFERENCE,This test uses the supplied/current ticker universe and is not a survivorship-bias-free historical index-constituent study.
2011-10-10,T1_45D,100000.0,0.0,100000.0,100000.0,0.0,0,0.0,REFERENCE,This test uses the supplied/current ticker universe and is not a survivorship-bias-free historical index-constituent study.
2011-10-11,T1_45D,100000.0,0.0,100000.0,100000.0,0.0,0,0.0,REFERENCE,This test uses the supplied/current ticker universe and is not a survivorship-bias-free historical index-constituent study.
2011-10-12,T1_45D,100000.0,0.0,100000.0,100000.0,0.0,0,0.0,REFERENCE,This test uses the supplied/current ticker universe and is not a survivorship-bias-free historical index-constituent study.
2011-10-13,T1_45D,100000.0,0.0,100000.0,100000.0,0.0,0,0.0,REFERENCE,This test uses the supplied/current ticker universe and is not a survivorship-bias-free historical index-constituent study.
2011-10-14,T1_45D,100000.0,0.0,100000.0,100000.0,0.0,0,0.0,REFERENCE,This test uses the supplied/current ticker universe and is not a survivorship-bias-free historical index-constituent study.
2011-10-17,T1_45D,100000.0,0.0,100000.0,100000.0,0.0,0,0.0,REFERENCE,This test uses the supplied/current ticker universe and is not a survivorship-bias-free historical index-constituent study.
2011-10-18,T1_45D,100000.0,0.0,100000.0,100000.0,0.0,0,0.0,REFERENCE,This test uses the supplied/current ticker universe and is not a survivorship-bias-free historical index-constituent study.
2011-10-19,T1_45D,100000.0,0.0,100000.0,100000.0,0.0,0,0.0,REFERENCE,This test uses the supplied/current ticker universe and is not a survivorship-bias-free historical index-constituent study.
2011-10-20,T1_45D,100000.0,0.0,100000.0,100000.0,0.0,0,0.0,REFERENCE,This test uses the supplied/current ticker universe and is not a survivorship-bias-free historical index-constituent study.
2011-10-21,T1_45D,100000.0,0.0,100000.0,100000.0,0.0,0,0.0,REFERENCE,This test uses the supplied/current ticker universe and is not a survivorship-bias-free historical index-constituent study.
2011-10-24,T1_45D,100000.0,0.0,100000.0,100000.0,0.0,0,0.0,REFERENCE,This test uses the supplied/current ticker universe and is not a survivorship-bias-free historical index-constituent study.
2011-10-25,T1_45D,100000.0,0.0,100000.0,100000.0,0.0,0,0.0,REFERENCE,This test uses the supplied/current ticker universe and is not a survivorship-bias-free historical index-constituent study.
2011-10-28,T1_45D,100000.0,0.0,100000.0,100000.0,0.0,0,0.0,REFERENCE,This test uses the supplied/current ticker universe and is not a survivorship-bias-free historical index-constituent study.
2011-10-31,T1_45D,100000.0,0.0,100000.0,100000.0,0.0,0,0.0,REFERENCE,This test uses the supplied/current ticker universe and is not a survivorship-bias-free historical index-constituent study.
2011-11-01,T1_45D,100000.0,0.0,100000.0,100000.0,0.0,0,0.0,REFERENCE,This test uses the supplied/current ticker universe and is not a survivorship-bias-free historical index-constituent study.
2011-11-02,T1_45D,100000.0,0.0,100000.0,100000.0,0.0,0,0.0,REFERENCE,This test uses the supplied/current ticker universe and is not a survivorship-bias-free historical index-constituent study.
2011-11-03,T1_45D,100000.0,0.0,100000.0,100000.0,0.0,0,0.0,REFERENCE,This test uses the supplied/current ticker universe and is not a survivorship-bias-free historical index-constituent study.
2011-11-04,T1_45D,100000.0,0.0,100000.0,100000.0,0.0,0,0.0,REFERENCE,This test uses the supplied/current ticker universe and is not a survivorship-bias-free historical index-constituent study.
2011-11-08,T1_45D,100000.0,0.0,100000.0,100000.0,0.0,0,0.0,REFERENCE,This test uses the supplied/current ticker universe and is not a survivorship-bias-free historical index-constituent study.
2011-11-09,T1_45D,100000.0,0.0,100000.0,100000.0,0.0,0,0.0,REFERENCE,This test uses the supplied/current ticker universe and is not a survivorship-bias-free historical index-constituent study.
2011-11-11,T1_45D,100000.0,0.0,100000.0,100000.0,0.0,0,0.0,REFERENCE,This test uses the supplied/current ticker universe and is not a survivorship-bias-free historical index-constituent study.
2011-11-14,T1_45D,100000.0,0.0,100000.0,100000.0,0.0,0,0.0,REFERENCE,This test uses the supplied/current ticker universe and is not a survivorship-bias-free historical index-constituent study.
2011-11-15,T1_45D,100000.0,0.0,100000.0,100000.0,0.0,0,0.0,REFERENCE,This test uses the supplied/current ticker universe and is not a survivorship-bias-free historical index-constituent study.
2011-11-16,T1_45D,100000.0,0.0,100000.0,100000.0,0.0,0,0.0,REFERENCE,This test uses the supplied/current ticker universe and is not a survivorship-bias-free historical index-constituent study.
2011-11-17,T1_45D,100000.0,0.0,100000.0,100000.0,0.0,0,0.0,REFERENCE,This test uses the supplied/current ticker universe and is not a survivorship-bias-free historical index-constituent study.
2011-11-18,T1_45D,100000.0,0.0,100000.0,100000.0,0.0,0,0.0,REFERENCE,This test uses the supplied/current ticker universe and is not a survivorship-bias-free historical index-constituent study.
2011-11-21,T1_45D,100000.0,0.0,100000.0,100000.0,0.0,0,0.0,REFERENCE,This test uses the supplied/current ticker universe and is not a survivorship-bias-free historical index-constituent study.
2011-11-22,T1_45D,100000.0,0.0,100000.0,100000.0,0.0,0,0.0,REFERENCE,This test uses the supplied/current ticker universe and is not a survivorship-bias-free historical index-constituent study.
2011-11-23,T1_45D,100000.0,0.0,100000.0,100000.0,0.0,0,0.0,REFERENCE,This test uses the supplied/current ticker universe and is not a survivorship-bias-free historical index-constituent study.
2011-11-24,T1_45D,100000.0,0.0,100000.0,100000.0,0.0,0,0.0,REFERENCE,This test uses the supplied/current ticker universe and is not a survivorship-bias-free historical index-constituent study.
2011-11-25,T1_45D,100000.0,0.0,100000.0,100000.0,0.0,0,0.0,REFERENCE,This test uses the supplied/current ticker universe and is not a survivorship-bias-free historical index-constituent study.
2011-11-28,T1_45D,100000.0,0.0,100000.0,100000.0,0.0,0,0.0,REFERENCE,This test uses the supplied/current ticker universe and is not a survivorship-bias-free historical index-constituent study.
2011-11-29,T1_45D,100000.0,0.0,100000.0,100000.0,0.0,0,0.0,REFERENCE,This test uses the supplied/current ticker universe and is not a survivorship-bias-free historical index-constituent study.
2011-11-30,T1_45D,100000.0,0.0,100000.0,100000.0,0.0,0,0.0,REFERENCE,This test uses the supplied/current ticker universe and is not a survivorship-bias-free historical index-constituent study.
2011-12-01,T1_45D,100000.0,0.0,100000.0,100000.0,0.0,0,0.0,REFERENCE,This test uses the supplied/current ticker universe and is not a survivorship-bias-free historical index-constituent study.
2011-12-02,T1_45D,100000.0,0.0,100000.0,100000.0,0.0,0,0.0,REFERENCE,This test uses the supplied/current ticker universe and is not a survivorship-bias-free historical index-constituent study.
2011-12-05,T1_45D,100000.0,0.0,100000.0,100000.0,0.0,0,0.0,REFERENCE,This test uses the supplied/current ticker universe and is not a survivorship-bias-free historical index-constituent study.
2011-12-07,T1_45D,100000.0,0.0,100000.0,100000.0,0.0,0,0.0,REFERENCE,This test uses the supplied/current ticker universe and is not a survivorship-bias-free historical index-constituent study.
2011-12-08,T1_45D,100000.0,0.0,100000.0,100000.0,0.0,0,0.0,REFERENCE,This test uses the supplied/current ticker universe and is not a survivorship-bias-free historical index-constituent study.
2011-12-09,T1_45D,100000.0,0.0,100000.0,100000.0,0.0,0,0.0,REFERENCE,This test uses the supplied/current ticker universe and is not a survivorship-bias-free historical index-constituent study.
2011-12-12,T1_45D,100000.0,0.0,100000.0,100000.0,0.0,0,0.0,REFERENCE,This test uses the supplied/current ticker universe and is not a survivorship-bias-free historical index-constituent study.
2011-12-13,T1_45D,100000.0,0.0,100000.0,100000.0,0.0,0,0.0,REFERENCE,This test uses the supplied/current ticker universe and is not a survivorship-bias-free historical index-constituent study.
2011-12-14,T1_45D,100000.0,0.0,100000.0,100000.0,0.0,0,0.0,REFERENCE,This test uses the supplied/current ticker universe and is not a survivorship-bias-free historical index-constituent study.
2011-12-15,T1_45D,100000.0,0.0,100000.0,100000.0,0.0,0,0.0,REFERENCE,This test uses the supplied/current ticker universe and is not a survivorship-bias-free historical index-constituent study.
2011-12-16,T1_45D,100000.0,0.0,100000.0,100000.0,0.0,0,0.0,REFERENCE,This test uses the supplied/current ticker universe and is not a survivorship-bias-free historical index-constituent study.
2011-12-19,T1_45D,100000.0,0.0,100000.0,100000.0,0.0,0,0.0,REFERENCE,This test uses the supplied/current ticker universe and is not a survivorship-bias-free historical index-constituent study.
2011-12-20,T1_45D,100000.0,0.0,100000.0,100000.0,0.0,0,0.0,REFERENCE,This test uses the supplied/current ticker universe and is not a survivorship-bias-free historical index-constituent study.
2011-12-21,T1_45D,100000.0,0.0,100000.0,100000.0,0.0,0,0.0,REFERENCE,This test uses the supplied/current ticker universe and is not a survivorship-bias-free historical index-constituent study.
2011-12-22,T1_45D,100000.0,0.0,100000.0,100000.0,0.0,0,0.0,REFERENCE,This test uses the supplied/current ticker universe and is not a survivorship-bias-free historical index-constituent study.
2011-12-23,T1_45D,100000.0,0.0,100000.0,100000.0,0.0,0,0.0,REFERENCE,This test uses the supplied/current ticker universe and is not a survivorship-bias-free historical index-constituent study.
2011-12-26,T1_45D,100000.0,0.0,100000.0,100000.0,0.0,0,0.0,REFERENCE,This test uses the supplied/current ticker universe and is not a survivorship-bias-free historical index-constituent study.
2011-12-27,T1_45D,100000.0,0.0,100000.0,100000.0,0.0,0,0.0,REFERENCE,This test uses the supplied/current ticker universe and is not a survivorship-bias-free historical index-constituent study.
2011-12-28,T1_45D,100000.0,0.0,100000.0,100000.0,0.0,0,0.0,REFERENCE,This test uses the supplied/current ticker universe and is not a survivorship-bias-free historical index-constituent study.
2011-12-29,T1_45D,100000.0,0.0,100000.0,100000.0,0.0,0,0.0,REFERENCE,This test uses the supplied/current ticker universe and is not a survivorship-bias-free historical index-constituent study.
2011-12-30,T1_45D,100000.0,0.0,100000.0,100000.0,0.0,0,0.0,REFERENCE,This test uses the supplied/current ticker universe and is not a survivorship-bias-free historical index-constituent study.
2012-01-02,T1_45D,100000.0,0.0,100000.0,100000.0,0.0,0,0.0,REFERENCE,This test uses the supplied/current ticker universe and is not a survivorship-bias-free historical index-constituent study.
2012-01-03,T1_45D,100000.0,0.0,100000.0,100000.0,0.0,0,0.0,REFERENCE,This test uses the supplied/current ticker universe and is not a survivorship-bias-free historical index-constituent study.
2012-01-04,T1_45D,100000.0,0.0,100000.0,100000.0,0.0,0,0.0,REFERENCE,This test uses the supplied/current ticker universe and is not a survivorship-bias-free historical index-constituent study.
2012-01-05,T1_45D,100000.0,0.0,100000.0,100000.0,0.0,0,0.0,REFERENCE,This test uses the supplied/current ticker universe and is not a survivorship-bias-free historical index-constituent study.
2012-01-06,T1_45D,100000.0,0.0,100000.0,100000.0,0.0,0,0.0,REFERENCE,This test uses the supplied/current ticker universe and is not a survivorship-bias-free historical index-constituent study.
2012-01-09,T1_45D,100000.0,0.0,100000.0,100000.0,0.0,0,0.0,REFERENCE,This test uses the supplied/current ticker universe and is not a survivorship-bias-free historical index-constituent study.
2012-01-10,T1_45D,100000.0,0.0,100000.0,100000.0,0.0,0,0.0,REFERENCE,This test uses the supplied/current ticker universe and is not a survivorship-bias-free historical index-constituent study.
2012-01-11,T1_45D,100000.0,0.0,100000.0,100000.0,0.0,0,0.0,REFERENCE,This test uses the supplied/current ticker universe and is not a survivorship-bias-free historical index-constituent study.
2012-01-12,T1_45D,100000.0,0.0,100000.0,100000.0,0.0,0,0.0,REFERENCE,This test uses the supplied/current ticker universe and is not a survivorship-bias-free historical index-constituent study.
2012-01-13,T1_45D,100000.0,0.0,100000.0,100000.0,0.0,0,0.0,REFERENCE,This test uses the supplied/current ticker universe and is not a survivorship-bias-free historical index-constituent study.
2012-01-16,T1_45D,100000.0,0.0,100000.0,100000.0,0.0,0,0.0,REFERENCE,This test uses the supplied/current ticker universe and is not a survivorship-bias-free historical index-constituent study.
2012-01-17,T1_45D,100000.0,0.0,100000.0,100000.0,0.0,0,0.0,REFERENCE,This test uses the supplied/current ticker universe and is not a survivorship-bias-free historical index-constituent study.
2012-01-18,T1_45D,100000.0,0.0,100000.0,100000.0,0.0,0,0.0,REFERENCE,This test uses the supplied/current ticker universe and is not a survivorship-bias-free historical index-constituent study.
2012-01-19,T1_45D,100000.0,0.0,100000.0,100000.0,0.0,0,0.0,REFERENCE,This test uses the supplied/current ticker universe and is not a survivorship-bias-free historical index-constituent study.
2012-01-20,T1_45D,100000.0,0.0,100000.0,100000.0,0.0,0,0.0,REFERENCE,This test uses the supplied/current ticker universe and is not a survivorship-bias-free historical index-constituent study.
2012-01-23,T1_45D,100000.0,0.0,100000.0,100000.0,0.0,0,0.0,REFERENCE,This test uses the supplied/current ticker universe and is not a survivorship-bias-free historical index-constituent study.
2012-01-24,T1_45D,100000.0,0.0,100000.0,100000.0,0.0,0,0.0,REFERENCE,This test uses the supplied/current ticker universe and is not a survivorship-bias-free historical index-constituent study.
2012-01-25,T1_45D,100000.0,0.0,100000.0,100000.0,0.0,0,0.0,REFERENCE,This test uses the supplied/current ticker universe and is not a survivorship-bias-free historical index-constituent study.
2012-01-27,T1_45D,100000.0,0.0,100000.0,100000.0,0.0,0,0.0,REFERENCE,This test uses the supplied/current ticker universe and is not a survivorship-bias-free historical index-constituent study.
2012-01-30,T1_45D,100000.0,0.0,100000.0,100000.0,0.0,0,0.0,REFERENCE,This test uses the supplied/current ticker universe and is not a survivorship-bias-free historical index-constituent study.
2012-01-31,T1_45D,100000.0,0.0,100000.0,100000.0,0.0,0,0.0,REFERENCE,This test uses the supplied/current ticker universe and is not a survivorship-bias-free historical index-constituent study.
2012-02-01,T1_45D,100000.0,0.0,100000.0,100000.0,0.0,0,0.0,REFERENCE,This test uses the supplied/current ticker universe and is not a survivorship-bias-free historical index-constituent study.
2012-02-02,T1_45D,100000.0,0.0,100000.0,100000.0,0.0,0,0.0,REFERENCE,This test uses the supplied/current ticker universe and is not a survivorship-bias-free historical index-constituent study.
2012-02-03,T1_45D,100000.0,0.0,100000.0,100000.0,0.0,0,0.0,REFERENCE,This test uses the supplied/current ticker universe and is not a survivorship-bias-free historical index-constituent study.
2012-02-06,T1_45D,100000.0,0.0,100000.0,100000.0,0.0,0,0.0,REFERENCE,This test uses the supplied/current ticker universe and is not a survivorship-bias-free historical index-constituent study.
2012-02-07,T1_45D,100000.0,0.0,100000.0,100000.0,0.0,0,0.0,REFERENCE,This test uses the supplied/current ticker universe and is not a survivorship-bias-free historical index-constituent study.
2012-02-08,T1_45D,100000.0,0.0,100000.0,100000.0,0.0,0,0.0,REFERENCE,This test uses the supplied/current ticker universe and is not a survivorship-bias-free historical index-constituent study.
2012-02-09,T1_45D,100000.0,0.0,100000.0,100000.0,0.0,0,0.0,REFERENCE,This test uses the supplied/current ticker universe and is not a survivorship-bias-free historical index-constituent study.
2012-02-10,T1_45D,100000.0,0.0,100000.0,100000.0,0.0,0,0.0,REFERENCE,This test uses the supplied/current ticker universe and is not a survivorship-bias-free historical index-constituent study.
2012-02-13,T1_45D,100000.0,0.0,100000.0,100000.0,0.0,0,0.0,REFERENCE,This test uses the supplied/current ticker universe and is not a survivorship-bias-free historical index-constituent study.
2012-02-14,T1_45D,100000.0,0.0,100000.0,100000.0,0.0,0,0.0,REFERENCE,This test uses the supplied/current ticker universe and is not a survivorship-bias-free historical index-constituent study.
2012-02-15,T1_45D,100000.0,0.0,100000.0,100000.0,0.0,0,0.0,REFERENCE,This test uses the supplied/current ticker universe and is not a survivorship-bias-free historical index-constituent study.
2012-02-16,T1_45D,100000.0,0.0,100000.0,100000.0,0.0,0,0.0,REFERENCE,This test uses the supplied/current ticker universe and is not a survivorship-bias-free historical index-constituent study.
2012-02-17,T1_45D,100000.0,0.0,100000.0,100000.0,0.0,0,0.0,REFERENCE,This test uses the supplied/current ticker universe and is not a survivorship-bias-free historical index-constituent study.
2012-02-21,T1_45D,100000.0,0.0,100000.0,100000.0,0.0,0,0.0,REFERENCE,This test uses the supplied/current ticker universe and is not a survivorship-bias-free historical index-constituent study.
2012-02-22,T1_45D,100000.0,0.0,100000.0,100000.0,0.0,0,0.0,REFERENCE,This test uses the supplied/current ticker universe and is not a survivorship-bias-free historical index-constituent study.
2012-02-23,T1_45D,100000.0,0.0,100000.0,100000.0,0.0,0,0.0,REFERENCE,This test uses the supplied/current ticker universe and is not a survivorship-bias-free historical index-constituent study.
2012-02-24,T1_45D,100000.0,0.0,100000.0,100000.0,0.0,0,0.0,REFERENCE,This test uses the supplied/current ticker universe and is not a survivorship-bias-free historical index-constituent study.
2012-02-27,T1_45D,100000.0,0.0,100000.0,100000.0,0.0,0,0.0,REFERENCE,This test uses the supplied/current ticker universe and is not a survivorship-bias-free historical index-constituent study.
2012-02-28,T1_45D,81410.956889383,18371.54998779297,99782.50687717597,100000.0,-0.21749312282403066,1,-0.21749312282403066,REFERENCE,This test uses the supplied/current ticker universe and is not a survivorship-bias-free historical index-constituent study.
2012-02-29,T1_45D,81410.956889383,18900.51483154297,100311.47172092597,100311.47172092597,0.0,1,0.5301178135373119,REFERENCE,This test uses the supplied/current ticker universe and is not a survivorship-bias-free historical index-constituent study.
2012-03-01,T1_45D,81410.956889383,18572.64617919922,99983.60306858222,100311.47172092597,-0.32685060513906183,1,-0.32685060513906183,REFERENCE,This test uses the supplied/current ticker universe and is not a survivorship-bias-free historical index-constituent study.
2012-03-02,T1_45D,81410.956889383,18754.065551757812,100165.02244114081,100311.47172092597,-0.1459945480538738,1,0.18144912464712615,REFERENCE,This test uses the supplied/current ticker universe and is not a survivorship-bias-free historical index-constituent study.
2012-03-05,T1_45D,37090.637095393315,62852.45518493652,99943.09228032985,100311.47172092597,-0.36723560553570955,3,-0.22156452961549222,REFERENCE,This test uses the supplied/current ticker universe and is not a survivorship-bias-free historical index-constituent study.
2012-03-06,T1_45D,37090.637095393315,63121.751708984375,100212.3888043777,100311.47172092597,-0.0987752595475122,3,0.2694498618198704,REFERENCE,This test uses the supplied/current ticker universe and is not a survivorship-bias-free historical index-constituent study.
2012-03-07,T1_45D,37090.637095393315,63543.61376953125,100634.25086492457,100634.25086492457,0.0,3,0.42096797170496636,REFERENCE,This test uses the supplied/current ticker universe and is not a survivorship-bias-free historical index-constituent study.
2012-03-09,T1_45D,37090.637095393315,63267.87387084961,100358.51096624293,100634.25086492457,-0.27400203838328085,3,-0.27400203838328085,REFERENCE,This test uses the supplied/current ticker universe and is not a survivorship-bias-free historical index-constituent study.
2012-03-12,T1_45D,37090.637095393315,62858.41925048828,99949.0563458816,100634.25086492457,-0.6808760567638794,3,-0.40799192457036115,REFERENCE,This test uses the supplied/current ticker universe and is not a survivorship-bias-free historical index-constituent study.
2012-03-13,T1_45D,37090.637095393315,63037.76599121094,100128.40308660426,100634.25086492457,-0.5026596551101492,3,0.1794381530747069,REFERENCE,This test uses the supplied/current ticker universe and is not a survivorship-bias-free historical index-constituent study.
2012-03-14,T1_45D,58477.218862989415,41140.7891998291,99618.00806281852,100634.25086492457,-1.0098378965130772,2,-0.5097405012484568,REFERENCE,This test uses the supplied/current ticker universe and is not a survivorship-bias-free historical index-constituent study.
2012-03-15,T1_45D,58477.218862989415,41225.84898376465,99703.06784675407,100634.25086492457,-0.9253142048231355,2,0.08538595138531946,REFERENCE,This test uses the supplied/current ticker universe and is not a survivorship-bias-free historical index-constituent study.
2012-03-16,T1_45D,58477.218862989415,41141.365661621094,99618.58452461052,100634.25086492457,-1.0092650678915738,2,-0.08473492738799715,REFERENCE,This test uses the supplied/current ticker universe and is not a survivorship-bias-free historical index-constituent study.
2012-03-19,T1_45D,47479.60281810438,52066.470642089844,99546.07346019422,100634.25086492457,-1.0813191288033153,3,-0.07278869175096903,REFERENCE,This test uses the supplied/current ticker universe and is not a survivorship-bias-free historical index-constituent study.
2012-03-20,T1_45D,47479.60281810438,52245.26058959961,99724.86340770399,100634.25086492457,-0.9036560111538972,3,0.17960522328512862,REFERENCE,This test uses the supplied/current ticker universe and is not a survivorship-bias-free historical index-constituent study.
2012-03-21,T1_45D,47479.60281810438,52451.65058135986,99931.25339946424,100634.25086492457,-0.6985667994924727,3,0.2069594128361718,REFERENCE,This test uses the supplied/current ticker universe and is not a survivorship-bias-free historical index-constituent study.
2012-03-22,T1_45D,47479.60281810438,51661.11083984375,99140.71365794813,100634.25086492457,-1.4841241368022229,3,-0.791083584587915,REFERENCE,This test uses the supplied/current ticker universe and is not a survivorship-bias-free historical index-constituent study.
2012-03-23,T1_45D,47479.60281810438,52320.2762298584,99799.87904796278,100634.25086492457,-0.8291131595759782,3,0.6648786010244878,REFERENCE,This test uses the supplied/current ticker universe and is not a survivorship-bias-free historical index-constituent study.
2012-03-26,T1_45D,17435.26019372418,81932.67910766602,99367.9393013902,100634.25086492457,-1.2583305908781206,5,-0.43280588182376123,REFERENCE,This test uses the supplied/current ticker universe and is not a survivorship-bias-free historical index-constituent study.
2012-03-27,T1_45D,17435.26019372418,82212.06993103027,99647.33012475446,100634.25086492457,-0.9807006378919625,5,0.28116797563533247,REFERENCE,This test uses the supplied/current ticker universe and is not a survivorship-bias-free historical index-constituent study.
2012-03-28,T1_45D,17435.26019372418,82204.95975494385,99640.21994866803,100634.25086492457,-0.9877660018464018,5,-0.007135340282093949,REFERENCE,This test uses the supplied/current ticker universe and is not a survivorship-bias-free historical index-constituent study.
2012-03-29,T1_45D,32872.266202237835,66150.64349365234,99022.90969589018,100634.25086492457,-1.6011856352935006,4,-0.6195392313424031,REFERENCE,This test uses the supplied/current ticker universe and is not a survivorship-bias-free historical index-constituent study.
2012-03-30,T1_45D,32872.266202237835,67468.55696105957,100340.8231632974,100634.25086492457,-0.291578363335776,4,1.3309177355570245,REFERENCE,This test uses the supplied/current ticker universe and is not a survivorship-bias-free historical index-constituent study.
2012-04-02,T1_45D,32872.266202237835,67351.76071166992,100224.02691390776,100634.25086492457,-0.40763850030287596,4,-0.11639953281983306,REFERENCE,This test uses the supplied/current ticker universe and is not a survivorship-bias-free historical index-constituent study.
2012-04-03,T1_45D,32872.266202237835,67262.74040222168,100135.00660445952,100634.25086492457,-0.4960977561557667,4,-0.0888213257732251,REFERENCE,This test uses the supplied/current ticker universe and is not a survivorship-bias-free historical index-constituent study.
2012-04-04,T1_45D,32872.266202237835,67167.64646148682,100039.91266372465,100634.25086492457,-0.5905923640229238,4,-0.09496573072640402,REFERENCE,This test uses the supplied/current ticker universe and is not a survivorship-bias-free historical index-constituent study.
2012-04-09,T1_45D,32872.266202237835,66225.54989624023,99097.81609847807,100634.25086492457,-1.5267513329122573,4,-0.9417206994305927,REFERENCE,This test uses the supplied/current ticker universe and is not a survivorship-bias-free historical index-constituent study.
2012-04-10,T1_45D,32872.266202237835,66289.78966522217,99162.05586746,100634.25086492457,-1.4629164373078152,4,0.06482460614278818,REFERENCE,This test uses the supplied/current ticker universe and is not a survivorship-bias-free historical index-constituent study.
2012-04-11,T1_45D,32872.266202237835,66556.65040588379,99428.91660812162,100634.25086492457,-1.1977375957424208,4,0.26911578055450747,REFERENCE,This test uses the supplied/current ticker universe and is not a survivorship-bias-free historical index-constituent study.
2012-04-12,T1_45D,32872.266202237835,66513.68087768555,99385.94707992338,100634.25086492457,-1.2404363069952296,4,-0.04321632947846821,REFERENCE,This test uses the supplied/current ticker universe and is not a survivorship-bias-free historical index-constituent study.
2012-04-13,T1_45D,64647.83130002848,32359.564025878906,97007.39532590739,100634.25086492457,-3.603997155884131,2,-2.3932475605461856,REFERENCE,This test uses the supplied/current ticker universe and is not a survivorship-bias-free historical index-constituent study.
2012-04-16,T1_45D,64647.83130002848,32639.054748535156,97286.88604856364,100634.25086492457,-3.326267933224747,2,0.28811279976879156,REFERENCE,This test uses the supplied/current ticker universe and is not a survivorship-bias-free historical index-constituent study.
2012-04-17,T1_45D,54053.23484422603,43375.17509460449,97428.40993883053,100634.25086492457,-3.1856360021967567,3,0.14547067545800374,REFERENCE,This test uses the supplied/current ticker universe and is not a survivorship-bias-free historical index-constituent study.
2012-04-18,T1_45D,54053.23484422603,43962.909103393555,98016.1439476196,100634.25086492457,-2.6016062074324053,3,0.6032470499703901,REFERENCE,This test uses the supplied/current ticker universe and is not a survivorship-bias-free historical index-constituent study.
2012-04-19,T1_45D,54053.23484422603,43939.76222229004,97992.99706651608,100634.25086492457,-2.6246072045129965,3,-0.023615376173014013,REFERENCE,This test uses the supplied/current ticker universe and is not a survivorship-bias-free historical index-constituent study.
2012-04-20,T1_45D,54053.23484422603,44167.782638549805,98221.01748277585,100634.25086492457,-2.3980238948545174,3,0.2326905218594133,REFERENCE,This test uses the supplied/current ticker universe and is not a survivorship-bias-free historical index-constituent study.
2012-04-23,T1_45D,54053.23484422603,43863.11050415039,97916.34534837643,100634.25086492457,-2.7007758225340406,3,-0.3101903667948047,REFERENCE,This test uses the supplied/current ticker universe and is not a survivorship-bias-free historical index-constituent study.
2012-04-24,T1_45D,54053.23484422603,44588.26094055176,98641.4957847778,100634.25086492457,-1.9801956719701086,3,0.7405815993452025,REFERENCE,This test uses the supplied/current ticker universe and is not a survivorship-bias-free historical index-constituent study.
2012-04-25,T1_45D,71867.12358615504,25139.070892333984,97006.19447848902,100634.25086492457,-3.6051904349198916,2,-1.6578229002698563,REFERENCE,This test uses the supplied/current ticker universe and is not a survivorship-bias-free historical index-constituent study.
2012-04-26,T1_45D,71867.12358615504,25116.961471557617,96984.08505771265,100634.25086492457,-3.627160510303118,2,-0.022791761799567656,REFERENCE,This test uses the supplied/current ticker universe and is not a survivorship-bias-free historical index-constituent study.
2012-04-27,T1_45D,71867.12358615504,25387.246139526367,97254.3697256814,100634.25086492457,-3.3585793208514847,2,0.2786897126553445,REFERENCE,This test uses the supplied/current ticker universe and is not a survivorship-bias-free historical index-constituent study.
2012-04-30,T1_45D,71867.12358615504,25173.976593017574,97041.10017917262,100634.25086492457,-3.570504728628454,2,-0.21929045153481486,REFERENCE,This test uses the supplied/current ticker universe and is not a survivorship-bias-free historical index-constituent study.
2012-05-02,T1_45D,71867.12358615504,25237.331329345703,97104.45491550074,100634.25086492457,-3.5075492877287506,2,0.06528649841268663,REFERENCE,This test uses the supplied/current ticker universe and is not a survivorship-bias-free historical index-constituent study.
2012-05-03,T1_45D,71867.12358615504,24916.828567504883,96783.95215365992,100634.25086492457,-3.826032069769847,2,-0.33005979192172186,REFERENCE,This test uses the supplied/current ticker universe and is not a survivorship-bias-free historical index-constituent study.
2012-05-04,T1_45D,71867.12358615504,24578.33871459961,96445.46230075465,100634.25086492457,-4.162388578608578,2,-0.3497375808417802,REFERENCE,This test uses the supplied/current ticker universe and is not a survivorship-bias-free historical index-constituent study.
2012-05-07,T1_45D,71867.12358615504,25242.836868286133,97109.96045444117,100634.25086492457,-3.502078447638912,2,0.6889885100185955,REFERENCE,This test uses the supplied/current ticker universe and is not a survivorship-bias-free historical index-constituent study.
2012-05-08,T1_45D,71867.12358615504,25027.254623413086,96894.37820956812,100634.25086492457,-3.7163019779182904,2,-0.22199807709136765,REFERENCE,This test uses the supplied/current ticker universe and is not a survivorship-bias-free historical index-constituent study.
2012-05-09,T1_45D,71867.12358615504,24949.51368713379,96816.63727328883,100634.25086492457,-3.7935529492437947,2,-0.08023265922730838,REFERENCE,This test uses the supplied/current ticker universe and is not a survivorship-bias-free historical index-constituent study.
2012-05-10,T1_45D,71867.12358615504,24593.17808532715,96460.30167148219,100634.25086492457,-4.147642733530987,2,-0.36805203304137724,REFERENCE,This test uses the supplied/current ticker universe and is not a survivorship-bias-free historical index-constituent study.
2012-05-11,T1_45D,84993.77228590133,11166.253326416014,96160.02561231735,100634.25086492457,-4.446026292392946,1,-0.31129496172166427,REFERENCE,This test uses the supplied/current ticker universe and is not a survivorship-bias-free historical index-constituent study.
2012-05-14,T1_45D,84993.77228590133,11220.968597412108,96214.74088331344,100634.25086492457,-4.391655866294652,1,0.056900225065126264,REFERENCE,This test uses the supplied/current ticker universe and is not a survivorship-bias-free historical index-constituent study.
2012-05-15,T1_45D,84993.77228590133,11106.981689453125,96100.75397535446,100634.25086492457,-4.504924367803131,1,-0.11847135575330237,REFERENCE,This test uses the supplied/current ticker universe and is not a survivorship-bias-free historical index-constituent study.
2012-05-16,T1_45D,84993.77228590133,10655.587432861324,95649.35971876266,100634.25086492457,-4.953473696398691,1,-0.46970938095611814,REFERENCE,This test uses the supplied/current ticker universe and is not a survivorship-bias-free historical index-constituent study.
2012-05-17,T1_45D,84993.77228590133,10484.606323242188,95478.37860914352,100634.25086492457,-5.123377191629796,1,-0.17875823750611586,REFERENCE,This test uses the supplied/current ticker universe and is not a survivorship-bias-free historical index-constituent study.
2012-05-18,T1_45D,84993.77228590133,10441.291687011719,95435.06397291305,100634.25086492457,-5.166418835859455,1,-0.045365910964811906,REFERENCE,This test uses the supplied/current ticker universe and is not a survivorship-bias-free historical index-constituent study.
2012-05-21,T1_45D,84993.77228590133,10507.403106689453,95501.17539259078,100634.25086492457,-5.100724085702801,1,0.06927372071181548,REFERENCE,This test uses the supplied/current ticker universe and is not a survivorship-bias-free historical index-constituent study.
2012-05-22,T1_45D,84993.77228590133,10541.601272583008,95535.37355848434,100634.25086492457,-5.066741454938795,1,0.03580915706322685,REFERENCE,This test uses the supplied/current ticker universe and is not a survivorship-bias-free historical index-constituent study.
2012-05-23,T1_45D,84993.77228590133,10211.03370666504,95204.80599256637,100634.25086492457,-5.3952256072793965,1,-0.346015882499906,REFERENCE,This test uses the supplied/current ticker universe and is not a survivorship-bias-free historical index-constituent study.
2012-05-24,T1_45D,84993.77228590133,10313.624465942383,95307.39675184371,100634.25086492457,-5.293281429829277,1,0.10775796264461679,REFERENCE,This test uses the supplied/current ticker universe and is not a survivorship-bias-free historical index-constituent study.
2012-05-25,T1_45D,84993.77228590133,10192.797027587892,95186.56931348922,100634.25086492457,-5.413347349052611,1,-0.12677655929381748,REFERENCE,This test uses the supplied/current ticker universe and is not a survivorship-bias-free historical index-constituent study.
2012-05-28,T1_45D,84993.77228590133,10673.827102661133,95667.59938856246,100634.25086492457,-4.935348982751964,1,0.5053549870980278,REFERENCE,This test uses the supplied/current ticker universe and is not a survivorship-bias-free historical index-constituent study.
2012-05-29,T1_45D,84993.77228590133,10580.356552124023,95574.12883802535,100634.25086492457,-5.0282304318945314,1,-0.09770345564695804,REFERENCE,This test uses the supplied/current ticker universe and is not a survivorship-bias-free historical index-constituent study.
2012-05-30,T1_45D,84993.77228590133,10208.757019042969,95202.5293049443,100634.25086492457,-5.397487945998581,1,-0.3888076591425982,REFERENCE,This test uses the supplied/current ticker universe and is not a survivorship-bias-free historical index-constituent study.
2012-05-31,T1_45D,84993.77228590133,10154.041748046875,95147.8140339482,100634.25086492457,-5.4518583720968845,1,-0.05747249720733372,REFERENCE,This test uses the supplied/current ticker universe and is not a survivorship-bias-free historical index-constituent study.
2012-06-01,T1_45D,84993.77228590133,10092.488189697264,95086.2604755986,100634.25086492457,-5.513023987004894,1,-0.0646925617520222,REFERENCE,This test uses the supplied/current ticker universe and is not a survivorship-bias-free historical index-constituent study.
2012-06-04,T1_45D,94844.30685849945,0.0,94844.30685849945,100634.25086492457,-5.753452683020043,0,-0.2544569697966459,REFERENCE,This test uses the supplied/current ticker universe and is not a survivorship-bias-free historical index-constituent study.
2012-06-05,T1_45D,94844.30685849945,0.0,94844.30685849945,100634.25086492457,-5.753452683020043,0,0.0,REFERENCE,This test uses the supplied/current ticker universe and is not a survivorship-bias-free historical index-constituent study.
2012-06-06,T1_45D,94844.30685849945,0.0,94844.30685849945,100634.25086492457,-5.753452683020043,0,0.0,REFERENCE,This test uses the supplied/current ticker universe and is not a survivorship-bias-free historical index-constituent study.
2012-06-07,T1_45D,94844.30685849945,0.0,94844.30685849945,100634.25086492457,-5.753452683020043,0,0.0,REFERENCE,This test uses the supplied/current ticker universe and is not a survivorship-bias-free historical index-constituent study.
2012-06-08,T1_45D,94844.30685849945,0.0,94844.30685849945,100634.25086492457,-5.753452683020043,0,0.0,REFERENCE,This test uses the supplied/current ticker universe and is not a survivorship-bias-free historical index-constituent study.
2012-06-11,T1_45D,94844.30685849945,0.0,94844.30685849945,100634.25086492457,-5.753452683020043,0,0.0,REFERENCE,This test uses the supplied/current ticker universe and is not a survivorship-bias-free historical index-constituent study.
2012-06-12,T1_45D,94844.30685849945,0.0,94844.30685849945,100634.25086492457,-5.753452683020043,0,0.0,REFERENCE,This test uses the supplied/current ticker universe and is not a survivorship-bias-free historical index-constituent study.
2012-06-13,T1_45D,94844.30685849945,0.0,94844.30685849945,100634.25086492457,-5.753452683020043,0,0.0,REFERENCE,This test uses the supplied/current ticker universe and is not a survivorship-bias-free historical index-constituent study.
2012-06-14,T1_45D,87629.01269023115,7124.043640136718,94753.05633036786,100634.25086492457,-5.844128101525481,1,-0.09621086510518406,REFERENCE,This test uses the supplied/current ticker universe and is not a survivorship-bias-free historical index-constituent study.
2012-06-15,T1_45D,87629.01269023115,7263.842834472656,94892.8555247038,100634.25086492457,-5.705209996472382,1,0.14754056465313692,REFERENCE,This test uses the supplied/current ticker universe and is not a survivorship-bias-free historical index-constituent study.
2012-06-18,T1_45D,87629.01269023115,7215.357879638672,94844.37056986982,100634.25086492457,-5.753389373192796,1,-0.05109442071891124,REFERENCE,This test uses the supplied/current ticker universe and is not a survivorship-bias-free historical index-constituent study.
2012-06-19,T1_45D,87629.01269023115,7259.802154541016,94888.81484477216,100634.25086492457,-5.709225209878266,1,0.04686021388016215,REFERENCE,This test uses the supplied/current ticker universe and is not a survivorship-bias-free historical index-constituent study.
2012-06-20,T1_45D,87629.01269023115,7363.23779296875,94992.2504831999,100634.25086492457,-5.606441478157964,1,0.10900719815811755,REFERENCE,This test uses the supplied/current ticker universe and is not a survivorship-bias-free historical index-constituent study.
2012-06-21,T1_45D,87629.01269023115,7436.771759033203,95065.78444926435,100634.25086492457,-5.533370962471262,1,0.07741048947720319,REFERENCE,This test uses the supplied/current ticker universe and is not a survivorship-bias-free historical index-constituent study.
2012-06-22,T1_45D,87629.01269023115,7439.195526123047,95068.20821635419,100634.25086492457,-5.530962471257772,1,0.002549568284626602,REFERENCE,This test uses the supplied/current ticker universe and is not a survivorship-bias-free historical index-constituent study.
2012-06-25,T1_45D,87629.01269023115,7435.156768798828,95064.16945902997,100634.25086492457,-5.5349757741735335,1,-0.004248273318696594,REFERENCE,This test uses the supplied/current ticker universe and is not a survivorship-bias-free historical index-constituent study.
2012-06-26,T1_45D,87629.01269023115,7284.043670654297,94913.05636088544,100634.25086492457,-5.68513647676312,1,-0.15895904735133692,REFERENCE,This test uses the supplied/current ticker universe and is not a survivorship-bias-free historical index-constituent study.
2012-06-27,T1_45D,87629.01269023115,7312.328430175781,94941.34112040693,100634.25086492457,-5.657029982921924,1,0.029800704566862457,REFERENCE,This test uses the supplied/current ticker universe and is not a survivorship-bias-free historical index-constituent study.
2012-06-28,T1_45D,87629.01269023115,7299.398254394531,94928.41094462568,100634.25086492457,-5.6698786658207485,1,-0.01361912063665427,REFERENCE,This test uses the supplied/current ticker universe and is not a survivorship-bias-free historical index-constituent study.
2012-06-29,T1_45D,87629.01269023115,7345.458801269531,94974.47149150068,100634.25086492457,-5.624108417143869,1,0.048521350369878924,REFERENCE,This test uses the supplied/current ticker universe and is not a survivorship-bias-free historical index-constituent study.
2012-07-02,T1_45D,87629.01269023115,7217.780364990234,94846.79305522138,100634.25086492457,-5.750982155639395,1,-0.13443447936504205,REFERENCE,This test uses the supplied/current ticker universe and is not a survivorship-bias-free historical index-constituent study.
2012-07-03,T1_45D,87629.01269023115,7132.9324951171875,94761.94518534833,100634.25086492457,-5.8352952688625725,1,-0.08945781627391902,REFERENCE,This test uses the supplied/current ticker universe and is not a survivorship-bias-free historical index-constituent study.
2012-07-04,T1_45D,87629.01269023115,7142.719207763672,94771.73189799482,100634.25086492457,-5.825570237312805,1,0.010327682306798813,REFERENCE,This test uses the supplied/current ticker universe and is not a survivorship-bias-free historical index-constituent study.
2012-07-05,T1_45D,87629.01269023115,7190.019195556641,94819.03188578779,100634.25086492457,-5.778568359337433,1,0.04990938420739166,REFERENCE,This test uses the supplied/current ticker universe and is not a survivorship-bias-free historical index-constituent study.
2012-07-06,T1_45D,87629.01269023115,7274.824768066406,94903.83745829755,100634.25086492457,-5.69429727689692,1,0.08943939926735478,REFERENCE,This test uses the supplied/current ticker universe and is not a survivorship-bias-free historical index-constituent study.
2012-07-09,T1_45D,87629.01269023115,7240.575439453125,94869.58812968427,100634.25086492457,-5.7283307479258365,1,-0.036088454935589986,REFERENCE,This test uses the supplied/current ticker universe and is not a survivorship-bias-free historical index-constituent study.
2012-07-10,T1_45D,87629.01269023115,7280.532989501953,94909.5456797331,100634.25086492457,-5.6886250317254365,1,0.04211839730368094,REFERENCE,This test uses the supplied/current ticker universe and is not a survivorship-bias-free historical index-constituent study.
2012-07-11,T1_45D,87629.01269023115,7198.986236572266,94827.99892680341,100634.25086492457,-5.769657833409569,1,-0.08592049655875567,REFERENCE,This test uses the supplied/current ticker universe and is not a survivorship-bias-free historical index-constituent study.
2012-07-12,T1_45D,87629.01269023115,7224.2666015625,94853.27929179365,100634.25086492457,-5.744536798798638,1,0.02665917796045303,REFERENCE,This test uses the supplied/current ticker universe and is not a survivorship-bias-free historical index-constituent study.
2012-07-13,T1_45D,87629.01269023115,7194.094482421875,94823.10717265302,100634.25086492457,-5.774518757109348,1,-0.03180925252759259,REFERENCE,This test uses the supplied/current ticker universe and is not a survivorship-bias-free historical index-constituent study.
2012-07-16,T1_45D,87629.01269023115,7194.909027099609,94823.92171733076,100634.25086492457,-5.7737093461277755,1,0.000859014961673843,REFERENCE,This test uses the supplied/current ticker universe and is not a survivorship-bias-free historical index-constituent study.
2012-07-17,T1_45D,87629.01269023115,7243.8387451171875,94872.85143534833,100634.25086492457,-5.7250880093591805,1,0.05160060576636649,REFERENCE,This test uses the supplied/current ticker universe and is not a survivorship-bias-free historical index-constituent study.
2012-07-18,T1_45D,87629.01269023115,7278.903259277344,94907.91594950849,100634.25086492457,-5.690244490518648,1,0.036959481695397756,REFERENCE,This test uses the supplied/current ticker universe and is not a survivorship-bias-free historical index-constituent study.
2012-07-19,T1_45D,87629.01269023115,7284.611480712891,94913.62417094404,100634.25086492457,-5.684572245347164,1,0.006014484016891863,REFERENCE,This test uses the supplied/current ticker universe and is not a survivorship-bias-free historical index-constituent study.
2012-07-20,T1_45D,87629.01269023115,7274.824768066406,94903.83745829755,100634.25086492457,-5.69429727689692,1,-0.010311177907251778,REFERENCE,This test uses the supplied/current ticker universe and is not a survivorship-bias-free historical index-constituent study.
2012-07-23,T1_45D,87629.01269023115,7224.2666015625,94853.27929179365,100634.25086492457,-5.744536798798638,1,-0.053273047600543855,REFERENCE,This test uses the supplied/current ticker universe and is not a survivorship-bias-free historical index-constituent study.
2012-07-24,T1_45D,69536.9595971375,25772.242645263676,95309.20224240117,100634.25086492457,-5.291487318438836,2,0.4806612423013723,REFERENCE,This test uses the supplied/current ticker universe and is not a survivorship-bias-free historical index-constituent study.
2012-07-25,T1_45D,69536.9595971375,25409.814849853516,94946.77444699101,100634.25086492457,-5.6516309000675395,2,-0.38026527017652745,REFERENCE,This test uses the supplied/current ticker universe and is not a survivorship-bias-free historical index-constituent study.
2012-07-26,T1_45D,69536.9595971375,25052.406860351562,94589.36645748906,100634.25086492457,-6.006786313289303,2,-0.3764298382790243,REFERENCE,This test uses the supplied/current ticker universe and is not a survivorship-bias-free historical index-constituent study.
2012-07-27,T1_45D,86903.8372856019,7577.366271972657,94481.20355757455,100634.25086492457,-6.114267512766491,1,-0.11434995704630024,REFERENCE,This test uses the supplied/current ticker universe and is not a survivorship-bias-free historical index-constituent study.
2012-07-30,T1_45D,86903.8372856019,7596.123870849609,94499.9611564515,100634.25086492457,-6.095628134308628,1,0.019853259876745355,REFERENCE,This test uses the supplied/current ticker universe and is not a survivorship-bias-free historical index-constituent study.
2012-07-31,T1_45D,86903.8372856019,7622.216857910157,94526.05414351205,100634.25086492457,-6.069699599206224,1,0.027611637868663053,REFERENCE,This test uses the supplied/current ticker universe and is not a survivorship-bias-free historical index-constituent study.
2012-08-01,T1_45D,86903.8372856019,7667.882629394532,94571.71991499643,100634.25086492457,-6.0243216378343405,1,0.04831024832057107,REFERENCE,This test uses the supplied/current ticker universe and is not a survivorship-bias-free historical index-constituent study.
2012-08-02,T1_45D,86903.8372856019,7640.156707763672,94543.99399336557,100634.25086492457,-6.051872815880143,1,-0.029317349473800824,REFERENCE,This test uses the supplied/current ticker universe and is not a survivorship-bias-free historical index-constituent study.
2012-08-03,T1_45D,86903.8372856019,7609.9852294921875,94513.82251509409,100634.25086492457,-6.08185413736082,1,-0.03191263347050999,REFERENCE,This test uses the supplied/current ticker universe and is not a survivorship-bias-free historical index-constituent study.
2012-08-06,T1_45D,86903.8372856019,7622.216857910157,94526.05414351205,100634.25086492457,-6.069699599206224,1,0.012941629163298884,REFERENCE,This test uses the supplied/current ticker universe and is not a survivorship-bias-free historical index-constituent study.
2012-08-07,T1_45D,86903.8372856019,7663.804779052734,94567.64206465463,100634.25086492457,-6.028373787382579,1,0.04399625216497949,REFERENCE,This test uses the supplied/current ticker universe and is not a survivorship-bias-free historical index-constituent study.
2012-08-08,T1_45D,86903.8372856019,7782.050262451172,94685.88754805307,100634.25086492457,-5.910873550254414,1,0.12503799483294387,REFERENCE,This test uses the supplied/current ticker universe and is not a survivorship-bias-free historical index-constituent study.
2012-08-09,T1_45D,86903.8372856019,7963.0836181640625,94866.92090376596,100634.25086492457,-5.730981163560067,1,0.1911935985402513,REFERENCE,This test uses the supplied/current ticker universe and is not a survivorship-bias-free historical index-constituent study.
2012-08-10,T1_45D,86903.8372856019,8117.208160400391,95021.04544600229,100634.25086492457,-5.577827996609786,1,0.16246394503798278,REFERENCE,This test uses the supplied/current ticker universe and is not a survivorship-bias-free historical index-constituent study.
2012-08-13,T1_45D,86903.8372856019,7996.517761230469,94900.35504683237,100634.25086492457,-5.697757740342779,1,-0.12701438781633767,REFERENCE,This test uses the supplied/current ticker universe and is not a survivorship-bias-free historical index-constituent study.
2012-08-14,T1_45D,86903.8372856019,8087.849945068359,94991.68723067026,100634.25086492457,-5.607001180768956,1,0.09624008655479965,REFERENCE,This test uses the supplied/current ticker universe and is not a survivorship-bias-free historical index-constituent study.
2012-08-16,T1_45D,94964.86511763392,0.0,94964.86511763392,100634.25086492457,-5.633654246505337,0,-0.028236273950166257,REFERENCE,This test uses the supplied/current ticker universe and is not a survivorship-bias-free historical index-constituent study.
2012-08-17,T1_45D,94964.86511763392,0.0,94964.86511763392,100634.25086492457,-5.633654246505337,0,0.0,REFERENCE,This test uses the supplied/current ticker universe and is not a survivorship-bias-free historical index-constituent study.
2012-08-21,T1_45D,94964.86511763392,0.0,94964.86511763392,100634.25086492457,-5.633654246505337,0,0.0,REFERENCE,This test uses the supplied/current ticker universe and is not a survivorship-bias-free historical index-constituent study.
2012-08-22,T1_45D,94964.86511763392,0.0,94964.86511763392,100634.25086492457,-5.633654246505337,0,0.0,REFERENCE,This test uses the supplied/current ticker universe and is not a survivorship-bias-free historical index-constituent study.
2012-08-23,T1_45D,94964.86511763392,0.0,94964.86511763392,100634.25086492457,-5.633654246505337,0,0.0,REFERENCE,This test uses the supplied/current ticker universe and is not a survivorship-bias-free historical index-constituent study.
2012-08-24,T1_45D,74990.27469817622,20135.694763183594,95125.96946135981,100634.25086492457,-5.473565268507041,1,0.1696462618320238,REFERENCE,This test uses the supplied/current ticker universe and is not a survivorship-bias-free historical index-constituent study.
2012-08-27,T1_45D,74990.27469817622,19792.727325439453,94783.00202361567,100634.25086492457,-5.814371142050523,1,-0.3605402811515668,REFERENCE,This test uses the supplied/current ticker universe and is not a survivorship-bias-free historical index-constituent study.
2012-08-28,T1_45D,94234.52780225416,0.0,94234.52780225416,100634.25086492457,-6.359388585562565,0,-0.578663061573903,REFERENCE,This test uses the supplied/current ticker universe and is not a survivorship-bias-free historical index-constituent study.
2012-08-29,T1_45D,94234.52780225416,0.0,94234.52780225416,100634.25086492457,-6.359388585562565,0,0.0,REFERENCE,This test uses the supplied/current ticker universe and is not a survivorship-bias-free historical index-constituent study.
2012-08-30,T1_45D,94234.52780225416,0.0,94234.52780225416,100634.25086492457,-6.359388585562565,0,0.0,REFERENCE,This test uses the supplied/current ticker universe and is not a survivorship-bias-free historical index-constituent study.
2012-08-31,T1_45D,80613.14208466647,13489.337051391602,94102.47913605807,100634.25086492457,-6.490605010448891,1,-0.14012768915570017,REFERENCE,This test uses the supplied/current ticker universe and is not a survivorship-bias-free historical index-constituent study.
2012-09-03,T1_45D,80613.14208466647,13486.81555175781,94099.95763642428,100634.25086492457,-6.49311061824357,1,-0.0026795251909850215,REFERENCE,This test uses the supplied/current ticker universe and is not a survivorship-bias-free historical index-constituent study.
2012-09-04,T1_45D,80613.14208466647,13431.379791259766,94044.52187592624,100634.25086492457,-6.548196992933686,1,-0.05891156796502539,REFERENCE,This test uses the supplied/current ticker universe and is not a survivorship-bias-free historical index-constituent study.
2012-09-05,T1_45D,80613.14208466647,13494.375396728516,94107.51748139499,100634.25086492457,-6.485598419458638,1,0.06698487504870343,REFERENCE,This test uses the supplied/current ticker universe and is not a survivorship-bias-free historical index-constituent study.
2012-09-06,T1_45D,57359.132627208885,36623.43681335449,93982.56944056338,100634.25086492457,-6.609758970918711,2,-0.13277158315891935,REFERENCE,This test uses the supplied/current ticker universe and is not a survivorship-bias-free historical index-constituent study.
2012-09-07,T1_45D,57359.132627208885,36884.83206176758,94243.96468897647,100634.25086492457,-6.35001117514693,2,0.2781316258632316,REFERENCE,This test uses the supplied/current ticker universe and is not a survivorship-bias-free historical index-constituent study.
2012-09-10,T1_45D,57359.132627208885,37062.62040710449,94421.75303431338,100634.25086492457,-6.173343347037841,2,0.18864692919451365,REFERENCE,This test uses the supplied/current ticker universe and is not a survivorship-bias-free historical index-constituent study.
2012-09-11,T1_45D,57359.132627208885,37070.81767272949,94429.95029993838,100634.25086492457,-6.165197744964446,2,0.008681543565525196,REFERENCE,This test uses the supplied/current ticker universe and is not a survivorship-bias-free historical index-constituent study.
2012-09-12,T1_45D,57359.132627208885,37188.63230895996,94547.76493616885,100634.25086492457,-6.048125639574986,2,0.12476405616677066,REFERENCE,This test uses the supplied/current ticker universe and is not a survivorship-bias-free historical index-constituent study.
2012-09-13,T1_45D,57359.132627208885,36983.41325378418,94342.54588099307,100634.25086492457,-6.252051294520477,2,-0.21705331195753796,REFERENCE,This test uses the supplied/current ticker universe and is not a survivorship-bias-free historical index-constituent study.
2012-09-14,T1_45D,57359.132627208885,37576.81098937988,94935.94361658877,100634.25086492457,-5.6623934687845985,2,0.6289821098788506,REFERENCE,This test uses the supplied/current ticker universe and is not a survivorship-bias-free historical index-constituent study.
2012-09-17,T1_45D,74763.46658074489,19988.920196533203,94752.3867772781,100634.25086492457,-5.8447934347336306,1,-0.19334809590348945,REFERENCE,This test uses the supplied/current ticker universe and is not a survivorship-bias-free historical index-constituent study.
2012-09-18,T1_45D,74763.46658074489,19721.281158447266,94484.74773919216,100634.25086492457,-6.110745668476758,1,-0.2824615264996333,REFERENCE,This test uses the supplied/current ticker universe and is not a survivorship-bias-free historical index-constituent study.
2012-09-20,T1_45D,74763.46658074489,19513.119262695312,94276.5858434402,100634.25086492457,-6.317595616643368,1,-0.22031269673973286,REFERENCE,This test uses the supplied/current ticker universe and is not a survivorship-bias-free historical index-constituent study.
2012-09-21,T1_45D,74763.46658074489,19534.745513916016,94298.2120946609,100634.25086492457,-6.296105665622886,1,0.022939154008638774,REFERENCE,This test uses the supplied/current ticker universe and is not a survivorship-bias-free historical index-constituent study.
2012-09-24,T1_45D,93991.62878779609,0.0,93991.62878779609,100634.25086492457,-6.600756720536916,0,-0.32512101773155555,REFERENCE,This test uses the supplied/current ticker universe and is not a survivorship-bias-free historical index-constituent study.
2012-09-25,T1_45D,75348.11324557458,18844.889472961426,94193.00271853601,100634.25086492457,-6.400651955996839,1,0.21424666572653628,REFERENCE,This test uses the supplied/current ticker universe and is not a survivorship-bias-free historical index-constituent study.
2012-09-26,T1_45D,75348.11324557458,18963.242446899414,94311.355692474,100634.25086492457,-6.28304490579199,1,0.12564943310242604,REFERENCE,This test uses the supplied/current ticker universe and is not a survivorship-bias-free historical index-constituent study.
2012-09-27,T1_45D,75348.11324557458,19449.94635772705,94798.05960330163,100634.25086492457,-5.799408463284051,1,0.5160607725910094,REFERENCE,This test uses the supplied/current ticker universe and is not a survivorship-bias-free historical index-constituent study.
2012-09-28,T1_45D,75348.11324557458,19249.931495666504,94598.04474124109,100634.25086492457,-5.998162724722356,1,-0.21099046003424382,REFERENCE,This test uses the supplied/current ticker universe and is not a survivorship-bias-free historical index-constituent study.
2012-10-01,T1_45D,75348.11324557458,19373.273208618164,94721.38645419275,100634.25086492457,-5.875598377204905,1,0.1303850553032504,REFERENCE,This test uses the supplied/current ticker universe and is not a survivorship-bias-free historical index-constituent study.
2012-10-03,T1_45D,75348.11324557458,19713.301124572754,95061.41437014734,100634.25086492457,-5.537713499012698,1,0.35897692029562833,REFERENCE,This test uses the supplied/current ticker universe and is not a survivorship-bias-free historical index-constituent study.
2012-10-04,T1_45D,95189.88658098209,0.0,95189.88658098209,100634.25086492457,-5.410050988753456,0,0.13514653835731139,REFERENCE,This test uses the supplied/current ticker universe and is not a survivorship-bias-free historical index-constituent study.
2012-10-05,T1_45D,95189.88658098209,0.0,95189.88658098209,100634.25086492457,-5.410050988753456,0,0.0,REFERENCE,This test uses the supplied/current ticker universe and is not a survivorship-bias-free historical index-constituent study.
2012-10-08,T1_45D,95189.88658098209,0.0,95189.88658098209,100634.25086492457,-5.410050988753456,0,0.0,REFERENCE,This test uses the supplied/current ticker universe and is not a survivorship-bias-free historical index-constituent study.
2012-10-09,T1_45D,87448.10606973026,7879.990722656248,95328.09679238651,100634.25086492457,-5.272711852011702,1,0.14519421796646004,REFERENCE,This test uses the supplied/current ticker universe and is not a survivorship-bias-free historical index-constituent study.
2012-10-10,T1_45D,87448.10606973026,7854.399169921875,95302.50523965214,100634.25086492457,-5.298142113095194,1,-0.026845760689120368,REFERENCE,This test uses the supplied/current ticker universe and is not a survivorship-bias-free historical index-constituent study.
2012-10-11,T1_45D,87448.10606973026,7842.41455078125,95290.52062051151,100634.25086492457,-5.310051198757004,1,-0.01257534532852489,REFERENCE,This test uses the supplied/current ticker universe and is not a survivorship-bias-free historical index-constituent study.
2012-10-12,T1_45D,87448.10606973026,7768.353515625,95216.45958535526,100634.25086492457,-5.383645461664233,1,-0.0777213039387159,REFERENCE,This test uses the supplied/current ticker universe and is not a survivorship-bias-free historical index-constituent study.
2012-10-15,T1_45D,87448.10606973026,7785.236572265625,95233.34264199589,100634.25086492457,-5.366868811075076,1,0.017731237555085322,REFERENCE,This test uses the supplied/current ticker universe and is not a survivorship-bias-free historical index-constituent study.
2012-10-16,T1_45D,87448.10606973026,7822.2685546875,95270.37462441776,100634.25086492457,-5.330070224009942,1,0.038885522018361485,REFERENCE,This test uses the supplied/current ticker universe and is not a survivorship-bias-free historical index-constituent study.
2012-10-17,T1_45D,87448.10606973026,7749.29443359375,95197.40050332401,100634.25086492457,-5.402584423168333,1,-0.07659686590026915,REFERENCE,This test uses the supplied/current ticker universe and is not a survivorship-bias-free historical index-constituent study.
2012-10-18,T1_45D,87448.10606973026,7621.865478515625,95069.97154824589,100634.25086492457,-5.529210252826633,1,-0.13385759947686093,REFERENCE,This test uses the supplied/current ticker universe and is not a survivorship-bias-free historical index-constituent study.
2012-10-19,T1_45D,87448.10606973026,7567.40771484375,95015.51378457401,100634.25086492457,-5.583324794549583,1,-0.05728177129435963,REFERENCE,This test uses the supplied/current ticker universe and is not a survivorship-bias-free historical index-constituent study.
2012-10-22,T1_45D,65572.59323330142,29809.626007080078,95382.2192403815,100634.25086492457,-5.21893051262693,2,0.3859427173534158,REFERENCE,This test uses the supplied/current ticker universe and is not a survivorship-bias-free historical index-constituent study.
2012-10-23,T1_45D,65572.59323330142,29638.081848144535,95210.67508144595,100634.25086492457,-5.389393508536533,2,-0.17984920072285915,REFERENCE,This test uses the supplied/current ticker universe and is not a survivorship-bias-free historical index-constituent study.
2012-10-25,T1_45D,65572.59323330142,30383.529998779297,95956.12323208072,100634.25086492457,-4.6486435707888685,2,0.7829459774306713,REFERENCE,This test uses the supplied/current ticker universe and is not a survivorship-bias-free historical index-constituent study.
2012-10-29,T1_45D,89028.99843750216,7491.166259765625,96520.16469726778,100634.25086492457,-4.08815699654671,1,0.5878118521137621,REFERENCE,This test uses the supplied/current ticker universe and is not a survivorship-bias-free historical index-constituent study.
2012-10-30,T1_45D,89028.99843750216,7447.600341796875,96476.59877929903,100634.25086492457,-4.131448338802768,1,-0.045136597213024654,REFERENCE,This test uses the supplied/current ticker universe and is not a survivorship-bias-free historical index-constituent study.
2012-10-31,T1_45D,89028.99843750216,7560.326660156248,96589.32509765841,100634.25086492457,-4.01943248198412,1,0.11684317211186901,REFERENCE,This test uses the supplied/current ticker universe and is not a survivorship-bias-free historical index-constituent study.
2012-11-01,T1_45D,89028.99843750216,7639.834716796875,96668.83315429903,100634.25086492457,-3.9404255276348055,1,0.08231557323776784,REFERENCE,This test uses the supplied/current ticker universe and is not a survivorship-bias-free historical index-constituent study.
2012-11-02,T1_45D,89028.99843750216,7590.82177734375,96619.82021484591,100634.25086492457,-3.989129561332949,1,-0.05070190448548395,REFERENCE,This test uses the supplied/current ticker universe and is not a survivorship-bias-free historical index-constituent study.
2012-11-05,T1_45D,89028.99843750216,7601.170166015625,96630.16860351778,100634.25086492457,-3.978846393740465,1,0.010710420127946207,REFERENCE,This test uses the supplied/current ticker universe and is not a survivorship-bias-free historical index-constituent study.
2012-11-06,T1_45D,89028.99843750216,7606.615722656248,96635.61416015841,100634.25086492457,-3.973435157909899,1,0.00563546221570288,REFERENCE,This test uses the supplied/current ticker universe and is not a survivorship-bias-free historical index-constituent study.
2012-11-07,T1_45D,89028.99843750216,7627.8544921875,96656.85292968966,100634.25086492457,-3.9523302464620547,1,0.021978201014016818,REFERENCE,This test uses the supplied/current ticker universe and is not a survivorship-bias-free historical index-constituent study.
2012-11-08,T1_45D,64891.54354632912,31749.636932373047,96641.18047870217,100634.25086492457,-3.9679039212822897,2,-0.01621452645358401,REFERENCE,This test uses the supplied/current ticker universe and is not a survivorship-bias-free historical index-constituent study.
2012-11-09,T1_45D,44785.71478689462,51562.69192504883,96348.40671194345,100634.25086492457,-4.258832471196872,3,-0.30294928653447073,REFERENCE,This test uses the supplied/current ticker universe and is not a survivorship-bias-free historical index-constituent study.
2012-11-12,T1_45D,44785.71478689462,51386.015563964844,96171.73035085946,100634.25086492457,-4.434395323372442,3,-0.1833723743997151,REFERENCE,This test uses the supplied/current ticker universe and is not a survivorship-bias-free historical index-constituent study.
2012-11-15,T1_45D,44785.71478689462,51464.90393066406,96250.61871755868,100634.25086492457,-4.356004153347137,3,0.08202864439623703,REFERENCE,This test uses the supplied/current ticker universe and is not a survivorship-bias-free historical index-constituent study.
2012-11-16,T1_45D,48778.364888557626,45992.339411961075,94770.7043005187,100634.25086492457,-5.82659135832011,3,-1.5375635364825002,REFERENCE,This test uses the supplied/current ticker universe and is not a survivorship-bias-free historical index-constituent study.
2012-11-19,T1_45D,68140.56575635202,26393.066028413148,94533.63178476517,100634.25086492457,-6.06216971630057,2,-0.2501537975298507,REFERENCE,This test uses the supplied/current ticker universe and is not a survivorship-bias-free historical index-constituent study.
2012-11-20,T1_45D,49354.12039143377,45273.984516693454,94628.10490812722,100634.25086492457,-5.968292013083143,3,0.09993599270272657,REFERENCE,This test uses the supplied/current ticker universe and is not a survivorship-bias-free historical index-constituent study.
2012-11-21,T1_45D,29743.40137065302,66406.15119962228,96149.55257027531,100634.25086492457,-4.456433327723397,4,1.6078179560134132,REFERENCE,This test uses the supplied/current ticker universe and is not a survivorship-bias-free historical index-constituent study.
2012-11-22,T1_45D,29743.40137065302,66269.53240920791,96012.93377986093,100634.25086492457,-4.5921910734612155,4,-0.14208988680890489,REFERENCE,This test uses the supplied/current ticker universe and is not a survivorship-bias-free historical index-constituent study.
2012-11-23,T1_45D,29743.40137065302,65753.36203247272,95496.76340312575,100634.25086492457,-5.1051082684508415,4,-0.5376050459187764,REFERENCE,This test uses the supplied/current ticker universe and is not a survivorship-bias-free historical index-constituent study.
2012-11-26,T1_45D,29743.40137065302,65564.54655473,95307.94792538302,100634.25086492457,-5.292733730080357,4,-0.19771924305503896,REFERENCE,This test uses the supplied/current ticker universe and is not a survivorship-bias-free historical index-constituent study.
2012-11-27,T1_45D,29743.40137065302,66849.96004143225,96593.36141208527,100634.25086492457,-4.015421606569269,4,1.3486949563835005,REFERENCE,This test uses the supplied/current ticker universe and is not a survivorship-bias-free historical index-constituent study.
2012-11-29,T1_45D,70542.22952296742,27840.845548065277,98383.0750710327,100634.25086492457,-2.2369876801820676,2,1.8528329822917966,REFERENCE,This test uses the supplied/current ticker universe and is not a survivorship-bias-free historical index-constituent study.
2012-11-30,T1_45D,90969.46463549443,7731.322998046875,98700.7876335413,100634.25086492457,-1.9212775121448922,1,0.32293416553530463,REFERENCE,This test uses the supplied/current ticker universe and is not a survivorship-bias-free historical index-constituent study.
2012-12-03,T1_45D,90969.46463549443,7679.044189453125,98648.50882494755,100634.25086492457,-1.9732268317298463,1,-0.05296696191305905,REFERENCE,This test uses the supplied/current ticker universe and is not a survivorship-bias-free historical index-constituent study.
2012-12-04,T1_45D,90969.46463549443,7665.42919921875,98634.89383471318,100634.25086492457,-1.986756013014912,1,-0.013801516512057521,REFERENCE,This test uses the supplied/current ticker universe and is not a survivorship-bias-free historical index-constituent study.
2012-12-05,T1_45D,90969.46463549443,7651.815673828125,98621.28030932255,100634.25086492457,-2.0002837386884464,1,-0.013801936476398602,REFERENCE,This test uses the supplied/current ticker universe and is not a survivorship-bias-free historical index-constituent study.
2012-12-06,T1_45D,90969.46463549443,7658.35107421875,98627.81570971318,100634.25086492457,-1.993789527886003,1,0.006626764903194804,REFERENCE,This test uses the supplied/current ticker universe and is not a survivorship-bias-free historical index-constituent study.
2012-12-07,T1_45D,90969.46463549443,7622.9560546875,98592.42069018193,100634.25086492457,-2.0289614690760405,1,-0.03588746164208123,REFERENCE,This test uses the supplied/current ticker universe and is not a survivorship-bias-free historical index-constituent study.
2012-12-10,T1_45D,90969.46463549443,7674.144287109375,98643.6089226038,100634.25086492457,-1.978095852268713,1,0.051919034002345654,REFERENCE,This test uses the supplied/current ticker universe and is not a survivorship-bias-free historical index-constituent study.
2012-12-11,T1_45D,90969.46463549443,7793.9501953125,98763.41483080693,100634.25086492457,-1.859045024967454,1,0.1214532897890308,REFERENCE,This test uses the supplied/current ticker universe and is not a survivorship-bias-free historical index-constituent study.
2012-12-12,T1_45D,90969.46463549443,7905.586669921875,98875.0513054163,100634.25086492457,-1.7481121431206725,1,0.11303423924802214,REFERENCE,This test uses the supplied/current ticker universe and is not a survivorship-bias-free historical index-constituent study.
2012-12-13,T1_45D,90969.46463549443,7826.07861328125,98795.54324877568,100634.25086492457,-1.827119097469987,1,-0.08041265778465645,REFERENCE,This test uses the supplied/current ticker universe and is not a survivorship-bias-free historical index-constituent study.
2012-12-14,T1_45D,90969.46463549443,7830.435791015625,98799.90042651005,100634.25086492457,-1.8227893809997786,1,0.00441029786475422,REFERENCE,This test uses the supplied/current ticker universe and is not a survivorship-bias-free historical index-constituent study.
2012-12-17,T1_45D,98814.92042059856,0.0,98814.92042059856,100634.25086492457,-1.8078640509462285,0,0.015202438487960102,REFERENCE,This test uses the supplied/current ticker universe and is not a survivorship-bias-free historical index-constituent study.
2012-12-18,T1_45D,74975.7296973562,23853.142120361328,98828.87181771753,100634.25086492457,-1.7940005829926609,1,0.01411871512884133,REFERENCE,This test uses the supplied/current ticker universe and is not a survivorship-bias-free historical index-constituent study.
2012-12-19,T1_45D,74975.7296973562,23608.99179840088,98584.72149575708,100634.25086492457,-2.0366121390603342,1,-0.24704351822488757,REFERENCE,This test uses the supplied/current ticker universe and is not a survivorship-bias-free historical index-constituent study.
2012-12-20,T1_45D,74975.7296973562,23364.848991394043,98340.57868875025,100634.25086492457,-2.2792162275376615,1,-0.2476477118387388,REFERENCE,This test uses the supplied/current ticker universe and is not a survivorship-bias-free historical index-constituent study.
2012-12-21,T1_45D,98039.88593146563,0.0,98039.88593146563,100634.25086492457,-2.578013858265027,0,-0.305766715321365,REFERENCE,This test uses the supplied/current ticker universe and is not a survivorship-bias-free historical index-constituent study.
2012-12-24,T1_45D,98039.88593146563,0.0,98039.88593146563,100634.25086492457,-2.578013858265027,0,0.0,REFERENCE,This test uses the supplied/current ticker universe and is not a survivorship-bias-free historical index-constituent study.
2012-12-26,T1_45D,98039.88593146563,0.0,98039.88593146563,100634.25086492457,-2.578013858265027,0,0.0,REFERENCE,This test uses the supplied/current ticker universe and is not a survivorship-bias-free historical index-constituent study.
2012-12-27,T1_45D,98039.88593146563,0.0,98039.88593146563,100634.25086492457,-2.578013858265027,0,0.0,REFERENCE,This test uses the supplied/current ticker universe and is not a survivorship-bias-free historical index-constituent study.
2012-12-28,T1_45D,98039.88593146563,0.0,98039.88593146563,100634.25086492457,-2.578013858265027,0,0.0,REFERENCE,This test uses the supplied/current ticker universe and is not a survivorship-bias-free historical index-constituent study.
2012-12-31,T1_45D,76470.65286454563,21516.302490234375,97986.95535478,100634.25086492457,-2.630610838150793,1,-0.053988819124728415,REFERENCE,This test uses the supplied/current ticker universe and is not a survivorship-bias-free historical index-constituent study.
2013-01-01,T1_45D,76470.65286454563,21636.276245117188,98106.92910966281,100634.25086492457,-2.511393222029379,1,0.12243849647988192,REFERENCE,This test uses the supplied/current ticker universe and is not a survivorship-bias-free historical index-constituent study.
2013-01-02,T1_45D,76470.65286454563,21744.093322753903,98214.74618729953,100634.25086492457,-2.4042556652730473,1,0.10989751551209181,REFERENCE,This test uses the supplied/current ticker universe and is not a survivorship-bias-free historical index-constituent study.
2013-01-03,T1_45D,76470.65286454563,21768.43414306641,98239.08700761203,100634.25086492457,-2.3800682538268503,1,0.024783264486649692,REFERENCE,This test uses the supplied/current ticker universe and is not a survivorship-bias-free historical index-constituent study.
2013-01-04,T1_45D,76470.65286454563,22050.128173828125,98520.78103837375,100634.25086492457,-2.1001496094879335,1,0.2867433313380463,REFERENCE,This test uses the supplied/current ticker universe and is not a survivorship-bias-free historical index-constituent study.
2013-01-07,T1_45D,76470.65286454563,21836.251831054688,98306.90469560031,100634.25086492457,-2.312677989174994,1,-0.21708754287090848,REFERENCE,This test uses the supplied/current ticker universe and is not a survivorship-bias-free historical index-constituent study.
2013-01-08,T1_45D,76470.65286454563,22072.73406982422,98543.38693436985,100634.25086492457,-2.077686187937311,1,0.24055506528435355,REFERENCE,This test uses the supplied/current ticker universe and is not a survivorship-bias-free historical index-constituent study.
2013-01-09,T1_45D,76470.65286454563,22112.72125244141,98583.37411698703,100634.25086492457,-2.0379510259288414,1,0.04057825071897003,REFERENCE,This test uses the supplied/current ticker universe and is not a survivorship-bias-free historical index-constituent study.
2013-01-10,T1_45D,76470.65286454563,22312.692260742188,98783.34512528781,100634.25086492457,-1.8392403418604708,1,0.20284455679462354,REFERENCE,This test uses the supplied/current ticker universe and is not a survivorship-bias-free historical index-constituent study.
2013-01-11,T1_45D,76470.65286454563,22425.7080078125,98896.36087235813,100634.25086492457,-1.7269368804653906,1,0.11440769385464566,REFERENCE,This test uses the supplied/current ticker universe and is not a survivorship-bias-free historical index-constituent study.
2013-01-14,T1_45D,78455.64566637928,21022.345184326172,99477.99085070545,100634.25086492457,-1.1489726452787008,1,0.5881207086052553,REFERENCE,This test uses the supplied/current ticker universe and is not a survivorship-bias-free historical index-constituent study.
2013-01-15,T1_45D,78455.64566637928,20876.534637451172,99332.18030383045,100634.25086492457,-1.2938642161124836,1,-0.14657568536323717,REFERENCE,This test uses the supplied/current ticker universe and is not a survivorship-bias-free historical index-constituent study.
2013-01-16,T1_45D,78455.64566637928,20566.33154296875,99021.97720934803,100634.25086492457,-1.602112244806797,1,-0.3122886193916097,REFERENCE,This test uses the supplied/current ticker universe and is not a survivorship-bias-free historical index-constituent study.
2013-01-17,T1_45D,78455.64566637928,20499.140258789062,98954.78592516834,100634.25086492457,-1.6688800535818338,1,-0.06785492076939459,REFERENCE,This test uses the supplied/current ticker universe and is not a survivorship-bias-free historical index-constituent study.
2013-01-18,T1_45D,98669.53610540915,0.0,98669.53610540915,100634.25086492457,-1.9523320764344376,0,-0.288262782938975,REFERENCE,This test uses the supplied/current ticker universe and is not a survivorship-bias-free historical index-constituent study.
2013-01-21,T1_45D,75362.5744122911,22954.135803222656,98316.71021551375,100634.25086492457,-2.302934268891732,1,-0.3575834080323137,REFERENCE,This test uses the supplied/current ticker universe and is not a survivorship-bias-free historical index-constituent study.
2013-01-22,T1_45D,75362.5744122911,23027.99353027344,98390.56794256454,100634.25086492457,-2.229542032733567,1,0.07512225224877156,REFERENCE,This test uses the supplied/current ticker universe and is not a survivorship-bias-free historical index-constituent study.
2013-01-23,T1_45D,75362.5744122911,23073.449096679688,98436.02350897079,100634.25086492457,-2.184372951614988,1,0.04619910968781671,REFERENCE,This test uses the supplied/current ticker universe and is not a survivorship-bias-free historical index-constituent study.
2013-01-24,T1_45D,97901.26700440315,0.0,97901.26700440315,100634.25086492457,-2.715759134720186,0,-0.5432528514511703,REFERENCE,This test uses the supplied/current ticker universe and is not a survivorship-bias-free historical index-constituent study.
2013-01-25,T1_45D,97901.26700440315,0.0,97901.26700440315,100634.25086492457,-2.715759134720186,0,0.0,REFERENCE,This test uses the supplied/current ticker universe and is not a survivorship-bias-free historical index-constituent study.
2013-01-28,T1_45D,97901.26700440315,0.0,97901.26700440315,100634.25086492457,-2.715759134720186,0,0.0,REFERENCE,This test uses the supplied/current ticker universe and is not a survivorship-bias-free historical index-constituent study.
2013-01-29,T1_45D,97901.26700440315,0.0,97901.26700440315,100634.25086492457,-2.715759134720186,0,0.0,REFERENCE,This test uses the supplied/current ticker universe and is not a survivorship-bias-free historical index-constituent study.
2013-01-30,T1_45D,73495.29452420695,24326.230438232422,97821.52496243938,100634.25086492457,-2.7949985996920224,1,-0.08145149128682139,REFERENCE,This test uses the supplied/current ticker universe and is not a survivorship-bias-free historical index-constituent study.
2013-01-31,T1_45D,73495.29452420695,24345.202697753903,97840.49722196086,100634.25086492457,-2.7761459134957978,1,0.01939476973884524,REFERENCE,This test uses the supplied/current ticker universe and is not a survivorship-bias-free historical index-constituent study.
2013-02-01,T1_45D,73495.29452420695,24089.069091796875,97584.36361600383,100634.25086492457,-3.0306652284960434,1,-0.26178690136453575,REFERENCE,This test uses the supplied/current ticker universe and is not a survivorship-bias-free historical index-constituent study.
2013-02-04,T1_45D,97155.07838367231,0.0,97155.07838367231,100634.25086492457,-3.457244875725407,0,-0.43991190435054284,REFERENCE,This test uses the supplied/current ticker universe and is not a survivorship-bias-free historical index-constituent study.
2013-02-05,T1_45D,75458.86113041796,21675.467077543544,97134.32820796152,100634.25086492457,-3.477864272732345,1,-0.021357788039499948,REFERENCE,This test uses the supplied/current ticker universe and is not a survivorship-bias-free historical index-constituent study.
2013-02-06,T1_45D,57779.29861874392,39117.786197982074,96897.08481672598,100634.25086492457,-3.713612429246149,2,-0.24424258201241056,REFERENCE,This test uses the supplied/current ticker universe and is not a survivorship-bias-free historical index-constituent study.
2013-02-07,T1_45D,57779.29861874392,38890.23383394116,96669.53245268507,100634.25086492457,-3.9397306366011575,2,-0.23483922604204954,REFERENCE,This test uses the supplied/current ticker universe and is not a survivorship-bias-free historical index-constituent study.
2013-02-08,T1_45D,78721.06073982382,17647.022499084473,96368.0832389083,100634.25086492457,-4.239279956227337,1,-0.3118347695788448,REFERENCE,This test uses the supplied/current ticker universe and is not a survivorship-bias-free historical index-constituent study.
2013-02-11,T1_45D,78721.06073982382,17365.29261779785,96086.35335762167,100634.25086492457,-4.519234225141966,1,-0.29234770664492427,REFERENCE,This test uses the supplied/current ticker universe and is not a survivorship-bias-free historical index-constituent study.
2013-02-12,T1_45D,78721.06073982382,17865.58149719238,96586.6422370162,100634.25086492457,-4.022098433803844,1,0.5206659030263294,REFERENCE,This test uses the supplied/current ticker universe and is not a survivorship-bias-free historical index-constituent study.
2013-02-13,T1_45D,78721.06073982382,18677.890808105465,97398.95154792929,100634.25086492457,-3.214908730565136,1,0.8410162027578716,REFERENCE,This test uses the supplied/current ticker universe and is not a survivorship-bias-free historical index-constituent study.
2013-02-14,T1_45D,78721.06073982382,18648.929710388184,97369.990450212,100634.25086492457,-3.243687299957143,1,-0.02973450664203181,REFERENCE,This test uses the supplied/current ticker universe and is not a survivorship-bias-free historical index-constituent study.
2013-02-15,T1_45D,57889.35478330009,39415.00484466553,97304.35962796562,100634.25086492457,-3.3089044816644653,2,-0.0674035418334995,REFERENCE,This test uses the supplied/current ticker universe and is not a survivorship-bias-free historical index-constituent study.
2013-02-18,T1_45D,57889.35478330009,39011.59893035889,96900.95371365898,100634.25086492457,-3.709767916170592,2,-0.4145815417202492,REFERENCE,This test uses the supplied/current ticker universe and is not a survivorship-bias-free historical index-constituent study.
2013-02-19,T1_45D,33693.457420770195,63919.29014587402,97612.74756664422,100634.25086492457,-3.002460168691412,3,0.734558150055542,REFERENCE,This test uses the supplied/current ticker universe and is not a survivorship-bias-free historical index-constituent study.
2013-02-20,T1_45D,52613.23034854692,45209.17935180664,97822.40970035356,100634.25086492457,-2.7941194378693024,2,0.21478970619712712,REFERENCE,This test uses the supplied/current ticker universe and is not a survivorship-bias-free historical index-constituent study.
2013-02-21,T1_45D,52613.23034854692,44431.04992675781,97044.28027530473,100634.25086492457,-3.567344675162787,2,-0.7954510908414258,REFERENCE,This test uses the supplied/current ticker universe and is not a survivorship-bias-free historical index-constituent study.
2013-02-22,T1_45D,76140.41830343011,20518.784606933594,96659.2029103637,100634.25086492457,-3.949995076622914,1,-0.39680583322232454,REFERENCE,This test uses the supplied/current ticker universe and is not a survivorship-bias-free historical index-constituent study.
2013-02-25,T1_45D,76140.41830343011,20362.554595947266,96502.97289937738,100634.25086492457,-4.105240442533198,1,-0.1616297323817184,REFERENCE,This test uses the supplied/current ticker universe and is not a survivorship-bias-free historical index-constituent study.
2013-02-26,T1_45D,96215.5724828412,0.0,96215.5724828412,100634.25086492457,-4.390829507951821,0,-0.29781509097739356,REFERENCE,This test uses the supplied/current ticker universe and is not a survivorship-bias-free historical index-constituent study.
2013-02-27,T1_45D,96215.5724828412,0.0,96215.5724828412,100634.25086492457,-4.390829507951821,0,0.0,REFERENCE,This test uses the supplied/current ticker universe and is not a survivorship-bias-free historical index-constituent study.
2013-02-28,T1_45D,96215.5724828412,0.0,96215.5724828412,100634.25086492457,-4.390829507951821,0,0.0,REFERENCE,This test uses the supplied/current ticker universe and is not a survivorship-bias-free historical index-constituent study.
2013-03-01,T1_45D,96215.5724828412,0.0,96215.5724828412,100634.25086492457,-4.390829507951821,0,0.0,REFERENCE,This test uses the supplied/current ticker universe and is not a survivorship-bias-free historical index-constituent study.
2013-03-04,T1_45D,96215.5724828412,0.0,96215.5724828412,100634.25086492457,-4.390829507951821,0,0.0,REFERENCE,This test uses the supplied/current ticker universe and is not a survivorship-bias-free historical index-constituent study.
2013-03-05,T1_45D,96215.5724828412,0.0,96215.5724828412,100634.25086492457,-4.390829507951821,0,0.0,REFERENCE,This test uses the supplied/current ticker universe and is not a survivorship-bias-free historical index-constituent study.
2013-03-06,T1_45D,96215.5724828412,0.0,96215.5724828412,100634.25086492457,-4.390829507951821,0,0.0,REFERENCE,This test uses the supplied/current ticker universe and is not a survivorship-bias-free historical index-constituent study.
2013-03-07,T1_45D,96215.5724828412,0.0,96215.5724828412,100634.25086492457,-4.390829507951821,0,0.0,REFERENCE,This test uses the supplied/current ticker universe and is not a survivorship-bias-free historical index-constituent study.
2013-03-08,T1_45D,96215.5724828412,0.0,96215.5724828412,100634.25086492457,-4.390829507951821,0,0.0,REFERENCE,This test uses the supplied/current ticker universe and is not a survivorship-bias-free historical index-constituent study.
2013-03-11,T1_45D,96215.5724828412,0.0,96215.5724828412,100634.25086492457,-4.390829507951821,0,0.0,REFERENCE,This test uses the supplied/current ticker universe and is not a survivorship-bias-free historical index-constituent study.
2013-03-12,T1_45D,96215.5724828412,0.0,96215.5724828412,100634.25086492457,-4.390829507951821,0,0.0,REFERENCE,This test uses the supplied/current ticker universe and is not a survivorship-bias-free historical index-constituent study.
2013-03-13,T1_45D,96215.5724828412,0.0,96215.5724828412,100634.25086492457,-4.390829507951821,0,0.0,REFERENCE,This test uses the supplied/current ticker universe and is not a survivorship-bias-free historical index-constituent study.
2013-03-14,T1_45D,96215.5724828412,0.0,96215.5724828412,100634.25086492457,-4.390829507951821,0,0.0,REFERENCE,This test uses the supplied/current ticker universe and is not a survivorship-bias-free historical index-constituent study.
2013-03-15,T1_45D,96215.5724828412,0.0,96215.5724828412,100634.25086492457,-4.390829507951821,0,0.0,REFERENCE,This test uses the supplied/current ticker universe and is not a survivorship-bias-free historical index-constituent study.
2013-03-18,T1_45D,72314.74065933452,23831.131820678707,96145.87248001323,100634.25086492457,-4.460090224088642,1,-0.07244149884406692,REFERENCE,This test uses the supplied/current ticker universe and is not a survivorship-bias-free historical index-constituent study.
2013-03-19,T1_45D,72314.74065933452,23791.555252075195,96106.29591140972,100634.25086492457,-4.49941735999253,1,-0.041163044842873475,REFERENCE,This test uses the supplied/current ticker universe and is not a survivorship-bias-free historical index-constituent study.
2013-03-20,T1_45D,53280.36054549452,42953.48602294922,96233.84656844374,100634.25086492457,-4.372670595409145,2,0.13271831551140423,REFERENCE,This test uses the supplied/current ticker universe and is not a survivorship-bias-free historical index-constituent study.
2013-03-21,T1_45D,53280.36054549452,43226.08009338379,96506.44063887831,100634.25086492457,-4.1017945585810285,2,0.2832621579151873,REFERENCE,This test uses the supplied/current ticker universe and is not a survivorship-bias-free historical index-constituent study.
2013-03-22,T1_45D,53280.36054549452,43188.26057434082,96468.62111983534,100634.25086492457,-4.139375718790328,2,-0.03918859590364976,REFERENCE,This test uses the supplied/current ticker universe and is not a survivorship-bias-free historical index-constituent study.
2013-03-25,T1_45D,53280.36054549452,42908.15475463867,96188.5153001332,100634.25086492457,-4.4177161618250915,2,-0.29035951426547024,REFERENCE,This test uses the supplied/current ticker universe and is not a survivorship-bias-free historical index-constituent study.
2013-03-26,T1_45D,53280.36054549452,43216.05842590332,96496.41897139784,100634.25086492457,-4.111753064153778,2,0.320104401553456,REFERENCE,This test uses the supplied/current ticker universe and is not a survivorship-bias-free historical index-constituent study.
2013-03-28,T1_45D,53280.36054549452,43470.456771850586,96750.8173173451,100634.25086492457,-3.8589580726267503,2,0.2636350122201536,REFERENCE,This test uses the supplied/current ticker universe and is not a survivorship-bias-free historical index-constituent study.
2013-04-01,T1_45D,53280.36054549452,43654.447174072266,96934.80771956679,100634.25086492457,-3.6761272763120467,2,0.19016935187037287,REFERENCE,This test uses the supplied/current ticker universe and is not a survivorship-bias-free historical index-constituent study.
2013-04-02,T1_45D,54309.509105324316,44689.14749145508,98998.65659677939,100634.25086492457,-1.6252858784039148,2,2.129110198663975,REFERENCE,This test uses the supplied/current ticker universe and is not a survivorship-bias-free historical index-constituent study.
2013-04-03,T1_45D,54309.509105324316,44637.554626464844,98947.06373178915,100634.25086492457,-1.6765535775687623,2,-0.052114712223183535,REFERENCE,This test uses the supplied/current ticker universe and is not a survivorship-bias-free historical index-constituent study.
2013-04-04,T1_45D,54309.509105324316,43745.809173583984,98055.3182789083,100634.25086492457,-2.562678773728666,2,-0.9012348818132399,REFERENCE,This test uses the supplied/current ticker universe and is not a survivorship-bias-free historical index-constituent study.
2013-04-05,T1_45D,74526.94849274232,23873.613357543945,98400.56185028626,100634.25086492457,-2.219611111962727,1,0.35209061317404977,REFERENCE,This test uses the supplied/current ticker universe and is not a survivorship-bias-free historical index-constituent study.
2013-04-08,T1_45D,74526.94849274232,23590.796432495117,98117.74492523744,100634.25086492457,-2.5006455735084643,1,-0.28741393314311026,REFERENCE,This test uses the supplied/current ticker universe and is not a survivorship-bias-free historical index-constituent study.
2013-04-09,T1_45D,97772.98501006732,0.0,97772.98501006732,100634.25086492457,-2.8432326273266195,0,-0.35137366378814594,REFERENCE,This test uses the supplied/current ticker universe and is not a survivorship-bias-free historical index-constituent study.
2013-04-10,T1_45D,97772.98501006732,0.0,97772.98501006732,100634.25086492457,-2.8432326273266195,0,0.0,REFERENCE,This test uses the supplied/current ticker universe and is not a survivorship-bias-free historical index-constituent study.
2013-04-11,T1_45D,97772.98501006732,0.0,97772.98501006732,100634.25086492457,-2.8432326273266195,0,0.0,REFERENCE,This test uses the supplied/current ticker universe and is not a survivorship-bias-free historical index-constituent study.
2013-04-12,T1_45D,97772.98501006732,0.0,97772.98501006732,100634.25086492457,-2.8432326273266195,0,0.0,REFERENCE,This test uses the supplied/current ticker universe and is not a survivorship-bias-free historical index-constituent study.
2013-04-15,T1_45D,97772.98501006732,0.0,97772.98501006732,100634.25086492457,-2.8432326273266195,0,0.0,REFERENCE,This test uses the supplied/current ticker universe and is not a survivorship-bias-free historical index-constituent study.
2013-04-16,T1_45D,97772.98501006732,0.0,97772.98501006732,100634.25086492457,-2.8432326273266195,0,0.0,REFERENCE,This test uses the supplied/current ticker universe and is not a survivorship-bias-free historical index-constituent study.
2013-04-17,T1_45D,97772.98501006732,0.0,97772.98501006732,100634.25086492457,-2.8432326273266195,0,0.0,REFERENCE,This test uses the supplied/current ticker universe and is not a survivorship-bias-free historical index-constituent study.
2013-04-18,T1_45D,97772.98501006732,0.0,97772.98501006732,100634.25086492457,-2.8432326273266195,0,0.0,REFERENCE,This test uses the supplied/current ticker universe and is not a survivorship-bias-free historical index-constituent study.
2013-04-22,T1_45D,97772.98501006732,0.0,97772.98501006732,100634.25086492457,-2.8432326273266195,0,0.0,REFERENCE,This test uses the supplied/current ticker universe and is not a survivorship-bias-free historical index-constituent study.
2013-04-23,T1_45D,97772.98501006732,0.0,97772.98501006732,100634.25086492457,-2.8432326273266195,0,0.0,REFERENCE,This test uses the supplied/current ticker universe and is not a survivorship-bias-free historical index-constituent study.
2013-04-25,T1_45D,97772.98501006732,0.0,97772.98501006732,100634.25086492457,-2.8432326273266195,0,0.0,REFERENCE,This test uses the supplied/current ticker universe and is not a survivorship-bias-free historical index-constituent study.
2013-04-26,T1_45D,97772.98501006732,0.0,97772.98501006732,100634.25086492457,-2.8432326273266195,0,0.0,REFERENCE,This test uses the supplied/current ticker universe and is not a survivorship-bias-free historical index-constituent study.
2013-04-29,T1_45D,97772.98501006732,0.0,97772.98501006732,100634.25086492457,-2.8432326273266195,0,0.0,REFERENCE,This test uses the supplied/current ticker universe and is not a survivorship-bias-free historical index-constituent study.
2013-04-30,T1_45D,97772.98501006732,0.0,97772.98501006732,100634.25086492457,-2.8432326273266195,0,0.0,REFERENCE,This test uses the supplied/current ticker universe and is not a survivorship-bias-free historical index-constituent study.
2013-05-02,T1_45D,97772.98501006732,0.0,97772.98501006732,100634.25086492457,-2.8432326273266195,0,0.0,REFERENCE,This test uses the supplied/current ticker universe and is not a survivorship-bias-free historical index-constituent study.
2013-05-03,T1_45D,97772.98501006732,0.0,97772.98501006732,100634.25086492457,-2.8432326273266195,0,0.0,REFERENCE,This test uses the supplied/current ticker universe and is not a survivorship-bias-free historical index-constituent study.
2013-05-06,T1_45D,97772.98501006732,0.0,97772.98501006732,100634.25086492457,-2.8432326273266195,0,0.0,REFERENCE,This test uses the supplied/current ticker universe and is not a survivorship-bias-free historical index-constituent study.
2013-05-07,T1_45D,97772.98501006732,0.0,97772.98501006732,100634.25086492457,-2.8432326273266195,0,0.0,REFERENCE,This test uses the supplied/current ticker universe and is not a survivorship-bias-free historical index-constituent study.
2013-05-08,T1_45D,97772.98501006732,0.0,97772.98501006732,100634.25086492457,-2.8432326273266195,0,0.0,REFERENCE,This test uses the supplied/current ticker universe and is not a survivorship-bias-free historical index-constituent study.
2013-05-09,T1_45D,97772.98501006732,0.0,97772.98501006732,100634.25086492457,-2.8432326273266195,0,0.0,REFERENCE,This test uses the supplied/current ticker universe and is not a survivorship-bias-free historical index-constituent study.
2013-05-10,T1_45D,97772.98501006732,0.0,97772.98501006732,100634.25086492457,-2.8432326273266195,0,0.0,REFERENCE,This test uses the supplied/current ticker universe and is not a survivorship-bias-free historical index-constituent study.
2013-05-13,T1_45D,97772.98501006732,0.0,97772.98501006732,100634.25086492457,-2.8432326273266195,0,0.0,REFERENCE,This test uses the supplied/current ticker universe and is not a survivorship-bias-free historical index-constituent study.
2013-05-14,T1_45D,97772.98501006732,0.0,97772.98501006732,100634.25086492457,-2.8432326273266195,0,0.0,REFERENCE,This test uses the supplied/current ticker universe and is not a survivorship-bias-free historical index-constituent study.
2013-05-15,T1_45D,97772.98501006732,0.0,97772.98501006732,100634.25086492457,-2.8432326273266195,0,0.0,REFERENCE,This test uses the supplied/current ticker universe and is not a survivorship-bias-free historical index-constituent study.
2013-05-16,T1_45D,97772.98501006732,0.0,97772.98501006732,100634.25086492457,-2.8432326273266195,0,0.0,REFERENCE,This test uses the supplied/current ticker universe and is not a survivorship-bias-free historical index-constituent study.
2013-05-17,T1_45D,97772.98501006732,0.0,97772.98501006732,100634.25086492457,-2.8432326273266195,0,0.0,REFERENCE,This test uses the supplied/current ticker universe and is not a survivorship-bias-free historical index-constituent study.
2013-05-20,T1_45D,97772.98501006732,0.0,97772.98501006732,100634.25086492457,-2.8432326273266195,0,0.0,REFERENCE,This test uses the supplied/current ticker universe and is not a survivorship-bias-free historical index-constituent study.
2013-05-21,T1_45D,97772.98501006732,0.0,97772.98501006732,100634.25086492457,-2.8432326273266195,0,0.0,REFERENCE,This test uses the supplied/current ticker universe and is not a survivorship-bias-free historical index-constituent study.
2013-05-22,T1_45D,75586.97489893304,22594.79556274414,98181.77046167718,100634.25086492457,-2.4370235602381607,1,0.41809652386881613,REFERENCE,This test uses the supplied/current ticker universe and is not a survivorship-bias-free historical index-constituent study.
2013-05-23,T1_45D,75586.97489893304,22389.416458129883,97976.39135706292,100634.25086492457,-2.641108255904978,1,-0.20918252303713247,REFERENCE,This test uses the supplied/current ticker universe and is not a survivorship-bias-free historical index-constituent study.
2013-05-24,T1_45D,42635.71773875039,55351.14814758301,97986.8658863334,100634.25086492457,-2.630699742719411,3,0.010690870653018436,REFERENCE,This test uses the supplied/current ticker universe and is not a survivorship-bias-free historical index-constituent study.
2013-05-27,T1_45D,42635.71773875039,55550.45770263672,98186.17544138711,100634.25086492457,-2.432646343066014,3,0.20340435756451836,REFERENCE,This test uses the supplied/current ticker universe and is not a survivorship-bias-free historical index-constituent study.
2013-05-28,T1_45D,42635.71773875039,56195.37159729004,98831.08933604043,100634.25086492457,-1.7917970406560846,3,0.656827594876952,REFERENCE,This test uses the supplied/current ticker universe and is not a survivorship-bias-free historical index-constituent study.
2013-05-29,T1_45D,42635.71773875039,56074.1745300293,98709.89226877969,100634.25086492457,-1.9122302591866425,3,-0.1226305083501189,REFERENCE,This test uses the supplied/current ticker universe and is not a survivorship-bias-free historical index-constituent study.
2013-05-30,T1_45D,66459.13504196504,33408.83135986328,99867.96640182832,100634.25086492457,-0.7614549286254269,2,1.1732098034260785,REFERENCE,This test uses the supplied/current ticker universe and is not a survivorship-bias-free historical index-constituent study.
2013-05-31,T1_45D,66459.13504196504,32769.044006347656,99228.1790483127,100634.25086492457,-1.3972100001014232,2,-0.6406332045867269,REFERENCE,This test uses the supplied/current ticker universe and is not a survivorship-bias-free historical index-constituent study.
2013-06-03,T1_45D,66459.13504196504,32876.096252441406,99335.23129440645,100634.25086492457,-1.2908324545106598,2,0.10788492454509857,REFERENCE,This test uses the supplied/current ticker universe and is not a survivorship-bias-free historical index-constituent study.
2013-06-04,T1_45D,41578.936172788715,57226.21388166398,98805.1500544527,100634.25086492457,-1.8175728390197654,3,-0.533628636130834,REFERENCE,This test uses the supplied/current ticker universe and is not a survivorship-bias-free historical index-constituent study.
2013-06-05,T1_45D,41578.936172788715,57321.48706056684,98900.42323335556,100634.25086492457,-1.7229001226393925,3,0.09642531674751709,REFERENCE,This test uses the supplied/current ticker universe and is not a survivorship-bias-free historical index-constituent study.
2013-06-06,T1_45D,41578.936172788715,57520.29283323698,99099.2290060257,100634.25086492457,-1.5253473302635823,3,0.20101609899185746,REFERENCE,This test uses the supplied/current ticker universe and is not a survivorship-bias-free historical index-constituent study.
2013-06-07,T1_45D,41578.936172788715,56702.50916515014,98281.44533793886,100634.25086492457,-2.3379768883496244,3,-0.82521698330984,REFERENCE,This test uses the supplied/current ticker universe and is not a survivorship-bias-free historical index-constituent study.
2013-06-10,T1_45D,41578.936172788715,56501.09848057945,98080.03465336817,100634.25086492457,-2.5381181750781523,3,-0.20493256268071525,REFERENCE,This test uses the supplied/current ticker universe and is not a survivorship-bias-free historical index-constituent study.
2013-06-11,T1_45D,81195.61206456929,15687.084899902344,96882.69696447163,100634.25086492457,-3.72790960156143,1,-1.2207761682876073,REFERENCE,This test uses the supplied/current ticker universe and is not a survivorship-bias-free historical index-constituent study.
2013-06-12,T1_45D,81195.61206456929,15693.71240234375,96889.32446691304,100634.25086492457,-3.7213238691845896,1,0.006840749327863271,REFERENCE,This test uses the supplied/current ticker universe and is not a survivorship-bias-free historical index-constituent study.
2013-06-13,T1_45D,96357.99929795954,0.0,96357.99929795954,100634.25086492457,-4.249300342787654,0,-0.5483836035361511,REFERENCE,This test uses the supplied/current ticker universe and is not a survivorship-bias-free historical index-constituent study.
2013-06-14,T1_45D,96357.99929795954,0.0,96357.99929795954,100634.25086492457,-4.249300342787654,0,0.0,REFERENCE,This test uses the supplied/current ticker universe and is not a survivorship-bias-free historical index-constituent study.
2013-06-17,T1_45D,74973.38230874744,21720.262573242188,96693.64488198963,100634.25086492457,-3.9157701767206343,1,0.3483318317892836,REFERENCE,This test uses the supplied/current ticker universe and is not a survivorship-bias-free historical index-constituent study.
2013-06-18,T1_45D,74973.38230874744,21608.99688720703,96582.37919595448,100634.25086492457,-4.026334606901072,1,-0.11507031943097656,REFERENCE,This test uses the supplied/current ticker universe and is not a survivorship-bias-free historical index-constituent study.
2013-06-19,T1_45D,74973.38230874744,21592.634216308594,96566.01652505604,100634.25086492457,-4.042594151497269,1,-0.016941673040837824,REFERENCE,This test uses the supplied/current ticker universe and is not a survivorship-bias-free historical index-constituent study.
2013-06-20,T1_45D,60977.40001644824,35097.901611328125,96075.30162777637,100634.25086492457,-4.530216301075674,2,-0.5081652064961695,REFERENCE,This test uses the supplied/current ticker universe and is not a survivorship-bias-free historical index-constituent study.
2013-06-21,T1_45D,60977.40001644824,35026.813537597656,96004.2135540459,100634.25086492457,-4.60085633974987,2,-0.07399203804312471,REFERENCE,This test uses the supplied/current ticker universe and is not a survivorship-bias-free historical index-constituent study.
2013-06-24,T1_45D,81609.32740479194,13740.094360351564,95349.4217651435,100634.25086492457,-5.251521280636928,1,-0.6820448443481841,REFERENCE,This test uses the supplied/current ticker universe and is not a survivorship-bias-free historical index-constituent study.
2013-06-25,T1_45D,81609.32740479194,14182.558166503906,95791.88557129585,100634.25086492457,-4.811846118006436,1,0.46404456153092966,REFERENCE,This test uses the supplied/current ticker universe and is not a survivorship-bias-free historical index-constituent study.
2013-06-26,T1_45D,81609.32740479194,13505.89404296875,95115.22144776069,100634.25086492457,-5.484245542376764,1,-0.7063898152746217,REFERENCE,This test uses the supplied/current ticker universe and is not a survivorship-bias-free historical index-constituent study.
2013-06-27,T1_45D,81609.32740479194,13839.408020019531,95448.73542481147,100634.25086492457,-5.15283354876196,1,0.3506420654594722,REFERENCE,This test uses the supplied/current ticker universe and is not a survivorship-bias-free historical index-constituent study.
2013-06-28,T1_45D,81609.32740479194,14387.11328125,95996.44068604194,100634.25086492457,-4.608580218982993,1,0.5738213909202816,REFERENCE,This test uses the supplied/current ticker universe and is not a survivorship-bias-free historical index-constituent study.
2013-07-01,T1_45D,57900.665682605344,38437.13851928711,96337.80420189246,100634.25086492457,-4.269368158559628,2,0.355600179976423,REFERENCE,This test uses the supplied/current ticker universe and is not a survivorship-bias-free historical index-constituent study.
2013-07-02,T1_45D,57900.665682605344,38339.019134521484,96239.68481712684,100634.25086492457,-4.366869142491359,2,-0.10184930576162543,REFERENCE,This test uses the supplied/current ticker universe and is not a survivorship-bias-free historical index-constituent study.
2013-07-03,T1_45D,57900.665682605344,38356.0637512207,96256.72943382605,100634.25086492457,-4.349931950081498,2,0.01771059073147896,REFERENCE,This test uses the supplied/current ticker universe and is not a survivorship-bias-free historical index-constituent study.
2013-07-04,T1_45D,82118.75921338779,14556.838317871094,96675.59753125889,100634.25086492457,-3.9337037833959254,1,0.43515720915989764,REFERENCE,This test uses the supplied/current ticker universe and is not a survivorship-bias-free historical index-constituent study.
2013-07-05,T1_45D,82118.75921338779,14402.681396484375,96521.44060987217,100634.25086492457,-4.086889125425886,1,-0.15945794525539236,REFERENCE,This test uses the supplied/current ticker universe and is not a survivorship-bias-free historical index-constituent study.
2013-07-08,T1_45D,82118.75921338779,14047.671508789064,96166.43072217685,100634.25086492457,-4.439661550961027,1,-0.3678041743390703,REFERENCE,This test uses the supplied/current ticker universe and is not a survivorship-bias-free historical index-constituent study.
2013-07-09,T1_45D,82118.75921338779,13905.369140625,96024.12835401279,100634.25086492457,-4.581067053502164,1,-0.1479750959824777,REFERENCE,This test uses the supplied/current ticker universe and is not a survivorship-bias-free historical index-constituent study.
2013-07-10,T1_45D,82118.75921338779,13526.644958496094,95645.40417188389,100634.25086492457,-4.9574043133057355,1,-0.39440522774928377,REFERENCE,This test uses the supplied/current ticker universe and is not a survivorship-bias-free historical index-constituent study.
2013-07-11,T1_45D,82118.75921338779,13604.464782714844,95723.22399610264,100634.25086492457,-4.880074951234759,1,0.08136284737623178,REFERENCE,This test uses the supplied/current ticker universe and is not a survivorship-bias-free historical index-constituent study.
2013-07-12,T1_45D,95382.18323516214,0.0,95382.18323516214,100634.25086492457,-5.2189662909221335,0,-0.35627797174317966,REFERENCE,This test uses the supplied/current ticker universe and is not a survivorship-bias-free historical index-constituent study.
2013-07-15,T1_45D,95382.18323516214,0.0,95382.18323516214,100634.25086492457,-5.2189662909221335,0,0.0,REFERENCE,This test uses the supplied/current ticker universe and is not a survivorship-bias-free historical index-constituent study.
2013-07-16,T1_45D,95382.18323516214,0.0,95382.18323516214,100634.25086492457,-5.2189662909221335,0,0.0,REFERENCE,This test uses the supplied/current ticker universe and is not a survivorship-bias-free historical index-constituent study.
2013-07-17,T1_45D,95382.18323516214,0.0,95382.18323516214,100634.25086492457,-5.2189662909221335,0,0.0,REFERENCE,This test uses the supplied/current ticker universe and is not a survivorship-bias-free historical index-constituent study.
2013-07-18,T1_45D,95382.18323516214,0.0,95382.18323516214,100634.25086492457,-5.2189662909221335,0,0.0,REFERENCE,This test uses the supplied/current ticker universe and is not a survivorship-bias-free historical index-constituent study.
2013-07-19,T1_45D,95382.18323516214,0.0,95382.18323516214,100634.25086492457,-5.2189662909221335,0,0.0,REFERENCE,This test uses the supplied/current ticker universe and is not a survivorship-bias-free historical index-constituent study.
2013-07-22,T1_45D,95382.18323516214,0.0,95382.18323516214,100634.25086492457,-5.2189662909221335,0,0.0,REFERENCE,This test uses the supplied/current ticker universe and is not a survivorship-bias-free historical index-constituent study.
2013-07-23,T1_45D,95382.18323516214,0.0,95382.18323516214,100634.25086492457,-5.2189662909221335,0,0.0,REFERENCE,This test uses the supplied/current ticker universe and is not a survivorship-bias-free historical index-constituent study.
2013-07-24,T1_45D,95382.18323516214,0.0,95382.18323516214,100634.25086492457,-5.2189662909221335,0,0.0,REFERENCE,This test uses the supplied/current ticker universe and is not a survivorship-bias-free historical index-constituent study.
2013-07-25,T1_45D,95382.18323516214,0.0,95382.18323516214,100634.25086492457,-5.2189662909221335,0,0.0,REFERENCE,This test uses the supplied/current ticker universe and is not a survivorship-bias-free historical index-constituent study.
2013-07-26,T1_45D,95382.18323516214,0.0,95382.18323516214,100634.25086492457,-5.2189662909221335,0,0.0,REFERENCE,This test uses the supplied/current ticker universe and is not a survivorship-bias-free historical index-constituent study.
2013-07-29,T1_45D,95382.18323516214,0.0,95382.18323516214,100634.25086492457,-5.2189662909221335,0,0.0,REFERENCE,This test uses the supplied/current ticker universe and is not a survivorship-bias-free historical index-constituent study.
2013-07-30,T1_45D,95382.18323516214,0.0,95382.18323516214,100634.25086492457,-5.2189662909221335,0,0.0,REFERENCE,This test uses the supplied/current ticker universe and is not a survivorship-bias-free historical index-constituent study.
2013-07-31,T1_45D,95382.18323516214,0.0,95382.18323516214,100634.25086492457,-5.2189662909221335,0,0.0,REFERENCE,This test uses the supplied/current ticker universe and is not a survivorship-bias-free historical index-constituent study.
2013-08-01,T1_45D,95382.18323516214,0.0,95382.18323516214,100634.25086492457,-5.2189662909221335,0,0.0,REFERENCE,This test uses the supplied/current ticker universe and is not a survivorship-bias-free historical index-constituent study.
2013-08-02,T1_45D,95382.18323516214,0.0,95382.18323516214,100634.25086492457,-5.2189662909221335,0,0.0,REFERENCE,This test uses the supplied/current ticker universe and is not a survivorship-bias-free historical index-constituent study.
2013-08-05,T1_45D,95382.18323516214,0.0,95382.18323516214,100634.25086492457,-5.2189662909221335,0,0.0,REFERENCE,This test uses the supplied/current ticker universe and is not a survivorship-bias-free historical index-constituent study.
2013-08-06,T1_45D,95382.18323516214,0.0,95382.18323516214,100634.25086492457,-5.2189662909221335,0,0.0,REFERENCE,This test uses the supplied/current ticker universe and is not a survivorship-bias-free historical index-constituent study.
2013-08-07,T1_45D,95382.18323516214,0.0,95382.18323516214,100634.25086492457,-5.2189662909221335,0,0.0,REFERENCE,This test uses the supplied/current ticker universe and is not a survivorship-bias-free historical index-constituent study.
2013-08-08,T1_45D,95382.18323516214,0.0,95382.18323516214,100634.25086492457,-5.2189662909221335,0,0.0,REFERENCE,This test uses the supplied/current ticker universe and is not a survivorship-bias-free historical index-constituent study.
2013-08-12,T1_45D,95382.18323516214,0.0,95382.18323516214,100634.25086492457,-5.2189662909221335,0,0.0,REFERENCE,This test uses the supplied/current ticker universe and is not a survivorship-bias-free historical index-constituent study.
2013-08-13,T1_45D,95382.18323516214,0.0,95382.18323516214,100634.25086492457,-5.2189662909221335,0,0.0,REFERENCE,This test uses the supplied/current ticker universe and is not a survivorship-bias-free historical index-constituent study.
2013-08-14,T1_45D,95382.18323516214,0.0,95382.18323516214,100634.25086492457,-5.2189662909221335,0,0.0,REFERENCE,This test uses the supplied/current ticker universe and is not a survivorship-bias-free historical index-constituent study.
2013-08-16,T1_45D,95382.18323516214,0.0,95382.18323516214,100634.25086492457,-5.2189662909221335,0,0.0,REFERENCE,This test uses the supplied/current ticker universe and is not a survivorship-bias-free historical index-constituent study.
2013-08-19,T1_45D,95382.18323516214,0.0,95382.18323516214,100634.25086492457,-5.2189662909221335,0,0.0,REFERENCE,This test uses the supplied/current ticker universe and is not a survivorship-bias-free historical index-constituent study.
2013-08-20,T1_45D,95382.18323516214,0.0,95382.18323516214,100634.25086492457,-5.2189662909221335,0,0.0,REFERENCE,This test uses the supplied/current ticker universe and is not a survivorship-bias-free historical index-constituent study.
2013-08-21,T1_45D,95382.18323516214,0.0,95382.18323516214,100634.25086492457,-5.2189662909221335,0,0.0,REFERENCE,This test uses the supplied/current ticker universe and is not a survivorship-bias-free historical index-constituent study.
2013-08-22,T1_45D,95382.18323516214,0.0,95382.18323516214,100634.25086492457,-5.2189662909221335,0,0.0,REFERENCE,This test uses the supplied/current ticker universe and is not a survivorship-bias-free historical index-constituent study.
2013-08-23,T1_45D,95382.18323516214,0.0,95382.18323516214,100634.25086492457,-5.2189662909221335,0,0.0,REFERENCE,This test uses the supplied/current ticker universe and is not a survivorship-bias-free historical index-constituent study.
2013-08-26,T1_45D,95382.18323516214,0.0,95382.18323516214,100634.25086492457,-5.2189662909221335,0,0.0,REFERENCE,This test uses the supplied/current ticker universe and is not a survivorship-bias-free historical index-constituent study.
2013-08-27,T1_45D,95382.18323516214,0.0,95382.18323516214,100634.25086492457,-5.2189662909221335,0,0.0,REFERENCE,This test uses the supplied/current ticker universe and is not a survivorship-bias-free historical index-constituent study.
2013-08-28,T1_45D,95382.18323516214,0.0,95382.18323516214,100634.25086492457,-5.2189662909221335,0,0.0,REFERENCE,This test uses the supplied/current ticker universe and is not a survivorship-bias-free historical index-constituent study.
2013-08-29,T1_45D,95382.18323516214,0.0,95382.18323516214,100634.25086492457,-5.2189662909221335,0,0.0,REFERENCE,This test uses the supplied/current ticker universe and is not a survivorship-bias-free historical index-constituent study.
2013-08-30,T1_45D,95382.18323516214,0.0,95382.18323516214,100634.25086492457,-5.2189662909221335,0,0.0,REFERENCE,This test uses the supplied/current ticker universe and is not a survivorship-bias-free historical index-constituent study.
2013-09-02,T1_45D,95382.18323516214,0.0,95382.18323516214,100634.25086492457,-5.2189662909221335,0,0.0,REFERENCE,This test uses the supplied/current ticker universe and is not a survivorship-bias-free historical index-constituent study.
2013-09-03,T1_45D,95382.18323516214,0.0,95382.18323516214,100634.25086492457,-5.2189662909221335,0,0.0,REFERENCE,This test uses the supplied/current ticker universe and is not a survivorship-bias-free historical index-constituent study.
2013-09-04,T1_45D,95382.18323516214,0.0,95382.18323516214,100634.25086492457,-5.2189662909221335,0,0.0,REFERENCE,This test uses the supplied/current ticker universe and is not a survivorship-bias-free historical index-constituent study.
2013-09-05,T1_45D,95382.18323516214,0.0,95382.18323516214,100634.25086492457,-5.2189662909221335,0,0.0,REFERENCE,This test uses the supplied/current ticker universe and is not a survivorship-bias-free historical index-constituent study.
2013-09-06,T1_45D,95382.18323516214,0.0,95382.18323516214,100634.25086492457,-5.2189662909221335,0,0.0,REFERENCE,This test uses the supplied/current ticker universe and is not a survivorship-bias-free historical index-constituent study.
2013-09-10,T1_45D,95382.18323516214,0.0,95382.18323516214,100634.25086492457,-5.2189662909221335,0,0.0,REFERENCE,This test uses the supplied/current ticker universe and is not a survivorship-bias-free historical index-constituent study.
2013-09-11,T1_45D,95382.18323516214,0.0,95382.18323516214,100634.25086492457,-5.2189662909221335,0,0.0,REFERENCE,This test uses the supplied/current ticker universe and is not a survivorship-bias-free historical index-constituent study.
2013-09-12,T1_45D,95382.18323516214,0.0,95382.18323516214,100634.25086492457,-5.2189662909221335,0,0.0,REFERENCE,This test uses the supplied/current ticker universe and is not a survivorship-bias-free historical index-constituent study.
2013-09-13,T1_45D,95382.18323516214,0.0,95382.18323516214,100634.25086492457,-5.2189662909221335,0,0.0,REFERENCE,This test uses the supplied/current ticker universe and is not a survivorship-bias-free historical index-constituent study.
2013-09-16,T1_45D,95382.18323516214,0.0,95382.18323516214,100634.25086492457,-5.2189662909221335,0,0.0,REFERENCE,This test uses the supplied/current ticker universe and is not a survivorship-bias-free historical index-constituent study.
2013-09-17,T1_45D,95382.18323516214,0.0,95382.18323516214,100634.25086492457,-5.2189662909221335,0,0.0,REFERENCE,This test uses the supplied/current ticker universe and is not a survivorship-bias-free historical index-constituent study.
2013-09-18,T1_45D,95382.18323516214,0.0,95382.18323516214,100634.25086492457,-5.2189662909221335,0,0.0,REFERENCE,This test uses the supplied/current ticker universe and is not a survivorship-bias-free historical index-constituent study.
2013-09-19,T1_45D,95382.18323516214,0.0,95382.18323516214,100634.25086492457,-5.2189662909221335,0,0.0,REFERENCE,This test uses the supplied/current ticker universe and is not a survivorship-bias-free historical index-constituent study.
2013-09-20,T1_45D,95382.18323516214,0.0,95382.18323516214,100634.25086492457,-5.2189662909221335,0,0.0,REFERENCE,This test uses the supplied/current ticker universe and is not a survivorship-bias-free historical index-constituent study.
2013-09-23,T1_45D,95382.18323516214,0.0,95382.18323516214,100634.25086492457,-5.2189662909221335,0,0.0,REFERENCE,This test uses the supplied/current ticker universe and is not a survivorship-bias-free historical index-constituent study.
2013-09-24,T1_45D,95382.18323516214,0.0,95382.18323516214,100634.25086492457,-5.2189662909221335,0,0.0,REFERENCE,This test uses the supplied/current ticker universe and is not a survivorship-bias-free historical index-constituent study.
2013-09-25,T1_45D,76946.8198891267,18421.271209716797,95368.09109884349,100634.25086492457,-5.2329696110616775,1,-0.014774390604910259,REFERENCE,This test uses the supplied/current ticker universe and is not a survivorship-bias-free historical index-constituent study.
2013-09-26,T1_45D,76946.8198891267,18437.4873046875,95384.3071938142,100634.25086492457,-5.216855718593328,1,0.017003690420835937,REFERENCE,This test uses the supplied/current ticker universe and is not a survivorship-bias-free historical index-constituent study.
2013-09-27,T1_45D,76946.8198891267,18402.601959228516,95349.42184835521,100634.25086492457,-5.251521197949671,1,-0.03657346421576113,REFERENCE,This test uses the supplied/current ticker universe and is not a survivorship-bias-free historical index-constituent study.
2013-09-30,T1_45D,76946.8198891267,18441.780853271484,95388.60074239818,100634.25086492457,-5.212589230248577,1,0.041089807660577016,REFERENCE,This test uses the supplied/current ticker universe and is not a survivorship-bias-free historical index-constituent study.
2013-10-01,T1_45D,62082.53284286822,33553.12518310547,95635.65802597368,100634.25086492457,-4.967089033792494,2,0.2590008466972771,REFERENCE,This test uses the supplied/current ticker universe and is not a survivorship-bias-free historical index-constituent study.
2013-10-03,T1_45D,62082.53284286822,34273.974060058594,96356.5069029268,100634.25086492457,-4.250783331948815,2,0.7537448811795189,REFERENCE,This test uses the supplied/current ticker universe and is not a survivorship-bias-free historical index-constituent study.
2013-10-04,T1_45D,62082.53284286822,34216.69583129883,96299.22867416704,100634.25086492457,-4.307700562680372,2,-0.05944406932213431,REFERENCE,This test uses the supplied/current ticker universe and is not a survivorship-bias-free historical index-constituent study.
2013-10-07,T1_45D,78170.69840313467,18495.950317382812,96666.64872051748,100634.25086492457,-3.9425961939465015,1,0.38153996808596435,REFERENCE,This test uses the supplied/current ticker universe and is not a survivorship-bias-free historical index-constituent study.
2013-10-08,T1_45D,78170.69840313467,18571.233764648438,96741.9321677831,100634.25086492457,-3.867787223224728,1,0.0778794426641305,REFERENCE,This test uses the supplied/current ticker universe and is not a survivorship-bias-free historical index-constituent study.
2013-10-09,T1_45D,78170.69840313467,19034.572723388672,97205.27112652334,100634.25086492457,-3.4073684743813004,1,0.4789432548614414,REFERENCE,This test uses the supplied/current ticker universe and is not a survivorship-bias-free historical index-constituent study.
2013-10-10,T1_45D,78170.69840313467,19143.216979980465,97313.91538311513,100634.25086492457,-3.2994089519940206,1,0.11176786539732753,REFERENCE,This test uses the supplied/current ticker universe and is not a survivorship-bias-free historical index-constituent study.
2013-10-11,T1_45D,98562.9475899646,0.0,98562.9475899646,100634.25086492457,-2.0582488140545308,0,1.2835083265657854,REFERENCE,This test uses the supplied/current ticker universe and is not a survivorship-bias-free historical index-constituent study.
2013-10-14,T1_45D,98562.9475899646,0.0,98562.9475899646,100634.25086492457,-2.0582488140545308,0,0.0,REFERENCE,This test uses the supplied/current ticker universe and is not a survivorship-bias-free historical index-constituent study.
2013-10-15,T1_45D,98562.9475899646,0.0,98562.9475899646,100634.25086492457,-2.0582488140545308,0,0.0,REFERENCE,This test uses the supplied/current ticker universe and is not a survivorship-bias-free historical index-constituent study.
2013-10-17,T1_45D,98562.9475899646,0.0,98562.9475899646,100634.25086492457,-2.0582488140545308,0,0.0,REFERENCE,This test uses the supplied/current ticker universe and is not a survivorship-bias-free historical index-constituent study.
2013-10-18,T1_45D,98562.9475899646,0.0,98562.9475899646,100634.25086492457,-2.0582488140545308,0,0.0,REFERENCE,This test uses the supplied/current ticker universe and is not a survivorship-bias-free historical index-constituent study.
2013-10-21,T1_45D,98562.9475899646,0.0,98562.9475899646,100634.25086492457,-2.0582488140545308,0,0.0,REFERENCE,This test uses the supplied/current ticker universe and is not a survivorship-bias-free historical index-constituent study.
2013-10-22,T1_45D,98562.9475899646,0.0,98562.9475899646,100634.25086492457,-2.0582488140545308,0,0.0,REFERENCE,This test uses the supplied/current ticker universe and is not a survivorship-bias-free historical index-constituent study.
2013-10-23,T1_45D,98562.9475899646,0.0,98562.9475899646,100634.25086492457,-2.0582488140545308,0,0.0,REFERENCE,This test uses the supplied/current ticker universe and is not a survivorship-bias-free historical index-constituent study.
2013-10-24,T1_45D,98562.9475899646,0.0,98562.9475899646,100634.25086492457,-2.0582488140545308,0,0.0,REFERENCE,This test uses the supplied/current ticker universe and is not a survivorship-bias-free historical index-constituent study.
2013-10-25,T1_45D,98562.9475899646,0.0,98562.9475899646,100634.25086492457,-2.0582488140545308,0,0.0,REFERENCE,This test uses the supplied/current ticker universe and is not a survivorship-bias-free historical index-constituent study.
2013-10-28,T1_45D,84700.38451688689,13927.86392211914,98628.24843900603,100634.25086492457,-1.9933595258845638,1,0.06625293849071845,REFERENCE,This test uses the supplied/current ticker universe and is not a survivorship-bias-free historical index-constituent study.
2013-10-29,T1_45D,84700.38451688689,14005.58782196045,98705.97233884734,100634.25086492457,-1.9161254836243091,1,0.07880490738854107,REFERENCE,This test uses the supplied/current ticker universe and is not a survivorship-bias-free historical index-constituent study.
2013-10-30,T1_45D,84700.38451688689,13723.487197875977,98423.87171476286,100634.25086492457,-2.1964481587174234,1,-0.285798941442017,REFERENCE,This test uses the supplied/current ticker universe and is not a survivorship-bias-free historical index-constituent study.
2013-10-31,T1_45D,84700.38451688689,13750.834571838379,98451.21908872527,100634.25086492457,-2.169273142530237,1,0.027785306029870505,REFERENCE,This test uses the supplied/current ticker universe and is not a survivorship-bias-free historical index-constituent study.
2013-11-01,T1_45D,84700.38451688689,13890.44342803955,98590.82794492644,100634.25086492457,-2.0305441759991827,1,0.14180510662378243,REFERENCE,This test uses the supplied/current ticker universe and is not a survivorship-bias-free historical index-constituent study.
2013-11-05,T1_45D,84700.38451688689,13819.917930603027,98520.30244748991,100634.25086492457,-2.100625184036087,1,-0.07153352792200751,REFERENCE,This test uses the supplied/current ticker universe and is not a survivorship-bias-free historical index-constituent study.
2013-11-06,T1_45D,84700.38451688689,13886.129302978516,98586.5138198654,100634.25086492457,-2.0348311111370254,1,0.06720581517782875,REFERENCE,This test uses the supplied/current ticker universe and is not a survivorship-bias-free historical index-constituent study.
2013-11-07,T1_45D,84700.38451688689,13873.1732711792,98573.55778806609,100634.25086492457,-2.0477054870954747,1,-0.013141789173098939,REFERENCE,This test uses the supplied/current ticker universe and is not a survivorship-bias-free historical index-constituent study.
2013-11-08,T1_45D,67976.23963121163,30861.639038085938,98837.87866929757,100634.25086492457,-1.7850504974078474,2,0.2681458264900849,REFERENCE,This test uses the supplied/current ticker universe and is not a survivorship-bias-free historical index-constituent study.
2013-11-11,T1_45D,67976.23963121163,30711.855270385742,98688.09490159737,100634.25086492457,-1.9338902477044395,2,-0.15154490334758908,REFERENCE,This test uses the supplied/current ticker universe and is not a survivorship-bias-free historical index-constituent study.
2013-11-12,T1_45D,67976.23963121163,30792.928588867188,98769.16822007882,100634.25086492457,-1.8533278966314737,2,0.08215106245823556,REFERENCE,This test uses the supplied/current ticker universe and is not a survivorship-bias-free historical index-constituent study.
2013-11-13,T1_45D,67976.23963121163,31071.187309265137,99047.42694047677,100634.25086492457,-1.5768229114933252,2,0.28172629719622755,REFERENCE,This test uses the supplied/current ticker universe and is not a survivorship-bias-free historical index-constituent study.
2013-11-14,T1_45D,67976.23963121163,30922.05132293701,98898.29095414864,100634.25086492457,-1.7250189630824697,2,-0.15057027823422997,REFERENCE,This test uses the supplied/current ticker universe and is not a survivorship-bias-free historical index-constituent study.
2013-11-18,T1_45D,67976.23963121163,31431.063758850098,99407.30339006173,100634.25086492457,-1.2192145957440448,2,0.514682742241801,REFERENCE,This test uses the supplied/current ticker universe and is not a survivorship-bias-free historical index-constituent study.
2013-11-19,T1_45D,67976.23963121163,31181.589447021484,99157.82907823312,100634.25086492457,-1.4671165870486447,2,-0.2509617536346487,REFERENCE,This test uses the supplied/current ticker universe and is not a survivorship-bias-free historical index-constituent study.
2013-11-20,T1_45D,67976.23963121163,30783.274673461914,98759.51430467355,100634.25086492457,-1.862920967899262,2,-0.40169775524765416,REFERENCE,This test uses the supplied/current ticker universe and is not a survivorship-bias-free historical index-constituent study.
2013-11-21,T1_45D,67976.23963121163,30197.183700561523,98173.42333177316,100634.25086492457,-2.4453180820657616,2,-0.5934526683599284,REFERENCE,This test uses the supplied/current ticker universe and is not a survivorship-bias-free historical index-constituent study.
2013-11-22,T1_45D,67976.23963121163,30008.98829650879,97985.22792772042,100634.25086492457,-2.632327378041277,2,-0.19169689480699192,REFERENCE,This test uses the supplied/current ticker universe and is not a survivorship-bias-free historical index-constituent study.
2013-11-25,T1_45D,67976.23963121163,30201.653923034668,98177.8935542463,100634.25086492457,-2.440876033325168,2,0.19662721677597972,REFERENCE,This test uses the supplied/current ticker universe and is not a survivorship-bias-free historical index-constituent study.
2013-11-26,T1_45D,67976.23963121163,29863.25033569336,97839.48996690499,100634.25086492457,-2.777146820291654,2,-0.34468409851788895,REFERENCE,This test uses the supplied/current ticker universe and is not a survivorship-bias-free historical index-constituent study.
2013-11-27,T1_45D,83951.70757367548,13523.431427001953,97475.13900067743,100634.25086492457,-3.1392014518868194,1,-0.3723966328430417,REFERENCE,This test uses the supplied/current ticker universe and is not a survivorship-bias-free historical index-constituent study.
2013-11-28,T1_45D,83951.70757367548,13604.0259475708,97555.73352124628,100634.25086492457,-3.059114881085967,1,0.08268212940767405,REFERENCE,This test uses the supplied/current ticker universe and is not a survivorship-bias-free historical index-constituent study.
2013-11-29,T1_45D,83951.70757367548,13552.214111328125,97503.9216850036,100634.25086492457,-3.110600171429334,1,-0.053109985823018846,REFERENCE,This test uses the supplied/current ticker universe and is not a survivorship-bias-free historical index-constituent study.
2013-12-02,T1_45D,83951.70757367548,13853.024299621582,97804.73187329706,100634.25086492457,-2.811685849806156,1,0.3085108609941489,REFERENCE,This test uses the supplied/current ticker universe and is not a survivorship-bias-free historical index-constituent study.
2013-12-03,T1_45D,83951.70757367548,13887.564613342285,97839.27218701776,100634.25086492457,-2.777363227613572,1,0.03531558551324032,REFERENCE,This test uses the supplied/current ticker universe and is not a survivorship-bias-free historical index-constituent study.
2013-12-04,T1_45D,83951.70757367548,14143.757270812988,98095.46484448847,100634.25086492457,-2.522785233273872,1,0.26185053480467513,REFERENCE,This test uses the supplied/current ticker universe and is not a survivorship-bias-free historical index-constituent study.
2013-12-05,T1_45D,83951.70757367548,14188.370704650879,98140.07827832636,100634.25086492457,-2.4784529771538666,1,0.04547960897949288,REFERENCE,This test uses the supplied/current ticker universe and is not a survivorship-bias-free historical index-constituent study.
2013-12-06,T1_45D,83951.70757367548,14214.284133911133,98165.99170758661,100634.25086492457,-2.452702868182488,1,0.026404532903234745,REFERENCE,This test uses the supplied/current ticker universe and is not a survivorship-bias-free historical index-constituent study.
2013-12-09,T1_45D,83951.70757367548,14600.005699157715,98551.71327283319,100634.25086492457,-2.0694123265116215,1,0.3929278954320159,REFERENCE,This test uses the supplied/current ticker universe and is not a survivorship-bias-free historical index-constituent study.
2013-12-10,T1_45D,98898.01754649235,0.0,98898.01754649235,100634.25086492457,-1.7252906475774932,0,0.35139345847843284,REFERENCE,This test uses the supplied/current ticker universe and is not a survivorship-bias-free historical index-constituent study.
2013-12-11,T1_45D,98898.01754649235,0.0,98898.01754649235,100634.25086492457,-1.7252906475774932,0,0.0,REFERENCE,This test uses the supplied/current ticker universe and is not a survivorship-bias-free historical index-constituent study.
2013-12-12,T1_45D,98898.01754649235,0.0,98898.01754649235,100634.25086492457,-1.7252906475774932,0,0.0,REFERENCE,This test uses the supplied/current ticker universe and is not a survivorship-bias-free historical index-constituent study.
2013-12-13,T1_45D,98898.01754649235,0.0,98898.01754649235,100634.25086492457,-1.7252906475774932,0,0.0,REFERENCE,This test uses the supplied/current ticker universe and is not a survivorship-bias-free historical index-constituent study.
2013-12-16,T1_45D,98898.01754649235,0.0,98898.01754649235,100634.25086492457,-1.7252906475774932,0,0.0,REFERENCE,This test uses the supplied/current ticker universe and is not a survivorship-bias-free historical index-constituent study.
2013-12-17,T1_45D,84398.76085700028,14494.667763326976,98893.42862032725,100634.25086492457,-1.7298506518758971,1,-0.0046400587988992825,REFERENCE,This test uses the supplied/current ticker universe and is not a survivorship-bias-free historical index-constituent study.
2013-12-18,T1_45D,84398.76085700028,14461.675000318712,98860.43585731898,100634.25086492457,-1.7626354768482178,1,-0.033361936650955215,REFERENCE,This test uses the supplied/current ticker universe and is not a survivorship-bias-free historical index-constituent study.
2013-12-19,T1_45D,84398.76085700028,14035.398657039701,98434.15951403997,100634.25086492457,-2.186225198652947,1,-0.43119003025056113,REFERENCE,This test uses the supplied/current ticker universe and is not a survivorship-bias-free historical index-constituent study.
2013-12-20,T1_45D,84398.76085700028,14354.776589636975,98753.53744663726,100634.25086492457,-1.8688601565799767,1,0.324458434118835,REFERENCE,This test uses the supplied/current ticker universe and is not a survivorship-bias-free historical index-constituent study.
2013-12-23,T1_45D,84398.76085700028,14491.36760798934,98890.12846498961,100634.25086492457,-1.7331300078697764,1,0.13831506382864234,REFERENCE,This test uses the supplied/current ticker universe and is not a survivorship-bias-free historical index-constituent study.
2013-12-24,T1_45D,84398.76085700028,14501.927351609651,98900.68820860994,100634.25086492457,-1.7226368174007578,1,0.010678258572660582,REFERENCE,This test uses the supplied/current ticker universe and is not a survivorship-bias-free historical index-constituent study.
2013-12-26,T1_45D,84398.76085700028,14512.48332792935,98911.24418492963,100634.25086492457,-1.7121473704888368,1,0.010673309267006381,REFERENCE,This test uses the supplied/current ticker universe and is not a survivorship-bias-free historical index-constituent study.
2013-12-27,T1_45D,84398.76085700028,14652.378268919963,99051.13912592024,100634.25086492457,-1.5731341222276818,1,0.14143482082689118,REFERENCE,This test uses the supplied/current ticker universe and is not a survivorship-bias-free historical index-constituent study.
2013-12-30,T1_45D,84398.76085700028,14473.550787620092,98872.31164462036,100634.25086492457,-1.7508345371091916,1,-0.18054056003589114,REFERENCE,This test uses the supplied/current ticker universe and is not a survivorship-bias-free historical index-constituent study.
2013-12-31,T1_45D,84398.76085700028,14500.60754062797,98899.36839762825,100634.25086492457,-1.7239483102278519,1,0.02736534886038644,REFERENCE,This test uses the supplied/current ticker universe and is not a survivorship-bias-free historical index-constituent study.
2014-01-01,T1_45D,84398.76085700028,14486.750153203764,98885.51101020403,100634.25086492457,-1.7377183609860292,1,-0.014011603561003838,REFERENCE,This test uses the supplied/current ticker universe and is not a survivorship-bias-free historical index-constituent study.
2014-01-02,T1_45D,65707.50120645468,32550.133173096772,98257.63437955145,100634.25086492457,-2.361637777343928,2,-0.6349531131894404,REFERENCE,This test uses the supplied/current ticker universe and is not a survivorship-bias-free historical index-constituent study.
2014-01-03,T1_45D,83643.05299402989,14078.951163668275,97722.00415769816,100634.25086492457,-2.89389217110122,1,-0.5451283508253968,REFERENCE,This test uses the supplied/current ticker universe and is not a survivorship-bias-free historical index-constituent study.
2014-01-06,T1_45D,97380.44039671366,0.0,97380.44039671366,100634.25086492457,-3.233303214606631,0,-0.3495259475371659,REFERENCE,This test uses the supplied/current ticker universe and is not a survivorship-bias-free historical index-constituent study.
2014-01-07,T1_45D,97380.44039671366,0.0,97380.44039671366,100634.25086492457,-3.233303214606631,0,0.0,REFERENCE,This test uses the supplied/current ticker universe and is not a survivorship-bias-free historical index-constituent study.
2014-01-08,T1_45D,97380.44039671366,0.0,97380.44039671366,100634.25086492457,-3.233303214606631,0,0.0,REFERENCE,This test uses the supplied/current ticker universe and is not a survivorship-bias-free historical index-constituent study.
2014-01-09,T1_45D,97380.44039671366,0.0,97380.44039671366,100634.25086492457,-3.233303214606631,0,0.0,REFERENCE,This test uses the supplied/current ticker universe and is not a survivorship-bias-free historical index-constituent study.
2014-01-10,T1_45D,97380.44039671366,0.0,97380.44039671366,100634.25086492457,-3.233303214606631,0,0.0,REFERENCE,This test uses the supplied/current ticker universe and is not a survivorship-bias-free historical index-constituent study.
2014-01-13,T1_45D,97380.44039671366,0.0,97380.44039671366,100634.25086492457,-3.233303214606631,0,0.0,REFERENCE,This test uses the supplied/current ticker universe and is not a survivorship-bias-free historical index-constituent study.
2014-01-14,T1_45D,97380.44039671366,0.0,97380.44039671366,100634.25086492457,-3.233303214606631,0,0.0,REFERENCE,This test uses the supplied/current ticker universe and is not a survivorship-bias-free historical index-constituent study.
2014-01-15,T1_45D,76790.62251090279,20936.611083984375,97727.23359488716,100634.25086492457,-2.888695692621912,1,0.3561220269293397,REFERENCE,This test uses the supplied/current ticker universe and is not a survivorship-bias-free historical index-constituent study.
2014-01-16,T1_45D,76790.62251090279,20817.400512695312,97608.0230235981,100634.25086492457,-3.007154935140721,1,-0.12198295900119893,REFERENCE,This test uses the supplied/current ticker universe and is not a survivorship-bias-free historical index-constituent study.
2014-01-17,T1_45D,76790.62251090279,20647.005615234375,97437.62812613716,100634.25086492457,-3.1764759128361297,1,-0.1745705856779245,REFERENCE,This test uses the supplied/current ticker universe and is not a survivorship-bias-free historical index-constituent study.
2014-01-20,T1_45D,76790.62251090279,20681.900268554688,97472.52277945747,100634.25086492457,-3.1418011842815785,1,0.03581229756037807,REFERENCE,This test uses the supplied/current ticker universe and is not a survivorship-bias-free historical index-constituent study.
2014-01-21,T1_45D,76790.62251090279,20957.548828125,97748.17133902779,100634.25086492457,-2.867889909341703,1,0.2827961683047775,REFERENCE,This test uses the supplied/current ticker universe and is not a survivorship-bias-free historical index-constituent study.
2014-01-22,T1_45D,76790.62251090279,21026.7509765625,97817.37348746529,100634.25086492457,-2.7991239098507426,1,0.07079636118969557,REFERENCE,This test uses the supplied/current ticker universe and is not a survivorship-bias-free historical index-constituent study.
2014-01-23,T1_45D,76790.62251090279,20863.340087890625,97653.96259879341,100634.25086492457,-2.9615048957153056,1,-0.16705712170119735,REFERENCE,This test uses the supplied/current ticker universe and is not a survivorship-bias-free historical index-constituent study.
2014-01-24,T1_45D,76790.62251090279,20635.95751953125,97426.58003043404,100634.25086492457,-3.187454377531962,1,-0.23284520393049846,REFERENCE,This test uses the supplied/current ticker universe and is not a survivorship-bias-free historical index-constituent study.
2014-01-27,T1_45D,96630.64789557287,0.0,96630.64789557287,100634.25086492457,-3.9783701224402224,0,-0.8169558395794474,REFERENCE,This test uses the supplied/current ticker universe and is not a survivorship-bias-free historical index-constituent study.
2014-01-28,T1_45D,96630.64789557287,0.0,96630.64789557287,100634.25086492457,-3.9783701224402224,0,0.0,REFERENCE,This test uses the supplied/current ticker universe and is not a survivorship-bias-free historical index-constituent study.
2014-01-29,T1_45D,96630.64789557287,0.0,96630.64789557287,100634.25086492457,-3.9783701224402224,0,0.0,REFERENCE,This test uses the supplied/current ticker universe and is not a survivorship-bias-free historical index-constituent study.
2014-01-30,T1_45D,96630.64789557287,0.0,96630.64789557287,100634.25086492457,-3.9783701224402224,0,0.0,REFERENCE,This test uses the supplied/current ticker universe and is not a survivorship-bias-free historical index-constituent study.
2014-01-31,T1_45D,96630.64789557287,0.0,96630.64789557287,100634.25086492457,-3.9783701224402224,0,0.0,REFERENCE,This test uses the supplied/current ticker universe and is not a survivorship-bias-free historical index-constituent study.
2014-02-03,T1_45D,96630.64789557287,0.0,96630.64789557287,100634.25086492457,-3.9783701224402224,0,0.0,REFERENCE,This test uses the supplied/current ticker universe and is not a survivorship-bias-free historical index-constituent study.
2014-02-04,T1_45D,96630.64789557287,0.0,96630.64789557287,100634.25086492457,-3.9783701224402224,0,0.0,REFERENCE,This test uses the supplied/current ticker universe and is not a survivorship-bias-free historical index-constituent study.
2014-02-05,T1_45D,96630.64789557287,0.0,96630.64789557287,100634.25086492457,-3.9783701224402224,0,0.0,REFERENCE,This test uses the supplied/current ticker universe and is not a survivorship-bias-free historical index-constituent study.
2014-02-06,T1_45D,96630.64789557287,0.0,96630.64789557287,100634.25086492457,-3.9783701224402224,0,0.0,REFERENCE,This test uses the supplied/current ticker universe and is not a survivorship-bias-free historical index-constituent study.
2014-02-07,T1_45D,96630.64789557287,0.0,96630.64789557287,100634.25086492457,-3.9783701224402224,0,0.0,REFERENCE,This test uses the supplied/current ticker universe and is not a survivorship-bias-free historical index-constituent study.
2014-02-10,T1_45D,96630.64789557287,0.0,96630.64789557287,100634.25086492457,-3.9783701224402224,0,0.0,REFERENCE,This test uses the supplied/current ticker universe and is not a survivorship-bias-free historical index-constituent study.
2014-02-11,T1_45D,96630.64789557287,0.0,96630.64789557287,100634.25086492457,-3.9783701224402224,0,0.0,REFERENCE,This test uses the supplied/current ticker universe and is not a survivorship-bias-free historical index-constituent study.
2014-02-12,T1_45D,96630.64789557287,0.0,96630.64789557287,100634.25086492457,-3.9783701224402224,0,0.0,REFERENCE,This test uses the supplied/current ticker universe and is not a survivorship-bias-free historical index-constituent study.
2014-02-13,T1_45D,78921.752773273,17861.12602996826,96782.87880324126,100634.25086492457,-3.8270986553601727,1,0.1575389495813928,REFERENCE,This test uses the supplied/current ticker universe and is not a survivorship-bias-free historical index-constituent study.
2014-02-14,T1_45D,78921.752773273,18137.795120239254,97059.54789351225,100634.25086492457,-3.5521732816498397,1,0.2858657375065965,REFERENCE,This test uses the supplied/current ticker universe and is not a survivorship-bias-free historical index-constituent study.
2014-02-17,T1_45D,78921.752773273,18047.715858459473,96969.46863173247,100634.25086492457,-3.641684815750379,1,-0.09280824373776309,REFERENCE,This test uses the supplied/current ticker universe and is not a survivorship-bias-free historical index-constituent study.
2014-02-18,T1_45D,78921.752773273,17920.641410827637,96842.39418410063,100634.25086492457,-3.7679583722578958,1,-0.13104583269857306,REFERENCE,This test uses the supplied/current ticker universe and is not a survivorship-bias-free historical index-constituent study.
2014-02-19,T1_45D,78921.752773273,18194.094848632812,97115.8476219058,100634.25086492457,-3.4962283842519093,1,0.2823695553058503,REFERENCE,This test uses the supplied/current ticker universe and is not a survivorship-bias-free historical index-constituent study.
2014-02-20,T1_45D,78921.752773273,18182.83551025391,97104.5882835269,100634.25086492457,-3.507416760259219,1,-0.011593718898217364,REFERENCE,This test uses the supplied/current ticker universe and is not a survivorship-bias-free historical index-constituent study.
2014-02-21,T1_45D,78921.752773273,18387.117500305172,97308.87027357817,100634.25086492457,-3.30442226455272,1,0.21037315914960164,REFERENCE,This test uses the supplied/current ticker universe and is not a survivorship-bias-free historical index-constituent study.
2014-02-24,T1_45D,78921.752773273,18583.35732269287,97505.11009596587,100634.25086492457,-3.1094192504684814,1,0.20166694139596153,REFERENCE,This test uses the supplied/current ticker universe and is not a survivorship-bias-free historical index-constituent study.
2014-02-25,T1_45D,97787.0181495092,0.0,97787.0181495092,100634.25086492457,-2.8292879322339703,0,0.28912131196598967,REFERENCE,This test uses the supplied/current ticker universe and is not a survivorship-bias-free historical index-constituent study.
2014-02-26,T1_45D,97787.0181495092,0.0,97787.0181495092,100634.25086492457,-2.8292879322339703,0,0.0,REFERENCE,This test uses the supplied/current ticker universe and is not a survivorship-bias-free historical index-constituent study.
2014-02-28,T1_45D,97787.0181495092,0.0,97787.0181495092,100634.25086492457,-2.8292879322339703,0,0.0,REFERENCE,This test uses the supplied/current ticker universe and is not a survivorship-bias-free historical index-constituent study.
2014-03-03,T1_45D,97787.0181495092,0.0,97787.0181495092,100634.25086492457,-2.8292879322339703,0,0.0,REFERENCE,This test uses the supplied/current ticker universe and is not a survivorship-bias-free historical index-constituent study.
2014-03-04,T1_45D,97787.0181495092,0.0,97787.0181495092,100634.25086492457,-2.8292879322339703,0,0.0,REFERENCE,This test uses the supplied/current ticker universe and is not a survivorship-bias-free historical index-constituent study.
2014-03-05,T1_45D,97787.0181495092,0.0,97787.0181495092,100634.25086492457,-2.8292879322339703,0,0.0,REFERENCE,This test uses the supplied/current ticker universe and is not a survivorship-bias-free historical index-constituent study.
2014-03-06,T1_45D,97787.0181495092,0.0,97787.0181495092,100634.25086492457,-2.8292879322339703,0,0.0,REFERENCE,This test uses the supplied/current ticker universe and is not a survivorship-bias-free historical index-constituent study.
2014-03-07,T1_45D,97787.0181495092,0.0,97787.0181495092,100634.25086492457,-2.8292879322339703,0,0.0,REFERENCE,This test uses the supplied/current ticker universe and is not a survivorship-bias-free historical index-constituent study.
2014-03-10,T1_45D,97787.0181495092,0.0,97787.0181495092,100634.25086492457,-2.8292879322339703,0,0.0,REFERENCE,This test uses the supplied/current ticker universe and is not a survivorship-bias-free historical index-constituent study.
2014-03-11,T1_45D,75896.51447306394,22144.07537841797,98040.58985148191,100634.25086492457,-2.5773143747291116,1,0.2593101894006189,REFERENCE,This test uses the supplied/current ticker universe and is not a survivorship-bias-free historical index-constituent study.
2014-03-12,T1_45D,75896.51447306394,21637.702880859375,97534.21735392332,100634.25086492457,-3.0804954420163067,1,-0.5164927080974158,REFERENCE,This test uses the supplied/current ticker universe and is not a survivorship-bias-free historical index-constituent study.
2014-03-13,T1_45D,75896.51447306394,21590.404418945316,97486.91889200926,100634.25086492457,-3.127495803729685,1,-0.04849422407566806,REFERENCE,This test uses the supplied/current ticker universe and is not a survivorship-bias-free historical index-constituent study.
2014-03-14,T1_45D,75896.51447306394,21882.5390625,97779.05353556394,100634.25086492457,-2.837202348922929,1,0.2996654801228349,REFERENCE,This test uses the supplied/current ticker universe and is not a survivorship-bias-free historical index-constituent study.
2014-03-18,T1_45D,75896.51447306394,21214.799194335938,97111.31366739988,100634.25086492457,-3.5007337633519264,1,-0.6829068640158087,REFERENCE,This test uses the supplied/current ticker universe and is not a survivorship-bias-free historical index-constituent study.
2014-03-19,T1_45D,97031.5885371202,0.0,97031.5885371202,100634.25086492457,-3.5799564232261383,0,-0.08209664483865842,REFERENCE,This test uses the supplied/current ticker universe and is not a survivorship-bias-free historical index-constituent study.
2014-03-20,T1_45D,97031.5885371202,0.0,97031.5885371202,100634.25086492457,-3.5799564232261383,0,0.0,REFERENCE,This test uses the supplied/current ticker universe and is not a survivorship-bias-free historical index-constituent study.
2014-03-21,T1_45D,97031.5885371202,0.0,97031.5885371202,100634.25086492457,-3.5799564232261383,0,0.0,REFERENCE,This test uses the supplied/current ticker universe and is not a survivorship-bias-free historical index-constituent study.
2014-03-24,T1_45D,97031.5885371202,0.0,97031.5885371202,100634.25086492457,-3.5799564232261383,0,0.0,REFERENCE,This test uses the supplied/current ticker universe and is not a survivorship-bias-free historical index-constituent study.
2014-03-25,T1_45D,97031.5885371202,0.0,97031.5885371202,100634.25086492457,-3.5799564232261383,0,0.0,REFERENCE,This test uses the supplied/current ticker universe and is not a survivorship-bias-free historical index-constituent study.
2014-03-26,T1_45D,80829.13482715435,16121.36315917969,96950.49798633404,100634.25086492457,-3.6605358979966085,1,-0.08357129055466261,REFERENCE,This test uses the supplied/current ticker universe and is not a survivorship-bias-free historical index-constituent study.
2014-03-27,T1_45D,80829.13482715435,16220.553039550781,97049.68786670514,100634.25086492457,-3.5619711652951858,1,0.10230982040451142,REFERENCE,This test uses the supplied/current ticker universe and is not a survivorship-bias-free historical index-constituent study.
2014-03-28,T1_45D,80829.13482715435,16277.710754394531,97106.84558154889,100634.25086492457,-3.5051736889365026,1,0.05889531033036466,REFERENCE,This test uses the supplied/current ticker universe and is not a survivorship-bias-free historical index-constituent study.
2014-03-31,T1_45D,80829.13482715435,16487.014587402344,97316.1494145567,100634.25086492457,-3.2971890006132876,1,0.21553973023666906,REFERENCE,This test uses the supplied/current ticker universe and is not a survivorship-bias-free historical index-constituent study.
2014-04-01,T1_45D,80829.13482715435,16813.998046875,97643.13287402935,100634.25086492457,-2.9722663657625104,1,0.33600123046355623,REFERENCE,This test uses the supplied/current ticker universe and is not a survivorship-bias-free historical index-constituent study.
2014-04-02,T1_45D,80829.13482715435,16845.09686279297,97674.23168994732,100634.25086492457,-2.9413635512131053,1,0.03184946550014445,REFERENCE,This test uses the supplied/current ticker universe and is not a survivorship-bias-free historical index-constituent study.
2014-04-03,T1_45D,80829.13482715435,16932.520751953125,97761.65557910748,100634.25086492457,-2.8544906541539294,1,0.08950558161304745,REFERENCE,This test uses the supplied/current ticker universe and is not a survivorship-bias-free historical index-constituent study.
2014-04-04,T1_45D,80829.13482715435,16794.66290283203,97623.79772998639,100634.25086492457,-2.991479649387907,1,-0.14101423334585972,REFERENCE,This test uses the supplied/current ticker universe and is not a survivorship-bias-free historical index-constituent study.
2014-04-07,T1_45D,80829.13482715435,17048.515380859375,97877.65020801373,100634.25086492457,-2.7392270854292633,1,0.2600313488412498,REFERENCE,This test uses the supplied/current ticker universe and is not a survivorship-bias-free historical index-constituent study.
2014-04-09,T1_45D,58042.01348476653,40482.84875488281,98524.86223964934,100634.25086492457,-2.09609413012527,2,0.6612459844102636,REFERENCE,This test uses the supplied/current ticker universe and is not a survivorship-bias-free historical index-constituent study.
2014-04-10,T1_45D,58042.01348476653,40372.3342590332,98414.34774379974,100634.25086492457,-2.205912104522423,2,-0.11216914526690491,REFERENCE,This test uses the supplied/current ticker universe and is not a survivorship-bias-free historical index-constituent study.
2014-04-11,T1_45D,58042.01348476653,40070.00450134277,98112.0179861093,100634.25086492457,-2.5063364184036208,2,-0.30720089562293884,REFERENCE,This test uses the supplied/current ticker universe and is not a survivorship-bias-free historical index-constituent study.
2014-04-15,T1_45D,58042.01348476653,39274.67744445801,97316.69092922454,100634.25086492457,-3.296650898860465,2,-0.8106316363785004,REFERENCE,This test uses the supplied/current ticker universe and is not a survivorship-bias-free historical index-constituent study.
2014-04-16,T1_45D,58042.01348476653,39200.42707824707,97242.4405630136,100634.25086492457,-3.37043329955683,2,-0.07629766846978248,REFERENCE,This test uses the supplied/current ticker universe and is not a survivorship-bias-free historical index-constituent study.
2014-04-17,T1_45D,58042.01348476653,39315.84957885742,97357.86306362395,100634.25086492457,-3.25573825326958,2,0.11869560239550214,REFERENCE,This test uses the supplied/current ticker universe and is not a survivorship-bias-free historical index-constituent study.
2014-04-21,T1_45D,58042.01348476653,39853.81074523926,97895.82423000579,100634.25086492457,-2.721167605842678,2,0.5525605733871508,REFERENCE,This test uses the supplied/current ticker universe and is not a survivorship-bias-free historical index-constituent study.
2014-04-22,T1_45D,58042.01348476653,40088.693298339844,98130.70678310638,100634.25086492457,-2.487765408199394,2,0.2399311257125003,REFERENCE,This test uses the supplied/current ticker universe and is not a survivorship-bias-free historical index-constituent study.
2014-04-23,T1_45D,58042.01348476653,40474.081604003906,98516.09508877044,100634.25086492457,-2.104806025730954,2,0.39272957293161603,REFERENCE,This test uses the supplied/current ticker universe and is not a survivorship-bias-free historical index-constituent study.
2014-04-24,T1_45D,58042.01348476653,40474.081604003906,98516.09508877044,100634.25086492457,-2.104806025730954,2,0.0,REFERENCE,This test uses the supplied/current ticker universe and is not a survivorship-bias-free historical index-constituent study.
2014-04-25,T1_45D,75758.71248937378,22797.30926513672,98556.0217545105,100634.25086492457,-2.0651309991898903,1,0.04052806366723338,REFERENCE,This test uses the supplied/current ticker universe and is not a survivorship-bias-free historical index-constituent study.
2014-04-28,T1_45D,75758.71248937378,22759.643142700195,98518.35563207397,100634.25086492457,-2.102559729580178,1,-0.038217981779276045,REFERENCE,This test uses the supplied/current ticker universe and is not a survivorship-bias-free historical index-constituent study.
2014-04-29,T1_45D,75758.71248937378,22464.63523864746,98223.34772802124,100634.25086492457,-2.395708336060798,1,-0.29944460822556307,REFERENCE,This test uses the supplied/current ticker universe and is not a survivorship-bias-free historical index-constituent study.
2014-04-30,T1_45D,39727.32881122896,58933.112365722656,98660.44117695162,100634.25086492457,-1.9613696837891603,3,0.4449995434290033,REFERENCE,This test uses the supplied/current ticker universe and is not a survivorship-bias-free historical index-constituent study.
2014-05-02,T1_45D,39727.32881122896,59022.21615600586,98749.54496723482,100634.25086492457,-1.8728274732421668,3,0.09031359400004657,REFERENCE,This test uses the supplied/current ticker universe and is not a survivorship-bias-free historical index-constituent study.
2014-05-05,T1_45D,39727.32881122896,59275.73532104492,99003.06413227388,100634.25086492457,-1.6209061215551102,3,0.25672945138448533,REFERENCE,This test uses the supplied/current ticker universe and is not a survivorship-bias-free historical index-constituent study.
2014-05-06,T1_45D,58645.14429791584,41503.015228271484,100148.15952618732,100634.25086492457,-0.48302773117445685,2,1.1566262155113805,REFERENCE,This test uses the supplied/current ticker universe and is not a survivorship-bias-free historical index-constituent study.
2014-05-07,T1_45D,38404.235759945135,61445.50523376465,99849.74099370978,100634.25086492457,-0.7795654704756405,3,-0.2979770510904922,REFERENCE,This test uses the supplied/current ticker universe and is not a survivorship-bias-free historical index-constituent study.
2014-05-08,T1_45D,38404.235759945135,61981.37548828125,100385.61124822639,100634.25086492457,-0.24707255686925444,3,0.5366766595322092,REFERENCE,This test uses the supplied/current ticker universe and is not a survivorship-bias-free historical index-constituent study.
2014-05-09,T1_45D,38404.235759945135,64230.423080444336,102634.65884038947,102634.65884038947,0.0,3,2.240408325653176,REFERENCE,This test uses the supplied/current ticker universe and is not a survivorship-bias-free historical index-constituent study.
2014-05-12,T1_45D,103501.48855164487,0.0,103501.48855164487,103501.48855164487,0.0,0,0.8445779632818118,REFERENCE,This test uses the supplied/current ticker universe and is not a survivorship-bias-free historical index-constituent study.
2014-05-13,T1_45D,103501.48855164487,0.0,103501.48855164487,103501.48855164487,0.0,0,0.0,REFERENCE,This test uses the supplied/current ticker universe and is not a survivorship-bias-free historical index-constituent study.
2014-05-14,T1_45D,103501.48855164487,0.0,103501.48855164487,103501.48855164487,0.0,0,0.0,REFERENCE,This test uses the supplied/current ticker universe and is not a survivorship-bias-free historical index-constituent study.
2014-05-15,T1_45D,103501.48855164487,0.0,103501.48855164487,103501.48855164487,0.0,0,0.0,REFERENCE,This test uses the supplied/current ticker universe and is not a survivorship-bias-free historical index-constituent study.
2014-05-16,T1_45D,103501.48855164487,0.0,103501.48855164487,103501.48855164487,0.0,0,0.0,REFERENCE,This test uses the supplied/current ticker universe and is not a survivorship-bias-free historical index-constituent study.
2014-05-19,T1_45D,103501.48855164487,0.0,103501.48855164487,103501.48855164487,0.0,0,0.0,REFERENCE,This test uses the supplied/current ticker universe and is not a survivorship-bias-free historical index-constituent study.
2014-05-20,T1_45D,103501.48855164487,0.0,103501.48855164487,103501.48855164487,0.0,0,0.0,REFERENCE,This test uses the supplied/current ticker universe and is not a survivorship-bias-free historical index-constituent study.
2014-05-21,T1_45D,103501.48855164487,0.0,103501.48855164487,103501.48855164487,0.0,0,0.0,REFERENCE,This test uses the supplied/current ticker universe and is not a survivorship-bias-free historical index-constituent study.
2014-05-22,T1_45D,103501.48855164487,0.0,103501.48855164487,103501.48855164487,0.0,0,0.0,REFERENCE,This test uses the supplied/current ticker universe and is not a survivorship-bias-free historical index-constituent study.
2014-05-23,T1_45D,103501.48855164487,0.0,103501.48855164487,103501.48855164487,0.0,0,0.0,REFERENCE,This test uses the supplied/current ticker universe and is not a survivorship-bias-free historical index-constituent study.
2014-05-26,T1_45D,103501.48855164487,0.0,103501.48855164487,103501.48855164487,0.0,0,0.0,REFERENCE,This test uses the supplied/current ticker universe and is not a survivorship-bias-free historical index-constituent study.
2014-05-27,T1_45D,103501.48855164487,0.0,103501.48855164487,103501.48855164487,0.0,0,0.0,REFERENCE,This test uses the supplied/current ticker universe and is not a survivorship-bias-free historical index-constituent study.
2014-05-28,T1_45D,86104.90400584463,17276.44775390625,103381.35175975088,103501.48855164487,-0.11607252569517668,1,-0.11607252569517668,REFERENCE,This test uses the supplied/current ticker universe and is not a survivorship-bias-free historical index-constituent study.
2014-05-29,T1_45D,86104.90400584463,17097.135131835938,103202.03913768056,103501.48855164487,-0.2893189442535249,1,-0.1734477437352666,REFERENCE,This test uses the supplied/current ticker universe and is not a survivorship-bias-free historical index-constituent study.
2014-05-30,T1_45D,102669.68791823012,0.0,102669.68791823012,103501.48855164487,-0.8036605512197093,0,-0.5158340124851946,REFERENCE,This test uses the supplied/current ticker universe and is not a survivorship-bias-free historical index-constituent study.
2014-06-02,T1_45D,102669.68791823012,0.0,102669.68791823012,103501.48855164487,-0.8036605512197093,0,0.0,REFERENCE,This test uses the supplied/current ticker universe and is not a survivorship-bias-free historical index-constituent study.
2014-06-03,T1_45D,102669.68791823012,0.0,102669.68791823012,103501.48855164487,-0.8036605512197093,0,0.0,REFERENCE,This test uses the supplied/current ticker universe and is not a survivorship-bias-free historical index-constituent study.
2014-06-04,T1_45D,102669.68791823012,0.0,102669.68791823012,103501.48855164487,-0.8036605512197093,0,0.0,REFERENCE,This test uses the supplied/current ticker universe and is not a survivorship-bias-free historical index-constituent study.
2014-06-05,T1_45D,102669.68791823012,0.0,102669.68791823012,103501.48855164487,-0.8036605512197093,0,0.0,REFERENCE,This test uses the supplied/current ticker universe and is not a survivorship-bias-free historical index-constituent study.
2014-06-06,T1_45D,102669.68791823012,0.0,102669.68791823012,103501.48855164487,-0.8036605512197093,0,0.0,REFERENCE,This test uses the supplied/current ticker universe and is not a survivorship-bias-free historical index-constituent study.
2014-06-09,T1_45D,102669.68791823012,0.0,102669.68791823012,103501.48855164487,-0.8036605512197093,0,0.0,REFERENCE,This test uses the supplied/current ticker universe and is not a survivorship-bias-free historical index-constituent study.
2014-06-10,T1_45D,102669.68791823012,0.0,102669.68791823012,103501.48855164487,-0.8036605512197093,0,0.0,REFERENCE,This test uses the supplied/current ticker universe and is not a survivorship-bias-free historical index-constituent study.
2014-06-11,T1_45D,102669.68791823012,0.0,102669.68791823012,103501.48855164487,-0.8036605512197093,0,0.0,REFERENCE,This test uses the supplied/current ticker universe and is not a survivorship-bias-free historical index-constituent study.
2014-06-12,T1_45D,102669.68791823012,0.0,102669.68791823012,103501.48855164487,-0.8036605512197093,0,0.0,REFERENCE,This test uses the supplied/current ticker universe and is not a survivorship-bias-free historical index-constituent study.
2014-06-13,T1_45D,102669.68791823012,0.0,102669.68791823012,103501.48855164487,-0.8036605512197093,0,0.0,REFERENCE,This test uses the supplied/current ticker universe and is not a survivorship-bias-free historical index-constituent study.
2014-06-16,T1_45D,102669.68791823012,0.0,102669.68791823012,103501.48855164487,-0.8036605512197093,0,0.0,REFERENCE,This test uses the supplied/current ticker universe and is not a survivorship-bias-free historical index-constituent study.
2014-06-17,T1_45D,84630.6671176813,18474.079544067386,103104.74666174868,103501.48855164487,-0.38331998452199034,1,0.42374604651087555,REFERENCE,This test uses the supplied/current ticker universe and is not a survivorship-bias-free historical index-constituent study.
2014-06-18,T1_45D,84630.6671176813,18117.221389770504,102747.8885074518,103501.48855164487,-0.7281055130110903,1,-0.3461122458965016,REFERENCE,This test uses the supplied/current ticker universe and is not a survivorship-bias-free historical index-constituent study.
2014-06-19,T1_45D,84630.6671176813,17992.955261230465,102623.62237891176,103501.48855164487,-0.848167678569256,1,-0.12094275643536045,REFERENCE,This test uses the supplied/current ticker universe and is not a survivorship-bias-free historical index-constituent study.
2014-06-20,T1_45D,84630.6671176813,17803.05302429199,102433.72014197329,103501.48855164487,-1.0316454619285875,1,-0.1850472947030779,REFERENCE,This test uses the supplied/current ticker universe and is not a survivorship-bias-free historical index-constituent study.
2014-06-23,T1_45D,84630.6671176813,18024.17776489258,102654.84488257387,103501.48855164487,-0.818001442219396,1,0.21587104353342212,REFERENCE,This test uses the supplied/current ticker universe and is not a survivorship-bias-free historical index-constituent study.
2014-06-24,T1_45D,84630.6671176813,18344.085647583004,102974.7527652643,103501.48855164487,-0.5089161457979774,1,0.3116344708877339,REFERENCE,This test uses the supplied/current ticker universe and is not a survivorship-bias-free historical index-constituent study.
2014-06-25,T1_45D,84630.6671176813,18104.47343444824,102735.14055212954,103501.48855164487,-0.7404222009164019,1,-0.23269025338761296,REFERENCE,This test uses the supplied/current ticker universe and is not a survivorship-bias-free historical index-constituent study.
2014-06-26,T1_45D,84630.6671176813,17876.972366333004,102507.6394840143,103501.48855164487,-0.9602268349354737,1,-0.22144425645652666,REFERENCE,This test uses the supplied/current ticker universe and is not a survivorship-bias-free historical index-constituent study.
2014-06-27,T1_45D,69813.12968599855,32446.748153686527,102259.87783968507,103501.48855164487,-1.1996066233774694,2,-0.24170066306898885,REFERENCE,This test uses the supplied/current ticker universe and is not a survivorship-bias-free historical index-constituent study.
2014-06-30,T1_45D,69813.12968599855,32792.880950927734,102606.01063692628,103501.48855164487,-0.8651836096751131,2,0.33848348399541095,REFERENCE,This test uses the supplied/current ticker universe and is not a survivorship-bias-free historical index-constituent study.
2014-07-01,T1_45D,69813.12968599855,33650.795013427734,103463.92469942628,103501.48855164487,-0.03629305505093994,2,0.8361245673372375,REFERENCE,This test uses the supplied/current ticker universe and is not a survivorship-bias-free historical index-constituent study.
2014-07-02,T1_45D,69813.12968599855,34155.10690307617,103968.23658907472,103968.23658907472,0.0,2,0.4874277591088161,REFERENCE,This test uses the supplied/current ticker universe and is not a survivorship-bias-free historical index-constituent study.
2014-07-03,T1_45D,69813.12968599855,34383.948181152344,104197.07786715089,104197.07786715089,0.0,2,0.2201069149423418,REFERENCE,This test uses the supplied/current ticker universe and is not a survivorship-bias-free historical index-constituent study.
2014-07-04,T1_45D,69813.12968599855,34425.53895568848,104238.66864168702,104238.66864168702,0.0,2,0.03991549032609232,REFERENCE,This test uses the supplied/current ticker universe and is not a survivorship-bias-free historical index-constituent study.
2014-07-07,T1_45D,69813.12968599855,34400.85568237305,104213.98536837159,104238.66864168702,-0.02367957461186787,2,-0.02367957461186787,REFERENCE,This test uses the supplied/current ticker universe and is not a survivorship-bias-free historical index-constituent study.
2014-07-08,T1_45D,69813.12968599855,33567.7520904541,103380.88177645265,104238.66864168702,-0.8229065819930548,2,-0.7994163057617687,REFERENCE,This test uses the supplied/current ticker universe and is not a survivorship-bias-free historical index-constituent study.
2014-07-09,T1_45D,69813.12968599855,33002.64747619629,102815.77716219483,104238.66864168702,-1.3650322841164408,2,-0.5466239062264733,REFERENCE,This test uses the supplied/current ticker universe and is not a survivorship-bias-free historical index-constituent study.
2014-07-10,T1_45D,69813.12968599855,32656.792068481445,102469.92175447999,104238.66864168702,-1.696824134704722,2,-0.3363835952620797,REFERENCE,This test uses the supplied/current ticker universe and is not a survivorship-bias-free historical index-constituent study.
2014-07-11,T1_45D,87062.59367628014,14938.391357421875,102000.98503370202,104238.66864168702,-2.14669242915686,1,-0.4576335306486823,REFERENCE,This test uses the supplied/current ticker universe and is not a survivorship-bias-free historical index-constituent study.
2014-07-14,T1_45D,72823.03794111541,28979.561584472656,101802.59952558807,104238.66864168702,-2.3370109651656867,2,-0.19449371792674697,REFERENCE,This test uses the supplied/current ticker universe and is not a survivorship-bias-free historical index-constituent study.
2014-07-15,T1_45D,72823.03794111541,29751.170288085938,102574.20822920135,104238.66864168702,-1.5967782725690105,2,0.7579459730979954,REFERENCE,This test uses the supplied/current ticker universe and is not a survivorship-bias-free historical index-constituent study.
2014-07-16,T1_45D,72823.03794111541,30036.786560058594,102859.82450117401,104238.66864168702,-1.3227760470087113,2,0.27844842958422156,REFERENCE,This test uses the supplied/current ticker universe and is not a survivorship-bias-free historical index-constituent study.
2014-07-17,T1_45D,72823.03794111541,30006.51885986328,102829.5568009787,104238.66864168702,-1.3518129683256497,2,-0.029426163560064555,REFERENCE,This test uses the supplied/current ticker universe and is not a survivorship-bias-free historical index-constituent study.
2014-07-18,T1_45D,72823.03794111541,29809.881713867188,102632.9196549826,104238.66864168702,-1.5404542360609619,2,-0.19122628951584453,REFERENCE,This test uses the supplied/current ticker universe and is not a survivorship-bias-free historical index-constituent study.
2014-07-21,T1_45D,72823.03794111541,29918.559997558594,102741.59793867401,104238.66864168702,-1.4361951495745706,2,0.10589027775567139,REFERENCE,This test uses the supplied/current ticker universe and is not a survivorship-bias-free historical index-constituent study.
2014-07-22,T1_45D,54909.34327276681,48087.023681640625,102996.36695440744,104238.66864168702,-1.1917858348228783,3,0.24797065730426393,REFERENCE,This test uses the supplied/current ticker universe and is not a survivorship-bias-free historical index-constituent study.
2014-07-23,T1_45D,54909.34327276681,48244.80090332031,103154.14417608712,104238.66864168702,-1.0404243259551582,3,0.1531871718829958,REFERENCE,This test uses the supplied/current ticker universe and is not a survivorship-bias-free historical index-constituent study.
2014-07-24,T1_45D,54909.34327276681,48204.166015625,103113.50928839181,104238.66864168702,-1.0794068726672434,3,-0.0393923947698549,REFERENCE,This test uses the supplied/current ticker universe and is not a survivorship-bias-free historical index-constituent study.
2014-07-25,T1_45D,54909.34327276681,48216.093994140625,103125.43726690744,104238.66864168702,-1.0679639228761029,3,0.011567813565793728,REFERENCE,This test uses the supplied/current ticker universe and is not a survivorship-bias-free historical index-constituent study.
2014-07-28,T1_45D,38775.110933039265,64409.72717285156,103184.83810589083,104238.66864168702,-1.010978506852056,4,0.05760056932380131,REFERENCE,This test uses the supplied/current ticker universe and is not a survivorship-bias-free historical index-constituent study.
2014-07-30,T1_45D,38775.110933039265,65219.226165771484,103994.33709881075,104238.66864168702,-0.2343962620207085,4,0.7845135077783283,REFERENCE,This test uses the supplied/current ticker universe and is not a survivorship-bias-free historical index-constituent study.
2014-07-31,T1_45D,38775.110933039265,64521.684173583984,103296.79510662325,104238.66864168702,-0.9035740261624015,4,-0.6707499770153169,REFERENCE,This test uses the supplied/current ticker universe and is not a survivorship-bias-free historical index-constituent study.
2014-08-01,T1_45D,38775.110933039265,63736.996337890625,102512.10727092989,104238.66864168702,-1.6563540126285248,4,-0.7596439317245074,REFERENCE,This test uses the supplied/current ticker universe and is not a survivorship-bias-free historical index-constituent study.
2014-08-04,T1_45D,13197.96345564189,91141.21231079102,104339.1757664329,104339.1757664329,0.0,5,1.7822953250529183,REFERENCE,This test uses the supplied/current ticker universe and is not a survivorship-bias-free historical index-constituent study.
2014-08-05,T1_45D,32253.413704271894,73351.09329223633,105604.50699650822,105604.50699650822,0.0,4,1.2127096277890992,REFERENCE,This test uses the supplied/current ticker universe and is not a survivorship-bias-free historical index-constituent study.
2014-08-06,T1_45D,32253.413704271894,72433.03048706055,104686.44419133244,105604.50699650822,-0.8693405530562637,4,-0.8693405530562637,REFERENCE,This test uses the supplied/current ticker universe and is not a survivorship-bias-free historical index-constituent study.
2014-08-07,T1_45D,8334.681406716449,96451.27565002441,104785.95705674087,105604.50699650822,-0.7751089068522621,5,0.09505802415692433,REFERENCE,This test uses the supplied/current ticker universe and is not a survivorship-bias-free historical index-constituent study.
2014-08-08,T1_45D,23682.317951765377,79732.77770996094,103415.09566172631,105604.50699650822,-2.073217703534469,4,-1.3082491523861761,REFERENCE,This test uses the supplied/current ticker universe and is not a survivorship-bias-free historical index-constituent study.
2014-08-11,T1_45D,40071.3934762346,64068.28845214844,104139.68192838304,105604.50699650822,-1.387085750207251,3,0.7006581215443397,REFERENCE,This test uses the supplied/current ticker universe and is not a survivorship-bias-free historical index-constituent study.
2014-08-12,T1_45D,15632.361761581855,89111.02307128906,104743.38483287091,105604.50699650822,-0.8154217922401563,4,0.57970496290074,REFERENCE,This test uses the supplied/current ticker universe and is not a survivorship-bias-free historical index-constituent study.
2014-08-13,T1_45D,15632.361761581855,89397.33110046387,105029.69286204572,105604.50699650822,-0.5443083357053236,4,0.2733423496210641,REFERENCE,This test uses the supplied/current ticker universe and is not a survivorship-bias-free historical index-constituent study.
2014-08-14,T1_45D,352.94980154585573,105703.4506225586,106056.40042410445,106056.40042410445,0.0,5,0.9775402879710349,REFERENCE,This test uses the supplied/current ticker universe and is not a survivorship-bias-free historical index-constituent study.
2014-08-18,T1_45D,16554.125666693155,90393.59698486328,106947.72265155644,106947.72265155644,0.0,4,0.8404228541490477,REFERENCE,This test uses the supplied/current ticker universe and is not a survivorship-bias-free historical index-constituent study.
2014-08-19,T1_45D,16554.125666693155,89870.77157592773,106424.8972426209,106947.72265155644,-0.4888607218303753,4,-0.4888607218303753,REFERENCE,This test uses the supplied/current ticker universe and is not a survivorship-bias-free historical index-constituent study.
2014-08-20,T1_45D,16554.125666693155,89264.15007019043,105818.27573688359,106947.72265155644,-1.0560738337109576,4,-0.5699996161183662,REFERENCE,This test uses the supplied/current ticker universe and is not a survivorship-bias-free historical index-constituent study.
2014-08-21,T1_45D,32316.719243285155,74426.34831237793,106743.06755566309,106947.72265155644,-0.1913599381261566,3,0.8739433829738408,REFERENCE,This test uses the supplied/current ticker universe and is not a survivorship-bias-free historical index-constituent study.
2014-08-22,T1_45D,32316.719243285155,74818.56977844238,107135.28902172754,107135.28902172754,0.0,3,0.367444439293374,REFERENCE,This test uses the supplied/current ticker universe and is not a survivorship-bias-free historical index-constituent study.
2014-08-25,T1_45D,32316.719243285155,75549.12782287598,107865.84706616114,107865.84706616114,0.0,3,0.6819023415201908,REFERENCE,This test uses the supplied/current ticker universe and is not a survivorship-bias-free historical index-constituent study.
2014-08-26,T1_45D,32316.719243285155,75823.30764770508,108140.02689099024,108140.02689099024,0.0,3,0.25418594697628194,REFERENCE,This test uses the supplied/current ticker universe and is not a survivorship-bias-free historical index-constituent study.
2014-08-27,T1_45D,32316.719243285155,76048.03651428223,108364.75575756739,108364.75575756739,0.0,3,0.20781284510285047,REFERENCE,This test uses the supplied/current ticker universe and is not a survivorship-bias-free historical index-constituent study.
2014-08-28,T1_45D,32316.719243285155,75896.37698364258,108213.09622692774,108364.75575756739,-0.13995281914254143,3,-0.13995281914254143,REFERENCE,This test uses the supplied/current ticker universe and is not a survivorship-bias-free historical index-constituent study.
2014-09-01,T1_45D,32316.719243285155,76207.94522094727,108524.66446423242,108524.66446423242,0.0,3,0.2879210078707173,REFERENCE,This test uses the supplied/current ticker universe and is not a survivorship-bias-free historical index-constituent study.
2014-09-02,T1_45D,57981.51168940428,51030.08723449707,109011.59892390136,109011.59892390136,0.0,2,0.44868552422883123,REFERENCE,This test uses the supplied/current ticker universe and is not a survivorship-bias-free historical index-constituent study.
2014-09-03,T1_45D,83770.86118499383,25504.072311401367,109274.9334963952,109274.9334963952,0.0,1,0.24156564539308256,REFERENCE,This test uses the supplied/current ticker universe and is not a survivorship-bias-free historical index-constituent study.
2014-09-04,T1_45D,83770.86118499383,25613.715728759766,109384.5769137536,109384.5769137536,0.0,1,0.10033720804050184,REFERENCE,This test uses the supplied/current ticker universe and is not a survivorship-bias-free historical index-constituent study.
2014-09-05,T1_45D,83770.86118499383,25642.955017089844,109413.81620208368,109413.81620208368,0.0,1,0.0267307230644942,REFERENCE,This test uses the supplied/current ticker universe and is not a survivorship-bias-free historical index-constituent study.
2014-09-08,T1_45D,83770.86118499383,25873.216369628906,109644.07755462274,109644.07755462274,0.0,1,0.21044997837729174,REFERENCE,This test uses the supplied/current ticker universe and is not a survivorship-bias-free historical index-constituent study.
2014-09-09,T1_45D,83770.86118499383,26183.88446044922,109954.74564544305,109954.74564544305,0.0,1,0.2833423361745524,REFERENCE,This test uses the supplied/current ticker universe and is not a survivorship-bias-free historical index-constituent study.
2014-09-10,T1_45D,83770.86118499383,25661.227615356445,109432.08880035028,109954.74564544305,-0.4753381420917635,1,-0.4753381420917635,REFERENCE,This test uses the supplied/current ticker universe and is not a survivorship-bias-free historical index-constituent study.
2014-09-11,T1_45D,83770.86118499383,25672.194305419922,109443.05549041375,109954.74564544305,-0.4653643205899227,1,0.010021457310838144,REFERENCE,This test uses the supplied/current ticker universe and is not a survivorship-bias-free historical index-constituent study.
2014-09-12,T1_45D,83770.86118499383,25997.484649658203,109768.34583465203,109954.74564544305,-0.1695241162142036,1,0.2972233759197085,REFERENCE,This test uses the supplied/current ticker universe and is not a survivorship-bias-free historical index-constituent study.
2014-09-15,T1_45D,83770.86118499383,25708.747329711914,109479.60851470575,109954.74564544305,-0.432120621941523,1,-0.2630424260753883,REFERENCE,This test uses the supplied/current ticker universe and is not a survivorship-bias-free historical index-constituent study.
2014-09-16,T1_45D,57507.262771155205,51645.76573181152,109153.02850296673,109954.74564544305,-0.7291337338558468,2,-0.2983021369638461,REFERENCE,This test uses the supplied/current ticker universe and is not a survivorship-bias-free historical index-constituent study.
2014-09-17,T1_45D,5608.86835706445,104335.3949508667,109944.26330793115,109954.74564544305,-0.009533319776577898,4,0.7248858009861969,REFERENCE,This test uses the supplied/current ticker universe and is not a survivorship-bias-free historical index-constituent study.
2014-09-18,T1_45D,5608.86835706445,105921.78103637695,111530.6493934414,111530.6493934414,0.0,4,1.4429002821794379,REFERENCE,This test uses the supplied/current ticker universe and is not a survivorship-bias-free historical index-constituent study.
2014-09-19,T1_45D,34110.69763715258,78675.13153076172,112785.8291679143,112785.8291679143,0.0,3,1.1254124147032085,REFERENCE,This test uses the supplied/current ticker universe and is not a survivorship-bias-free historical index-constituent study.
2014-09-22,T1_45D,60728.45909905239,52118.98952484131,112847.4486238937,112847.4486238937,0.0,2,0.054634040848933196,REFERENCE,This test uses the supplied/current ticker universe and is not a survivorship-bias-free historical index-constituent study.
2014-09-23,T1_45D,60728.45909905239,51611.05739593506,112339.51649498745,112847.4486238937,-0.4501051065843087,2,-0.4501051065843087,REFERENCE,This test uses the supplied/current ticker universe and is not a survivorship-bias-free historical index-constituent study.
2014-09-24,T1_45D,88173.44491576523,24576.519531250004,112749.96444701523,112847.4486238937,-0.086385804966993,1,0.3653638228415357,REFERENCE,This test uses the supplied/current ticker universe and is not a survivorship-bias-free historical index-constituent study.
2014-09-25,T1_45D,112059.26277159562,0.0,112059.26277159562,112847.4486238937,-0.6984525232156535,0,-0.6125959141602966,REFERENCE,This test uses the supplied/current ticker universe and is not a survivorship-bias-free historical index-constituent study.
2014-09-26,T1_45D,112059.26277159562,0.0,112059.26277159562,112847.4486238937,-0.6984525232156535,0,0.0,REFERENCE,This test uses the supplied/current ticker universe and is not a survivorship-bias-free historical index-constituent study.
2014-09-29,T1_45D,112059.26277159562,0.0,112059.26277159562,112847.4486238937,-0.6984525232156535,0,0.0,REFERENCE,This test uses the supplied/current ticker universe and is not a survivorship-bias-free historical index-constituent study.
2014-09-30,T1_45D,112059.26277159562,0.0,112059.26277159562,112847.4486238937,-0.6984525232156535,0,0.0,REFERENCE,This test uses the supplied/current ticker universe and is not a survivorship-bias-free historical index-constituent study.
2014-10-01,T1_45D,112059.26277159562,0.0,112059.26277159562,112847.4486238937,-0.6984525232156535,0,0.0,REFERENCE,This test uses the supplied/current ticker universe and is not a survivorship-bias-free historical index-constituent study.
2014-10-07,T1_45D,85780.08208716533,26536.004150390625,112316.08623755595,112847.4486238937,-0.47086787766793536,1,0.22918539673404403,REFERENCE,This test uses the supplied/current ticker universe and is not a survivorship-bias-free historical index-constituent study.
2014-10-08,T1_45D,58616.17854297533,53855.578536987305,112471.75707996264,112847.4486238937,-0.3329198386958554,2,0.13860066498172507,REFERENCE,This test uses the supplied/current ticker universe and is not a survivorship-bias-free historical index-constituent study.
2014-10-09,T1_45D,35549.48613906458,77090.82864379883,112640.31478286341,112847.4486238937,-0.18355208164310133,3,0.1498666930053627,REFERENCE,This test uses the supplied/current ticker universe and is not a survivorship-bias-free historical index-constituent study.
2014-10-10,T1_45D,28827.65798010046,83426.81756973267,112254.47554983312,112847.4486238937,-0.5254643160226724,4,-0.34254097547052886,REFERENCE,This test uses the supplied/current ticker universe and is not a survivorship-bias-free historical index-constituent study.
2014-10-13,T1_45D,53419.021390418115,58219.00068664551,111638.02207706362,112847.4486238937,-1.071735835925669,3,-0.5491571447374777,REFERENCE,This test uses the supplied/current ticker universe and is not a survivorship-bias-free historical index-constituent study.
2014-10-14,T1_45D,53419.021390418115,58488.74782180786,111907.76921222598,112847.4486238937,-0.8326988541845992,3,0.24162658039224016,REFERENCE,This test uses the supplied/current ticker universe and is not a survivorship-bias-free historical index-constituent study.
2014-10-15,T1_45D,53419.021390418115,58488.74782180786,111907.76921222598,112847.4486238937,-0.8326988541845992,3,0.0,REFERENCE,This test uses the supplied/current ticker universe and is not a survivorship-bias-free historical index-constituent study.
2014-10-16,T1_45D,53419.021390418115,58084.782402038574,111503.80379245669,112847.4486238937,-1.190673646433249,3,-0.36098067418642854,REFERENCE,This test uses the supplied/current ticker universe and is not a survivorship-bias-free historical index-constituent study.
2014-10-17,T1_45D,53419.021390418115,57759.96681213379,111178.9882025519,112847.4486238937,-1.4785096532421882,3,-0.2913044926336039,REFERENCE,This test uses the supplied/current ticker universe and is not a survivorship-bias-free historical index-constituent study.
2014-10-20,T1_45D,56882.61623134112,54608.018058776855,111490.63429011797,112847.4486238937,-1.202343828169139,3,0.2803102390159351,REFERENCE,This test uses the supplied/current ticker universe and is not a survivorship-bias-free historical index-constituent study.
2014-10-21,T1_45D,56882.61623134112,55317.40589141846,112200.02212275958,112847.4486238937,-0.5737183330496998,3,0.6362757169320998,REFERENCE,This test uses the supplied/current ticker universe and is not a survivorship-bias-free historical index-constituent study.
2014-10-22,T1_45D,56882.61623134112,56157.333377838135,113039.94960917925,113039.94960917925,0.0,3,0.7485983251417805,REFERENCE,This test uses the supplied/current ticker universe and is not a survivorship-bias-free historical index-constituent study.
2014-10-27,T1_45D,69779.08168708402,43151.1725769043,112930.25426398832,113039.94960917925,-0.0970412191178327,2,-0.0970412191178327,REFERENCE,This test uses the supplied/current ticker universe and is not a survivorship-bias-free historical index-constituent study.
2014-10-28,T1_45D,69779.08168708402,43240.58932495117,113019.67101203519,113039.94960917925,-0.01793931898781409,2,0.07917873614085025,REFERENCE,This test uses the supplied/current ticker universe and is not a survivorship-bias-free historical index-constituent study.
2014-10-29,T1_45D,87459.1638360279,26108.653076171875,113567.81691219978,113567.81691219978,0.0,1,0.4850004386459439,REFERENCE,This test uses the supplied/current ticker universe and is not a survivorship-bias-free historical index-constituent study.
2014-10-30,T1_45D,87459.1638360279,26384.533935546875,113843.69777157478,113843.69777157478,0.0,1,0.24292168932706915,REFERENCE,This test uses the supplied/current ticker universe and is not a survivorship-bias-free historical index-constituent study.
2014-10-31,T1_45D,87459.1638360279,26848.15869140625,114307.32252743415,114307.32252743415,0.0,1,0.4072467470176866,REFERENCE,This test uses the supplied/current ticker universe and is not a survivorship-bias-free historical index-constituent study.
2014-11-03,T1_45D,87459.1638360279,26902.7021484375,114361.8659844654,114361.8659844654,0.0,1,0.047716503042183334,REFERENCE,This test uses the supplied/current ticker universe and is not a survivorship-bias-free historical index-constituent study.
2014-11-05,T1_45D,87459.1638360279,27189.9697265625,114649.1335625904,114649.1335625904,0.0,1,0.25119175491943313,REFERENCE,This test uses the supplied/current ticker universe and is not a survivorship-bias-free historical index-constituent study.
2014-11-07,T1_45D,87459.1638360279,27689.943359375,115149.1071954029,115149.1071954029,0.0,1,0.4360901973494258,REFERENCE,This test uses the supplied/current ticker universe and is not a survivorship-bias-free historical index-constituent study.
2014-11-10,T1_45D,115269.26166671011,0.0,115269.26166671011,115269.26166671011,0.0,0,0.10434685446871761,REFERENCE,This test uses the supplied/current ticker universe and is not a survivorship-bias-free historical index-constituent study.
2014-11-11,T1_45D,115269.26166671011,0.0,115269.26166671011,115269.26166671011,0.0,0,0.0,REFERENCE,This test uses the supplied/current ticker universe and is not a survivorship-bias-free historical index-constituent study.
2014-11-12,T1_45D,115269.26166671011,0.0,115269.26166671011,115269.26166671011,0.0,0,0.0,REFERENCE,This test uses the supplied/current ticker universe and is not a survivorship-bias-free historical index-constituent study.
2014-11-13,T1_45D,115269.26166671011,0.0,115269.26166671011,115269.26166671011,0.0,0,0.0,REFERENCE,This test uses the supplied/current ticker universe and is not a survivorship-bias-free historical index-constituent study.
2014-11-14,T1_45D,115269.26166671011,0.0,115269.26166671011,115269.26166671011,0.0,0,0.0,REFERENCE,This test uses the supplied/current ticker universe and is not a survivorship-bias-free historical index-constituent study.
2014-11-17,T1_45D,115269.26166671011,0.0,115269.26166671011,115269.26166671011,0.0,0,0.0,REFERENCE,This test uses the supplied/current ticker universe and is not a survivorship-bias-free historical index-constituent study.
2014-11-18,T1_45D,115269.26166671011,0.0,115269.26166671011,115269.26166671011,0.0,0,0.0,REFERENCE,This test uses the supplied/current ticker universe and is not a survivorship-bias-free historical index-constituent study.
2014-11-19,T1_45D,97188.90616243794,17858.447143554688,115047.35330599263,115269.26166671011,-0.19251304077847475,1,-0.19251304077847475,REFERENCE,This test uses the supplied/current ticker universe and is not a survivorship-bias-free historical index-constituent study.
2014-11-20,T1_45D,97188.90616243794,17878.406494140625,115067.31265657856,115269.26166671011,-0.17519762615940682,1,0.01734881334718441,REFERENCE,This test uses the supplied/current ticker universe and is not a survivorship-bias-free historical index-constituent study.
2014-11-21,T1_45D,97188.90616243794,17667.277893066406,114856.18405550435,115269.26166671011,-0.35835885927693045,1,-0.18348269043558796,REFERENCE,This test uses the supplied/current ticker universe and is not a survivorship-bias-free historical index-constituent study.
2014-11-24,T1_45D,97188.90616243794,17558.04052734375,114746.94668978169,115269.26166671011,-0.45312598465204745,1,-0.09510795315110787,REFERENCE,This test uses the supplied/current ticker universe and is not a survivorship-bias-free historical index-constituent study.
2014-11-25,T1_45D,97188.90616243794,17645.22265625,114834.12881868794,115269.26166671011,-0.377492526394696,1,0.075977733108612,REFERENCE,This test uses the supplied/current ticker universe and is not a survivorship-bias-free historical index-constituent study.
2014-11-26,T1_45D,97188.90616243794,17637.868103027344,114826.77426546528,115269.26166671011,-0.3838728511372236,1,-0.006404501256129791,REFERENCE,This test uses the supplied/current ticker universe and is not a survivorship-bias-free historical index-constituent study.
2014-11-27,T1_45D,97188.90616243794,17687.24005126953,114876.14621370747,115269.26166671011,-0.341041008954579,1,0.04299689559166264,REFERENCE,This test uses the supplied/current ticker universe and is not a survivorship-bias-free historical index-constituent study.
2014-11-28,T1_45D,97188.90616243794,17639.969604492188,114828.87576693013,115269.26166671011,-0.38204972723198116,1,-0.04114905342437192,REFERENCE,This test uses the supplied/current ticker universe and is not a survivorship-bias-free historical index-constituent study.
2014-12-01,T1_45D,97188.90616243794,17554.89178466797,114743.79794710591,115269.26166671011,-0.4558576258808067,1,-0.07409096297076312,REFERENCE,This test uses the supplied/current ticker universe and is not a survivorship-bias-free historical index-constituent study.
2014-12-02,T1_45D,97188.90616243794,17654.673095703125,114843.57925814106,115269.26166671011,-0.3692939491534708,1,0.08696009093331902,REFERENCE,This test uses the supplied/current ticker universe and is not a survivorship-bias-free historical index-constituent study.
2014-12-03,T1_45D,97188.90616243794,17700.89208984375,114889.79825228169,115269.26166671011,-0.32919740175451073,1,0.04024517037799491,REFERENCE,This test uses the supplied/current ticker universe and is not a survivorship-bias-free historical index-constituent study.
2014-12-04,T1_45D,97188.90616243794,17633.669311523438,114822.57547396138,115269.26166671011,-0.38751544539279426,1,-0.05851065920814413,REFERENCE,This test uses the supplied/current ticker universe and is not a survivorship-bias-free historical index-constituent study.
2014-12-05,T1_45D,105384.47117945095,9201.114959716797,114585.58613916775,115269.26166671011,-0.5931117434578081,1,-0.20639611488889598,REFERENCE,This test uses the supplied/current ticker universe and is not a survivorship-bias-free historical index-constituent study.
2014-12-08,T1_45D,105384.47117945095,9352.76107788086,114737.23225733181,115269.26166671011,-0.4615535847853458,1,0.13234310114702552,REFERENCE,This test uses the supplied/current ticker universe and is not a survivorship-bias-free historical index-constituent study.
2014-12-09,T1_45D,105384.47117945095,9271.64665222168,114656.11783167263,115269.26166671011,-0.5319231043661277,1,-0.07069581866613328,REFERENCE,This test uses the supplied/current ticker universe and is not a survivorship-bias-free historical index-constituent study.
2014-12-10,T1_45D,105384.47117945095,9286.929092407227,114671.40027185818,115269.26166671011,-0.518665068386226,1,0.013328935668299735,REFERENCE,This test uses the supplied/current ticker universe and is not a survivorship-bias-free historical index-constituent study.
2014-12-11,T1_45D,105384.47117945095,9324.547729492188,114709.01890894314,115269.26166671011,-0.4860296228727967,1,0.0328055966839047,REFERENCE,This test uses the supplied/current ticker universe and is not a survivorship-bias-free historical index-constituent study.
2014-12-12,T1_45D,105384.47117945095,9303.387298583984,114687.85847803493,115269.26166671011,-0.5043870154701313,1,-0.018447050728420678,REFERENCE,This test uses the supplied/current ticker universe and is not a survivorship-bias-free historical index-constituent study.
2014-12-15,T1_45D,105384.47117945095,9229.326629638672,114613.79780908962,115269.26166671011,-0.5686371614973096,1,-0.06457585827143175,REFERENCE,This test uses the supplied/current ticker universe and is not a survivorship-bias-free historical index-constituent study.
2014-12-16,T1_45D,103782.3986662467,8948.368072509766,112730.76673875647,115269.26166671011,-2.2022305784290097,1,-1.6429357602037453,REFERENCE,This test uses the supplied/current ticker universe and is not a survivorship-bias-free historical index-constituent study.
2014-12-17,T1_45D,75780.94670137884,36675.943908691406,112456.89061007024,115269.26166671011,-2.4398274231785755,2,-0.24294710007687348,REFERENCE,This test uses the supplied/current ticker universe and is not a survivorship-bias-free historical index-constituent study.
2014-12-18,T1_45D,75780.94670137884,37117.343673706055,112898.2903750849,115269.26166671011,-2.0568981334162184,2,0.39250575275564525,REFERENCE,This test uses the supplied/current ticker universe and is not a survivorship-bias-free historical index-constituent study.
2014-12-19,T1_45D,75780.94670137884,37199.34585571289,112980.29255709173,115269.26166671011,-1.9857584550482477,2,0.0726336791588178,REFERENCE,This test uses the supplied/current ticker universe and is not a survivorship-bias-free historical index-constituent study.
2014-12-22,T1_45D,105020.99420920621,8795.546188354492,113816.5403975607,115269.26166671011,-1.260285047500187,1,0.740171424185676,REFERENCE,This test uses the supplied/current ticker universe and is not a survivorship-bias-free historical index-constituent study.
2014-12-23,T1_45D,105020.99420920621,8808.477096557617,113829.47130576383,115269.26166671011,-1.2490670453926378,1,0.01136118542872655,REFERENCE,This test uses the supplied/current ticker universe and is not a survivorship-bias-free historical index-constituent study.
2014-12-24,T1_45D,105020.99420920621,8732.06657409668,113753.06078330289,115269.26166671011,-1.3153557691652162,1,-0.06712718734824819,REFERENCE,This test uses the supplied/current ticker universe and is not a survivorship-bias-free historical index-constituent study.
2014-12-26,T1_45D,105020.99420920621,8650.9521484375,113671.94635764371,115269.26166671011,-1.385725288745998,1,-0.07130746645463981,REFERENCE,This test uses the supplied/current ticker universe and is not a survivorship-bias-free historical index-constituent study.
2014-12-29,T1_45D,105020.99420920621,8695.62370300293,113716.61791220914,115269.26166671011,-1.3469711977424526,1,0.039298662508047144,REFERENCE,This test uses the supplied/current ticker universe and is not a survivorship-bias-free historical index-constituent study.
2014-12-30,T1_45D,105020.99420920621,8659.18083190918,113680.17504111539,115269.26166671011,-1.3785866263196889,1,-0.03204709369908354,REFERENCE,This test uses the supplied/current ticker universe and is not a survivorship-bias-free historical index-constituent study.
2014-12-31,T1_45D,105020.99420920621,8668.584442138672,113689.57865134488,115269.26166671011,-1.370428675020685,1,0.008271987816788062,REFERENCE,This test uses the supplied/current ticker universe and is not a survivorship-bias-free historical index-constituent study.
2015-01-01,T1_45D,105020.99420920621,8632.144088745117,113653.13829795133,115269.26166671011,-1.4020419194074818,1,-0.03205250105228208,REFERENCE,This test uses the supplied/current ticker universe and is not a survivorship-bias-free historical index-constituent study.
2015-01-02,T1_45D,105020.99420920621,8659.18083190918,113680.17504111539,115269.26166671011,-1.3785866263196889,1,0.02378882234925772,REFERENCE,This test uses the supplied/current ticker universe and is not a survivorship-bias-free historical index-constituent study.
2015-01-05,T1_45D,105020.99420920621,8693.270492553711,113714.26470175992,115269.26166671011,-1.3490126877417796,1,0.029987340037251897,REFERENCE,This test uses the supplied/current ticker universe and is not a survivorship-bias-free historical index-constituent study.
2015-01-06,T1_45D,105020.99420920621,8469.915237426758,113490.90944663297,115269.26166671011,-1.5427809585690566,1,-0.19641797422051965,REFERENCE,This test uses the supplied/current ticker universe and is not a survivorship-bias-free historical index-constituent study.
2015-01-07,T1_45D,78967.06330254531,33786.739990234375,112753.80329277969,115269.26166671011,-2.182245585300635,2,-0.6494847538426773,REFERENCE,This test uses the supplied/current ticker universe and is not a survivorship-bias-free historical index-constituent study.
2015-01-08,T1_45D,78967.06330254531,34687.69502258301,113654.75832512832,115269.26166671011,-1.400636490801832,2,0.7990462459250169,REFERENCE,This test uses the supplied/current ticker universe and is not a survivorship-bias-free historical index-constituent study.
2015-01-09,T1_45D,78967.06330254531,34136.6300201416,113103.69332268692,115269.26166671011,-1.878704099176698,2,-0.48485871648681345,REFERENCE,This test uses the supplied/current ticker universe and is not a survivorship-bias-free historical index-constituent study.
2015-01-12,T1_45D,78967.06330254531,34512.93003845215,113479.99334099746,115269.26166671011,-1.552251051009712,2,0.3327035636554898,REFERENCE,This test uses the supplied/current ticker universe and is not a survivorship-bias-free historical index-constituent study.
2015-01-13,T1_45D,78967.06330254531,34140.318359375,113107.38166192031,115269.26166671011,-1.8755043396050053,2,-0.3283501065756034,REFERENCE,This test uses the supplied/current ticker universe and is not a survivorship-bias-free historical index-constituent study.
2015-01-14,T1_45D,112283.13322889806,0.0,112283.13322889806,115269.26166671011,-2.5905678535932175,0,-0.7287308935202352,REFERENCE,This test uses the supplied/current ticker universe and is not a survivorship-bias-free historical index-constituent study.
2015-01-15,T1_45D,112283.13322889806,0.0,112283.13322889806,115269.26166671011,-2.5905678535932175,0,0.0,REFERENCE,This test uses the supplied/current ticker universe and is not a survivorship-bias-free historical index-constituent study.
2015-01-16,T1_45D,112283.13322889806,0.0,112283.13322889806,115269.26166671011,-2.5905678535932175,0,0.0,REFERENCE,This test uses the supplied/current ticker universe and is not a survivorship-bias-free historical index-constituent study.
2015-01-19,T1_45D,112283.13322889806,0.0,112283.13322889806,115269.26166671011,-2.5905678535932175,0,0.0,REFERENCE,This test uses the supplied/current ticker universe and is not a survivorship-bias-free historical index-constituent study.
2015-01-20,T1_45D,112283.13322889806,0.0,112283.13322889806,115269.26166671011,-2.5905678535932175,0,0.0,REFERENCE,This test uses the supplied/current ticker universe and is not a survivorship-bias-free historical index-constituent study.
2015-01-21,T1_45D,112283.13322889806,0.0,112283.13322889806,115269.26166671011,-2.5905678535932175,0,0.0,REFERENCE,This test uses the supplied/current ticker universe and is not a survivorship-bias-free historical index-constituent study.
2015-01-22,T1_45D,112283.13322889806,0.0,112283.13322889806,115269.26166671011,-2.5905678535932175,0,0.0,REFERENCE,This test uses the supplied/current ticker universe and is not a survivorship-bias-free historical index-constituent study.
2015-01-23,T1_45D,112283.13322889806,0.0,112283.13322889806,115269.26166671011,-2.5905678535932175,0,0.0,REFERENCE,This test uses the supplied/current ticker universe and is not a survivorship-bias-free historical index-constituent study.
2015-01-27,T1_45D,112283.13322889806,0.0,112283.13322889806,115269.26166671011,-2.5905678535932175,0,0.0,REFERENCE,This test uses the supplied/current ticker universe and is not a survivorship-bias-free historical index-constituent study.
2015-01-28,T1_45D,112283.13322889806,0.0,112283.13322889806,115269.26166671011,-2.5905678535932175,0,0.0,REFERENCE,This test uses the supplied/current ticker universe and is not a survivorship-bias-free historical index-constituent study.
2015-01-29,T1_45D,112283.13322889806,0.0,112283.13322889806,115269.26166671011,-2.5905678535932175,0,0.0,REFERENCE,This test uses the supplied/current ticker universe and is not a survivorship-bias-free historical index-constituent study.
2015-01-30,T1_45D,89963.30212651606,21640.27587890625,111603.57800542231,115269.26166671011,-3.180105093313401,1,-0.6052157647671086,REFERENCE,This test uses the supplied/current ticker universe and is not a survivorship-bias-free historical index-constituent study.
2015-02-02,T1_45D,92611.77807241511,18345.185485839844,110956.96355825495,115269.26166671011,-3.7410650906429366,1,-0.5793850508412413,REFERENCE,This test uses the supplied/current ticker universe and is not a survivorship-bias-free historical index-constituent study.
2015-02-03,T1_45D,92611.77807241511,18071.45233154297,110683.23040395808,115269.26166671011,-3.978537900253143,1,-0.24670209558605993,REFERENCE,This test uses the supplied/current ticker universe and is not a survivorship-bias-free historical index-constituent study.
2015-02-04,T1_45D,110553.99469015819,0.0,110553.99469015819,115269.26166671011,-4.09065427189571,0,-0.11676178345014776,REFERENCE,This test uses the supplied/current ticker universe and is not a survivorship-bias-free historical index-constituent study.
2015-02-05,T1_45D,110553.99469015819,0.0,110553.99469015819,115269.26166671011,-4.09065427189571,0,0.0,REFERENCE,This test uses the supplied/current ticker universe and is not a survivorship-bias-free historical index-constituent study.
2015-02-06,T1_45D,110553.99469015819,0.0,110553.99469015819,115269.26166671011,-4.09065427189571,0,0.0,REFERENCE,This test uses the supplied/current ticker universe and is not a survivorship-bias-free historical index-constituent study.
2015-02-09,T1_45D,88881.21391012415,20973.2783203125,109854.49223043665,115269.26166671011,-4.697496416633385,1,-0.6327247257613688,REFERENCE,This test uses the supplied/current ticker universe and is not a survivorship-bias-free historical index-constituent study.
2015-02-10,T1_45D,109707.24504904234,0.0,109707.24504904234,115269.26166671011,-4.825238348233551,0,-0.13403837968267718,REFERENCE,This test uses the supplied/current ticker universe and is not a survivorship-bias-free historical index-constituent study.
2015-02-11,T1_45D,89878.82208748999,20088.641052246094,109967.46313973608,115269.26166671011,-4.599490315383181,1,0.23719316858008543,REFERENCE,This test uses the supplied/current ticker universe and is not a survivorship-bias-free historical index-constituent study.
2015-02-12,T1_45D,89878.82208748999,19809.727294921875,109688.54938241186,115269.26166671011,-4.841457474096034,1,-0.2536329832123152,REFERENCE,This test uses the supplied/current ticker universe and is not a survivorship-bias-free historical index-constituent study.
2015-02-13,T1_45D,89878.82208748999,19921.288513183594,109800.11060067358,115269.26166671011,-4.7446743277059,1,0.10170726013776221,REFERENCE,This test uses the supplied/current ticker universe and is not a survivorship-bias-free historical index-constituent study.
2015-02-16,T1_45D,89878.82208748999,20238.141357421875,110116.96344491186,115269.26166671011,-4.4697937223677435,1,0.2885724272087664,REFERENCE,This test uses the supplied/current ticker universe and is not a survivorship-bias-free historical index-constituent study.
2015-02-18,T1_45D,89878.82208748999,20369.791076660156,110248.61316415014,115269.26166671011,-4.355583119007633,1,0.1195544402240456,REFERENCE,This test uses the supplied/current ticker universe and is not a survivorship-bias-free historical index-constituent study.
2015-02-19,T1_45D,89878.82208748999,20263.80322265625,110142.62531014624,115269.26166671011,-4.447531182586251,1,-0.09613531722716395,REFERENCE,This test uses the supplied/current ticker universe and is not a survivorship-bias-free historical index-constituent study.
2015-02-20,T1_45D,89878.82208748999,20087.52374267578,109966.34583016577,115269.26166671011,-4.600459619388564,1,-0.16004655734697115,REFERENCE,This test uses the supplied/current ticker universe and is not a survivorship-bias-free historical index-constituent study.
2015-02-23,T1_45D,53185.47183891889,56221.438232421875,109406.91007134077,115269.26166671011,-5.085789143266806,3,-0.5087336080886073,REFERENCE,This test uses the supplied/current ticker universe and is not a survivorship-bias-free historical index-constituent study.
2015-02-24,T1_45D,53185.47183891889,56953.403564453125,110138.87540337202,115269.26166671011,-4.450784354090953,3,0.669030257370351,REFERENCE,This test uses the supplied/current ticker universe and is not a survivorship-bias-free historical index-constituent study.
2015-02-25,T1_45D,53185.47183891889,56254.77032470703,109440.24216362592,115269.26166671011,-5.056872420973968,3,-0.6343202953429716,REFERENCE,This test uses the supplied/current ticker universe and is not a survivorship-bias-free historical index-constituent study.
2015-02-26,T1_45D,74037.55230895594,34736.81701660156,108774.3693255575,115269.26166671011,-5.63453972658553,2,-0.6084350919772885,REFERENCE,This test uses the supplied/current ticker universe and is not a survivorship-bias-free historical index-constituent study.
2015-02-27,T1_45D,74037.55230895594,35155.74108886719,109193.29339782313,115269.26166671011,-5.271108863744656,2,0.3851312352929348,REFERENCE,This test uses the supplied/current ticker universe and is not a survivorship-bias-free historical index-constituent study.
2015-03-02,T1_45D,75663.65623763333,36191.35363769531,111855.00987532864,115269.26166671011,-2.9619794054493442,2,2.4376190099955064,REFERENCE,This test uses the supplied/current ticker universe and is not a survivorship-bias-free historical index-constituent study.
2015-03-03,T1_45D,75663.65623763333,36184.815032958984,111848.47127059232,115269.26166671011,-2.9676518671635788,2,-0.005845607401600006,REFERENCE,This test uses the supplied/current ticker universe and is not a survivorship-bias-free historical index-constituent study.
2015-03-04,T1_45D,75663.65623763333,35714.29183959961,111377.94807723294,115269.26166671011,-3.375846720289166,2,-0.42067914564611897,REFERENCE,This test uses the supplied/current ticker universe and is not a survivorship-bias-free historical index-constituent study.
2015-03-05,T1_45D,75663.65623763333,36031.13150024414,111694.78773787747,115269.26166671011,-3.1009775521664062,2,0.2844725245116031,REFERENCE,This test uses the supplied/current ticker universe and is not a survivorship-bias-free historical index-constituent study.
2015-03-09,T1_45D,74045.07316358572,38090.46740722656,112135.54057081229,115269.26166671011,-2.718609497958502,2,0.3946046560105998,REFERENCE,This test uses the supplied/current ticker universe and is not a survivorship-bias-free historical index-constituent study.
2015-03-10,T1_45D,74045.07316358572,38266.07415771485,112311.14732130058,115269.26166671011,-2.566264676842145,2,0.15660222405349256,REFERENCE,This test uses the supplied/current ticker universe and is not a survivorship-bias-free historical index-constituent study.
2015-03-11,T1_45D,74045.07316358572,37742.44757080079,111787.52073438652,115269.26166671011,-3.0205285277099314,2,-0.46622850839201924,REFERENCE,This test uses the supplied/current ticker universe and is not a survivorship-bias-free historical index-constituent study.
2015-03-12,T1_45D,74045.07316358572,38028.603576660156,112073.67674024588,115269.26166671011,-2.7722784723857696,2,0.2559820666738766,REFERENCE,This test uses the supplied/current ticker universe and is not a survivorship-bias-free historical index-constituent study.
2015-03-13,T1_45D,32329.963018929153,78941.1789855957,111271.14200452485,115269.26166671011,-3.46850461638718,4,-0.716077815115379,REFERENCE,This test uses the supplied/current ticker universe and is not a survivorship-bias-free historical index-constituent study.
2015-03-16,T1_45D,25037.606712150755,86438.32989501953,111475.93660717028,115269.26166671011,-3.2908383420619636,4,0.18405005912234262,REFERENCE,This test uses the supplied/current ticker universe and is not a survivorship-bias-free historical index-constituent study.
2015-03-17,T1_45D,2233.729726678208,109669.93089294434,111903.66061962255,115269.26166671011,-2.919773232189926,5,0.3836917862906297,REFERENCE,This test uses the supplied/current ticker universe and is not a survivorship-bias-free historical index-constituent study.
2015-03-18,T1_45D,2233.729726678208,108872.42601013184,111106.15573681005,115269.26166671011,-3.6116358079374855,5,-0.7126709514207352,REFERENCE,This test uses the supplied/current ticker universe and is not a survivorship-bias-free historical index-constituent study.
2015-03-19,T1_45D,2233.729726678208,108907.59037780762,111141.32010448583,115269.26166671011,-3.5811295245039565,5,0.03164934241723927,REFERENCE,This test uses the supplied/current ticker universe and is not a survivorship-bias-free historical index-constituent study.
2015-03-20,T1_45D,19852.107126680457,92136.89376831055,111989.00089499101,115269.26166671011,-2.845737644441282,4,0.7627053464078548,REFERENCE,This test uses the supplied/current ticker universe and is not a survivorship-bias-free historical index-constituent study.
2015-03-23,T1_45D,162.8470236840585,111015.24540710449,111178.09243078856,115269.26166671011,-3.5492282823418875,5,-0.7240965253032527,REFERENCE,This test uses the supplied/current ticker universe and is not a survivorship-bias-free historical index-constituent study.
2015-03-24,T1_45D,162.8470236840585,110626.1522064209,110788.99923010496,115269.26166671011,-3.8867798507805085,5,-0.34997290579150686,REFERENCE,This test uses the supplied/current ticker universe and is not a survivorship-bias-free historical index-constituent study.
2015-03-25,T1_45D,22510.34715175016,88906.76092529297,111417.10807704313,115269.26166671011,-3.3418740902540933,4,0.5669415296672309,REFERENCE,This test uses the supplied/current ticker universe and is not a survivorship-bias-free historical index-constituent study.
2015-03-26,T1_45D,44446.35258333964,64221.335021972656,108667.6876053123,115269.26166671011,-5.7270897426979435,3,-2.4676824943523523,REFERENCE,This test uses the supplied/current ticker universe and is not a survivorship-bias-free historical index-constituent study.
2015-03-27,T1_45D,48781.492708144746,59384.456787109375,108165.94949525411,115269.26166671011,-6.162364596378289,3,-0.46171784926585246,REFERENCE,This test uses the supplied/current ticker universe and is not a survivorship-bias-free historical index-constituent study.
2015-03-30,T1_45D,48781.492708144746,60209.726135253906,108991.21884339864,115269.26166671011,-5.446415403842719,3,0.7629659352093476,REFERENCE,This test uses the supplied/current ticker universe and is not a survivorship-bias-free historical index-constituent study.
2015-03-31,T1_45D,48781.492708144746,60353.26220703125,109134.75491517599,115269.26166671011,-5.321892985895449,3,0.13169507901693578,REFERENCE,This test uses the supplied/current ticker universe and is not a survivorship-bias-free historical index-constituent study.
2015-04-01,T1_45D,67646.83800440095,40059.80633544922,107706.64433985017,115269.26166671011,-6.560827420519544,2,-1.308575418010327,REFERENCE,This test uses the supplied/current ticker universe and is not a survivorship-bias-free historical index-constituent study.
2015-04-06,T1_45D,67646.83800440095,40731.436096191406,108378.27410059236,115269.26166671011,-5.978165788935453,2,0.6235731925905874,REFERENCE,This test uses the supplied/current ticker universe and is not a survivorship-bias-free historical index-constituent study.
2015-04-07,T1_45D,67646.83800440095,40354.46307373047,108001.30107813142,115269.26166671011,-6.305202691063716,2,-0.3478308042726752,REFERENCE,This test uses the supplied/current ticker universe and is not a survivorship-bias-free historical index-constituent study.
2015-04-08,T1_45D,67646.83800440095,40993.036865234375,108639.87486963533,115269.26166671011,-5.751218235649858,2,0.5912649061902808,REFERENCE,This test uses the supplied/current ticker universe and is not a survivorship-bias-free historical index-constituent study.
2015-04-09,T1_45D,67646.83800440095,40730.864990234375,108377.70299463533,115269.26166671011,-5.9786612427526915,2,-0.24132195965302916,REFERENCE,This test uses the supplied/current ticker universe and is not a survivorship-bias-free historical index-constituent study.
2015-04-10,T1_45D,67646.83800440095,40491.02294921875,108137.8609536197,115269.26166671011,-6.186732360366943,2,-0.2213020154408496,REFERENCE,This test uses the supplied/current ticker universe and is not a survivorship-bias-free historical index-constituent study.
2015-04-13,T1_45D,67646.83800440095,40812.942810058594,108459.78081445955,115269.26166671011,-5.907455946008843,2,0.29769394178964514,REFERENCE,This test uses the supplied/current ticker universe and is not a survivorship-bias-free historical index-constituent study.
2015-04-15,T1_45D,67646.83800440095,40078.40637207031,107725.24437647127,115269.26166671011,-6.544691256938595,2,-0.6772431517677924,REFERENCE,This test uses the supplied/current ticker universe and is not a survivorship-bias-free historical index-constituent study.
2015-04-16,T1_45D,67646.83800440095,39538.95812988281,107185.79613428377,115269.26166671011,-7.012680931191262,2,-0.5007630711908795,REFERENCE,This test uses the supplied/current ticker universe and is not a survivorship-bias-free historical index-constituent study.
2015-04-17,T1_45D,67646.83800440095,39413.39892578125,107060.2369301822,115269.26166671011,-7.121607805785645,2,-0.11714164435020491,REFERENCE,This test uses the supplied/current ticker universe and is not a survivorship-bias-free historical index-constituent study.
2015-04-20,T1_45D,105868.47328377234,0.0,105868.47328377234,115269.26166671011,-8.155503251265051,0,-1.1131711273785538,REFERENCE,This test uses the supplied/current ticker universe and is not a survivorship-bias-free historical index-constituent study.
2015-04-21,T1_45D,105868.47328377234,0.0,105868.47328377234,115269.26166671011,-8.155503251265051,0,0.0,REFERENCE,This test uses the supplied/current ticker universe and is not a survivorship-bias-free historical index-constituent study.
2015-04-22,T1_45D,105868.47328377234,0.0,105868.47328377234,115269.26166671011,-8.155503251265051,0,0.0,REFERENCE,This test uses the supplied/current ticker universe and is not a survivorship-bias-free historical index-constituent study.
2015-04-23,T1_45D,105868.47328377234,0.0,105868.47328377234,115269.26166671011,-8.155503251265051,0,0.0,REFERENCE,This test uses the supplied/current ticker universe and is not a survivorship-bias-free historical index-constituent study.
2015-04-24,T1_45D,105868.47328377234,0.0,105868.47328377234,115269.26166671011,-8.155503251265051,0,0.0,REFERENCE,This test uses the supplied/current ticker universe and is not a survivorship-bias-free historical index-constituent study.
2015-04-27,T1_45D,105868.47328377234,0.0,105868.47328377234,115269.26166671011,-8.155503251265051,0,0.0,REFERENCE,This test uses the supplied/current ticker universe and is not a survivorship-bias-free historical index-constituent study.
2015-04-28,T1_45D,105868.47328377234,0.0,105868.47328377234,115269.26166671011,-8.155503251265051,0,0.0,REFERENCE,This test uses the supplied/current ticker universe and is not a survivorship-bias-free historical index-constituent study.
2015-04-29,T1_45D,105868.47328377234,0.0,105868.47328377234,115269.26166671011,-8.155503251265051,0,0.0,REFERENCE,This test uses the supplied/current ticker universe and is not a survivorship-bias-free historical index-constituent study.
2015-04-30,T1_45D,105868.47328377234,0.0,105868.47328377234,115269.26166671011,-8.155503251265051,0,0.0,REFERENCE,This test uses the supplied/current ticker universe and is not a survivorship-bias-free historical index-constituent study.
2015-05-04,T1_45D,105868.47328377234,0.0,105868.47328377234,115269.26166671011,-8.155503251265051,0,0.0,REFERENCE,This test uses the supplied/current ticker universe and is not a survivorship-bias-free historical index-constituent study.
2015-05-05,T1_45D,105868.47328377234,0.0,105868.47328377234,115269.26166671011,-8.155503251265051,0,0.0,REFERENCE,This test uses the supplied/current ticker universe and is not a survivorship-bias-free historical index-constituent study.
2015-05-06,T1_45D,105868.47328377234,0.0,105868.47328377234,115269.26166671011,-8.155503251265051,0,0.0,REFERENCE,This test uses the supplied/current ticker universe and is not a survivorship-bias-free historical index-constituent study.
2015-05-07,T1_45D,105868.47328377234,0.0,105868.47328377234,115269.26166671011,-8.155503251265051,0,0.0,REFERENCE,This test uses the supplied/current ticker universe and is not a survivorship-bias-free historical index-constituent study.
2015-05-08,T1_45D,105868.47328377234,0.0,105868.47328377234,115269.26166671011,-8.155503251265051,0,0.0,REFERENCE,This test uses the supplied/current ticker universe and is not a survivorship-bias-free historical index-constituent study.
2015-05-11,T1_45D,105868.47328377234,0.0,105868.47328377234,115269.26166671011,-8.155503251265051,0,0.0,REFERENCE,This test uses the supplied/current ticker universe and is not a survivorship-bias-free historical index-constituent study.
2015-05-12,T1_45D,105868.47328377234,0.0,105868.47328377234,115269.26166671011,-8.155503251265051,0,0.0,REFERENCE,This test uses the supplied/current ticker universe and is not a survivorship-bias-free historical index-constituent study.
2015-05-13,T1_45D,105868.47328377234,0.0,105868.47328377234,115269.26166671011,-8.155503251265051,0,0.0,REFERENCE,This test uses the supplied/current ticker universe and is not a survivorship-bias-free historical index-constituent study.
2015-05-14,T1_45D,105868.47328377234,0.0,105868.47328377234,115269.26166671011,-8.155503251265051,0,0.0,REFERENCE,This test uses the supplied/current ticker universe and is not a survivorship-bias-free historical index-constituent study.
2015-05-15,T1_45D,105868.47328377234,0.0,105868.47328377234,115269.26166671011,-8.155503251265051,0,0.0,REFERENCE,This test uses the supplied/current ticker universe and is not a survivorship-bias-free historical index-constituent study.
2015-05-18,T1_45D,105868.47328377234,0.0,105868.47328377234,115269.26166671011,-8.155503251265051,0,0.0,REFERENCE,This test uses the supplied/current ticker universe and is not a survivorship-bias-free historical index-constituent study.
2015-05-19,T1_45D,105868.47328377234,0.0,105868.47328377234,115269.26166671011,-8.155503251265051,0,0.0,REFERENCE,This test uses the supplied/current ticker universe and is not a survivorship-bias-free historical index-constituent study.
2015-05-20,T1_45D,105868.47328377234,0.0,105868.47328377234,115269.26166671011,-8.155503251265051,0,0.0,REFERENCE,This test uses the supplied/current ticker universe and is not a survivorship-bias-free historical index-constituent study.
2015-05-21,T1_45D,105868.47328377234,0.0,105868.47328377234,115269.26166671011,-8.155503251265051,0,0.0,REFERENCE,This test uses the supplied/current ticker universe and is not a survivorship-bias-free historical index-constituent study.
2015-05-22,T1_45D,105868.47328377234,0.0,105868.47328377234,115269.26166671011,-8.155503251265051,0,0.0,REFERENCE,This test uses the supplied/current ticker universe and is not a survivorship-bias-free historical index-constituent study.
2015-05-25,T1_45D,105868.47328377234,0.0,105868.47328377234,115269.26166671011,-8.155503251265051,0,0.0,REFERENCE,This test uses the supplied/current ticker universe and is not a survivorship-bias-free historical index-constituent study.
2015-05-26,T1_45D,105868.47328377234,0.0,105868.47328377234,115269.26166671011,-8.155503251265051,0,0.0,REFERENCE,This test uses the supplied/current ticker universe and is not a survivorship-bias-free historical index-constituent study.
2015-05-27,T1_45D,105868.47328377234,0.0,105868.47328377234,115269.26166671011,-8.155503251265051,0,0.0,REFERENCE,This test uses the supplied/current ticker universe and is not a survivorship-bias-free historical index-constituent study.
2015-05-28,T1_45D,105868.47328377234,0.0,105868.47328377234,115269.26166671011,-8.155503251265051,0,0.0,REFERENCE,This test uses the supplied/current ticker universe and is not a survivorship-bias-free historical index-constituent study.
2015-05-29,T1_45D,105868.47328377234,0.0,105868.47328377234,115269.26166671011,-8.155503251265051,0,0.0,REFERENCE,This test uses the supplied/current ticker universe and is not a survivorship-bias-free historical index-constituent study.
2015-06-01,T1_45D,105868.47328377234,0.0,105868.47328377234,115269.26166671011,-8.155503251265051,0,0.0,REFERENCE,This test uses the supplied/current ticker universe and is not a survivorship-bias-free historical index-constituent study.
2015-06-02,T1_45D,105868.47328377234,0.0,105868.47328377234,115269.26166671011,-8.155503251265051,0,0.0,REFERENCE,This test uses the supplied/current ticker universe and is not a survivorship-bias-free historical index-constituent study.
2015-06-03,T1_45D,105868.47328377234,0.0,105868.47328377234,115269.26166671011,-8.155503251265051,0,0.0,REFERENCE,This test uses the supplied/current ticker universe and is not a survivorship-bias-free historical index-constituent study.
2015-06-04,T1_45D,105868.47328377234,0.0,105868.47328377234,115269.26166671011,-8.155503251265051,0,0.0,REFERENCE,This test uses the supplied/current ticker universe and is not a survivorship-bias-free historical index-constituent study.
2015-06-05,T1_45D,105868.47328377234,0.0,105868.47328377234,115269.26166671011,-8.155503251265051,0,0.0,REFERENCE,This test uses the supplied/current ticker universe and is not a survivorship-bias-free historical index-constituent study.
2015-06-08,T1_45D,105868.47328377234,0.0,105868.47328377234,115269.26166671011,-8.155503251265051,0,0.0,REFERENCE,This test uses the supplied/current ticker universe and is not a survivorship-bias-free historical index-constituent study.
2015-06-09,T1_45D,105868.47328377234,0.0,105868.47328377234,115269.26166671011,-8.155503251265051,0,0.0,REFERENCE,This test uses the supplied/current ticker universe and is not a survivorship-bias-free historical index-constituent study.
2015-06-10,T1_45D,105868.47328377234,0.0,105868.47328377234,115269.26166671011,-8.155503251265051,0,0.0,REFERENCE,This test uses the supplied/current ticker universe and is not a survivorship-bias-free historical index-constituent study.
2015-06-11,T1_45D,105868.47328377234,0.0,105868.47328377234,115269.26166671011,-8.155503251265051,0,0.0,REFERENCE,This test uses the supplied/current ticker universe and is not a survivorship-bias-free historical index-constituent study.
2015-06-12,T1_45D,105868.47328377234,0.0,105868.47328377234,115269.26166671011,-8.155503251265051,0,0.0,REFERENCE,This test uses the supplied/current ticker universe and is not a survivorship-bias-free historical index-constituent study.
2015-06-15,T1_45D,105868.47328377234,0.0,105868.47328377234,115269.26166671011,-8.155503251265051,0,0.0,REFERENCE,This test uses the supplied/current ticker universe and is not a survivorship-bias-free historical index-constituent study.
2015-06-16,T1_45D,105868.47328377234,0.0,105868.47328377234,115269.26166671011,-8.155503251265051,0,0.0,REFERENCE,This test uses the supplied/current ticker universe and is not a survivorship-bias-free historical index-constituent study.
2015-06-17,T1_45D,105868.47328377234,0.0,105868.47328377234,115269.26166671011,-8.155503251265051,0,0.0,REFERENCE,This test uses the supplied/current ticker universe and is not a survivorship-bias-free historical index-constituent study.
2015-06-18,T1_45D,105868.47328377234,0.0,105868.47328377234,115269.26166671011,-8.155503251265051,0,0.0,REFERENCE,This test uses the supplied/current ticker universe and is not a survivorship-bias-free historical index-constituent study.
2015-06-19,T1_45D,105868.47328377234,0.0,105868.47328377234,115269.26166671011,-8.155503251265051,0,0.0,REFERENCE,This test uses the supplied/current ticker universe and is not a survivorship-bias-free historical index-constituent study.
2015-06-22,T1_45D,105868.47328377234,0.0,105868.47328377234,115269.26166671011,-8.155503251265051,0,0.0,REFERENCE,This test uses the supplied/current ticker universe and is not a survivorship-bias-free historical index-constituent study.
2015-06-23,T1_45D,105868.47328377234,0.0,105868.47328377234,115269.26166671011,-8.155503251265051,0,0.0,REFERENCE,This test uses the supplied/current ticker universe and is not a survivorship-bias-free historical index-constituent study.
2015-06-24,T1_45D,105868.47328377234,0.0,105868.47328377234,115269.26166671011,-8.155503251265051,0,0.0,REFERENCE,This test uses the supplied/current ticker universe and is not a survivorship-bias-free historical index-constituent study.
2015-06-25,T1_45D,105868.47328377234,0.0,105868.47328377234,115269.26166671011,-8.155503251265051,0,0.0,REFERENCE,This test uses the supplied/current ticker universe and is not a survivorship-bias-free historical index-constituent study.
2015-06-26,T1_45D,105868.47328377234,0.0,105868.47328377234,115269.26166671011,-8.155503251265051,0,0.0,REFERENCE,This test uses the supplied/current ticker universe and is not a survivorship-bias-free historical index-constituent study.
2015-06-29,T1_45D,105868.47328377234,0.0,105868.47328377234,115269.26166671011,-8.155503251265051,0,0.0,REFERENCE,This test uses the supplied/current ticker universe and is not a survivorship-bias-free historical index-constituent study.
2015-06-30,T1_45D,105868.47328377234,0.0,105868.47328377234,115269.26166671011,-8.155503251265051,0,0.0,REFERENCE,This test uses the supplied/current ticker universe and is not a survivorship-bias-free historical index-constituent study.
2015-07-01,T1_45D,105868.47328377234,0.0,105868.47328377234,115269.26166671011,-8.155503251265051,0,0.0,REFERENCE,This test uses the supplied/current ticker universe and is not a survivorship-bias-free historical index-constituent study.
2015-07-02,T1_45D,105868.47328377234,0.0,105868.47328377234,115269.26166671011,-8.155503251265051,0,0.0,REFERENCE,This test uses the supplied/current ticker universe and is not a survivorship-bias-free historical index-constituent study.
2015-07-03,T1_45D,105868.47328377234,0.0,105868.47328377234,115269.26166671011,-8.155503251265051,0,0.0,REFERENCE,This test uses the supplied/current ticker universe and is not a survivorship-bias-free historical index-constituent study.
2015-07-06,T1_45D,105868.47328377234,0.0,105868.47328377234,115269.26166671011,-8.155503251265051,0,0.0,REFERENCE,This test uses the supplied/current ticker universe and is not a survivorship-bias-free historical index-constituent study.
2015-07-07,T1_45D,105868.47328377234,0.0,105868.47328377234,115269.26166671011,-8.155503251265051,0,0.0,REFERENCE,This test uses the supplied/current ticker universe and is not a survivorship-bias-free historical index-constituent study.
2015-07-08,T1_45D,105868.47328377234,0.0,105868.47328377234,115269.26166671011,-8.155503251265051,0,0.0,REFERENCE,This test uses the supplied/current ticker universe and is not a survivorship-bias-free historical index-constituent study.
2015-07-09,T1_45D,105868.47328377234,0.0,105868.47328377234,115269.26166671011,-8.155503251265051,0,0.0,REFERENCE,This test uses the supplied/current ticker universe and is not a survivorship-bias-free historical index-constituent study.
2015-07-10,T1_45D,81110.95001627627,24747.24560546875,105858.19562174502,115269.26166671011,-8.164419472188754,1,-0.009707953376991707,REFERENCE,This test uses the supplied/current ticker universe and is not a survivorship-bias-free historical index-constituent study.
2015-07-13,T1_45D,81110.95001627627,25381.588134765625,106492.5381510419,115269.26166671011,-7.614105780468394,1,0.5992379952928006,REFERENCE,This test uses the supplied/current ticker universe and is not a survivorship-bias-free historical index-constituent study.
2015-07-14,T1_45D,81110.95001627627,25478.456787109375,106589.40680338565,115269.26166671011,-7.530068934094003,1,0.09096285432352857,REFERENCE,This test uses the supplied/current ticker universe and is not a survivorship-bias-free historical index-constituent study.
2015-07-15,T1_45D,106810.25102793117,0.0,106810.25102793117,115269.26166671011,-7.33847906759163,0,0.207191531662132,REFERENCE,This test uses the supplied/current ticker universe and is not a survivorship-bias-free historical index-constituent study.
2015-07-16,T1_45D,106810.25102793117,0.0,106810.25102793117,115269.26166671011,-7.33847906759163,0,0.0,REFERENCE,This test uses the supplied/current ticker universe and is not a survivorship-bias-free historical index-constituent study.
2015-07-17,T1_45D,106810.25102793117,0.0,106810.25102793117,115269.26166671011,-7.33847906759163,0,0.0,REFERENCE,This test uses the supplied/current ticker universe and is not a survivorship-bias-free historical index-constituent study.
2015-07-20,T1_45D,106810.25102793117,0.0,106810.25102793117,115269.26166671011,-7.33847906759163,0,0.0,REFERENCE,This test uses the supplied/current ticker universe and is not a survivorship-bias-free historical index-constituent study.
2015-07-21,T1_45D,106810.25102793117,0.0,106810.25102793117,115269.26166671011,-7.33847906759163,0,0.0,REFERENCE,This test uses the supplied/current ticker universe and is not a survivorship-bias-free historical index-constituent study.
2015-07-22,T1_45D,106810.25102793117,0.0,106810.25102793117,115269.26166671011,-7.33847906759163,0,0.0,REFERENCE,This test uses the supplied/current ticker universe and is not a survivorship-bias-free historical index-constituent study.
2015-07-23,T1_45D,106810.25102793117,0.0,106810.25102793117,115269.26166671011,-7.33847906759163,0,0.0,REFERENCE,This test uses the supplied/current ticker universe and is not a survivorship-bias-free historical index-constituent study.
2015-07-24,T1_45D,106810.25102793117,0.0,106810.25102793117,115269.26166671011,-7.33847906759163,0,0.0,REFERENCE,This test uses the supplied/current ticker universe and is not a survivorship-bias-free historical index-constituent study.
2015-07-27,T1_45D,106810.25102793117,0.0,106810.25102793117,115269.26166671011,-7.33847906759163,0,0.0,REFERENCE,This test uses the supplied/current ticker universe and is not a survivorship-bias-free historical index-constituent study.
2015-07-28,T1_45D,106810.25102793117,0.0,106810.25102793117,115269.26166671011,-7.33847906759163,0,0.0,REFERENCE,This test uses the supplied/current ticker universe and is not a survivorship-bias-free historical index-constituent study.
2015-07-29,T1_45D,106810.25102793117,0.0,106810.25102793117,115269.26166671011,-7.33847906759163,0,0.0,REFERENCE,This test uses the supplied/current ticker universe and is not a survivorship-bias-free historical index-constituent study.
2015-07-30,T1_45D,106810.25102793117,0.0,106810.25102793117,115269.26166671011,-7.33847906759163,0,0.0,REFERENCE,This test uses the supplied/current ticker universe and is not a survivorship-bias-free historical index-constituent study.
2015-07-31,T1_45D,106810.25102793117,0.0,106810.25102793117,115269.26166671011,-7.33847906759163,0,0.0,REFERENCE,This test uses the supplied/current ticker universe and is not a survivorship-bias-free historical index-constituent study.
2015-08-03,T1_45D,106810.25102793117,0.0,106810.25102793117,115269.26166671011,-7.33847906759163,0,0.0,REFERENCE,This test uses the supplied/current ticker universe and is not a survivorship-bias-free historical index-constituent study.
2015-08-04,T1_45D,106810.25102793117,0.0,106810.25102793117,115269.26166671011,-7.33847906759163,0,0.0,REFERENCE,This test uses the supplied/current ticker universe and is not a survivorship-bias-free historical index-constituent study.
2015-08-05,T1_45D,106810.25102793117,0.0,106810.25102793117,115269.26166671011,-7.33847906759163,0,0.0,REFERENCE,This test uses the supplied/current ticker universe and is not a survivorship-bias-free historical index-constituent study.
2015-08-06,T1_45D,106810.25102793117,0.0,106810.25102793117,115269.26166671011,-7.33847906759163,0,0.0,REFERENCE,This test uses the supplied/current ticker universe and is not a survivorship-bias-free historical index-constituent study.
2015-08-07,T1_45D,106810.25102793117,0.0,106810.25102793117,115269.26166671011,-7.33847906759163,0,0.0,REFERENCE,This test uses the supplied/current ticker universe and is not a survivorship-bias-free historical index-constituent study.
2015-08-10,T1_45D,106810.25102793117,0.0,106810.25102793117,115269.26166671011,-7.33847906759163,0,0.0,REFERENCE,This test uses the supplied/current ticker universe and is not a survivorship-bias-free historical index-constituent study.
2015-08-11,T1_45D,106810.25102793117,0.0,106810.25102793117,115269.26166671011,-7.33847906759163,0,0.0,REFERENCE,This test uses the supplied/current ticker universe and is not a survivorship-bias-free historical index-constituent study.
2015-08-12,T1_45D,87434.60558273825,18783.8359375,106218.44152023825,115269.26166671011,-7.851893918294916,1,-0.5540755704601441,REFERENCE,This test uses the supplied/current ticker universe and is not a survivorship-bias-free historical index-constituent study.
2015-08-13,T1_45D,87434.60558273825,19364.9609375,106799.56652023825,115269.26166671011,-7.347748240950103,1,0.5471036777443983,REFERENCE,This test uses the supplied/current ticker universe and is not a survivorship-bias-free historical index-constituent study.
2015-08-14,T1_45D,87434.60558273825,19922.228515625,107356.83409836325,115269.26166671011,-6.864299687478592,1,0.5217882396736151,REFERENCE,This test uses the supplied/current ticker universe and is not a survivorship-bias-free historical index-constituent study.
2015-08-17,T1_45D,87434.60558273825,19530.478515625,106965.08409836325,115269.26166671011,-7.2041561195712145,1,-0.36490457574509527,REFERENCE,This test uses the supplied/current ticker universe and is not a survivorship-bias-free historical index-constituent study.
2015-08-18,T1_45D,87434.60558273825,19731.416015625,107166.02159836325,115269.26166671011,-7.029836012810242,1,0.1878533557877926,REFERENCE,This test uses the supplied/current ticker universe and is not a survivorship-bias-free historical index-constituent study.
2015-08-19,T1_45D,87434.60558273825,19741.53125,107176.13683273825,115269.26166671011,-7.021060703392323,1,0.009438844723486106,REFERENCE,This test uses the supplied/current ticker universe and is not a survivorship-bias-free historical index-constituent study.
2015-08-20,T1_45D,69448.61026793256,37262.59521484375,106711.2054827763,115269.26166671011,-7.42440444242507,2,-0.4338011834551625,REFERENCE,This test uses the supplied/current ticker universe and is not a survivorship-bias-free historical index-constituent study.
2015-08-21,T1_45D,69448.61026793256,37232.580810546875,106681.19107847943,115269.26166671011,-7.45044295769175,2,-0.028126759660418443,REFERENCE,This test uses the supplied/current ticker universe and is not a survivorship-bias-free historical index-constituent study.
2015-08-24,T1_45D,105179.92013043087,0.0,105179.92013043087,115269.26166671011,-8.75284650078838,0,-1.4072498936988476,REFERENCE,This test uses the supplied/current ticker universe and is not a survivorship-bias-free historical index-constituent study.
2015-08-25,T1_45D,105179.92013043087,0.0,105179.92013043087,115269.26166671011,-8.75284650078838,0,0.0,REFERENCE,This test uses the supplied/current ticker universe and is not a survivorship-bias-free historical index-constituent study.
2015-08-26,T1_45D,105179.92013043087,0.0,105179.92013043087,115269.26166671011,-8.75284650078838,0,0.0,REFERENCE,This test uses the supplied/current ticker universe and is not a survivorship-bias-free historical index-constituent study.
2015-08-27,T1_45D,105179.92013043087,0.0,105179.92013043087,115269.26166671011,-8.75284650078838,0,0.0,REFERENCE,This test uses the supplied/current ticker universe and is not a survivorship-bias-free historical index-constituent study.
2015-08-28,T1_45D,105179.92013043087,0.0,105179.92013043087,115269.26166671011,-8.75284650078838,0,0.0,REFERENCE,This test uses the supplied/current ticker universe and is not a survivorship-bias-free historical index-constituent study.
2015-08-31,T1_45D,105179.92013043087,0.0,105179.92013043087,115269.26166671011,-8.75284650078838,0,0.0,REFERENCE,This test uses the supplied/current ticker universe and is not a survivorship-bias-free historical index-constituent study.
2015-09-01,T1_45D,105179.92013043087,0.0,105179.92013043087,115269.26166671011,-8.75284650078838,0,0.0,REFERENCE,This test uses the supplied/current ticker universe and is not a survivorship-bias-free historical index-constituent study.
2015-09-02,T1_45D,105179.92013043087,0.0,105179.92013043087,115269.26166671011,-8.75284650078838,0,0.0,REFERENCE,This test uses the supplied/current ticker universe and is not a survivorship-bias-free historical index-constituent study.
2015-09-03,T1_45D,105179.92013043087,0.0,105179.92013043087,115269.26166671011,-8.75284650078838,0,0.0,REFERENCE,This test uses the supplied/current ticker universe and is not a survivorship-bias-free historical index-constituent study.
2015-09-04,T1_45D,105179.92013043087,0.0,105179.92013043087,115269.26166671011,-8.75284650078838,0,0.0,REFERENCE,This test uses the supplied/current ticker universe and is not a survivorship-bias-free historical index-constituent study.
2015-09-07,T1_45D,105179.92013043087,0.0,105179.92013043087,115269.26166671011,-8.75284650078838,0,0.0,REFERENCE,This test uses the supplied/current ticker universe and is not a survivorship-bias-free historical index-constituent study.
2015-09-08,T1_45D,105179.92013043087,0.0,105179.92013043087,115269.26166671011,-8.75284650078838,0,0.0,REFERENCE,This test uses the supplied/current ticker universe and is not a survivorship-bias-free historical index-constituent study.
2015-09-09,T1_45D,105179.92013043087,0.0,105179.92013043087,115269.26166671011,-8.75284650078838,0,0.0,REFERENCE,This test uses the supplied/current ticker universe and is not a survivorship-bias-free historical index-constituent study.
2015-09-10,T1_45D,105179.92013043087,0.0,105179.92013043087,115269.26166671011,-8.75284650078838,0,0.0,REFERENCE,This test uses the supplied/current ticker universe and is not a survivorship-bias-free historical index-constituent study.
2015-09-11,T1_45D,105179.92013043087,0.0,105179.92013043087,115269.26166671011,-8.75284650078838,0,0.0,REFERENCE,This test uses the supplied/current ticker universe and is not a survivorship-bias-free historical index-constituent study.
2015-09-14,T1_45D,105179.92013043087,0.0,105179.92013043087,115269.26166671011,-8.75284650078838,0,0.0,REFERENCE,This test uses the supplied/current ticker universe and is not a survivorship-bias-free historical index-constituent study.
2015-09-15,T1_45D,105179.92013043087,0.0,105179.92013043087,115269.26166671011,-8.75284650078838,0,0.0,REFERENCE,This test uses the supplied/current ticker universe and is not a survivorship-bias-free historical index-constituent study.
2015-09-16,T1_45D,105179.92013043087,0.0,105179.92013043087,115269.26166671011,-8.75284650078838,0,0.0,REFERENCE,This test uses the supplied/current ticker universe and is not a survivorship-bias-free historical index-constituent study.
2015-09-18,T1_45D,105179.92013043087,0.0,105179.92013043087,115269.26166671011,-8.75284650078838,0,0.0,REFERENCE,This test uses the supplied/current ticker universe and is not a survivorship-bias-free historical index-constituent study.
2015-09-21,T1_45D,105179.92013043087,0.0,105179.92013043087,115269.26166671011,-8.75284650078838,0,0.0,REFERENCE,This test uses the supplied/current ticker universe and is not a survivorship-bias-free historical index-constituent study.
2015-09-22,T1_45D,105179.92013043087,0.0,105179.92013043087,115269.26166671011,-8.75284650078838,0,0.0,REFERENCE,This test uses the supplied/current ticker universe and is not a survivorship-bias-free historical index-constituent study.
2015-09-23,T1_45D,105179.92013043087,0.0,105179.92013043087,115269.26166671011,-8.75284650078838,0,0.0,REFERENCE,This test uses the supplied/current ticker universe and is not a survivorship-bias-free historical index-constituent study.
2015-09-24,T1_45D,105179.92013043087,0.0,105179.92013043087,115269.26166671011,-8.75284650078838,0,0.0,REFERENCE,This test uses the supplied/current ticker universe and is not a survivorship-bias-free historical index-constituent study.
2015-09-28,T1_45D,105179.92013043087,0.0,105179.92013043087,115269.26166671011,-8.75284650078838,0,0.0,REFERENCE,This test uses the supplied/current ticker universe and is not a survivorship-bias-free historical index-constituent study.
2015-09-29,T1_45D,105179.92013043087,0.0,105179.92013043087,115269.26166671011,-8.75284650078838,0,0.0,REFERENCE,This test uses the supplied/current ticker universe and is not a survivorship-bias-free historical index-constituent study.
2015-09-30,T1_45D,105179.92013043087,0.0,105179.92013043087,115269.26166671011,-8.75284650078838,0,0.0,REFERENCE,This test uses the supplied/current ticker universe and is not a survivorship-bias-free historical index-constituent study.
2015-10-01,T1_45D,105179.92013043087,0.0,105179.92013043087,115269.26166671011,-8.75284650078838,0,0.0,REFERENCE,This test uses the supplied/current ticker universe and is not a survivorship-bias-free historical index-constituent study.
2015-10-05,T1_45D,105179.92013043087,0.0,105179.92013043087,115269.26166671011,-8.75284650078838,0,0.0,REFERENCE,This test uses the supplied/current ticker universe and is not a survivorship-bias-free historical index-constituent study.
2015-10-06,T1_45D,105179.92013043087,0.0,105179.92013043087,115269.26166671011,-8.75284650078838,0,0.0,REFERENCE,This test uses the supplied/current ticker universe and is not a survivorship-bias-free historical index-constituent study.
2015-10-07,T1_45D,105179.92013043087,0.0,105179.92013043087,115269.26166671011,-8.75284650078838,0,0.0,REFERENCE,This test uses the supplied/current ticker universe and is not a survivorship-bias-free historical index-constituent study.
2015-10-08,T1_45D,105179.92013043087,0.0,105179.92013043087,115269.26166671011,-8.75284650078838,0,0.0,REFERENCE,This test uses the supplied/current ticker universe and is not a survivorship-bias-free historical index-constituent study.
2015-10-09,T1_45D,105179.92013043087,0.0,105179.92013043087,115269.26166671011,-8.75284650078838,0,0.0,REFERENCE,This test uses the supplied/current ticker universe and is not a survivorship-bias-free historical index-constituent study.
2015-10-12,T1_45D,83966.9699793926,21033.53283691406,105000.50281630666,115269.26166671011,-8.908497115297376,1,-0.1705813371047582,REFERENCE,This test uses the supplied/current ticker universe and is not a survivorship-bias-free historical index-constituent study.
2015-10-13,T1_45D,83966.9699793926,21081.79669189453,105048.76667128713,115269.26166671011,-8.866626581659343,1,0.04596535605634333,REFERENCE,This test uses the supplied/current ticker universe and is not a survivorship-bias-free historical index-constituent study.
2015-10-14,T1_45D,104368.77985794935,0.0,104368.77985794935,115269.26166671011,-9.456538240245216,0,-0.647305851258162,REFERENCE,This test uses the supplied/current ticker universe and is not a survivorship-bias-free historical index-constituent study.
2015-10-15,T1_45D,104368.77985794935,0.0,104368.77985794935,115269.26166671011,-9.456538240245216,0,0.0,REFERENCE,This test uses the supplied/current ticker universe and is not a survivorship-bias-free historical index-constituent study.
2015-10-16,T1_45D,104368.77985794935,0.0,104368.77985794935,115269.26166671011,-9.456538240245216,0,0.0,REFERENCE,This test uses the supplied/current ticker universe and is not a survivorship-bias-free historical index-constituent study.
2015-10-19,T1_45D,104368.77985794935,0.0,104368.77985794935,115269.26166671011,-9.456538240245216,0,0.0,REFERENCE,This test uses the supplied/current ticker universe and is not a survivorship-bias-free historical index-constituent study.
2015-10-20,T1_45D,87735.97952390436,16825.386962890625,104561.36648679498,115269.26166671011,-9.28946279787578,1,0.1845251320440333,REFERENCE,This test uses the supplied/current ticker universe and is not a survivorship-bias-free historical index-constituent study.
2015-10-21,T1_45D,87735.97952390436,17011.431884765625,104747.41140866998,115269.26166671011,-9.128062508514223,1,0.17792893123531606,REFERENCE,This test uses the supplied/current ticker universe and is not a survivorship-bias-free historical index-constituent study.
2015-10-23,T1_45D,87735.97952390436,17183.280029296875,104919.25955320123,115269.26166671011,-8.978978405739168,1,0.16405956216023476,REFERENCE,This test uses the supplied/current ticker universe and is not a survivorship-bias-free historical index-constituent study.
2015-10-26,T1_45D,87735.97952390436,17216.904296875,104952.88382077936,115269.26166671011,-8.949808211454979,1,0.032047755313291404,REFERENCE,This test uses the supplied/current ticker universe and is not a survivorship-bias-free historical index-constituent study.
2015-10-27,T1_45D,87735.97952390436,17175.808105468754,104911.78762937311,115269.26166671011,-8.985460553468826,1,-0.03915680056626458,REFERENCE,This test uses the supplied/current ticker universe and is not a survivorship-bias-free historical index-constituent study.
2015-10-28,T1_45D,87735.97952390436,17232.59521484375,104968.57473874811,115269.26166671011,-8.936195807122838,1,0.05412843557257574,REFERENCE,This test uses the supplied/current ticker universe and is not a survivorship-bias-free historical index-constituent study.
2015-10-29,T1_45D,87735.97952390436,17110.8056640625,104846.78518796686,115269.26166671011,-9.041852379413019,1,-0.11602477320890037,REFERENCE,This test uses the supplied/current ticker universe and is not a survivorship-bias-free historical index-constituent study.
2015-10-30,T1_45D,87735.97952390436,16967.34375,104703.32327390436,115269.26166671011,-9.166310463023642,1,-0.13683005521371028,REFERENCE,This test uses the supplied/current ticker universe and is not a survivorship-bias-free historical index-constituent study.
2015-11-02,T1_45D,87735.97952390436,16903.835449218754,104639.81497312311,115269.26166671011,-9.221406071222194,1,-0.06065547758700163,REFERENCE,This test uses the supplied/current ticker universe and is not a survivorship-bias-free historical index-constituent study.
2015-11-03,T1_45D,87735.97952390436,17117.529296875,104853.50882077936,115269.26166671011,-9.036019399557615,1,0.20421848768668038,REFERENCE,This test uses the supplied/current ticker universe and is not a survivorship-bias-free historical index-constituent study.
2015-11-04,T1_45D,87735.97952390436,16987.5244140625,104723.50393796686,115269.26166671011,-9.148803051445997,1,-0.1239871552936922,REFERENCE,This test uses the supplied/current ticker universe and is not a survivorship-bias-free historical index-constituent study.
2015-11-05,T1_45D,87735.97952390436,16779.812011718754,104515.79153562311,115269.26166671011,-9.329000616122284,1,-0.19834363302700941,REFERENCE,This test uses the supplied/current ticker universe and is not a survivorship-bias-free historical index-constituent study.
2015-11-06,T1_45D,87735.97952390436,17009.937744140625,104745.91726804498,115269.26166671011,-9.129358726259873,1,0.2201827389341826,REFERENCE,This test uses the supplied/current ticker universe and is not a survivorship-bias-free historical index-constituent study.
2015-11-09,T1_45D,87735.97952390436,16954.6484375,104690.62796140436,115269.26166671011,-9.177324077855943,1,-0.05278421162625557,REFERENCE,This test uses the supplied/current ticker universe and is not a survivorship-bias-free historical index-constituent study.
2015-11-10,T1_45D,87735.97952390436,16495.137939453125,104231.11746335748,115269.26166671011,-9.575965043715073,1,-0.43892228654534016,REFERENCE,This test uses the supplied/current ticker universe and is not a survivorship-bias-free historical index-constituent study.
2015-11-13,T1_45D,87735.97952390436,16449.560546875,104185.54007077936,115269.26166671011,-9.61550497996444,1,-0.04372724162162722,REFERENCE,This test uses the supplied/current ticker universe and is not a survivorship-bias-free historical index-constituent study.
2015-11-16,T1_45D,87735.97952390436,16141.730957031252,103877.71048093561,115269.26166671011,-9.882557605610476,1,-0.29546287290407314,REFERENCE,This test uses the supplied/current ticker universe and is not a survivorship-bias-free historical index-constituent study.
2015-11-17,T1_45D,103574.25336343536,0.0,103574.25336343536,115269.26166671011,-10.145816962972953,0,-0.2921291931592407,REFERENCE,This test uses the supplied/current ticker universe and is not a survivorship-bias-free historical index-constituent study.
2015-11-18,T1_45D,103574.25336343536,0.0,103574.25336343536,115269.26166671011,-10.145816962972953,0,0.0,REFERENCE,This test uses the supplied/current ticker universe and is not a survivorship-bias-free historical index-constituent study.
2015-11-19,T1_45D,103574.25336343536,0.0,103574.25336343536,115269.26166671011,-10.145816962972953,0,0.0,REFERENCE,This test uses the supplied/current ticker universe and is not a survivorship-bias-free historical index-constituent study.
2015-11-20,T1_45D,103574.25336343536,0.0,103574.25336343536,115269.26166671011,-10.145816962972953,0,0.0,REFERENCE,This test uses the supplied/current ticker universe and is not a survivorship-bias-free historical index-constituent study.
2015-11-23,T1_45D,103574.25336343536,0.0,103574.25336343536,115269.26166671011,-10.145816962972953,0,0.0,REFERENCE,This test uses the supplied/current ticker universe and is not a survivorship-bias-free historical index-constituent study.
2015-11-24,T1_45D,103574.25336343536,0.0,103574.25336343536,115269.26166671011,-10.145816962972953,0,0.0,REFERENCE,This test uses the supplied/current ticker universe and is not a survivorship-bias-free historical index-constituent study.
2015-11-26,T1_45D,103574.25336343536,0.0,103574.25336343536,115269.26166671011,-10.145816962972953,0,0.0,REFERENCE,This test uses the supplied/current ticker universe and is not a survivorship-bias-free historical index-constituent study.
2015-11-27,T1_45D,103574.25336343536,0.0,103574.25336343536,115269.26166671011,-10.145816962972953,0,0.0,REFERENCE,This test uses the supplied/current ticker universe and is not a survivorship-bias-free historical index-constituent study.
2015-11-30,T1_45D,103574.25336343536,0.0,103574.25336343536,115269.26166671011,-10.145816962972953,0,0.0,REFERENCE,This test uses the supplied/current ticker universe and is not a survivorship-bias-free historical index-constituent study.
2015-12-01,T1_45D,103574.25336343536,0.0,103574.25336343536,115269.26166671011,-10.145816962972953,0,0.0,REFERENCE,This test uses the supplied/current ticker universe and is not a survivorship-bias-free historical index-constituent study.
2015-12-02,T1_45D,103574.25336343536,0.0,103574.25336343536,115269.26166671011,-10.145816962972953,0,0.0,REFERENCE,This test uses the supplied/current ticker universe and is not a survivorship-bias-free historical index-constituent study.
2015-12-03,T1_45D,103574.25336343536,0.0,103574.25336343536,115269.26166671011,-10.145816962972953,0,0.0,REFERENCE,This test uses the supplied/current ticker universe and is not a survivorship-bias-free historical index-constituent study.
2015-12-04,T1_45D,103574.25336343536,0.0,103574.25336343536,115269.26166671011,-10.145816962972953,0,0.0,REFERENCE,This test uses the supplied/current ticker universe and is not a survivorship-bias-free historical index-constituent study.
2015-12-07,T1_45D,103574.25336343536,0.0,103574.25336343536,115269.26166671011,-10.145816962972953,0,0.0,REFERENCE,This test uses the supplied/current ticker universe and is not a survivorship-bias-free historical index-constituent study.
2015-12-08,T1_45D,103574.25336343536,0.0,103574.25336343536,115269.26166671011,-10.145816962972953,0,0.0,REFERENCE,This test uses the supplied/current ticker universe and is not a survivorship-bias-free historical index-constituent study.
2015-12-09,T1_45D,103574.25336343536,0.0,103574.25336343536,115269.26166671011,-10.145816962972953,0,0.0,REFERENCE,This test uses the supplied/current ticker universe and is not a survivorship-bias-free historical index-constituent study.
2015-12-10,T1_45D,103574.25336343536,0.0,103574.25336343536,115269.26166671011,-10.145816962972953,0,0.0,REFERENCE,This test uses the supplied/current ticker universe and is not a survivorship-bias-free historical index-constituent study.
2015-12-11,T1_45D,103574.25336343536,0.0,103574.25336343536,115269.26166671011,-10.145816962972953,0,0.0,REFERENCE,This test uses the supplied/current ticker universe and is not a survivorship-bias-free historical index-constituent study.
2015-12-14,T1_45D,103574.25336343536,0.0,103574.25336343536,115269.26166671011,-10.145816962972953,0,0.0,REFERENCE,This test uses the supplied/current ticker universe and is not a survivorship-bias-free historical index-constituent study.
2015-12-15,T1_45D,103574.25336343536,0.0,103574.25336343536,115269.26166671011,-10.145816962972953,0,0.0,REFERENCE,This test uses the supplied/current ticker universe and is not a survivorship-bias-free historical index-constituent study.
2015-12-16,T1_45D,103574.25336343536,0.0,103574.25336343536,115269.26166671011,-10.145816962972953,0,0.0,REFERENCE,This test uses the supplied/current ticker universe and is not a survivorship-bias-free historical index-constituent study.
2015-12-17,T1_45D,103574.25336343536,0.0,103574.25336343536,115269.26166671011,-10.145816962972953,0,0.0,REFERENCE,This test uses the supplied/current ticker universe and is not a survivorship-bias-free historical index-constituent study.
2015-12-18,T1_45D,103574.25336343536,0.0,103574.25336343536,115269.26166671011,-10.145816962972953,0,0.0,REFERENCE,This test uses the supplied/current ticker universe and is not a survivorship-bias-free historical index-constituent study.
2015-12-21,T1_45D,103574.25336343536,0.0,103574.25336343536,115269.26166671011,-10.145816962972953,0,0.0,REFERENCE,This test uses the supplied/current ticker universe and is not a survivorship-bias-free historical index-constituent study.
2015-12-22,T1_45D,103574.25336343536,0.0,103574.25336343536,115269.26166671011,-10.145816962972953,0,0.0,REFERENCE,This test uses the supplied/current ticker universe and is not a survivorship-bias-free historical index-constituent study.
2015-12-23,T1_45D,103574.25336343536,0.0,103574.25336343536,115269.26166671011,-10.145816962972953,0,0.0,REFERENCE,This test uses the supplied/current ticker universe and is not a survivorship-bias-free historical index-constituent study.
2015-12-24,T1_45D,103574.25336343536,0.0,103574.25336343536,115269.26166671011,-10.145816962972953,0,0.0,REFERENCE,This test uses the supplied/current ticker universe and is not a survivorship-bias-free historical index-constituent study.
2015-12-28,T1_45D,103574.25336343536,0.0,103574.25336343536,115269.26166671011,-10.145816962972953,0,0.0,REFERENCE,This test uses the supplied/current ticker universe and is not a survivorship-bias-free historical index-constituent study.
2015-12-29,T1_45D,103574.25336343536,0.0,103574.25336343536,115269.26166671011,-10.145816962972953,0,0.0,REFERENCE,This test uses the supplied/current ticker universe and is not a survivorship-bias-free historical index-constituent study.
2015-12-30,T1_45D,103574.25336343536,0.0,103574.25336343536,115269.26166671011,-10.145816962972953,0,0.0,REFERENCE,This test uses the supplied/current ticker universe and is not a survivorship-bias-free historical index-constituent study.
2015-12-31,T1_45D,103574.25336343536,0.0,103574.25336343536,115269.26166671011,-10.145816962972953,0,0.0,REFERENCE,This test uses the supplied/current ticker universe and is not a survivorship-bias-free historical index-constituent study.
2016-01-01,T1_45D,103574.25336343536,0.0,103574.25336343536,115269.26166671011,-10.145816962972953,0,0.0,REFERENCE,This test uses the supplied/current ticker universe and is not a survivorship-bias-free historical index-constituent study.
2016-01-04,T1_45D,103574.25336343536,0.0,103574.25336343536,115269.26166671011,-10.145816962972953,0,0.0,REFERENCE,This test uses the supplied/current ticker universe and is not a survivorship-bias-free historical index-constituent study.
2016-01-05,T1_45D,103574.25336343536,0.0,103574.25336343536,115269.26166671011,-10.145816962972953,0,0.0,REFERENCE,This test uses the supplied/current ticker universe and is not a survivorship-bias-free historical index-constituent study.
2016-01-06,T1_45D,103574.25336343536,0.0,103574.25336343536,115269.26166671011,-10.145816962972953,0,0.0,REFERENCE,This test uses the supplied/current ticker universe and is not a survivorship-bias-free historical index-constituent study.
2016-01-07,T1_45D,103574.25336343536,0.0,103574.25336343536,115269.26166671011,-10.145816962972953,0,0.0,REFERENCE,This test uses the supplied/current ticker universe and is not a survivorship-bias-free historical index-constituent study.
2016-01-08,T1_45D,103574.25336343536,0.0,103574.25336343536,115269.26166671011,-10.145816962972953,0,0.0,REFERENCE,This test uses the supplied/current ticker universe and is not a survivorship-bias-free historical index-constituent study.
2016-01-11,T1_45D,103574.25336343536,0.0,103574.25336343536,115269.26166671011,-10.145816962972953,0,0.0,REFERENCE,This test uses the supplied/current ticker universe and is not a survivorship-bias-free historical index-constituent study.
2016-01-12,T1_45D,103574.25336343536,0.0,103574.25336343536,115269.26166671011,-10.145816962972953,0,0.0,REFERENCE,This test uses the supplied/current ticker universe and is not a survivorship-bias-free historical index-constituent study.
2016-01-13,T1_45D,103574.25336343536,0.0,103574.25336343536,115269.26166671011,-10.145816962972953,0,0.0,REFERENCE,This test uses the supplied/current ticker universe and is not a survivorship-bias-free historical index-constituent study.
2016-01-14,T1_45D,103574.25336343536,0.0,103574.25336343536,115269.26166671011,-10.145816962972953,0,0.0,REFERENCE,This test uses the supplied/current ticker universe and is not a survivorship-bias-free historical index-constituent study.
2016-01-15,T1_45D,103574.25336343536,0.0,103574.25336343536,115269.26166671011,-10.145816962972953,0,0.0,REFERENCE,This test uses the supplied/current ticker universe and is not a survivorship-bias-free historical index-constituent study.
2016-01-18,T1_45D,103574.25336343536,0.0,103574.25336343536,115269.26166671011,-10.145816962972953,0,0.0,REFERENCE,This test uses the supplied/current ticker universe and is not a survivorship-bias-free historical index-constituent study.
2016-01-19,T1_45D,103574.25336343536,0.0,103574.25336343536,115269.26166671011,-10.145816962972953,0,0.0,REFERENCE,This test uses the supplied/current ticker universe and is not a survivorship-bias-free historical index-constituent study.
2016-01-20,T1_45D,103574.25336343536,0.0,103574.25336343536,115269.26166671011,-10.145816962972953,0,0.0,REFERENCE,This test uses the supplied/current ticker universe and is not a survivorship-bias-free historical index-constituent study.
2016-01-21,T1_45D,103574.25336343536,0.0,103574.25336343536,115269.26166671011,-10.145816962972953,0,0.0,REFERENCE,This test uses the supplied/current ticker universe and is not a survivorship-bias-free historical index-constituent study.
2016-01-22,T1_45D,103574.25336343536,0.0,103574.25336343536,115269.26166671011,-10.145816962972953,0,0.0,REFERENCE,This test uses the supplied/current ticker universe and is not a survivorship-bias-free historical index-constituent study.
2016-01-25,T1_45D,103574.25336343536,0.0,103574.25336343536,115269.26166671011,-10.145816962972953,0,0.0,REFERENCE,This test uses the supplied/current ticker universe and is not a survivorship-bias-free historical index-constituent study.
2016-01-27,T1_45D,103574.25336343536,0.0,103574.25336343536,115269.26166671011,-10.145816962972953,0,0.0,REFERENCE,This test uses the supplied/current ticker universe and is not a survivorship-bias-free historical index-constituent study.
2016-01-28,T1_45D,103574.25336343536,0.0,103574.25336343536,115269.26166671011,-10.145816962972953,0,0.0,REFERENCE,This test uses the supplied/current ticker universe and is not a survivorship-bias-free historical index-constituent study.
2016-01-29,T1_45D,103574.25336343536,0.0,103574.25336343536,115269.26166671011,-10.145816962972953,0,0.0,REFERENCE,This test uses the supplied/current ticker universe and is not a survivorship-bias-free historical index-constituent study.
2016-02-01,T1_45D,103574.25336343536,0.0,103574.25336343536,115269.26166671011,-10.145816962972953,0,0.0,REFERENCE,This test uses the supplied/current ticker universe and is not a survivorship-bias-free historical index-constituent study.
2016-02-02,T1_45D,103574.25336343536,0.0,103574.25336343536,115269.26166671011,-10.145816962972953,0,0.0,REFERENCE,This test uses the supplied/current ticker universe and is not a survivorship-bias-free historical index-constituent study.
2016-02-03,T1_45D,103574.25336343536,0.0,103574.25336343536,115269.26166671011,-10.145816962972953,0,0.0,REFERENCE,This test uses the supplied/current ticker universe and is not a survivorship-bias-free historical index-constituent study.
2016-02-04,T1_45D,103574.25336343536,0.0,103574.25336343536,115269.26166671011,-10.145816962972953,0,0.0,REFERENCE,This test uses the supplied/current ticker universe and is not a survivorship-bias-free historical index-constituent study.
2016-02-05,T1_45D,103574.25336343536,0.0,103574.25336343536,115269.26166671011,-10.145816962972953,0,0.0,REFERENCE,This test uses the supplied/current ticker universe and is not a survivorship-bias-free historical index-constituent study.
2016-02-08,T1_45D,103574.25336343536,0.0,103574.25336343536,115269.26166671011,-10.145816962972953,0,0.0,REFERENCE,This test uses the supplied/current ticker universe and is not a survivorship-bias-free historical index-constituent study.
2016-02-09,T1_45D,103574.25336343536,0.0,103574.25336343536,115269.26166671011,-10.145816962972953,0,0.0,REFERENCE,This test uses the supplied/current ticker universe and is not a survivorship-bias-free historical index-constituent study.
2016-02-10,T1_45D,103574.25336343536,0.0,103574.25336343536,115269.26166671011,-10.145816962972953,0,0.0,REFERENCE,This test uses the supplied/current ticker universe and is not a survivorship-bias-free historical index-constituent study.
2016-02-11,T1_45D,103574.25336343536,0.0,103574.25336343536,115269.26166671011,-10.145816962972953,0,0.0,REFERENCE,This test uses the supplied/current ticker universe and is not a survivorship-bias-free historical index-constituent study.
2016-02-12,T1_45D,103574.25336343536,0.0,103574.25336343536,115269.26166671011,-10.145816962972953,0,0.0,REFERENCE,This test uses the supplied/current ticker universe and is not a survivorship-bias-free historical index-constituent study.
2016-02-15,T1_45D,103574.25336343536,0.0,103574.25336343536,115269.26166671011,-10.145816962972953,0,0.0,REFERENCE,This test uses the supplied/current ticker universe and is not a survivorship-bias-free historical index-constituent study.
2016-02-16,T1_45D,103574.25336343536,0.0,103574.25336343536,115269.26166671011,-10.145816962972953,0,0.0,REFERENCE,This test uses the supplied/current ticker universe and is not a survivorship-bias-free historical index-constituent study.
2016-02-17,T1_45D,103574.25336343536,0.0,103574.25336343536,115269.26166671011,-10.145816962972953,0,0.0,REFERENCE,This test uses the supplied/current ticker universe and is not a survivorship-bias-free historical index-constituent study.
2016-02-18,T1_45D,103574.25336343536,0.0,103574.25336343536,115269.26166671011,-10.145816962972953,0,0.0,REFERENCE,This test uses the supplied/current ticker universe and is not a survivorship-bias-free historical index-constituent study.
2016-02-19,T1_45D,103574.25336343536,0.0,103574.25336343536,115269.26166671011,-10.145816962972953,0,0.0,REFERENCE,This test uses the supplied/current ticker universe and is not a survivorship-bias-free historical index-constituent study.
2016-02-22,T1_45D,103574.25336343536,0.0,103574.25336343536,115269.26166671011,-10.145816962972953,0,0.0,REFERENCE,This test uses the supplied/current ticker universe and is not a survivorship-bias-free historical index-constituent study.
2016-02-23,T1_45D,103574.25336343536,0.0,103574.25336343536,115269.26166671011,-10.145816962972953,0,0.0,REFERENCE,This test uses the supplied/current ticker universe and is not a survivorship-bias-free historical index-constituent study.
2016-02-24,T1_45D,103574.25336343536,0.0,103574.25336343536,115269.26166671011,-10.145816962972953,0,0.0,REFERENCE,This test uses the supplied/current ticker universe and is not a survivorship-bias-free historical index-constituent study.
2016-02-25,T1_45D,103574.25336343536,0.0,103574.25336343536,115269.26166671011,-10.145816962972953,0,0.0,REFERENCE,This test uses the supplied/current ticker universe and is not a survivorship-bias-free historical index-constituent study.
2016-02-26,T1_45D,103574.25336343536,0.0,103574.25336343536,115269.26166671011,-10.145816962972953,0,0.0,REFERENCE,This test uses the supplied/current ticker universe and is not a survivorship-bias-free historical index-constituent study.
2016-02-29,T1_45D,103574.25336343536,0.0,103574.25336343536,115269.26166671011,-10.145816962972953,0,0.0,REFERENCE,This test uses the supplied/current ticker universe and is not a survivorship-bias-free historical index-constituent study.
2016-03-01,T1_45D,103574.25336343536,0.0,103574.25336343536,115269.26166671011,-10.145816962972953,0,0.0,REFERENCE,This test uses the supplied/current ticker universe and is not a survivorship-bias-free historical index-constituent study.
2016-03-02,T1_45D,103574.25336343536,0.0,103574.25336343536,115269.26166671011,-10.145816962972953,0,0.0,REFERENCE,This test uses the supplied/current ticker universe and is not a survivorship-bias-free historical index-constituent study.
2016-03-03,T1_45D,103574.25336343536,0.0,103574.25336343536,115269.26166671011,-10.145816962972953,0,0.0,REFERENCE,This test uses the supplied/current ticker universe and is not a survivorship-bias-free historical index-constituent study.
2016-03-04,T1_45D,103574.25336343536,0.0,103574.25336343536,115269.26166671011,-10.145816962972953,0,0.0,REFERENCE,This test uses the supplied/current ticker universe and is not a survivorship-bias-free historical index-constituent study.
2016-03-08,T1_45D,103574.25336343536,0.0,103574.25336343536,115269.26166671011,-10.145816962972953,0,0.0,REFERENCE,This test uses the supplied/current ticker universe and is not a survivorship-bias-free historical index-constituent study.
2016-03-09,T1_45D,103574.25336343536,0.0,103574.25336343536,115269.26166671011,-10.145816962972953,0,0.0,REFERENCE,This test uses the supplied/current ticker universe and is not a survivorship-bias-free historical index-constituent study.
2016-03-10,T1_45D,103574.25336343536,0.0,103574.25336343536,115269.26166671011,-10.145816962972953,0,0.0,REFERENCE,This test uses the supplied/current ticker universe and is not a survivorship-bias-free historical index-constituent study.
2016-03-11,T1_45D,103574.25336343536,0.0,103574.25336343536,115269.26166671011,-10.145816962972953,0,0.0,REFERENCE,This test uses the supplied/current ticker universe and is not a survivorship-bias-free historical index-constituent study.
2016-03-14,T1_45D,103574.25336343536,0.0,103574.25336343536,115269.26166671011,-10.145816962972953,0,0.0,REFERENCE,This test uses the supplied/current ticker universe and is not a survivorship-bias-free historical index-constituent study.
2016-03-15,T1_45D,103574.25336343536,0.0,103574.25336343536,115269.26166671011,-10.145816962972953,0,0.0,REFERENCE,This test uses the supplied/current ticker universe and is not a survivorship-bias-free historical index-constituent study.
2016-03-16,T1_45D,103574.25336343536,0.0,103574.25336343536,115269.26166671011,-10.145816962972953,0,0.0,REFERENCE,This test uses the supplied/current ticker universe and is not a survivorship-bias-free historical index-constituent study.
2016-03-17,T1_45D,103574.25336343536,0.0,103574.25336343536,115269.26166671011,-10.145816962972953,0,0.0,REFERENCE,This test uses the supplied/current ticker universe and is not a survivorship-bias-free historical index-constituent study.
2016-03-18,T1_45D,103574.25336343536,0.0,103574.25336343536,115269.26166671011,-10.145816962972953,0,0.0,REFERENCE,This test uses the supplied/current ticker universe and is not a survivorship-bias-free historical index-constituent study.
2016-03-21,T1_45D,103574.25336343536,0.0,103574.25336343536,115269.26166671011,-10.145816962972953,0,0.0,REFERENCE,This test uses the supplied/current ticker universe and is not a survivorship-bias-free historical index-constituent study.
2016-03-22,T1_45D,103574.25336343536,0.0,103574.25336343536,115269.26166671011,-10.145816962972953,0,0.0,REFERENCE,This test uses the supplied/current ticker universe and is not a survivorship-bias-free historical index-constituent study.
2016-03-23,T1_45D,103574.25336343536,0.0,103574.25336343536,115269.26166671011,-10.145816962972953,0,0.0,REFERENCE,This test uses the supplied/current ticker universe and is not a survivorship-bias-free historical index-constituent study.
2016-03-28,T1_45D,103574.25336343536,0.0,103574.25336343536,115269.26166671011,-10.145816962972953,0,0.0,REFERENCE,This test uses the supplied/current ticker universe and is not a survivorship-bias-free historical index-constituent study.
2016-03-29,T1_45D,103574.25336343536,0.0,103574.25336343536,115269.26166671011,-10.145816962972953,0,0.0,REFERENCE,This test uses the supplied/current ticker universe and is not a survivorship-bias-free historical index-constituent study.
2016-03-30,T1_45D,103574.25336343536,0.0,103574.25336343536,115269.26166671011,-10.145816962972953,0,0.0,REFERENCE,This test uses the supplied/current ticker universe and is not a survivorship-bias-free historical index-constituent study.
2016-03-31,T1_45D,103574.25336343536,0.0,103574.25336343536,115269.26166671011,-10.145816962972953,0,0.0,REFERENCE,This test uses the supplied/current ticker universe and is not a survivorship-bias-free historical index-constituent study.
2016-04-01,T1_45D,103574.25336343536,0.0,103574.25336343536,115269.26166671011,-10.145816962972953,0,0.0,REFERENCE,This test uses the supplied/current ticker universe and is not a survivorship-bias-free historical index-constituent study.
2016-04-04,T1_45D,103574.25336343536,0.0,103574.25336343536,115269.26166671011,-10.145816962972953,0,0.0,REFERENCE,This test uses the supplied/current ticker universe and is not a survivorship-bias-free historical index-constituent study.
2016-04-05,T1_45D,103574.25336343536,0.0,103574.25336343536,115269.26166671011,-10.145816962972953,0,0.0,REFERENCE,This test uses the supplied/current ticker universe and is not a survivorship-bias-free historical index-constituent study.
2016-04-06,T1_45D,103574.25336343536,0.0,103574.25336343536,115269.26166671011,-10.145816962972953,0,0.0,REFERENCE,This test uses the supplied/current ticker universe and is not a survivorship-bias-free historical index-constituent study.
2016-04-07,T1_45D,103574.25336343536,0.0,103574.25336343536,115269.26166671011,-10.145816962972953,0,0.0,REFERENCE,This test uses the supplied/current ticker universe and is not a survivorship-bias-free historical index-constituent study.
2016-04-08,T1_45D,103574.25336343536,0.0,103574.25336343536,115269.26166671011,-10.145816962972953,0,0.0,REFERENCE,This test uses the supplied/current ticker universe and is not a survivorship-bias-free historical index-constituent study.
2016-04-11,T1_45D,103574.25336343536,0.0,103574.25336343536,115269.26166671011,-10.145816962972953,0,0.0,REFERENCE,This test uses the supplied/current ticker universe and is not a survivorship-bias-free historical index-constituent study.
2016-04-12,T1_45D,103574.25336343536,0.0,103574.25336343536,115269.26166671011,-10.145816962972953,0,0.0,REFERENCE,This test uses the supplied/current ticker universe and is not a survivorship-bias-free historical index-constituent study.
2016-04-13,T1_45D,83504.05861130047,20152.583435058594,103656.64204635906,115269.26166671011,-10.0743419819308,1,0.07954552434437101,REFERENCE,This test uses the supplied/current ticker universe and is not a survivorship-bias-free historical index-constituent study.
2016-04-18,T1_45D,104963.54691687581,0.0,104963.54691687581,115269.26166671011,-8.94055761338376,0,1.2608018595974269,REFERENCE,This test uses the supplied/current ticker universe and is not a survivorship-bias-free historical index-constituent study.
2016-04-20,T1_45D,104963.54691687581,0.0,104963.54691687581,115269.26166671011,-8.94055761338376,0,0.0,REFERENCE,This test uses the supplied/current ticker universe and is not a survivorship-bias-free historical index-constituent study.
2016-04-21,T1_45D,104963.54691687581,0.0,104963.54691687581,115269.26166671011,-8.94055761338376,0,0.0,REFERENCE,This test uses the supplied/current ticker universe and is not a survivorship-bias-free historical index-constituent study.
2016-04-22,T1_45D,104963.54691687581,0.0,104963.54691687581,115269.26166671011,-8.94055761338376,0,0.0,REFERENCE,This test uses the supplied/current ticker universe and is not a survivorship-bias-free historical index-constituent study.
2016-04-25,T1_45D,104963.54691687581,0.0,104963.54691687581,115269.26166671011,-8.94055761338376,0,0.0,REFERENCE,This test uses the supplied/current ticker universe and is not a survivorship-bias-free historical index-constituent study.
2016-04-26,T1_45D,104963.54691687581,0.0,104963.54691687581,115269.26166671011,-8.94055761338376,0,0.0,REFERENCE,This test uses the supplied/current ticker universe and is not a survivorship-bias-free historical index-constituent study.
2016-04-27,T1_45D,104963.54691687581,0.0,104963.54691687581,115269.26166671011,-8.94055761338376,0,0.0,REFERENCE,This test uses the supplied/current ticker universe and is not a survivorship-bias-free historical index-constituent study.
2016-04-28,T1_45D,104963.54691687581,0.0,104963.54691687581,115269.26166671011,-8.94055761338376,0,0.0,REFERENCE,This test uses the supplied/current ticker universe and is not a survivorship-bias-free historical index-constituent study.
2016-04-29,T1_45D,104963.54691687581,0.0,104963.54691687581,115269.26166671011,-8.94055761338376,0,0.0,REFERENCE,This test uses the supplied/current ticker universe and is not a survivorship-bias-free historical index-constituent study.
2016-05-02,T1_45D,104963.54691687581,0.0,104963.54691687581,115269.26166671011,-8.94055761338376,0,0.0,REFERENCE,This test uses the supplied/current ticker universe and is not a survivorship-bias-free historical index-constituent study.
2016-05-03,T1_45D,84665.55794124927,20240.226013183594,104905.78395443286,115269.26166671011,-8.990668945414292,1,-0.05503145057463854,REFERENCE,This test uses the supplied/current ticker universe and is not a survivorship-bias-free historical index-constituent study.
2016-05-04,T1_45D,84665.55794124927,20430.117797851566,105095.67573910083,115269.26166671011,-8.825931371908336,1,0.18101173978208873,REFERENCE,This test uses the supplied/current ticker universe and is not a survivorship-bias-free historical index-constituent study.
2016-05-05,T1_45D,84665.55794124927,20491.983642578125,105157.54158382739,115269.26166671011,-8.772260650128716,1,0.05886621337318765,REFERENCE,This test uses the supplied/current ticker universe and is not a survivorship-bias-free historical index-constituent study.
2016-05-06,T1_45D,84665.55794124927,20303.80450439453,104969.3624456438,115269.26166671011,-8.935512444633742,1,-0.1789497313738453,REFERENCE,This test uses the supplied/current ticker universe and is not a survivorship-bias-free historical index-constituent study.
2016-05-09,T1_45D,84665.55794124927,20605.404357910156,105270.96229915942,115269.26166671011,-8.673864326866088,1,0.28732179227228816,REFERENCE,This test uses the supplied/current ticker universe and is not a survivorship-bias-free historical index-constituent study.
2016-05-10,T1_45D,84665.55794124927,20841.69482421875,105507.25276546802,115269.26166671011,-8.468874320951237,1,0.22445930116712365,REFERENCE,This test uses the supplied/current ticker universe and is not a survivorship-bias-free historical index-constituent study.
2016-05-11,T1_45D,84665.55794124927,20653.518493652344,105319.07643490161,115269.26166671011,-8.63212367975298,1,-0.17835392888553292,REFERENCE,This test uses the supplied/current ticker universe and is not a survivorship-bias-free historical index-constituent study.
2016-05-12,T1_45D,84665.55794124927,20793.580688476566,105459.13862972583,115269.26166671011,-8.510614968064345,1,0.1329884381494617,REFERENCE,This test uses the supplied/current ticker universe and is not a survivorship-bias-free historical index-constituent study.
2016-05-13,T1_45D,84665.55794124927,20746.320068359375,105411.87800960864,115269.26166671011,-8.551615161380266,1,-0.04481415335955141,REFERENCE,This test uses the supplied/current ticker universe and is not a survivorship-bias-free historical index-constituent study.
2016-05-16,T1_45D,84665.55794124927,20879.49938964844,105545.0573308977,115269.26166671011,-8.436077576283086,1,0.12634185426136924,REFERENCE,This test uses the supplied/current ticker universe and is not a survivorship-bias-free historical index-constituent study.
2016-05-17,T1_45D,84665.55794124927,20866.61102294922,105532.16896419848,115269.26166671011,-8.447258672190927,1,-0.012211246102045159,REFERENCE,This test uses the supplied/current ticker universe and is not a survivorship-bias-free historical index-constituent study.
2016-05-18,T1_45D,84665.55794124927,20790.99627685547,105456.55421810473,115269.26166671011,-8.512857032933784,1,-0.07165089738598862,REFERENCE,This test uses the supplied/current ticker universe and is not a survivorship-bias-free historical index-constituent study.
2016-05-19,T1_45D,84665.55794124927,20720.539123535156,105386.09706478442,115269.26166671011,-8.573981006750875,1,-0.06681154513601406,REFERENCE,This test uses the supplied/current ticker universe and is not a survivorship-bias-free historical index-constituent study.
2016-05-20,T1_45D,84665.55794124927,20649.22003173828,105314.77797298755,115269.26166671011,-8.635852741474991,1,-0.06767409913001066,REFERENCE,This test uses the supplied/current ticker universe and is not a survivorship-bias-free historical index-constituent study.
2016-05-23,T1_45D,84665.55794124927,20415.51397705078,105081.07191830005,115269.26166671011,-8.838600682520392,1,-0.221911928397589,REFERENCE,This test uses the supplied/current ticker universe and is not a survivorship-bias-free historical index-constituent study.
2016-05-24,T1_45D,84665.55794124927,20411.21551513672,105076.77345638598,115269.26166671011,-8.842329744242416,1,-0.004090614832519268,REFERENCE,This test uses the supplied/current ticker universe and is not a survivorship-bias-free historical index-constituent study.
2016-05-25,T1_45D,84665.55794124927,20770.37432861328,105435.93226986255,115269.26166671011,-8.530747273526984,1,0.34180609250020755,REFERENCE,This test uses the supplied/current ticker universe and is not a survivorship-bias-free historical index-constituent study.
2016-05-26,T1_45D,84665.55794124927,21208.584411621094,105874.14235287036,115269.26166671011,-8.15058514125373,1,0.4156174025058412,REFERENCE,This test uses the supplied/current ticker universe and is not a survivorship-bias-free historical index-constituent study.
2016-05-27,T1_45D,84665.55794124927,21438.004638671875,106103.56257992114,115269.26166671011,-7.951555301265567,1,0.2166914621004823,REFERENCE,This test uses the supplied/current ticker universe and is not a survivorship-bias-free historical index-constituent study.
2016-05-30,T1_45D,106432.34641679216,0.0,106432.34641679216,115269.26166671011,-7.666324154542636,0,0.30987068565522247,REFERENCE,This test uses the supplied/current ticker universe and is not a survivorship-bias-free historical index-constituent study.
2016-05-31,T1_45D,106432.34641679216,0.0,106432.34641679216,115269.26166671011,-7.666324154542636,0,0.0,REFERENCE,This test uses the supplied/current ticker universe and is not a survivorship-bias-free historical index-constituent study.
2016-06-01,T1_45D,106432.34641679216,0.0,106432.34641679216,115269.26166671011,-7.666324154542636,0,0.0,REFERENCE,This test uses the supplied/current ticker universe and is not a survivorship-bias-free historical index-constituent study.
2016-06-02,T1_45D,106432.34641679216,0.0,106432.34641679216,115269.26166671011,-7.666324154542636,0,0.0,REFERENCE,This test uses the supplied/current ticker universe and is not a survivorship-bias-free historical index-constituent study.
2016-06-03,T1_45D,106432.34641679216,0.0,106432.34641679216,115269.26166671011,-7.666324154542636,0,0.0,REFERENCE,This test uses the supplied/current ticker universe and is not a survivorship-bias-free historical index-constituent study.
2016-06-06,T1_45D,106432.34641679216,0.0,106432.34641679216,115269.26166671011,-7.666324154542636,0,0.0,REFERENCE,This test uses the supplied/current ticker universe and is not a survivorship-bias-free historical index-constituent study.
2016-06-07,T1_45D,106432.34641679216,0.0,106432.34641679216,115269.26166671011,-7.666324154542636,0,0.0,REFERENCE,This test uses the supplied/current ticker universe and is not a survivorship-bias-free historical index-constituent study.
2016-06-08,T1_45D,106432.34641679216,0.0,106432.34641679216,115269.26166671011,-7.666324154542636,0,0.0,REFERENCE,This test uses the supplied/current ticker universe and is not a survivorship-bias-free historical index-constituent study.
2016-06-09,T1_45D,106432.34641679216,0.0,106432.34641679216,115269.26166671011,-7.666324154542636,0,0.0,REFERENCE,This test uses the supplied/current ticker universe and is not a survivorship-bias-free historical index-constituent study.
2016-06-10,T1_45D,106432.34641679216,0.0,106432.34641679216,115269.26166671011,-7.666324154542636,0,0.0,REFERENCE,This test uses the supplied/current ticker universe and is not a survivorship-bias-free historical index-constituent study.
2016-06-13,T1_45D,106432.34641679216,0.0,106432.34641679216,115269.26166671011,-7.666324154542636,0,0.0,REFERENCE,This test uses the supplied/current ticker universe and is not a survivorship-bias-free historical index-constituent study.
2016-06-14,T1_45D,106432.34641679216,0.0,106432.34641679216,115269.26166671011,-7.666324154542636,0,0.0,REFERENCE,This test uses the supplied/current ticker universe and is not a survivorship-bias-free historical index-constituent study.
2016-06-15,T1_45D,106432.34641679216,0.0,106432.34641679216,115269.26166671011,-7.666324154542636,0,0.0,REFERENCE,This test uses the supplied/current ticker universe and is not a survivorship-bias-free historical index-constituent study.
2016-06-16,T1_45D,106432.34641679216,0.0,106432.34641679216,115269.26166671011,-7.666324154542636,0,0.0,REFERENCE,This test uses the supplied/current ticker universe and is not a survivorship-bias-free historical index-constituent study.
2016-06-17,T1_45D,106432.34641679216,0.0,106432.34641679216,115269.26166671011,-7.666324154542636,0,0.0,REFERENCE,This test uses the supplied/current ticker universe and is not a survivorship-bias-free historical index-constituent study.
2016-06-20,T1_45D,106432.34641679216,0.0,106432.34641679216,115269.26166671011,-7.666324154542636,0,0.0,REFERENCE,This test uses the supplied/current ticker universe and is not a survivorship-bias-free historical index-constituent study.
2016-06-21,T1_45D,106432.34641679216,0.0,106432.34641679216,115269.26166671011,-7.666324154542636,0,0.0,REFERENCE,This test uses the supplied/current ticker universe and is not a survivorship-bias-free historical index-constituent study.
2016-06-22,T1_45D,85222.47163882197,21139.537719726562,106362.00935854853,115269.26166671011,-7.7273439418012675,1,-0.06608616704567583,REFERENCE,This test uses the supplied/current ticker universe and is not a survivorship-bias-free historical index-constituent study.
2016-06-23,T1_45D,85222.47163882197,21557.251098632812,106779.72273745478,115269.26166671011,-7.364963396574886,1,0.3927279875826084,REFERENCE,This test uses the supplied/current ticker universe and is not a survivorship-bias-free historical index-constituent study.
2016-06-24,T1_45D,79309.28298319962,26539.254150390625,105848.53713359025,115269.26166671011,-8.172798538745718,1,-0.872062204313917,REFERENCE,This test uses the supplied/current ticker universe and is not a survivorship-bias-free historical index-constituent study.
2016-06-27,T1_45D,58014.1026515432,48064.20446777344,106078.30711931664,115269.26166671011,-7.973465271225755,2,0.21707431387210097,REFERENCE,This test uses the supplied/current ticker universe and is not a survivorship-bias-free historical index-constituent study.
2016-06-28,T1_45D,58014.1026515432,48205.226806640625,106219.32945818383,115269.26166671011,-7.85112360196536,2,0.13294173210038895,REFERENCE,This test uses the supplied/current ticker universe and is not a survivorship-bias-free historical index-constituent study.
2016-06-29,T1_45D,58014.1026515432,48616.50457763672,106630.60722917992,115269.26166671011,-7.494326165207877,2,0.3871967306647406,REFERENCE,This test uses the supplied/current ticker universe and is not a survivorship-bias-free historical index-constituent study.
2016-06-30,T1_45D,58014.1026515432,49460.34197998047,107474.44463152367,115269.26166671011,-6.762268554928719,2,0.7913650913851544,REFERENCE,This test uses the supplied/current ticker universe and is not a survivorship-bias-free historical index-constituent study.
2016-07-01,T1_45D,58014.1026515432,49809.560607910156,107823.66325945336,115269.26166671011,-6.459309532826696,2,0.32493178180821314,REFERENCE,This test uses the supplied/current ticker universe and is not a survivorship-bias-free historical index-constituent study.
2016-07-04,T1_45D,58014.1026515432,49810.241302490234,107824.34395403344,115269.26166671011,-6.4587190071564216,2,0.0006313035186389371,REFERENCE,This test uses the supplied/current ticker universe and is not a survivorship-bias-free historical index-constituent study.
2016-07-05,T1_45D,58014.1026515432,49470.442291259766,107484.54494280297,115269.26166671011,-6.753506191803238,2,-0.315141274010744,REFERENCE,This test uses the supplied/current ticker universe and is not a survivorship-bias-free historical index-constituent study.
2016-07-07,T1_45D,108283.45896805906,0.0,108283.45896805906,115269.26166671011,-6.060421137119643,0,0.7432826976950357,REFERENCE,This test uses the supplied/current ticker universe and is not a survivorship-bias-free historical index-constituent study.
2016-07-08,T1_45D,108283.45896805906,0.0,108283.45896805906,115269.26166671011,-6.060421137119643,0,0.0,REFERENCE,This test uses the supplied/current ticker universe and is not a survivorship-bias-free historical index-constituent study.
2016-07-11,T1_45D,108283.45896805906,0.0,108283.45896805906,115269.26166671011,-6.060421137119643,0,0.0,REFERENCE,This test uses the supplied/current ticker universe and is not a survivorship-bias-free historical index-constituent study.
2016-07-12,T1_45D,108283.45896805906,0.0,108283.45896805906,115269.26166671011,-6.060421137119643,0,0.0,REFERENCE,This test uses the supplied/current ticker universe and is not a survivorship-bias-free historical index-constituent study.
2016-07-13,T1_45D,108283.45896805906,0.0,108283.45896805906,115269.26166671011,-6.060421137119643,0,0.0,REFERENCE,This test uses the supplied/current ticker universe and is not a survivorship-bias-free historical index-constituent study.
2016-07-14,T1_45D,108283.45896805906,0.0,108283.45896805906,115269.26166671011,-6.060421137119643,0,0.0,REFERENCE,This test uses the supplied/current ticker universe and is not a survivorship-bias-free historical index-constituent study.
2016-07-15,T1_45D,108283.45896805906,0.0,108283.45896805906,115269.26166671011,-6.060421137119643,0,0.0,REFERENCE,This test uses the supplied/current ticker universe and is not a survivorship-bias-free historical index-constituent study.
2016-07-18,T1_45D,108283.45896805906,0.0,108283.45896805906,115269.26166671011,-6.060421137119643,0,0.0,REFERENCE,This test uses the supplied/current ticker universe and is not a survivorship-bias-free historical index-constituent study.
2016-07-19,T1_45D,108283.45896805906,0.0,108283.45896805906,115269.26166671011,-6.060421137119643,0,0.0,REFERENCE,This test uses the supplied/current ticker universe and is not a survivorship-bias-free historical index-constituent study.
2016-07-20,T1_45D,108283.45896805906,0.0,108283.45896805906,115269.26166671011,-6.060421137119643,0,0.0,REFERENCE,This test uses the supplied/current ticker universe and is not a survivorship-bias-free historical index-constituent study.
2016-07-21,T1_45D,83550.49173819587,24794.07421875,108344.56595694587,115269.26166671011,-6.007408748558074,1,0.056432431572805974,REFERENCE,This test uses the supplied/current ticker universe and is not a survivorship-bias-free historical index-constituent study.
2016-07-22,T1_45D,61291.997556478804,46833.36584472656,108125.36340120537,115269.26166671011,-6.197574411607354,2,-0.2023198429975781,REFERENCE,This test uses the supplied/current ticker universe and is not a survivorship-bias-free historical index-constituent study.
2016-07-25,T1_45D,82702.85781270413,24709.6171875,107412.47500020413,115269.26166671011,-6.816029315103211,1,-0.659316536450405,REFERENCE,This test uses the supplied/current ticker universe and is not a survivorship-bias-free historical index-constituent study.
2016-07-26,T1_45D,63618.828887264324,44215.037109375,107833.86599663933,115269.26166671011,-6.450458311747931,2,0.392311038763804,REFERENCE,This test uses the supplied/current ticker universe and is not a survivorship-bias-free historical index-constituent study.
2016-07-27,T1_45D,63618.828887264324,44070.990478515625,107689.81936577996,115269.26166671011,-6.575423657041702,2,-0.13358199627551137,REFERENCE,This test uses the supplied/current ticker universe and is not a survivorship-bias-free historical index-constituent study.
2016-07-28,T1_45D,63618.828887264324,44045.051025390625,107663.87991265496,115269.26166671011,-6.597927013747496,2,-0.024087191600619118,REFERENCE,This test uses the supplied/current ticker universe and is not a survivorship-bias-free historical index-constituent study.
2016-07-29,T1_45D,63618.828887264324,44484.806884765625,108103.63577202996,115269.26166671011,-6.216423867968257,2,0.4084525466960365,REFERENCE,This test uses the supplied/current ticker universe and is not a survivorship-bias-free historical index-constituent study.
2016-08-01,T1_45D,63618.828887264324,44707.4501953125,108326.27908257683,115269.26166671011,-6.023273233247761,2,0.20595358237200934,REFERENCE,This test uses the supplied/current ticker universe and is not a survivorship-bias-free historical index-constituent study.
2016-08-02,T1_45D,63618.828887264324,44740.952392578125,108359.78127984246,115269.26166671011,-5.994208939106205,2,0.030927119023527183,REFERENCE,This test uses the supplied/current ticker universe and is not a survivorship-bias-free historical index-constituent study.
2016-08-03,T1_45D,63618.828887264324,44359.79248046875,107978.62136773308,115269.26166671011,-6.324878110226129,2,-0.3517540434351929,REFERENCE,This test uses the supplied/current ticker universe and is not a survivorship-bias-free historical index-constituent study.
2016-08-04,T1_45D,63618.828887264324,44410.03515625,108028.86404351433,115269.26166671011,-6.281290882326185,2,0.04653020676208541,REFERENCE,This test uses the supplied/current ticker universe and is not a survivorship-bias-free historical index-constituent study.
2016-08-05,T1_45D,63618.828887264324,45312.753173828125,108931.58206109246,115269.26166671011,-5.498152338255135,2,0.8356266869699924,REFERENCE,This test uses the supplied/current ticker universe and is not a survivorship-bias-free historical index-constituent study.
2016-08-08,T1_45D,63618.828887264324,45559.9091796875,109178.73806695183,115269.26166671011,-5.283736107695769,2,0.22689104590509768,REFERENCE,This test uses the supplied/current ticker universe and is not a survivorship-bias-free historical index-constituent study.
2016-08-09,T1_45D,63618.828887264324,45793.838623046875,109412.6675103112,115269.26166671011,-5.080794369389363,2,0.21426282030840849,REFERENCE,This test uses the supplied/current ticker universe and is not a survivorship-bias-free historical index-constituent study.
2016-08-10,T1_45D,63618.828887264324,45320.800537109375,108939.6294243737,115269.26166671011,-5.491170977253179,2,-0.4323430702326325,REFERENCE,This test uses the supplied/current ticker universe and is not a survivorship-bias-free historical index-constituent study.
2016-08-11,T1_45D,63618.828887264324,45677.8603515625,109296.68923882683,115269.26166671011,-5.181409459490071,2,0.3277593437207349,REFERENCE,This test uses the supplied/current ticker universe and is not a survivorship-bias-free historical index-constituent study.
2016-08-12,T1_45D,84034.50349069072,25473.828125,109508.33161569072,115269.26166671011,-4.997802508422888,1,0.19364024504111566,REFERENCE,This test uses the supplied/current ticker universe and is not a survivorship-bias-free historical index-constituent study.
2016-08-16,T1_45D,84034.50349069072,25234.078125,109268.58161569072,115269.26166671011,-5.205793777329615,1,-0.21893311354735934,REFERENCE,This test uses the supplied/current ticker universe and is not a survivorship-bias-free historical index-constituent study.
2016-08-17,T1_45D,84034.50349069072,24879.892578125,108914.39606881572,115269.26166671011,-5.513061770334627,1,-0.3241421656965504,REFERENCE,This test uses the supplied/current ticker universe and is not a survivorship-bias-free historical index-constituent study.
2016-08-18,T1_45D,84034.50349069072,24708.25390625,108742.75739694072,115269.26166671011,-5.66196414846496,1,-0.1575904362234648,REFERENCE,This test uses the supplied/current ticker universe and is not a survivorship-bias-free historical index-constituent study.
2016-08-19,T1_45D,84034.50349069072,24810.419921875,108844.92341256572,115269.26166671011,-5.573331659501502,1,0.09395201857174129,REFERENCE,This test uses the supplied/current ticker universe and is not a survivorship-bias-free historical index-constituent study.
2016-08-22,T1_45D,84034.50349069072,25338.966796875,109373.47028756572,115269.26166671011,-5.114799291585204,1,0.4855962578949047,REFERENCE,This test uses the supplied/current ticker universe and is not a survivorship-bias-free historical index-constituent study.
2016-08-23,T1_45D,84034.50349069072,25111.474609375,109145.97810006572,115269.26166671011,-5.31215649177078,1,-0.2079957661596299,REFERENCE,This test uses the supplied/current ticker universe and is not a survivorship-bias-free historical index-constituent study.
2016-08-24,T1_45D,64028.48456628375,44926.734466552734,108955.21903283648,115269.26166671011,-5.477646462358776,2,-0.17477425238184852,REFERENCE,This test uses the supplied/current ticker universe and is not a survivorship-bias-free historical index-constituent study.
2016-08-25,T1_45D,64028.48456628375,44247.31283569336,108275.7974019771,115269.26166671011,-6.067067805946335,2,-0.6235787848350882,REFERENCE,This test uses the supplied/current ticker universe and is not a survivorship-bias-free historical index-constituent study.
2016-08-26,T1_45D,64028.48456628375,44599.4836730957,108627.96823937945,115269.26166671011,-5.761547641845155,2,0.3252535154231184,REFERENCE,This test uses the supplied/current ticker universe and is not a survivorship-bias-free historical index-constituent study.
2016-08-29,T1_45D,64028.48456628375,44493.13723754883,108521.62180383258,115269.26166671011,-5.853806787092708,2,-0.09789968207131183,REFERENCE,This test uses the supplied/current ticker universe and is not a survivorship-bias-free historical index-constituent study.
2016-08-30,T1_45D,64028.48456628375,45243.54168701172,109272.02625329547,115269.26166671011,-5.20280543719892,2,0.6914792066223807,REFERENCE,This test uses the supplied/current ticker universe and is not a survivorship-bias-free historical index-constituent study.
2016-08-31,T1_45D,64028.48456628375,45568.50686645508,109596.99143273883,115269.26166671011,-4.920887105507887,2,0.29739100718246814,REFERENCE,This test uses the supplied/current ticker universe and is not a survivorship-bias-free historical index-constituent study.
2016-09-01,T1_45D,64028.48456628375,45560.97869873047,109589.46326501422,115269.26166671011,-4.92741804672826,2,-0.0068689547278566465,REFERENCE,This test uses the supplied/current ticker universe and is not a survivorship-bias-free historical index-constituent study.
2016-09-02,T1_45D,64028.48456628375,45661.941650390625,109690.42621667437,115269.26166671011,-4.839829256620376,2,0.09212833848450952,REFERENCE,This test uses the supplied/current ticker universe and is not a survivorship-bias-free historical index-constituent study.
2016-09-06,T1_45D,85279.52158035975,25551.478515625,110831.00009598475,115269.26166671011,-3.8503426729305845,1,1.0398116942834879,REFERENCE,This test uses the supplied/current ticker universe and is not a survivorship-bias-free historical index-constituent study.
2016-09-07,T1_45D,85279.52158035975,25419.33984375,110698.86142410975,115269.26166671011,-3.964977459311947,1,-0.11922537174667847,REFERENCE,This test uses the supplied/current ticker universe and is not a survivorship-bias-free historical index-constituent study.
2016-09-08,T1_45D,111175.61245446136,0.0,111175.61245446136,115269.26166671011,-3.5513797460463903,0,0.4306738336947058,REFERENCE,This test uses the supplied/current ticker universe and is not a survivorship-bias-free historical index-constituent study.
2016-09-09,T1_45D,111175.61245446136,0.0,111175.61245446136,115269.26166671011,-3.5513797460463903,0,0.0,REFERENCE,This test uses the supplied/current ticker universe and is not a survivorship-bias-free historical index-constituent study.
2016-09-12,T1_45D,111175.61245446136,0.0,111175.61245446136,115269.26166671011,-3.5513797460463903,0,0.0,REFERENCE,This test uses the supplied/current ticker universe and is not a survivorship-bias-free historical index-constituent study.
2016-09-14,T1_45D,92911.0613926863,18390.4765625,111301.5379551863,115269.26166671011,-3.4421350966887365,1,0.11326719767479343,REFERENCE,This test uses the supplied/current ticker universe and is not a survivorship-bias-free historical index-constituent study.
2016-09-15,T1_45D,92911.0613926863,18028.924255371094,110939.9856480574,115269.26166671011,-3.7557940044505522,1,-0.32484035150931456,REFERENCE,This test uses the supplied/current ticker universe and is not a survivorship-bias-free historical index-constituent study.
2016-09-16,T1_45D,92911.0613926863,18082.15808105469,110993.21947374099,115269.26166671011,-3.7096118524059585,1,0.04798434520487671,REFERENCE,This test uses the supplied/current ticker universe and is not a survivorship-bias-free historical index-constituent study.
2016-09-19,T1_45D,72146.94333734392,38344.402893066406,110491.34623041033,115269.26166671011,-4.145003938790426,2,-0.4521656779668315,REFERENCE,This test uses the supplied/current ticker universe and is not a survivorship-bias-free historical index-constituent study.
2016-09-20,T1_45D,50222.62585214152,60238.049255371094,110460.67510751262,115269.26166671011,-4.17161217975096,3,-0.027758846230141465,REFERENCE,This test uses the supplied/current ticker universe and is not a survivorship-bias-free historical index-constituent study.
2016-09-21,T1_45D,50222.62585214152,60318.140625,110540.76647714153,115269.26166671011,-4.102130196027942,3,0.07250668127001259,REFERENCE,This test uses the supplied/current ticker universe and is not a survivorship-bias-free historical index-constituent study.
2016-09-22,T1_45D,50222.62585214152,61008.324768066406,111230.95062020794,115269.26166671011,-3.5033720075162478,3,0.6243706869982102,REFERENCE,This test uses the supplied/current ticker universe and is not a survivorship-bias-free historical index-constituent study.
2016-09-23,T1_45D,70126.24030002477,40094.758544921875,110220.99884494665,115269.26166671011,-4.379539478928929,2,-0.9079772937567676,REFERENCE,This test uses the supplied/current ticker universe and is not a survivorship-bias-free historical index-constituent study.
2016-09-26,T1_45D,48833.31513391272,60634.48764038086,109467.80277429358,115269.26166671011,-5.032962655031903,3,-0.6833507939014605,REFERENCE,This test uses the supplied/current ticker universe and is not a survivorship-bias-free historical index-constituent study.
2016-09-27,T1_45D,48833.31513391272,60228.83709716797,109062.15223108069,115269.26166671011,-5.38487828053994,3,-0.37056607781676965,REFERENCE,This test uses the supplied/current ticker universe and is not a survivorship-bias-free historical index-constituent study.
2016-09-28,T1_45D,48833.31513391272,60891.34426879883,109724.65940271155,115269.26166671011,-4.810130804889024,3,0.6074583694507973,REFERENCE,This test uses the supplied/current ticker universe and is not a survivorship-bias-free historical index-constituent study.
2016-09-29,T1_45D,107756.28684049744,0.0,107756.28684049744,115269.26166671011,-6.517760864935274,0,-1.7939199564883435,REFERENCE,This test uses the supplied/current ticker universe and is not a survivorship-bias-free historical index-constituent study.
2016-09-30,T1_45D,107756.28684049744,0.0,107756.28684049744,115269.26166671011,-6.517760864935274,0,0.0,REFERENCE,This test uses the supplied/current ticker universe and is not a survivorship-bias-free historical index-constituent study.
2016-10-03,T1_45D,107756.28684049744,0.0,107756.28684049744,115269.26166671011,-6.517760864935274,0,0.0,REFERENCE,This test uses the supplied/current ticker universe and is not a survivorship-bias-free historical index-constituent study.
2016-10-04,T1_45D,107756.28684049744,0.0,107756.28684049744,115269.26166671011,-6.517760864935274,0,0.0,REFERENCE,This test uses the supplied/current ticker universe and is not a survivorship-bias-free historical index-constituent study.
2016-10-05,T1_45D,107756.28684049744,0.0,107756.28684049744,115269.26166671011,-6.517760864935274,0,0.0,REFERENCE,This test uses the supplied/current ticker universe and is not a survivorship-bias-free historical index-constituent study.
2016-10-06,T1_45D,87213.33868929229,20478.189331054688,107691.52802034697,115269.26166671011,-6.5739413411646686,1,-0.06009748669822956,REFERENCE,This test uses the supplied/current ticker universe and is not a survivorship-bias-free historical index-constituent study.
2016-10-07,T1_45D,87213.33868929229,20168.613647460938,107381.95233675322,115269.26166671011,-6.842508762450716,1,-0.2874652159594815,REFERENCE,This test uses the supplied/current ticker universe and is not a survivorship-bias-free historical index-constituent study.
2016-10-10,T1_45D,87213.33868929229,20543.64794921875,107756.98663851104,115269.26166671011,-6.517153766387507,1,0.34925263845240195,REFERENCE,This test uses the supplied/current ticker universe and is not a survivorship-bias-free historical index-constituent study.
2016-10-13,T1_45D,60159.98481191209,47367.60852050781,107527.5933324199,115269.26166671011,-6.716160251528713,2,-0.2128802161670218,REFERENCE,This test uses the supplied/current ticker universe and is not a survivorship-bias-free historical index-constituent study.
2016-10-14,T1_45D,60159.98481191209,47524.36099243164,107684.34580434373,115269.26166671011,-6.580172157515363,2,0.14577883412607573,REFERENCE,This test uses the supplied/current ticker universe and is not a survivorship-bias-free historical index-constituent study.
2016-10-17,T1_45D,86617.76817197734,20732.928955078125,107350.69712705546,115269.26166671011,-6.869623718550755,1,-0.30983953591033897,REFERENCE,This test uses the supplied/current ticker universe and is not a survivorship-bias-free historical index-constituent study.
2016-10-18,T1_45D,86617.76817197734,20971.7509765625,107589.51914853984,115269.26166671011,-6.662437502528218,1,0.22246899915490115,REFERENCE,This test uses the supplied/current ticker universe and is not a survivorship-bias-free historical index-constituent study.
2016-10-19,T1_45D,86617.76817197734,21099.11962890625,107716.88780088359,115269.26166671011,-6.55194087011981,1,0.11838388474243455,REFERENCE,This test uses the supplied/current ticker universe and is not a survivorship-bias-free historical index-constituent study.
2016-10-20,T1_45D,86617.76817197734,21107.963256835938,107725.73142881328,115269.26166671011,-6.544268722487545,1,0.00821006632314436,REFERENCE,This test uses the supplied/current ticker universe and is not a survivorship-bias-free historical index-constituent study.
2016-10-21,T1_45D,86617.76817197734,20635.6328125,107253.40098447734,115269.26166671011,-6.954031427224594,1,-0.4384564746706454,REFERENCE,This test uses the supplied/current ticker universe and is not a survivorship-bias-free historical index-constituent study.
2016-10-24,T1_45D,86617.76817197734,20686.938842773438,107304.70701475078,115269.26166671011,-6.909521703182298,1,0.0478362735377047,REFERENCE,This test uses the supplied/current ticker universe and is not a survivorship-bias-free historical index-constituent study.
2016-10-25,T1_45D,86617.76817197734,20679.85791015625,107297.62608213359,115269.26166671011,-6.91566465275516,1,-0.006598902149013153,REFERENCE,This test uses the supplied/current ticker universe and is not a survivorship-bias-free historical index-constituent study.
2016-10-26,T1_45D,86617.76817197734,20437.505859375,107055.27403135234,115269.26166671011,-7.125913289101926,1,-0.22586897737675304,REFERENCE,This test uses the supplied/current ticker universe and is not a survivorship-bias-free historical index-constituent study.
2016-10-27,T1_45D,86617.76817197734,20724.087646484375,107341.85581846171,115269.26166671011,-6.8772938540803015,1,0.26769516000253457,REFERENCE,This test uses the supplied/current ticker universe and is not a survivorship-bias-free historical index-constituent study.
2016-10-28,T1_45D,86617.76817197734,20349.053344726562,106966.8215167039,115269.26166671011,-7.202648850143511,1,-0.34938309841789916,REFERENCE,This test uses the supplied/current ticker universe and is not a survivorship-bias-free historical index-constituent study.
2016-11-01,T1_45D,86617.76817197734,20228.758666992188,106846.52683896953,115269.26166671011,-7.307008569287188,1,-0.11245980391740851,REFERENCE,This test uses the supplied/current ticker universe and is not a survivorship-bias-free historical index-constituent study.
2016-11-02,T1_45D,106329.99335276539,0.0,106329.99335276539,115269.26166671011,-7.755118914348347,0,-0.4834349805142635,REFERENCE,This test uses the supplied/current ticker universe and is not a survivorship-bias-free historical index-constituent study.
2016-11-03,T1_45D,106329.99335276539,0.0,106329.99335276539,115269.26166671011,-7.755118914348347,0,0.0,REFERENCE,This test uses the supplied/current ticker universe and is not a survivorship-bias-free historical index-constituent study.
2016-11-04,T1_45D,89728.5571593536,16689.77819824219,106418.33535759579,115269.26166671011,-7.67847922432775,1,0.08308286499869588,REFERENCE,This test uses the supplied/current ticker universe and is not a survivorship-bias-free historical index-constituent study.
2016-11-07,T1_45D,89728.5571593536,17240.33276367187,106968.88992302548,115269.26166671011,-7.20085443739924,1,0.5173493492260262,REFERENCE,This test uses the supplied/current ticker universe and is not a survivorship-bias-free historical index-constituent study.
2016-11-08,T1_45D,89728.5571593536,17518.705444335938,107247.26260368954,115269.26166671011,-6.95935668106854,1,0.2602370472988724,REFERENCE,This test uses the supplied/current ticker universe and is not a survivorship-bias-free historical index-constituent study.
2016-11-09,T1_45D,105480.86168005297,0.0,105480.86168005297,115269.26166671011,-8.491769484009836,0,-1.6470359063279205,REFERENCE,This test uses the supplied/current ticker universe and is not a survivorship-bias-free historical index-constituent study.
2016-11-10,T1_45D,105480.86168005297,0.0,105480.86168005297,115269.26166671011,-8.491769484009836,0,0.0,REFERENCE,This test uses the supplied/current ticker universe and is not a survivorship-bias-free historical index-constituent study.
2016-11-11,T1_45D,105480.86168005297,0.0,105480.86168005297,115269.26166671011,-8.491769484009836,0,0.0,REFERENCE,This test uses the supplied/current ticker universe and is not a survivorship-bias-free historical index-constituent study.
2016-11-15,T1_45D,105480.86168005297,0.0,105480.86168005297,115269.26166671011,-8.491769484009836,0,0.0,REFERENCE,This test uses the supplied/current ticker universe and is not a survivorship-bias-free historical index-constituent study.
2016-11-16,T1_45D,105480.86168005297,0.0,105480.86168005297,115269.26166671011,-8.491769484009836,0,0.0,REFERENCE,This test uses the supplied/current ticker universe and is not a survivorship-bias-free historical index-constituent study.
2016-11-17,T1_45D,105480.86168005297,0.0,105480.86168005297,115269.26166671011,-8.491769484009836,0,0.0,REFERENCE,This test uses the supplied/current ticker universe and is not a survivorship-bias-free historical index-constituent study.
2016-11-18,T1_45D,105480.86168005297,0.0,105480.86168005297,115269.26166671011,-8.491769484009836,0,0.0,REFERENCE,This test uses the supplied/current ticker universe and is not a survivorship-bias-free historical index-constituent study.
2016-11-21,T1_45D,105480.86168005297,0.0,105480.86168005297,115269.26166671011,-8.491769484009836,0,0.0,REFERENCE,This test uses the supplied/current ticker universe and is not a survivorship-bias-free historical index-constituent study.
2016-11-22,T1_45D,105480.86168005297,0.0,105480.86168005297,115269.26166671011,-8.491769484009836,0,0.0,REFERENCE,This test uses the supplied/current ticker universe and is not a survivorship-bias-free historical index-constituent study.
2016-11-23,T1_45D,105480.86168005297,0.0,105480.86168005297,115269.26166671011,-8.491769484009836,0,0.0,REFERENCE,This test uses the supplied/current ticker universe and is not a survivorship-bias-free historical index-constituent study.
2016-11-24,T1_45D,105480.86168005297,0.0,105480.86168005297,115269.26166671011,-8.491769484009836,0,0.0,REFERENCE,This test uses the supplied/current ticker universe and is not a survivorship-bias-free historical index-constituent study.
2016-11-25,T1_45D,105480.86168005297,0.0,105480.86168005297,115269.26166671011,-8.491769484009836,0,0.0,REFERENCE,This test uses the supplied/current ticker universe and is not a survivorship-bias-free historical index-constituent study.
2016-11-28,T1_45D,105480.86168005297,0.0,105480.86168005297,115269.26166671011,-8.491769484009836,0,0.0,REFERENCE,This test uses the supplied/current ticker universe and is not a survivorship-bias-free historical index-constituent study.
2016-11-29,T1_45D,105480.86168005297,0.0,105480.86168005297,115269.26166671011,-8.491769484009836,0,0.0,REFERENCE,This test uses the supplied/current ticker universe and is not a survivorship-bias-free historical index-constituent study.
2016-11-30,T1_45D,105480.86168005297,0.0,105480.86168005297,115269.26166671011,-8.491769484009836,0,0.0,REFERENCE,This test uses the supplied/current ticker universe and is not a survivorship-bias-free historical index-constituent study.
2016-12-01,T1_45D,90846.18076783867,14467.260360717773,105313.44112855644,115269.26166671011,-8.637012499429343,1,-0.1587212588425313,REFERENCE,This test uses the supplied/current ticker universe and is not a survivorship-bias-free historical index-constituent study.
2016-12-02,T1_45D,90846.18076783867,14379.547164916992,105225.72793275566,115269.26166671011,-8.713106676257155,1,-0.08328775022525825,REFERENCE,This test uses the supplied/current ticker universe and is not a survivorship-bias-free historical index-constituent study.
2016-12-05,T1_45D,90846.18076783867,14537.997894287111,105384.17866212578,115269.26166671011,-8.575645286222178,1,0.15058173745434722,REFERENCE,This test uses the supplied/current ticker universe and is not a survivorship-bias-free historical index-constituent study.
2016-12-06,T1_45D,90846.18076783867,14662.497299194338,105508.678067033,115269.26166671011,-8.467637823428497,1,0.11813861102090151,REFERENCE,This test uses the supplied/current ticker universe and is not a survivorship-bias-free historical index-constituent study.
2016-12-07,T1_45D,90846.18076783867,14464.431243896483,105310.61201173515,115269.26166671011,-8.63946685437218,1,-0.18772489517119295,REFERENCE,This test uses the supplied/current ticker universe and is not a survivorship-bias-free historical index-constituent study.
2016-12-08,T1_45D,90846.18076783867,14707.768936157227,105553.9497039959,115269.26166671011,-8.428363140561357,1,0.23106663954590712,REFERENCE,This test uses the supplied/current ticker universe and is not a survivorship-bias-free historical index-constituent study.
2016-12-09,T1_45D,90846.18076783867,15089.752578735352,105935.93334657402,115269.26166671011,-8.096979355279032,1,0.36188474580942653,REFERENCE,This test uses the supplied/current ticker universe and is not a survivorship-bias-free historical index-constituent study.
2016-12-12,T1_45D,90846.18076783867,14919.981536865233,105766.1623047039,115269.26166671011,-8.244261500939853,1,-0.16025822070656615,REFERENCE,This test uses the supplied/current ticker universe and is not a survivorship-bias-free historical index-constituent study.
2016-12-13,T1_45D,90846.18076783867,15061.457565307617,105907.63833314629,115269.26166671011,-8.121526240561906,1,0.13376303475471918,REFERENCE,This test uses the supplied/current ticker universe and is not a survivorship-bias-free historical index-constituent study.
2016-12-14,T1_45D,90846.18076783867,14877.540939331055,105723.72170716972,115269.26166671011,-8.281080160936916,1,-0.173657565092733,REFERENCE,This test uses the supplied/current ticker universe and is not a survivorship-bias-free historical index-constituent study.
2016-12-15,T1_45D,90846.18076783867,15019.014083862305,105865.19485170097,115269.26166671011,-8.158347402449827,1,0.13381400337295624,REFERENCE,This test uses the supplied/current ticker universe and is not a survivorship-bias-free historical index-constituent study.
2016-12-16,T1_45D,90846.18076783867,14982.231719970703,105828.41248780937,115269.26166671011,-8.190257352561204,1,-0.03474452953411422,REFERENCE,This test uses the supplied/current ticker universe and is not a survivorship-bias-free historical index-constituent study.
2016-12-19,T1_45D,90846.18076783867,14789.825820922852,105636.00658876152,115269.26166671011,-8.357176005691969,1,-0.1818093029317791,REFERENCE,This test uses the supplied/current ticker universe and is not a survivorship-bias-free historical index-constituent study.
2016-12-20,T1_45D,90846.18076783867,14405.011138916017,105251.19190675468,115269.26166671011,-8.691015813844372,1,-0.3642836324785681,REFERENCE,This test uses the supplied/current ticker universe and is not a survivorship-bias-free historical index-constituent study.
2016-12-21,T1_45D,90846.18076783867,14450.284698486328,105296.465466325,115269.26166671011,-8.65173946304999,1,0.0430147713770479,REFERENCE,This test uses the supplied/current ticker universe and is not a survivorship-bias-free historical index-constituent study.
2016-12-22,T1_45D,90846.18076783867,14136.20947265625,104982.39024049492,115269.26166671011,-8.924210390067977,1,-0.29827708312822887,REFERENCE,This test uses the supplied/current ticker universe and is not a survivorship-bias-free historical index-constituent study.
2016-12-23,T1_45D,90846.18076783867,14099.425186157227,104945.6059539959,115269.26166671011,-8.956122008106604,1,-0.03503853019040104,REFERENCE,This test uses the supplied/current ticker universe and is not a survivorship-bias-free historical index-constituent study.
2016-12-26,T1_45D,104669.31445988046,0.0,104669.31445988046,115269.26166671011,-9.19581426441194,0,-0.26327114089611525,REFERENCE,This test uses the supplied/current ticker universe and is not a survivorship-bias-free historical index-constituent study.
2016-12-27,T1_45D,104669.31445988046,0.0,104669.31445988046,115269.26166671011,-9.19581426441194,0,0.0,REFERENCE,This test uses the supplied/current ticker universe and is not a survivorship-bias-free historical index-constituent study.
2016-12-28,T1_45D,104669.31445988046,0.0,104669.31445988046,115269.26166671011,-9.19581426441194,0,0.0,REFERENCE,This test uses the supplied/current ticker universe and is not a survivorship-bias-free historical index-constituent study.
2016-12-29,T1_45D,104669.31445988046,0.0,104669.31445988046,115269.26166671011,-9.19581426441194,0,0.0,REFERENCE,This test uses the supplied/current ticker universe and is not a survivorship-bias-free historical index-constituent study.
2016-12-30,T1_45D,104669.31445988046,0.0,104669.31445988046,115269.26166671011,-9.19581426441194,0,0.0,REFERENCE,This test uses the supplied/current ticker universe and is not a survivorship-bias-free historical index-constituent study.
2017-01-02,T1_45D,104669.31445988046,0.0,104669.31445988046,115269.26166671011,-9.19581426441194,0,0.0,REFERENCE,This test uses the supplied/current ticker universe and is not a survivorship-bias-free historical index-constituent study.
2017-01-03,T1_45D,104669.31445988046,0.0,104669.31445988046,115269.26166671011,-9.19581426441194,0,0.0,REFERENCE,This test uses the supplied/current ticker universe and is not a survivorship-bias-free historical index-constituent study.
2017-01-04,T1_45D,104669.31445988046,0.0,104669.31445988046,115269.26166671011,-9.19581426441194,0,0.0,REFERENCE,This test uses the supplied/current ticker universe and is not a survivorship-bias-free historical index-constituent study.
2017-01-05,T1_45D,104669.31445988046,0.0,104669.31445988046,115269.26166671011,-9.19581426441194,0,0.0,REFERENCE,This test uses the supplied/current ticker universe and is not a survivorship-bias-free historical index-constituent study.
2017-01-06,T1_45D,104669.31445988046,0.0,104669.31445988046,115269.26166671011,-9.19581426441194,0,0.0,REFERENCE,This test uses the supplied/current ticker universe and is not a survivorship-bias-free historical index-constituent study.
2017-01-09,T1_45D,104669.31445988046,0.0,104669.31445988046,115269.26166671011,-9.19581426441194,0,0.0,REFERENCE,This test uses the supplied/current ticker universe and is not a survivorship-bias-free historical index-constituent study.
2017-01-10,T1_45D,104669.31445988046,0.0,104669.31445988046,115269.26166671011,-9.19581426441194,0,0.0,REFERENCE,This test uses the supplied/current ticker universe and is not a survivorship-bias-free historical index-constituent study.
2017-01-11,T1_45D,104669.31445988046,0.0,104669.31445988046,115269.26166671011,-9.19581426441194,0,0.0,REFERENCE,This test uses the supplied/current ticker universe and is not a survivorship-bias-free historical index-constituent study.
2017-01-12,T1_45D,104669.31445988046,0.0,104669.31445988046,115269.26166671011,-9.19581426441194,0,0.0,REFERENCE,This test uses the supplied/current ticker universe and is not a survivorship-bias-free historical index-constituent study.
2017-01-13,T1_45D,104669.31445988046,0.0,104669.31445988046,115269.26166671011,-9.19581426441194,0,0.0,REFERENCE,This test uses the supplied/current ticker universe and is not a survivorship-bias-free historical index-constituent study.
2017-01-16,T1_45D,104669.31445988046,0.0,104669.31445988046,115269.26166671011,-9.19581426441194,0,0.0,REFERENCE,This test uses the supplied/current ticker universe and is not a survivorship-bias-free historical index-constituent study.
2017-01-17,T1_45D,104669.31445988046,0.0,104669.31445988046,115269.26166671011,-9.19581426441194,0,0.0,REFERENCE,This test uses the supplied/current ticker universe and is not a survivorship-bias-free historical index-constituent study.
2017-01-18,T1_45D,104669.31445988046,0.0,104669.31445988046,115269.26166671011,-9.19581426441194,0,0.0,REFERENCE,This test uses the supplied/current ticker universe and is not a survivorship-bias-free historical index-constituent study.
2017-01-19,T1_45D,104669.31445988046,0.0,104669.31445988046,115269.26166671011,-9.19581426441194,0,0.0,REFERENCE,This test uses the supplied/current ticker universe and is not a survivorship-bias-free historical index-constituent study.
2017-01-20,T1_45D,104669.31445988046,0.0,104669.31445988046,115269.26166671011,-9.19581426441194,0,0.0,REFERENCE,This test uses the supplied/current ticker universe and is not a survivorship-bias-free historical index-constituent study.
2017-01-23,T1_45D,104669.31445988046,0.0,104669.31445988046,115269.26166671011,-9.19581426441194,0,0.0,REFERENCE,This test uses the supplied/current ticker universe and is not a survivorship-bias-free historical index-constituent study.
2017-01-24,T1_45D,104669.31445988046,0.0,104669.31445988046,115269.26166671011,-9.19581426441194,0,0.0,REFERENCE,This test uses the supplied/current ticker universe and is not a survivorship-bias-free historical index-constituent study.
2017-01-25,T1_45D,104669.31445988046,0.0,104669.31445988046,115269.26166671011,-9.19581426441194,0,0.0,REFERENCE,This test uses the supplied/current ticker universe and is not a survivorship-bias-free historical index-constituent study.
2017-01-27,T1_45D,104669.31445988046,0.0,104669.31445988046,115269.26166671011,-9.19581426441194,0,0.0,REFERENCE,This test uses the supplied/current ticker universe and is not a survivorship-bias-free historical index-constituent study.
2017-01-30,T1_45D,104669.31445988046,0.0,104669.31445988046,115269.26166671011,-9.19581426441194,0,0.0,REFERENCE,This test uses the supplied/current ticker universe and is not a survivorship-bias-free historical index-constituent study.
2017-01-31,T1_45D,104669.31445988046,0.0,104669.31445988046,115269.26166671011,-9.19581426441194,0,0.0,REFERENCE,This test uses the supplied/current ticker universe and is not a survivorship-bias-free historical index-constituent study.
2017-02-01,T1_45D,104669.31445988046,0.0,104669.31445988046,115269.26166671011,-9.19581426441194,0,0.0,REFERENCE,This test uses the supplied/current ticker universe and is not a survivorship-bias-free historical index-constituent study.
2017-02-02,T1_45D,104669.31445988046,0.0,104669.31445988046,115269.26166671011,-9.19581426441194,0,0.0,REFERENCE,This test uses the supplied/current ticker universe and is not a survivorship-bias-free historical index-constituent study.
2017-02-03,T1_45D,104669.31445988046,0.0,104669.31445988046,115269.26166671011,-9.19581426441194,0,0.0,REFERENCE,This test uses the supplied/current ticker universe and is not a survivorship-bias-free historical index-constituent study.
2017-02-06,T1_45D,104669.31445988046,0.0,104669.31445988046,115269.26166671011,-9.19581426441194,0,0.0,REFERENCE,This test uses the supplied/current ticker universe and is not a survivorship-bias-free historical index-constituent study.
2017-02-07,T1_45D,104669.31445988046,0.0,104669.31445988046,115269.26166671011,-9.19581426441194,0,0.0,REFERENCE,This test uses the supplied/current ticker universe and is not a survivorship-bias-free historical index-constituent study.
2017-02-08,T1_45D,104669.31445988046,0.0,104669.31445988046,115269.26166671011,-9.19581426441194,0,0.0,REFERENCE,This test uses the supplied/current ticker universe and is not a survivorship-bias-free historical index-constituent study.
2017-02-09,T1_45D,104669.31445988046,0.0,104669.31445988046,115269.26166671011,-9.19581426441194,0,0.0,REFERENCE,This test uses the supplied/current ticker universe and is not a survivorship-bias-free historical index-constituent study.
2017-02-10,T1_45D,104669.31445988046,0.0,104669.31445988046,115269.26166671011,-9.19581426441194,0,0.0,REFERENCE,This test uses the supplied/current ticker universe and is not a survivorship-bias-free historical index-constituent study.
2017-02-13,T1_45D,104669.31445988046,0.0,104669.31445988046,115269.26166671011,-9.19581426441194,0,0.0,REFERENCE,This test uses the supplied/current ticker universe and is not a survivorship-bias-free historical index-constituent study.
2017-02-14,T1_45D,104669.31445988046,0.0,104669.31445988046,115269.26166671011,-9.19581426441194,0,0.0,REFERENCE,This test uses the supplied/current ticker universe and is not a survivorship-bias-free historical index-constituent study.
2017-02-15,T1_45D,104669.31445988046,0.0,104669.31445988046,115269.26166671011,-9.19581426441194,0,0.0,REFERENCE,This test uses the supplied/current ticker universe and is not a survivorship-bias-free historical index-constituent study.
2017-02-16,T1_45D,104669.31445988046,0.0,104669.31445988046,115269.26166671011,-9.19581426441194,0,0.0,REFERENCE,This test uses the supplied/current ticker universe and is not a survivorship-bias-free historical index-constituent study.
2017-02-17,T1_45D,104669.31445988046,0.0,104669.31445988046,115269.26166671011,-9.19581426441194,0,0.0,REFERENCE,This test uses the supplied/current ticker universe and is not a survivorship-bias-free historical index-constituent study.
2017-02-20,T1_45D,104669.31445988046,0.0,104669.31445988046,115269.26166671011,-9.19581426441194,0,0.0,REFERENCE,This test uses the supplied/current ticker universe and is not a survivorship-bias-free historical index-constituent study.
2017-02-21,T1_45D,82513.7965783669,21896.234313964844,104410.03089233175,115269.26166671011,-9.4207515666898,1,-0.2477168871189095,REFERENCE,This test uses the supplied/current ticker universe and is not a survivorship-bias-free historical index-constituent study.
2017-02-22,T1_45D,82513.7965783669,21921.200439453125,104434.99701782003,115269.26166671011,-9.399092604771175,1,0.023911615842764355,REFERENCE,This test uses the supplied/current ticker universe and is not a survivorship-bias-free historical index-constituent study.
2017-02-23,T1_45D,82513.7965783669,22104.25634765625,104618.05292602316,115269.26166671011,-9.24028538630176,1,0.1752821500745405,REFERENCE,This test uses the supplied/current ticker universe and is not a survivorship-bias-free historical index-constituent study.
2017-02-27,T1_45D,82513.7965783669,22016.885314941406,104530.68189330831,115269.26166671011,-9.316082725029817,1,-0.08351429822214262,REFERENCE,This test uses the supplied/current ticker universe and is not a survivorship-bias-free historical index-constituent study.
2017-02-28,T1_45D,82513.7965783669,21817.186584472656,104330.98316283956,115269.26166671011,-9.489328157143506,1,-0.19104317206366517,REFERENCE,This test uses the supplied/current ticker universe and is not a survivorship-bias-free historical index-constituent study.
2017-03-01,T1_45D,82513.7965783669,22341.39764404297,104855.19422240987,115269.26166671011,-9.034557256392862,1,0.5024500332294624,REFERENCE,This test uses the supplied/current ticker universe and is not a survivorship-bias-free historical index-constituent study.
2017-03-02,T1_45D,82513.7965783669,22029.36553955078,104543.16211791769,115269.26166671011,-9.305255706248817,1,-0.29758383149844914,REFERENCE,This test uses the supplied/current ticker universe and is not a survivorship-bias-free historical index-constituent study.
2017-03-03,T1_45D,82513.7965783669,21763.10498046875,104276.90155883566,115269.26166671011,-9.536245785678577,1,-0.25468959775839517,REFERENCE,This test uses the supplied/current ticker universe and is not a survivorship-bias-free historical index-constituent study.
2017-03-06,T1_45D,82513.7965783669,21975.283935546875,104489.08051391378,115269.26166671011,-9.352173334783886,1,0.2034764668936928,REFERENCE,This test uses the supplied/current ticker universe and is not a survivorship-bias-free historical index-constituent study.
2017-03-07,T1_45D,82513.7965783669,21987.760375976562,104501.55695434347,115269.26166671011,-9.34134959890731,1,0.011940425131817811,REFERENCE,This test uses the supplied/current ticker universe and is not a survivorship-bias-free historical index-constituent study.
2017-03-08,T1_45D,82513.7965783669,21979.44464111328,104493.24121948019,115269.26166671011,-9.348563781372821,1,-0.007957522457691102,REFERENCE,This test uses the supplied/current ticker universe and is not a survivorship-bias-free historical index-constituent study.
2017-03-09,T1_45D,82513.7965783669,22046.01025390625,104559.80683227316,115269.26166671011,-9.290815851152324,1,0.06370327115525765,REFERENCE,This test uses the supplied/current ticker universe and is not a survivorship-bias-free historical index-constituent study.
2017-03-10,T1_45D,82513.7965783669,21921.200439453125,104434.99701782003,115269.26166671011,-9.399092604771175,1,-0.119366913763852,REFERENCE,This test uses the supplied/current ticker universe and is not a survivorship-bias-free historical index-constituent study.
2017-03-14,T1_45D,82513.7965783669,22224.907348632812,104738.70392699972,115269.26166671011,-9.135616544641778,1,0.29080951582529657,REFERENCE,This test uses the supplied/current ticker universe and is not a survivorship-bias-free historical index-constituent study.
2017-03-15,T1_45D,82513.7965783669,22316.435302734375,104830.23188110128,115269.26166671011,-9.056212935407071,1,0.08738694548422465,REFERENCE,This test uses the supplied/current ticker universe and is not a survivorship-bias-free historical index-constituent study.
2017-03-16,T1_45D,82513.7965783669,22337.238830566406,104851.03540893331,115269.26166671011,-9.03816516835172,1,0.01984496977516237,REFERENCE,This test uses the supplied/current ticker universe and is not a survivorship-bias-free historical index-constituent study.
2017-03-17,T1_45D,82513.7965783669,23402.30377197266,105916.10035033956,115269.26166671011,-8.114185153206154,1,1.0157886731898769,REFERENCE,This test uses the supplied/current ticker universe and is not a survivorship-bias-free historical index-constituent study.
2017-03-20,T1_45D,82513.7965783669,23456.38916015625,105970.18573852316,115269.26166671011,-8.067264241766669,1,0.05106436887754029,REFERENCE,This test uses the supplied/current ticker universe and is not a survivorship-bias-free historical index-constituent study.
2017-03-21,T1_45D,82513.7965783669,23955.635986328125,106469.43256469503,115269.26166671011,-7.634150661482442,1,0.4711200822123063,REFERENCE,This test uses the supplied/current ticker universe and is not a survivorship-bias-free historical index-constituent study.
2017-03-22,T1_45D,82513.7965783669,23285.809692382812,105799.60627074972,115269.26166671011,-8.215247724359498,1,-0.6291254473797414,REFERENCE,This test uses the supplied/current ticker universe and is not a survivorship-bias-free historical index-constituent study.
2017-03-23,T1_45D,82513.7965783669,23098.594970703125,105612.39154907003,115269.26166671011,-8.37766285478776,1,-0.17695219129699735,REFERENCE,This test uses the supplied/current ticker universe and is not a survivorship-bias-free historical index-constituent study.
2017-03-24,T1_45D,82513.7965783669,23381.504028320312,105895.30060668722,115269.26166671011,-8.132229637357092,1,0.2678748709953549,REFERENCE,This test uses the supplied/current ticker universe and is not a survivorship-bias-free historical index-constituent study.
2017-03-27,T1_45D,61426.618343270784,44944.59386444092,106371.21220771171,115269.26166671011,-7.719360157546817,2,0.4494171113334833,REFERENCE,This test uses the supplied/current ticker universe and is not a survivorship-bias-free historical index-constituent study.
2017-03-28,T1_45D,61426.618343270784,44798.876945495605,106225.4952887664,115269.26166671011,-7.845774534492023,2,-0.13698905551698948,REFERENCE,This test uses the supplied/current ticker universe and is not a survivorship-bias-free historical index-constituent study.
2017-03-29,T1_45D,61426.618343270784,44771.48384475708,106198.10218802787,115269.26166671011,-7.869538979880531,2,-0.025787689352785303,REFERENCE,This test uses the supplied/current ticker universe and is not a survivorship-bias-free historical index-constituent study.
2017-03-30,T1_45D,61426.618343270784,44434.292362213135,105860.91070548393,115269.26166671011,-8.162064044818395,2,-0.3175117780795489,REFERENCE,This test uses the supplied/current ticker universe and is not a survivorship-bias-free historical index-constituent study.
2017-03-31,T1_45D,61426.618343270784,44680.0503578186,106106.6687010894,115269.26166671011,-7.9488606356423634,2,0.2321517866865852,REFERENCE,This test uses the supplied/current ticker universe and is not a survivorship-bias-free historical index-constituent study.
2017-04-03,T1_45D,61426.618343270784,45213.23924636841,106639.8575896392,115269.26166671011,-7.486301163290177,2,0.502502712672892,REFERENCE,This test uses the supplied/current ticker universe and is not a survivorship-bias-free historical index-constituent study.
2017-04-05,T1_45D,61426.618343270784,45194.447174072266,106621.06551734306,115269.26166671011,-7.502603924342354,2,-0.01762199680390708,REFERENCE,This test uses the supplied/current ticker universe and is not a survivorship-bias-free historical index-constituent study.
2017-04-06,T1_45D,83960.36358644476,22807.36071777344,106767.7243042182,115269.26166671011,-7.3753724449743485,1,0.13755141740847687,REFERENCE,This test uses the supplied/current ticker universe and is not a survivorship-bias-free historical index-constituent study.
2017-04-07,T1_45D,83960.36358644476,22686.71728515625,106647.080871601,115269.26166671011,-7.48003472082549,1,-0.11299616377832278,REFERENCE,This test uses the supplied/current ticker universe and is not a survivorship-bias-free historical index-constituent study.
2017-04-10,T1_45D,83960.36358644476,22761.602416992188,106721.96600343694,115269.26166671011,-7.415069325235068,1,0.07021770424837648,REFERENCE,This test uses the supplied/current ticker universe and is not a survivorship-bias-free historical index-constituent study.
2017-04-11,T1_45D,83960.36358644476,23468.86749267578,107429.23107912054,115269.26166671011,-6.801492847467228,1,0.6627174350037901,REFERENCE,This test uses the supplied/current ticker universe and is not a survivorship-bias-free historical index-constituent study.
2017-04-12,T1_45D,83960.36358644476,23456.38916015625,107416.752746601,115269.26166671011,-6.812318224796021,1,-0.011615397777853254,REFERENCE,This test uses the supplied/current ticker universe and is not a survivorship-bias-free historical index-constituent study.
2017-04-13,T1_45D,83960.36358644476,23227.5673828125,107187.93096925726,115269.26166671011,-7.010828889334986,1,-0.2130224303871331,REFERENCE,This test uses the supplied/current ticker universe and is not a survivorship-bias-free historical index-constituent study.
2017-04-17,T1_45D,83960.36358644476,23223.40100097656,107183.76458742132,115269.26166671011,-7.014443367102685,1,-0.00388698783366781,REFERENCE,This test uses the supplied/current ticker universe and is not a survivorship-bias-free historical index-constituent study.
2017-04-18,T1_45D,83960.36358644476,23219.2421875,107179.60577394476,115269.26166671011,-7.018051279061554,1,-0.0038800778201508734,REFERENCE,This test uses the supplied/current ticker universe and is not a survivorship-bias-free historical index-constituent study.
2017-04-19,T1_45D,83960.36358644476,23190.12103271484,107150.4846191596,115269.26166671011,-7.043314870034623,1,-0.027170425357392336,REFERENCE,This test uses the supplied/current ticker universe and is not a survivorship-bias-free historical index-constituent study.
2017-04-20,T1_45D,58688.646895464975,48583.182708740234,107271.82960420521,115269.26166671011,-6.938043973621255,2,0.113247257328708,REFERENCE,This test uses the supplied/current ticker universe and is not a survivorship-bias-free historical index-constituent study.
2017-04-21,T1_45D,58688.646895464975,47923.45878601074,106612.10568147572,115269.26166671011,-7.510376886307924,2,-0.6150020235169307,REFERENCE,This test uses the supplied/current ticker universe and is not a survivorship-bias-free historical index-constituent study.
2017-04-24,T1_45D,58688.646895464975,48465.52294921875,107154.16984468373,115269.26166671011,-7.040117811711488,2,0.5084452274374263,REFERENCE,This test uses the supplied/current ticker universe and is not a survivorship-bias-free historical index-constituent study.
2017-04-25,T1_45D,58688.646895464975,48844.114990234375,107532.76188569935,115269.26166671011,-6.71167635599168,2,0.35331526674546865,REFERENCE,This test uses the supplied/current ticker universe and is not a survivorship-bias-free historical index-constituent study.
2017-04-26,T1_45D,82973.61370278247,25473.230529785156,108446.84423256763,115269.26166671011,-5.918678870234151,1,0.8500500971414526,REFERENCE,This test uses the supplied/current ticker universe and is not a survivorship-bias-free historical index-constituent study.
2017-04-27,T1_45D,82973.61370278247,25081.94819641113,108055.5618991936,115269.26166671011,-6.258129585642891,1,-0.3608056427487294,REFERENCE,This test uses the supplied/current ticker universe and is not a survivorship-bias-free historical index-constituent study.
2017-04-28,T1_45D,82973.61370278247,25766.68359375,108740.29729653247,115269.26166671011,-5.664098369134618,1,0.6336882482529393,REFERENCE,This test uses the supplied/current ticker universe and is not a survivorship-bias-free historical index-constituent study.
2017-05-02,T1_45D,82973.61370278247,25637.74008178711,108611.35378456958,115269.26166671011,-5.775961245757976,1,-0.1185793263110746,REFERENCE,This test uses the supplied/current ticker universe and is not a survivorship-bias-free historical index-constituent study.
2017-05-03,T1_45D,82973.61370278247,25771.133880615234,108744.74758339771,115269.26166671011,-5.660237594110217,1,0.1228175454775382,REFERENCE,This test uses the supplied/current ticker universe and is not a survivorship-bias-free historical index-constituent study.
2017-05-04,T1_45D,109514.0894084415,0.0,109514.0894084415,115269.26166671011,-4.992807427628998,0,0.707474928344265,REFERENCE,This test uses the supplied/current ticker universe and is not a survivorship-bias-free historical index-constituent study.
2017-05-05,T1_45D,109514.0894084415,0.0,109514.0894084415,115269.26166671011,-4.992807427628998,0,0.0,REFERENCE,This test uses the supplied/current ticker universe and is not a survivorship-bias-free historical index-constituent study.
2017-05-08,T1_45D,109514.0894084415,0.0,109514.0894084415,115269.26166671011,-4.992807427628998,0,0.0,REFERENCE,This test uses the supplied/current ticker universe and is not a survivorship-bias-free historical index-constituent study.
2017-05-09,T1_45D,109514.0894084415,0.0,109514.0894084415,115269.26166671011,-4.992807427628998,0,0.0,REFERENCE,This test uses the supplied/current ticker universe and is not a survivorship-bias-free historical index-constituent study.
2017-05-10,T1_45D,109514.0894084415,0.0,109514.0894084415,115269.26166671011,-4.992807427628998,0,0.0,REFERENCE,This test uses the supplied/current ticker universe and is not a survivorship-bias-free historical index-constituent study.
2017-05-11,T1_45D,109514.0894084415,0.0,109514.0894084415,115269.26166671011,-4.992807427628998,0,0.0,REFERENCE,This test uses the supplied/current ticker universe and is not a survivorship-bias-free historical index-constituent study.
2017-05-12,T1_45D,109514.0894084415,0.0,109514.0894084415,115269.26166671011,-4.992807427628998,0,0.0,REFERENCE,This test uses the supplied/current ticker universe and is not a survivorship-bias-free historical index-constituent study.
2017-05-15,T1_45D,109514.0894084415,0.0,109514.0894084415,115269.26166671011,-4.992807427628998,0,0.0,REFERENCE,This test uses the supplied/current ticker universe and is not a survivorship-bias-free historical index-constituent study.
2017-05-16,T1_45D,109514.0894084415,0.0,109514.0894084415,115269.26166671011,-4.992807427628998,0,0.0,REFERENCE,This test uses the supplied/current ticker universe and is not a survivorship-bias-free historical index-constituent study.
2017-05-17,T1_45D,109514.0894084415,0.0,109514.0894084415,115269.26166671011,-4.992807427628998,0,0.0,REFERENCE,This test uses the supplied/current ticker universe and is not a survivorship-bias-free historical index-constituent study.
2017-05-18,T1_45D,109514.0894084415,0.0,109514.0894084415,115269.26166671011,-4.992807427628998,0,0.0,REFERENCE,This test uses the supplied/current ticker universe and is not a survivorship-bias-free historical index-constituent study.
2017-05-19,T1_45D,96663.11001175067,12661.522338867188,109324.63235061786,115269.26166671011,-5.157167860830558,1,-0.17299788442476371,REFERENCE,This test uses the supplied/current ticker universe and is not a survivorship-bias-free historical index-constituent study.
2017-05-22,T1_45D,96663.11001175067,12696.84228515625,109359.95229690692,115269.26166671011,-5.1265266076652605,1,0.032307400015563204,REFERENCE,This test uses the supplied/current ticker universe and is not a survivorship-bias-free historical index-constituent study.
2017-05-23,T1_45D,75758.04131140585,33320.952392578125,109078.99370398397,115269.26166671011,-5.370267730719657,2,-0.256911773480073,REFERENCE,This test uses the supplied/current ticker universe and is not a survivorship-bias-free historical index-constituent study.
2017-05-24,T1_45D,95820.15124485262,12789.415283203125,108609.56652805574,115269.26166671011,-5.777511751493847,1,-0.4303552498862828,REFERENCE,This test uses the supplied/current ticker universe and is not a survivorship-bias-free historical index-constituent study.
2017-05-25,T1_45D,95820.15124485262,13068.346069335938,108888.49731418856,115269.26166671011,-5.535529819711105,1,0.25681972136475384,REFERENCE,This test uses the supplied/current ticker universe and is not a survivorship-bias-free historical index-constituent study.
2017-05-26,T1_45D,95820.15124485262,13130.467163085938,108950.61840793856,115269.26166671011,-5.481637660733263,1,0.05705018921398075,REFERENCE,This test uses the supplied/current ticker universe and is not a survivorship-bias-free historical index-constituent study.
2017-05-29,T1_45D,95820.15124485262,13023.279052734375,108843.430297587,115269.26166671011,-5.574626987464171,1,-0.09838228723972886,REFERENCE,This test uses the supplied/current ticker universe and is not a survivorship-bias-free historical index-constituent study.
2017-05-30,T1_45D,95820.15124485262,13061.04016113281,108881.19140598543,115269.26166671011,-5.541867943246803,1,0.034693052483913966,REFERENCE,This test uses the supplied/current ticker universe and is not a survivorship-bias-free historical index-constituent study.
2017-05-31,T1_45D,95820.15124485262,13045.202270507814,108865.35351536043,115269.26166671011,-5.555607851350652,1,-0.014546029870254884,REFERENCE,This test uses the supplied/current ticker universe and is not a survivorship-bias-free historical index-constituent study.
2017-06-01,T1_45D,95820.15124485262,13182.84228515625,109002.99353000887,115269.26166671011,-5.436200463241924,1,0.1264314221227636,REFERENCE,This test uses the supplied/current ticker universe and is not a survivorship-bias-free historical index-constituent study.
2017-06-02,T1_45D,95820.15124485262,13438.629272460938,109258.78051731356,115269.26166671011,-5.21429656309873,1,0.23466051621259254,REFERENCE,This test uses the supplied/current ticker universe and is not a survivorship-bias-free historical index-constituent study.
2017-06-05,T1_45D,95820.15124485262,13533.636840820312,109353.78808567293,115269.26166671011,-5.131874270298697,1,0.08695646053300532,REFERENCE,This test uses the supplied/current ticker universe and is not a survivorship-bias-free historical index-constituent study.
2017-06-06,T1_45D,95820.15124485262,13655.43896484375,109475.59020969637,115269.26166671011,-5.0262067902938306,1,0.11138354341051482,REFERENCE,This test uses the supplied/current ticker universe and is not a survivorship-bias-free historical index-constituent study.
2017-06-07,T1_45D,95820.15124485262,13383.819580078127,109203.97082493074,115269.26166671011,-5.261845833034451,1,-0.24810954135561225,REFERENCE,This test uses the supplied/current ticker universe and is not a survivorship-bias-free historical index-constituent study.
2017-06-08,T1_45D,95820.15124485262,13298.557983398438,109118.70922825106,115269.26166671011,-5.335813164347991,1,-0.07807554618720625,REFERENCE,This test uses the supplied/current ticker universe and is not a survivorship-bias-free historical index-constituent study.
2017-06-09,T1_45D,73881.20022356046,34884.49108886719,108765.69131242765,115269.26166671011,-5.6420681977532805,2,-0.3235173127689617,REFERENCE,This test uses the supplied/current ticker universe and is not a survivorship-bias-free historical index-constituent study.
2017-06-12,T1_45D,73881.20022356046,34454.06066894531,108335.26089250577,115269.26166671011,-6.015481208037343,2,-0.3957409866365613,REFERENCE,This test uses the supplied/current ticker universe and is not a survivorship-bias-free historical index-constituent study.
2017-06-13,T1_45D,73881.20022356046,34178.98095703125,108060.18118059171,115269.26166671011,-6.2541222021207705,2,-0.25391521619817503,REFERENCE,This test uses the supplied/current ticker universe and is not a survivorship-bias-free historical index-constituent study.
2017-06-14,T1_45D,73881.20022356046,34201.69885253906,108082.89907609952,115269.26166671011,-6.234413656078807,2,0.02102337351244099,REFERENCE,This test uses the supplied/current ticker universe and is not a survivorship-bias-free historical index-constituent study.
2017-06-15,T1_45D,73881.20022356046,33914.260498046875,107795.46072160733,115269.26166671011,-6.48377619240118,2,-0.2659424913184494,REFERENCE,This test uses the supplied/current ticker universe and is not a survivorship-bias-free historical index-constituent study.
2017-06-16,T1_45D,94991.47011040946,12436.183959960938,107427.6540703704,115269.26166671011,-6.802860956126333,1,-0.3412079217202324,REFERENCE,This test uses the supplied/current ticker universe and is not a survivorship-bias-free historical index-constituent study.
2017-06-19,T1_45D,94991.47011040946,12402.078002929688,107393.54811333914,115269.26166671011,-6.8324490323732885,1,-0.031747837487827724,REFERENCE,This test uses the supplied/current ticker universe and is not a survivorship-bias-free historical index-constituent study.
2017-06-20,T1_45D,94991.47011040946,12387.461791992188,107378.93190240164,115269.26166671011,-6.845129091849822,1,-0.013609952547688486,REFERENCE,This test uses the supplied/current ticker universe and is not a survivorship-bias-free historical index-constituent study.
2017-06-21,T1_45D,94991.47011040946,12467.853149414062,107459.32325982352,115269.26166671011,-6.775386858526322,1,0.07486697436602796,REFERENCE,This test uses the supplied/current ticker universe and is not a survivorship-bias-free historical index-constituent study.
2017-06-22,T1_45D,94991.47011040946,12426.440185546875,107417.91029595633,115269.26166671011,-6.811314011410252,1,-0.038538269747945275,REFERENCE,This test uses the supplied/current ticker universe and is not a survivorship-bias-free historical index-constituent study.
2017-06-23,T1_45D,94991.47011040946,12514.136352539062,107505.60646294852,115269.26166671011,-6.735234607652341,1,0.08164017224927544,REFERENCE,This test uses the supplied/current ticker universe and is not a survivorship-bias-free historical index-constituent study.
2017-06-27,T1_45D,94991.47011040946,12499.522338867188,107490.99244927664,115269.26166671011,-6.747912760926312,1,-0.013593722367322147,REFERENCE,This test uses the supplied/current ticker universe and is not a survivorship-bias-free historical index-constituent study.
2017-06-28,T1_45D,70630.6624158869,36678.315673828125,107308.97808971502,115269.26166671011,-6.905816400569542,2,-0.1693298716611169,REFERENCE,This test uses the supplied/current ticker universe and is not a survivorship-bias-free historical index-constituent study.
2017-06-29,T1_45D,70630.6624158869,36715.061096191406,107345.7235120783,115269.26166671011,-6.87393849848883,2,0.03424263562790131,REFERENCE,This test uses the supplied/current ticker universe and is not a survivorship-bias-free historical index-constituent study.
2017-06-30,T1_45D,58397.85127324002,49188.05856323242,107585.90983647245,115269.26166671011,-6.665568703348967,3,0.22375024969403245,REFERENCE,This test uses the supplied/current ticker universe and is not a survivorship-bias-free historical index-constituent study.
2017-07-03,T1_45D,58397.85127324002,49757.723693847656,108155.57496708768,115269.26166671011,-6.171364851968053,3,0.5294978975231235,REFERENCE,This test uses the supplied/current ticker universe and is not a survivorship-bias-free historical index-constituent study.
2017-07-04,T1_45D,58397.85127324002,49652.42755126953,108050.27882450956,115269.26166671011,-6.262712832388518,3,-0.09735618585557937,REFERENCE,This test uses the supplied/current ticker universe and is not a survivorship-bias-free historical index-constituent study.
2017-07-05,T1_45D,58397.85127324002,49985.074951171875,108382.9262244119,115269.26166671011,-5.974129913497128,3,0.307863527536667,REFERENCE,This test uses the supplied/current ticker universe and is not a survivorship-bias-free historical index-constituent study.
2017-07-06,T1_45D,58397.85127324002,49875.4912109375,108273.34248417753,115269.26166671011,-6.069197530526916,3,-0.1011079365097367,REFERENCE,This test uses the supplied/current ticker universe and is not a survivorship-bias-free historical index-constituent study.
2017-07-07,T1_45D,58397.85127324002,49837.21173095703,108235.06300419706,115269.26166671011,-6.102406279699924,3,-0.03535448255517215,REFERENCE,This test uses the supplied/current ticker universe and is not a survivorship-bias-free historical index-constituent study.
2017-07-10,T1_45D,58397.85127324002,50300.91632080078,108698.76759404081,115269.26166671011,-5.700126796740701,3,0.42842363368491565,REFERENCE,This test uses the supplied/current ticker universe and is not a survivorship-bias-free historical index-constituent study.
2017-07-11,T1_45D,58397.85127324002,50264.91076660156,108662.76203984159,115269.26166671011,-5.731362838057008,3,-0.03312416046306055,REFERENCE,This test uses the supplied/current ticker universe and is not a survivorship-bias-free historical index-constituent study.
2017-07-12,T1_45D,58397.85127324002,50105.85177612305,108503.70304936307,115269.26166671011,-5.869351915265142,3,-0.1463785638176507,REFERENCE,This test uses the supplied/current ticker universe and is not a survivorship-bias-free historical index-constituent study.
2017-07-13,T1_45D,58397.85127324002,50318.95642089844,108716.80769413846,115269.26166671011,-5.684476397113947,3,0.19640310771553704,REFERENCE,This test uses the supplied/current ticker universe and is not a survivorship-bias-free historical index-constituent study.
2017-07-14,T1_45D,58397.85127324002,50194.62121582031,108592.47248906034,115269.26166671011,-5.792341410978286,3,-0.11436612950218583,REFERENCE,This test uses the supplied/current ticker universe and is not a survivorship-bias-free historical index-constituent study.
2017-07-17,T1_45D,58397.85127324002,50700.38439941406,109098.23567265409,115269.26166671011,-5.353574669280825,3,0.465744238068333,REFERENCE,This test uses the supplied/current ticker universe and is not a survivorship-bias-free historical index-constituent study.
2017-07-18,T1_45D,58397.85127324002,50580.67266845703,108978.52394169706,115269.26166671011,-5.457428662293429,3,-0.10972838398251028,REFERENCE,This test uses the supplied/current ticker universe and is not a survivorship-bias-free historical index-constituent study.
2017-07-19,T1_45D,58397.85127324002,50851.12225341797,109248.973526658,115269.26166671011,-5.222804460619512,3,0.24816778130123396,REFERENCE,This test uses the supplied/current ticker universe and is not a survivorship-bias-free historical index-constituent study.
2017-07-20,T1_45D,58397.85127324002,50875.91760253906,109273.76887577909,115269.26166671011,-5.2012936530004055,3,0.02269618498067505,REFERENCE,This test uses the supplied/current ticker universe and is not a survivorship-bias-free historical index-constituent study.
2017-07-21,T1_45D,72399.89152445323,37952.87316894531,110352.76469339854,115269.26166671011,-4.265228129531307,2,0.9874243642552738,REFERENCE,This test uses the supplied/current ticker universe and is not a survivorship-bias-free historical index-constituent study.
2017-07-24,T1_45D,72399.89152445323,37945.52893066406,110345.42045511729,115269.26166671011,-4.271599505711798,2,-0.006655237230945854,REFERENCE,This test uses the supplied/current ticker universe and is not a survivorship-bias-free historical index-constituent study.
2017-07-25,T1_45D,72399.89152445323,37912.31701660156,110312.20854105479,115269.26166671011,-4.300411969314211,2,-0.030098135405631776,REFERENCE,This test uses the supplied/current ticker universe and is not a survivorship-bias-free historical index-constituent study.
2017-07-26,T1_45D,72399.89152445323,38379.724060058594,110779.61558451182,115269.26166671011,-3.8949204820793115,2,0.4237128869404083,REFERENCE,This test uses the supplied/current ticker universe and is not a survivorship-bias-free historical index-constituent study.
2017-07-27,T1_45D,72399.89152445323,37852.19287109375,110252.08439554698,115269.26166671011,-4.352571707858955,2,-0.47619878998622633,REFERENCE,This test uses the supplied/current ticker universe and is not a survivorship-bias-free historical index-constituent study.
2017-07-28,T1_45D,72399.89152445323,37882.68194580078,110282.573470254,115269.26166671011,-4.326121399887706,2,0.02765396670201259,REFERENCE,This test uses the supplied/current ticker universe and is not a survivorship-bias-free historical index-constituent study.
2017-07-31,T1_45D,72399.89152445323,38350.64764404297,110750.5391684962,115269.26166671011,-3.9201452606501097,2,0.42433331352065284,REFERENCE,This test uses the supplied/current ticker universe and is not a survivorship-bias-free historical index-constituent study.
2017-08-01,T1_45D,72399.89152445323,38697.30224609375,111097.19377054698,115269.26166671011,-3.6194106180937102,2,0.31300488887315847,REFERENCE,This test uses the supplied/current ticker universe and is not a survivorship-bias-free historical index-constituent study.
2017-08-02,T1_45D,72399.89152445323,38760.42297363281,111160.31449808604,115269.26166671011,-3.5646512428479826,2,0.05681577130509652,REFERENCE,This test uses the supplied/current ticker universe and is not a survivorship-bias-free historical index-constituent study.
2017-08-03,T1_45D,46704.45304471265,64552.437896728516,111256.89094144118,115269.26166671011,-3.4808678976970597,3,0.08688032576302795,REFERENCE,This test uses the supplied/current ticker universe and is not a survivorship-bias-free historical index-constituent study.
2017-08-04,T1_45D,60414.17803057391,51108.58395385742,111522.76198443133,115269.26166671011,-3.2502157367082174,2,0.23897040510514334,REFERENCE,This test uses the supplied/current ticker universe and is not a survivorship-bias-free historical index-constituent study.
2017-08-07,T1_45D,60414.17803057391,51136.38311767578,111550.56114824969,115269.26166671011,-3.2260990178046622,2,0.02492689682689342,REFERENCE,This test uses the supplied/current ticker universe and is not a survivorship-bias-free historical index-constituent study.
2017-08-08,T1_45D,60414.17803057391,50719.874908447266,111134.05293902117,115269.26166671011,-3.5874340373980074,2,-0.37338064904486323,REFERENCE,This test uses the supplied/current ticker universe and is not a survivorship-bias-free historical index-constituent study.
2017-08-09,T1_45D,60414.17803057391,50157.07583618164,110571.25386675555,115269.26166671011,-4.075681349932125,2,-0.5064146023491367,REFERENCE,This test uses the supplied/current ticker universe and is not a survivorship-bias-free historical index-constituent study.
2017-08-10,T1_45D,60410.17824924199,48808.34353637695,109218.52178561894,115269.26166671011,-5.249222380365637,2,-1.2234030399679852,REFERENCE,This test uses the supplied/current ticker universe and is not a survivorship-bias-free historical index-constituent study.
2017-08-11,T1_45D,83523.25642469415,24174.829833984375,107698.08625867852,115269.26166671011,-6.5682518466396616,1,-1.3921041065954265,REFERENCE,This test uses the supplied/current ticker universe and is not a survivorship-bias-free historical index-constituent study.
2017-08-14,T1_45D,83523.25642469415,24312.91278076172,107836.16920545587,115269.26166671011,-6.448460199863437,1,0.12821299948235776,REFERENCE,This test uses the supplied/current ticker universe and is not a survivorship-bias-free historical index-constituent study.
2017-08-16,T1_45D,83523.25642469415,24589.980834960938,108113.23725965508,115269.26166671011,-6.208094251306973,1,0.2569342515045481,REFERENCE,This test uses the supplied/current ticker universe and is not a survivorship-bias-free historical index-constituent study.
2017-08-17,T1_45D,83523.25642469415,24514.663513183594,108037.91993787774,115269.26166671011,-6.273434586352334,1,-0.06966521740205955,REFERENCE,This test uses the supplied/current ticker universe and is not a survivorship-bias-free historical index-constituent study.
2017-08-18,T1_45D,83523.25642469415,24568.462280273438,108091.71870496758,115269.26166671011,-6.226762328447711,1,0.049796189264639246,REFERENCE,This test uses the supplied/current ticker universe and is not a survivorship-bias-free historical index-constituent study.
2017-08-21,T1_45D,83523.25642469415,24723.58154296875,108246.8379676629,115269.26166671011,-6.092191098917477,1,0.14350707394958917,REFERENCE,This test uses the supplied/current ticker universe and is not a survivorship-bias-free historical index-constituent study.
2017-08-22,T1_45D,83523.25642469415,24651.849060058594,108175.10548475274,115269.26166671011,-6.154421464474568,1,-0.06626750883160781,REFERENCE,This test uses the supplied/current ticker universe and is not a survivorship-bias-free historical index-constituent study.
2017-08-23,T1_45D,83523.25642469415,24643.77960205078,108167.03602674493,115269.26166671011,-6.1614219934023495,1,-0.007459625735195541,REFERENCE,This test uses the supplied/current ticker universe and is not a survivorship-bias-free historical index-constituent study.
2017-08-24,T1_45D,83523.25642469415,24660.820678710938,108184.07710340508,115269.26166671011,-6.146638280542782,1,0.015754408446522206,REFERENCE,This test uses the supplied/current ticker universe and is not a survivorship-bias-free historical index-constituent study.
2017-08-28,T1_45D,83523.25642469415,24623.15606689453,108146.41249158868,115269.26166671011,-6.179313610697412,1,-0.03481530075853945,REFERENCE,This test uses the supplied/current ticker universe and is not a survivorship-bias-free historical index-constituent study.
2017-08-29,T1_45D,83523.25642469415,24693.096130371094,108216.35255506524,115269.26166671011,-6.118638229884454,1,0.06467164454668772,REFERENCE,This test uses the supplied/current ticker universe and is not a survivorship-bias-free historical index-constituent study.
2017-08-30,T1_45D,83523.25642469415,24355.954650878906,107879.21107557305,115269.26166671011,-6.411119915476404,1,-0.3115439316998203,REFERENCE,This test uses the supplied/current ticker universe and is not a survivorship-bias-free historical index-constituent study.
2017-08-31,T1_45D,107615.69473312823,0.0,107615.69473312823,115269.26166671011,-6.639729293756935,0,-0.24426980862904957,REFERENCE,This test uses the supplied/current ticker universe and is not a survivorship-bias-free historical index-constituent study.
2017-09-01,T1_45D,107615.69473312823,0.0,107615.69473312823,115269.26166671011,-6.639729293756935,0,0.0,REFERENCE,This test uses the supplied/current ticker universe and is not a survivorship-bias-free historical index-constituent study.
2017-09-04,T1_45D,107615.69473312823,0.0,107615.69473312823,115269.26166671011,-6.639729293756935,0,0.0,REFERENCE,This test uses the supplied/current ticker universe and is not a survivorship-bias-free historical index-constituent study.
2017-09-05,T1_45D,107615.69473312823,0.0,107615.69473312823,115269.26166671011,-6.639729293756935,0,0.0,REFERENCE,This test uses the supplied/current ticker universe and is not a survivorship-bias-free historical index-constituent study.
2017-09-06,T1_45D,107615.69473312823,0.0,107615.69473312823,115269.26166671011,-6.639729293756935,0,0.0,REFERENCE,This test uses the supplied/current ticker universe and is not a survivorship-bias-free historical index-constituent study.
2017-09-07,T1_45D,107615.69473312823,0.0,107615.69473312823,115269.26166671011,-6.639729293756935,0,0.0,REFERENCE,This test uses the supplied/current ticker universe and is not a survivorship-bias-free historical index-constituent study.
2017-09-08,T1_45D,107615.69473312823,0.0,107615.69473312823,115269.26166671011,-6.639729293756935,0,0.0,REFERENCE,This test uses the supplied/current ticker universe and is not a survivorship-bias-free historical index-constituent study.
2017-09-11,T1_45D,107615.69473312823,0.0,107615.69473312823,115269.26166671011,-6.639729293756935,0,0.0,REFERENCE,This test uses the supplied/current ticker universe and is not a survivorship-bias-free historical index-constituent study.
2017-09-12,T1_45D,107615.69473312823,0.0,107615.69473312823,115269.26166671011,-6.639729293756935,0,0.0,REFERENCE,This test uses the supplied/current ticker universe and is not a survivorship-bias-free historical index-constituent study.
2017-09-13,T1_45D,107615.69473312823,0.0,107615.69473312823,115269.26166671011,-6.639729293756935,0,0.0,REFERENCE,This test uses the supplied/current ticker universe and is not a survivorship-bias-free historical index-constituent study.
2017-09-14,T1_45D,107615.69473312823,0.0,107615.69473312823,115269.26166671011,-6.639729293756935,0,0.0,REFERENCE,This test uses the supplied/current ticker universe and is not a survivorship-bias-free historical index-constituent study.
2017-09-15,T1_45D,107615.69473312823,0.0,107615.69473312823,115269.26166671011,-6.639729293756935,0,0.0,REFERENCE,This test uses the supplied/current ticker universe and is not a survivorship-bias-free historical index-constituent study.
2017-09-18,T1_45D,107615.69473312823,0.0,107615.69473312823,115269.26166671011,-6.639729293756935,0,0.0,REFERENCE,This test uses the supplied/current ticker universe and is not a survivorship-bias-free historical index-constituent study.
2017-09-19,T1_45D,107615.69473312823,0.0,107615.69473312823,115269.26166671011,-6.639729293756935,0,0.0,REFERENCE,This test uses the supplied/current ticker universe and is not a survivorship-bias-free historical index-constituent study.
2017-09-20,T1_45D,107615.69473312823,0.0,107615.69473312823,115269.26166671011,-6.639729293756935,0,0.0,REFERENCE,This test uses the supplied/current ticker universe and is not a survivorship-bias-free historical index-constituent study.
2017-09-21,T1_45D,107615.69473312823,0.0,107615.69473312823,115269.26166671011,-6.639729293756935,0,0.0,REFERENCE,This test uses the supplied/current ticker universe and is not a survivorship-bias-free historical index-constituent study.
2017-09-22,T1_45D,107615.69473312823,0.0,107615.69473312823,115269.26166671011,-6.639729293756935,0,0.0,REFERENCE,This test uses the supplied/current ticker universe and is not a survivorship-bias-free historical index-constituent study.
2017-09-25,T1_45D,106774.15555461575,0.0,106774.15555461575,115269.26166671011,-7.369793116795642,0,-0.781985546438535,REFERENCE,This test uses the supplied/current ticker universe and is not a survivorship-bias-free historical index-constituent study.
2017-09-26,T1_45D,106774.15555461575,0.0,106774.15555461575,115269.26166671011,-7.369793116795642,0,0.0,REFERENCE,This test uses the supplied/current ticker universe and is not a survivorship-bias-free historical index-constituent study.
2017-09-27,T1_45D,106774.15555461575,0.0,106774.15555461575,115269.26166671011,-7.369793116795642,0,0.0,REFERENCE,This test uses the supplied/current ticker universe and is not a survivorship-bias-free historical index-constituent study.
2017-09-28,T1_45D,106774.15555461575,0.0,106774.15555461575,115269.26166671011,-7.369793116795642,0,0.0,REFERENCE,This test uses the supplied/current ticker universe and is not a survivorship-bias-free historical index-constituent study.
2017-09-29,T1_45D,106774.15555461575,0.0,106774.15555461575,115269.26166671011,-7.369793116795642,0,0.0,REFERENCE,This test uses the supplied/current ticker universe and is not a survivorship-bias-free historical index-constituent study.
2017-10-03,T1_45D,106774.15555461575,0.0,106774.15555461575,115269.26166671011,-7.369793116795642,0,0.0,REFERENCE,This test uses the supplied/current ticker universe and is not a survivorship-bias-free historical index-constituent study.
2017-10-04,T1_45D,106774.15555461575,0.0,106774.15555461575,115269.26166671011,-7.369793116795642,0,0.0,REFERENCE,This test uses the supplied/current ticker universe and is not a survivorship-bias-free historical index-constituent study.
2017-10-05,T1_45D,106774.15555461575,0.0,106774.15555461575,115269.26166671011,-7.369793116795642,0,0.0,REFERENCE,This test uses the supplied/current ticker universe and is not a survivorship-bias-free historical index-constituent study.
2017-10-06,T1_45D,106774.15555461575,0.0,106774.15555461575,115269.26166671011,-7.369793116795642,0,0.0,REFERENCE,This test uses the supplied/current ticker universe and is not a survivorship-bias-free historical index-constituent study.
2017-10-09,T1_45D,106774.15555461575,0.0,106774.15555461575,115269.26166671011,-7.369793116795642,0,0.0,REFERENCE,This test uses the supplied/current ticker universe and is not a survivorship-bias-free historical index-constituent study.
2017-10-10,T1_45D,106774.15555461575,0.0,106774.15555461575,115269.26166671011,-7.369793116795642,0,0.0,REFERENCE,This test uses the supplied/current ticker universe and is not a survivorship-bias-free historical index-constituent study.
2017-10-11,T1_45D,106774.15555461575,0.0,106774.15555461575,115269.26166671011,-7.369793116795642,0,0.0,REFERENCE,This test uses the supplied/current ticker universe and is not a survivorship-bias-free historical index-constituent study.
2017-10-12,T1_45D,106774.15555461575,0.0,106774.15555461575,115269.26166671011,-7.369793116795642,0,0.0,REFERENCE,This test uses the supplied/current ticker universe and is not a survivorship-bias-free historical index-constituent study.
2017-10-13,T1_45D,106774.15555461575,0.0,106774.15555461575,115269.26166671011,-7.369793116795642,0,0.0,REFERENCE,This test uses the supplied/current ticker universe and is not a survivorship-bias-free historical index-constituent study.
2017-10-16,T1_45D,106774.15555461575,0.0,106774.15555461575,115269.26166671011,-7.369793116795642,0,0.0,REFERENCE,This test uses the supplied/current ticker universe and is not a survivorship-bias-free historical index-constituent study.
2017-10-17,T1_45D,106774.15555461575,0.0,106774.15555461575,115269.26166671011,-7.369793116795642,0,0.0,REFERENCE,This test uses the supplied/current ticker universe and is not a survivorship-bias-free historical index-constituent study.
2017-10-18,T1_45D,106774.15555461575,0.0,106774.15555461575,115269.26166671011,-7.369793116795642,0,0.0,REFERENCE,This test uses the supplied/current ticker universe and is not a survivorship-bias-free historical index-constituent study.
2017-10-19,T1_45D,106774.15555461575,0.0,106774.15555461575,115269.26166671011,-7.369793116795642,0,0.0,REFERENCE,This test uses the supplied/current ticker universe and is not a survivorship-bias-free historical index-constituent study.
2017-10-23,T1_45D,106774.15555461575,0.0,106774.15555461575,115269.26166671011,-7.369793116795642,0,0.0,REFERENCE,This test uses the supplied/current ticker universe and is not a survivorship-bias-free historical index-constituent study.
2017-10-24,T1_45D,88474.16958449082,18347.99395751953,106822.16354201036,115269.26166671011,-7.328144556979743,1,0.04496217941996061,REFERENCE,This test uses the supplied/current ticker universe and is not a survivorship-bias-free historical index-constituent study.
2017-10-25,T1_45D,88474.16958449082,18273.993713378906,106748.16329786973,115269.26166671011,-7.392342282436326,1,-0.06927424205513955,REFERENCE,This test uses the supplied/current ticker universe and is not a survivorship-bias-free historical index-constituent study.
2017-10-26,T1_45D,88474.16958449082,18855.21990966797,107329.3894941588,115269.26166671011,-6.888108813873284,1,0.5444835567495643,REFERENCE,This test uses the supplied/current ticker universe and is not a survivorship-bias-free historical index-constituent study.
2017-10-27,T1_45D,88474.16958449082,19273.02117919922,107747.19076369004,115269.26166671011,-6.525652020544214,1,0.3892701444593527,REFERENCE,This test uses the supplied/current ticker universe and is not a survivorship-bias-free historical index-constituent study.
2017-10-30,T1_45D,80928.04056629549,26838.079650878906,107766.1202171744,115269.26166671011,-6.509230076644645,2,0.017568396308220713,REFERENCE,This test uses the supplied/current ticker universe and is not a survivorship-bias-free historical index-constituent study.
2017-10-31,T1_45D,80928.04056629549,26900.581115722656,107828.62168201814,115269.26166671011,-6.45500793282242,2,0.05799732301561278,REFERENCE,This test uses the supplied/current ticker universe and is not a survivorship-bias-free historical index-constituent study.
2017-11-01,T1_45D,80928.04056629549,26899.337341308594,107827.37790760408,115269.26166671011,-6.45608694937555,2,-0.0011534733493356875,REFERENCE,This test uses the supplied/current ticker universe and is not a survivorship-bias-free historical index-constituent study.
2017-11-02,T1_45D,100516.01818789056,7562.30615234375,108078.3243402343,115269.26166671011,-6.238382394838016,1,0.23272979228452506,REFERENCE,This test uses the supplied/current ticker universe and is not a survivorship-bias-free historical index-constituent study.
2017-11-03,T1_45D,100516.01818789056,7556.42431640625,108072.4425042968,115269.26166671011,-6.24348508730993,1,-0.0054421975668184075,REFERENCE,This test uses the supplied/current ticker universe and is not a survivorship-bias-free historical index-constituent study.
2017-11-06,T1_45D,100516.01818789056,7639.89892578125,108155.9171136718,115269.26166671011,-6.1710680281841785,1,0.0772394955093958,REFERENCE,This test uses the supplied/current ticker universe and is not a survivorship-bias-free historical index-constituent study.
2017-11-07,T1_45D,100516.01818789056,7557.25,108073.26818789056,115269.26166671011,-6.242768778745256,1,-0.07641646244318512,REFERENCE,This test uses the supplied/current ticker universe and is not a survivorship-bias-free historical index-constituent study.
2017-11-08,T1_45D,100516.01818789056,7568.0068359375,108084.02502382806,115269.26166671011,-6.233436858177743,1,0.009953280878671755,REFERENCE,This test uses the supplied/current ticker universe and is not a survivorship-bias-free historical index-constituent study.
2017-11-09,T1_45D,100516.01818789056,7543.00048828125,108059.0186761718,115269.26166671011,-6.255130714193369,1,-0.023136025560421825,REFERENCE,This test uses the supplied/current ticker universe and is not a survivorship-bias-free historical index-constituent study.
2017-11-10,T1_45D,84673.95800133306,23464.229248046875,108138.18724937993,115269.26166671011,-6.186449287711227,2,0.07326419782265337,REFERENCE,This test uses the supplied/current ticker universe and is not a survivorship-bias-free historical index-constituent study.
2017-11-13,T1_45D,84673.95800133306,23207.550537109375,107881.50853844243,115269.26166671011,-6.409126788396247,2,-0.2373617659648497,REFERENCE,This test uses the supplied/current ticker universe and is not a survivorship-bias-free historical index-constituent study.
2017-11-14,T1_45D,68315.53934331493,39422.6746673584,107738.21401067333,115269.26166671011,-6.533439658711515,3,-0.13282584727487556,REFERENCE,This test uses the supplied/current ticker universe and is not a survivorship-bias-free historical index-constituent study.
2017-11-15,T1_45D,68315.53934331493,39288.69521713257,107604.2345604475,115269.26166671011,-6.649671382840372,3,-0.12435647969119001,REFERENCE,This test uses the supplied/current ticker universe and is not a survivorship-bias-free historical index-constituent study.
2017-11-16,T1_45D,68315.53934331493,39605.844341278076,107921.383684593,115269.26166671011,-6.37453374461856,3,0.29473665738251054,REFERENCE,This test uses the supplied/current ticker universe and is not a survivorship-bias-free historical index-constituent study.
2017-11-17,T1_45D,68315.53934331493,40089.44477081299,108404.98411412792,115269.26166671011,-5.954993944898845,3,0.4481043635877313,REFERENCE,This test uses the supplied/current ticker universe and is not a survivorship-bias-free historical index-constituent study.
2017-11-20,T1_45D,68315.53934331493,40144.921001434326,108460.46034474926,115269.26166671011,-5.906866430400015,3,0.05117498155151612,REFERENCE,This test uses the supplied/current ticker universe and is not a survivorship-bias-free historical index-constituent study.
2017-11-21,T1_45D,68315.53934331493,40241.88469314575,108557.42403646068,115269.26166671011,-5.822747134145834,3,0.08940003703028498,REFERENCE,This test uses the supplied/current ticker universe and is not a survivorship-bias-free historical index-constituent study.
2017-11-22,T1_45D,68315.53934331493,40673.18170547485,108988.72104878978,115269.26166671011,-5.448582325511808,3,0.3972984953882541,REFERENCE,This test uses the supplied/current ticker universe and is not a survivorship-bias-free historical index-constituent study.
2017-11-23,T1_45D,68315.53934331493,41207.271129608154,109522.81047292308,115269.26166671011,-4.985241607951241,3,0.4900410051552173,REFERENCE,This test uses the supplied/current ticker universe and is not a survivorship-bias-free historical index-constituent study.
2017-11-24,T1_45D,68315.53934331493,40954.006633758545,109269.54597707347,115269.26166671011,-5.204957161072333,3,-0.2312436055612599,REFERENCE,This test uses the supplied/current ticker universe and is not a survivorship-bias-free historical index-constituent study.
2017-11-27,T1_45D,68315.53934331493,41101.7338218689,109417.27316518383,115269.26166671011,-5.076798807340976,3,0.13519520630327353,REFERENCE,This test uses the supplied/current ticker universe and is not a survivorship-bias-free historical index-constituent study.
2017-11-28,T1_45D,68315.53934331493,41152.550731658936,109468.09007497386,115269.26166671011,-5.032713411932632,3,0.046443224474557177,REFERENCE,This test uses the supplied/current ticker universe and is not a survivorship-bias-free historical index-constituent study.
2017-11-29,T1_45D,86055.52604274993,23876.101318359375,109931.6273611093,115269.26166671011,-4.6305790706234085,2,0.4234451206903911,REFERENCE,This test uses the supplied/current ticker universe and is not a survivorship-bias-free historical index-constituent study.
2017-11-30,T1_45D,86055.52604274993,23626.54296875,109682.06901149993,115269.26166671011,-4.847079415989497,2,-0.22701233084598815,REFERENCE,This test uses the supplied/current ticker universe and is not a survivorship-bias-free historical index-constituent study.
2017-12-01,T1_45D,38143.21932500218,71216.15203857422,109359.3713635764,115269.26166671011,-5.127030587062819,4,-0.2942118532516913,REFERENCE,This test uses the supplied/current ticker universe and is not a survivorship-bias-free historical index-constituent study.
2017-12-04,T1_45D,17961.712143866986,91237.51986694336,109199.23201081034,115269.26166671011,-5.265956915253489,5,-0.14643404654700598,REFERENCE,This test uses the supplied/current ticker universe and is not a survivorship-bias-free historical index-constituent study.
2017-12-05,T1_45D,17961.712143866986,91264.33099365234,109226.04313751933,115269.26166671011,-5.242697352104297,5,0.024552486510454052,REFERENCE,This test uses the supplied/current ticker universe and is not a survivorship-bias-free historical index-constituent study.
2017-12-06,T1_45D,17961.712143866986,90844.79669189453,108806.50883576152,115269.26166671011,-5.6066576097581144,5,-0.3840973175505469,REFERENCE,This test uses the supplied/current ticker universe and is not a survivorship-bias-free historical index-constituent study.
2017-12-07,T1_45D,17961.712143866986,91425.36260986328,109387.07475373027,115269.26166671011,-5.102996955066496,5,0.5335764598835668,REFERENCE,This test uses the supplied/current ticker universe and is not a survivorship-bias-free historical index-constituent study.
2017-12-08,T1_45D,26302.75114491356,84016.91793823242,110319.66908314599,115269.26166671011,-4.293939695627957,4,0.8525635515122199,REFERENCE,This test uses the supplied/current ticker universe and is not a survivorship-bias-free historical index-constituent study.
2017-12-11,T1_45D,26302.75114491356,84777.11001586914,111079.8611607827,115269.26166671011,-3.634447245824002,4,0.6890811801327779,REFERENCE,This test uses the supplied/current ticker universe and is not a survivorship-bias-free historical index-constituent study.
2017-12-12,T1_45D,4128.987600611959,105651.88790893555,109780.8755095475,115269.26166671011,-4.761361422641663,5,-1.1694159838343543,REFERENCE,This test uses the supplied/current ticker universe and is not a survivorship-bias-free historical index-constituent study.
2017-12-13,T1_45D,4128.987600611959,104779.18798828125,108908.17558889321,115269.26166671011,-5.518458247966718,5,-0.7949471313684286,REFERENCE,This test uses the supplied/current ticker universe and is not a survivorship-bias-free historical index-constituent study.
2017-12-14,T1_45D,29908.905834541332,78992.08361816406,108900.9894527054,115269.26166671011,-5.524692465210679,4,-0.006598344108654786,REFERENCE,This test uses the supplied/current ticker universe and is not a survivorship-bias-free historical index-constituent study.
2017-12-15,T1_45D,44931.76729841523,63978.62350463867,108910.3908030539,115269.26166671011,-5.516536474435196,3,0.008632933819741062,REFERENCE,This test uses the supplied/current ticker universe and is not a survivorship-bias-free historical index-constituent study.
2017-12-18,T1_45D,38658.79752295365,70939.10766601562,109597.90518896928,115269.26166671011,-4.9200943909392,3,0.6312661086292692,REFERENCE,This test uses the supplied/current ticker universe and is not a survivorship-bias-free historical index-constituent study.
2017-12-19,T1_45D,38658.79752295365,71243.14526367188,109901.94278662553,115269.26166671011,-4.656331447323458,3,0.27741186944405527,REFERENCE,This test uses the supplied/current ticker universe and is not a survivorship-bias-free historical index-constituent study.
2017-12-20,T1_45D,38658.79752295365,71307.59399414062,109966.39151709428,115269.26166671011,-4.600419984426174,3,0.05864203019039227,REFERENCE,This test uses the supplied/current ticker universe and is not a survivorship-bias-free historical index-constituent study.
2017-12-21,T1_45D,38658.79752295365,71517.97485351562,110176.77237646928,115269.26166671011,-4.417907442632252,3,0.19131377912158243,REFERENCE,This test uses the supplied/current ticker universe and is not a survivorship-bias-free historical index-constituent study.
2017-12-22,T1_45D,38658.79752295365,72098.93811035156,110757.73563330522,115269.26166671011,-3.913902082976406,3,0.5273010311563686,REFERENCE,This test uses the supplied/current ticker universe and is not a survivorship-bias-free historical index-constituent study.
2017-12-26,T1_45D,62158.44493904483,48556.074462890625,110714.51940193545,115269.26166671011,-3.951393631672817,2,-0.039018702506565806,REFERENCE,This test uses the supplied/current ticker universe and is not a survivorship-bias-free historical index-constituent study.
2017-12-27,T1_45D,62158.44493904483,48340.83642578125,110499.28136482608,115269.26166671011,-4.138119940141516,2,-0.19440813930463596,REFERENCE,This test uses the supplied/current ticker universe and is not a survivorship-bias-free historical index-constituent study.
2017-12-28,T1_45D,62158.44493904483,47486.91870117187,109645.3636402167,115269.26166671011,-4.878922572397803,2,-0.772781247137766,REFERENCE,This test uses the supplied/current ticker universe and is not a survivorship-bias-free historical index-constituent study.
2017-12-29,T1_45D,83508.82193858067,26965.13671875,110473.95865733067,115269.26166671011,-4.16008824906382,1,0.7557045638818538,REFERENCE,This test uses the supplied/current ticker universe and is not a survivorship-bias-free historical index-constituent study.
2018-01-01,T1_45D,83508.82193858067,26721.5068359375,110230.32877451817,115269.26166671011,-4.3714454481035165,1,-0.22053150423276824,REFERENCE,This test uses the supplied/current ticker universe and is not a survivorship-bias-free historical index-constituent study.
2018-01-02,T1_45D,83508.82193858067,26386.505859375,109895.32779795567,115269.26166671011,-4.662070174694655,1,-0.30390998583317286,REFERENCE,This test uses the supplied/current ticker universe and is not a survivorship-bias-free historical index-constituent study.
2018-01-03,T1_45D,83508.82193858067,26351.7041015625,109860.52604014317,115269.26166671011,-4.692261881754545,1,-0.031668095914394456,REFERENCE,This test uses the supplied/current ticker universe and is not a survivorship-bias-free historical index-constituent study.
2018-01-04,T1_45D,83508.82193858067,26843.3232421875,110352.14518076817,115269.26166671011,-4.265765577781966,1,0.4474938891566582,REFERENCE,This test uses the supplied/current ticker universe and is not a survivorship-bias-free historical index-constituent study.
2018-01-05,T1_45D,83508.82193858067,26656.248046875,110165.06998545567,115269.26166671011,-4.4280596643472165,1,-0.16952565353944848,REFERENCE,This test uses the supplied/current ticker universe and is not a survivorship-bias-free historical index-constituent study.
2018-01-08,T1_45D,83508.82193858067,26608.388671875,110117.21061045567,115269.26166671011,-4.46957929786268,1,-0.04344333009211887,REFERENCE,This test uses the supplied/current ticker universe and is not a survivorship-bias-free historical index-constituent study.
2018-01-09,T1_45D,83508.82193858067,26477.865234375,109986.68717295567,115269.26166671011,-4.582812813556913,1,-0.11853136923503094,REFERENCE,This test uses the supplied/current ticker universe and is not a survivorship-bias-free historical index-constituent study.
2018-01-10,T1_45D,83508.82193858067,26199.4306640625,109708.25260264317,115269.26166671011,-4.824364261259917,1,-0.25315297466379505,REFERENCE,This test uses the supplied/current ticker universe and is not a survivorship-bias-free historical index-constituent study.
2018-01-11,T1_45D,67723.710573011,42371.57830810547,110095.28888111647,115269.26166671011,-4.488597142708938,2,0.3527868408178314,REFERENCE,This test uses the supplied/current ticker universe and is not a survivorship-bias-free historical index-constituent study.
2018-01-12,T1_45D,67723.710573011,42415.52282714843,110139.23340015943,115269.26166671011,-4.450473779717323,2,0.039914985908628964,REFERENCE,This test uses the supplied/current ticker universe and is not a survivorship-bias-free historical index-constituent study.
2018-01-15,T1_45D,67723.710573011,42486.33282470703,110210.04339771804,115269.26166671011,-4.389043701537975,2,0.06429134775374212,REFERENCE,This test uses the supplied/current ticker universe and is not a survivorship-bias-free historical index-constituent study.
2018-01-16,T1_45D,93752.23531385421,16779.53155517578,110531.76686902999,115269.26166671011,-4.10993766176635,1,0.2919184689465615,REFERENCE,This test uses the supplied/current ticker universe and is not a survivorship-bias-free historical index-constituent study.
2018-01-17,T1_45D,66268.23591372021,44635.09411621094,110903.33002993115,115269.26166671011,-3.7875939983051388,2,0.33615961404238615,REFERENCE,This test uses the supplied/current ticker universe and is not a survivorship-bias-free historical index-constituent study.
2018-01-18,T1_45D,66268.23591372021,45155.384033203125,111423.61994692334,115269.26166671011,-3.336224821935674,2,0.4691382277265843,REFERENCE,This test uses the supplied/current ticker universe and is not a survivorship-bias-free historical index-constituent study.
2018-01-19,T1_45D,48484.06401645417,63166.322814941406,111650.38683139558,115269.26166671011,-3.1394968467640227,3,0.20351778606748638,REFERENCE,This test uses the supplied/current ticker universe and is not a survivorship-bias-free historical index-constituent study.
2018-01-22,T1_45D,48484.06401645417,63153.208435058594,111637.27245151276,115269.26166671011,-3.1508740167859206,3,-0.011745933225126848,REFERENCE,This test uses the supplied/current ticker universe and is not a survivorship-bias-free historical index-constituent study.
2018-01-23,T1_45D,65879.01980574512,46204.959716796875,112083.979522542,115269.26166671011,-2.7633404587755983,2,0.4001415129729624,REFERENCE,This test uses the supplied/current ticker universe and is not a survivorship-bias-free historical index-constituent study.
2018-01-24,T1_45D,65879.01980574512,45761.129150390625,111640.14895613574,115269.26166671011,-3.148378551315434,2,-0.39598037854908785,REFERENCE,This test uses the supplied/current ticker universe and is not a survivorship-bias-free historical index-constituent study.
2018-01-25,T1_45D,65879.01980574512,46008.24462890625,111887.26443465137,115269.26166671011,-2.933997479603412,2,0.2213500078835695,REFERENCE,This test uses the supplied/current ticker universe and is not a survivorship-bias-free historical index-constituent study.
2018-01-29,T1_45D,65879.01980574512,46475.95947265625,112354.97927840137,115269.26166671011,-2.528238965158902,2,0.4180233077582862,REFERENCE,This test uses the supplied/current ticker universe and is not a survivorship-bias-free historical index-constituent study.
2018-01-30,T1_45D,65879.01980574512,46458.09814453125,112337.11795027637,115269.26166671011,-2.5437342740267987,2,-0.015897228800820784,REFERENCE,This test uses the supplied/current ticker universe and is not a survivorship-bias-free historical index-constituent study.
2018-01-31,T1_45D,65879.01980574512,46483.67919921875,112362.69900496387,115269.26166671011,-2.5215418401397294,2,0.022771685044320478,REFERENCE,This test uses the supplied/current ticker universe and is not a survivorship-bias-free historical index-constituent study.
2018-02-01,T1_45D,94752.89625943812,18280.5322265625,113033.42848600062,115269.26166671011,-1.939661231781109,1,0.5969325113907464,REFERENCE,This test uses the supplied/current ticker universe and is not a survivorship-bias-free historical index-constituent study.
2018-02-02,T1_45D,93889.50940263455,17884.375,111773.88440263455,115269.26166671011,-3.032358508708166,1,-1.114311138073698,REFERENCE,This test uses the supplied/current ticker universe and is not a survivorship-bias-free historical index-constituent study.
2018-02-05,T1_45D,66090.02316026953,45520.58026123047,111610.6034215,115269.26166671011,-3.174010306224373,2,-0.1460815126960946,REFERENCE,This test uses the supplied/current ticker universe and is not a survivorship-bias-free historical index-constituent study.
2018-02-06,T1_45D,82327.7123475183,27655.732421875,109983.4447693933,115269.26166671011,-4.585625708786301,1,-1.4578889480255652,REFERENCE,This test uses the supplied/current ticker universe and is not a survivorship-bias-free historical index-constituent study.
2018-02-07,T1_45D,42295.04968935331,67193.93786621094,109488.98755556425,115269.26166671011,-5.014584137667999,3,-0.44957421988900403,REFERENCE,This test uses the supplied/current ticker universe and is not a survivorship-bias-free historical index-constituent study.
2018-02-08,T1_45D,42295.04968935331,67973.26672363281,110268.31641298613,115269.26166671011,-4.338489881356001,3,0.7117874361806331,REFERENCE,This test uses the supplied/current ticker universe and is not a survivorship-bias-free historical index-constituent study.
2018-02-09,T1_45D,42295.04968935331,67813.48901367188,110108.53870302519,115269.26166671011,-4.477102472128824,3,-0.14489902009796607,REFERENCE,This test uses the supplied/current ticker universe and is not a survivorship-bias-free historical index-constituent study.
2018-02-12,T1_45D,42295.04968935331,67047.50817871094,109342.55786806425,115269.26166671011,-5.14161686554595,3,-0.695659795310577,REFERENCE,This test uses the supplied/current ticker universe and is not a survivorship-bias-free historical index-constituent study.
2018-02-14,T1_45D,42295.04968935331,66960.11950683594,109255.16919618925,115269.26166671011,-5.217429506844617,3,-0.0799219202283985,REFERENCE,This test uses the supplied/current ticker universe and is not a survivorship-bias-free historical index-constituent study.
2018-02-15,T1_45D,42295.04968935331,67401.65270996094,109696.70239931425,115269.26166671011,-4.834384454988849,3,0.4041302634680388,REFERENCE,This test uses the supplied/current ticker universe and is not a survivorship-bias-free historical index-constituent study.
2018-02-16,T1_45D,42295.04968935331,67400.35363769531,109695.40332704863,115269.26166671011,-4.835511444306595,3,-0.0011842400338468728,REFERENCE,This test uses the supplied/current ticker universe and is not a survivorship-bias-free historical index-constituent study.
2018-02-19,T1_45D,87196.36627431621,21363.19482421875,108559.56109853496,115269.26166671011,-5.8208931602039655,1,-1.0354510709325138,REFERENCE,This test uses the supplied/current ticker universe and is not a survivorship-bias-free historical index-constituent study.
2018-02-20,T1_45D,87196.36627431621,21461.352539062504,108657.71881337871,115269.26166671011,-5.735738008323532,1,0.0904183048001217,REFERENCE,This test uses the supplied/current ticker universe and is not a survivorship-bias-free historical index-constituent study.
2018-02-21,T1_45D,87196.36627431621,21658.61279296875,108854.97906728496,115269.26166671011,-5.564608037458784,1,0.18154278965218928,REFERENCE,This test uses the supplied/current ticker universe and is not a survivorship-bias-free historical index-constituent study.
2018-02-22,T1_45D,87196.36627431621,21910.60693359375,109106.97320790996,115269.26166671011,-5.345994560646883,1,0.23149528187336177,REFERENCE,This test uses the supplied/current ticker universe and is not a survivorship-bias-free historical index-constituent study.
2018-02-23,T1_45D,87196.36627431621,21814.338867187504,109010.70514150371,115269.26166671011,-5.429510378319591,1,-0.08823273488011152,REFERENCE,This test uses the supplied/current ticker universe and is not a survivorship-bias-free historical index-constituent study.
2018-02-26,T1_45D,87196.36627431621,21492.49951171875,108688.86578603496,115269.26166671011,-5.708716951533644,1,-0.29523646787806834,REFERENCE,This test uses the supplied/current ticker universe and is not a survivorship-bias-free historical index-constituent study.
2018-02-27,T1_45D,87196.36627431621,21711.459960937504,108907.82623525371,115269.26166671011,-5.518761324115939,1,0.20145619115190527,REFERENCE,This test uses the supplied/current ticker universe and is not a survivorship-bias-free historical index-constituent study.
2018-02-28,T1_45D,87196.36627431621,22134.2841796875,109330.65045400371,115269.26166671011,-5.151946951718411,1,0.38824043539043007,REFERENCE,This test uses the supplied/current ticker universe and is not a survivorship-bias-free historical index-constituent study.
2018-03-01,T1_45D,87196.36627431621,21910.60693359375,109106.97320790996,115269.26166671011,-5.345994560646883,1,-0.20458786732258094,REFERENCE,This test uses the supplied/current ticker universe and is not a survivorship-bias-free historical index-constituent study.
2018-03-05,T1_45D,87196.36627431621,21819.05712890625,109015.42340322246,115269.26166671011,-5.425417126007115,1,-0.08390829843024639,REFERENCE,This test uses the supplied/current ticker universe and is not a survivorship-bias-free historical index-constituent study.
2018-03-06,T1_45D,87196.36627431621,21733.16455078125,108929.53082509746,115269.26166671011,-5.499931855157847,1,-0.07878938176234529,REFERENCE,This test uses the supplied/current ticker universe and is not a survivorship-bias-free historical index-constituent study.
2018-03-07,T1_45D,87196.36627431621,21596.3173828125,108792.68365712871,115269.26166671011,-5.618651421840282,1,-0.12562908050020027,REFERENCE,This test uses the supplied/current ticker universe and is not a survivorship-bias-free historical index-constituent study.
2018-03-08,T1_45D,87196.36627431621,21833.21630859375,109029.58258290996,115269.26166671011,-5.413133556664551,1,0.21775262620404856,REFERENCE,This test uses the supplied/current ticker universe and is not a survivorship-bias-free historical index-constituent study.
2018-03-09,T1_45D,87196.36627431621,21960.62841796875,109156.99469228496,115269.26166671011,-5.302599223805371,1,0.11686012764298148,REFERENCE,This test uses the supplied/current ticker universe and is not a survivorship-bias-free historical index-constituent study.
2018-03-12,T1_45D,87196.36627431621,22382.513671875,109578.87994619121,115269.26166671011,-4.936599435304867,1,0.3864940172597642,REFERENCE,This test uses the supplied/current ticker universe and is not a survivorship-bias-free historical index-constituent study.
2018-03-13,T1_45D,87196.36627431621,22345.705078125,109542.07135244121,115269.26166671011,-4.968532140709392,1,-0.033590956366846836,REFERENCE,This test uses the supplied/current ticker universe and is not a survivorship-bias-free historical index-constituent study.
2018-03-14,T1_45D,87196.36627431621,22289.07421875,109485.44049306621,115269.26166671011,-5.017661334872825,1,-0.05169781680757213,REFERENCE,This test uses the supplied/current ticker universe and is not a survivorship-bias-free historical index-constituent study.
2018-03-15,T1_45D,87196.36627431621,22321.16455078125,109517.53082509746,115269.26166671011,-4.989821881780776,1,0.029310136477267434,REFERENCE,This test uses the supplied/current ticker universe and is not a survivorship-bias-free historical index-constituent study.
2018-03-16,T1_45D,87196.36627431621,22121.077148437504,109317.44342275371,115269.26166671011,-5.163404499948565,1,-0.18269897142156877,REFERENCE,This test uses the supplied/current ticker universe and is not a survivorship-bias-free historical index-constituent study.
2018-03-19,T1_45D,87196.36627431621,21646.344726562504,108842.71100087871,115269.26166671011,-5.575251001791914,1,-0.4342695977979538,REFERENCE,This test uses the supplied/current ticker universe and is not a survivorship-bias-free historical index-constituent study.
2018-03-20,T1_45D,87196.36627431621,21982.33740234375,109178.70367665996,115269.26166671011,-5.283765942442143,1,0.30869561470086015,REFERENCE,This test uses the supplied/current ticker universe and is not a survivorship-bias-free historical index-constituent study.
2018-03-21,T1_45D,87196.36627431621,22038.0205078125,109234.38678212871,115269.26166671011,-5.235458956985994,1,0.051001801261230106,REFERENCE,This test uses the supplied/current ticker universe and is not a survivorship-bias-free historical index-constituent study.
2018-03-22,T1_45D,87196.36627431621,21920.99267578125,109117.35895009746,115269.26166671011,-5.3369845765129265,1,-0.10713460795515051,REFERENCE,This test uses the supplied/current ticker universe and is not a survivorship-bias-free historical index-constituent study.
2018-03-23,T1_45D,87196.36627431621,22039.91162109375,109236.27789540996,115269.26166671011,-5.233818351976549,1,0.1089826096019042,REFERENCE,This test uses the supplied/current ticker universe and is not a survivorship-bias-free historical index-constituent study.
2018-03-26,T1_45D,87196.36627431621,21806.783203125,109003.14947744121,115269.26166671011,-5.436065173547089,1,-0.21341666199206077,REFERENCE,This test uses the supplied/current ticker universe and is not a survivorship-bias-free historical index-constituent study.
2018-03-27,T1_45D,87196.36627431621,21783.19189453125,108979.55816884746,115269.26166671011,-5.456531435109491,1,-0.021642777026942284,REFERENCE,This test uses the supplied/current ticker universe and is not a survivorship-bias-free historical index-constituent study.
2018-03-28,T1_45D,87196.36627431621,21364.139648437504,108560.50592275371,115269.26166671011,-5.820073493100109,1,-0.3845237153966896,REFERENCE,This test uses the supplied/current ticker universe and is not a survivorship-bias-free historical index-constituent study.
2018-04-02,T1_45D,87196.36627431621,21465.12744140625,108661.49371572246,115269.26166671011,-5.732463152313205,1,0.09302443103995639,REFERENCE,This test uses the supplied/current ticker universe and is not a survivorship-bias-free historical index-constituent study.
2018-04-03,T1_45D,87196.36627431621,21527.416992187504,108723.78326650371,115269.26166671011,-5.678424851138553,1,0.057324401359881705,REFERENCE,This test uses the supplied/current ticker universe and is not a survivorship-bias-free historical index-constituent study.
2018-04-04,T1_45D,87196.36627431621,21220.681640625,108417.04791494121,115269.26166671011,-5.944528187906162,1,-0.282123508166221,REFERENCE,This test uses the supplied/current ticker universe and is not a survivorship-bias-free historical index-constituent study.
2018-04-05,T1_45D,87196.36627431621,21661.44287109375,108857.80914540996,115269.26166671011,-5.562152848552326,1,0.4065423648267563,REFERENCE,This test uses the supplied/current ticker universe and is not a survivorship-bias-free historical index-constituent study.
2018-04-06,T1_45D,87196.36627431621,21273.530273437504,108469.89654775371,115269.26166671011,-5.898680203761608,1,-0.35634797420742714,REFERENCE,This test uses the supplied/current ticker universe and is not a survivorship-bias-free historical index-constituent study.
2018-04-09,T1_45D,87196.36627431621,20976.2314453125,108172.59771962871,115269.26166671011,-6.156597035904254,1,-0.27408418149833524,REFERENCE,This test uses the supplied/current ticker universe and is not a survivorship-bias-free historical index-constituent study.
2018-04-10,T1_45D,87196.36627431621,21016.82080078125,108213.18707509746,115269.26166671011,-6.121384391282558,1,0.037522770391396065,REFERENCE,This test uses the supplied/current ticker universe and is not a survivorship-bias-free historical index-constituent study.
2018-04-11,T1_45D,87196.36627431621,21221.62646484375,108417.99273915996,115269.26166671011,-5.943708520802304,1,0.18926128099374662,REFERENCE,This test uses the supplied/current ticker universe and is not a survivorship-bias-free historical index-constituent study.
2018-04-12,T1_45D,87196.36627431621,21945.52734375,109141.89361806621,115269.26166671011,-5.3156999186483755,1,0.6676944118010564,REFERENCE,This test uses the supplied/current ticker universe and is not a survivorship-bias-free historical index-constituent study.
2018-04-13,T1_45D,87196.36627431621,22112.57958984375,109308.94586415996,115269.26166671011,-5.1707764206765034,1,0.1530596918891014,REFERENCE,This test uses the supplied/current ticker universe and is not a survivorship-bias-free historical index-constituent study.
2018-04-16,T1_45D,108565.54648621539,0.0,108565.54648621539,115269.26166671011,-5.815700633077592,0,-0.6800901537083792,REFERENCE,This test uses the supplied/current ticker universe and is not a survivorship-bias-free historical index-constituent study.
2018-04-17,T1_45D,108565.54648621539,0.0,108565.54648621539,115269.26166671011,-5.815700633077592,0,0.0,REFERENCE,This test uses the supplied/current ticker universe and is not a survivorship-bias-free historical index-constituent study.
2018-04-18,T1_45D,108565.54648621539,0.0,108565.54648621539,115269.26166671011,-5.815700633077592,0,0.0,REFERENCE,This test uses the supplied/current ticker universe and is not a survivorship-bias-free historical index-constituent study.
2018-04-19,T1_45D,108565.54648621539,0.0,108565.54648621539,115269.26166671011,-5.815700633077592,0,0.0,REFERENCE,This test uses the supplied/current ticker universe and is not a survivorship-bias-free historical index-constituent study.
2018-04-20,T1_45D,108565.54648621539,0.0,108565.54648621539,115269.26166671011,-5.815700633077592,0,0.0,REFERENCE,This test uses the supplied/current ticker universe and is not a survivorship-bias-free historical index-constituent study.
2018-04-23,T1_45D,108565.54648621539,0.0,108565.54648621539,115269.26166671011,-5.815700633077592,0,0.0,REFERENCE,This test uses the supplied/current ticker universe and is not a survivorship-bias-free historical index-constituent study.
2018-04-24,T1_45D,108565.54648621539,0.0,108565.54648621539,115269.26166671011,-5.815700633077592,0,0.0,REFERENCE,This test uses the supplied/current ticker universe and is not a survivorship-bias-free historical index-constituent study.
2018-04-25,T1_45D,108565.54648621539,0.0,108565.54648621539,115269.26166671011,-5.815700633077592,0,0.0,REFERENCE,This test uses the supplied/current ticker universe and is not a survivorship-bias-free historical index-constituent study.
2018-04-26,T1_45D,108565.54648621539,0.0,108565.54648621539,115269.26166671011,-5.815700633077592,0,0.0,REFERENCE,This test uses the supplied/current ticker universe and is not a survivorship-bias-free historical index-constituent study.
2018-04-27,T1_45D,108565.54648621539,0.0,108565.54648621539,115269.26166671011,-5.815700633077592,0,0.0,REFERENCE,This test uses the supplied/current ticker universe and is not a survivorship-bias-free historical index-constituent study.
2018-04-30,T1_45D,108565.54648621539,0.0,108565.54648621539,115269.26166671011,-5.815700633077592,0,0.0,REFERENCE,This test uses the supplied/current ticker universe and is not a survivorship-bias-free historical index-constituent study.
2018-05-02,T1_45D,108565.54648621539,0.0,108565.54648621539,115269.26166671011,-5.815700633077592,0,0.0,REFERENCE,This test uses the supplied/current ticker universe and is not a survivorship-bias-free historical index-constituent study.
2018-05-03,T1_45D,107747.58391731656,0.0,107747.58391731656,115269.26166671011,-6.525310946418439,0,-0.7534273951291581,REFERENCE,This test uses the supplied/current ticker universe and is not a survivorship-bias-free historical index-constituent study.
2018-05-04,T1_45D,107747.58391731656,0.0,107747.58391731656,115269.26166671011,-6.525310946418439,0,0.0,REFERENCE,This test uses the supplied/current ticker universe and is not a survivorship-bias-free historical index-constituent study.
2018-05-07,T1_45D,107747.58391731656,0.0,107747.58391731656,115269.26166671011,-6.525310946418439,0,0.0,REFERENCE,This test uses the supplied/current ticker universe and is not a survivorship-bias-free historical index-constituent study.
2018-05-08,T1_45D,107747.58391731656,0.0,107747.58391731656,115269.26166671011,-6.525310946418439,0,0.0,REFERENCE,This test uses the supplied/current ticker universe and is not a survivorship-bias-free historical index-constituent study.
2018-05-09,T1_45D,107747.58391731656,0.0,107747.58391731656,115269.26166671011,-6.525310946418439,0,0.0,REFERENCE,This test uses the supplied/current ticker universe and is not a survivorship-bias-free historical index-constituent study.
2018-05-10,T1_45D,107747.58391731656,0.0,107747.58391731656,115269.26166671011,-6.525310946418439,0,0.0,REFERENCE,This test uses the supplied/current ticker universe and is not a survivorship-bias-free historical index-constituent study.
2018-05-11,T1_45D,107747.58391731656,0.0,107747.58391731656,115269.26166671011,-6.525310946418439,0,0.0,REFERENCE,This test uses the supplied/current ticker universe and is not a survivorship-bias-free historical index-constituent study.
2018-05-14,T1_45D,107747.58391731656,0.0,107747.58391731656,115269.26166671011,-6.525310946418439,0,0.0,REFERENCE,This test uses the supplied/current ticker universe and is not a survivorship-bias-free historical index-constituent study.
2018-05-15,T1_45D,107747.58391731656,0.0,107747.58391731656,115269.26166671011,-6.525310946418439,0,0.0,REFERENCE,This test uses the supplied/current ticker universe and is not a survivorship-bias-free historical index-constituent study.
2018-05-16,T1_45D,107747.58391731656,0.0,107747.58391731656,115269.26166671011,-6.525310946418439,0,0.0,REFERENCE,This test uses the supplied/current ticker universe and is not a survivorship-bias-free historical index-constituent study.
2018-05-17,T1_45D,107747.58391731656,0.0,107747.58391731656,115269.26166671011,-6.525310946418439,0,0.0,REFERENCE,This test uses the supplied/current ticker universe and is not a survivorship-bias-free historical index-constituent study.
2018-05-18,T1_45D,88670.88291430692,19127.84307861328,107798.7259929202,115269.26166671011,-6.480943458621469,1,0.047464707554722985,REFERENCE,This test uses the supplied/current ticker universe and is not a survivorship-bias-free historical index-constituent study.
2018-05-21,T1_45D,39464.916961384275,67642.69039916992,107107.60736055419,115269.26166671011,-7.080512348343615,3,-0.6411194807732667,REFERENCE,This test uses the supplied/current ticker universe and is not a survivorship-bias-free historical index-constituent study.
2018-05-22,T1_45D,39464.916961384275,67692.01043701172,107156.92739839599,115269.26166671011,-7.0377255401966154,3,0.04604718474923164,REFERENCE,This test uses the supplied/current ticker universe and is not a survivorship-bias-free historical index-constituent study.
2018-05-23,T1_45D,39464.916961384275,67551.40731811523,107016.3242794995,115269.26166671011,-7.159703521892224,3,-0.13121234651842784,REFERENCE,This test uses the supplied/current ticker universe and is not a survivorship-bias-free historical index-constituent study.
2018-05-24,T1_45D,39464.916961384275,68126.39099121094,107591.3079525952,115269.26166671011,-6.660885654247495,3,0.5372859486315384,REFERENCE,This test uses the supplied/current ticker universe and is not a survivorship-bias-free historical index-constituent study.
2018-05-25,T1_45D,25422.32942786771,82895.60943603516,108317.93886390286,115269.26166671011,-6.0305086562507215,4,0.6753620948894978,REFERENCE,This test uses the supplied/current ticker universe and is not a survivorship-bias-free historical index-constituent study.
2018-05-28,T1_45D,25422.32942786771,83075.61874389648,108497.94817176419,115269.26166671011,-5.87434446706574,4,0.16618605352849425,REFERENCE,This test uses the supplied/current ticker universe and is not a survivorship-bias-free historical index-constituent study.
2018-05-29,T1_45D,25422.32942786771,83220.20690917969,108642.5363370474,115269.26166671011,-5.748909322264295,4,0.133263501955172,REFERENCE,This test uses the supplied/current ticker universe and is not a survivorship-bias-free historical index-constituent study.
2018-05-30,T1_45D,67342.12377270412,41557.08938598633,108899.21315869044,115269.26166671011,-5.526233460606389,2,0.23625812715448724,REFERENCE,This test uses the supplied/current ticker universe and is not a survivorship-bias-free historical index-constituent study.
2018-05-31,T1_45D,95932.9559471985,14047.939666748047,109980.89561394654,115269.26166671011,-4.587837187726906,1,0.9932876683689695,REFERENCE,This test uses the supplied/current ticker universe and is not a survivorship-bias-free historical index-constituent study.
2018-06-01,T1_45D,95932.9559471985,13922.493072509766,109855.44901970826,115269.26166671011,-4.696666369439717,1,-0.11406216828658833,REFERENCE,This test uses the supplied/current ticker universe and is not a survivorship-bias-free historical index-constituent study.
2018-06-04,T1_45D,95932.9559471985,14134.615753173828,110067.57170037233,115269.26166671011,-4.512642738510786,1,0.19309254348047755,REFERENCE,This test uses the supplied/current ticker universe and is not a survivorship-bias-free historical index-constituent study.
2018-06-05,T1_45D,95932.9559471985,13923.063018798828,109856.01896599733,115269.26166671011,-4.696171921673842,1,-0.19220259982739574,REFERENCE,This test uses the supplied/current ticker universe and is not a survivorship-bias-free historical index-constituent study.
2018-06-06,T1_45D,72128.26689977295,37950.602630615234,110078.86953038818,115269.26166671011,-4.502841487203623,2,0.20285694538033638,REFERENCE,This test uses the supplied/current ticker universe and is not a survivorship-bias-free historical index-constituent study.
2018-06-07,T1_45D,72128.26689977295,38257.035888671875,110385.30278844482,115269.26166671011,-4.237000226813958,2,0.27837609467096236,REFERENCE,This test uses the supplied/current ticker universe and is not a survivorship-bias-free historical index-constituent study.
2018-06-08,T1_45D,72128.26689977295,38503.25863647461,110631.52553624756,115269.26166671011,-4.0233936293199495,2,0.22305754623386242,REFERENCE,This test uses the supplied/current ticker universe and is not a survivorship-bias-free historical index-constituent study.
2018-06-11,T1_45D,44723.809982504696,65927.30926513672,110651.11924764141,115269.26166671011,-4.006395419120157,3,0.01771078478660648,REFERENCE,This test uses the supplied/current ticker universe and is not a survivorship-bias-free historical index-constituent study.
2018-06-12,T1_45D,44723.809982504696,66335.96026611328,111059.77024861798,115269.26166671011,-3.651876794581599,3,0.3693148372607036,REFERENCE,This test uses the supplied/current ticker universe and is not a survivorship-bias-free historical index-constituent study.
2018-06-13,T1_45D,69869.66465585955,41754.31558227539,111623.98023813494,115269.26166671011,-3.162405463405449,2,0.5080237319543546,REFERENCE,This test uses the supplied/current ticker universe and is not a survivorship-bias-free historical index-constituent study.
2018-06-14,T1_45D,69869.66465585955,41780.278228759766,111649.94288461932,115269.26166671011,-3.1398819856725546,2,0.023259022325650136,REFERENCE,This test uses the supplied/current ticker universe and is not a survivorship-bias-free historical index-constituent study.
2018-06-15,T1_45D,69869.66465585955,42161.249267578125,112030.91392343768,115269.26166671011,-2.8093766685482913,2,0.34121919722973626,REFERENCE,This test uses the supplied/current ticker universe and is not a survivorship-bias-free historical index-constituent study.
2018-06-18,T1_45D,69869.66465585955,41859.42465209961,111729.08930795916,115269.26166671011,-3.0712197749535486,2,-0.26941190150853167,REFERENCE,This test uses the supplied/current ticker universe and is not a survivorship-bias-free historical index-constituent study.
2018-06-19,T1_45D,69869.66465585955,41616.25759887695,111485.9222547365,115269.26166671011,-3.2821754536025094,2,-0.21763987760825554,REFERENCE,This test uses the supplied/current ticker universe and is not a survivorship-bias-free historical index-constituent study.
2018-06-20,T1_45D,69869.66465585955,42071.78805541992,111941.45271127947,115269.26166671011,-2.886987308943356,2,0.40859908348078733,REFERENCE,This test uses the supplied/current ticker universe and is not a survivorship-bias-free historical index-constituent study.
2018-06-21,T1_45D,69869.66465585955,42130.944763183594,112000.60941904315,115269.26166671011,-2.8356668555039044,2,0.052846114045213,REFERENCE,This test uses the supplied/current ticker universe and is not a survivorship-bias-free historical index-constituent study.
2018-06-22,T1_45D,69869.66465585955,42491.111877441406,112360.77653330096,115269.26166671011,-2.5232096496104472,2,0.3215760308145077,REFERENCE,This test uses the supplied/current ticker universe and is not a survivorship-bias-free historical index-constituent study.
2018-06-25,T1_45D,69869.66465585955,42933.94421386719,112803.60886972674,115269.26166671011,-2.139037555486878,2,0.39411647915634784,REFERENCE,This test uses the supplied/current ticker universe and is not a survivorship-bias-free historical index-constituent study.
2018-06-26,T1_45D,69869.66465585955,42980.29040527344,112849.95506113299,115269.26166671011,-2.098830660139306,2,0.04108573464149945,REFERENCE,This test uses the supplied/current ticker universe and is not a survivorship-bias-free historical index-constituent study.
2018-06-27,T1_45D,69869.66465585955,43141.785217285156,113011.44987314471,115269.26166671011,-1.9587284250103365,2,0.14310578318283973,REFERENCE,This test uses the supplied/current ticker universe and is not a survivorship-bias-free historical index-constituent study.
2018-06-28,T1_45D,69869.66465585955,43615.29022216797,113484.95487802752,115269.26166671011,-1.5479467491010257,2,0.41898852321098357,REFERENCE,This test uses the supplied/current ticker universe and is not a survivorship-bias-free historical index-constituent study.
2018-06-29,T1_45D,85034.89474426123,28247.575317382816,113282.47006164404,115269.26166671011,-1.7236092053844243,1,-0.17842437052657534,REFERENCE,This test uses the supplied/current ticker universe and is not a survivorship-bias-free historical index-constituent study.
2018-07-02,T1_45D,85034.89474426123,27775.989013671875,112810.8837579331,115269.26166671011,-2.132726342852065,1,-0.4162923914479588,REFERENCE,This test uses the supplied/current ticker universe and is not a survivorship-bias-free historical index-constituent study.
2018-07-03,T1_45D,85034.89474426123,27735.126342773438,112770.02108703466,115269.26166671011,-2.168176097893082,1,-0.03622227708641734,REFERENCE,This test uses the supplied/current ticker universe and is not a survivorship-bias-free historical index-constituent study.
2018-07-04,T1_45D,85034.89474426123,28181.928833007816,113216.82357726904,115269.26166671011,-1.7805597604810708,1,0.39620679851566365,REFERENCE,This test uses the supplied/current ticker universe and is not a survivorship-bias-free historical index-constituent study.
2018-07-05,T1_45D,85034.89474426123,28452.55596923828,113487.45071349951,115269.26166671011,-1.5457815270497166,1,0.2390343834772768,REFERENCE,This test uses the supplied/current ticker universe and is not a survivorship-bias-free historical index-constituent study.
2018-07-06,T1_45D,85034.89474426123,28337.338317871094,113372.23306213232,115269.26166671011,-1.6457367533617595,1,-0.10152457442899054,REFERENCE,This test uses the supplied/current ticker universe and is not a survivorship-bias-free historical index-constituent study.
2018-07-09,T1_45D,60691.95224680677,53073.091064453125,113765.0433112599,115269.26166671011,-1.304960519136067,2,0.3464783558706941,REFERENCE,This test uses the supplied/current ticker universe and is not a survivorship-bias-free historical index-constituent study.
2018-07-10,T1_45D,60691.95224680677,53399.377685546875,114091.32993235365,115269.26166671011,-1.0218957919261529,2,0.28680745121418827,REFERENCE,This test uses the supplied/current ticker universe and is not a survivorship-bias-free historical index-constituent study.
2018-07-11,T1_45D,60691.95224680677,53784.884826660156,114476.83707346693,115269.26166671011,-0.6874552519772315,2,0.3378934589875149,REFERENCE,This test uses the supplied/current ticker universe and is not a survivorship-bias-free historical index-constituent study.
2018-07-12,T1_45D,89601.23386875993,24509.87176513672,114111.10563389664,115269.26166671011,-1.0047396990900848,1,-0.31948073419916234,REFERENCE,This test uses the supplied/current ticker universe and is not a survivorship-bias-free historical index-constituent study.
2018-07-13,T1_45D,89601.23386875993,24946.345825195312,114547.57969395524,115269.26166671011,-0.6260836256950619,1,0.3824991946523859,REFERENCE,This test uses the supplied/current ticker universe and is not a survivorship-bias-free historical index-constituent study.
2018-07-16,T1_45D,115288.7805435733,0.0,115288.7805435733,115288.7805435733,0.0,0,0.6470681018301505,REFERENCE,This test uses the supplied/current ticker universe and is not a survivorship-bias-free historical index-constituent study.
2018-07-17,T1_45D,115288.7805435733,0.0,115288.7805435733,115288.7805435733,0.0,0,0.0,REFERENCE,This test uses the supplied/current ticker universe and is not a survivorship-bias-free historical index-constituent study.
2018-07-18,T1_45D,115288.7805435733,0.0,115288.7805435733,115288.7805435733,0.0,0,0.0,REFERENCE,This test uses the supplied/current ticker universe and is not a survivorship-bias-free historical index-constituent study.
2018-07-19,T1_45D,115288.7805435733,0.0,115288.7805435733,115288.7805435733,0.0,0,0.0,REFERENCE,This test uses the supplied/current ticker universe and is not a survivorship-bias-free historical index-constituent study.
2018-07-20,T1_45D,115288.7805435733,0.0,115288.7805435733,115288.7805435733,0.0,0,0.0,REFERENCE,This test uses the supplied/current ticker universe and is not a survivorship-bias-free historical index-constituent study.
2018-07-23,T1_45D,115288.7805435733,0.0,115288.7805435733,115288.7805435733,0.0,0,0.0,REFERENCE,This test uses the supplied/current ticker universe and is not a survivorship-bias-free historical index-constituent study.
2018-07-24,T1_45D,115288.7805435733,0.0,115288.7805435733,115288.7805435733,0.0,0,0.0,REFERENCE,This test uses the supplied/current ticker universe and is not a survivorship-bias-free historical index-constituent study.
2018-07-25,T1_45D,115288.7805435733,0.0,115288.7805435733,115288.7805435733,0.0,0,0.0,REFERENCE,This test uses the supplied/current ticker universe and is not a survivorship-bias-free historical index-constituent study.
2018-07-26,T1_45D,115288.7805435733,0.0,115288.7805435733,115288.7805435733,0.0,0,0.0,REFERENCE,This test uses the supplied/current ticker universe and is not a survivorship-bias-free historical index-constituent study.
2018-07-27,T1_45D,89347.81321901185,25678.271484375,115026.08470338685,115288.7805435733,-0.22785898068127253,1,-0.22785898068127253,REFERENCE,This test uses the supplied/current ticker universe and is not a survivorship-bias-free historical index-constituent study.
2018-07-30,T1_45D,89347.81321901185,25875.46875,115223.28196901185,115288.7805435733,-0.05681261806451676,1,0.17143699721111627,REFERENCE,This test uses the supplied/current ticker universe and is not a survivorship-bias-free historical index-constituent study.
2018-07-31,T1_45D,89347.81321901185,26257.86328125,115605.67650026185,115605.67650026185,0.0,1,0.33187262566678477,REFERENCE,This test uses the supplied/current ticker universe and is not a survivorship-bias-free historical index-constituent study.
2018-08-01,T1_45D,89347.81321901185,25764.3193359375,115112.13255494935,115605.67650026185,-0.42692016538771194,1,-0.42692016538771194,REFERENCE,This test uses the supplied/current ticker universe and is not a survivorship-bias-free historical index-constituent study.
2018-08-02,T1_45D,89347.81321901185,25214.9208984375,114562.73411744935,115605.67650026185,-0.902154993063975,1,-0.47727239979481473,REFERENCE,This test uses the supplied/current ticker universe and is not a survivorship-bias-free historical index-constituent study.
2018-08-03,T1_45D,89347.81321901185,25337.9267578125,114685.73997682435,115605.67650026185,-0.7957537651150037,1,0.10736987059762892,REFERENCE,This test uses the supplied/current ticker universe and is not a survivorship-bias-free historical index-constituent study.
2018-08-06,T1_45D,89347.81321901185,25612.0751953125,114959.88841432435,115605.67650026185,-0.5586127822503895,1,0.2390431779534241,REFERENCE,This test uses the supplied/current ticker universe and is not a survivorship-bias-free historical index-constituent study.
2018-08-07,T1_45D,89347.81321901185,25957.107421875,115304.92064088685,115605.67650026185,-0.26015665361753815,1,0.30013270830515637,REFERENCE,This test uses the supplied/current ticker universe and is not a survivorship-bias-free historical index-constituent study.
2018-08-08,T1_45D,89347.81321901185,25394.1943359375,114742.00755494935,115605.67650026185,-0.7470817795963036,1,-0.48819519826970303,REFERENCE,This test uses the supplied/current ticker universe and is not a survivorship-bias-free historical index-constituent study.
2018-08-09,T1_45D,114433.19471093327,0.0,114433.19471093327,115605.67650026185,-1.0142078008824496,0,-0.269136692477856,REFERENCE,This test uses the supplied/current ticker universe and is not a survivorship-bias-free historical index-constituent study.
2018-08-10,T1_45D,114433.19471093327,0.0,114433.19471093327,115605.67650026185,-1.0142078008824496,0,0.0,REFERENCE,This test uses the supplied/current ticker universe and is not a survivorship-bias-free historical index-constituent study.
2018-08-13,T1_45D,114433.19471093327,0.0,114433.19471093327,115605.67650026185,-1.0142078008824496,0,0.0,REFERENCE,This test uses the supplied/current ticker universe and is not a survivorship-bias-free historical index-constituent study.
2018-08-14,T1_45D,114433.19471093327,0.0,114433.19471093327,115605.67650026185,-1.0142078008824496,0,0.0,REFERENCE,This test uses the supplied/current ticker universe and is not a survivorship-bias-free historical index-constituent study.
2018-08-16,T1_45D,114433.19471093327,0.0,114433.19471093327,115605.67650026185,-1.0142078008824496,0,0.0,REFERENCE,This test uses the supplied/current ticker universe and is not a survivorship-bias-free historical index-constituent study.
2018-08-17,T1_45D,114433.19471093327,0.0,114433.19471093327,115605.67650026185,-1.0142078008824496,0,0.0,REFERENCE,This test uses the supplied/current ticker universe and is not a survivorship-bias-free historical index-constituent study.
2018-08-20,T1_45D,114433.19471093327,0.0,114433.19471093327,115605.67650026185,-1.0142078008824496,0,0.0,REFERENCE,This test uses the supplied/current ticker universe and is not a survivorship-bias-free historical index-constituent study.
2018-08-21,T1_45D,114433.19471093327,0.0,114433.19471093327,115605.67650026185,-1.0142078008824496,0,0.0,REFERENCE,This test uses the supplied/current ticker universe and is not a survivorship-bias-free historical index-constituent study.
2018-08-23,T1_45D,114433.19471093327,0.0,114433.19471093327,115605.67650026185,-1.0142078008824496,0,0.0,REFERENCE,This test uses the supplied/current ticker universe and is not a survivorship-bias-free historical index-constituent study.
2018-08-24,T1_45D,114433.19471093327,0.0,114433.19471093327,115605.67650026185,-1.0142078008824496,0,0.0,REFERENCE,This test uses the supplied/current ticker universe and is not a survivorship-bias-free historical index-constituent study.
2018-08-27,T1_45D,114433.19471093327,0.0,114433.19471093327,115605.67650026185,-1.0142078008824496,0,0.0,REFERENCE,This test uses the supplied/current ticker universe and is not a survivorship-bias-free historical index-constituent study.
2018-08-28,T1_45D,114433.19471093327,0.0,114433.19471093327,115605.67650026185,-1.0142078008824496,0,0.0,REFERENCE,This test uses the supplied/current ticker universe and is not a survivorship-bias-free historical index-constituent study.
2018-08-29,T1_45D,114433.19471093327,0.0,114433.19471093327,115605.67650026185,-1.0142078008824496,0,0.0,REFERENCE,This test uses the supplied/current ticker universe and is not a survivorship-bias-free historical index-constituent study.
2018-08-30,T1_45D,114433.19471093327,0.0,114433.19471093327,115605.67650026185,-1.0142078008824496,0,0.0,REFERENCE,This test uses the supplied/current ticker universe and is not a survivorship-bias-free historical index-constituent study.
2018-08-31,T1_45D,114433.19471093327,0.0,114433.19471093327,115605.67650026185,-1.0142078008824496,0,0.0,REFERENCE,This test uses the supplied/current ticker universe and is not a survivorship-bias-free historical index-constituent study.
2018-09-03,T1_45D,114433.19471093327,0.0,114433.19471093327,115605.67650026185,-1.0142078008824496,0,0.0,REFERENCE,This test uses the supplied/current ticker universe and is not a survivorship-bias-free historical index-constituent study.
2018-09-04,T1_45D,114433.19471093327,0.0,114433.19471093327,115605.67650026185,-1.0142078008824496,0,0.0,REFERENCE,This test uses the supplied/current ticker universe and is not a survivorship-bias-free historical index-constituent study.
2018-09-05,T1_45D,94533.15038169347,19890.214477539062,114423.36485923253,115605.67650026185,-1.0227107152706583,1,-0.008590035195266132,REFERENCE,This test uses the supplied/current ticker universe and is not a survivorship-bias-free historical index-constituent study.
2018-09-06,T1_45D,94533.15038169347,19883.50958251953,114416.659964213,115605.67650026185,-1.028510512670333,1,-0.005859725439627539,REFERENCE,This test uses the supplied/current ticker universe and is not a survivorship-bias-free historical index-constituent study.
2018-09-07,T1_45D,94533.15038169347,19561.56396484375,114094.71434653722,115605.67650026185,-1.306996506976199,1,-0.2813800173650183,REFERENCE,This test uses the supplied/current ticker universe and is not a survivorship-bias-free historical index-constituent study.
2018-09-10,T1_45D,85139.12096204142,28126.64685058594,113265.76781262735,115605.67650026185,-2.0240430733772796,1,-0.7265424508554608,REFERENCE,This test uses the supplied/current ticker universe and is not a survivorship-bias-free historical index-constituent study.
2018-09-11,T1_45D,112688.76624074532,0.0,112688.76624074532,115605.67650026185,-2.523154872511757,0,-0.5094227347105962,REFERENCE,This test uses the supplied/current ticker universe and is not a survivorship-bias-free historical index-constituent study.
2018-09-12,T1_45D,112688.76624074532,0.0,112688.76624074532,115605.67650026185,-2.523154872511757,0,0.0,REFERENCE,This test uses the supplied/current ticker universe and is not a survivorship-bias-free historical index-constituent study.
2018-09-14,T1_45D,112688.76624074532,0.0,112688.76624074532,115605.67650026185,-2.523154872511757,0,0.0,REFERENCE,This test uses the supplied/current ticker universe and is not a survivorship-bias-free historical index-constituent study.
2018-09-17,T1_45D,92639.63863997193,20255.1806640625,112894.81930403443,115605.67650026185,-2.3449170302820455,1,0.18285146795280482,REFERENCE,This test uses the supplied/current ticker universe and is not a survivorship-bias-free historical index-constituent study.
2018-09-18,T1_45D,92639.63863997193,19829.17953491211,112468.81817488404,115605.67650026185,-2.7134120229560743,1,-0.3773433818988092,REFERENCE,This test uses the supplied/current ticker universe and is not a survivorship-bias-free historical index-constituent study.
2018-09-19,T1_45D,92639.63863997193,19959.78057861328,112599.41921858522,115605.67650026185,-2.6004408889643282,1,0.11612200236521542,REFERENCE,This test uses the supplied/current ticker universe and is not a survivorship-bias-free historical index-constituent study.
2018-09-21,T1_45D,111818.22815691755,0.0,111818.22815691755,115605.67650026185,-3.2761785216798733,0,-0.6937789440558007,REFERENCE,This test uses the supplied/current ticker universe and is not a survivorship-bias-free historical index-constituent study.
2018-09-24,T1_45D,69143.07478859,42591.050048828125,111734.12483741813,115605.67650026185,-3.3489286858980005,2,-0.07521431960216818,REFERENCE,This test uses the supplied/current ticker universe and is not a survivorship-bias-free historical index-constituent study.
2018-09-25,T1_45D,69143.07478859,43033.160217285156,112176.23500587516,115605.67650026185,-2.9664992223620734,2,0.3956805220431514,REFERENCE,This test uses the supplied/current ticker universe and is not a survivorship-bias-free historical index-constituent study.
2018-09-26,T1_45D,69143.07478859,43280.22399902344,112423.29878761344,115605.67650026185,-2.752786722061351,2,0.22024609911834858,REFERENCE,This test uses the supplied/current ticker universe and is not a survivorship-bias-free historical index-constituent study.
2018-09-27,T1_45D,69143.07478859,42599.492126464844,111742.56691505485,115605.67650026185,-3.3416262091578552,2,-0.6055078261354097,REFERENCE,This test uses the supplied/current ticker universe and is not a survivorship-bias-free historical index-constituent study.
2018-09-28,T1_45D,95364.39698728081,15591.649658203125,110956.04664548393,115605.67650026185,-4.021973656948741,1,-0.7038680883076687,REFERENCE,This test uses the supplied/current ticker universe and is not a survivorship-bias-free historical index-constituent study.
2018-10-01,T1_45D,95364.39698728081,15878.089599609375,111242.48658689018,115605.67650026185,-3.7742004073318847,1,0.25815622497928903,REFERENCE,This test uses the supplied/current ticker universe and is not a survivorship-bias-free historical index-constituent study.
2018-10-03,T1_45D,95364.39698728081,15531.609924316406,110896.00691159721,115605.67650026185,-4.073908592761855,1,-0.31146343984529423,REFERENCE,This test uses the supplied/current ticker universe and is not a survivorship-bias-free historical index-constituent study.
2018-10-04,T1_45D,110161.49178725656,0.0,110161.49178725656,115605.67650026185,-4.709271099670409,0,-0.6623458723145847,REFERENCE,This test uses the supplied/current ticker universe and is not a survivorship-bias-free historical index-constituent study.
2018-10-05,T1_45D,110161.49178725656,0.0,110161.49178725656,115605.67650026185,-4.709271099670409,0,0.0,REFERENCE,This test uses the supplied/current ticker universe and is not a survivorship-bias-free historical index-constituent study.
2018-10-08,T1_45D,110161.49178725656,0.0,110161.49178725656,115605.67650026185,-4.709271099670409,0,0.0,REFERENCE,This test uses the supplied/current ticker universe and is not a survivorship-bias-free historical index-constituent study.
2018-10-09,T1_45D,110161.49178725656,0.0,110161.49178725656,115605.67650026185,-4.709271099670409,0,0.0,REFERENCE,This test uses the supplied/current ticker universe and is not a survivorship-bias-free historical index-constituent study.
2018-10-10,T1_45D,110161.49178725656,0.0,110161.49178725656,115605.67650026185,-4.709271099670409,0,0.0,REFERENCE,This test uses the supplied/current ticker universe and is not a survivorship-bias-free historical index-constituent study.
2018-10-11,T1_45D,110161.49178725656,0.0,110161.49178725656,115605.67650026185,-4.709271099670409,0,0.0,REFERENCE,This test uses the supplied/current ticker universe and is not a survivorship-bias-free historical index-constituent study.
2018-10-12,T1_45D,110161.49178725656,0.0,110161.49178725656,115605.67650026185,-4.709271099670409,0,0.0,REFERENCE,This test uses the supplied/current ticker universe and is not a survivorship-bias-free historical index-constituent study.
2018-10-15,T1_45D,110161.49178725656,0.0,110161.49178725656,115605.67650026185,-4.709271099670409,0,0.0,REFERENCE,This test uses the supplied/current ticker universe and is not a survivorship-bias-free historical index-constituent study.
2018-10-16,T1_45D,110161.49178725656,0.0,110161.49178725656,115605.67650026185,-4.709271099670409,0,0.0,REFERENCE,This test uses the supplied/current ticker universe and is not a survivorship-bias-free historical index-constituent study.
2018-10-17,T1_45D,110161.49178725656,0.0,110161.49178725656,115605.67650026185,-4.709271099670409,0,0.0,REFERENCE,This test uses the supplied/current ticker universe and is not a survivorship-bias-free historical index-constituent study.
2018-10-19,T1_45D,110161.49178725656,0.0,110161.49178725656,115605.67650026185,-4.709271099670409,0,0.0,REFERENCE,This test uses the supplied/current ticker universe and is not a survivorship-bias-free historical index-constituent study.
2018-10-22,T1_45D,110161.49178725656,0.0,110161.49178725656,115605.67650026185,-4.709271099670409,0,0.0,REFERENCE,This test uses the supplied/current ticker universe and is not a survivorship-bias-free historical index-constituent study.
2018-10-23,T1_45D,110161.49178725656,0.0,110161.49178725656,115605.67650026185,-4.709271099670409,0,0.0,REFERENCE,This test uses the supplied/current ticker universe and is not a survivorship-bias-free historical index-constituent study.
2018-10-24,T1_45D,110161.49178725656,0.0,110161.49178725656,115605.67650026185,-4.709271099670409,0,0.0,REFERENCE,This test uses the supplied/current ticker universe and is not a survivorship-bias-free historical index-constituent study.
2018-10-25,T1_45D,110161.49178725656,0.0,110161.49178725656,115605.67650026185,-4.709271099670409,0,0.0,REFERENCE,This test uses the supplied/current ticker universe and is not a survivorship-bias-free historical index-constituent study.
2018-10-26,T1_45D,110161.49178725656,0.0,110161.49178725656,115605.67650026185,-4.709271099670409,0,0.0,REFERENCE,This test uses the supplied/current ticker universe and is not a survivorship-bias-free historical index-constituent study.
2018-10-29,T1_45D,110161.49178725656,0.0,110161.49178725656,115605.67650026185,-4.709271099670409,0,0.0,REFERENCE,This test uses the supplied/current ticker universe and is not a survivorship-bias-free historical index-constituent study.
2018-10-30,T1_45D,110161.49178725656,0.0,110161.49178725656,115605.67650026185,-4.709271099670409,0,0.0,REFERENCE,This test uses the supplied/current ticker universe and is not a survivorship-bias-free historical index-constituent study.
2018-10-31,T1_45D,110161.49178725656,0.0,110161.49178725656,115605.67650026185,-4.709271099670409,0,0.0,REFERENCE,This test uses the supplied/current ticker universe and is not a survivorship-bias-free historical index-constituent study.
2018-11-01,T1_45D,110161.49178725656,0.0,110161.49178725656,115605.67650026185,-4.709271099670409,0,0.0,REFERENCE,This test uses the supplied/current ticker universe and is not a survivorship-bias-free historical index-constituent study.
2018-11-02,T1_45D,110161.49178725656,0.0,110161.49178725656,115605.67650026185,-4.709271099670409,0,0.0,REFERENCE,This test uses the supplied/current ticker universe and is not a survivorship-bias-free historical index-constituent study.
2018-11-05,T1_45D,110161.49178725656,0.0,110161.49178725656,115605.67650026185,-4.709271099670409,0,0.0,REFERENCE,This test uses the supplied/current ticker universe and is not a survivorship-bias-free historical index-constituent study.
2018-11-06,T1_45D,110161.49178725656,0.0,110161.49178725656,115605.67650026185,-4.709271099670409,0,0.0,REFERENCE,This test uses the supplied/current ticker universe and is not a survivorship-bias-free historical index-constituent study.
2018-11-07,T1_45D,110161.49178725656,0.0,110161.49178725656,115605.67650026185,-4.709271099670409,0,0.0,REFERENCE,This test uses the supplied/current ticker universe and is not a survivorship-bias-free historical index-constituent study.
2018-11-09,T1_45D,110161.49178725656,0.0,110161.49178725656,115605.67650026185,-4.709271099670409,0,0.0,REFERENCE,This test uses the supplied/current ticker universe and is not a survivorship-bias-free historical index-constituent study.
2018-11-12,T1_45D,110161.49178725656,0.0,110161.49178725656,115605.67650026185,-4.709271099670409,0,0.0,REFERENCE,This test uses the supplied/current ticker universe and is not a survivorship-bias-free historical index-constituent study.
2018-11-13,T1_45D,110161.49178725656,0.0,110161.49178725656,115605.67650026185,-4.709271099670409,0,0.0,REFERENCE,This test uses the supplied/current ticker universe and is not a survivorship-bias-free historical index-constituent study.
2018-11-14,T1_45D,110161.49178725656,0.0,110161.49178725656,115605.67650026185,-4.709271099670409,0,0.0,REFERENCE,This test uses the supplied/current ticker universe and is not a survivorship-bias-free historical index-constituent study.
2018-11-15,T1_45D,110161.49178725656,0.0,110161.49178725656,115605.67650026185,-4.709271099670409,0,0.0,REFERENCE,This test uses the supplied/current ticker universe and is not a survivorship-bias-free historical index-constituent study.
2018-11-16,T1_45D,110161.49178725656,0.0,110161.49178725656,115605.67650026185,-4.709271099670409,0,0.0,REFERENCE,This test uses the supplied/current ticker universe and is not a survivorship-bias-free historical index-constituent study.
2018-11-19,T1_45D,110161.49178725656,0.0,110161.49178725656,115605.67650026185,-4.709271099670409,0,0.0,REFERENCE,This test uses the supplied/current ticker universe and is not a survivorship-bias-free historical index-constituent study.
2018-11-20,T1_45D,110161.49178725656,0.0,110161.49178725656,115605.67650026185,-4.709271099670409,0,0.0,REFERENCE,This test uses the supplied/current ticker universe and is not a survivorship-bias-free historical index-constituent study.
2018-11-21,T1_45D,110161.49178725656,0.0,110161.49178725656,115605.67650026185,-4.709271099670409,0,0.0,REFERENCE,This test uses the supplied/current ticker universe and is not a survivorship-bias-free historical index-constituent study.
2018-11-22,T1_45D,110161.49178725656,0.0,110161.49178725656,115605.67650026185,-4.709271099670409,0,0.0,REFERENCE,This test uses the supplied/current ticker universe and is not a survivorship-bias-free historical index-constituent study.
2018-11-26,T1_45D,110161.49178725656,0.0,110161.49178725656,115605.67650026185,-4.709271099670409,0,0.0,REFERENCE,This test uses the supplied/current ticker universe and is not a survivorship-bias-free historical index-constituent study.
2018-11-27,T1_45D,110161.49178725656,0.0,110161.49178725656,115605.67650026185,-4.709271099670409,0,0.0,REFERENCE,This test uses the supplied/current ticker universe and is not a survivorship-bias-free historical index-constituent study.
2018-11-28,T1_45D,110161.49178725656,0.0,110161.49178725656,115605.67650026185,-4.709271099670409,0,0.0,REFERENCE,This test uses the supplied/current ticker universe and is not a survivorship-bias-free historical index-constituent study.
2018-11-29,T1_45D,110161.49178725656,0.0,110161.49178725656,115605.67650026185,-4.709271099670409,0,0.0,REFERENCE,This test uses the supplied/current ticker universe and is not a survivorship-bias-free historical index-constituent study.
2018-11-30,T1_45D,110161.49178725656,0.0,110161.49178725656,115605.67650026185,-4.709271099670409,0,0.0,REFERENCE,This test uses the supplied/current ticker universe and is not a survivorship-bias-free historical index-constituent study.
2018-12-03,T1_45D,110161.49178725656,0.0,110161.49178725656,115605.67650026185,-4.709271099670409,0,0.0,REFERENCE,This test uses the supplied/current ticker universe and is not a survivorship-bias-free historical index-constituent study.
2018-12-04,T1_45D,110161.49178725656,0.0,110161.49178725656,115605.67650026185,-4.709271099670409,0,0.0,REFERENCE,This test uses the supplied/current ticker universe and is not a survivorship-bias-free historical index-constituent study.
2018-12-05,T1_45D,110161.49178725656,0.0,110161.49178725656,115605.67650026185,-4.709271099670409,0,0.0,REFERENCE,This test uses the supplied/current ticker universe and is not a survivorship-bias-free historical index-constituent study.
2018-12-06,T1_45D,86151.03426940725,23948.575927734375,110099.61019714162,115605.67650026185,-4.762799258484296,1,-0.05617352226351402,REFERENCE,This test uses the supplied/current ticker universe and is not a survivorship-bias-free historical index-constituent study.
2018-12-07,T1_45D,86151.03426940725,24262.00927734375,110413.043546751,115605.67650026185,-4.49167645630194,1,0.2846816160821497,REFERENCE,This test uses the supplied/current ticker universe and is not a survivorship-bias-free historical index-constituent study.
2018-12-10,T1_45D,86151.03426940725,23859.019775390625,110010.05404479787,115605.67650026185,-4.840266174517216,1,-0.3649836006762164,REFERENCE,This test uses the supplied/current ticker universe and is not a survivorship-bias-free historical index-constituent study.
2018-12-11,T1_45D,109310.56855388504,0.0,109310.56855388504,115605.67650026185,-5.445327718282544,0,-0.6358377849973507,REFERENCE,This test uses the supplied/current ticker universe and is not a survivorship-bias-free historical index-constituent study.
2018-12-12,T1_45D,109310.56855388504,0.0,109310.56855388504,115605.67650026185,-5.445327718282544,0,0.0,REFERENCE,This test uses the supplied/current ticker universe and is not a survivorship-bias-free historical index-constituent study.
2018-12-13,T1_45D,109310.56855388504,0.0,109310.56855388504,115605.67650026185,-5.445327718282544,0,0.0,REFERENCE,This test uses the supplied/current ticker universe and is not a survivorship-bias-free historical index-constituent study.
2018-12-14,T1_45D,109310.56855388504,0.0,109310.56855388504,115605.67650026185,-5.445327718282544,0,0.0,REFERENCE,This test uses the supplied/current ticker universe and is not a survivorship-bias-free historical index-constituent study.
2018-12-17,T1_45D,109310.56855388504,0.0,109310.56855388504,115605.67650026185,-5.445327718282544,0,0.0,REFERENCE,This test uses the supplied/current ticker universe and is not a survivorship-bias-free historical index-constituent study.
2018-12-18,T1_45D,109310.56855388504,0.0,109310.56855388504,115605.67650026185,-5.445327718282544,0,0.0,REFERENCE,This test uses the supplied/current ticker universe and is not a survivorship-bias-free historical index-constituent study.
2018-12-19,T1_45D,109310.56855388504,0.0,109310.56855388504,115605.67650026185,-5.445327718282544,0,0.0,REFERENCE,This test uses the supplied/current ticker universe and is not a survivorship-bias-free historical index-constituent study.
2018-12-20,T1_45D,109310.56855388504,0.0,109310.56855388504,115605.67650026185,-5.445327718282544,0,0.0,REFERENCE,This test uses the supplied/current ticker universe and is not a survivorship-bias-free historical index-constituent study.
2018-12-21,T1_45D,109310.56855388504,0.0,109310.56855388504,115605.67650026185,-5.445327718282544,0,0.0,REFERENCE,This test uses the supplied/current ticker universe and is not a survivorship-bias-free historical index-constituent study.
2018-12-24,T1_45D,109310.56855388504,0.0,109310.56855388504,115605.67650026185,-5.445327718282544,0,0.0,REFERENCE,This test uses the supplied/current ticker universe and is not a survivorship-bias-free historical index-constituent study.
2018-12-26,T1_45D,109310.56855388504,0.0,109310.56855388504,115605.67650026185,-5.445327718282544,0,0.0,REFERENCE,This test uses the supplied/current ticker universe and is not a survivorship-bias-free historical index-constituent study.
2018-12-27,T1_45D,109310.56855388504,0.0,109310.56855388504,115605.67650026185,-5.445327718282544,0,0.0,REFERENCE,This test uses the supplied/current ticker universe and is not a survivorship-bias-free historical index-constituent study.
2018-12-28,T1_45D,109310.56855388504,0.0,109310.56855388504,115605.67650026185,-5.445327718282544,0,0.0,REFERENCE,This test uses the supplied/current ticker universe and is not a survivorship-bias-free historical index-constituent study.
2018-12-31,T1_45D,109310.56855388504,0.0,109310.56855388504,115605.67650026185,-5.445327718282544,0,0.0,REFERENCE,This test uses the supplied/current ticker universe and is not a survivorship-bias-free historical index-constituent study.
2019-01-01,T1_45D,109310.56855388504,0.0,109310.56855388504,115605.67650026185,-5.445327718282544,0,0.0,REFERENCE,This test uses the supplied/current ticker universe and is not a survivorship-bias-free historical index-constituent study.
2019-01-02,T1_45D,109310.56855388504,0.0,109310.56855388504,115605.67650026185,-5.445327718282544,0,0.0,REFERENCE,This test uses the supplied/current ticker universe and is not a survivorship-bias-free historical index-constituent study.
2019-01-03,T1_45D,109310.56855388504,0.0,109310.56855388504,115605.67650026185,-5.445327718282544,0,0.0,REFERENCE,This test uses the supplied/current ticker universe and is not a survivorship-bias-free historical index-constituent study.
2019-01-04,T1_45D,109310.56855388504,0.0,109310.56855388504,115605.67650026185,-5.445327718282544,0,0.0,REFERENCE,This test uses the supplied/current ticker universe and is not a survivorship-bias-free historical index-constituent study.
2019-01-07,T1_45D,109310.56855388504,0.0,109310.56855388504,115605.67650026185,-5.445327718282544,0,0.0,REFERENCE,This test uses the supplied/current ticker universe and is not a survivorship-bias-free historical index-constituent study.
2019-01-08,T1_45D,109310.56855388504,0.0,109310.56855388504,115605.67650026185,-5.445327718282544,0,0.0,REFERENCE,This test uses the supplied/current ticker universe and is not a survivorship-bias-free historical index-constituent study.
2019-01-09,T1_45D,109310.56855388504,0.0,109310.56855388504,115605.67650026185,-5.445327718282544,0,0.0,REFERENCE,This test uses the supplied/current ticker universe and is not a survivorship-bias-free historical index-constituent study.
2019-01-10,T1_45D,109310.56855388504,0.0,109310.56855388504,115605.67650026185,-5.445327718282544,0,0.0,REFERENCE,This test uses the supplied/current ticker universe and is not a survivorship-bias-free historical index-constituent study.
2019-01-11,T1_45D,109310.56855388504,0.0,109310.56855388504,115605.67650026185,-5.445327718282544,0,0.0,REFERENCE,This test uses the supplied/current ticker universe and is not a survivorship-bias-free historical index-constituent study.
2019-01-14,T1_45D,109310.56855388504,0.0,109310.56855388504,115605.67650026185,-5.445327718282544,0,0.0,REFERENCE,This test uses the supplied/current ticker universe and is not a survivorship-bias-free historical index-constituent study.
2019-01-15,T1_45D,109310.56855388504,0.0,109310.56855388504,115605.67650026185,-5.445327718282544,0,0.0,REFERENCE,This test uses the supplied/current ticker universe and is not a survivorship-bias-free historical index-constituent study.
2019-01-16,T1_45D,82590.87688863704,26623.52734375,109214.40423238704,115605.67650026185,-5.5285107629298285,1,-0.08797348945320804,REFERENCE,This test uses the supplied/current ticker universe and is not a survivorship-bias-free historical index-constituent study.
2019-01-17,T1_45D,82590.87688863704,26307.352661132812,108898.22954976985,115605.67650026185,-5.802004844006781,1,-0.28949906822219873,REFERENCE,This test uses the supplied/current ticker universe and is not a survivorship-bias-free historical index-constituent study.
2019-01-18,T1_45D,108519.77543044876,0.0,108519.77543044876,115605.67650026185,-6.129371224947622,0,-0.34753009381858213,REFERENCE,This test uses the supplied/current ticker universe and is not a survivorship-bias-free historical index-constituent study.
2019-01-21,T1_45D,108519.77543044876,0.0,108519.77543044876,115605.67650026185,-6.129371224947622,0,0.0,REFERENCE,This test uses the supplied/current ticker universe and is not a survivorship-bias-free historical index-constituent study.
2019-01-22,T1_45D,108519.77543044876,0.0,108519.77543044876,115605.67650026185,-6.129371224947622,0,0.0,REFERENCE,This test uses the supplied/current ticker universe and is not a survivorship-bias-free historical index-constituent study.
2019-01-23,T1_45D,108519.77543044876,0.0,108519.77543044876,115605.67650026185,-6.129371224947622,0,0.0,REFERENCE,This test uses the supplied/current ticker universe and is not a survivorship-bias-free historical index-constituent study.
2019-01-24,T1_45D,108519.77543044876,0.0,108519.77543044876,115605.67650026185,-6.129371224947622,0,0.0,REFERENCE,This test uses the supplied/current ticker universe and is not a survivorship-bias-free historical index-constituent study.
2019-01-25,T1_45D,108519.77543044876,0.0,108519.77543044876,115605.67650026185,-6.129371224947622,0,0.0,REFERENCE,This test uses the supplied/current ticker universe and is not a survivorship-bias-free historical index-constituent study.
2019-01-28,T1_45D,108519.77543044876,0.0,108519.77543044876,115605.67650026185,-6.129371224947622,0,0.0,REFERENCE,This test uses the supplied/current ticker universe and is not a survivorship-bias-free historical index-constituent study.
2019-01-29,T1_45D,108519.77543044876,0.0,108519.77543044876,115605.67650026185,-6.129371224947622,0,0.0,REFERENCE,This test uses the supplied/current ticker universe and is not a survivorship-bias-free historical index-constituent study.
2019-01-30,T1_45D,108519.77543044876,0.0,108519.77543044876,115605.67650026185,-6.129371224947622,0,0.0,REFERENCE,This test uses the supplied/current ticker universe and is not a survivorship-bias-free historical index-constituent study.
2019-01-31,T1_45D,108519.77543044876,0.0,108519.77543044876,115605.67650026185,-6.129371224947622,0,0.0,REFERENCE,This test uses the supplied/current ticker universe and is not a survivorship-bias-free historical index-constituent study.
2019-02-01,T1_45D,108519.77543044876,0.0,108519.77543044876,115605.67650026185,-6.129371224947622,0,0.0,REFERENCE,This test uses the supplied/current ticker universe and is not a survivorship-bias-free historical index-constituent study.
2019-02-04,T1_45D,108519.77543044876,0.0,108519.77543044876,115605.67650026185,-6.129371224947622,0,0.0,REFERENCE,This test uses the supplied/current ticker universe and is not a survivorship-bias-free historical index-constituent study.
2019-02-05,T1_45D,108519.77543044876,0.0,108519.77543044876,115605.67650026185,-6.129371224947622,0,0.0,REFERENCE,This test uses the supplied/current ticker universe and is not a survivorship-bias-free historical index-constituent study.
2019-02-06,T1_45D,108519.77543044876,0.0,108519.77543044876,115605.67650026185,-6.129371224947622,0,0.0,REFERENCE,This test uses the supplied/current ticker universe and is not a survivorship-bias-free historical index-constituent study.
2019-02-07,T1_45D,108519.77543044876,0.0,108519.77543044876,115605.67650026185,-6.129371224947622,0,0.0,REFERENCE,This test uses the supplied/current ticker universe and is not a survivorship-bias-free historical index-constituent study.
2019-02-08,T1_45D,108519.77543044876,0.0,108519.77543044876,115605.67650026185,-6.129371224947622,0,0.0,REFERENCE,This test uses the supplied/current ticker universe and is not a survivorship-bias-free historical index-constituent study.
2019-02-11,T1_45D,108519.77543044876,0.0,108519.77543044876,115605.67650026185,-6.129371224947622,0,0.0,REFERENCE,This test uses the supplied/current ticker universe and is not a survivorship-bias-free historical index-constituent study.
2019-02-12,T1_45D,108519.77543044876,0.0,108519.77543044876,115605.67650026185,-6.129371224947622,0,0.0,REFERENCE,This test uses the supplied/current ticker universe and is not a survivorship-bias-free historical index-constituent study.
2019-02-14,T1_45D,108519.77543044876,0.0,108519.77543044876,115605.67650026185,-6.129371224947622,0,0.0,REFERENCE,This test uses the supplied/current ticker universe and is not a survivorship-bias-free historical index-constituent study.
2019-02-15,T1_45D,108519.77543044876,0.0,108519.77543044876,115605.67650026185,-6.129371224947622,0,0.0,REFERENCE,This test uses the supplied/current ticker universe and is not a survivorship-bias-free historical index-constituent study.
2019-02-18,T1_45D,108519.77543044876,0.0,108519.77543044876,115605.67650026185,-6.129371224947622,0,0.0,REFERENCE,This test uses the supplied/current ticker universe and is not a survivorship-bias-free historical index-constituent study.
2019-02-19,T1_45D,108519.77543044876,0.0,108519.77543044876,115605.67650026185,-6.129371224947622,0,0.0,REFERENCE,This test uses the supplied/current ticker universe and is not a survivorship-bias-free historical index-constituent study.
2019-02-20,T1_45D,108519.77543044876,0.0,108519.77543044876,115605.67650026185,-6.129371224947622,0,0.0,REFERENCE,This test uses the supplied/current ticker universe and is not a survivorship-bias-free historical index-constituent study.
2019-02-21,T1_45D,108519.77543044876,0.0,108519.77543044876,115605.67650026185,-6.129371224947622,0,0.0,REFERENCE,This test uses the supplied/current ticker universe and is not a survivorship-bias-free historical index-constituent study.
2019-02-22,T1_45D,108519.77543044876,0.0,108519.77543044876,115605.67650026185,-6.129371224947622,0,0.0,REFERENCE,This test uses the supplied/current ticker universe and is not a survivorship-bias-free historical index-constituent study.
2019-02-25,T1_45D,108519.77543044876,0.0,108519.77543044876,115605.67650026185,-6.129371224947622,0,0.0,REFERENCE,This test uses the supplied/current ticker universe and is not a survivorship-bias-free historical index-constituent study.
2019-02-26,T1_45D,108519.77543044876,0.0,108519.77543044876,115605.67650026185,-6.129371224947622,0,0.0,REFERENCE,This test uses the supplied/current ticker universe and is not a survivorship-bias-free historical index-constituent study.
2019-02-27,T1_45D,108519.77543044876,0.0,108519.77543044876,115605.67650026185,-6.129371224947622,0,0.0,REFERENCE,This test uses the supplied/current ticker universe and is not a survivorship-bias-free historical index-constituent study.
2019-02-28,T1_45D,108519.77543044876,0.0,108519.77543044876,115605.67650026185,-6.129371224947622,0,0.0,REFERENCE,This test uses the supplied/current ticker universe and is not a survivorship-bias-free historical index-constituent study.
2019-03-01,T1_45D,108519.77543044876,0.0,108519.77543044876,115605.67650026185,-6.129371224947622,0,0.0,REFERENCE,This test uses the supplied/current ticker universe and is not a survivorship-bias-free historical index-constituent study.
2019-03-05,T1_45D,108519.77543044876,0.0,108519.77543044876,115605.67650026185,-6.129371224947622,0,0.0,REFERENCE,This test uses the supplied/current ticker universe and is not a survivorship-bias-free historical index-constituent study.
2019-03-06,T1_45D,84063.95043510188,24597.867919921875,108661.81835502376,115605.67650026185,-6.006502756136167,1,0.13089128134626815,REFERENCE,This test uses the supplied/current ticker universe and is not a survivorship-bias-free historical index-constituent study.
2019-03-07,T1_45D,84063.95043510188,24277.180053710938,108341.13048881282,115605.67650026185,-6.2839007835679865,1,-0.29512470071425545,REFERENCE,This test uses the supplied/current ticker universe and is not a survivorship-bias-free historical index-constituent study.
2019-03-08,T1_45D,84063.95043510188,23921.222778320312,107985.1732134222,115605.67650026185,-6.591807182428788,1,-0.3285522993757062,REFERENCE,This test uses the supplied/current ticker universe and is not a survivorship-bias-free historical index-constituent study.
2019-03-11,T1_45D,84063.95043510188,23884.286743164062,107948.23717826595,115605.67650026185,-6.62375720103896,1,-0.03420472835029553,REFERENCE,This test uses the supplied/current ticker universe and is not a survivorship-bias-free historical index-constituent study.
2019-03-12,T1_45D,84063.95043510188,23739.890869140625,107803.84130424251,115605.67650026185,-6.748660993304833,1,-0.13376399448281617,REFERENCE,This test uses the supplied/current ticker universe and is not a survivorship-bias-free historical index-constituent study.
2019-03-13,T1_45D,84063.95043510188,23790.260009765625,107854.21044486751,115605.67650026185,-6.70509121182884,1,0.0467229553377857,REFERENCE,This test uses the supplied/current ticker universe and is not a survivorship-bias-free historical index-constituent study.
2019-03-14,T1_45D,84063.95043510188,23786.896728515625,107850.84716361751,115605.67650026185,-6.7080004818161125,1,-0.00311835878833433,REFERENCE,This test uses the supplied/current ticker universe and is not a survivorship-bias-free historical index-constituent study.
2019-03-15,T1_45D,84063.95043510188,24129.4208984375,108193.37133353938,115605.67650026185,-6.4117138458211205,1,0.3175906160498121,REFERENCE,This test uses the supplied/current ticker universe and is not a survivorship-bias-free historical index-constituent study.
2019-03-18,T1_45D,84063.95043510188,23849.024841308594,107912.97527641048,115605.67650026185,-6.6542590785617195,1,-0.2591619557398728,REFERENCE,This test uses the supplied/current ticker universe and is not a survivorship-bias-free historical index-constituent study.
2019-03-19,T1_45D,84063.95043510188,24253.67462158203,108317.62505668392,115605.67650026185,-6.304233203947751,1,0.37497787382561043,REFERENCE,This test uses the supplied/current ticker universe and is not a survivorship-bias-free historical index-constituent study.
2019-03-20,T1_45D,84063.95043510188,24814.466735839844,108878.41717094173,115605.67650026185,-5.819142738466554,1,0.5177293297968344,REFERENCE,This test uses the supplied/current ticker universe and is not a survivorship-bias-free historical index-constituent study.
2019-03-22,T1_45D,84063.95043510188,24953.83270263672,109017.7831377386,115605.67650026185,-5.698589863369142,1,0.1280014629327919,REFERENCE,This test uses the supplied/current ticker universe and is not a survivorship-bias-free historical index-constituent study.
2019-03-25,T1_45D,84063.95043510188,24690.223022460938,108754.17345756282,115605.67650026185,-5.926614721798296,1,-0.24180429338094278,REFERENCE,This test uses the supplied/current ticker universe and is not a survivorship-bias-free historical index-constituent study.
2019-03-26,T1_45D,84063.95043510188,24438.367309570312,108502.3177446722,115605.67650026185,-6.144472287719848,1,-0.23158257277262617,REFERENCE,This test uses the supplied/current ticker universe and is not a survivorship-bias-free historical index-constituent study.
2019-03-27,T1_45D,84063.95043510188,24503.848693847656,108567.79912894954,115605.67650026185,-6.087830273019823,1,0.06035021706305432,REFERENCE,This test uses the supplied/current ticker universe and is not a survivorship-bias-free historical index-constituent study.
2019-03-28,T1_45D,84063.95043510188,24775.846557617188,108839.79699271907,115605.67650026185,-5.852549556705766,1,0.250532723286101,REFERENCE,This test uses the supplied/current ticker universe and is not a survivorship-bias-free historical index-constituent study.
2019-04-01,T1_45D,84063.95043510188,25356.795837402344,109420.74627250423,115605.67650026185,-5.350022953019618,1,0.5337654937228598,REFERENCE,This test uses the supplied/current ticker universe and is not a survivorship-bias-free historical index-constituent study.
2019-04-02,T1_45D,84063.95043510188,25501.19171142578,109565.14214652767,115605.67650026185,-5.225119160753755,1,0.13196389070846415,REFERENCE,This test uses the supplied/current ticker universe and is not a survivorship-bias-free historical index-constituent study.
2019-04-03,T1_45D,84063.95043510188,25296.35186767578,109360.30230277767,115605.67650026185,-5.40230755664497,1,-0.18695712864229552,REFERENCE,This test uses the supplied/current ticker universe and is not a survivorship-bias-free historical index-constituent study.
2019-04-04,T1_45D,84063.95043510188,25115.01495361328,109178.96538871517,115605.67650026185,-5.5591656967918235,1,-0.16581603218364105,REFERENCE,This test uses the supplied/current ticker universe and is not a survivorship-bias-free historical index-constituent study.
2019-04-05,T1_45D,60771.27872125276,49038.69226074219,109809.97098199495,115605.67650026185,-5.013339910046522,2,0.5779552783204966,REFERENCE,This test uses the supplied/current ticker universe and is not a survivorship-bias-free historical index-constituent study.
2019-04-08,T1_45D,60771.27872125276,49097.702728271484,109868.98144952425,115605.67650026185,-4.9622952993355955,2,0.05373871516547446,REFERENCE,This test uses the supplied/current ticker universe and is not a survivorship-bias-free historical index-constituent study.
2019-04-09,T1_45D,86678.06569123105,23938.673400878906,110616.73909210996,115605.67650026185,-4.315477889306408,1,0.680590311041751,REFERENCE,This test uses the supplied/current ticker universe and is not a survivorship-bias-free historical index-constituent study.
2019-04-10,T1_45D,86678.06569123105,23760.861053466797,110438.92674469785,115605.67650026185,-4.4692872460741935,1,-0.16074632905608288,REFERENCE,This test uses the supplied/current ticker universe and is not a survivorship-bias-free historical index-constituent study.
2019-04-11,T1_45D,86678.06569123105,23510.71060180664,110188.77629303769,115605.67650026185,-4.685669744955723,1,-0.22650568874000854,REFERENCE,This test uses the supplied/current ticker universe and is not a survivorship-bias-free historical index-constituent study.
2019-04-12,T1_45D,86678.06569123105,23784.97055053711,110463.03624176816,115605.67650026185,-4.448432303825534,1,0.24890007672024872,REFERENCE,This test uses the supplied/current ticker universe and is not a survivorship-bias-free historical index-constituent study.
2019-04-15,T1_45D,86678.06569123105,23673.45932006836,110351.52501129941,115605.67650026185,-4.544890569409487,1,-0.10094890948378898,REFERENCE,This test uses the supplied/current ticker universe and is not a survivorship-bias-free historical index-constituent study.
2019-04-16,T1_45D,86678.06569123105,24532.395721435547,111210.4614126666,115605.67650026185,-3.8019024849400895,1,0.778363870620935,REFERENCE,This test uses the supplied/current ticker universe and is not a survivorship-bias-free historical index-constituent study.
2019-04-18,T1_45D,111426.79571747757,0.0,111426.79571747757,115605.67650026185,-3.6147712718715974,0,0.1945269375407177,REFERENCE,This test uses the supplied/current ticker universe and is not a survivorship-bias-free historical index-constituent study.
2019-04-22,T1_45D,111426.79571747757,0.0,111426.79571747757,115605.67650026185,-3.6147712718715974,0,0.0,REFERENCE,This test uses the supplied/current ticker universe and is not a survivorship-bias-free historical index-constituent study.
2019-04-23,T1_45D,63139.62373674732,47961.55212402344,111101.17586077076,115605.67650026185,-3.8964355175767573,2,-0.2922276052273909,REFERENCE,This test uses the supplied/current ticker universe and is not a survivorship-bias-free historical index-constituent study.
2019-04-24,T1_45D,63139.62373674732,48752.19860839844,111891.82234514576,115605.67650026185,-3.2125188550820694,2,0.711645469320521,REFERENCE,This test uses the supplied/current ticker universe and is not a survivorship-bias-free historical index-constituent study.
2019-04-25,T1_45D,63139.62373674732,48247.463134765625,111387.08687151295,115605.67650026185,-3.6491197979706014,2,-0.4510923703395342,REFERENCE,This test uses the supplied/current ticker universe and is not a survivorship-bias-free historical index-constituent study.
2019-04-26,T1_45D,63139.62373674732,48884.26007080078,112023.8838075481,115605.67650026185,-3.098284445146282,2,0.5716972711295565,REFERENCE,This test uses the supplied/current ticker universe and is not a survivorship-bias-free historical index-constituent study.
2019-04-30,T1_45D,63139.62373674732,49160.07873535156,112299.70247209888,115605.67650026185,-2.8596987001373364,2,0.246214160030922,REFERENCE,This test uses the supplied/current ticker universe and is not a survivorship-bias-free historical index-constituent study.
2019-05-02,T1_45D,91660.30545025328,20668.251037597656,112328.55648785093,115605.67650026185,-2.8347397045018763,1,0.025693759749012557,REFERENCE,This test uses the supplied/current ticker universe and is not a survivorship-bias-free historical index-constituent study.
2019-05-03,T1_45D,91660.30545025328,20792.33563232422,112452.6410825775,115605.67650026185,-2.727405360304447,1,0.11046576098392435,REFERENCE,This test uses the supplied/current ticker universe and is not a survivorship-bias-free historical index-constituent study.
2019-05-06,T1_45D,64028.988127689765,48938.19348144531,112967.18160913508,115605.67650026185,-2.282322954202687,2,0.4575619759608296,REFERENCE,This test uses the supplied/current ticker universe and is not a survivorship-bias-free historical index-constituent study.
2019-05-07,T1_45D,64028.988127689765,48639.68194580078,112668.67007349055,115605.67650026185,-2.5405382466358817,2,-0.26424624514168604,REFERENCE,This test uses the supplied/current ticker universe and is not a survivorship-bias-free historical index-constituent study.
2019-05-08,T1_45D,83943.40076927526,28164.291015625,112107.69178490026,115605.67650026185,-3.025789754669761,1,-0.49790087006829076,REFERENCE,This test uses the supplied/current ticker universe and is not a survivorship-bias-free historical index-constituent study.
2019-05-09,T1_45D,83943.40076927526,28422.0078125,112365.40858177526,115605.67650026185,-2.8028622958486293,1,0.22988324241790536,REFERENCE,This test uses the supplied/current ticker universe and is not a survivorship-bias-free historical index-constituent study.
2019-05-10,T1_45D,83943.40076927526,27941.234375,111884.63514427526,115605.67650026185,-3.2187358515895714,1,-0.42786605198886773,REFERENCE,This test uses the supplied/current ticker universe and is not a survivorship-bias-free historical index-constituent study.
2019-05-13,T1_45D,83943.40076927526,27849.009765625,111792.41053490026,115605.67650026185,-3.298511008110361,1,-0.08242830595647233,REFERENCE,This test uses the supplied/current ticker universe and is not a survivorship-bias-free historical index-constituent study.
2019-05-14,T1_45D,83943.40076927526,27372.80859375,111316.20936302526,115605.67650026185,-3.710429510982416,1,-0.4259691419090883,REFERENCE,This test uses the supplied/current ticker universe and is not a survivorship-bias-free historical index-constituent study.
2019-05-15,T1_45D,56143.383588215765,55028.814697265625,111172.1982854814,115605.67650026185,-3.8350004506659374,2,-0.12937116559028627,REFERENCE,This test uses the supplied/current ticker universe and is not a survivorship-bias-free historical index-constituent study.
2019-05-16,T1_45D,56143.383588215765,55432.7942199707,111576.17780818648,115605.67650026185,-3.4855543551671975,2,0.36338178873434046,REFERENCE,This test uses the supplied/current ticker universe and is not a survivorship-bias-free historical index-constituent study.
2019-05-17,T1_45D,56143.383588215765,55361.2551574707,111504.63874568648,115605.67650026185,-3.54743631863621,2,-0.0641167890004124,REFERENCE,This test uses the supplied/current ticker universe and is not a survivorship-bias-free historical index-constituent study.
2019-05-20,T1_45D,83079.93082509177,28323.592681884766,111403.52350697653,115605.67650026185,-3.634901953344649,1,-0.09068254006953103,REFERENCE,This test uses the supplied/current ticker universe and is not a survivorship-bias-free historical index-constituent study.
2019-05-21,T1_45D,75223.72321048194,35678.5791015625,110902.30231204444,115605.67650026185,-4.068463012027578,2,-0.44991502885517454,REFERENCE,This test uses the supplied/current ticker universe and is not a survivorship-bias-free historical index-constituent study.
2019-05-22,T1_45D,75223.72321048194,35369.3798828125,110593.10309329444,115605.67650026185,-4.33592325110096,2,-0.27880324601378126,REFERENCE,This test uses the supplied/current ticker universe and is not a survivorship-bias-free historical index-constituent study.
2019-05-23,T1_45D,75223.72321048194,35254.22622680664,110477.94943728858,115605.67650026185,-4.43553224911205,2,-0.1041237227141667,REFERENCE,This test uses the supplied/current ticker universe and is not a survivorship-bias-free historical index-constituent study.
2019-05-24,T1_45D,75223.72321048194,35489.4938659668,110713.21707644874,115605.67650026185,-4.232023523344919,2,0.21295438624493457,REFERENCE,This test uses the supplied/current ticker universe and is not a survivorship-bias-free historical index-constituent study.
2019-05-27,T1_45D,75223.72321048194,35461.02352142334,110684.74673190528,115605.67650026185,-4.256650639768045,2,-0.025715398120707,REFERENCE,This test uses the supplied/current ticker universe and is not a survivorship-bias-free historical index-constituent study.
2019-05-28,T1_45D,75223.72321048194,35645.44380187988,110869.16701236182,115605.67650026185,-4.09712535862311,2,0.16661761073839543,REFERENCE,This test uses the supplied/current ticker universe and is not a survivorship-bias-free historical index-constituent study.
2019-05-29,T1_45D,75223.72321048194,35877.02705383301,111100.75026431495,115605.67650026185,-3.896803662523174,2,0.20887976178922685,REFERENCE,This test uses the supplied/current ticker universe and is not a survivorship-bias-free historical index-constituent study.
2019-05-30,T1_45D,75223.72321048194,36129.7900390625,111353.51324954444,115605.67650026185,-3.678161297475535,2,0.22750790127712417,REFERENCE,This test uses the supplied/current ticker universe and is not a survivorship-bias-free historical index-constituent study.
2019-05-31,T1_45D,75223.72321048194,35981.10427856445,111204.8274890464,115605.67650026185,-3.806775881983171,2,-0.13352588181464453,REFERENCE,This test uses the supplied/current ticker universe and is not a survivorship-bias-free historical index-constituent study.
2019-06-03,T1_45D,75223.72321048194,36502.49710083008,111726.22031131202,115605.67650026185,-3.3557661754966217,2,0.4688580829073974,REFERENCE,This test uses the supplied/current ticker universe and is not a survivorship-bias-free historical index-constituent study.
2019-06-04,T1_45D,75223.72321048194,36842.457580566406,112066.18079104835,115605.67650026185,-3.0616971556803096,2,0.3042799432300347,REFERENCE,This test uses the supplied/current ticker universe and is not a survivorship-bias-free historical index-constituent study.
2019-06-06,T1_45D,75223.72321048194,36472.820739746094,111696.54395022804,115605.67650026185,-3.381436507596547,2,-0.3298379923462491,REFERENCE,This test uses the supplied/current ticker universe and is not a survivorship-bias-free historical index-constituent study.
2019-06-07,T1_45D,75223.72321048194,36782.468032836914,112006.19124331886,115605.67650026185,-3.1135886799943058,2,0.2772219104906215,REFERENCE,This test uses the supplied/current ticker universe and is not a survivorship-bias-free historical index-constituent study.
2019-06-10,T1_45D,75223.72321048194,37083.391342163086,112307.11455264503,115605.67650026185,-2.853287180590436,2,0.2686666745702171,REFERENCE,This test uses the supplied/current ticker universe and is not a survivorship-bias-free historical index-constituent study.
2019-06-11,T1_45D,104415.86865632182,8097.8106689453125,112513.67932526713,115605.67650026185,-2.6746067049637556,1,0.18392848346688861,REFERENCE,This test uses the supplied/current ticker universe and is not a survivorship-bias-free historical index-constituent study.
2019-06-12,T1_45D,104415.86865632182,8085.3875732421875,112501.25622956401,115605.67650026185,-2.6853527998608295,1,-0.0110414091669786,REFERENCE,This test uses the supplied/current ticker universe and is not a survivorship-bias-free historical index-constituent study.
2019-06-13,T1_45D,104415.86865632182,8150.9814453125,112566.85010163432,115605.67650026185,-2.6286134821594587,1,0.058305013000437,REFERENCE,This test uses the supplied/current ticker universe and is not a survivorship-bias-free historical index-constituent study.
2019-06-14,T1_45D,104415.86865632182,7962.64892578125,112378.51758210307,115605.67650026185,-2.7915228869851094,1,-0.167307266181127,REFERENCE,This test uses the supplied/current ticker universe and is not a survivorship-bias-free historical index-constituent study.
2019-06-17,T1_45D,85323.18468232043,26714.744995117184,112037.92967743761,115605.67650026185,-3.0861346352799135,2,-0.3030720746219351,REFERENCE,This test uses the supplied/current ticker universe and is not a survivorship-bias-free historical index-constituent study.
2019-06-18,T1_45D,65299.30030585155,46910.29315185547,112209.59345770703,115605.67650026185,-2.9376438470537614,3,0.15321934345238208,REFERENCE,This test uses the supplied/current ticker universe and is not a survivorship-bias-free historical index-constituent study.
2019-06-19,T1_45D,65299.30030585155,46790.669677734375,112089.96998358594,115605.67650026185,-3.0411192798719955,3,-0.10660717184237667,REFERENCE,This test uses the supplied/current ticker universe and is not a survivorship-bias-free historical index-constituent study.
2019-06-20,T1_45D,65299.30030585155,47845.037536621094,113144.33784247265,115605.67650026185,-2.12908114229462,3,0.940644251257372,REFERENCE,This test uses the supplied/current ticker universe and is not a survivorship-bias-free historical index-constituent study.
2019-06-21,T1_45D,65299.30030585155,47848.81591796875,113148.11622382031,115605.67650026185,-2.1258128068096793,3,0.0033394347606741093,REFERENCE,This test uses the supplied/current ticker universe and is not a survivorship-bias-free historical index-constituent study.
2019-06-24,T1_45D,36972.146783539654,76261.15490722656,113233.30169076621,115605.67650026185,-2.0521265748488227,4,0.07528668597309718,REFERENCE,This test uses the supplied/current ticker universe and is not a survivorship-bias-free historical index-constituent study.
2019-06-25,T1_45D,36972.146783539654,76428.02850341797,113400.17528695762,115605.67650026185,-1.9077793410077426,4,0.14737148321182225,REFERENCE,This test uses the supplied/current ticker universe and is not a survivorship-bias-free historical index-constituent study.
2019-06-26,T1_45D,36972.146783539654,76876.11590576172,113848.26268930137,115605.67650026185,-1.5201795138117702,4,0.3951381919912178,REFERENCE,This test uses the supplied/current ticker universe and is not a survivorship-bias-free historical index-constituent study.
2019-06-27,T1_45D,36972.146783539654,77429.30572509766,114401.4525086373,115605.67650026185,-1.0416651051056491,4,0.48590097579761515,REFERENCE,This test uses the supplied/current ticker universe and is not a survivorship-bias-free historical index-constituent study.
2019-06-28,T1_45D,57406.86073333066,57400.74597167969,114807.60670501034,115605.67650026185,-0.6903378963832196,3,0.3550253842645734,REFERENCE,This test uses the supplied/current ticker universe and is not a survivorship-bias-free historical index-constituent study.
2019-07-01,T1_45D,57406.86073333066,57347.14013671875,114754.0008700494,115605.67650026185,-0.7367074489724623,3,-0.04669188436152716,REFERENCE,This test uses the supplied/current ticker universe and is not a survivorship-bias-free historical index-constituent study.
2019-07-02,T1_45D,57406.86073333066,57509.39013671875,114916.2508700494,115605.67650026185,-0.5963596694240847,3,0.14138940583321435,REFERENCE,This test uses the supplied/current ticker universe and is not a survivorship-bias-free historical index-constituent study.
2019-07-03,T1_45D,57406.86073333066,57662.60986328125,115069.4705966119,115605.67650026185,-0.46382316152850933,3,0.13333164404725206,REFERENCE,This test uses the supplied/current ticker universe and is not a survivorship-bias-free historical index-constituent study.
2019-07-04,T1_45D,57406.86073333066,57756.74060058594,115163.6013339166,115605.67650026185,-0.3823991863792675,3,0.08180339825727412,REFERENCE,This test uses the supplied/current ticker universe and is not a survivorship-bias-free historical index-constituent study.
2019-07-05,T1_45D,57406.86073333066,57515.95495605469,114922.81568938534,115605.67650026185,-0.590681038811236,3,-0.20908137792000625,REFERENCE,This test uses the supplied/current ticker universe and is not a survivorship-bias-free historical index-constituent study.
2019-07-08,T1_45D,57406.86073333066,55771.207275390625,113178.06800872128,115605.67650026185,-2.0999042305116067,3,-1.5181908572269753,REFERENCE,This test uses the supplied/current ticker universe and is not a survivorship-bias-free historical index-constituent study.
2019-07-09,T1_45D,57406.86073333066,56074.82507324219,113481.68580657284,115605.67650026185,-1.8372719731320375,3,0.2682655775924525,REFERENCE,This test uses the supplied/current ticker universe and is not a survivorship-bias-free historical index-constituent study.
2019-07-10,T1_45D,84916.74180608356,27669.161376953125,112585.90318303669,115605.67650026185,-2.6121323871309388,2,-0.7893631621431862,REFERENCE,This test uses the supplied/current ticker universe and is not a survivorship-bias-free historical index-constituent study.
2019-07-11,T1_45D,84916.74180608356,27582.744750976562,112499.48655706013,115605.67650026185,-2.6868835832595916,2,-0.0767561688749474,REFERENCE,This test uses the supplied/current ticker universe and is not a survivorship-bias-free historical index-constituent study.
2019-07-12,T1_45D,84916.74180608356,27098.877563476562,112015.61936956013,115605.67650026185,-3.1054332619156355,2,-0.4301061296440478,REFERENCE,This test uses the supplied/current ticker universe and is not a survivorship-bias-free historical index-constituent study.
2019-07-15,T1_45D,104097.38326954268,7460.5718994140625,111557.95516895675,115605.67650026185,-3.501317109887714,1,-0.40857177166825354,REFERENCE,This test uses the supplied/current ticker universe and is not a survivorship-bias-free historical index-constituent study.
2019-07-16,T1_45D,76240.19248682412,35603.721252441406,111843.91373926552,115605.67650026185,-3.253960250808108,2,0.256331850001823,REFERENCE,This test uses the supplied/current ticker universe and is not a survivorship-bias-free historical index-constituent study.
2019-07-17,T1_45D,76240.19248682412,35526.24362182617,111766.43610865029,115605.67650026185,-3.320979131680324,2,-0.0692729966476735,REFERENCE,This test uses the supplied/current ticker universe and is not a survivorship-bias-free historical index-constituent study.
2019-07-18,T1_45D,76240.19248682412,35005.439392089844,111245.63187891396,115605.67650026185,-3.7714797000803046,2,-0.4659755181153358,REFERENCE,This test uses the supplied/current ticker universe and is not a survivorship-bias-free historical index-constituent study.
2019-07-19,T1_45D,103278.94923747807,7256.580810546875,110535.53004802494,115605.67650026185,-4.385724478006425,1,-0.6383188435317044,REFERENCE,This test uses the supplied/current ticker universe and is not a survivorship-bias-free historical index-constituent study.
2019-07-22,T1_45D,80431.72073297847,29816.891052246094,110248.61178522457,115605.67650026185,-4.633911480138386,2,-0.2595710742742341,REFERENCE,This test uses the supplied/current ticker universe and is not a survivorship-bias-free historical index-constituent study.
2019-07-23,T1_45D,109656.43964730971,0.0,109656.43964730971,115605.67650026185,-5.146145961905823,0,-0.5371243486207877,REFERENCE,This test uses the supplied/current ticker universe and is not a survivorship-bias-free historical index-constituent study.
2019-07-24,T1_45D,109656.43964730971,0.0,109656.43964730971,115605.67650026185,-5.146145961905823,0,0.0,REFERENCE,This test uses the supplied/current ticker universe and is not a survivorship-bias-free historical index-constituent study.
2019-07-25,T1_45D,109656.43964730971,0.0,109656.43964730971,115605.67650026185,-5.146145961905823,0,0.0,REFERENCE,This test uses the supplied/current ticker universe and is not a survivorship-bias-free historical index-constituent study.
2019-07-26,T1_45D,109656.43964730971,0.0,109656.43964730971,115605.67650026185,-5.146145961905823,0,0.0,REFERENCE,This test uses the supplied/current ticker universe and is not a survivorship-bias-free historical index-constituent study.
2019-07-29,T1_45D,109656.43964730971,0.0,109656.43964730971,115605.67650026185,-5.146145961905823,0,0.0,REFERENCE,This test uses the supplied/current ticker universe and is not a survivorship-bias-free historical index-constituent study.
2019-07-30,T1_45D,109656.43964730971,0.0,109656.43964730971,115605.67650026185,-5.146145961905823,0,0.0,REFERENCE,This test uses the supplied/current ticker universe and is not a survivorship-bias-free historical index-constituent study.
2019-07-31,T1_45D,109656.43964730971,0.0,109656.43964730971,115605.67650026185,-5.146145961905823,0,0.0,REFERENCE,This test uses the supplied/current ticker universe and is not a survivorship-bias-free historical index-constituent study.
2019-08-01,T1_45D,109656.43964730971,0.0,109656.43964730971,115605.67650026185,-5.146145961905823,0,0.0,REFERENCE,This test uses the supplied/current ticker universe and is not a survivorship-bias-free historical index-constituent study.
2019-08-02,T1_45D,109656.43964730971,0.0,109656.43964730971,115605.67650026185,-5.146145961905823,0,0.0,REFERENCE,This test uses the supplied/current ticker universe and is not a survivorship-bias-free historical index-constituent study.
2019-08-05,T1_45D,109656.43964730971,0.0,109656.43964730971,115605.67650026185,-5.146145961905823,0,0.0,REFERENCE,This test uses the supplied/current ticker universe and is not a survivorship-bias-free historical index-constituent study.
2019-08-06,T1_45D,109656.43964730971,0.0,109656.43964730971,115605.67650026185,-5.146145961905823,0,0.0,REFERENCE,This test uses the supplied/current ticker universe and is not a survivorship-bias-free historical index-constituent study.
2019-08-07,T1_45D,109656.43964730971,0.0,109656.43964730971,115605.67650026185,-5.146145961905823,0,0.0,REFERENCE,This test uses the supplied/current ticker universe and is not a survivorship-bias-free historical index-constituent study.
2019-08-08,T1_45D,109656.43964730971,0.0,109656.43964730971,115605.67650026185,-5.146145961905823,0,0.0,REFERENCE,This test uses the supplied/current ticker universe and is not a survivorship-bias-free historical index-constituent study.
2019-08-09,T1_45D,109656.43964730971,0.0,109656.43964730971,115605.67650026185,-5.146145961905823,0,0.0,REFERENCE,This test uses the supplied/current ticker universe and is not a survivorship-bias-free historical index-constituent study.
2019-08-13,T1_45D,109656.43964730971,0.0,109656.43964730971,115605.67650026185,-5.146145961905823,0,0.0,REFERENCE,This test uses the supplied/current ticker universe and is not a survivorship-bias-free historical index-constituent study.
2019-08-14,T1_45D,109656.43964730971,0.0,109656.43964730971,115605.67650026185,-5.146145961905823,0,0.0,REFERENCE,This test uses the supplied/current ticker universe and is not a survivorship-bias-free historical index-constituent study.
2019-08-16,T1_45D,109656.43964730971,0.0,109656.43964730971,115605.67650026185,-5.146145961905823,0,0.0,REFERENCE,This test uses the supplied/current ticker universe and is not a survivorship-bias-free historical index-constituent study.
2019-08-19,T1_45D,109656.43964730971,0.0,109656.43964730971,115605.67650026185,-5.146145961905823,0,0.0,REFERENCE,This test uses the supplied/current ticker universe and is not a survivorship-bias-free historical index-constituent study.
2019-08-20,T1_45D,109656.43964730971,0.0,109656.43964730971,115605.67650026185,-5.146145961905823,0,0.0,REFERENCE,This test uses the supplied/current ticker universe and is not a survivorship-bias-free historical index-constituent study.
2019-08-21,T1_45D,109656.43964730971,0.0,109656.43964730971,115605.67650026185,-5.146145961905823,0,0.0,REFERENCE,This test uses the supplied/current ticker universe and is not a survivorship-bias-free historical index-constituent study.
2019-08-22,T1_45D,109656.43964730971,0.0,109656.43964730971,115605.67650026185,-5.146145961905823,0,0.0,REFERENCE,This test uses the supplied/current ticker universe and is not a survivorship-bias-free historical index-constituent study.
2019-08-23,T1_45D,109656.43964730971,0.0,109656.43964730971,115605.67650026185,-5.146145961905823,0,0.0,REFERENCE,This test uses the supplied/current ticker universe and is not a survivorship-bias-free historical index-constituent study.
2019-08-26,T1_45D,109656.43964730971,0.0,109656.43964730971,115605.67650026185,-5.146145961905823,0,0.0,REFERENCE,This test uses the supplied/current ticker universe and is not a survivorship-bias-free historical index-constituent study.
2019-08-27,T1_45D,109656.43964730971,0.0,109656.43964730971,115605.67650026185,-5.146145961905823,0,0.0,REFERENCE,This test uses the supplied/current ticker universe and is not a survivorship-bias-free historical index-constituent study.
2019-08-28,T1_45D,109656.43964730971,0.0,109656.43964730971,115605.67650026185,-5.146145961905823,0,0.0,REFERENCE,This test uses the supplied/current ticker universe and is not a survivorship-bias-free historical index-constituent study.
2019-08-29,T1_45D,109656.43964730971,0.0,109656.43964730971,115605.67650026185,-5.146145961905823,0,0.0,REFERENCE,This test uses the supplied/current ticker universe and is not a survivorship-bias-free historical index-constituent study.
2019-08-30,T1_45D,109656.43964730971,0.0,109656.43964730971,115605.67650026185,-5.146145961905823,0,0.0,REFERENCE,This test uses the supplied/current ticker universe and is not a survivorship-bias-free historical index-constituent study.
2019-09-03,T1_45D,109656.43964730971,0.0,109656.43964730971,115605.67650026185,-5.146145961905823,0,0.0,REFERENCE,This test uses the supplied/current ticker universe and is not a survivorship-bias-free historical index-constituent study.
2019-09-04,T1_45D,109656.43964730971,0.0,109656.43964730971,115605.67650026185,-5.146145961905823,0,0.0,REFERENCE,This test uses the supplied/current ticker universe and is not a survivorship-bias-free historical index-constituent study.
2019-09-05,T1_45D,109656.43964730971,0.0,109656.43964730971,115605.67650026185,-5.146145961905823,0,0.0,REFERENCE,This test uses the supplied/current ticker universe and is not a survivorship-bias-free historical index-constituent study.
2019-09-06,T1_45D,109656.43964730971,0.0,109656.43964730971,115605.67650026185,-5.146145961905823,0,0.0,REFERENCE,This test uses the supplied/current ticker universe and is not a survivorship-bias-free historical index-constituent study.
2019-09-09,T1_45D,109656.43964730971,0.0,109656.43964730971,115605.67650026185,-5.146145961905823,0,0.0,REFERENCE,This test uses the supplied/current ticker universe and is not a survivorship-bias-free historical index-constituent study.
2019-09-11,T1_45D,109656.43964730971,0.0,109656.43964730971,115605.67650026185,-5.146145961905823,0,0.0,REFERENCE,This test uses the supplied/current ticker universe and is not a survivorship-bias-free historical index-constituent study.
2019-09-12,T1_45D,109656.43964730971,0.0,109656.43964730971,115605.67650026185,-5.146145961905823,0,0.0,REFERENCE,This test uses the supplied/current ticker universe and is not a survivorship-bias-free historical index-constituent study.
2019-09-13,T1_45D,109656.43964730971,0.0,109656.43964730971,115605.67650026185,-5.146145961905823,0,0.0,REFERENCE,This test uses the supplied/current ticker universe and is not a survivorship-bias-free historical index-constituent study.
2019-09-16,T1_45D,109656.43964730971,0.0,109656.43964730971,115605.67650026185,-5.146145961905823,0,0.0,REFERENCE,This test uses the supplied/current ticker universe and is not a survivorship-bias-free historical index-constituent study.
2019-09-17,T1_45D,109656.43964730971,0.0,109656.43964730971,115605.67650026185,-5.146145961905823,0,0.0,REFERENCE,This test uses the supplied/current ticker universe and is not a survivorship-bias-free historical index-constituent study.
2019-09-18,T1_45D,109656.43964730971,0.0,109656.43964730971,115605.67650026185,-5.146145961905823,0,0.0,REFERENCE,This test uses the supplied/current ticker universe and is not a survivorship-bias-free historical index-constituent study.
2019-09-19,T1_45D,109656.43964730971,0.0,109656.43964730971,115605.67650026185,-5.146145961905823,0,0.0,REFERENCE,This test uses the supplied/current ticker universe and is not a survivorship-bias-free historical index-constituent study.
2019-09-20,T1_45D,109656.43964730971,0.0,109656.43964730971,115605.67650026185,-5.146145961905823,0,0.0,REFERENCE,This test uses the supplied/current ticker universe and is not a survivorship-bias-free historical index-constituent study.
2019-09-23,T1_45D,108820.35942346671,0.0,108820.35942346671,115605.67650026185,-5.869363237349134,0,-0.7624542858879146,REFERENCE,This test uses the supplied/current ticker universe and is not a survivorship-bias-free historical index-constituent study.
2019-09-24,T1_45D,108820.35942346671,0.0,108820.35942346671,115605.67650026185,-5.869363237349134,0,0.0,REFERENCE,This test uses the supplied/current ticker universe and is not a survivorship-bias-free historical index-constituent study.
2019-09-25,T1_45D,108820.35942346671,0.0,108820.35942346671,115605.67650026185,-5.869363237349134,0,0.0,REFERENCE,This test uses the supplied/current ticker universe and is not a survivorship-bias-free historical index-constituent study.
2019-09-26,T1_45D,108820.35942346671,0.0,108820.35942346671,115605.67650026185,-5.869363237349134,0,0.0,REFERENCE,This test uses the supplied/current ticker universe and is not a survivorship-bias-free historical index-constituent study.
2019-09-27,T1_45D,108820.35942346671,0.0,108820.35942346671,115605.67650026185,-5.869363237349134,0,0.0,REFERENCE,This test uses the supplied/current ticker universe and is not a survivorship-bias-free historical index-constituent study.
2019-09-30,T1_45D,108820.35942346671,0.0,108820.35942346671,115605.67650026185,-5.869363237349134,0,0.0,REFERENCE,This test uses the supplied/current ticker universe and is not a survivorship-bias-free historical index-constituent study.
2019-10-01,T1_45D,108820.35942346671,0.0,108820.35942346671,115605.67650026185,-5.869363237349134,0,0.0,REFERENCE,This test uses the supplied/current ticker universe and is not a survivorship-bias-free historical index-constituent study.
2019-10-03,T1_45D,108820.35942346671,0.0,108820.35942346671,115605.67650026185,-5.869363237349134,0,0.0,REFERENCE,This test uses the supplied/current ticker universe and is not a survivorship-bias-free historical index-constituent study.
2019-10-04,T1_45D,108820.35942346671,0.0,108820.35942346671,115605.67650026185,-5.869363237349134,0,0.0,REFERENCE,This test uses the supplied/current ticker universe and is not a survivorship-bias-free historical index-constituent study.
2019-10-07,T1_45D,97694.01702026061,11174.3037109375,108868.32073119811,115605.67650026185,-5.827876254025021,1,0.044073836904701125,REFERENCE,This test uses the supplied/current ticker universe and is not a survivorship-bias-free historical index-constituent study.
2019-10-09,T1_45D,97694.01702026061,11727.513916015625,109421.53093627623,115605.67650026185,-5.349344211459728,1,0.5081461726998082,REFERENCE,This test uses the supplied/current ticker universe and is not a survivorship-bias-free historical index-constituent study.
2019-10-10,T1_45D,78627.40099466968,30650.500244140625,109277.9012388103,115605.67650026185,-5.473585253780522,2,-0.13126273799768384,REFERENCE,This test uses the supplied/current ticker universe and is not a survivorship-bias-free historical index-constituent study.
2019-10-11,T1_45D,60711.41523694887,49004.16540527344,109715.58064222231,115605.67650026185,-5.0949884437778366,3,0.40051959129003833,REFERENCE,This test uses the supplied/current ticker universe and is not a survivorship-bias-free historical index-constituent study.
2019-10-14,T1_45D,60711.41523694887,49189.684326171875,109901.09956312075,115605.67650026185,-4.934512828293669,3,0.16909077071141088,REFERENCE,This test uses the supplied/current ticker universe and is not a survivorship-bias-free historical index-constituent study.
2019-10-15,T1_45D,60711.41523694887,50039.19812011719,110750.61335706606,115605.67650026185,-4.199675388072133,3,0.7729802498085192,REFERENCE,This test uses the supplied/current ticker universe and is not a survivorship-bias-free historical index-constituent study.
2019-10-16,T1_45D,60711.41523694887,50167.38635253906,110878.80158948794,115605.67650026185,-4.088791358582822,3,0.11574494130213164,REFERENCE,This test uses the supplied/current ticker universe and is not a survivorship-bias-free historical index-constituent study.
2019-10-17,T1_45D,81254.12291196533,30020.294189453125,111274.41710141845,115605.67650026185,-3.7465802112525037,2,0.35679995297497324,REFERENCE,This test uses the supplied/current ticker universe and is not a survivorship-bias-free historical index-constituent study.
2019-10-18,T1_45D,81254.12291196533,30079.2744140625,111333.39732602783,115605.67650026185,-3.695561760952404,2,0.05300429887278302,REFERENCE,This test uses the supplied/current ticker universe and is not a survivorship-bias-free historical index-constituent study.
2019-10-22,T1_45D,93558.78501520933,18475.77734375,112034.56235895933,115605.67650026185,-3.089047397507705,1,0.629788589742053,REFERENCE,This test uses the supplied/current ticker universe and is not a survivorship-bias-free historical index-constituent study.
2019-10-23,T1_45D,93558.78501520933,18510.06640625,112068.85142145933,115605.67650026185,-3.059387035198491,1,0.030605789658144644,REFERENCE,This test uses the supplied/current ticker universe and is not a survivorship-bias-free historical index-constituent study.
2019-10-24,T1_45D,93558.78501520933,18428.068359375,111986.85337458433,115605.67650026185,-3.130316118749865,1,-0.07316756247159883,REFERENCE,This test uses the supplied/current ticker universe and is not a survivorship-bias-free historical index-constituent study.
2019-10-25,T1_45D,93558.78501520933,18322.220703125,111881.00571833433,115605.67650026185,-3.221875339243463,1,-0.09451793050738733,REFERENCE,This test uses the supplied/current ticker universe and is not a survivorship-bias-free historical index-constituent study.
2019-10-27,T1_45D,93558.78501520933,18451.923828125,112010.70884333433,115605.67650026185,-3.1096809133930203,1,0.1159295308146735,REFERENCE,This test uses the supplied/current ticker universe and is not a survivorship-bias-free historical index-constituent study.
2019-10-29,T1_45D,93558.78501520933,18523.482421875,112082.26743708433,115605.67650026185,-3.0477820552086254,1,0.06388549317197789,REFERENCE,This test uses the supplied/current ticker universe and is not a survivorship-bias-free historical index-constituent study.
2019-10-30,T1_45D,93558.78501520933,18610.6953125,112169.48032770933,115605.67650026185,-2.9723420826526015,1,0.07781149741099558,REFERENCE,This test uses the supplied/current ticker universe and is not a survivorship-bias-free historical index-constituent study.
2019-10-31,T1_45D,93558.78501520933,18342.34765625,111901.13267145933,115605.67650026185,-3.204465335051365,1,-0.23923410848121218,REFERENCE,This test uses the supplied/current ticker universe and is not a survivorship-bias-free historical index-constituent study.
2019-11-01,T1_45D,93558.78501520933,18486.958984375,112045.74399958433,115605.67650026185,-3.0793751729565444,1,0.12923133544107124,REFERENCE,This test uses the supplied/current ticker universe and is not a survivorship-bias-free historical index-constituent study.
2019-11-04,T1_45D,93558.78501520933,18439.251953125,111998.03696833433,115605.67650026185,-3.120642204727153,1,-0.042578173473661884,REFERENCE,This test uses the supplied/current ticker universe and is not a survivorship-bias-free historical index-constituent study.
2019-11-05,T1_45D,93558.78501520933,18478.759765625,112037.54478083433,115605.67650026185,-3.0864675744702197,1,0.03527545086452477,REFERENCE,This test uses the supplied/current ticker universe and is not a survivorship-bias-free historical index-constituent study.
2019-11-06,T1_45D,76883.22004521353,34941.49736022949,111824.71740544302,115605.67650026185,-3.270565260530489,2,-0.18996076342768786,REFERENCE,This test uses the supplied/current ticker universe and is not a survivorship-bias-free historical index-constituent study.
2019-11-07,T1_45D,76883.22004521353,34972.53276062012,111855.75280583365,115605.67650026185,-3.243719346618512,2,0.027753613968983792,REFERENCE,This test uses the supplied/current ticker universe and is not a survivorship-bias-free historical index-constituent study.
2019-11-08,T1_45D,38046.88347995839,73938.01884460449,111984.90232456289,115605.67650026185,-3.1320037954111646,4,0.11546077469384297,REFERENCE,This test uses the supplied/current ticker universe and is not a survivorship-bias-free historical index-constituent study.
2019-11-11,T1_45D,10092.025304905761,101745.8455657959,111837.87087070166,115605.67650026185,-3.2591873890826184,5,-0.13129578256458885,REFERENCE,This test uses the supplied/current ticker universe and is not a survivorship-bias-free historical index-constituent study.
2019-11-13,T1_45D,26839.967992881564,86892.77822875977,113732.74622164133,115605.67650026185,-1.6201023473239928,4,1.6943056374261412,REFERENCE,This test uses the supplied/current ticker universe and is not a survivorship-bias-free historical index-constituent study.
2019-11-14,T1_45D,26839.967992881564,87071.50540161133,113911.47339449289,115605.67650026185,-1.4655016579269153,4,0.15714662556662873,REFERENCE,This test uses the supplied/current ticker universe and is not a survivorship-bias-free historical index-constituent study.
2019-11-15,T1_45D,25771.557106316435,88135.75772094727,113907.3148272637,115605.67650026185,-1.469098857783424,4,-0.003650700939306084,REFERENCE,This test uses the supplied/current ticker universe and is not a survivorship-bias-free historical index-constituent study.
2019-11-18,T1_45D,25771.557106316435,87538.13752746582,113309.69463378226,115605.67650026185,-1.9860459589753687,4,-0.5246547988491446,REFERENCE,This test uses the supplied/current ticker universe and is not a survivorship-bias-free historical index-constituent study.
2019-11-19,T1_45D,25771.557106316435,86889.66596984863,112661.22307616507,115605.67650026185,-2.5469799695260753,4,-0.5723001546452444,REFERENCE,This test uses the supplied/current ticker universe and is not a survivorship-bias-free historical index-constituent study.
2019-11-20,T1_45D,52915.67911263806,59750.78318786621,112666.46230050427,115605.67650026185,-2.542447991081931,3,0.004650423806995541,REFERENCE,This test uses the supplied/current ticker universe and is not a survivorship-bias-free historical index-constituent study.
2019-11-21,T1_45D,52915.67911263806,59419.18490600586,112334.86401864392,115605.67650026185,-2.829283630904167,3,-0.2943185355158362,REFERENCE,This test uses the supplied/current ticker universe and is not a survivorship-bias-free historical index-constituent study.
2019-11-22,T1_45D,52915.67911263806,58885.696548461914,111801.37566109997,115605.67650026185,-3.2907560894323895,3,-0.47490898057739317,REFERENCE,This test uses the supplied/current ticker universe and is not a survivorship-bias-free historical index-constituent study.
2019-11-25,T1_45D,91255.00181626076,20415.533203125,111670.53501938576,115605.67650026185,-3.4039344779641323,1,-0.11702954542421873,REFERENCE,This test uses the supplied/current ticker universe and is not a survivorship-bias-free historical index-constituent study.
2019-11-26,T1_45D,91255.00181626076,20102.0830078125,111357.08482407326,115605.67650026185,-3.675071851838496,1,-0.28069194372364326,REFERENCE,This test uses the supplied/current ticker universe and is not a survivorship-bias-free historical index-constituent study.
2019-11-27,T1_45D,91255.00181626076,20580.01904296875,111835.02085922951,115605.67650026185,-3.2616526758734055,1,0.42919230142501874,REFERENCE,This test uses the supplied/current ticker universe and is not a survivorship-bias-free historical index-constituent study.
2019-11-28,T1_45D,91255.00181626076,20486.4931640625,111741.49498032326,115605.67650026185,-3.342553442805929,1,-0.08362843605490555,REFERENCE,This test uses the supplied/current ticker universe and is not a survivorship-bias-free historical index-constituent study.
2019-11-29,T1_45D,91255.00181626076,20443.04443359375,111698.04624985451,115605.67650026185,-3.3801370042573,1,-0.038883255031085806,REFERENCE,This test uses the supplied/current ticker universe and is not a survivorship-bias-free historical index-constituent study.
2019-12-02,T1_45D,91255.00181626076,20142.5712890625,111397.57310532326,115605.67650026185,-3.6400491068698138,1,-0.2690048345690199,REFERENCE,This test uses the supplied/current ticker universe and is not a survivorship-bias-free historical index-constituent study.
2019-12-03,T1_45D,91255.00181626076,20141.01708984375,111396.01890610451,115605.67650026185,-3.6413935038456358,1,-0.0013951822965485583,REFERENCE,This test uses the supplied/current ticker universe and is not a survivorship-bias-free historical index-constituent study.
2019-12-04,T1_45D,91255.00181626076,19964.11962890625,111219.12144516701,115605.67650026185,-3.794411475188164,1,-0.15880052328136607,REFERENCE,This test uses the supplied/current ticker universe and is not a survivorship-bias-free historical index-constituent study.
2019-12-05,T1_45D,91255.00181626076,19785.66943359375,111040.67124985451,115605.67650026185,-3.948772576402859,1,-0.1604492042319161,REFERENCE,This test uses the supplied/current ticker universe and is not a survivorship-bias-free historical index-constituent study.
2019-12-06,T1_45D,110614.00528385502,0.0,110614.00528385502,115605.67650026185,-4.31784265921884,0,-0.3842429635889433,REFERENCE,This test uses the supplied/current ticker universe and is not a survivorship-bias-free historical index-constituent study.
2019-12-09,T1_45D,110614.00528385502,0.0,110614.00528385502,115605.67650026185,-4.31784265921884,0,0.0,REFERENCE,This test uses the supplied/current ticker universe and is not a survivorship-bias-free historical index-constituent study.
2019-12-10,T1_45D,110614.00528385502,0.0,110614.00528385502,115605.67650026185,-4.31784265921884,0,0.0,REFERENCE,This test uses the supplied/current ticker universe and is not a survivorship-bias-free historical index-constituent study.
2019-12-11,T1_45D,110614.00528385502,0.0,110614.00528385502,115605.67650026185,-4.31784265921884,0,0.0,REFERENCE,This test uses the supplied/current ticker universe and is not a survivorship-bias-free historical index-constituent study.
2019-12-12,T1_45D,110614.00528385502,0.0,110614.00528385502,115605.67650026185,-4.31784265921884,0,0.0,REFERENCE,This test uses the supplied/current ticker universe and is not a survivorship-bias-free historical index-constituent study.
2019-12-13,T1_45D,110614.00528385502,0.0,110614.00528385502,115605.67650026185,-4.31784265921884,0,0.0,REFERENCE,This test uses the supplied/current ticker universe and is not a survivorship-bias-free historical index-constituent study.
2019-12-16,T1_45D,110614.00528385502,0.0,110614.00528385502,115605.67650026185,-4.31784265921884,0,0.0,REFERENCE,This test uses the supplied/current ticker universe and is not a survivorship-bias-free historical index-constituent study.
2019-12-17,T1_45D,110614.00528385502,0.0,110614.00528385502,115605.67650026185,-4.31784265921884,0,0.0,REFERENCE,This test uses the supplied/current ticker universe and is not a survivorship-bias-free historical index-constituent study.
2019-12-18,T1_45D,110614.00528385502,0.0,110614.00528385502,115605.67650026185,-4.31784265921884,0,0.0,REFERENCE,This test uses the supplied/current ticker universe and is not a survivorship-bias-free historical index-constituent study.
2019-12-19,T1_45D,110614.00528385502,0.0,110614.00528385502,115605.67650026185,-4.31784265921884,0,0.0,REFERENCE,This test uses the supplied/current ticker universe and is not a survivorship-bias-free historical index-constituent study.
2019-12-20,T1_45D,110614.00528385502,0.0,110614.00528385502,115605.67650026185,-4.31784265921884,0,0.0,REFERENCE,This test uses the supplied/current ticker universe and is not a survivorship-bias-free historical index-constituent study.
2019-12-23,T1_45D,110614.00528385502,0.0,110614.00528385502,115605.67650026185,-4.31784265921884,0,0.0,REFERENCE,This test uses the supplied/current ticker universe and is not a survivorship-bias-free historical index-constituent study.
2019-12-24,T1_45D,110614.00528385502,0.0,110614.00528385502,115605.67650026185,-4.31784265921884,0,0.0,REFERENCE,This test uses the supplied/current ticker universe and is not a survivorship-bias-free historical index-constituent study.
2019-12-26,T1_45D,110614.00528385502,0.0,110614.00528385502,115605.67650026185,-4.31784265921884,0,0.0,REFERENCE,This test uses the supplied/current ticker universe and is not a survivorship-bias-free historical index-constituent study.
2019-12-27,T1_45D,110614.00528385502,0.0,110614.00528385502,115605.67650026185,-4.31784265921884,0,0.0,REFERENCE,This test uses the supplied/current ticker universe and is not a survivorship-bias-free historical index-constituent study.
2019-12-30,T1_45D,110614.00528385502,0.0,110614.00528385502,115605.67650026185,-4.31784265921884,0,0.0,REFERENCE,This test uses the supplied/current ticker universe and is not a survivorship-bias-free historical index-constituent study.
2019-12-31,T1_45D,110614.00528385502,0.0,110614.00528385502,115605.67650026185,-4.31784265921884,0,0.0,REFERENCE,This test uses the supplied/current ticker universe and is not a survivorship-bias-free historical index-constituent study.
2020-01-01,T1_45D,110614.00528385502,0.0,110614.00528385502,115605.67650026185,-4.31784265921884,0,0.0,REFERENCE,This test uses the supplied/current ticker universe and is not a survivorship-bias-free historical index-constituent study.
2020-01-02,T1_45D,110614.00528385502,0.0,110614.00528385502,115605.67650026185,-4.31784265921884,0,0.0,REFERENCE,This test uses the supplied/current ticker universe and is not a survivorship-bias-free historical index-constituent study.
2020-01-03,T1_45D,110614.00528385502,0.0,110614.00528385502,115605.67650026185,-4.31784265921884,0,0.0,REFERENCE,This test uses the supplied/current ticker universe and is not a survivorship-bias-free historical index-constituent study.
2020-01-06,T1_45D,110614.00528385502,0.0,110614.00528385502,115605.67650026185,-4.31784265921884,0,0.0,REFERENCE,This test uses the supplied/current ticker universe and is not a survivorship-bias-free historical index-constituent study.
2020-01-07,T1_45D,110614.00528385502,0.0,110614.00528385502,115605.67650026185,-4.31784265921884,0,0.0,REFERENCE,This test uses the supplied/current ticker universe and is not a survivorship-bias-free historical index-constituent study.
2020-01-08,T1_45D,110614.00528385502,0.0,110614.00528385502,115605.67650026185,-4.31784265921884,0,0.0,REFERENCE,This test uses the supplied/current ticker universe and is not a survivorship-bias-free historical index-constituent study.
2020-01-09,T1_45D,110614.00528385502,0.0,110614.00528385502,115605.67650026185,-4.31784265921884,0,0.0,REFERENCE,This test uses the supplied/current ticker universe and is not a survivorship-bias-free historical index-constituent study.
2020-01-10,T1_45D,110614.00528385502,0.0,110614.00528385502,115605.67650026185,-4.31784265921884,0,0.0,REFERENCE,This test uses the supplied/current ticker universe and is not a survivorship-bias-free historical index-constituent study.
2020-01-13,T1_45D,110614.00528385502,0.0,110614.00528385502,115605.67650026185,-4.31784265921884,0,0.0,REFERENCE,This test uses the supplied/current ticker universe and is not a survivorship-bias-free historical index-constituent study.
2020-01-14,T1_45D,110614.00528385502,0.0,110614.00528385502,115605.67650026185,-4.31784265921884,0,0.0,REFERENCE,This test uses the supplied/current ticker universe and is not a survivorship-bias-free historical index-constituent study.
2020-01-15,T1_45D,110614.00528385502,0.0,110614.00528385502,115605.67650026185,-4.31784265921884,0,0.0,REFERENCE,This test uses the supplied/current ticker universe and is not a survivorship-bias-free historical index-constituent study.
2020-01-16,T1_45D,110614.00528385502,0.0,110614.00528385502,115605.67650026185,-4.31784265921884,0,0.0,REFERENCE,This test uses the supplied/current ticker universe and is not a survivorship-bias-free historical index-constituent study.
2020-01-17,T1_45D,110614.00528385502,0.0,110614.00528385502,115605.67650026185,-4.31784265921884,0,0.0,REFERENCE,This test uses the supplied/current ticker universe and is not a survivorship-bias-free historical index-constituent study.
2020-01-20,T1_45D,110614.00528385502,0.0,110614.00528385502,115605.67650026185,-4.31784265921884,0,0.0,REFERENCE,This test uses the supplied/current ticker universe and is not a survivorship-bias-free historical index-constituent study.
2020-01-21,T1_45D,110614.00528385502,0.0,110614.00528385502,115605.67650026185,-4.31784265921884,0,0.0,REFERENCE,This test uses the supplied/current ticker universe and is not a survivorship-bias-free historical index-constituent study.
2020-01-22,T1_45D,61867.787501378,48733.31231689454,110601.09981827255,115605.67650026185,-4.329006008608904,2,-0.01166711715153701,REFERENCE,This test uses the supplied/current ticker universe and is not a survivorship-bias-free historical index-constituent study.
2020-01-23,T1_45D,46301.9369174039,65073.67678833008,111375.61370573398,115605.67650026185,-3.6590441945281826,3,0.7002768405866,REFERENCE,This test uses the supplied/current ticker universe and is not a survivorship-bias-free historical index-constituent study.
2020-01-24,T1_45D,46301.9369174039,65628.43688964844,111930.37380705234,115605.67650026185,-3.179171477104059,3,0.4980983564176755,REFERENCE,This test uses the supplied/current ticker universe and is not a survivorship-bias-free historical index-constituent study.
2020-01-27,T1_45D,46301.9369174039,65321.04083251953,111622.97774992343,115605.67650026185,-3.4450719643765892,3,-0.2746314933771199,REFERENCE,This test uses the supplied/current ticker universe and is not a survivorship-bias-free historical index-constituent study.
2020-01-28,T1_45D,61022.7546516913,49480.211822509766,110502.96647420106,115605.67650026185,-4.413892276344433,2,-1.003387741752959,REFERENCE,This test uses the supplied/current ticker universe and is not a survivorship-bias-free historical index-constituent study.
2020-01-29,T1_45D,61022.7546516913,49669.5544128418,110692.3090645331,115605.67650026185,-4.250109150754044,2,0.17134616053608998,REFERENCE,This test uses the supplied/current ticker universe and is not a survivorship-bias-free historical index-constituent study.
2020-01-30,T1_45D,61022.7546516913,49922.79928588867,110945.55393757997,115605.67650026185,-4.03104994820157,2,0.22878271777602155,REFERENCE,This test uses the supplied/current ticker universe and is not a survivorship-bias-free historical index-constituent study.
2020-01-31,T1_45D,47667.70851516603,62143.344970703125,109811.05348586915,115605.67650026185,-5.012403533990451,3,-1.0225740567748276,REFERENCE,This test uses the supplied/current ticker universe and is not a survivorship-bias-free historical index-constituent study.
2020-02-03,T1_45D,86174.9575550049,21301.811950683597,107476.7695056885,115605.67650026185,-7.0315811823954295,1,-2.1257276986975104,REFERENCE,This test uses the supplied/current ticker universe and is not a survivorship-bias-free historical index-constituent study.
2020-02-04,T1_45D,74046.6407283555,33736.816802978516,107783.45753133402,115605.67650026185,-6.766293149030722,2,0.2853528507193337,REFERENCE,This test uses the supplied/current ticker universe and is not a survivorship-bias-free historical index-constituent study.
2020-02-05,T1_45D,74046.6407283555,34523.55187988281,108570.19260823831,115605.67650026185,-6.085759890871445,2,0.7299219146644775,REFERENCE,This test uses the supplied/current ticker universe and is not a survivorship-bias-free historical index-constituent study.
2020-02-06,T1_45D,74046.6407283555,34505.842712402344,108552.48344075785,115605.67650026185,-6.101078487688294,2,-0.016311260996260124,REFERENCE,This test uses the supplied/current ticker universe and is not a survivorship-bias-free historical index-constituent study.
2020-02-07,T1_45D,74046.6407283555,34423.44143676758,108470.08216512308,115605.67650026185,-6.172356367918153,2,-0.07590915750880223,REFERENCE,This test uses the supplied/current ticker universe and is not a survivorship-bias-free historical index-constituent study.
2020-02-10,T1_45D,74046.6407283555,34298.7116394043,108345.3523677598,115605.67650026185,-6.280248818478739,2,-0.1149900459865072,REFERENCE,This test uses the supplied/current ticker universe and is not a survivorship-bias-free historical index-constituent study.
2020-02-11,T1_45D,74046.6407283555,34415.46810913086,108462.10883748636,115605.67650026185,-6.1792533714893345,2,0.10776324703827278,REFERENCE,This test uses the supplied/current ticker universe and is not a survivorship-bias-free historical index-constituent study.
2020-02-12,T1_45D,96680.80957256051,12052.517395019531,108733.32696758004,115605.67650026185,-5.944647132155523,1,0.25005795387960106,REFERENCE,This test uses the supplied/current ticker universe and is not a survivorship-bias-free historical index-constituent study.
2020-02-13,T1_45D,96680.80957256051,11832.732788085938,108513.54236064645,115605.67650026185,-6.134762889086454,1,-0.20213177786707615,REFERENCE,This test uses the supplied/current ticker universe and is not a survivorship-bias-free historical index-constituent study.
2020-02-14,T1_45D,96680.80957256051,11630.03109741211,108310.84066997262,115605.67650026185,-6.310101762410181,1,-0.18679851958030014,REFERENCE,This test uses the supplied/current ticker universe and is not a survivorship-bias-free historical index-constituent study.
2020-02-17,T1_45D,108004.06521880736,0.0,108004.06521880736,115605.67650026185,-6.575465419673643,0,-0.2832361463244615,REFERENCE,This test uses the supplied/current ticker universe and is not a survivorship-bias-free historical index-constituent study.
2020-02-18,T1_45D,108004.06521880736,0.0,108004.06521880736,115605.67650026185,-6.575465419673643,0,0.0,REFERENCE,This test uses the supplied/current ticker universe and is not a survivorship-bias-free historical index-constituent study.
2020-02-19,T1_45D,108004.06521880736,0.0,108004.06521880736,115605.67650026185,-6.575465419673643,0,0.0,REFERENCE,This test uses the supplied/current ticker universe and is not a survivorship-bias-free historical index-constituent study.
2020-02-20,T1_45D,108004.06521880736,0.0,108004.06521880736,115605.67650026185,-6.575465419673643,0,0.0,REFERENCE,This test uses the supplied/current ticker universe and is not a survivorship-bias-free historical index-constituent study.
2020-02-24,T1_45D,108004.06521880736,0.0,108004.06521880736,115605.67650026185,-6.575465419673643,0,0.0,REFERENCE,This test uses the supplied/current ticker universe and is not a survivorship-bias-free historical index-constituent study.
2020-02-25,T1_45D,84775.10439400436,22176.017578125,106951.12197212936,115605.67650026185,-7.486271254260501,1,-0.9749107540950597,REFERENCE,This test uses the supplied/current ticker universe and is not a survivorship-bias-free historical index-constituent study.
2020-02-26,T1_45D,84775.10439400436,22088.023681640625,106863.12807564499,115605.67650026185,-7.562386804247511,1,-0.08227486992357091,REFERENCE,This test uses the supplied/current ticker universe and is not a survivorship-bias-free historical index-constituent study.
2020-02-27,T1_45D,84775.10439400436,22489.27294921875,107264.37734322311,115605.67650026185,-7.215302405171986,1,0.37547962033648297,REFERENCE,This test uses the supplied/current ticker universe and is not a survivorship-bias-free historical index-constituent study.
2020-02-28,T1_45D,84775.10439400436,22077.468017578125,106852.57241158249,115605.67650026185,-7.571517553170959,1,-0.3839158365903095,REFERENCE,This test uses the supplied/current ticker universe and is not a survivorship-bias-free historical index-constituent study.
2020-03-02,T1_45D,84775.10439400436,21895.3212890625,106670.42568306686,115605.67650026185,-7.729076190453976,1,-0.17046545946879377,REFERENCE,This test uses the supplied/current ticker universe and is not a survivorship-bias-free historical index-constituent study.
2020-03-03,T1_45D,106358.21928098291,0.0,106358.21928098291,115605.67650026185,-7.999137671460266,0,-0.2926831875702418,REFERENCE,This test uses the supplied/current ticker universe and is not a survivorship-bias-free historical index-constituent study.
2020-03-04,T1_45D,106358.21928098291,0.0,106358.21928098291,115605.67650026185,-7.999137671460266,0,0.0,REFERENCE,This test uses the supplied/current ticker universe and is not a survivorship-bias-free historical index-constituent study.
2020-03-05,T1_45D,106358.21928098291,0.0,106358.21928098291,115605.67650026185,-7.999137671460266,0,0.0,REFERENCE,This test uses the supplied/current ticker universe and is not a survivorship-bias-free historical index-constituent study.
2020-03-06,T1_45D,106358.21928098291,0.0,106358.21928098291,115605.67650026185,-7.999137671460266,0,0.0,REFERENCE,This test uses the supplied/current ticker universe and is not a survivorship-bias-free historical index-constituent study.
2020-03-09,T1_45D,106358.21928098291,0.0,106358.21928098291,115605.67650026185,-7.999137671460266,0,0.0,REFERENCE,This test uses the supplied/current ticker universe and is not a survivorship-bias-free historical index-constituent study.
2020-03-11,T1_45D,106358.21928098291,0.0,106358.21928098291,115605.67650026185,-7.999137671460266,0,0.0,REFERENCE,This test uses the supplied/current ticker universe and is not a survivorship-bias-free historical index-constituent study.
2020-03-12,T1_45D,106358.21928098291,0.0,106358.21928098291,115605.67650026185,-7.999137671460266,0,0.0,REFERENCE,This test uses the supplied/current ticker universe and is not a survivorship-bias-free historical index-constituent study.
2020-03-13,T1_45D,106358.21928098291,0.0,106358.21928098291,115605.67650026185,-7.999137671460266,0,0.0,REFERENCE,This test uses the supplied/current ticker universe and is not a survivorship-bias-free historical index-constituent study.
2020-03-16,T1_45D,106358.21928098291,0.0,106358.21928098291,115605.67650026185,-7.999137671460266,0,0.0,REFERENCE,This test uses the supplied/current ticker universe and is not a survivorship-bias-free historical index-constituent study.
2020-03-17,T1_45D,106358.21928098291,0.0,106358.21928098291,115605.67650026185,-7.999137671460266,0,0.0,REFERENCE,This test uses the supplied/current ticker universe and is not a survivorship-bias-free historical index-constituent study.
2020-03-18,T1_45D,106358.21928098291,0.0,106358.21928098291,115605.67650026185,-7.999137671460266,0,0.0,REFERENCE,This test uses the supplied/current ticker universe and is not a survivorship-bias-free historical index-constituent study.
2020-03-19,T1_45D,106358.21928098291,0.0,106358.21928098291,115605.67650026185,-7.999137671460266,0,0.0,REFERENCE,This test uses the supplied/current ticker universe and is not a survivorship-bias-free historical index-constituent study.
2020-03-20,T1_45D,106358.21928098291,0.0,106358.21928098291,115605.67650026185,-7.999137671460266,0,0.0,REFERENCE,This test uses the supplied/current ticker universe and is not a survivorship-bias-free historical index-constituent study.
2020-03-23,T1_45D,106358.21928098291,0.0,106358.21928098291,115605.67650026185,-7.999137671460266,0,0.0,REFERENCE,This test uses the supplied/current ticker universe and is not a survivorship-bias-free historical index-constituent study.
2020-03-24,T1_45D,106358.21928098291,0.0,106358.21928098291,115605.67650026185,-7.999137671460266,0,0.0,REFERENCE,This test uses the supplied/current ticker universe and is not a survivorship-bias-free historical index-constituent study.
2020-03-25,T1_45D,106358.21928098291,0.0,106358.21928098291,115605.67650026185,-7.999137671460266,0,0.0,REFERENCE,This test uses the supplied/current ticker universe and is not a survivorship-bias-free historical index-constituent study.
2020-03-26,T1_45D,106358.21928098291,0.0,106358.21928098291,115605.67650026185,-7.999137671460266,0,0.0,REFERENCE,This test uses the supplied/current ticker universe and is not a survivorship-bias-free historical index-constituent study.
2020-03-27,T1_45D,106358.21928098291,0.0,106358.21928098291,115605.67650026185,-7.999137671460266,0,0.0,REFERENCE,This test uses the supplied/current ticker universe and is not a survivorship-bias-free historical index-constituent study.
2020-03-30,T1_45D,106358.21928098291,0.0,106358.21928098291,115605.67650026185,-7.999137671460266,0,0.0,REFERENCE,This test uses the supplied/current ticker universe and is not a survivorship-bias-free historical index-constituent study.
2020-03-31,T1_45D,106358.21928098291,0.0,106358.21928098291,115605.67650026185,-7.999137671460266,0,0.0,REFERENCE,This test uses the supplied/current ticker universe and is not a survivorship-bias-free historical index-constituent study.
2020-04-01,T1_45D,106358.21928098291,0.0,106358.21928098291,115605.67650026185,-7.999137671460266,0,0.0,REFERENCE,This test uses the supplied/current ticker universe and is not a survivorship-bias-free historical index-constituent study.
2020-04-03,T1_45D,106358.21928098291,0.0,106358.21928098291,115605.67650026185,-7.999137671460266,0,0.0,REFERENCE,This test uses the supplied/current ticker universe and is not a survivorship-bias-free historical index-constituent study.
2020-04-07,T1_45D,106358.21928098291,0.0,106358.21928098291,115605.67650026185,-7.999137671460266,0,0.0,REFERENCE,This test uses the supplied/current ticker universe and is not a survivorship-bias-free historical index-constituent study.
2020-04-08,T1_45D,106358.21928098291,0.0,106358.21928098291,115605.67650026185,-7.999137671460266,0,0.0,REFERENCE,This test uses the supplied/current ticker universe and is not a survivorship-bias-free historical index-constituent study.
2020-04-09,T1_45D,106358.21928098291,0.0,106358.21928098291,115605.67650026185,-7.999137671460266,0,0.0,REFERENCE,This test uses the supplied/current ticker universe and is not a survivorship-bias-free historical index-constituent study.
2020-04-13,T1_45D,106358.21928098291,0.0,106358.21928098291,115605.67650026185,-7.999137671460266,0,0.0,REFERENCE,This test uses the supplied/current ticker universe and is not a survivorship-bias-free historical index-constituent study.
2020-04-15,T1_45D,106358.21928098291,0.0,106358.21928098291,115605.67650026185,-7.999137671460266,0,0.0,REFERENCE,This test uses the supplied/current ticker universe and is not a survivorship-bias-free historical index-constituent study.
2020-04-16,T1_45D,106358.21928098291,0.0,106358.21928098291,115605.67650026185,-7.999137671460266,0,0.0,REFERENCE,This test uses the supplied/current ticker universe and is not a survivorship-bias-free historical index-constituent study.
2020-04-17,T1_45D,106358.21928098291,0.0,106358.21928098291,115605.67650026185,-7.999137671460266,0,0.0,REFERENCE,This test uses the supplied/current ticker universe and is not a survivorship-bias-free historical index-constituent study.
2020-04-20,T1_45D,106358.21928098291,0.0,106358.21928098291,115605.67650026185,-7.999137671460266,0,0.0,REFERENCE,This test uses the supplied/current ticker universe and is not a survivorship-bias-free historical index-constituent study.
2020-04-21,T1_45D,106358.21928098291,0.0,106358.21928098291,115605.67650026185,-7.999137671460266,0,0.0,REFERENCE,This test uses the supplied/current ticker universe and is not a survivorship-bias-free historical index-constituent study.
2020-04-22,T1_45D,106358.21928098291,0.0,106358.21928098291,115605.67650026185,-7.999137671460266,0,0.0,REFERENCE,This test uses the supplied/current ticker universe and is not a survivorship-bias-free historical index-constituent study.
2020-04-23,T1_45D,106358.21928098291,0.0,106358.21928098291,115605.67650026185,-7.999137671460266,0,0.0,REFERENCE,This test uses the supplied/current ticker universe and is not a survivorship-bias-free historical index-constituent study.
2020-04-24,T1_45D,106358.21928098291,0.0,106358.21928098291,115605.67650026185,-7.999137671460266,0,0.0,REFERENCE,This test uses the supplied/current ticker universe and is not a survivorship-bias-free historical index-constituent study.
2020-04-27,T1_45D,106358.21928098291,0.0,106358.21928098291,115605.67650026185,-7.999137671460266,0,0.0,REFERENCE,This test uses the supplied/current ticker universe and is not a survivorship-bias-free historical index-constituent study.
2020-04-28,T1_45D,106358.21928098291,0.0,106358.21928098291,115605.67650026185,-7.999137671460266,0,0.0,REFERENCE,This test uses the supplied/current ticker universe and is not a survivorship-bias-free historical index-constituent study.
2020-04-29,T1_45D,106358.21928098291,0.0,106358.21928098291,115605.67650026185,-7.999137671460266,0,0.0,REFERENCE,This test uses the supplied/current ticker universe and is not a survivorship-bias-free historical index-constituent study.
2020-04-30,T1_45D,106358.21928098291,0.0,106358.21928098291,115605.67650026185,-7.999137671460266,0,0.0,REFERENCE,This test uses the supplied/current ticker universe and is not a survivorship-bias-free historical index-constituent study.
2020-05-04,T1_45D,106358.21928098291,0.0,106358.21928098291,115605.67650026185,-7.999137671460266,0,0.0,REFERENCE,This test uses the supplied/current ticker universe and is not a survivorship-bias-free historical index-constituent study.
2020-05-05,T1_45D,106358.21928098291,0.0,106358.21928098291,115605.67650026185,-7.999137671460266,0,0.0,REFERENCE,This test uses the supplied/current ticker universe and is not a survivorship-bias-free historical index-constituent study.
2020-05-06,T1_45D,106358.21928098291,0.0,106358.21928098291,115605.67650026185,-7.999137671460266,0,0.0,REFERENCE,This test uses the supplied/current ticker universe and is not a survivorship-bias-free historical index-constituent study.
2020-05-07,T1_45D,106358.21928098291,0.0,106358.21928098291,115605.67650026185,-7.999137671460266,0,0.0,REFERENCE,This test uses the supplied/current ticker universe and is not a survivorship-bias-free historical index-constituent study.
2020-05-08,T1_45D,106358.21928098291,0.0,106358.21928098291,115605.67650026185,-7.999137671460266,0,0.0,REFERENCE,This test uses the supplied/current ticker universe and is not a survivorship-bias-free historical index-constituent study.
2020-05-11,T1_45D,106358.21928098291,0.0,106358.21928098291,115605.67650026185,-7.999137671460266,0,0.0,REFERENCE,This test uses the supplied/current ticker universe and is not a survivorship-bias-free historical index-constituent study.
2020-05-12,T1_45D,106358.21928098291,0.0,106358.21928098291,115605.67650026185,-7.999137671460266,0,0.0,REFERENCE,This test uses the supplied/current ticker universe and is not a survivorship-bias-free historical index-constituent study.
2020-05-13,T1_45D,106358.21928098291,0.0,106358.21928098291,115605.67650026185,-7.999137671460266,0,0.0,REFERENCE,This test uses the supplied/current ticker universe and is not a survivorship-bias-free historical index-constituent study.
2020-05-14,T1_45D,106358.21928098291,0.0,106358.21928098291,115605.67650026185,-7.999137671460266,0,0.0,REFERENCE,This test uses the supplied/current ticker universe and is not a survivorship-bias-free historical index-constituent study.
2020-05-15,T1_45D,106358.21928098291,0.0,106358.21928098291,115605.67650026185,-7.999137671460266,0,0.0,REFERENCE,This test uses the supplied/current ticker universe and is not a survivorship-bias-free historical index-constituent study.
2020-05-18,T1_45D,106358.21928098291,0.0,106358.21928098291,115605.67650026185,-7.999137671460266,0,0.0,REFERENCE,This test uses the supplied/current ticker universe and is not a survivorship-bias-free historical index-constituent study.
2020-05-19,T1_45D,106358.21928098291,0.0,106358.21928098291,115605.67650026185,-7.999137671460266,0,0.0,REFERENCE,This test uses the supplied/current ticker universe and is not a survivorship-bias-free historical index-constituent study.
2020-05-20,T1_45D,106358.21928098291,0.0,106358.21928098291,115605.67650026185,-7.999137671460266,0,0.0,REFERENCE,This test uses the supplied/current ticker universe and is not a survivorship-bias-free historical index-constituent study.
2020-05-21,T1_45D,106358.21928098291,0.0,106358.21928098291,115605.67650026185,-7.999137671460266,0,0.0,REFERENCE,This test uses the supplied/current ticker universe and is not a survivorship-bias-free historical index-constituent study.
2020-05-22,T1_45D,106358.21928098291,0.0,106358.21928098291,115605.67650026185,-7.999137671460266,0,0.0,REFERENCE,This test uses the supplied/current ticker universe and is not a survivorship-bias-free historical index-constituent study.
2020-05-26,T1_45D,106358.21928098291,0.0,106358.21928098291,115605.67650026185,-7.999137671460266,0,0.0,REFERENCE,This test uses the supplied/current ticker universe and is not a survivorship-bias-free historical index-constituent study.
2020-05-27,T1_45D,106358.21928098291,0.0,106358.21928098291,115605.67650026185,-7.999137671460266,0,0.0,REFERENCE,This test uses the supplied/current ticker universe and is not a survivorship-bias-free historical index-constituent study.
2020-05-28,T1_45D,106358.21928098291,0.0,106358.21928098291,115605.67650026185,-7.999137671460266,0,0.0,REFERENCE,This test uses the supplied/current ticker universe and is not a survivorship-bias-free historical index-constituent study.
2020-05-29,T1_45D,106358.21928098291,0.0,106358.21928098291,115605.67650026185,-7.999137671460266,0,0.0,REFERENCE,This test uses the supplied/current ticker universe and is not a survivorship-bias-free historical index-constituent study.
2020-06-01,T1_45D,106358.21928098291,0.0,106358.21928098291,115605.67650026185,-7.999137671460266,0,0.0,REFERENCE,This test uses the supplied/current ticker universe and is not a survivorship-bias-free historical index-constituent study.
2020-06-02,T1_45D,106358.21928098291,0.0,106358.21928098291,115605.67650026185,-7.999137671460266,0,0.0,REFERENCE,This test uses the supplied/current ticker universe and is not a survivorship-bias-free historical index-constituent study.
2020-06-03,T1_45D,106358.21928098291,0.0,106358.21928098291,115605.67650026185,-7.999137671460266,0,0.0,REFERENCE,This test uses the supplied/current ticker universe and is not a survivorship-bias-free historical index-constituent study.
2020-06-04,T1_45D,106358.21928098291,0.0,106358.21928098291,115605.67650026185,-7.999137671460266,0,0.0,REFERENCE,This test uses the supplied/current ticker universe and is not a survivorship-bias-free historical index-constituent study.
2020-06-05,T1_45D,106358.21928098291,0.0,106358.21928098291,115605.67650026185,-7.999137671460266,0,0.0,REFERENCE,This test uses the supplied/current ticker universe and is not a survivorship-bias-free historical index-constituent study.
2020-06-08,T1_45D,106358.21928098291,0.0,106358.21928098291,115605.67650026185,-7.999137671460266,0,0.0,REFERENCE,This test uses the supplied/current ticker universe and is not a survivorship-bias-free historical index-constituent study.
2020-06-09,T1_45D,106358.21928098291,0.0,106358.21928098291,115605.67650026185,-7.999137671460266,0,0.0,REFERENCE,This test uses the supplied/current ticker universe and is not a survivorship-bias-free historical index-constituent study.
2020-06-10,T1_45D,106358.21928098291,0.0,106358.21928098291,115605.67650026185,-7.999137671460266,0,0.0,REFERENCE,This test uses the supplied/current ticker universe and is not a survivorship-bias-free historical index-constituent study.
2020-06-11,T1_45D,106358.21928098291,0.0,106358.21928098291,115605.67650026185,-7.999137671460266,0,0.0,REFERENCE,This test uses the supplied/current ticker universe and is not a survivorship-bias-free historical index-constituent study.
2020-06-12,T1_45D,106358.21928098291,0.0,106358.21928098291,115605.67650026185,-7.999137671460266,0,0.0,REFERENCE,This test uses the supplied/current ticker universe and is not a survivorship-bias-free historical index-constituent study.
2020-06-15,T1_45D,106358.21928098291,0.0,106358.21928098291,115605.67650026185,-7.999137671460266,0,0.0,REFERENCE,This test uses the supplied/current ticker universe and is not a survivorship-bias-free historical index-constituent study.
2020-06-16,T1_45D,106358.21928098291,0.0,106358.21928098291,115605.67650026185,-7.999137671460266,0,0.0,REFERENCE,This test uses the supplied/current ticker universe and is not a survivorship-bias-free historical index-constituent study.
2020-06-17,T1_45D,106358.21928098291,0.0,106358.21928098291,115605.67650026185,-7.999137671460266,0,0.0,REFERENCE,This test uses the supplied/current ticker universe and is not a survivorship-bias-free historical index-constituent study.
2020-06-18,T1_45D,106358.21928098291,0.0,106358.21928098291,115605.67650026185,-7.999137671460266,0,0.0,REFERENCE,This test uses the supplied/current ticker universe and is not a survivorship-bias-free historical index-constituent study.
2020-06-19,T1_45D,106358.21928098291,0.0,106358.21928098291,115605.67650026185,-7.999137671460266,0,0.0,REFERENCE,This test uses the supplied/current ticker universe and is not a survivorship-bias-free historical index-constituent study.
2020-06-22,T1_45D,106358.21928098291,0.0,106358.21928098291,115605.67650026185,-7.999137671460266,0,0.0,REFERENCE,This test uses the supplied/current ticker universe and is not a survivorship-bias-free historical index-constituent study.
2020-06-23,T1_45D,106358.21928098291,0.0,106358.21928098291,115605.67650026185,-7.999137671460266,0,0.0,REFERENCE,This test uses the supplied/current ticker universe and is not a survivorship-bias-free historical index-constituent study.
2020-06-24,T1_45D,106358.21928098291,0.0,106358.21928098291,115605.67650026185,-7.999137671460266,0,0.0,REFERENCE,This test uses the supplied/current ticker universe and is not a survivorship-bias-free historical index-constituent study.
2020-06-25,T1_45D,106358.21928098291,0.0,106358.21928098291,115605.67650026185,-7.999137671460266,0,0.0,REFERENCE,This test uses the supplied/current ticker universe and is not a survivorship-bias-free historical index-constituent study.
2020-06-26,T1_45D,106358.21928098291,0.0,106358.21928098291,115605.67650026185,-7.999137671460266,0,0.0,REFERENCE,This test uses the supplied/current ticker universe and is not a survivorship-bias-free historical index-constituent study.
2020-06-29,T1_45D,106358.21928098291,0.0,106358.21928098291,115605.67650026185,-7.999137671460266,0,0.0,REFERENCE,This test uses the supplied/current ticker universe and is not a survivorship-bias-free historical index-constituent study.
2020-06-30,T1_45D,106358.21928098291,0.0,106358.21928098291,115605.67650026185,-7.999137671460266,0,0.0,REFERENCE,This test uses the supplied/current ticker universe and is not a survivorship-bias-free historical index-constituent study.
2020-07-01,T1_45D,92024.86787242572,14361.80126953125,106386.66914195697,115605.67650026185,-7.9745282735177785,1,0.026749094866751477,REFERENCE,This test uses the supplied/current ticker universe and is not a survivorship-bias-free historical index-constituent study.
2020-07-02,T1_45D,92024.86787242572,14799.228515625,106824.09638805072,115605.67650026185,-7.5961495819725116,1,0.4111673479598066,REFERENCE,This test uses the supplied/current ticker universe and is not a survivorship-bias-free historical index-constituent study.
2020-07-03,T1_45D,92024.86787242572,14629.75341796875,106654.62129039447,115605.67650026185,-7.7427471391053215,1,-0.15864875377986642,REFERENCE,This test uses the supplied/current ticker universe and is not a survivorship-bias-free historical index-constituent study.
2020-07-06,T1_45D,92024.86787242572,14533.56591796875,106558.43379039447,115605.67650026185,-7.825950233375334,1,-0.09018596553646008,REFERENCE,This test uses the supplied/current ticker universe and is not a survivorship-bias-free historical index-constituent study.
2020-07-07,T1_45D,92024.86787242572,14578.22607421875,106603.09394664447,115605.67650026185,-7.787318777202945,1,0.041911423302121165,REFERENCE,This test uses the supplied/current ticker universe and is not a survivorship-bias-free historical index-constituent study.
2020-07-08,T1_45D,92024.86787242572,14528.9853515625,106553.85322398822,115605.67650026185,-7.829912466498246,1,-0.04619070688595128,REFERENCE,This test uses the supplied/current ticker universe and is not a survivorship-bias-free historical index-constituent study.
2020-07-09,T1_45D,92024.86787242572,14635.48095703125,106660.34882945697,115605.67650026185,-7.737792763822126,1,0.09994533491424207,REFERENCE,This test uses the supplied/current ticker universe and is not a survivorship-bias-free historical index-constituent study.
2020-07-10,T1_45D,92024.86787242572,14632.0458984375,106656.91377086322,115605.67650026185,-7.740764121888388,1,-0.00322055818441358,REFERENCE,This test uses the supplied/current ticker universe and is not a survivorship-bias-free historical index-constituent study.
2020-07-13,T1_45D,92024.86787242572,14619.4482421875,106644.31611461322,115605.67650026185,-7.751661213304118,1,-0.011811382689230765,REFERENCE,This test uses the supplied/current ticker universe and is not a survivorship-bias-free historical index-constituent study.
2020-07-14,T1_45D,92024.86787242572,14480.89306640625,106505.76093883197,115605.67650026185,-7.871512746529596,1,-0.12992270083324042,REFERENCE,This test uses the supplied/current ticker universe and is not a survivorship-bias-free historical index-constituent study.
2020-07-15,T1_45D,92024.86787242572,14616.0146484375,106640.88252086322,115605.67650026185,-7.754631304266724,1,0.12686786220781343,REFERENCE,This test uses the supplied/current ticker universe and is not a survivorship-bias-free historical index-constituent study.
2020-07-16,T1_45D,92024.86787242572,15447.35302734375,107472.22089976947,115605.67650026185,-7.0355157693955945,1,0.779568172406675,REFERENCE,This test uses the supplied/current ticker universe and is not a survivorship-bias-free historical index-constituent study.
2020-07-17,T1_45D,107868.60104852292,0.0,107868.60104852292,115605.67650026185,-6.692643204005133,0,0.36882102689876906,REFERENCE,This test uses the supplied/current ticker universe and is not a survivorship-bias-free historical index-constituent study.
2020-07-20,T1_45D,107868.60104852292,0.0,107868.60104852292,115605.67650026185,-6.692643204005133,0,0.0,REFERENCE,This test uses the supplied/current ticker universe and is not a survivorship-bias-free historical index-constituent study.
2020-07-21,T1_45D,107868.60104852292,0.0,107868.60104852292,115605.67650026185,-6.692643204005133,0,0.0,REFERENCE,This test uses the supplied/current ticker universe and is not a survivorship-bias-free historical index-constituent study.
2020-07-22,T1_45D,107868.60104852292,0.0,107868.60104852292,115605.67650026185,-6.692643204005133,0,0.0,REFERENCE,This test uses the supplied/current ticker universe and is not a survivorship-bias-free historical index-constituent study.
2020-07-23,T1_45D,107868.60104852292,0.0,107868.60104852292,115605.67650026185,-6.692643204005133,0,0.0,REFERENCE,This test uses the supplied/current ticker universe and is not a survivorship-bias-free historical index-constituent study.
2020-07-24,T1_45D,107868.60104852292,0.0,107868.60104852292,115605.67650026185,-6.692643204005133,0,0.0,REFERENCE,This test uses the supplied/current ticker universe and is not a survivorship-bias-free historical index-constituent study.
2020-07-27,T1_45D,107868.60104852292,0.0,107868.60104852292,115605.67650026185,-6.692643204005133,0,0.0,REFERENCE,This test uses the supplied/current ticker universe and is not a survivorship-bias-free historical index-constituent study.
2020-07-28,T1_45D,107868.60104852292,0.0,107868.60104852292,115605.67650026185,-6.692643204005133,0,0.0,REFERENCE,This test uses the supplied/current ticker universe and is not a survivorship-bias-free historical index-constituent study.
2020-07-29,T1_45D,107868.60104852292,0.0,107868.60104852292,115605.67650026185,-6.692643204005133,0,0.0,REFERENCE,This test uses the supplied/current ticker universe and is not a survivorship-bias-free historical index-constituent study.
2020-07-30,T1_45D,107868.60104852292,0.0,107868.60104852292,115605.67650026185,-6.692643204005133,0,0.0,REFERENCE,This test uses the supplied/current ticker universe and is not a survivorship-bias-free historical index-constituent study.
2020-07-31,T1_45D,107868.60104852292,0.0,107868.60104852292,115605.67650026185,-6.692643204005133,0,0.0,REFERENCE,This test uses the supplied/current ticker universe and is not a survivorship-bias-free historical index-constituent study.
2020-08-03,T1_45D,107868.60104852292,0.0,107868.60104852292,115605.67650026185,-6.692643204005133,0,0.0,REFERENCE,This test uses the supplied/current ticker universe and is not a survivorship-bias-free historical index-constituent study.
2020-08-04,T1_45D,107868.60104852292,0.0,107868.60104852292,115605.67650026185,-6.692643204005133,0,0.0,REFERENCE,This test uses the supplied/current ticker universe and is not a survivorship-bias-free historical index-constituent study.
2020-08-05,T1_45D,107868.60104852292,0.0,107868.60104852292,115605.67650026185,-6.692643204005133,0,0.0,REFERENCE,This test uses the supplied/current ticker universe and is not a survivorship-bias-free historical index-constituent study.
2020-08-06,T1_45D,107868.60104852292,0.0,107868.60104852292,115605.67650026185,-6.692643204005133,0,0.0,REFERENCE,This test uses the supplied/current ticker universe and is not a survivorship-bias-free historical index-constituent study.
2020-08-07,T1_45D,107868.60104852292,0.0,107868.60104852292,115605.67650026185,-6.692643204005133,0,0.0,REFERENCE,This test uses the supplied/current ticker universe and is not a survivorship-bias-free historical index-constituent study.
2020-08-10,T1_45D,107868.60104852292,0.0,107868.60104852292,115605.67650026185,-6.692643204005133,0,0.0,REFERENCE,This test uses the supplied/current ticker universe and is not a survivorship-bias-free historical index-constituent study.
2020-08-11,T1_45D,107868.60104852292,0.0,107868.60104852292,115605.67650026185,-6.692643204005133,0,0.0,REFERENCE,This test uses the supplied/current ticker universe and is not a survivorship-bias-free historical index-constituent study.
2020-08-12,T1_45D,107868.60104852292,0.0,107868.60104852292,115605.67650026185,-6.692643204005133,0,0.0,REFERENCE,This test uses the supplied/current ticker universe and is not a survivorship-bias-free historical index-constituent study.
2020-08-13,T1_45D,107868.60104852292,0.0,107868.60104852292,115605.67650026185,-6.692643204005133,0,0.0,REFERENCE,This test uses the supplied/current ticker universe and is not a survivorship-bias-free historical index-constituent study.
2020-08-14,T1_45D,107868.60104852292,0.0,107868.60104852292,115605.67650026185,-6.692643204005133,0,0.0,REFERENCE,This test uses the supplied/current ticker universe and is not a survivorship-bias-free historical index-constituent study.
2020-08-17,T1_45D,107868.60104852292,0.0,107868.60104852292,115605.67650026185,-6.692643204005133,0,0.0,REFERENCE,This test uses the supplied/current ticker universe and is not a survivorship-bias-free historical index-constituent study.
2020-08-18,T1_45D,107868.60104852292,0.0,107868.60104852292,115605.67650026185,-6.692643204005133,0,0.0,REFERENCE,This test uses the supplied/current ticker universe and is not a survivorship-bias-free historical index-constituent study.
2020-08-19,T1_45D,107868.60104852292,0.0,107868.60104852292,115605.67650026185,-6.692643204005133,0,0.0,REFERENCE,This test uses the supplied/current ticker universe and is not a survivorship-bias-free historical index-constituent study.
2020-08-20,T1_45D,107868.60104852292,0.0,107868.60104852292,115605.67650026185,-6.692643204005133,0,0.0,REFERENCE,This test uses the supplied/current ticker universe and is not a survivorship-bias-free historical index-constituent study.
2020-08-21,T1_45D,107868.60104852292,0.0,107868.60104852292,115605.67650026185,-6.692643204005133,0,0.0,REFERENCE,This test uses the supplied/current ticker universe and is not a survivorship-bias-free historical index-constituent study.
2020-08-24,T1_45D,107868.60104852292,0.0,107868.60104852292,115605.67650026185,-6.692643204005133,0,0.0,REFERENCE,This test uses the supplied/current ticker universe and is not a survivorship-bias-free historical index-constituent study.
2020-08-25,T1_45D,92509.40986906204,15532.470153808594,108041.88002287064,115605.67650026185,-6.542755257674637,1,0.1606389372471595,REFERENCE,This test uses the supplied/current ticker universe and is not a survivorship-bias-free historical index-constituent study.
2020-08-26,T1_45D,92509.40986906204,15634.430419921875,108143.84028898392,115605.67650026185,-6.45455866629614,1,0.09437105878915553,REFERENCE,This test uses the supplied/current ticker universe and is not a survivorship-bias-free historical index-constituent study.
2020-08-27,T1_45D,92509.40986906204,16230.90234375,108740.31221281204,115605.67650026185,-5.938604829179173,1,0.5515542283631047,REFERENCE,This test uses the supplied/current ticker universe and is not a survivorship-bias-free historical index-constituent study.
2020-08-28,T1_45D,92509.40986906204,16094.529602050781,108603.93947111283,115605.67650026185,-6.0565685363496495,1,-0.12541139428801085,REFERENCE,This test uses the supplied/current ticker universe and is not a survivorship-bias-free historical index-constituent study.
2020-08-31,T1_45D,92509.40986906204,15470.016174316406,107979.42604337845,115605.67650026185,-6.596778538695824,1,-0.5750375453926204,REFERENCE,This test uses the supplied/current ticker universe and is not a survivorship-bias-free historical index-constituent study.
2020-09-01,T1_45D,35753.975873281786,72241.49158859253,107995.46746187432,115605.67650026185,-6.582902560472704,4,0.014855995335083527,REFERENCE,This test uses the supplied/current ticker universe and is not a survivorship-bias-free historical index-constituent study.
2020-09-02,T1_45D,35753.975873281786,73673.82369232178,109427.79956560356,115605.67650026185,-5.343921787996542,4,1.32628909100736,REFERENCE,This test uses the supplied/current ticker universe and is not a survivorship-bias-free historical index-constituent study.
2020-09-03,T1_45D,74251.48836839151,36567.05387878418,110818.54224717569,115605.67650026185,-4.140916257754279,2,1.2709226422289222,REFERENCE,This test uses the supplied/current ticker universe and is not a survivorship-bias-free historical index-constituent study.
2020-09-04,T1_45D,74251.48836839151,35908.68366622925,110160.17203462076,115605.67650026185,-4.71041269814182,2,-0.5940975212311184,REFERENCE,This test uses the supplied/current ticker universe and is not a survivorship-bias-free historical index-constituent study.
2020-09-07,T1_45D,74251.48836839151,35966.34368133545,110217.83204972696,115605.67650026185,-4.660536241507729,2,0.052341979901848745,REFERENCE,This test uses the supplied/current ticker universe and is not a survivorship-bias-free historical index-constituent study.
2020-09-08,T1_45D,74251.48836839151,35986.96499633789,110238.4533647294,115605.67650026185,-4.642698609631246,2,0.01870959954386464,REFERENCE,This test uses the supplied/current ticker universe and is not a survivorship-bias-free historical index-constituent study.
2020-09-09,T1_45D,74251.48836839151,35505.08875465393,109756.57712304544,115605.67650026185,-5.059526101387557,2,-0.43712173654110176,REFERENCE,This test uses the supplied/current ticker universe and is not a survivorship-bias-free historical index-constituent study.
2020-09-10,T1_45D,85803.41037666216,24042.2314453125,109845.64182197466,115605.67650026185,-4.982484297191192,1,0.08114748224097301,REFERENCE,This test uses the supplied/current ticker universe and is not a survivorship-bias-free historical index-constituent study.
2020-09-11,T1_45D,85803.41037666216,24186.727294921875,109990.13767158403,115605.67650026185,-4.857494025101006,1,0.13154445384693236,REFERENCE,This test uses the supplied/current ticker universe and is not a survivorship-bias-free historical index-constituent study.
2020-09-14,T1_45D,110699.24385884916,0.0,110699.24385884916,115605.67650026185,-4.244110488295593,0,0.6446997906143448,REFERENCE,This test uses the supplied/current ticker universe and is not a survivorship-bias-free historical index-constituent study.
2020-09-15,T1_45D,110699.24385884916,0.0,110699.24385884916,115605.67650026185,-4.244110488295593,0,0.0,REFERENCE,This test uses the supplied/current ticker universe and is not a survivorship-bias-free historical index-constituent study.
2020-09-16,T1_45D,110699.24385884916,0.0,110699.24385884916,115605.67650026185,-4.244110488295593,0,0.0,REFERENCE,This test uses the supplied/current ticker universe and is not a survivorship-bias-free historical index-constituent study.
2020-09-17,T1_45D,110699.24385884916,0.0,110699.24385884916,115605.67650026185,-4.244110488295593,0,0.0,REFERENCE,This test uses the supplied/current ticker universe and is not a survivorship-bias-free historical index-constituent study.
2020-09-18,T1_45D,110699.24385884916,0.0,110699.24385884916,115605.67650026185,-4.244110488295593,0,0.0,REFERENCE,This test uses the supplied/current ticker universe and is not a survivorship-bias-free historical index-constituent study.
2020-09-21,T1_45D,109850.73028943875,0.0,109850.73028943875,115605.67650026185,-4.978082724865207,0,-0.7665034916519708,REFERENCE,This test uses the supplied/current ticker universe and is not a survivorship-bias-free historical index-constituent study.
2020-09-22,T1_45D,92246.87402727237,17343.6484375,109590.52246477237,115605.67650026185,-5.203164946209071,1,-0.23687400528041858,REFERENCE,This test uses the supplied/current ticker universe and is not a survivorship-bias-free historical index-constituent study.
2020-09-23,T1_45D,92246.87402727237,17543.86328125,109790.73730852237,115605.67650026185,-5.029977218918235,1,0.18269357536311315,REFERENCE,This test uses the supplied/current ticker universe and is not a survivorship-bias-free historical index-constituent study.
2020-09-24,T1_45D,92246.87402727237,17213.310546875,109460.18457414737,115605.67650026185,-5.3159084503091485,1,-0.30107524776531447,REFERENCE,This test uses the supplied/current ticker universe and is not a survivorship-bias-free historical index-constituent study.
2020-09-25,T1_45D,92246.87402727237,17420.595703125,109667.46973039737,115605.67650026185,-5.136604836053216,1,0.1893703697435134,REFERENCE,This test uses the supplied/current ticker universe and is not a survivorship-bias-free historical index-constituent study.
2020-09-28,T1_45D,92246.87402727237,17882.2734375,110129.14746477237,115605.67650026185,-4.737249243532671,1,0.42097965377514424,REFERENCE,This test uses the supplied/current ticker universe and is not a survivorship-bias-free historical index-constituent study.
2020-09-29,T1_45D,92246.87402727237,18330.607421875,110577.48144914737,115605.67650026185,-4.349436120555117,1,0.407098388297622,REFERENCE,This test uses the supplied/current ticker universe and is not a survivorship-bias-free historical index-constituent study.
2020-09-30,T1_45D,92246.87402727237,18865.306640625,111112.18066789737,115605.67650026185,-3.8869162556687264,1,0.48355163433153603,REFERENCE,This test uses the supplied/current ticker universe and is not a survivorship-bias-free historical index-constituent study.
2020-10-01,T1_45D,92246.87402727237,18822.912109375,111069.78613664737,115605.67650026185,-3.92358792485783,1,-0.0381547108473268,REFERENCE,This test uses the supplied/current ticker universe and is not a survivorship-bias-free historical index-constituent study.
2020-10-05,T1_45D,92246.87402727237,18755.384765625,111002.25879289737,115605.67650026185,-3.981999713789186,1,-0.060797221367581145,REFERENCE,This test uses the supplied/current ticker universe and is not a survivorship-bias-free historical index-constituent study.
2020-10-06,T1_45D,92246.87402727237,18843.326171875,111090.20019914737,115605.67650026185,-3.905929568349742,1,0.07922487993157201,REFERENCE,This test uses the supplied/current ticker universe and is not a survivorship-bias-free historical index-constituent study.
2020-10-07,T1_45D,111385.89983761717,0.0,111385.89983761717,115605.67650026185,-3.650146593480752,0,0.26617976917828745,REFERENCE,This test uses the supplied/current ticker universe and is not a survivorship-bias-free historical index-constituent study.
2020-10-08,T1_45D,111385.89983761717,0.0,111385.89983761717,115605.67650026185,-3.650146593480752,0,0.0,REFERENCE,This test uses the supplied/current ticker universe and is not a survivorship-bias-free historical index-constituent study.
2020-10-09,T1_45D,111385.89983761717,0.0,111385.89983761717,115605.67650026185,-3.650146593480752,0,0.0,REFERENCE,This test uses the supplied/current ticker universe and is not a survivorship-bias-free historical index-constituent study.
2020-10-12,T1_45D,111385.89983761717,0.0,111385.89983761717,115605.67650026185,-3.650146593480752,0,0.0,REFERENCE,This test uses the supplied/current ticker universe and is not a survivorship-bias-free historical index-constituent study.
2020-10-13,T1_45D,111385.89983761717,0.0,111385.89983761717,115605.67650026185,-3.650146593480752,0,0.0,REFERENCE,This test uses the supplied/current ticker universe and is not a survivorship-bias-free historical index-constituent study.
2020-10-14,T1_45D,111385.89983761717,0.0,111385.89983761717,115605.67650026185,-3.650146593480752,0,0.0,REFERENCE,This test uses the supplied/current ticker universe and is not a survivorship-bias-free historical index-constituent study.
2020-10-15,T1_45D,111385.89983761717,0.0,111385.89983761717,115605.67650026185,-3.650146593480752,0,0.0,REFERENCE,This test uses the supplied/current ticker universe and is not a survivorship-bias-free historical index-constituent study.
2020-10-16,T1_45D,111385.89983761717,0.0,111385.89983761717,115605.67650026185,-3.650146593480752,0,0.0,REFERENCE,This test uses the supplied/current ticker universe and is not a survivorship-bias-free historical index-constituent study.
2020-10-19,T1_45D,111385.89983761717,0.0,111385.89983761717,115605.67650026185,-3.650146593480752,0,0.0,REFERENCE,This test uses the supplied/current ticker universe and is not a survivorship-bias-free historical index-constituent study.
2020-10-20,T1_45D,111385.89983761717,0.0,111385.89983761717,115605.67650026185,-3.650146593480752,0,0.0,REFERENCE,This test uses the supplied/current ticker universe and is not a survivorship-bias-free historical index-constituent study.
2020-10-21,T1_45D,111385.89983761717,0.0,111385.89983761717,115605.67650026185,-3.650146593480752,0,0.0,REFERENCE,This test uses the supplied/current ticker universe and is not a survivorship-bias-free historical index-constituent study.
2020-10-22,T1_45D,111385.89983761717,0.0,111385.89983761717,115605.67650026185,-3.650146593480752,0,0.0,REFERENCE,This test uses the supplied/current ticker universe and is not a survivorship-bias-free historical index-constituent study.
2020-10-23,T1_45D,111385.89983761717,0.0,111385.89983761717,115605.67650026185,-3.650146593480752,0,0.0,REFERENCE,This test uses the supplied/current ticker universe and is not a survivorship-bias-free historical index-constituent study.
2020-10-26,T1_45D,111385.89983761717,0.0,111385.89983761717,115605.67650026185,-3.650146593480752,0,0.0,REFERENCE,This test uses the supplied/current ticker universe and is not a survivorship-bias-free historical index-constituent study.
2020-10-27,T1_45D,111385.89983761717,0.0,111385.89983761717,115605.67650026185,-3.650146593480752,0,0.0,REFERENCE,This test uses the supplied/current ticker universe and is not a survivorship-bias-free historical index-constituent study.
2020-10-28,T1_45D,111385.89983761717,0.0,111385.89983761717,115605.67650026185,-3.650146593480752,0,0.0,REFERENCE,This test uses the supplied/current ticker universe and is not a survivorship-bias-free historical index-constituent study.
2020-10-29,T1_45D,91368.49313396608,19658.136352539062,111026.62948650515,115605.67650026185,-3.9609188340732793,1,-0.3225456288774242,REFERENCE,This test uses the supplied/current ticker universe and is not a survivorship-bias-free historical index-constituent study.
2020-10-30,T1_45D,91368.49313396608,19450.411376953125,110818.90451091921,115605.67650026185,-4.140602896201029,1,-0.18709473263005538,REFERENCE,This test uses the supplied/current ticker universe and is not a survivorship-bias-free historical index-constituent study.
2020-11-02,T1_45D,73072.37873250808,37975.75927734375,111048.13800985183,115605.67650026185,-3.9423137586152124,2,0.20685414636094634,REFERENCE,This test uses the supplied/current ticker universe and is not a survivorship-bias-free historical index-constituent study.
2020-11-03,T1_45D,73072.37873250808,38332.47326660156,111404.85199910964,115605.67650026185,-3.6337527951256776,2,0.3212246469419977,REFERENCE,This test uses the supplied/current ticker universe and is not a survivorship-bias-free historical index-constituent study.
2020-11-04,T1_45D,73072.37873250808,39135.553955078125,112207.9326875862,115605.67650026185,-2.939080428864538,2,0.7208668869134849,REFERENCE,This test uses the supplied/current ticker universe and is not a survivorship-bias-free historical index-constituent study.
2020-11-05,T1_45D,73072.37873250808,39750.064453125,112822.44318563308,115605.67650026185,-2.407523054996752,2,0.5476533461834743,REFERENCE,This test uses the supplied/current ticker universe and is not a survivorship-bias-free historical index-constituent study.
2020-11-06,T1_45D,73072.37873250808,40091.06494140625,113163.44367391433,115605.67650026185,-2.1125544179848244,2,0.30224526136186647,REFERENCE,This test uses the supplied/current ticker universe and is not a survivorship-bias-free historical index-constituent study.
2020-11-09,T1_45D,94439.35362169755,19586.716308593754,114026.0699302913,115605.67650026185,-1.3663745741472888,1,0.7622834975424375,REFERENCE,This test uses the supplied/current ticker universe and is not a survivorship-bias-free historical index-constituent study.
2020-11-10,T1_45D,94439.35362169755,18802.595214843754,113241.9488365413,115605.67650026185,-2.044646712235798,1,-0.6876682623801367,REFERENCE,This test uses the supplied/current ticker universe and is not a survivorship-bias-free historical index-constituent study.
2020-11-11,T1_45D,94439.35362169755,19344.5849609375,113783.93858263505,115605.67650026185,-1.57582047246847,1,0.4786121677189392,REFERENCE,This test uses the supplied/current ticker universe and is not a survivorship-bias-free historical index-constituent study.
2020-11-12,T1_45D,94439.35362169755,19262.723388671875,113702.07701036942,115605.67650026185,-1.646631504196172,1,-0.07194475185632321,REFERENCE,This test uses the supplied/current ticker universe and is not a survivorship-bias-free historical index-constituent study.
2020-11-13,T1_45D,94439.35362169755,19373.879394531246,113813.2330162288,115605.67650026185,-1.5504805112480757,1,0.09776075229412928,REFERENCE,This test uses the supplied/current ticker universe and is not a survivorship-bias-free historical index-constituent study.
2020-11-14,T1_45D,94439.35362169755,19533.289794921875,113972.64341661942,115605.67650026185,-1.4125890121310158,1,0.14006315097638833,REFERENCE,This test uses the supplied/current ticker universe and is not a survivorship-bias-free historical index-constituent study.
2020-11-17,T1_45D,94439.35362169755,19365.263671875,113804.61729357255,115605.67650026185,-1.5579331925670847,1,-0.147426713998966,REFERENCE,This test uses the supplied/current ticker universe and is not a survivorship-bias-free historical index-constituent study.
2020-11-18,T1_45D,94439.35362169755,19138.645019531246,113577.9986412288,115605.67650026185,-1.7539604632030859,1,-0.199129576403001,REFERENCE,This test uses the supplied/current ticker universe and is not a survivorship-bias-free historical index-constituent study.
2020-11-19,T1_45D,94439.35362169755,18900.822753906246,113340.1763756038,115605.67650026185,-1.9596789649450441,1,-0.2093911395430026,REFERENCE,This test uses the supplied/current ticker universe and is not a survivorship-bias-free historical index-constituent study.
2020-11-20,T1_45D,94439.35362169755,19014.562988281246,113453.9166099788,115605.67650026185,-1.8612925899691213,1,0.10035297104009633,REFERENCE,This test uses the supplied/current ticker universe and is not a survivorship-bias-free historical index-constituent study.
2020-11-23,T1_45D,94439.35362169755,19643.583984375,114082.93760607255,115605.67650026185,-1.317183498498753,1,0.55442863048627,REFERENCE,This test uses the supplied/current ticker universe and is not a survivorship-bias-free historical index-constituent study.
2020-11-24,T1_45D,94439.35362169755,19647.03125,114086.38487169755,115605.67650026185,-1.3142015812353858,1,0.003021718845364063,REFERENCE,This test uses the supplied/current ticker universe and is not a survivorship-bias-free historical index-constituent study.
2020-11-25,T1_45D,94439.35362169755,19226.536865234375,113665.89048693192,115605.67650026185,-1.6779331881038972,1,-0.36857543101090906,REFERENCE,This test uses the supplied/current ticker universe and is not a survivorship-bias-free historical index-constituent study.
2020-11-26,T1_45D,94439.35362169755,19184.3115234375,113623.66514513505,115605.67650026185,-1.7144585068210816,1,-0.037148648214502256,REFERENCE,This test uses the supplied/current ticker universe and is not a survivorship-bias-free historical index-constituent study.
2020-11-27,T1_45D,94439.35362169755,18956.832275390625,113396.18589708817,115605.67650026185,-1.91123020085322,1,-0.2002041104344876,REFERENCE,This test uses the supplied/current ticker universe and is not a survivorship-bias-free historical index-constituent study.
2020-12-01,T1_45D,94439.35362169755,19609.1162109375,114048.46983263505,115605.67650026185,-1.34699844745364,1,0.5752256395456179,REFERENCE,This test uses the supplied/current ticker universe and is not a survivorship-bias-free historical index-constituent study.
2020-12-02,T1_45D,94439.35362169755,19661.683349609375,114101.03697130692,115605.67650026185,-1.301527376946332,1,0.04609192806270812,REFERENCE,This test uses the supplied/current ticker universe and is not a survivorship-bias-free historical index-constituent study.
2020-12-03,T1_45D,94439.35362169755,19412.65625,113852.00987169755,115605.67650026185,-1.5169381657139769,1,-0.21825139036378838,REFERENCE,This test uses the supplied/current ticker universe and is not a survivorship-bias-free historical index-constituent study.
2020-12-04,T1_45D,94439.35362169755,19553.975830078125,113993.32945177567,115605.67650026185,-1.394695396711354,1,0.1241256787977596,REFERENCE,This test uses the supplied/current ticker universe and is not a survivorship-bias-free historical index-constituent study.
2020-12-07,T1_45D,94439.35362169755,19706.485595703125,114145.83921740067,115605.67650026185,-1.2627730117195979,1,0.13378832459622902,REFERENCE,This test uses the supplied/current ticker universe and is not a survivorship-bias-free historical index-constituent study.
2020-12-08,T1_45D,94439.35362169755,19876.237792968754,114315.5914146663,115605.67650026185,-1.1159357608124254,1,0.148715186142101,REFERENCE,This test uses the supplied/current ticker universe and is not a survivorship-bias-free historical index-constituent study.
2020-12-09,T1_45D,114640.82099311854,0.0,114640.82099311854,115605.67650026185,-0.8346091094766583,0,0.28450150537429053,REFERENCE,This test uses the supplied/current ticker universe and is not a survivorship-bias-free historical index-constituent study.
2020-12-10,T1_45D,114640.82099311854,0.0,114640.82099311854,115605.67650026185,-0.8346091094766583,0,0.0,REFERENCE,This test uses the supplied/current ticker universe and is not a survivorship-bias-free historical index-constituent study.
2020-12-11,T1_45D,114640.82099311854,0.0,114640.82099311854,115605.67650026185,-0.8346091094766583,0,0.0,REFERENCE,This test uses the supplied/current ticker universe and is not a survivorship-bias-free historical index-constituent study.
2020-12-14,T1_45D,114640.82099311854,0.0,114640.82099311854,115605.67650026185,-0.8346091094766583,0,0.0,REFERENCE,This test uses the supplied/current ticker universe and is not a survivorship-bias-free historical index-constituent study.
2020-12-15,T1_45D,94171.96427781775,20741.828125,114913.79240281775,115605.67650026185,-0.5984862667557045,1,0.23811013156962435,REFERENCE,This test uses the supplied/current ticker universe and is not a survivorship-bias-free historical index-constituent study.
2020-12-16,T1_45D,94171.96427781775,21031.048828125,115203.01310594275,115605.67650026185,-0.3483076320375922,1,0.25168493448650686,REFERENCE,This test uses the supplied/current ticker universe and is not a survivorship-bias-free historical index-constituent study.
2020-12-17,T1_45D,94171.96427781775,21494.697265625,115666.66154344275,115666.66154344275,0.0,1,0.4024620754264685,REFERENCE,This test uses the supplied/current ticker universe and is not a survivorship-bias-free historical index-constituent study.
2020-12-18,T1_45D,94171.96427781775,21040.73828125,115212.70255906775,115666.66154344275,-0.39247176180018384,1,-0.39247176180018384,REFERENCE,This test uses the supplied/current ticker universe and is not a survivorship-bias-free historical index-constituent study.
2020-12-21,T1_45D,72629.92067998832,41461.5087890625,114091.42946905082,115666.66154344275,-1.361872170746703,2,-0.9732200227158705,REFERENCE,This test uses the supplied/current ticker universe and is not a survivorship-bias-free historical index-constituent study.
2020-12-22,T1_45D,93296.91747260815,20470.498046875,113767.41551948315,115666.66154344275,-1.641999517074566,1,-0.28399499513288573,REFERENCE,This test uses the supplied/current ticker universe and is not a survivorship-bias-free historical index-constituent study.
2020-12-23,T1_45D,93296.91747260815,20508.513671875,113805.43114448315,115666.66154344275,-1.6091329810366761,1,0.03341521368522837,REFERENCE,This test uses the supplied/current ticker universe and is not a survivorship-bias-free historical index-constituent study.
2020-12-24,T1_45D,93296.91747260815,20828.294921875,114125.21239448315,115666.66154344275,-1.3326650293098097,1,0.2809894455687356,REFERENCE,This test uses the supplied/current ticker universe and is not a survivorship-bias-free historical index-constituent study.
2020-12-28,T1_45D,93296.91747260815,21063.099609375,114360.01708198315,115666.66154344275,-1.129663849568996,1,0.20574304535652121,REFERENCE,This test uses the supplied/current ticker universe and is not a survivorship-bias-free historical index-constituent study.
2020-12-29,T1_45D,93296.91747260815,21277.03515625,114573.95262885815,115666.66154344275,-0.9447051553175378,1,0.18707197876828285,REFERENCE,This test uses the supplied/current ticker universe and is not a survivorship-bias-free historical index-constituent study.
2020-12-30,T1_45D,93296.91747260815,21356.048828125,114652.96630073315,115666.66154344275,-0.8763936204114198,1,0.06896303222683198,REFERENCE,This test uses the supplied/current ticker universe and is not a survivorship-bias-free historical index-constituent study.
2020-12-31,T1_45D,93296.91747260815,21412.69921875,114709.61669135815,115666.66154344275,-0.8274163352809727,1,0.04941031396989981,REFERENCE,This test uses the supplied/current ticker universe and is not a survivorship-bias-free historical index-constituent study.
2021-01-01,T1_45D,93296.91747260815,21244.984375,114541.90184760815,115666.66154344275,-0.9724147656947402,1,-0.14620818078510123,REFERENCE,This test uses the supplied/current ticker universe and is not a survivorship-bias-free historical index-constituent study.
2021-01-04,T1_45D,93296.91747260815,21110.0625,114406.97997260815,115666.66154344275,-1.089061925040069,1,-0.11779259190187741,REFERENCE,This test uses the supplied/current ticker universe and is not a survivorship-bias-free historical index-constituent study.
2021-01-05,T1_45D,93296.91747260815,21269.578125,114566.49559760815,115666.66154344275,-0.9511521566837877,1,0.1394282281012904,REFERENCE,This test uses the supplied/current ticker universe and is not a survivorship-bias-free historical index-constituent study.
2021-01-06,T1_45D,93296.91747260815,21177.89453125,114474.81200385815,115666.66154344275,-1.0304175150217754,1,-0.08002653242709101,REFERENCE,This test uses the supplied/current ticker universe and is not a survivorship-bias-free historical index-constituent study.
2021-01-07,T1_45D,93296.91747260815,21113.7890625,114410.70653510815,115666.66154344275,-1.0858401129377082,1,-0.055999627890057635,REFERENCE,This test uses the supplied/current ticker universe and is not a survivorship-bias-free historical index-constituent study.
2021-01-08,T1_45D,93296.91747260815,21343.376953125,114640.29442573315,115666.66154344275,-0.8873491324240423,1,0.2006699351642771,REFERENCE,This test uses the supplied/current ticker universe and is not a survivorship-bias-free historical index-constituent study.
2021-01-11,T1_45D,115106.71370811376,0.0,115106.71370811376,115666.66154344275,-0.48410477821103637,0,0.40685457475231335,REFERENCE,This test uses the supplied/current ticker universe and is not a survivorship-bias-free historical index-constituent study.
2021-01-12,T1_45D,115106.71370811376,0.0,115106.71370811376,115666.66154344275,-0.48410477821103637,0,0.0,REFERENCE,This test uses the supplied/current ticker universe and is not a survivorship-bias-free historical index-constituent study.
2021-01-13,T1_45D,115106.71370811376,0.0,115106.71370811376,115666.66154344275,-0.48410477821103637,0,0.0,REFERENCE,This test uses the supplied/current ticker universe and is not a survivorship-bias-free historical index-constituent study.
2021-01-14,T1_45D,115106.71370811376,0.0,115106.71370811376,115666.66154344275,-0.48410477821103637,0,0.0,REFERENCE,This test uses the supplied/current ticker universe and is not a survivorship-bias-free historical index-constituent study.
2021-01-15,T1_45D,115106.71370811376,0.0,115106.71370811376,115666.66154344275,-0.48410477821103637,0,0.0,REFERENCE,This test uses the supplied/current ticker universe and is not a survivorship-bias-free historical index-constituent study.
2021-01-18,T1_45D,115106.71370811376,0.0,115106.71370811376,115666.66154344275,-0.48410477821103637,0,0.0,REFERENCE,This test uses the supplied/current ticker universe and is not a survivorship-bias-free historical index-constituent study.
2021-01-19,T1_45D,115106.71370811376,0.0,115106.71370811376,115666.66154344275,-0.48410477821103637,0,0.0,REFERENCE,This test uses the supplied/current ticker universe and is not a survivorship-bias-free historical index-constituent study.
2021-01-20,T1_45D,115106.71370811376,0.0,115106.71370811376,115666.66154344275,-0.48410477821103637,0,0.0,REFERENCE,This test uses the supplied/current ticker universe and is not a survivorship-bias-free historical index-constituent study.
2021-01-21,T1_45D,115106.71370811376,0.0,115106.71370811376,115666.66154344275,-0.48410477821103637,0,0.0,REFERENCE,This test uses the supplied/current ticker universe and is not a survivorship-bias-free historical index-constituent study.
2021-01-22,T1_45D,115106.71370811376,0.0,115106.71370811376,115666.66154344275,-0.48410477821103637,0,0.0,REFERENCE,This test uses the supplied/current ticker universe and is not a survivorship-bias-free historical index-constituent study.
2021-01-25,T1_45D,80400.83654301443,34896.46603393555,115297.30257694998,115666.66154344275,-0.31933053272575895,2,0.16557580587306386,REFERENCE,This test uses the supplied/current ticker universe and is not a survivorship-bias-free historical index-constituent study.
2021-01-27,T1_45D,80400.83654301443,33851.447662353516,114252.28420536795,115666.66154344275,-1.222804669211952,2,-0.9063684476786293,REFERENCE,This test uses the supplied/current ticker universe and is not a survivorship-bias-free historical index-constituent study.
2021-01-28,T1_45D,58910.92755287312,56988.3447265625,115899.27227943562,115899.27227943562,0.0,3,1.4415362331900772,REFERENCE,This test uses the supplied/current ticker universe and is not a survivorship-bias-free historical index-constituent study.
2021-01-29,T1_45D,58910.92755287312,56320.124252319336,115231.05180519246,115899.27227943562,-0.5765527782021551,3,-0.5765527782021551,REFERENCE,This test uses the supplied/current ticker universe and is not a survivorship-bias-free historical index-constituent study.
2021-02-01,T1_45D,72463.7102372895,46892.288818359375,119355.99905564888,119355.99905564888,0.0,2,3.579718475042637,REFERENCE,This test uses the supplied/current ticker universe and is not a survivorship-bias-free historical index-constituent study.
2021-02-02,T1_45D,72463.7102372895,48004.509521484375,120468.21975877388,120468.21975877388,0.0,2,0.9318515298141206,REFERENCE,This test uses the supplied/current ticker universe and is not a survivorship-bias-free historical index-constituent study.
2021-02-03,T1_45D,96339.73329526876,24842.90478515625,121182.63808042501,121182.63808042501,0.0,1,0.5930346800854913,REFERENCE,This test uses the supplied/current ticker universe and is not a survivorship-bias-free historical index-constituent study.
2021-02-04,T1_45D,96339.73329526876,24752.849853515625,121092.58314878438,121182.63808042501,-0.0743133942841423,1,-0.0743133942841423,REFERENCE,This test uses the supplied/current ticker universe and is not a survivorship-bias-free historical index-constituent study.
2021-02-05,T1_45D,96339.73329526876,24516.0703125,120855.80360776876,121182.63808042501,-0.2697040416295815,1,-0.19553595675194657,REFERENCE,This test uses the supplied/current ticker universe and is not a survivorship-bias-free historical index-constituent study.
2021-02-08,T1_45D,96339.73329526876,24951.983642578125,121291.71693784688,121291.71693784688,0.0,1,0.3606887853667917,REFERENCE,This test uses the supplied/current ticker universe and is not a survivorship-bias-free historical index-constituent study.
2021-02-09,T1_45D,96339.73329526876,24663.188232421875,121002.92152769063,121291.71693784688,-0.23809986159585295,1,-0.23809986159585295,REFERENCE,This test uses the supplied/current ticker universe and is not a survivorship-bias-free historical index-constituent study.
2021-02-10,T1_45D,96339.73329526876,24945.77197265625,121285.50526792501,121291.71693784688,-0.005121264731589026,1,0.23353464252489076,REFERENCE,This test uses the supplied/current ticker universe and is not a survivorship-bias-free historical index-constituent study.
2021-02-11,T1_45D,96339.73329526876,24889.10009765625,121228.83339292501,121291.71693784688,-0.05184487985614439,1,-0.0467260080871279,REFERENCE,This test uses the supplied/current ticker universe and is not a survivorship-bias-free historical index-constituent study.
2021-02-12,T1_45D,96339.73329526876,24771.09814453125,121110.83143980001,121291.71693784688,-0.14913260576528975,1,-0.09733819077721861,REFERENCE,This test uses the supplied/current ticker universe and is not a survivorship-bias-free historical index-constituent study.
2021-02-15,T1_45D,96339.73329526876,24375.55517578125,120715.28847105001,121291.71693784688,-0.4752414108312508,1,-0.32659586599123047,REFERENCE,This test uses the supplied/current ticker universe and is not a survivorship-bias-free historical index-constituent study.
2021-02-16,T1_45D,96339.73329526876,24134.512939453125,120474.24623472188,121291.71693784688,-0.6739707572479103,1,-0.1996783003885505,REFERENCE,This test uses the supplied/current ticker universe and is not a survivorship-bias-free historical index-constituent study.
2021-02-17,T1_45D,96339.73329526876,23857.358642578125,120197.09193784688,121291.71693784688,-0.9024730028027506,1,-0.23005273370626522,REFERENCE,This test uses the supplied/current ticker universe and is not a survivorship-bias-free historical index-constituent study.
2021-02-18,T1_45D,96339.73329526876,23735.0830078125,120074.81630308126,121291.71693784688,-1.0032842023245503,1,-0.10172927879890103,REFERENCE,This test uses the supplied/current ticker universe and is not a survivorship-bias-free historical index-constituent study.
2021-02-19,T1_45D,96339.73329526876,23847.64892578125,120187.38222105001,121291.71693784688,-0.9104782623884922,1,0.09374648359621318,REFERENCE,This test uses the supplied/current ticker universe and is not a survivorship-bias-free historical index-constituent study.
2021-02-22,T1_45D,119599.00296950535,0.0,119599.00296950535,121291.71693784688,-1.395572600566719,0,-0.4895515990709365,REFERENCE,This test uses the supplied/current ticker universe and is not a survivorship-bias-free historical index-constituent study.
2021-02-23,T1_45D,84544.58122105696,34950.38641357422,119494.96763463118,121291.71693784688,-1.4813454278468252,2,-0.0869867911028499,REFERENCE,This test uses the supplied/current ticker universe and is not a survivorship-bias-free historical index-constituent study.
2021-02-24,T1_45D,84544.58122105696,36141.74835205078,120686.32957310774,121291.71693784688,-0.4991168234920407,2,0.9969975824582589,REFERENCE,This test uses the supplied/current ticker universe and is not a survivorship-bias-free historical index-constituent study.
2021-02-25,T1_45D,84544.58122105696,36300.81475830078,120845.39597935774,121291.71693784688,-0.3679731557579058,2,0.13180151125040673,REFERENCE,This test uses the supplied/current ticker universe and is not a survivorship-bias-free historical index-constituent study.
2021-02-26,T1_45D,84544.58122105696,34434.193420410156,118978.77464146711,121291.71693784688,-1.9069251839884394,2,-1.5446358735995758,REFERENCE,This test uses the supplied/current ticker universe and is not a survivorship-bias-free historical index-constituent study.
2021-03-01,T1_45D,53186.962705085854,66754.93475341797,119941.89745850382,121291.71693784688,-1.1128702877829189,4,0.8094912894665462,REFERENCE,This test uses the supplied/current ticker universe and is not a survivorship-bias-free historical index-constituent study.
2021-03-02,T1_45D,53186.962705085854,67777.94165039062,120964.90435547648,121291.71693784688,-0.26944344644562745,4,0.852918720355067,REFERENCE,This test uses the supplied/current ticker universe and is not a survivorship-bias-free historical index-constituent study.
2021-03-03,T1_45D,53186.962705085854,68460.5855102539,121647.54821533976,121647.54821533976,0.0,4,0.5643321618783004,REFERENCE,This test uses the supplied/current ticker universe and is not a survivorship-bias-free historical index-constituent study.
2021-03-04,T1_45D,53186.962705085854,67131.57470703125,120318.5374121171,121647.54821533976,-1.0925093211661352,4,-1.0925093211661352,REFERENCE,This test uses the supplied/current ticker universe and is not a survivorship-bias-free historical index-constituent study.
2021-03-05,T1_45D,53186.962705085854,66648.47161865234,119835.4343237382,121647.54821533976,-1.4896427574469184,4,-0.4015200805875585,REFERENCE,This test uses the supplied/current ticker universe and is not a survivorship-bias-free historical index-constituent study.
2021-03-08,T1_45D,53186.962705085854,67555.01782226562,120741.98052735148,121647.54821533976,-0.744419185814782,4,0.7564926089926205,REFERENCE,This test uses the supplied/current ticker universe and is not a survivorship-bias-free historical index-constituent study.
2021-03-09,T1_45D,53186.962705085854,68109.322265625,121296.28497071085,121647.54821533976,-0.28875489048665326,4,0.4590817882383469,REFERENCE,This test uses the supplied/current ticker universe and is not a survivorship-bias-free historical index-constituent study.
2021-03-10,T1_45D,53186.962705085854,68702.15936279297,121889.12206787882,121889.12206787882,0.0,4,0.48875124024707617,REFERENCE,This test uses the supplied/current ticker universe and is not a survivorship-bias-free historical index-constituent study.
2021-03-12,T1_45D,53186.962705085854,68198.36322021484,121385.3259253007,121889.12206787882,-0.41332330074341783,4,-0.41332330074341783,REFERENCE,This test uses the supplied/current ticker universe and is not a survivorship-bias-free historical index-constituent study.
2021-03-15,T1_45D,53186.962705085854,67203.05865478516,120390.02135987101,121889.12206787882,-1.229888838786597,4,-0.819954601466566,REFERENCE,This test uses the supplied/current ticker universe and is not a survivorship-bias-free historical index-constituent study.
2021-03-16,T1_45D,53186.962705085854,66559.9086303711,119746.87133545695,121889.12206787882,-1.7575405385468867,4,-0.5342220369672912,REFERENCE,This test uses the supplied/current ticker universe and is not a survivorship-bias-free historical index-constituent study.
2021-03-17,T1_45D,53186.962705085854,65751.39599609375,118938.3587011796,121889.12206787882,-2.420858659607017,4,-0.6751847670511513,REFERENCE,This test uses the supplied/current ticker universe and is not a survivorship-bias-free historical index-constituent study.
2021-03-18,T1_45D,53186.962705085854,65550.80920410156,118737.77190918742,121889.12206787882,-2.5854236253637586,4,-0.16864768791382545,REFERENCE,This test uses the supplied/current ticker universe and is not a survivorship-bias-free historical index-constituent study.
2021-03-19,T1_45D,56722.44844552998,62039.86071777344,118762.30916330342,121889.12206787882,-2.5652928264050634,4,0.020665078787884816,REFERENCE,This test uses the supplied/current ticker universe and is not a survivorship-bias-free historical index-constituent study.
2021-03-22,T1_45D,56722.44844552998,61843.4850769043,118565.93352243428,121889.12206787882,-2.7264028890075176,4,-0.165351821005022,REFERENCE,This test uses the supplied/current ticker universe and is not a survivorship-bias-free historical index-constituent study.
2021-03-23,T1_45D,56722.44844552998,61761.3073425293,118483.75578805928,121889.12206787882,-2.7938229614314025,4,-0.06930973504244431,REFERENCE,This test uses the supplied/current ticker universe and is not a survivorship-bias-free historical index-constituent study.
2021-03-24,T1_45D,73491.34496394948,43288.978607177734,116780.32357112721,121889.12206787882,-4.191348998236755,3,-1.4376926234336507,REFERENCE,This test uses the supplied/current ticker universe and is not a survivorship-bias-free historical index-constituent study.
2021-03-25,T1_45D,73491.34496394948,42410.67501831055,115902.01998226003,121889.12206787882,-4.911924857646143,3,-0.7520989512691645,REFERENCE,This test uses the supplied/current ticker universe and is not a survivorship-bias-free historical index-constituent study.
2021-03-26,T1_45D,73491.34496394948,42676.36926269531,116167.71422664479,121889.12206787882,-4.693944581902754,3,0.22924039151814846,REFERENCE,This test uses the supplied/current ticker universe and is not a survivorship-bias-free historical index-constituent study.
2021-03-30,T1_45D,86834.85364096503,29252.098175048828,116086.95181601385,121889.12206787882,-4.7602034975966045,2,-0.06952225165881565,REFERENCE,This test uses the supplied/current ticker universe and is not a survivorship-bias-free historical index-constituent study.
2021-03-31,T1_45D,86834.85364096503,29207.26690673828,116042.1205477033,121889.12206787882,-4.796983866139737,2,-0.038618697113868006,REFERENCE,This test uses the supplied/current ticker universe and is not a survivorship-bias-free historical index-constituent study.
2021-04-01,T1_45D,86834.85364096503,30156.62466430664,116991.47830527167,121889.12206787882,-4.018113905094589,2,0.8181147958064905,REFERENCE,This test uses the supplied/current ticker universe and is not a survivorship-bias-free historical index-constituent study.
2021-04-05,T1_45D,77075.98510689722,38384.673599243164,115460.65870614038,121889.12206787882,-5.2740254853575035,2,-1.3084881234997625,REFERENCE,This test uses the supplied/current ticker universe and is not a survivorship-bias-free historical index-constituent study.
2021-04-06,T1_45D,77075.98510689722,38400.7936706543,115476.77877755152,121889.12206787882,-5.260800292544843,2,0.013961527321759704,REFERENCE,This test uses the supplied/current ticker universe and is not a survivorship-bias-free historical index-constituent study.
2021-04-07,T1_45D,77075.98510689722,38612.33839416504,115688.32350106226,121889.12206787882,-5.087245245201943,2,0.18319243552702424,REFERENCE,This test uses the supplied/current ticker universe and is not a survivorship-bias-free historical index-constituent study.
2021-04-08,T1_45D,77075.98510689722,38626.329818725586,115702.3149256228,121889.12206787882,-5.075766432061634,2,0.012094068041723638,REFERENCE,This test uses the supplied/current ticker universe and is not a survivorship-bias-free historical index-constituent study.
2021-04-09,T1_45D,77075.98510689722,38451.194564819336,115527.17967171656,121889.12206787882,-5.219450504056766,2,-0.15136711311163342,REFERENCE,This test uses the supplied/current ticker universe and is not a survivorship-bias-free historical index-constituent study.
2021-04-12,T1_45D,114222.98842474178,0.0,114222.98842474178,121889.12206787882,-6.28943216021185,0,-1.128904254982055,REFERENCE,This test uses the supplied/current ticker universe and is not a survivorship-bias-free historical index-constituent study.
2021-04-13,T1_45D,114222.98842474178,0.0,114222.98842474178,121889.12206787882,-6.28943216021185,0,0.0,REFERENCE,This test uses the supplied/current ticker universe and is not a survivorship-bias-free historical index-constituent study.
2021-04-15,T1_45D,114222.98842474178,0.0,114222.98842474178,121889.12206787882,-6.28943216021185,0,0.0,REFERENCE,This test uses the supplied/current ticker universe and is not a survivorship-bias-free historical index-constituent study.
2021-04-16,T1_45D,114222.98842474178,0.0,114222.98842474178,121889.12206787882,-6.28943216021185,0,0.0,REFERENCE,This test uses the supplied/current ticker universe and is not a survivorship-bias-free historical index-constituent study.
2021-04-19,T1_45D,96415.76334618399,17886.5947265625,114302.35807274649,121889.12206787882,-6.224315891706356,1,0.06948657980263562,REFERENCE,This test uses the supplied/current ticker universe and is not a survivorship-bias-free historical index-constituent study.
2021-04-20,T1_45D,76436.53769496863,37731.2578125,114167.79550746863,121889.12206787882,-6.334713409544667,2,-0.11772509994256719,REFERENCE,This test uses the supplied/current ticker universe and is not a survivorship-bias-free historical index-constituent study.
2021-04-22,T1_45D,76436.53769496863,37232.349609375,113668.88730434363,121889.12206787882,-6.744026557970795,2,-0.43699556508679516,REFERENCE,This test uses the supplied/current ticker universe and is not a survivorship-bias-free historical index-constituent study.
2021-04-23,T1_45D,76436.53769496863,36750.446044921875,113186.98373989051,121889.12206787882,-7.139388798897228,2,-0.4239537976322816,REFERENCE,This test uses the supplied/current ticker universe and is not a survivorship-bias-free historical index-constituent study.
2021-04-26,T1_45D,76436.53769496863,37109.976806640625,113546.51450160926,121889.12206787882,-6.844423378177789,2,0.31764320404983337,REFERENCE,This test uses the supplied/current ticker universe and is not a survivorship-bias-free historical index-constituent study.
2021-04-27,T1_45D,76436.53769496863,37362.09216308594,113798.62985805457,121889.12206787882,-6.637583463205798,2,0.22203707225354474,REFERENCE,This test uses the supplied/current ticker universe and is not a survivorship-bias-free historical index-constituent study.
2021-04-28,T1_45D,76436.53769496863,37633.8994140625,114070.43710903113,121889.12206787882,-6.414587968312335,2,0.2388493177076123,REFERENCE,This test uses the supplied/current ticker universe and is not a survivorship-bias-free historical index-constituent study.
2021-04-29,T1_45D,76436.53769496863,37614.880126953125,114051.41782192176,121889.12206787882,-6.430191729162116,2,-0.016673283272505834,REFERENCE,This test uses the supplied/current ticker universe and is not a survivorship-bias-free historical index-constituent study.
2021-04-30,T1_45D,76436.53769496863,37407.15490722656,113843.6926021952,121889.12206787882,-6.600613187781601,2,-0.18213295695359566,REFERENCE,This test uses the supplied/current ticker universe and is not a survivorship-bias-free historical index-constituent study.
2021-05-03,T1_45D,93364.79912886923,19805.450317382812,113170.24944625204,121889.12206787882,-7.153117910531281,1,-0.5915506960024297,REFERENCE,This test uses the supplied/current ticker universe and is not a survivorship-bias-free historical index-constituent study.
2021-05-04,T1_45D,93364.79912886923,19473.663940429688,112838.46306929892,121889.12206787882,-7.425321345361469,1,-0.2931745565434185,REFERENCE,This test uses the supplied/current ticker universe and is not a survivorship-bias-free historical index-constituent study.
2021-05-05,T1_45D,74904.66803364802,38306.728515625,113211.39654927302,121889.12206787882,-7.119360096607529,2,0.33050209106895156,REFERENCE,This test uses the supplied/current ticker universe and is not a survivorship-bias-free historical index-constituent study.
2021-05-06,T1_45D,74904.66803364802,38509.840087890625,113414.50812153865,121889.12206787882,-6.9527237562846285,2,0.17940912174616575,REFERENCE,This test uses the supplied/current ticker universe and is not a survivorship-bias-free historical index-constituent study.
2021-05-07,T1_45D,74904.66803364802,38347.88317871094,113252.55121235896,121889.12206787882,-7.085596080272238,2,-0.1428008742991982,REFERENCE,This test uses the supplied/current ticker universe and is not a survivorship-bias-free historical index-constituent study.
2021-05-10,T1_45D,74904.66803364802,38521.68957519531,113426.35760884333,121889.12206787882,-6.943002226501116,2,0.1534679745611056,REFERENCE,This test uses the supplied/current ticker universe and is not a survivorship-bias-free historical index-constituent study.
2021-05-11,T1_45D,74904.66803364802,38195.02819824219,113099.69623189021,121889.12206787882,-7.21100102033213,2,-0.28799424035076404,REFERENCE,This test uses the supplied/current ticker universe and is not a survivorship-bias-free historical index-constituent study.
2021-05-12,T1_45D,74904.66803364802,38303.21130371094,113207.87933735896,121889.12206787882,-7.122245679713213,2,0.09565287005453005,REFERENCE,This test uses the supplied/current ticker universe and is not a survivorship-bias-free historical index-constituent study.
2021-05-14,T1_45D,74904.66803364802,38262.353271484375,113167.0213051324,121889.12206787882,-7.155766334824509,2,-0.036091155903383854,REFERENCE,This test uses the supplied/current ticker universe and is not a survivorship-bias-free historical index-constituent study.
2021-05-17,T1_45D,74904.66803364802,37973.08312988281,112877.75116353083,121889.12206787882,-7.3930886952567,2,-0.2556134625312789,REFERENCE,This test uses the supplied/current ticker universe and is not a survivorship-bias-free historical index-constituent study.
2021-05-18,T1_45D,74904.66803364802,38195.53649902344,113100.20453267146,121889.12206787882,-7.210584001345833,2,0.1970745933964846,REFERENCE,This test uses the supplied/current ticker universe and is not a survivorship-bias-free historical index-constituent study.
2021-05-19,T1_45D,74904.66803364802,38562.00939941406,113466.67743306208,121889.12206787882,-6.909923126795814,2,0.3240249669794082,REFERENCE,This test uses the supplied/current ticker universe and is not a survivorship-bias-free historical index-constituent study.
2021-05-20,T1_45D,74904.66803364802,39020.82177734375,113925.48981099177,121889.12206787882,-6.533505305298847,2,0.4043586965876811,REFERENCE,This test uses the supplied/current ticker universe and is not a survivorship-bias-free historical index-constituent study.
2021-05-21,T1_45D,74904.66803364802,39300.16162109375,114204.82965474177,121889.12206787882,-6.304329937545816,2,0.24519520979320308,REFERENCE,This test uses the supplied/current ticker universe and is not a survivorship-bias-free historical index-constituent study.
2021-05-24,T1_45D,74904.66803364802,39296.99865722656,114201.66669087458,121889.12206787882,-6.306924889263843,2,-0.002769553509029965,REFERENCE,This test uses the supplied/current ticker universe and is not a survivorship-bias-free historical index-constituent study.
2021-05-25,T1_45D,74904.66803364802,39586.803466796875,114491.4715004449,121889.12206787882,-6.06916387773656,2,0.25376583194252067,REFERENCE,This test uses the supplied/current ticker universe and is not a survivorship-bias-free historical index-constituent study.
2021-05-26,T1_45D,74904.66803364802,40309.509033203125,115214.17706685115,121889.12206787882,-5.476243398742731,2,0.6312309178447828,REFERENCE,This test uses the supplied/current ticker universe and is not a survivorship-bias-free historical index-constituent study.
2021-05-27,T1_45D,74904.66803364802,40323.9697265625,115228.63776021052,121889.12206787882,-5.464379589147539,2,0.012551140603966893,REFERENCE,This test uses the supplied/current ticker universe and is not a survivorship-bias-free historical index-constituent study.
2021-05-28,T1_45D,74904.66803364802,40197.03991699219,115101.70795064021,121889.12206787882,-5.56851505867667,2,-0.1101547428118077,REFERENCE,This test uses the supplied/current ticker universe and is not a survivorship-bias-free historical index-constituent study.
2021-05-31,T1_45D,53265.77055452933,62137.19250488281,115402.96305941214,121889.12206787882,-5.321360018373589,3,0.26172948615248437,REFERENCE,This test uses the supplied/current ticker universe and is not a survivorship-bias-free historical index-constituent study.
2021-06-01,T1_45D,53265.77055452933,62068.093994140625,115333.86454866995,121889.12206787882,-5.3780496634952435,3,-0.05987585492637226,REFERENCE,This test uses the supplied/current ticker universe and is not a survivorship-bias-free historical index-constituent study.
2021-06-02,T1_45D,53265.77055452933,62321.267578125,115587.03813265433,121889.12206787882,-5.170341559860381,3,0.2195136571336631,REFERENCE,This test uses the supplied/current ticker universe and is not a survivorship-bias-free historical index-constituent study.
2021-06-03,T1_45D,53265.77055452933,62285.79345703125,115551.56401156058,121889.12206787882,-5.199445158681937,3,-0.030690397181942775,REFERENCE,This test uses the supplied/current ticker universe and is not a survivorship-bias-free historical index-constituent study.
2021-06-04,T1_45D,53265.77055452933,62137.69812011719,115403.46867464652,121889.12206787882,-5.320945202657635,3,-0.12816385323806134,REFERENCE,This test uses the supplied/current ticker universe and is not a survivorship-bias-free historical index-constituent study.
2021-06-07,T1_45D,53265.77055452933,62103.552734375,115369.32328890433,121889.12206787882,-5.348958683403826,3,-0.029587833133903896,REFERENCE,This test uses the supplied/current ticker universe and is not a survivorship-bias-free historical index-constituent study.
2021-06-08,T1_45D,53265.77055452933,62851.14709472656,116116.91764925589,121889.12206787882,-4.735618995933411,3,0.6480009928457875,REFERENCE,This test uses the supplied/current ticker universe and is not a survivorship-bias-free historical index-constituent study.
2021-06-09,T1_45D,73532.49601888118,42673.017333984375,116205.51335286556,121889.12206787882,-4.662933507592348,2,0.07629870427432461,REFERENCE,This test uses the supplied/current ticker universe and is not a survivorship-bias-free historical index-constituent study.
2021-06-10,T1_45D,73532.49601888118,42909.560546875,116442.05656575618,121889.12206787882,-4.468869255690611,2,0.2035559295472833,REFERENCE,This test uses the supplied/current ticker universe and is not a survivorship-bias-free historical index-constituent study.
2021-06-11,T1_45D,73532.49601888118,43413.63586425781,116946.131883139,121889.12206787882,-4.0553169149804225,2,0.432897985701719,REFERENCE,This test uses the supplied/current ticker universe and is not a survivorship-bias-free historical index-constituent study.
2021-06-14,T1_45D,95291.13000401226,21854.500244140625,117145.63024815288,121889.12206787882,-3.8916449140427245,1,0.17058996462853138,REFERENCE,This test uses the supplied/current ticker universe and is not a survivorship-bias-free historical index-constituent study.
2021-06-15,T1_45D,95291.13000401226,21728.625122070312,117019.75512608257,121889.12206787882,-3.9949150992198867,1,-0.10745182880801396,REFERENCE,This test uses the supplied/current ticker universe and is not a survivorship-bias-free historical index-constituent study.
2021-06-16,T1_45D,95291.13000401226,21578.53662109375,116869.66662510601,121889.12206787882,-4.118050370382953,1,-0.12825911386914468,REFERENCE,This test uses the supplied/current ticker universe and is not a survivorship-bias-free historical index-constituent study.
2021-06-17,T1_45D,66034.30898821773,50822.4228515625,116856.73183978023,121889.12206787882,-4.12866229793345,2,-0.011067701054778833,REFERENCE,This test uses the supplied/current ticker universe and is not a survivorship-bias-free historical index-constituent study.
2021-06-18,T1_45D,66034.30898821773,50705.829345703125,116740.13833392086,121889.12206787882,-4.224317680367373,2,-0.09977474470125314,REFERENCE,This test uses the supplied/current ticker universe and is not a survivorship-bias-free historical index-constituent study.
2021-06-21,T1_45D,66034.30898821773,50621.19714355469,116655.50613177242,121889.12206787882,-4.293751441733951,2,-0.07249623253516857,REFERENCE,This test uses the supplied/current ticker universe and is not a survivorship-bias-free historical index-constituent study.
2021-06-22,T1_45D,66034.30898821773,51108.818115234375,117143.1271034521,121889.12206787882,-3.893698538400925,2,0.41800081954885826,REFERENCE,This test uses the supplied/current ticker universe and is not a survivorship-bias-free historical index-constituent study.
2021-06-23,T1_45D,66034.30898821773,50665.07470703125,116699.38369524898,121889.12206787882,-4.25775350957055,2,-0.37880447549538676,REFERENCE,This test uses the supplied/current ticker universe and is not a survivorship-bias-free historical index-constituent study.
2021-06-24,T1_45D,66034.30898821773,51139.97546386719,117174.28445208492,121889.12206787882,-3.868136496354657,2,0.4069436716787722,REFERENCE,This test uses the supplied/current ticker universe and is not a survivorship-bias-free historical index-constituent study.
2021-06-25,T1_45D,66034.30898821773,51771.1904296875,117805.49941790523,121889.12206787882,-3.3502765305828186,2,0.5386975211941092,REFERENCE,This test uses the supplied/current ticker universe and is not a survivorship-bias-free historical index-constituent study.
2021-06-28,T1_45D,66034.30898821773,51716.4072265625,117750.71621478023,121889.12206787882,-3.3952216431536453,2,-0.04650309484335313,REFERENCE,This test uses the supplied/current ticker universe and is not a survivorship-bias-free historical index-constituent study.
2021-06-29,T1_45D,66034.30898821773,51688.29650878906,117722.60549700679,121889.12206787882,-3.4182841751471016,2,-0.02387307583094911,REFERENCE,This test uses the supplied/current ticker universe and is not a survivorship-bias-free historical index-constituent study.
2021-06-30,T1_45D,45870.38017227274,71628.74331665039,117499.12348892313,121889.12206787882,-3.6016327827112837,3,-0.18983780314763,REFERENCE,This test uses the supplied/current ticker universe and is not a survivorship-bias-free historical index-constituent study.
2021-07-01,T1_45D,45870.38017227274,71587.48873901367,117457.86891128641,121889.12206787882,-3.6354787707181035,3,-0.035110540752758546,REFERENCE,This test uses the supplied/current ticker universe and is not a survivorship-bias-free historical index-constituent study.
2021-07-02,T1_45D,45870.38017227274,72426.96221923828,118297.34239151102,121889.12206787882,-2.9467598219040214,3,0.7147017803112332,REFERENCE,This test uses the supplied/current ticker universe and is not a survivorship-bias-free historical index-constituent study.
2021-07-05,T1_45D,67392.34085934743,51714.00500488281,119106.34586423024,121889.12206787882,-2.283039008270882,2,0.6838729056497295,REFERENCE,This test uses the supplied/current ticker universe and is not a survivorship-bias-free historical index-constituent study.
2021-07-06,T1_45D,66478.70137972823,51441.33544921875,117920.03682894698,121889.12206787882,-3.2563080048451765,2,-0.9960082535279358,REFERENCE,This test uses the supplied/current ticker universe and is not a survivorship-bias-free historical index-constituent study.
2021-07-07,T1_45D,66478.70137972823,51878.5263671875,118357.22774691573,121889.12206787882,-2.897628813009434,2,0.3707520195256775,REFERENCE,This test uses the supplied/current ticker universe and is not a survivorship-bias-free historical index-constituent study.
2021-07-08,T1_45D,66478.70137972823,51141.649658203125,117620.35103793135,121889.12206787882,-3.502175548996267,2,-0.6225869961740238,REFERENCE,This test uses the supplied/current ticker universe and is not a survivorship-bias-free historical index-constituent study.
2021-07-09,T1_45D,66478.70137972823,51152.21765136719,117630.91903109541,121889.12206787882,-3.4935053797598647,2,0.008984833892089483,REFERENCE,This test uses the supplied/current ticker universe and is not a survivorship-bias-free historical index-constituent study.
2021-07-12,T1_45D,66478.70137972823,51195.888671875,117674.59005160323,121889.12206787882,-3.4576768991153806,2,0.03712546060807842,REFERENCE,This test uses the supplied/current ticker universe and is not a survivorship-bias-free historical index-constituent study.
2021-07-13,T1_45D,66478.70137972823,51915.878662109375,118394.5800418376,121889.12206787882,-2.866984327030553,2,0.6118483097486305,REFERENCE,This test uses the supplied/current ticker universe and is not a survivorship-bias-free historical index-constituent study.
2021-07-14,T1_45D,66478.70137972823,52624.86193847656,119103.56331820479,121889.12206787882,-2.285321858436873,2,0.5988308553623423,REFERENCE,This test uses the supplied/current ticker universe and is not a survivorship-bias-free historical index-constituent study.
2021-07-15,T1_45D,97688.02623226763,22044.934692382812,119732.96092465044,121889.12206787882,-1.7689528865649229,1,0.5284456559575101,REFERENCE,This test uses the supplied/current ticker universe and is not a survivorship-bias-free historical index-constituent study.
2021-07-16,T1_45D,97688.02623226763,22225.684204101562,119913.71043636919,121889.12206787882,-1.6206627777740068,1,0.1509605294339078,REFERENCE,This test uses the supplied/current ticker universe and is not a survivorship-bias-free historical index-constituent study.
2021-07-19,T1_45D,97688.02623226763,22246.662353515625,119934.68858578325,121889.12206787882,-1.6034519315080153,1,0.017494371025406075,REFERENCE,This test uses the supplied/current ticker universe and is not a survivorship-bias-free historical index-constituent study.
2021-07-20,T1_45D,97688.02623226763,21833.526245117188,119521.55247738482,121889.12206787882,-1.9423961304566029,1,-0.3444675708670686,REFERENCE,This test uses the supplied/current ticker universe and is not a survivorship-bias-free historical index-constituent study.
2021-07-22,T1_45D,97688.02623226763,22183.7216796875,119871.74791195513,121889.12206787882,-1.6550895778872254,1,0.2929977291221908,REFERENCE,This test uses the supplied/current ticker universe and is not a survivorship-bias-free historical index-constituent study.
2021-07-23,T1_45D,97688.02623226763,22399.979858398438,120088.00609066607,121889.12206787882,-1.4776675282062723,1,0.18040796307547957,REFERENCE,This test uses the supplied/current ticker universe and is not a survivorship-bias-free historical index-constituent study.
2021-07-26,T1_45D,75175.93661546902,45335.51818847656,120511.45480394558,121889.12206787882,-1.1302626851032893,2,0.35261532526389416,REFERENCE,This test uses the supplied/current ticker universe and is not a survivorship-bias-free historical index-constituent study.
2021-07-27,T1_45D,75175.93661546902,44795.783447265625,119971.72006273465,121889.12206787882,-1.5730706502885439,2,-0.4478700735038088,REFERENCE,This test uses the supplied/current ticker universe and is not a survivorship-bias-free historical index-constituent study.
2021-07-28,T1_45D,75175.93661546902,44577.06298828125,119752.99960375027,121889.12206787882,-1.7525127984259092,2,-0.18231001345150322,REFERENCE,This test uses the supplied/current ticker universe and is not a survivorship-bias-free historical index-constituent study.
2021-07-29,T1_45D,75175.93661546902,45625.333740234375,120801.2703557034,121889.12206787882,-0.8924928604946536,2,0.8753607470558089,REFERENCE,This test uses the supplied/current ticker universe and is not a survivorship-bias-free historical index-constituent study.
2021-07-30,T1_45D,122240.89393588342,0.0,122240.89393588342,122240.89393588342,0.0,0,1.1917288418747507,REFERENCE,This test uses the supplied/current ticker universe and is not a survivorship-bias-free historical index-constituent study.
2021-08-02,T1_45D,122240.89393588342,0.0,122240.89393588342,122240.89393588342,0.0,0,0.0,REFERENCE,This test uses the supplied/current ticker universe and is not a survivorship-bias-free historical index-constituent study.
2021-08-03,T1_45D,122240.89393588342,0.0,122240.89393588342,122240.89393588342,0.0,0,0.0,REFERENCE,This test uses the supplied/current ticker universe and is not a survivorship-bias-free historical index-constituent study.
2021-08-04,T1_45D,122240.89393588342,0.0,122240.89393588342,122240.89393588342,0.0,0,0.0,REFERENCE,This test uses the supplied/current ticker universe and is not a survivorship-bias-free historical index-constituent study.
2021-08-05,T1_45D,122240.89393588342,0.0,122240.89393588342,122240.89393588342,0.0,0,0.0,REFERENCE,This test uses the supplied/current ticker universe and is not a survivorship-bias-free historical index-constituent study.
2021-08-06,T1_45D,101473.47848561752,20722.499877929688,122195.97836354721,122240.89393588342,-0.036743491388213645,1,-0.036743491388213645,REFERENCE,This test uses the supplied/current ticker universe and is not a survivorship-bias-free historical index-constituent study.
2021-08-09,T1_45D,101473.47848561752,20615.475219726562,122088.95370534409,122240.89393588342,-0.1242957455947824,1,-0.08758443578619213,REFERENCE,This test uses the supplied/current ticker universe and is not a survivorship-bias-free historical index-constituent study.
2021-08-10,T1_45D,101473.47848561752,20284.886108398438,121758.36459401596,122240.89393588342,-0.39473643093655975,1,-0.27077724994349905,REFERENCE,This test uses the supplied/current ticker universe and is not a survivorship-bias-free historical index-constituent study.
2021-08-11,T1_45D,73167.18941211652,48951.610107421875,122118.7995195384,122240.89393588342,-0.09988017300418539,2,0.2960247755661394,REFERENCE,This test uses the supplied/current ticker universe and is not a survivorship-bias-free historical index-constituent study.
2021-08-12,T1_45D,73167.18941211652,49633.80969238281,122800.99910449934,122800.99910449934,0.0,2,0.5586360066140328,REFERENCE,This test uses the supplied/current ticker universe and is not a survivorship-bias-free historical index-constituent study.
2021-08-13,T1_45D,102829.63310674863,20510.82934570313,123340.46245245176,123340.46245245176,0.0,1,0.43929882646422946,REFERENCE,This test uses the supplied/current ticker universe and is not a survivorship-bias-free historical index-constituent study.
2021-08-16,T1_45D,102829.63310674863,20208.779296875,123038.41240362363,123340.46245245176,-0.24489128938085525,1,-0.24489128938085525,REFERENCE,This test uses the supplied/current ticker universe and is not a survivorship-bias-free historical index-constituent study.
2021-08-17,T1_45D,122664.30914478004,0.0,122664.30914478004,123340.46245245176,-0.5482007236128017,0,-0.30405403608131376,REFERENCE,This test uses the supplied/current ticker universe and is not a survivorship-bias-free historical index-constituent study.
2021-08-18,T1_45D,122664.30914478004,0.0,122664.30914478004,123340.46245245176,-0.5482007236128017,0,0.0,REFERENCE,This test uses the supplied/current ticker universe and is not a survivorship-bias-free historical index-constituent study.
2021-08-20,T1_45D,122664.30914478004,0.0,122664.30914478004,123340.46245245176,-0.5482007236128017,0,0.0,REFERENCE,This test uses the supplied/current ticker universe and is not a survivorship-bias-free historical index-constituent study.
2021-08-23,T1_45D,122664.30914478004,0.0,122664.30914478004,123340.46245245176,-0.5482007236128017,0,0.0,REFERENCE,This test uses the supplied/current ticker universe and is not a survivorship-bias-free historical index-constituent study.
2021-08-24,T1_45D,122664.30914478004,0.0,122664.30914478004,123340.46245245176,-0.5482007236128017,0,0.0,REFERENCE,This test uses the supplied/current ticker universe and is not a survivorship-bias-free historical index-constituent study.
2021-08-25,T1_45D,122664.30914478004,0.0,122664.30914478004,123340.46245245176,-0.5482007236128017,0,0.0,REFERENCE,This test uses the supplied/current ticker universe and is not a survivorship-bias-free historical index-constituent study.
2021-08-26,T1_45D,122664.30914478004,0.0,122664.30914478004,123340.46245245176,-0.5482007236128017,0,0.0,REFERENCE,This test uses the supplied/current ticker universe and is not a survivorship-bias-free historical index-constituent study.
2021-08-27,T1_45D,122664.30914478004,0.0,122664.30914478004,123340.46245245176,-0.5482007236128017,0,0.0,REFERENCE,This test uses the supplied/current ticker universe and is not a survivorship-bias-free historical index-constituent study.
2021-08-30,T1_45D,122664.30914478004,0.0,122664.30914478004,123340.46245245176,-0.5482007236128017,0,0.0,REFERENCE,This test uses the supplied/current ticker universe and is not a survivorship-bias-free historical index-constituent study.
2021-08-31,T1_45D,122664.30914478004,0.0,122664.30914478004,123340.46245245176,-0.5482007236128017,0,0.0,REFERENCE,This test uses the supplied/current ticker universe and is not a survivorship-bias-free historical index-constituent study.
2021-09-01,T1_45D,122664.30914478004,0.0,122664.30914478004,123340.46245245176,-0.5482007236128017,0,0.0,REFERENCE,This test uses the supplied/current ticker universe and is not a survivorship-bias-free historical index-constituent study.
2021-09-02,T1_45D,122664.30914478004,0.0,122664.30914478004,123340.46245245176,-0.5482007236128017,0,0.0,REFERENCE,This test uses the supplied/current ticker universe and is not a survivorship-bias-free historical index-constituent study.
2021-09-03,T1_45D,122664.30914478004,0.0,122664.30914478004,123340.46245245176,-0.5482007236128017,0,0.0,REFERENCE,This test uses the supplied/current ticker universe and is not a survivorship-bias-free historical index-constituent study.
2021-09-06,T1_45D,122664.30914478004,0.0,122664.30914478004,123340.46245245176,-0.5482007236128017,0,0.0,REFERENCE,This test uses the supplied/current ticker universe and is not a survivorship-bias-free historical index-constituent study.
2021-09-07,T1_45D,122664.30914478004,0.0,122664.30914478004,123340.46245245176,-0.5482007236128017,0,0.0,REFERENCE,This test uses the supplied/current ticker universe and is not a survivorship-bias-free historical index-constituent study.
2021-09-08,T1_45D,122664.30914478004,0.0,122664.30914478004,123340.46245245176,-0.5482007236128017,0,0.0,REFERENCE,This test uses the supplied/current ticker universe and is not a survivorship-bias-free historical index-constituent study.
2021-09-09,T1_45D,122664.30914478004,0.0,122664.30914478004,123340.46245245176,-0.5482007236128017,0,0.0,REFERENCE,This test uses the supplied/current ticker universe and is not a survivorship-bias-free historical index-constituent study.
2021-09-13,T1_45D,122664.30914478004,0.0,122664.30914478004,123340.46245245176,-0.5482007236128017,0,0.0,REFERENCE,This test uses the supplied/current ticker universe and is not a survivorship-bias-free historical index-constituent study.
2021-09-14,T1_45D,122664.30914478004,0.0,122664.30914478004,123340.46245245176,-0.5482007236128017,0,0.0,REFERENCE,This test uses the supplied/current ticker universe and is not a survivorship-bias-free historical index-constituent study.
2021-09-15,T1_45D,122664.30914478004,0.0,122664.30914478004,123340.46245245176,-0.5482007236128017,0,0.0,REFERENCE,This test uses the supplied/current ticker universe and is not a survivorship-bias-free historical index-constituent study.
2021-09-16,T1_45D,122664.30914478004,0.0,122664.30914478004,123340.46245245176,-0.5482007236128017,0,0.0,REFERENCE,This test uses the supplied/current ticker universe and is not a survivorship-bias-free historical index-constituent study.
2021-09-17,T1_45D,122664.30914478004,0.0,122664.30914478004,123340.46245245176,-0.5482007236128017,0,0.0,REFERENCE,This test uses the supplied/current ticker universe and is not a survivorship-bias-free historical index-constituent study.
2021-09-20,T1_45D,122664.30914478004,0.0,122664.30914478004,123340.46245245176,-0.5482007236128017,0,0.0,REFERENCE,This test uses the supplied/current ticker universe and is not a survivorship-bias-free historical index-constituent study.
2021-09-21,T1_45D,98419.19039775709,24484.856048583984,122904.04644634108,123340.46245245176,-0.3538303630723938,1,0.1954417737583869,REFERENCE,This test uses the supplied/current ticker universe and is not a survivorship-bias-free historical index-constituent study.
2021-09-22,T1_45D,98419.19039775709,24487.64654541016,122906.83694316725,123340.46245245176,-0.35156792885520094,1,0.0022704678217300156,REFERENCE,This test uses the supplied/current ticker universe and is not a survivorship-bias-free historical index-constituent study.
2021-09-23,T1_45D,98419.19039775709,25098.649932861328,123517.84033061842,123517.84033061842,0.0,1,0.4971272572360741,REFERENCE,This test uses the supplied/current ticker universe and is not a survivorship-bias-free historical index-constituent study.
2021-09-24,T1_45D,98419.19039775709,24593.66680908203,123012.85720683912,123517.84033061842,-0.408834159039384,1,-0.408834159039384,REFERENCE,This test uses the supplied/current ticker universe and is not a survivorship-bias-free historical index-constituent study.
2021-09-27,T1_45D,98419.19039775709,24920.093505859375,123339.28390361647,123517.84033061842,-0.14455922037174274,1,0.26535982025721605,REFERENCE,This test uses the supplied/current ticker universe and is not a survivorship-bias-free historical index-constituent study.
2021-09-28,T1_45D,98419.19039775709,24825.23150634766,123244.42190410475,123517.84033061842,-0.22135946174399734,1,-0.07691142392706185,REFERENCE,This test uses the supplied/current ticker universe and is not a survivorship-bias-free historical index-constituent study.
2021-09-29,T1_45D,98419.19039775709,25667.807037353516,124086.9974351106,124086.9974351106,0.0,1,0.6836622039263274,REFERENCE,This test uses the supplied/current ticker universe and is not a survivorship-bias-free historical index-constituent study.
2021-09-30,T1_45D,98419.19039775709,25277.210083007812,123696.4004807649,124086.9974351106,-0.3147766989445966,1,-0.3147766989445966,REFERENCE,This test uses the supplied/current ticker universe and is not a survivorship-bias-free historical index-constituent study.
2021-10-01,T1_45D,98419.19039775709,25201.87969970703,123621.07009746412,124086.9974351106,-0.37548441599623006,1,-0.06089941421738576,REFERENCE,This test uses the supplied/current ticker universe and is not a survivorship-bias-free historical index-constituent study.
2021-10-04,T1_45D,69367.77885941838,55186.71691894531,124554.4957783637,124554.4957783637,0.0,2,0.755070054128848,REFERENCE,This test uses the supplied/current ticker universe and is not a survivorship-bias-free historical index-constituent study.
2021-10-05,T1_45D,69367.77885941838,55298.01235961914,124665.79121903752,124665.79121903752,0.0,2,0.08935481612151186,REFERENCE,This test uses the supplied/current ticker universe and is not a survivorship-bias-free historical index-constituent study.
2021-10-06,T1_45D,69367.77885941838,54509.14712524414,123876.92598466252,124665.79121903752,-0.6327840433699827,2,-0.6327840433699827,REFERENCE,This test uses the supplied/current ticker universe and is not a survivorship-bias-free historical index-constituent study.
2021-10-07,T1_45D,69367.77885941838,54845.86868286133,124213.64754227971,124665.79121903752,-0.3626846405389572,2,0.271819432828746,REFERENCE,This test uses the supplied/current ticker universe and is not a survivorship-bias-free historical index-constituent study.
2021-10-08,T1_45D,69367.77885941838,55098.65051269531,124466.4293721137,124665.79121903752,-0.15991704297897424,2,0.20350568140907743,REFERENCE,This test uses the supplied/current ticker universe and is not a survivorship-bias-free historical index-constituent study.
2021-10-11,T1_45D,36833.85590241778,88551.43478393555,125385.29068635333,125385.29068635333,0.0,3,0.7382402780210962,REFERENCE,This test uses the supplied/current ticker universe and is not a survivorship-bias-free historical index-constituent study.
2021-10-12,T1_45D,36833.85590241778,88732.18981933594,125566.04572175372,125566.04572175372,0.0,3,0.14415968126002543,REFERENCE,This test uses the supplied/current ticker universe and is not a survivorship-bias-free historical index-constituent study.
2021-10-13,T1_45D,68156.07117980803,58550.0888671875,126706.16004699553,126706.16004699553,0.0,2,0.9079797955637181,REFERENCE,This test uses the supplied/current ticker universe and is not a survivorship-bias-free historical index-constituent study.
2021-10-14,T1_45D,127387.53166609214,0.0,127387.53166609214,127387.53166609214,0.0,0,0.5377572951811294,REFERENCE,This test uses the supplied/current ticker universe and is not a survivorship-bias-free historical index-constituent study.
2021-10-18,T1_45D,127387.53166609214,0.0,127387.53166609214,127387.53166609214,0.0,0,0.0,REFERENCE,This test uses the supplied/current ticker universe and is not a survivorship-bias-free historical index-constituent study.
2021-10-19,T1_45D,127387.53166609214,0.0,127387.53166609214,127387.53166609214,0.0,0,0.0,REFERENCE,This test uses the supplied/current ticker universe and is not a survivorship-bias-free historical index-constituent study.
2021-10-20,T1_45D,127387.53166609214,0.0,127387.53166609214,127387.53166609214,0.0,0,0.0,REFERENCE,This test uses the supplied/current ticker universe and is not a survivorship-bias-free historical index-constituent study.
2021-10-21,T1_45D,127387.53166609214,0.0,127387.53166609214,127387.53166609214,0.0,0,0.0,REFERENCE,This test uses the supplied/current ticker universe and is not a survivorship-bias-free historical index-constituent study.
2021-10-22,T1_45D,127387.53166609214,0.0,127387.53166609214,127387.53166609214,0.0,0,0.0,REFERENCE,This test uses the supplied/current ticker universe and is not a survivorship-bias-free historical index-constituent study.
2021-10-25,T1_45D,112291.56020907043,14943.08294677734,127234.64315584778,127387.53166609214,-0.12001842585749323,1,-0.12001842585749323,REFERENCE,This test uses the supplied/current ticker universe and is not a survivorship-bias-free historical index-constituent study.
2021-10-26,T1_45D,112291.56020907043,14953.154205322266,127244.7144143927,127387.53166609214,-0.11211242562874091,1,0.007915500287603017,REFERENCE,This test uses the supplied/current ticker universe and is not a survivorship-bias-free historical index-constituent study.
2021-10-27,T1_45D,112291.56020907043,15019.174407958984,127310.73461702942,127387.53166609214,-0.06028615835340645,1,0.05188443617525351,REFERENCE,This test uses the supplied/current ticker universe and is not a survivorship-bias-free historical index-constituent study.
2021-10-28,T1_45D,87789.93134418403,39299.28646850586,127089.2178126899,127387.53166609214,-0.23417821940704409,2,-0.17399695713474772,REFERENCE,This test uses the supplied/current ticker universe and is not a survivorship-bias-free historical index-constituent study.
2021-10-29,T1_45D,65951.08766872874,60515.68798828125,126466.77565700999,127387.53166609214,-0.7227991602001049,3,-0.48976787047134707,REFERENCE,This test uses the supplied/current ticker universe and is not a survivorship-bias-free historical index-constituent study.
2021-11-01,T1_45D,65951.08766872874,61576.68118286133,127527.76885159007,127527.76885159007,0.0,3,0.838950142492445,REFERENCE,This test uses the supplied/current ticker universe and is not a survivorship-bias-free historical index-constituent study.
2021-11-02,T1_45D,65951.08766872874,61900.216888427734,127851.30455715647,127851.30455715647,0.0,3,0.25369824037533295,REFERENCE,This test uses the supplied/current ticker universe and is not a survivorship-bias-free historical index-constituent study.
2021-11-03,T1_45D,68634.76804931156,58866.00451660156,127500.77256591312,127851.30455715647,-0.27417161870776363,3,-0.27417161870776363,REFERENCE,This test uses the supplied/current ticker universe and is not a survivorship-bias-free historical index-constituent study.
2021-11-04,T1_45D,68634.76804931156,59690.53875732422,128325.30680663578,128325.30680663578,0.0,3,0.6466896036229075,REFERENCE,This test uses the supplied/current ticker universe and is not a survivorship-bias-free historical index-constituent study.
2021-11-08,T1_45D,68634.76804931156,59614.561279296875,128249.32932860844,128325.30680663578,-0.05920693269163557,3,-0.05920693269163557,REFERENCE,This test uses the supplied/current ticker universe and is not a survivorship-bias-free historical index-constituent study.
2021-11-09,T1_45D,68634.76804931156,60437.19259643555,129071.96064574711,129071.96064574711,0.0,3,0.6414312818984635,REFERENCE,This test uses the supplied/current ticker universe and is not a survivorship-bias-free historical index-constituent study.
2021-11-10,T1_45D,68634.76804931156,61259.596130371094,129894.36417968266,129894.36417968266,0.0,3,0.6371666857937663,REFERENCE,This test uses the supplied/current ticker universe and is not a survivorship-bias-free historical index-constituent study.
2021-11-11,T1_45D,68634.76804931156,60644.67678833008,129279.44483764164,129894.36417968266,-0.47339955503411524,3,-0.47339955503411524,REFERENCE,This test uses the supplied/current ticker universe and is not a survivorship-bias-free historical index-constituent study.
2021-11-12,T1_45D,68634.76804931156,61719.422424316406,130354.19047362797,130354.19047362797,0.0,3,0.8313352809768526,REFERENCE,This test uses the supplied/current ticker universe and is not a survivorship-bias-free historical index-constituent study.
2021-11-15,T1_45D,42565.10242290769,87631.83520507812,130196.93762798581,130354.19047362797,-0.12063505213817383,4,-0.12063505213817383,REFERENCE,This test uses the supplied/current ticker universe and is not a survivorship-bias-free historical index-constituent study.
2021-11-16,T1_45D,42565.10242290769,87765.75079345703,130330.85321636472,130354.19047362797,-0.01790295899077865,4,0.10285617374623524,REFERENCE,This test uses the supplied/current ticker universe and is not a survivorship-bias-free historical index-constituent study.
2021-11-17,T1_45D,65721.05908769018,64544.58172607422,130265.6408137644,130354.19047362797,-0.06793004470498909,3,-0.050036043646595196,REFERENCE,This test uses the supplied/current ticker universe and is not a survivorship-bias-free historical index-constituent study.
2021-11-18,T1_45D,65721.05908769018,64345.4958190918,130066.55490678198,130354.19047362797,-0.22065693922143081,3,-0.15283071248776148,REFERENCE,This test uses the supplied/current ticker universe and is not a survivorship-bias-free historical index-constituent study.
2021-11-22,T1_45D,114326.81904909074,14413.79681396484,128740.61586305559,130354.19047362797,-1.2378386952576093,1,-1.0194312017233642,REFERENCE,This test uses the supplied/current ticker universe and is not a survivorship-bias-free historical index-constituent study.
2021-11-23,T1_45D,84892.04144955841,44102.352294921875,128994.39374448029,130354.19047362797,-1.043155363250703,2,0.19712340175119802,REFERENCE,This test uses the supplied/current ticker universe and is not a survivorship-bias-free historical index-constituent study.
2021-11-24,T1_45D,64227.691988033264,64357.67938232422,128585.37137035749,130354.19047362797,-1.3569330581883587,3,-0.31708538817044607,REFERENCE,This test uses the supplied/current ticker universe and is not a survivorship-bias-free historical index-constituent study.
2021-11-25,T1_45D,32594.969667449925,95880.8024597168,128475.77212716673,130354.19047362797,-1.4410110941859289,5,-0.08523461263342247,REFERENCE,This test uses the supplied/current ticker universe and is not a survivorship-bias-free historical index-constituent study.
2021-11-26,T1_45D,123865.01092799488,0.0,123865.01092799488,130354.19047362797,-4.978113493747571,0,-3.588817660195154,REFERENCE,This test uses the supplied/current ticker universe and is not a survivorship-bias-free historical index-constituent study.
2021-11-29,T1_45D,123865.01092799488,0.0,123865.01092799488,130354.19047362797,-4.978113493747571,0,0.0,REFERENCE,This test uses the supplied/current ticker universe and is not a survivorship-bias-free historical index-constituent study.
2021-11-30,T1_45D,123865.01092799488,0.0,123865.01092799488,130354.19047362797,-4.978113493747571,0,0.0,REFERENCE,This test uses the supplied/current ticker universe and is not a survivorship-bias-free historical index-constituent study.
2021-12-01,T1_45D,123865.01092799488,0.0,123865.01092799488,130354.19047362797,-4.978113493747571,0,0.0,REFERENCE,This test uses the supplied/current ticker universe and is not a survivorship-bias-free historical index-constituent study.
2021-12-02,T1_45D,123865.01092799488,0.0,123865.01092799488,130354.19047362797,-4.978113493747571,0,0.0,REFERENCE,This test uses the supplied/current ticker universe and is not a survivorship-bias-free historical index-constituent study.
2021-12-03,T1_45D,123865.01092799488,0.0,123865.01092799488,130354.19047362797,-4.978113493747571,0,0.0,REFERENCE,This test uses the supplied/current ticker universe and is not a survivorship-bias-free historical index-constituent study.
2021-12-06,T1_45D,123865.01092799488,0.0,123865.01092799488,130354.19047362797,-4.978113493747571,0,0.0,REFERENCE,This test uses the supplied/current ticker universe and is not a survivorship-bias-free historical index-constituent study.
2021-12-07,T1_45D,123865.01092799488,0.0,123865.01092799488,130354.19047362797,-4.978113493747571,0,0.0,REFERENCE,This test uses the supplied/current ticker universe and is not a survivorship-bias-free historical index-constituent study.
2021-12-08,T1_45D,123865.01092799488,0.0,123865.01092799488,130354.19047362797,-4.978113493747571,0,0.0,REFERENCE,This test uses the supplied/current ticker universe and is not a survivorship-bias-free historical index-constituent study.
2021-12-09,T1_45D,123865.01092799488,0.0,123865.01092799488,130354.19047362797,-4.978113493747571,0,0.0,REFERENCE,This test uses the supplied/current ticker universe and is not a survivorship-bias-free historical index-constituent study.
2021-12-10,T1_45D,123865.01092799488,0.0,123865.01092799488,130354.19047362797,-4.978113493747571,0,0.0,REFERENCE,This test uses the supplied/current ticker universe and is not a survivorship-bias-free historical index-constituent study.
2021-12-13,T1_45D,123865.01092799488,0.0,123865.01092799488,130354.19047362797,-4.978113493747571,0,0.0,REFERENCE,This test uses the supplied/current ticker universe and is not a survivorship-bias-free historical index-constituent study.
2021-12-14,T1_45D,123865.01092799488,0.0,123865.01092799488,130354.19047362797,-4.978113493747571,0,0.0,REFERENCE,This test uses the supplied/current ticker universe and is not a survivorship-bias-free historical index-constituent study.
2021-12-15,T1_45D,123865.01092799488,0.0,123865.01092799488,130354.19047362797,-4.978113493747571,0,0.0,REFERENCE,This test uses the supplied/current ticker universe and is not a survivorship-bias-free historical index-constituent study.
2021-12-16,T1_45D,123865.01092799488,0.0,123865.01092799488,130354.19047362797,-4.978113493747571,0,0.0,REFERENCE,This test uses the supplied/current ticker universe and is not a survivorship-bias-free historical index-constituent study.
2021-12-17,T1_45D,123865.01092799488,0.0,123865.01092799488,130354.19047362797,-4.978113493747571,0,0.0,REFERENCE,This test uses the supplied/current ticker universe and is not a survivorship-bias-free historical index-constituent study.
2021-12-20,T1_45D,123865.01092799488,0.0,123865.01092799488,130354.19047362797,-4.978113493747571,0,0.0,REFERENCE,This test uses the supplied/current ticker universe and is not a survivorship-bias-free historical index-constituent study.
2021-12-21,T1_45D,123865.01092799488,0.0,123865.01092799488,130354.19047362797,-4.978113493747571,0,0.0,REFERENCE,This test uses the supplied/current ticker universe and is not a survivorship-bias-free historical index-constituent study.
2021-12-22,T1_45D,123865.01092799488,0.0,123865.01092799488,130354.19047362797,-4.978113493747571,0,0.0,REFERENCE,This test uses the supplied/current ticker universe and is not a survivorship-bias-free historical index-constituent study.
2021-12-23,T1_45D,123865.01092799488,0.0,123865.01092799488,130354.19047362797,-4.978113493747571,0,0.0,REFERENCE,This test uses the supplied/current ticker universe and is not a survivorship-bias-free historical index-constituent study.
2021-12-24,T1_45D,123865.01092799488,0.0,123865.01092799488,130354.19047362797,-4.978113493747571,0,0.0,REFERENCE,This test uses the supplied/current ticker universe and is not a survivorship-bias-free historical index-constituent study.
2021-12-27,T1_45D,123865.01092799488,0.0,123865.01092799488,130354.19047362797,-4.978113493747571,0,0.0,REFERENCE,This test uses the supplied/current ticker universe and is not a survivorship-bias-free historical index-constituent study.
2021-12-28,T1_45D,123865.01092799488,0.0,123865.01092799488,130354.19047362797,-4.978113493747571,0,0.0,REFERENCE,This test uses the supplied/current ticker universe and is not a survivorship-bias-free historical index-constituent study.
2021-12-29,T1_45D,123865.01092799488,0.0,123865.01092799488,130354.19047362797,-4.978113493747571,0,0.0,REFERENCE,This test uses the supplied/current ticker universe and is not a survivorship-bias-free historical index-constituent study.
2021-12-30,T1_45D,123865.01092799488,0.0,123865.01092799488,130354.19047362797,-4.978113493747571,0,0.0,REFERENCE,This test uses the supplied/current ticker universe and is not a survivorship-bias-free historical index-constituent study.
2021-12-31,T1_45D,123865.01092799488,0.0,123865.01092799488,130354.19047362797,-4.978113493747571,0,0.0,REFERENCE,This test uses the supplied/current ticker universe and is not a survivorship-bias-free historical index-constituent study.
2022-01-03,T1_45D,123865.01092799488,0.0,123865.01092799488,130354.19047362797,-4.978113493747571,0,0.0,REFERENCE,This test uses the supplied/current ticker universe and is not a survivorship-bias-free historical index-constituent study.
2022-01-04,T1_45D,123865.01092799488,0.0,123865.01092799488,130354.19047362797,-4.978113493747571,0,0.0,REFERENCE,This test uses the supplied/current ticker universe and is not a survivorship-bias-free historical index-constituent study.
2022-01-05,T1_45D,123865.01092799488,0.0,123865.01092799488,130354.19047362797,-4.978113493747571,0,0.0,REFERENCE,This test uses the supplied/current ticker universe and is not a survivorship-bias-free historical index-constituent study.
2022-01-06,T1_45D,123865.01092799488,0.0,123865.01092799488,130354.19047362797,-4.978113493747571,0,0.0,REFERENCE,This test uses the supplied/current ticker universe and is not a survivorship-bias-free historical index-constituent study.
2022-01-07,T1_45D,123865.01092799488,0.0,123865.01092799488,130354.19047362797,-4.978113493747571,0,0.0,REFERENCE,This test uses the supplied/current ticker universe and is not a survivorship-bias-free historical index-constituent study.
2022-01-10,T1_45D,93544.72716929833,30898.52734375,124443.25451304833,130354.19047362797,-4.534519326998909,1,0.4668336770176307,REFERENCE,This test uses the supplied/current ticker universe and is not a survivorship-bias-free historical index-constituent study.
2022-01-11,T1_45D,93544.72716929833,30979.493041992188,124524.22021129052,130354.19047362797,-4.472407247634214,1,0.06506234392456012,REFERENCE,This test uses the supplied/current ticker universe and is not a survivorship-bias-free historical index-constituent study.
2022-01-12,T1_45D,93544.72716929833,31344.280517578125,124889.00768687646,130354.19047362797,-4.192563942052308,1,0.29294499894636505,REFERENCE,This test uses the supplied/current ticker universe and is not a survivorship-bias-free historical index-constituent study.
2022-01-13,T1_45D,93544.72716929833,31667.336181640625,125212.06335093896,130354.19047362797,-3.944734805997141,1,0.25867421804846025,REFERENCE,This test uses the supplied/current ticker universe and is not a survivorship-bias-free historical index-constituent study.
2022-01-14,T1_45D,125468.10653143,0.0,125468.10653143,130354.19047362797,-3.7483136709643983,0,0.2044876297369269,REFERENCE,This test uses the supplied/current ticker universe and is not a survivorship-bias-free historical index-constituent study.
2022-01-17,T1_45D,125468.10653143,0.0,125468.10653143,130354.19047362797,-3.7483136709643983,0,0.0,REFERENCE,This test uses the supplied/current ticker universe and is not a survivorship-bias-free historical index-constituent study.
2022-01-18,T1_45D,104814.756661252,19993.446044921875,124808.20270617388,130354.19047362797,-4.25455272845724,1,-0.5259534422724532,REFERENCE,This test uses the supplied/current ticker universe and is not a survivorship-bias-free historical index-constituent study.
2022-01-19,T1_45D,124536.2383785565,0.0,124536.2383785565,130354.19047362797,-4.4631876228394045,0,-0.21790581205438642,REFERENCE,This test uses the supplied/current ticker universe and is not a survivorship-bias-free historical index-constituent study.
2022-01-20,T1_45D,93719.61493910171,30446.917846679688,124166.5327857814,130354.19047362797,-4.746803816098566,1,-0.2968658742134922,REFERENCE,This test uses the supplied/current ticker universe and is not a survivorship-bias-free historical index-constituent study.
2022-01-21,T1_45D,93676.87952372927,30081.676025390625,123758.55554911989,130354.19047362797,-5.0597797435920855,1,-0.3285726254153909,REFERENCE,This test uses the supplied/current ticker universe and is not a survivorship-bias-free historical index-constituent study.
2022-01-24,T1_45D,91797.71382845857,29593.988525390625,121391.70235384919,130354.19047362797,-6.875489071133456,1,-1.9124764221503,REFERENCE,This test uses the supplied/current ticker universe and is not a survivorship-bias-free historical index-constituent study.
2022-01-25,T1_45D,91797.71382845857,29582.6044921875,121380.31832064607,130354.19047362797,-6.884222225903358,1,-0.009377933567433772,REFERENCE,This test uses the supplied/current ticker universe and is not a survivorship-bias-free historical index-constituent study.
2022-01-27,T1_45D,120840.43041530385,0.0,120840.43041530385,130354.19047362797,-7.298392191119351,0,-0.44479031923116974,REFERENCE,This test uses the supplied/current ticker universe and is not a survivorship-bias-free historical index-constituent study.
2022-01-28,T1_45D,95034.480406863,25547.470092773438,120581.95049963644,130354.19047362797,-7.4966826447888995,1,-0.21390184955405456,REFERENCE,This test uses the supplied/current ticker universe and is not a survivorship-bias-free historical index-constituent study.
2022-01-31,T1_45D,95034.480406863,25797.659790039062,120832.14019690207,130354.19047362797,-7.304751954753852,1,0.20748519677193933,REFERENCE,This test uses the supplied/current ticker universe and is not a survivorship-bias-free historical index-constituent study.
2022-02-01,T1_45D,95034.480406863,26500.814819335938,121535.29522619894,130354.19047362797,-6.765333139952401,1,0.5819271496400269,REFERENCE,This test uses the supplied/current ticker universe and is not a survivorship-bias-free historical index-constituent study.
2022-02-02,T1_45D,95034.480406863,26613.647338867188,121648.12774573019,130354.19047362797,-6.678774726201919,1,0.09283930180219446,REFERENCE,This test uses the supplied/current ticker universe and is not a survivorship-bias-free historical index-constituent study.
2022-02-03,T1_45D,72074.28461974981,49344.46936035156,121418.75398010138,130354.19047362797,-6.854736668656869,2,-0.18855511373611078,REFERENCE,This test uses the supplied/current ticker universe and is not a survivorship-bias-free historical index-constituent study.
2022-02-04,T1_45D,72074.28461974981,48829.30407714844,120903.58869689825,130354.19047362797,-7.249940905153851,2,-0.4242880661479598,REFERENCE,This test uses the supplied/current ticker universe and is not a survivorship-bias-free historical index-constituent study.
2022-02-07,T1_45D,94096.34643037492,25719.169677734375,119815.5161081093,130354.19047362797,-8.08464563143504,1,-0.8999506139695468,REFERENCE,This test uses the supplied/current ticker universe and is not a survivorship-bias-free historical index-constituent study.
2022-02-08,T1_45D,94096.34643037492,25918.668579101562,120015.01500947648,130354.19047362797,-7.93160191213278,1,0.16650506365734064,REFERENCE,This test uses the supplied/current ticker universe and is not a survivorship-bias-free historical index-constituent study.
2022-02-09,T1_45D,94096.34643037492,26255.52880859375,120351.87523896867,130354.19047362797,-7.673182732612549,1,0.28068173758557524,REFERENCE,This test uses the supplied/current ticker universe and is not a survivorship-bias-free historical index-constituent study.
2022-02-10,T1_45D,94096.34643037492,26343.83251953125,120440.17894990617,130354.19047362797,-7.605441365329568,1,0.07337127964326395,REFERENCE,This test uses the supplied/current ticker universe and is not a survivorship-bias-free historical index-constituent study.
2022-02-11,T1_45D,94096.34643037492,25863.069946289062,119959.41637666398,130354.19047362797,-7.974253884125771,1,-0.3991712545048154,REFERENCE,This test uses the supplied/current ticker universe and is not a survivorship-bias-free historical index-constituent study.
2022-02-14,T1_45D,102619.50438107042,16108.702758789062,118728.20713985949,130354.19047362797,-8.918764553350156,1,-1.026354807311325,REFERENCE,This test uses the supplied/current ticker universe and is not a survivorship-bias-free historical index-constituent study.
2022-02-15,T1_45D,60587.76394343537,59426.296630859375,120014.06057429474,130354.19047362797,-7.932334098170135,3,1.08302269983791,REFERENCE,This test uses the supplied/current ticker universe and is not a survivorship-bias-free historical index-constituent study.
2022-02-16,T1_45D,60587.76394343537,59265.7557220459,119853.51966548126,130354.19047362797,-8.055491557266892,3,-0.13376841683819807,REFERENCE,This test uses the supplied/current ticker universe and is not a survivorship-bias-free historical index-constituent study.
2022-02-17,T1_45D,60587.76394343537,59536.94564819336,120124.70959162872,130354.19047362797,-7.847450737741168,3,0.2262678033188914,REFERENCE,This test uses the supplied/current ticker universe and is not a survivorship-bias-free historical index-constituent study.
2022-02-18,T1_45D,60587.76394343537,59250.6778717041,119838.44181513946,130354.19047362797,-8.067058389362602,3,-0.2383088187787874,REFERENCE,This test uses the supplied/current ticker universe and is not a survivorship-bias-free historical index-constituent study.
2022-02-21,T1_45D,41608.804308536644,77515.23323059082,119124.03753912746,130354.19047362797,-8.615106958738306,4,-0.5961394901262462,REFERENCE,This test uses the supplied/current ticker universe and is not a survivorship-bias-free historical index-constituent study.
2022-02-22,T1_45D,12708.103195588872,105627.97505187988,118336.07824746876,130354.19047362797,-9.219582571525075,5,-0.6614612029078426,REFERENCE,This test uses the supplied/current ticker universe and is not a survivorship-bias-free historical index-constituent study.
2022-02-23,T1_45D,12708.103195588872,106074.32437133789,118782.42756692677,130354.19047362797,-8.877169859025202,5,0.37718785857054904,REFERENCE,This test uses the supplied/current ticker universe and is not a survivorship-bias-free historical index-constituent study.
2022-02-24,T1_45D,70994.87950520698,43939.506591796875,114934.38609700385,130354.19047362797,-11.829158940420648,2,-3.2395713311674568,REFERENCE,This test uses the supplied/current ticker universe and is not a survivorship-bias-free historical index-constituent study.
2022-02-25,T1_45D,70994.87950520698,44677.583740234375,115672.46324544135,130354.19047362797,-11.262949948016354,2,0.6421726112623594,REFERENCE,This test uses the supplied/current ticker universe and is not a survivorship-bias-free historical index-constituent study.
2022-02-28,T1_45D,70994.87950520698,45023.9814453125,116018.86095051948,130354.19047362797,-10.997214183159443,2,0.29946427642257856,REFERENCE,This test uses the supplied/current ticker universe and is not a survivorship-bias-free historical index-constituent study.
2022-03-02,T1_45D,86120.52490800258,28350.333984375,114470.85889237758,130354.19047362797,-12.184749507123637,1,-1.3342675884415844,REFERENCE,This test uses the supplied/current ticker universe and is not a survivorship-bias-free historical index-constituent study.
2022-03-03,T1_45D,86120.52490800258,28350.333984375,114470.85889237758,130354.19047362797,-12.184749507123637,1,0.0,REFERENCE,This test uses the supplied/current ticker universe and is not a survivorship-bias-free historical index-constituent study.
2022-03-04,T1_45D,114204.90944612508,0.0,114204.90944612508,130354.19047362797,-12.388770141432515,0,-0.23232938830531902,REFERENCE,This test uses the supplied/current ticker universe and is not a survivorship-bias-free historical index-constituent study.
2022-03-07,T1_45D,114204.90944612508,0.0,114204.90944612508,130354.19047362797,-12.388770141432515,0,0.0,REFERENCE,This test uses the supplied/current ticker universe and is not a survivorship-bias-free historical index-constituent study.
2022-03-08,T1_45D,114204.90944612508,0.0,114204.90944612508,130354.19047362797,-12.388770141432515,0,0.0,REFERENCE,This test uses the supplied/current ticker universe and is not a survivorship-bias-free historical index-constituent study.
2022-03-09,T1_45D,114204.90944612508,0.0,114204.90944612508,130354.19047362797,-12.388770141432515,0,0.0,REFERENCE,This test uses the supplied/current ticker universe and is not a survivorship-bias-free historical index-constituent study.
2022-03-10,T1_45D,114204.90944612508,0.0,114204.90944612508,130354.19047362797,-12.388770141432515,0,0.0,REFERENCE,This test uses the supplied/current ticker universe and is not a survivorship-bias-free historical index-constituent study.
2022-03-11,T1_45D,114204.90944612508,0.0,114204.90944612508,130354.19047362797,-12.388770141432515,0,0.0,REFERENCE,This test uses the supplied/current ticker universe and is not a survivorship-bias-free historical index-constituent study.
2022-03-14,T1_45D,114204.90944612508,0.0,114204.90944612508,130354.19047362797,-12.388770141432515,0,0.0,REFERENCE,This test uses the supplied/current ticker universe and is not a survivorship-bias-free historical index-constituent study.
2022-03-15,T1_45D,114204.90944612508,0.0,114204.90944612508,130354.19047362797,-12.388770141432515,0,0.0,REFERENCE,This test uses the supplied/current ticker universe and is not a survivorship-bias-free historical index-constituent study.
2022-03-16,T1_45D,114204.90944612508,0.0,114204.90944612508,130354.19047362797,-12.388770141432515,0,0.0,REFERENCE,This test uses the supplied/current ticker universe and is not a survivorship-bias-free historical index-constituent study.
2022-03-17,T1_45D,114204.90944612508,0.0,114204.90944612508,130354.19047362797,-12.388770141432515,0,0.0,REFERENCE,This test uses the supplied/current ticker universe and is not a survivorship-bias-free historical index-constituent study.
2022-03-21,T1_45D,114204.90944612508,0.0,114204.90944612508,130354.19047362797,-12.388770141432515,0,0.0,REFERENCE,This test uses the supplied/current ticker universe and is not a survivorship-bias-free historical index-constituent study.
2022-03-22,T1_45D,114204.90944612508,0.0,114204.90944612508,130354.19047362797,-12.388770141432515,0,0.0,REFERENCE,This test uses the supplied/current ticker universe and is not a survivorship-bias-free historical index-constituent study.
2022-03-23,T1_45D,114204.90944612508,0.0,114204.90944612508,130354.19047362797,-12.388770141432515,0,0.0,REFERENCE,This test uses the supplied/current ticker universe and is not a survivorship-bias-free historical index-constituent study.
2022-03-24,T1_45D,114204.90944612508,0.0,114204.90944612508,130354.19047362797,-12.388770141432515,0,0.0,REFERENCE,This test uses the supplied/current ticker universe and is not a survivorship-bias-free historical index-constituent study.
2022-03-25,T1_45D,114204.90944612508,0.0,114204.90944612508,130354.19047362797,-12.388770141432515,0,0.0,REFERENCE,This test uses the supplied/current ticker universe and is not a survivorship-bias-free historical index-constituent study.
2022-03-28,T1_45D,96806.10508217043,17464.056640625,114270.16172279543,130354.19047362797,-12.33871246669781,1,0.05713613975686371,REFERENCE,This test uses the supplied/current ticker universe and is not a survivorship-bias-free historical index-constituent study.
2022-03-29,T1_45D,96806.10508217043,17484.029541015625,114290.13462318605,130354.19047362797,-12.32339044266616,1,0.01747866642480833,REFERENCE,This test uses the supplied/current ticker universe and is not a survivorship-bias-free historical index-constituent study.
2022-03-30,T1_45D,96806.10508217043,17376.2490234375,114182.35410560793,130354.19047362797,-12.406073260292905,1,-0.09430430538337475,REFERENCE,This test uses the supplied/current ticker universe and is not a survivorship-bias-free historical index-constituent study.
2022-03-31,T1_45D,96806.10508217043,17465.779296875,114271.88437904543,130354.19047362797,-12.337390947041449,1,0.07840990329792685,REFERENCE,This test uses the supplied/current ticker universe and is not a survivorship-bias-free historical index-constituent study.
2022-04-01,T1_45D,96806.10508217043,17360.411865234375,114166.5169474048,130354.19047362797,-12.418222588324157,1,-0.09220766088980925,REFERENCE,This test uses the supplied/current ticker universe and is not a survivorship-bias-free historical index-constituent study.
2022-04-04,T1_45D,76379.75464128557,38043.80969238281,114423.56433366839,130354.19047362797,-12.221031086210088,2,0.22515129053293226,REFERENCE,This test uses the supplied/current ticker universe and is not a survivorship-bias-free historical index-constituent study.
2022-04-05,T1_45D,76379.75464128557,38137.60858154297,114517.36322282854,130354.19047362797,-12.149074144266493,2,0.08197515057879468,REFERENCE,This test uses the supplied/current ticker universe and is not a survivorship-bias-free historical index-constituent study.
2022-04-06,T1_45D,76379.75464128557,38226.72869873047,114606.48334001604,130354.19047362797,-12.080706478552262,2,0.0778223621985541,REFERENCE,This test uses the supplied/current ticker universe and is not a survivorship-bias-free historical index-constituent study.
2022-04-07,T1_45D,49150.14721087922,64871.505126953125,114021.65233783235,130354.19047362797,-12.529354120840374,3,-0.5102948673929797,REFERENCE,This test uses the supplied/current ticker universe and is not a survivorship-bias-free historical index-constituent study.
2022-04-08,T1_45D,49150.14721087922,64774.87628173828,113925.0234926175,130354.19047362797,-12.603482037145753,3,-0.08474604887196424,REFERENCE,This test uses the supplied/current ticker universe and is not a survivorship-bias-free historical index-constituent study.
2022-04-11,T1_45D,75533.59076654093,37810.48974609375,113344.08051263468,130354.19047362797,-13.049147019508068,2,-0.5099344833757846,REFERENCE,This test uses the supplied/current ticker universe and is not a survivorship-bias-free historical index-constituent study.
2022-04-12,T1_45D,75533.59076654093,37834.38818359375,113367.97895013468,130354.19047362797,-13.03081355633886,2,0.02108485718170794,REFERENCE,This test uses the supplied/current ticker universe and is not a survivorship-bias-free historical index-constituent study.
2022-04-13,T1_45D,75533.59076654093,37434.88317871094,112968.47394525187,130354.19047362797,-13.337290090335385,2,-0.352396689596568,REFERENCE,This test uses the supplied/current ticker universe and is not a survivorship-bias-free historical index-constituent study.
2022-04-18,T1_45D,75533.59076654093,37882.63153076172,113416.22229730265,130354.19047362797,-12.993804123045848,2,0.39634805748351987,REFERENCE,This test uses the supplied/current ticker universe and is not a survivorship-bias-free historical index-constituent study.
2022-04-19,T1_45D,75533.59076654093,37046.184509277344,112579.77527581828,130354.19047362797,-13.635476644999489,2,-0.7375021002654858,REFERENCE,This test uses the supplied/current ticker universe and is not a survivorship-bias-free historical index-constituent study.
2022-04-20,T1_45D,75533.59076654093,37490.231201171875,113023.8219677128,130354.19047362797,-13.294830371733447,2,0.3944284759910266,REFERENCE,This test uses the supplied/current ticker universe and is not a survivorship-bias-free historical index-constituent study.
2022-04-21,T1_45D,75533.59076654093,37481.974670410156,113015.56543695109,130354.19047362797,-13.301164292209434,2,-0.0073051243693389445,REFERENCE,This test uses the supplied/current ticker universe and is not a survivorship-bias-free historical index-constituent study.
2022-04-22,T1_45D,95076.00408663353,17304.285400390625,112380.28948702416,130354.19047362797,-13.788510305113755,1,-0.5621136765283308,REFERENCE,This test uses the supplied/current ticker universe and is not a survivorship-bias-free historical index-constituent study.
2022-04-25,T1_45D,95076.00408663353,16899.3466796875,111975.35076632103,130354.19047362797,-14.09915526346287,1,-0.3603289531923459,REFERENCE,This test uses the supplied/current ticker universe and is not a survivorship-bias-free historical index-constituent study.
2022-04-26,T1_45D,95076.00408663353,17548.76416015625,112624.76824678978,130354.19047362797,-13.600960707454234,1,0.5799646761759147,REFERENCE,This test uses the supplied/current ticker universe and is not a survivorship-bias-free historical index-constituent study.
2022-04-27,T1_45D,95076.00408663353,17164.1435546875,112240.14764132103,130354.19047362797,-13.896018813427869,1,-0.3415062347794984,REFERENCE,This test uses the supplied/current ticker universe and is not a survivorship-bias-free historical index-constituent study.
2022-04-28,T1_45D,95076.00408663353,17307.730712890625,112383.73479952416,130354.19047362797,-13.785867265801032,1,0.1279285186455592,REFERENCE,This test uses the supplied/current ticker universe and is not a survivorship-bias-free historical index-constituent study.
2022-04-29,T1_45D,94230.61574708417,16928.958251953125,111159.5739990373,130354.19047362797,-14.724970792921265,1,-1.0892686585568523,REFERENCE,This test uses the supplied/current ticker universe and is not a survivorship-bias-free historical index-constituent study.
2022-05-02,T1_45D,110768.22013122277,0.0,110768.22013122277,130354.19047362797,-15.025194258229579,0,-0.35206492228723185,REFERENCE,This test uses the supplied/current ticker universe and is not a survivorship-bias-free historical index-constituent study.
2022-05-04,T1_45D,110768.22013122277,0.0,110768.22013122277,130354.19047362797,-15.025194258229579,0,0.0,REFERENCE,This test uses the supplied/current ticker universe and is not a survivorship-bias-free historical index-constituent study.
2022-05-05,T1_45D,110768.22013122277,0.0,110768.22013122277,130354.19047362797,-15.025194258229579,0,0.0,REFERENCE,This test uses the supplied/current ticker universe and is not a survivorship-bias-free historical index-constituent study.
2022-05-06,T1_45D,110768.22013122277,0.0,110768.22013122277,130354.19047362797,-15.025194258229579,0,0.0,REFERENCE,This test uses the supplied/current ticker universe and is not a survivorship-bias-free historical index-constituent study.
2022-05-09,T1_45D,110768.22013122277,0.0,110768.22013122277,130354.19047362797,-15.025194258229579,0,0.0,REFERENCE,This test uses the supplied/current ticker universe and is not a survivorship-bias-free historical index-constituent study.
2022-05-10,T1_45D,110768.22013122277,0.0,110768.22013122277,130354.19047362797,-15.025194258229579,0,0.0,REFERENCE,This test uses the supplied/current ticker universe and is not a survivorship-bias-free historical index-constituent study.
2022-05-11,T1_45D,110768.22013122277,0.0,110768.22013122277,130354.19047362797,-15.025194258229579,0,0.0,REFERENCE,This test uses the supplied/current ticker universe and is not a survivorship-bias-free historical index-constituent study.
2022-05-12,T1_45D,110768.22013122277,0.0,110768.22013122277,130354.19047362797,-15.025194258229579,0,0.0,REFERENCE,This test uses the supplied/current ticker universe and is not a survivorship-bias-free historical index-constituent study.
2022-05-13,T1_45D,110768.22013122277,0.0,110768.22013122277,130354.19047362797,-15.025194258229579,0,0.0,REFERENCE,This test uses the supplied/current ticker universe and is not a survivorship-bias-free historical index-constituent study.
2022-05-16,T1_45D,110768.22013122277,0.0,110768.22013122277,130354.19047362797,-15.025194258229579,0,0.0,REFERENCE,This test uses the supplied/current ticker universe and is not a survivorship-bias-free historical index-constituent study.
2022-05-17,T1_45D,110768.22013122277,0.0,110768.22013122277,130354.19047362797,-15.025194258229579,0,0.0,REFERENCE,This test uses the supplied/current ticker universe and is not a survivorship-bias-free historical index-constituent study.
2022-05-18,T1_45D,110768.22013122277,0.0,110768.22013122277,130354.19047362797,-15.025194258229579,0,0.0,REFERENCE,This test uses the supplied/current ticker universe and is not a survivorship-bias-free historical index-constituent study.
2022-05-19,T1_45D,110768.22013122277,0.0,110768.22013122277,130354.19047362797,-15.025194258229579,0,0.0,REFERENCE,This test uses the supplied/current ticker universe and is not a survivorship-bias-free historical index-constituent study.
2022-05-20,T1_45D,110768.22013122277,0.0,110768.22013122277,130354.19047362797,-15.025194258229579,0,0.0,REFERENCE,This test uses the supplied/current ticker universe and is not a survivorship-bias-free historical index-constituent study.
2022-05-23,T1_45D,110768.22013122277,0.0,110768.22013122277,130354.19047362797,-15.025194258229579,0,0.0,REFERENCE,This test uses the supplied/current ticker universe and is not a survivorship-bias-free historical index-constituent study.
2022-05-24,T1_45D,110768.22013122277,0.0,110768.22013122277,130354.19047362797,-15.025194258229579,0,0.0,REFERENCE,This test uses the supplied/current ticker universe and is not a survivorship-bias-free historical index-constituent study.
2022-05-25,T1_45D,110768.22013122277,0.0,110768.22013122277,130354.19047362797,-15.025194258229579,0,0.0,REFERENCE,This test uses the supplied/current ticker universe and is not a survivorship-bias-free historical index-constituent study.
2022-05-26,T1_45D,110768.22013122277,0.0,110768.22013122277,130354.19047362797,-15.025194258229579,0,0.0,REFERENCE,This test uses the supplied/current ticker universe and is not a survivorship-bias-free historical index-constituent study.
2022-05-27,T1_45D,110768.22013122277,0.0,110768.22013122277,130354.19047362797,-15.025194258229579,0,0.0,REFERENCE,This test uses the supplied/current ticker universe and is not a survivorship-bias-free historical index-constituent study.
2022-05-30,T1_45D,110768.22013122277,0.0,110768.22013122277,130354.19047362797,-15.025194258229579,0,0.0,REFERENCE,This test uses the supplied/current ticker universe and is not a survivorship-bias-free historical index-constituent study.
2022-05-31,T1_45D,110768.22013122277,0.0,110768.22013122277,130354.19047362797,-15.025194258229579,0,0.0,REFERENCE,This test uses the supplied/current ticker universe and is not a survivorship-bias-free historical index-constituent study.
2022-06-01,T1_45D,110768.22013122277,0.0,110768.22013122277,130354.19047362797,-15.025194258229579,0,0.0,REFERENCE,This test uses the supplied/current ticker universe and is not a survivorship-bias-free historical index-constituent study.
2022-06-02,T1_45D,110768.22013122277,0.0,110768.22013122277,130354.19047362797,-15.025194258229579,0,0.0,REFERENCE,This test uses the supplied/current ticker universe and is not a survivorship-bias-free historical index-constituent study.
2022-06-03,T1_45D,110768.22013122277,0.0,110768.22013122277,130354.19047362797,-15.025194258229579,0,0.0,REFERENCE,This test uses the supplied/current ticker universe and is not a survivorship-bias-free historical index-constituent study.
2022-06-06,T1_45D,110768.22013122277,0.0,110768.22013122277,130354.19047362797,-15.025194258229579,0,0.0,REFERENCE,This test uses the supplied/current ticker universe and is not a survivorship-bias-free historical index-constituent study.
2022-06-07,T1_45D,110768.22013122277,0.0,110768.22013122277,130354.19047362797,-15.025194258229579,0,0.0,REFERENCE,This test uses the supplied/current ticker universe and is not a survivorship-bias-free historical index-constituent study.
2022-06-08,T1_45D,110768.22013122277,0.0,110768.22013122277,130354.19047362797,-15.025194258229579,0,0.0,REFERENCE,This test uses the supplied/current ticker universe and is not a survivorship-bias-free historical index-constituent study.
2022-06-09,T1_45D,110768.22013122277,0.0,110768.22013122277,130354.19047362797,-15.025194258229579,0,0.0,REFERENCE,This test uses the supplied/current ticker universe and is not a survivorship-bias-free historical index-constituent study.
2022-06-10,T1_45D,110768.22013122277,0.0,110768.22013122277,130354.19047362797,-15.025194258229579,0,0.0,REFERENCE,This test uses the supplied/current ticker universe and is not a survivorship-bias-free historical index-constituent study.
2022-06-13,T1_45D,110768.22013122277,0.0,110768.22013122277,130354.19047362797,-15.025194258229579,0,0.0,REFERENCE,This test uses the supplied/current ticker universe and is not a survivorship-bias-free historical index-constituent study.
2022-06-14,T1_45D,110768.22013122277,0.0,110768.22013122277,130354.19047362797,-15.025194258229579,0,0.0,REFERENCE,This test uses the supplied/current ticker universe and is not a survivorship-bias-free historical index-constituent study.
2022-06-15,T1_45D,110768.22013122277,0.0,110768.22013122277,130354.19047362797,-15.025194258229579,0,0.0,REFERENCE,This test uses the supplied/current ticker universe and is not a survivorship-bias-free historical index-constituent study.
2022-06-16,T1_45D,110768.22013122277,0.0,110768.22013122277,130354.19047362797,-15.025194258229579,0,0.0,REFERENCE,This test uses the supplied/current ticker universe and is not a survivorship-bias-free historical index-constituent study.
2022-06-17,T1_45D,110768.22013122277,0.0,110768.22013122277,130354.19047362797,-15.025194258229579,0,0.0,REFERENCE,This test uses the supplied/current ticker universe and is not a survivorship-bias-free historical index-constituent study.
2022-06-20,T1_45D,110768.22013122277,0.0,110768.22013122277,130354.19047362797,-15.025194258229579,0,0.0,REFERENCE,This test uses the supplied/current ticker universe and is not a survivorship-bias-free historical index-constituent study.
2022-06-21,T1_45D,110768.22013122277,0.0,110768.22013122277,130354.19047362797,-15.025194258229579,0,0.0,REFERENCE,This test uses the supplied/current ticker universe and is not a survivorship-bias-free historical index-constituent study.
2022-06-22,T1_45D,110768.22013122277,0.0,110768.22013122277,130354.19047362797,-15.025194258229579,0,0.0,REFERENCE,This test uses the supplied/current ticker universe and is not a survivorship-bias-free historical index-constituent study.
2022-06-23,T1_45D,110768.22013122277,0.0,110768.22013122277,130354.19047362797,-15.025194258229579,0,0.0,REFERENCE,This test uses the supplied/current ticker universe and is not a survivorship-bias-free historical index-constituent study.
2022-06-24,T1_45D,110768.22013122277,0.0,110768.22013122277,130354.19047362797,-15.025194258229579,0,0.0,REFERENCE,This test uses the supplied/current ticker universe and is not a survivorship-bias-free historical index-constituent study.
2022-06-27,T1_45D,110768.22013122277,0.0,110768.22013122277,130354.19047362797,-15.025194258229579,0,0.0,REFERENCE,This test uses the supplied/current ticker universe and is not a survivorship-bias-free historical index-constituent study.
2022-06-28,T1_45D,110768.22013122277,0.0,110768.22013122277,130354.19047362797,-15.025194258229579,0,0.0,REFERENCE,This test uses the supplied/current ticker universe and is not a survivorship-bias-free historical index-constituent study.
2022-06-29,T1_45D,110768.22013122277,0.0,110768.22013122277,130354.19047362797,-15.025194258229579,0,0.0,REFERENCE,This test uses the supplied/current ticker universe and is not a survivorship-bias-free historical index-constituent study.
2022-06-30,T1_45D,110768.22013122277,0.0,110768.22013122277,130354.19047362797,-15.025194258229579,0,0.0,REFERENCE,This test uses the supplied/current ticker universe and is not a survivorship-bias-free historical index-constituent study.
2022-07-01,T1_45D,110768.22013122277,0.0,110768.22013122277,130354.19047362797,-15.025194258229579,0,0.0,REFERENCE,This test uses the supplied/current ticker universe and is not a survivorship-bias-free historical index-constituent study.
2022-07-04,T1_45D,110768.22013122277,0.0,110768.22013122277,130354.19047362797,-15.025194258229579,0,0.0,REFERENCE,This test uses the supplied/current ticker universe and is not a survivorship-bias-free historical index-constituent study.
2022-07-05,T1_45D,110768.22013122277,0.0,110768.22013122277,130354.19047362797,-15.025194258229579,0,0.0,REFERENCE,This test uses the supplied/current ticker universe and is not a survivorship-bias-free historical index-constituent study.
2022-07-06,T1_45D,110768.22013122277,0.0,110768.22013122277,130354.19047362797,-15.025194258229579,0,0.0,REFERENCE,This test uses the supplied/current ticker universe and is not a survivorship-bias-free historical index-constituent study.
2022-07-07,T1_45D,110768.22013122277,0.0,110768.22013122277,130354.19047362797,-15.025194258229579,0,0.0,REFERENCE,This test uses the supplied/current ticker universe and is not a survivorship-bias-free historical index-constituent study.
2022-07-08,T1_45D,110768.22013122277,0.0,110768.22013122277,130354.19047362797,-15.025194258229579,0,0.0,REFERENCE,This test uses the supplied/current ticker universe and is not a survivorship-bias-free historical index-constituent study.
2022-07-11,T1_45D,110768.22013122277,0.0,110768.22013122277,130354.19047362797,-15.025194258229579,0,0.0,REFERENCE,This test uses the supplied/current ticker universe and is not a survivorship-bias-free historical index-constituent study.
2022-07-12,T1_45D,110768.22013122277,0.0,110768.22013122277,130354.19047362797,-15.025194258229579,0,0.0,REFERENCE,This test uses the supplied/current ticker universe and is not a survivorship-bias-free historical index-constituent study.
2022-07-13,T1_45D,110768.22013122277,0.0,110768.22013122277,130354.19047362797,-15.025194258229579,0,0.0,REFERENCE,This test uses the supplied/current ticker universe and is not a survivorship-bias-free historical index-constituent study.
2022-07-14,T1_45D,110768.22013122277,0.0,110768.22013122277,130354.19047362797,-15.025194258229579,0,0.0,REFERENCE,This test uses the supplied/current ticker universe and is not a survivorship-bias-free historical index-constituent study.
2022-07-15,T1_45D,110768.22013122277,0.0,110768.22013122277,130354.19047362797,-15.025194258229579,0,0.0,REFERENCE,This test uses the supplied/current ticker universe and is not a survivorship-bias-free historical index-constituent study.
2022-07-18,T1_45D,110768.22013122277,0.0,110768.22013122277,130354.19047362797,-15.025194258229579,0,0.0,REFERENCE,This test uses the supplied/current ticker universe and is not a survivorship-bias-free historical index-constituent study.
2022-07-19,T1_45D,110768.22013122277,0.0,110768.22013122277,130354.19047362797,-15.025194258229579,0,0.0,REFERENCE,This test uses the supplied/current ticker universe and is not a survivorship-bias-free historical index-constituent study.
2022-07-20,T1_45D,110768.22013122277,0.0,110768.22013122277,130354.19047362797,-15.025194258229579,0,0.0,REFERENCE,This test uses the supplied/current ticker universe and is not a survivorship-bias-free historical index-constituent study.
2022-07-21,T1_45D,110768.22013122277,0.0,110768.22013122277,130354.19047362797,-15.025194258229579,0,0.0,REFERENCE,This test uses the supplied/current ticker universe and is not a survivorship-bias-free historical index-constituent study.
2022-07-22,T1_45D,110768.22013122277,0.0,110768.22013122277,130354.19047362797,-15.025194258229579,0,0.0,REFERENCE,This test uses the supplied/current ticker universe and is not a survivorship-bias-free historical index-constituent study.
2022-07-25,T1_45D,110768.22013122277,0.0,110768.22013122277,130354.19047362797,-15.025194258229579,0,0.0,REFERENCE,This test uses the supplied/current ticker universe and is not a survivorship-bias-free historical index-constituent study.
2022-07-26,T1_45D,110768.22013122277,0.0,110768.22013122277,130354.19047362797,-15.025194258229579,0,0.0,REFERENCE,This test uses the supplied/current ticker universe and is not a survivorship-bias-free historical index-constituent study.
2022-07-27,T1_45D,110768.22013122277,0.0,110768.22013122277,130354.19047362797,-15.025194258229579,0,0.0,REFERENCE,This test uses the supplied/current ticker universe and is not a survivorship-bias-free historical index-constituent study.
2022-07-28,T1_45D,110768.22013122277,0.0,110768.22013122277,130354.19047362797,-15.025194258229579,0,0.0,REFERENCE,This test uses the supplied/current ticker universe and is not a survivorship-bias-free historical index-constituent study.
2022-07-29,T1_45D,110768.22013122277,0.0,110768.22013122277,130354.19047362797,-15.025194258229579,0,0.0,REFERENCE,This test uses the supplied/current ticker universe and is not a survivorship-bias-free historical index-constituent study.
2022-08-01,T1_45D,110768.22013122277,0.0,110768.22013122277,130354.19047362797,-15.025194258229579,0,0.0,REFERENCE,This test uses the supplied/current ticker universe and is not a survivorship-bias-free historical index-constituent study.
2022-08-02,T1_45D,110768.22013122277,0.0,110768.22013122277,130354.19047362797,-15.025194258229579,0,0.0,REFERENCE,This test uses the supplied/current ticker universe and is not a survivorship-bias-free historical index-constituent study.
2022-08-03,T1_45D,110768.22013122277,0.0,110768.22013122277,130354.19047362797,-15.025194258229579,0,0.0,REFERENCE,This test uses the supplied/current ticker universe and is not a survivorship-bias-free historical index-constituent study.
2022-08-04,T1_45D,110768.22013122277,0.0,110768.22013122277,130354.19047362797,-15.025194258229579,0,0.0,REFERENCE,This test uses the supplied/current ticker universe and is not a survivorship-bias-free historical index-constituent study.
2022-08-05,T1_45D,110768.22013122277,0.0,110768.22013122277,130354.19047362797,-15.025194258229579,0,0.0,REFERENCE,This test uses the supplied/current ticker universe and is not a survivorship-bias-free historical index-constituent study.
2022-08-08,T1_45D,110768.22013122277,0.0,110768.22013122277,130354.19047362797,-15.025194258229579,0,0.0,REFERENCE,This test uses the supplied/current ticker universe and is not a survivorship-bias-free historical index-constituent study.
2022-08-10,T1_45D,110768.22013122277,0.0,110768.22013122277,130354.19047362797,-15.025194258229579,0,0.0,REFERENCE,This test uses the supplied/current ticker universe and is not a survivorship-bias-free historical index-constituent study.
2022-08-11,T1_45D,110768.22013122277,0.0,110768.22013122277,130354.19047362797,-15.025194258229579,0,0.0,REFERENCE,This test uses the supplied/current ticker universe and is not a survivorship-bias-free historical index-constituent study.
2022-08-12,T1_45D,110768.22013122277,0.0,110768.22013122277,130354.19047362797,-15.025194258229579,0,0.0,REFERENCE,This test uses the supplied/current ticker universe and is not a survivorship-bias-free historical index-constituent study.
2022-08-16,T1_45D,110768.22013122277,0.0,110768.22013122277,130354.19047362797,-15.025194258229579,0,0.0,REFERENCE,This test uses the supplied/current ticker universe and is not a survivorship-bias-free historical index-constituent study.
2022-08-17,T1_45D,110768.22013122277,0.0,110768.22013122277,130354.19047362797,-15.025194258229579,0,0.0,REFERENCE,This test uses the supplied/current ticker universe and is not a survivorship-bias-free historical index-constituent study.
2022-08-18,T1_45D,110768.22013122277,0.0,110768.22013122277,130354.19047362797,-15.025194258229579,0,0.0,REFERENCE,This test uses the supplied/current ticker universe and is not a survivorship-bias-free historical index-constituent study.
2022-08-19,T1_45D,110768.22013122277,0.0,110768.22013122277,130354.19047362797,-15.025194258229579,0,0.0,REFERENCE,This test uses the supplied/current ticker universe and is not a survivorship-bias-free historical index-constituent study.
2022-08-22,T1_45D,85249.63056785025,25175.496551513672,110425.12711936393,130354.19047362797,-15.288394858541887,1,-0.30973957282368625,REFERENCE,This test uses the supplied/current ticker universe and is not a survivorship-bias-free historical index-constituent study.
2022-08-23,T1_45D,85249.63056785025,25697.423950195312,110947.05451804557,130354.19047362797,-14.888003128298877,1,0.4726527487873833,REFERENCE,This test uses the supplied/current ticker universe and is not a survivorship-bias-free historical index-constituent study.
2022-08-24,T1_45D,58850.567213523056,52067.5002746582,110918.06748818126,130354.19047362797,-14.910240257584084,2,-0.026126903494849696,REFERENCE,This test uses the supplied/current ticker universe and is not a survivorship-bias-free historical index-constituent study.
2022-08-25,T1_45D,58850.567213523056,51977.8215637207,110828.38877724376,130354.19047362797,-14.979036443277582,2,-0.08085131031250192,REFERENCE,This test uses the supplied/current ticker universe and is not a survivorship-bias-free historical index-constituent study.
2022-08-26,T1_45D,58850.567213523056,52118.09957885742,110968.66679238048,130354.19047362797,-14.871423473854017,2,0.12657227690882067,REFERENCE,This test uses the supplied/current ticker universe and is not a survivorship-bias-free historical index-constituent study.
2022-08-29,T1_45D,34018.129255994565,77196.42764282227,111214.55689881684,130354.19047362797,-14.682791174774913,3,0.22158516772703418,REFERENCE,This test uses the supplied/current ticker universe and is not a survivorship-bias-free historical index-constituent study.
2022-08-30,T1_45D,60362.80910445564,53388.92678833008,113751.73589278571,130354.19047362797,-12.73641800123112,2,2.281337142112805,REFERENCE,This test uses the supplied/current ticker universe and is not a survivorship-bias-free historical index-constituent study.
2022-09-01,T1_45D,60362.80910445564,52938.55261230469,113301.36171676032,130354.19047362797,-13.081918344863341,2,-0.3959272994742524,REFERENCE,This test uses the supplied/current ticker universe and is not a survivorship-bias-free historical index-constituent study.
2022-09-02,T1_45D,60362.80910445564,53081.40017700195,113444.20928145759,130354.19047362797,-12.972334169488365,2,0.12607753563842472,REFERENCE,This test uses the supplied/current ticker universe and is not a survivorship-bias-free historical index-constituent study.
2022-09-05,T1_45D,60362.80910445564,53159.00714111328,113521.81624556892,130354.19047362797,-12.912798711648954,2,0.06840980654974071,REFERENCE,This test uses the supplied/current ticker universe and is not a survivorship-bias-free historical index-constituent study.
2022-09-06,T1_45D,60362.80910445564,52823.30383300781,113186.11293746345,130354.19047362797,-13.170330369730465,2,-0.29571699890642567,REFERENCE,This test uses the supplied/current ticker universe and is not a survivorship-bias-free historical index-constituent study.
2022-09-07,T1_45D,60362.80910445564,52492.55758666992,112855.36669112556,130354.19047362797,-13.424059264165056,2,-0.292214510909683,REFERENCE,This test uses the supplied/current ticker universe and is not a survivorship-bias-free historical index-constituent study.
2022-09-08,T1_45D,60362.80910445564,53202.04415893555,113564.85326339118,130354.19047362797,-12.879783265297828,2,0.628668882187422,REFERENCE,This test uses the supplied/current ticker universe and is not a survivorship-bias-free historical index-constituent study.
2022-09-09,T1_45D,87399.53581868303,26502.703369140625,113902.23918782365,130354.19047362797,-12.620960803812997,1,0.2970865674875478,REFERENCE,This test uses the supplied/current ticker universe and is not a survivorship-bias-free historical index-constituent study.
2022-09-12,T1_45D,87399.53581868303,26417.727294921875,113817.2631136049,130354.19047362797,-12.686149405660007,1,-0.0746043930520357,REFERENCE,This test uses the supplied/current ticker universe and is not a survivorship-bias-free historical index-constituent study.
2022-09-13,T1_45D,87399.53581868303,26481.20556640625,113880.74138508928,130354.19047362797,-12.637452642438408,1,0.0557720944502238,REFERENCE,This test uses the supplied/current ticker universe and is not a survivorship-bias-free historical index-constituent study.
2022-09-14,T1_45D,87399.53581868303,26325.586181640625,113725.12200032365,130354.19047362797,-12.75683460031809,1,-0.1366511869108744,REFERENCE,This test uses the supplied/current ticker universe and is not a survivorship-bias-free historical index-constituent study.
2022-09-15,T1_45D,87399.53581868303,26212.97314453125,113612.50896321428,130354.19047362797,-12.843224640178107,1,-0.09902212908512453,REFERENCE,This test uses the supplied/current ticker universe and is not a survivorship-bias-free historical index-constituent study.
2022-09-16,T1_45D,87399.53581868303,25882.80126953125,113282.33708821428,130354.19047362797,-13.096512911004199,1,-0.290612255651268,REFERENCE,This test uses the supplied/current ticker universe and is not a survivorship-bias-free historical index-constituent study.
2022-09-19,T1_45D,113112.6077490841,0.0,113112.6077490841,130354.19047362797,-13.226719188618663,0,-0.14982859949120853,REFERENCE,This test uses the supplied/current ticker universe and is not a survivorship-bias-free historical index-constituent study.
2022-09-20,T1_45D,113112.6077490841,0.0,113112.6077490841,130354.19047362797,-13.226719188618663,0,0.0,REFERENCE,This test uses the supplied/current ticker universe and is not a survivorship-bias-free historical index-constituent study.
2022-09-21,T1_45D,85497.23657563998,27370.475463867188,112867.71203950717,130354.19047362797,-13.414588645432534,1,-0.21650611231612826,REFERENCE,This test uses the supplied/current ticker universe and is not a survivorship-bias-free historical index-constituent study.
2022-09-22,T1_45D,85497.23657563998,27262.91015625,112760.14673188998,130354.19047362797,-13.497106366747335,1,-0.09530210692987318,REFERENCE,This test uses the supplied/current ticker universe and is not a survivorship-bias-free historical index-constituent study.
2022-09-23,T1_45D,112258.70452320235,0.0,112258.70452320235,130354.19047362797,-13.881783074773136,0,-0.4446980810338119,REFERENCE,This test uses the supplied/current ticker universe and is not a survivorship-bias-free historical index-constituent study.
2022-09-26,T1_45D,55875.74706424355,55256.95849609375,111132.7055603373,130354.19047362797,-14.745582664777757,2,-1.0030393345865862,REFERENCE,This test uses the supplied/current ticker universe and is not a survivorship-bias-free historical index-constituent study.
2022-09-27,T1_45D,83185.14527032558,27413.14437866211,110598.28964898769,130354.19047362797,-15.155554840898732,1,-0.4808808609986226,REFERENCE,This test uses the supplied/current ticker universe and is not a survivorship-bias-free historical index-constituent study.
2022-09-28,T1_45D,92520.83646921025,17809.54150390625,110330.3779731165,130354.19047362797,-15.361080781336678,1,-0.2422385343584188,REFERENCE,This test uses the supplied/current ticker universe and is not a survivorship-bias-free historical index-constituent study.
2022-09-29,T1_45D,92520.83646921025,17495.431884765625,110016.26835397587,130354.19047362797,-15.602047042566436,1,-0.28469912358785043,REFERENCE,This test uses the supplied/current ticker universe and is not a survivorship-bias-free historical index-constituent study.
2022-09-30,T1_45D,92520.83646921025,18016.87548828125,110537.7119574915,130354.19047362797,-15.202026451267447,1,0.47396954224796506,REFERENCE,This test uses the supplied/current ticker universe and is not a survivorship-bias-free historical index-constituent study.
2022-10-03,T1_45D,92520.83646921025,17790.5341796875,110311.37064889775,130354.19047362797,-15.37566207262443,1,-0.2047638806571217,REFERENCE,This test uses the supplied/current ticker universe and is not a survivorship-bias-free historical index-constituent study.
2022-10-04,T1_45D,92520.83646921025,17865.867919921875,110386.70438913212,130354.19047362797,-15.317870497255303,1,0.06829190843267163,REFERENCE,This test uses the supplied/current ticker universe and is not a survivorship-bias-free historical index-constituent study.
2022-10-06,T1_45D,92520.83646921025,17919.42919921875,110440.265668429,130354.19047362797,-15.27678146198742,1,0.048521495041708995,REFERENCE,This test uses the supplied/current ticker universe and is not a survivorship-bias-free historical index-constituent study.
2022-10-07,T1_45D,92520.83646921025,18870.740478515625,111391.57694772587,130354.19047362797,-14.54699189723282,1,0.8613808320173444,REFERENCE,This test uses the supplied/current ticker universe and is not a survivorship-bias-free historical index-constituent study.
2022-10-10,T1_45D,92520.83646921025,18522.422119140625,111043.25858835087,130354.19047362797,-14.814201074098875,1,-0.31269721546222096,REFERENCE,This test uses the supplied/current ticker universe and is not a survivorship-bias-free historical index-constituent study.
2022-10-11,T1_45D,92520.83646921025,18138.16552734375,110659.001996554,130354.19047362797,-15.108979930383226,1,-0.3460422511747052,REFERENCE,This test uses the supplied/current ticker universe and is not a survivorship-bias-free historical index-constituent study.
2022-10-12,T1_45D,92520.83646921025,18116.394775390625,110637.23124460087,130354.19047362797,-15.125681159453052,1,-0.01967372880681273,REFERENCE,This test uses the supplied/current ticker universe and is not a survivorship-bias-free historical index-constituent study.
2022-10-13,T1_45D,92520.83646921025,17959.513427734375,110480.34989694462,130354.19047362797,-15.246031220380319,1,-0.1417979697172722,REFERENCE,This test uses the supplied/current ticker universe and is not a survivorship-bias-free historical index-constituent study.
2022-10-14,T1_45D,92520.83646921025,18091.85888671875,110612.695355929,130354.19047362797,-15.14450363733637,1,0.11979094844269955,REFERENCE,This test uses the supplied/current ticker universe and is not a survivorship-bias-free historical index-constituent study.
2022-10-17,T1_45D,92520.83646921025,18141.619384765625,110662.45585397587,130354.19047362797,-15.106330335913476,1,0.04498624492130787,REFERENCE,This test uses the supplied/current ticker universe and is not a survivorship-bias-free historical index-constituent study.
2022-10-18,T1_45D,92520.83646921025,18252.8896484375,110773.72611764775,130354.19047362797,-15.020970392157473,1,0.10054924483033911,REFERENCE,This test uses the supplied/current ticker universe and is not a survivorship-bias-free historical index-constituent study.
2022-10-19,T1_45D,92520.83646921025,18276.72998046875,110797.566449679,130354.19047362797,-15.002681504056048,1,0.02152164855944161,REFERENCE,This test uses the supplied/current ticker universe and is not a survivorship-bias-free historical index-constituent study.
2022-10-20,T1_45D,92520.83646921025,18186.541748046875,110707.37821725712,130354.19047362797,-15.071868564398471,1,-0.0813991094857136,REFERENCE,This test uses the supplied/current ticker universe and is not a survivorship-bias-free historical index-constituent study.
2022-10-21,T1_45D,92520.83646921025,18422.55419921875,110943.390668429,130354.19047362797,-14.890813816319914,1,0.21318583726976925,REFERENCE,This test uses the supplied/current ticker universe and is not a survivorship-bias-free historical index-constituent study.
2022-10-24,T1_45D,92520.83646921025,18548.682373046875,111069.51884225712,130354.19047362797,-14.794055765527803,1,0.11368696509832521,REFERENCE,This test uses the supplied/current ticker universe and is not a survivorship-bias-free historical index-constituent study.
2022-10-25,T1_45D,92520.83646921025,18454.693359375,110975.52982858525,130354.19047362797,-14.866158559715215,1,-0.08462178881440963,REFERENCE,This test uses the supplied/current ticker universe and is not a survivorship-bias-free historical index-constituent study.
2022-10-27,T1_45D,111546.69423253473,0.0,111546.69423253473,130354.19047362797,-14.427995120646464,0,0.5146759874286921,REFERENCE,This test uses the supplied/current ticker universe and is not a survivorship-bias-free historical index-constituent study.
2022-10-28,T1_45D,111546.69423253473,0.0,111546.69423253473,130354.19047362797,-14.427995120646464,0,0.0,REFERENCE,This test uses the supplied/current ticker universe and is not a survivorship-bias-free historical index-constituent study.
2022-10-31,T1_45D,111546.69423253473,0.0,111546.69423253473,130354.19047362797,-14.427995120646464,0,0.0,REFERENCE,This test uses the supplied/current ticker universe and is not a survivorship-bias-free historical index-constituent study.
2022-11-01,T1_45D,111546.69423253473,0.0,111546.69423253473,130354.19047362797,-14.427995120646464,0,0.0,REFERENCE,This test uses the supplied/current ticker universe and is not a survivorship-bias-free historical index-constituent study.
2022-11-02,T1_45D,111546.69423253473,0.0,111546.69423253473,130354.19047362797,-14.427995120646464,0,0.0,REFERENCE,This test uses the supplied/current ticker universe and is not a survivorship-bias-free historical index-constituent study.
2022-11-03,T1_45D,111546.69423253473,0.0,111546.69423253473,130354.19047362797,-14.427995120646464,0,0.0,REFERENCE,This test uses the supplied/current ticker universe and is not a survivorship-bias-free historical index-constituent study.
2022-11-04,T1_45D,111546.69423253473,0.0,111546.69423253473,130354.19047362797,-14.427995120646464,0,0.0,REFERENCE,This test uses the supplied/current ticker universe and is not a survivorship-bias-free historical index-constituent study.
2022-11-07,T1_45D,111546.69423253473,0.0,111546.69423253473,130354.19047362797,-14.427995120646464,0,0.0,REFERENCE,This test uses the supplied/current ticker universe and is not a survivorship-bias-free historical index-constituent study.
2022-11-09,T1_45D,86546.66383967246,25045.554077148438,111592.2179168209,130354.19047362797,-14.393072051337551,1,0.040811325337219984,REFERENCE,This test uses the supplied/current ticker universe and is not a survivorship-bias-free historical index-constituent study.
2022-11-10,T1_45D,86546.66383967246,24888.105712890625,111434.76955256308,130354.19047362797,-14.513857093756021,1,-0.14109260233108323,REFERENCE,This test uses the supplied/current ticker universe and is not a survivorship-bias-free historical index-constituent study.
2022-11-11,T1_45D,69039.79509232871,42338.877685546875,111378.67277787559,130354.19047362797,-14.556891210636858,2,-0.05034045918768104,REFERENCE,This test uses the supplied/current ticker universe and is not a survivorship-bias-free historical index-constituent study.
2022-11-14,T1_45D,69039.79509232871,42643.07678222656,111682.87187455528,130354.19047362797,-14.323527714170492,2,0.2731214954287964,REFERENCE,This test uses the supplied/current ticker universe and is not a survivorship-bias-free historical index-constituent study.
2022-11-15,T1_45D,69039.79509232871,42423.62707519531,111463.42216752403,130354.19047362797,-14.49187650774123,2,-0.1964936102983983,REFERENCE,This test uses the supplied/current ticker universe and is not a survivorship-bias-free historical index-constituent study.
2022-11-16,T1_45D,69039.79509232871,42425.568603515625,111465.36369584434,130354.19047362797,-14.49038708241991,2,0.0017418524234757982,REFERENCE,This test uses the supplied/current ticker universe and is not a survivorship-bias-free historical index-constituent study.
2022-11-17,T1_45D,69039.79509232871,42102.377685546875,111142.17277787559,130354.19047362797,-14.738319977246285,2,-0.28994739464596186,REFERENCE,This test uses the supplied/current ticker universe and is not a survivorship-bias-free historical index-constituent study.
2022-11-18,T1_45D,69039.79509232871,41457.095458984375,110496.89055131309,130354.19047362797,-15.233342211834932,2,-0.5805916965940017,REFERENCE,This test uses the supplied/current ticker universe and is not a survivorship-bias-free historical index-constituent study.
2022-11-21,T1_45D,69039.79509232871,41535.525390625,110575.32048295371,130354.19047362797,-15.17317542214014,2,0.07097931104604882,REFERENCE,This test uses the supplied/current ticker universe and is not a survivorship-bias-free historical index-constituent study.
2022-11-22,T1_45D,42024.456802042914,68765.65661621094,110790.11341825385,130354.19047362797,-15.008399027518903,3,0.19425033937230385,REFERENCE,This test uses the supplied/current ticker universe and is not a survivorship-bias-free historical index-constituent study.
2022-11-23,T1_45D,42024.456802042914,69172.40649414062,111196.86329618354,130354.19047362797,-14.696364656815664,3,0.3671355370800322,REFERENCE,This test uses the supplied/current ticker universe and is not a survivorship-bias-free historical index-constituent study.
2022-11-24,T1_45D,42024.456802042914,69424.81604003906,111449.27284208198,130354.19047362797,-14.502731030630468,3,0.2269934046845501,REFERENCE,This test uses the supplied/current ticker universe and is not a survivorship-bias-free historical index-constituent study.
2022-11-25,T1_45D,66166.97576411281,45201.399169921875,111368.37493403468,130354.19047362797,-14.56479110538016,2,-0.0725872013197626,REFERENCE,This test uses the supplied/current ticker universe and is not a survivorship-bias-free historical index-constituent study.
2022-11-28,T1_45D,66166.97576411281,45160.10009765625,111327.07586176906,130354.19047362797,-14.596473303026114,2,-0.03708330330768339,REFERENCE,This test uses the supplied/current ticker universe and is not a survivorship-bias-free historical index-constituent study.
2022-11-29,T1_45D,66166.97576411281,45422.469970703125,111589.44573481593,130354.19047362797,-14.395198704876577,2,0.23567480868054158,REFERENCE,This test uses the supplied/current ticker universe and is not a survivorship-bias-free historical index-constituent study.
2022-11-30,T1_45D,66166.97576411281,45443.002197265625,111609.97796137843,130354.19047362797,-14.379447598995053,2,0.018399792585488406,REFERENCE,This test uses the supplied/current ticker universe and is not a survivorship-bias-free historical index-constituent study.
2022-12-01,T1_45D,66166.97576411281,45423.026123046875,111590.00188715968,130354.19047362797,-14.39477205779931,2,-0.017898107842706512,REFERENCE,This test uses the supplied/current ticker universe and is not a survivorship-bias-free historical index-constituent study.
2022-12-02,T1_45D,83036.21366584276,28027.2412109375,111063.45487678026,130354.19047362797,-14.798707680019252,1,-0.47185859080087766,REFERENCE,This test uses the supplied/current ticker universe and is not a survivorship-bias-free historical index-constituent study.
2022-12-05,T1_45D,83036.21366584276,28011.069091796875,111047.28275763964,130354.19047362797,-14.811113970205902,1,-0.014561152593861593,REFERENCE,This test uses the supplied/current ticker universe and is not a survivorship-bias-free historical index-constituent study.
2022-12-06,T1_45D,83036.21366584276,27853.420410156254,110889.63407599901,130354.19047362797,-14.932052684234066,1,-0.14196536621674527,REFERENCE,This test uses the supplied/current ticker universe and is not a survivorship-bias-free historical index-constituent study.
2022-12-07,T1_45D,83036.21366584276,27427.614990234375,110463.82865607714,130354.19047362797,-15.258705336039702,1,-0.3839902831945907,REFERENCE,This test uses the supplied/current ticker universe and is not a survivorship-bias-free historical index-constituent study.
2022-12-08,T1_45D,83036.21366584276,26431.8427734375,109468.05643928026,130354.19047362797,-16.022602693829924,1,-0.9014464091201768,REFERENCE,This test uses the supplied/current ticker universe and is not a survivorship-bias-free historical index-constituent study.
2022-12-09,T1_45D,82927.62416801917,26756.580566406254,109684.20473442542,130354.19047362797,-15.856786547559665,1,0.19745330480500645,REFERENCE,This test uses the supplied/current ticker universe and is not a survivorship-bias-free historical index-constituent study.
2022-12-12,T1_45D,82927.62416801917,26609.708740234375,109537.33290825355,130354.19047362797,-15.969457897547134,1,-0.13390426317763104,REFERENCE,This test uses the supplied/current ticker universe and is not a survivorship-bias-free historical index-constituent study.
2022-12-13,T1_45D,82927.62416801917,26805.091796875,109732.71596489417,130354.19047362797,-15.819571610093908,1,0.17837120135495432,REFERENCE,This test uses the supplied/current ticker universe and is not a survivorship-bias-free historical index-constituent study.
2022-12-14,T1_45D,82927.62416801917,26956.007080078125,109883.6312480973,130354.19047362797,-15.703798359801924,1,0.1375298896743038,REFERENCE,This test uses the supplied/current ticker universe and is not a survivorship-bias-free historical index-constituent study.
2022-12-15,T1_45D,82927.62416801917,27008.554931640625,109936.1790996598,130354.19047362797,-15.663486766157275,1,0.04782136426111361,REFERENCE,This test uses the supplied/current ticker universe and is not a survivorship-bias-free historical index-constituent study.
2022-12-16,T1_45D,82927.62416801917,26778.142822265625,109705.7669902848,130354.19047362797,-15.840245264321261,1,-0.20958715434900022,REFERENCE,This test uses the supplied/current ticker universe and is not a survivorship-bias-free historical index-constituent study.
2022-12-19,T1_45D,55995.468998508375,53578.82763671875,109574.29663522713,130354.19047362797,-15.941101519559375,2,-0.11983905556151031,REFERENCE,This test uses the supplied/current ticker universe and is not a survivorship-bias-free historical index-constituent study.
2022-12-20,T1_45D,55995.468998508375,53589.606201171875,109585.07519968026,130354.19047362797,-15.932832844487288,2,0.009836763533144222,REFERENCE,This test uses the supplied/current ticker universe and is not a survivorship-bias-free historical index-constituent study.
2022-12-21,T1_45D,55995.468998508375,53561.72900390625,109557.19800241463,130354.19047362797,-15.95421857605781,2,-0.025438863106885812,REFERENCE,This test uses the supplied/current ticker universe and is not a survivorship-bias-free historical index-constituent study.
2022-12-22,T1_45D,82200.82637400398,27236.278808593746,109437.10518259773,130354.19047362797,-16.046346661377164,1,-0.1096165491693668,REFERENCE,This test uses the supplied/current ticker universe and is not a survivorship-bias-free historical index-constituent study.
2022-12-23,T1_45D,27837.02001732516,81320.55322265625,109157.57323998142,130354.19047362797,-16.260786980940868,3,-0.2554270255503477,REFERENCE,This test uses the supplied/current ticker universe and is not a survivorship-bias-free historical index-constituent study.
2022-12-26,T1_45D,27837.02001732516,82482.74951171875,110319.76952904392,130354.19047362797,-15.36921895014739,3,1.0646959753378038,REFERENCE,This test uses the supplied/current ticker universe and is not a survivorship-bias-free historical index-constituent study.
2022-12-27,T1_45D,27837.02001732516,82618.2001953125,110455.22021263767,130354.19047362797,-15.265309223040335,3,0.12278006396495567,REFERENCE,This test uses the supplied/current ticker universe and is not a survivorship-bias-free historical index-constituent study.
2022-12-28,T1_45D,27837.02001732516,82233.03015136719,110070.05016869235,130354.19047362797,-15.560788825610716,3,-0.34871148978184996,REFERENCE,This test uses the supplied/current ticker universe and is not a survivorship-bias-free historical index-constituent study.
2022-12-29,T1_45D,27837.02001732516,82873.05004882812,110710.07006615329,130354.19047362797,-15.069803537653737,3,0.5814659814182388,REFERENCE,This test uses the supplied/current ticker universe and is not a survivorship-bias-free historical index-constituent study.
2022-12-30,T1_45D,27837.02001732516,82647.96020507812,110484.98022240329,130354.19047362797,-15.242479109441776,3,-0.20331469722266737,REFERENCE,This test uses the supplied/current ticker universe and is not a survivorship-bias-free historical index-constituent study.
2023-01-02,T1_45D,27837.02001732516,82773.45092773438,110610.47094505954,130354.19047362797,-15.146210073363765,3,0.11358170350723729,REFERENCE,This test uses the supplied/current ticker universe and is not a survivorship-bias-free historical index-constituent study.
2023-01-03,T1_45D,56477.24329954641,55129.36181640625,111606.60511595267,130354.19047362797,-14.382035045868458,2,0.9005785459388571,REFERENCE,This test uses the supplied/current ticker universe and is not a survivorship-bias-free historical index-constituent study.
2023-01-04,T1_45D,56477.24329954641,54495.3388671875,110972.58216673392,130354.19047362797,-14.868419830979773,2,-0.5680872996361108,REFERENCE,This test uses the supplied/current ticker universe and is not a survivorship-bias-free historical index-constituent study.
2023-01-05,T1_45D,56477.24329954641,54645.063232421875,111122.3065319683,130354.19047362797,-14.753560182286963,2,0.13492014181433198,REFERENCE,This test uses the supplied/current ticker universe and is not a survivorship-bias-free historical index-constituent study.
2023-01-06,T1_45D,56477.24329954641,54352.629150390625,110829.87244993704,130354.19047362797,-14.977898257625178,2,-0.26316415772662527,REFERENCE,This test uses the supplied/current ticker universe and is not a survivorship-bias-free historical index-constituent study.
2023-01-09,T1_45D,56477.24329954641,54625.087158203125,111102.33045774954,130354.19047362797,-14.768884641091207,2,0.24583445039654261,REFERENCE,This test uses the supplied/current ticker universe and is not a survivorship-bias-free historical index-constituent study.
2023-01-10,T1_45D,83295.99681854452,27268.614501953125,110564.61132049764,130354.19047362797,-15.181390856118249,1,-0.4839854709045799,REFERENCE,This test uses the supplied/current ticker universe and is not a survivorship-bias-free historical index-constituent study.
2023-01-11,T1_45D,83295.99681854452,27703.848388671875,110999.8452072164,130354.19047362797,-14.847505244050563,1,0.39364664834493635,REFERENCE,This test uses the supplied/current ticker universe and is not a survivorship-bias-free historical index-constituent study.
2023-01-12,T1_45D,83295.99681854452,27834.553222656254,111130.55004120077,130354.19047362797,-14.747236251155538,1,0.11775226689765272,REFERENCE,This test uses the supplied/current ticker universe and is not a survivorship-bias-free historical index-constituent study.
2023-01-13,T1_45D,83295.99681854452,27800.8623046875,111096.85912323202,130354.19047362797,-14.773081924276088,1,-0.030316522285056546,REFERENCE,This test uses the supplied/current ticker universe and is not a survivorship-bias-free historical index-constituent study.
2023-01-16,T1_45D,83295.99681854452,27904.6181640625,111200.61498260702,130354.19047362797,-14.693486585608406,1,0.09339225266478124,REFERENCE,This test uses the supplied/current ticker universe and is not a survivorship-bias-free historical index-constituent study.
2023-01-17,T1_45D,83295.99681854452,27830.508056640625,111126.50487518514,130354.19047362797,-14.750339462491457,1,-0.06664541147858305,REFERENCE,This test uses the supplied/current ticker universe and is not a survivorship-bias-free historical index-constituent study.
2023-01-18,T1_45D,74735.95930780376,36756.60302734375,111492.56233514751,130354.19047362797,-14.469521900254033,2,0.3294060767712548,REFERENCE,This test uses the supplied/current ticker universe and is not a survivorship-bias-free historical index-constituent study.
2023-01-19,T1_45D,74735.95930780376,36794.148193359375,111530.10750116313,130354.19047362797,-14.440719476734543,2,0.033675040943781376,REFERENCE,This test uses the supplied/current ticker universe and is not a survivorship-bias-free historical index-constituent study.
2023-01-20,T1_45D,74735.95930780376,36430.125,111166.08430780376,130354.19047362797,-14.719976470343054,2,-0.32639006768246936,REFERENCE,This test uses the supplied/current ticker universe and is not a survivorship-bias-free historical index-constituent study.
2023-01-23,T1_45D,102985.55399030723,8599.6123046875,111585.16629499473,130354.19047362797,-14.398481637174832,1,0.37698727071342475,REFERENCE,This test uses the supplied/current ticker universe and is not a survivorship-bias-free historical index-constituent study.
2023-01-24,T1_45D,64260.409796007385,46948.02001953125,111208.42981553864,130354.19047362797,-14.687491509498285,3,-0.33762236681185165,REFERENCE,This test uses the supplied/current ticker universe and is not a survivorship-bias-free historical index-constituent study.
2023-01-25,T1_45D,91007.45767446114,19298.400024414062,110305.8576988752,130354.19047362797,-15.379891280755375,2,-0.811604046708081,REFERENCE,This test uses the supplied/current ticker universe and is not a survivorship-bias-free historical index-constituent study.
2023-01-27,T1_45D,91007.45767446114,19023.535400390625,110030.99307485177,130354.19047362797,-15.590751110443046,2,-0.2491840685141078,REFERENCE,This test uses the supplied/current ticker universe and is not a survivorship-bias-free historical index-constituent study.
2023-01-30,T1_45D,91007.45767446114,18831.82861328125,109839.28628774239,130354.19047362797,-15.737817182053659,2,-0.17422980721346626,REFERENCE,This test uses the supplied/current ticker universe and is not a survivorship-bias-free historical index-constituent study.
2023-01-31,T1_45D,91007.45767446114,18805.533081054688,109812.99075551583,130354.19047362797,-15.75798955405875,2,-0.023940006454226115,REFERENCE,This test uses the supplied/current ticker universe and is not a survivorship-bias-free historical index-constituent study.
2023-02-01,T1_45D,91007.45767446114,19046.340576171875,110053.79825063302,130354.19047362797,-15.573256332792717,2,0.2192887138948052,REFERENCE,This test uses the supplied/current ticker universe and is not a survivorship-bias-free historical index-constituent study.
2023-02-02,T1_45D,91007.45767446114,18883.470092773438,109890.92776723458,130354.19047362797,-15.698200903279226,2,-0.1479916967768058,REFERENCE,This test uses the supplied/current ticker universe and is not a survivorship-bias-free historical index-constituent study.
2023-02-03,T1_45D,91007.45767446114,19334.281494140625,110341.73916860177,130354.19047362797,-15.352365146308767,2,0.4102353219931576,REFERENCE,This test uses the supplied/current ticker universe and is not a survivorship-bias-free historical index-constituent study.
2023-02-06,T1_45D,91007.45767446114,19247.32861328125,110254.78628774239,130354.19047362797,-15.419070236911104,2,-0.0788032538861061,REFERENCE,This test uses the supplied/current ticker universe and is not a survivorship-bias-free historical index-constituent study.
2023-02-07,T1_45D,91007.45767446114,19298.98583984375,110306.44351430489,130354.19047362797,-15.37944187791872,2,0.046852593254032016,REFERENCE,This test uses the supplied/current ticker universe and is not a survivorship-bias-free historical index-constituent study.
2023-02-08,T1_45D,91007.45767446114,19165.01611328125,110172.47378774239,130354.19047362797,-15.48221550266814,2,-0.1214523125705913,REFERENCE,This test uses the supplied/current ticker universe and is not a survivorship-bias-free historical index-constituent study.
2023-02-09,T1_45D,91007.45767446114,19205.878540039062,110213.3362145002,130354.19047362797,-15.450868273546202,2,0.037089506437459896,REFERENCE,This test uses the supplied/current ticker universe and is not a survivorship-bias-free historical index-constituent study.
2023-02-10,T1_45D,91007.45767446114,19312.622192382812,110320.07986684395,130354.19047362797,-15.368980877401961,2,0.09685184752596943,REFERENCE,This test uses the supplied/current ticker universe and is not a survivorship-bias-free historical index-constituent study.
2023-02-13,T1_45D,91007.45767446114,19472.798217773438,110480.25589223458,130354.19047362797,-15.246103335215832,2,0.14519208614058865,REFERENCE,This test uses the supplied/current ticker universe and is not a survivorship-bias-free historical index-constituent study.
2023-02-14,T1_45D,91007.45767446114,19529.662353515625,110537.12002797677,130354.19047362797,-15.202480544467345,2,0.051469952963945076,REFERENCE,This test uses the supplied/current ticker universe and is not a survivorship-bias-free historical index-constituent study.
2023-02-15,T1_45D,91007.45767446114,19443.217895507812,110450.67556996895,130354.19047362797,-15.268795603226659,2,-0.07820400783550285,REFERENCE,This test uses the supplied/current ticker universe and is not a survivorship-bias-free historical index-constituent study.
2023-02-16,T1_45D,91007.45767446114,19415.639526367188,110423.09720082833,130354.19047362797,-15.289952091591497,2,-0.02496894563868146,REFERENCE,This test uses the supplied/current ticker universe and is not a survivorship-bias-free historical index-constituent study.
2023-02-17,T1_45D,91007.45767446114,19545.31201171875,110552.76968617989,130354.19047362797,-15.190475055310259,2,0.11743239289487839,REFERENCE,This test uses the supplied/current ticker universe and is not a survivorship-bias-free historical index-constituent study.
2023-02-20,T1_45D,91007.45767446114,19438.991821289062,110446.4494957502,130354.19047362797,-15.27203759660133,2,-0.09617143987572518,REFERENCE,This test uses the supplied/current ticker universe and is not a survivorship-bias-free historical index-constituent study.
2023-02-21,T1_45D,91007.45767446114,19494.955810546875,110502.41348500802,130354.19047362797,-15.229105344822935,2,0.05067070015678521,REFERENCE,This test uses the supplied/current ticker universe and is not a survivorship-bias-free historical index-constituent study.
2023-02-22,T1_45D,63480.885983001834,46586.10021972656,110066.9862027284,130354.19047362797,-15.563139318489261,3,-0.39404323267445696,REFERENCE,This test uses the supplied/current ticker universe and is not a survivorship-bias-free historical index-constituent study.
2023-02-23,T1_45D,63480.885983001834,46420.415100097656,109901.30108309949,130354.19047362797,-15.690243110877445,3,-0.15053116774155217,REFERENCE,This test uses the supplied/current ticker universe and is not a survivorship-bias-free historical index-constituent study.
2023-02-24,T1_45D,38899.33485575483,70790.61083984375,109689.94569559858,130354.19047362797,-15.852382422803647,4,-0.19231381741431353,REFERENCE,This test uses the supplied/current ticker universe and is not a survivorship-bias-free historical index-constituent study.
2023-02-27,T1_45D,62823.40722835843,45915.6474609375,108739.05468929594,130354.19047362797,-16.581849579055152,3,-0.8668898505442502,REFERENCE,This test uses the supplied/current ticker universe and is not a survivorship-bias-free historical index-constituent study.
2023-02-28,T1_45D,89691.30186935411,18720.971313476562,108412.27318283067,130354.19047362797,-16.83253696031842,2,-0.30051898777214703,REFERENCE,This test uses the supplied/current ticker universe and is not a survivorship-bias-free historical index-constituent study.
2023-03-01,T1_45D,89691.30186935411,18734.3818359375,108425.68370529161,130354.19047362797,-16.822249203237337,2,0.012369930144640051,REFERENCE,This test uses the supplied/current ticker universe and is not a survivorship-bias-free historical index-constituent study.
2023-03-02,T1_45D,89691.30186935411,18668.51318359375,108359.81505294786,130354.19047362797,-16.8727797248143,2,-0.06075004564674025,REFERENCE,This test uses the supplied/current ticker universe and is not a survivorship-bias-free historical index-constituent study.
2023-03-03,T1_45D,89691.30186935411,18994.166381835938,108685.46825119005,130354.19047362797,-16.622957914668447,2,0.3005294887990173,REFERENCE,This test uses the supplied/current ticker universe and is not a survivorship-bias-free historical index-constituent study.
2023-03-06,T1_45D,89691.30186935411,19027.741333007812,108719.04320236192,130354.19047362797,-16.59720120439324,2,0.03089184940003875,REFERENCE,This test uses the supplied/current ticker universe and is not a survivorship-bias-free historical index-constituent study.
2023-03-08,T1_45D,89691.30186935411,19163.441040039062,108854.74290939317,130354.19047362797,-16.49310044128145,2,0.12481687019509913,REFERENCE,This test uses the supplied/current ticker universe and is not a survivorship-bias-free historical index-constituent study.
2023-03-09,T1_45D,89691.30186935411,19250.679931640625,108941.98180099473,130354.19047362797,-16.426175940208953,2,0.08014248095205012,REFERENCE,This test uses the supplied/current ticker universe and is not a survivorship-bias-free historical index-constituent study.
2023-03-10,T1_45D,89691.30186935411,18835.919311523438,108527.22118087755,130354.19047362797,-16.744355676978596,2,-0.3807169772942376,REFERENCE,This test uses the supplied/current ticker universe and is not a survivorship-bias-free historical index-constituent study.
2023-03-13,T1_45D,89691.30186935411,18610.314819335938,108301.61668869005,130354.19047362797,-16.917426056509775,2,-0.20787825370696122,REFERENCE,This test uses the supplied/current ticker universe and is not a survivorship-bias-free historical index-constituent study.
2023-03-14,T1_45D,89691.30186935411,18622.33203125,108313.63390060411,130354.19047362797,-16.90820716460427,2,0.011096059580162354,REFERENCE,This test uses the supplied/current ticker universe and is not a survivorship-bias-free historical index-constituent study.
2023-03-15,T1_45D,99967.05220706256,8380.7236328125,108347.77583987506,130354.19047362797,-16.882015494703285,1,0.031521368124609594,REFERENCE,This test uses the supplied/current ticker universe and is not a survivorship-bias-free historical index-constituent study.
2023-03-16,T1_45D,99967.05220706256,8368.9814453125,108336.03365237506,130354.19047362797,-16.891023404197668,1,-0.010837497501892113,REFERENCE,This test uses the supplied/current ticker universe and is not a survivorship-bias-free historical index-constituent study.
2023-03-17,T1_45D,99967.05220706256,8454.2646484375,108421.31685550006,130354.19047362797,-16.82559919127814,1,0.07872099452952419,REFERENCE,This test uses the supplied/current ticker universe and is not a survivorship-bias-free historical index-constituent study.
2023-03-20,T1_45D,99967.05220706256,8384.1884765625,108351.24068362506,130354.19047362797,-16.879357472174505,1,-0.06463320489678015,REFERENCE,This test uses the supplied/current ticker universe and is not a survivorship-bias-free historical index-constituent study.
2023-03-21,T1_45D,99967.05220706256,8503.1630859375,108470.21529300006,130354.19047362797,-16.788087211554025,1,0.10980456580316211,REFERENCE,This test uses the supplied/current ticker universe and is not a survivorship-bias-free historical index-constituent study.
2023-03-22,T1_45D,99967.05220706256,8524.33984375,108491.39205081256,130354.19047362797,-16.771841659542574,1,0.019523108491403818,REFERENCE,This test uses the supplied/current ticker universe and is not a survivorship-bias-free historical index-constituent study.
2023-03-23,T1_45D,108454.78954498761,0.0,108454.78954498761,130354.19047362797,-16.799920930099166,0,-0.0337377050225407,REFERENCE,This test uses the supplied/current ticker universe and is not a survivorship-bias-free historical index-constituent study.
2023-03-24,T1_45D,108454.78954498761,0.0,108454.78954498761,130354.19047362797,-16.799920930099166,0,0.0,REFERENCE,This test uses the supplied/current ticker universe and is not a survivorship-bias-free historical index-constituent study.
2023-03-27,T1_45D,108454.78954498761,0.0,108454.78954498761,130354.19047362797,-16.799920930099166,0,0.0,REFERENCE,This test uses the supplied/current ticker universe and is not a survivorship-bias-free historical index-constituent study.
2023-03-28,T1_45D,108454.78954498761,0.0,108454.78954498761,130354.19047362797,-16.799920930099166,0,0.0,REFERENCE,This test uses the supplied/current ticker universe and is not a survivorship-bias-free historical index-constituent study.
2023-03-29,T1_45D,108454.78954498761,0.0,108454.78954498761,130354.19047362797,-16.799920930099166,0,0.0,REFERENCE,This test uses the supplied/current ticker universe and is not a survivorship-bias-free historical index-constituent study.
2023-03-31,T1_45D,108454.78954498761,0.0,108454.78954498761,130354.19047362797,-16.799920930099166,0,0.0,REFERENCE,This test uses the supplied/current ticker universe and is not a survivorship-bias-free historical index-constituent study.
2023-04-03,T1_45D,108454.78954498761,0.0,108454.78954498761,130354.19047362797,-16.799920930099166,0,0.0,REFERENCE,This test uses the supplied/current ticker universe and is not a survivorship-bias-free historical index-constituent study.
2023-04-05,T1_45D,108454.78954498761,0.0,108454.78954498761,130354.19047362797,-16.799920930099166,0,0.0,REFERENCE,This test uses the supplied/current ticker universe and is not a survivorship-bias-free historical index-constituent study.
2023-04-06,T1_45D,108454.78954498761,0.0,108454.78954498761,130354.19047362797,-16.799920930099166,0,0.0,REFERENCE,This test uses the supplied/current ticker universe and is not a survivorship-bias-free historical index-constituent study.
2023-04-10,T1_45D,108454.78954498761,0.0,108454.78954498761,130354.19047362797,-16.799920930099166,0,0.0,REFERENCE,This test uses the supplied/current ticker universe and is not a survivorship-bias-free historical index-constituent study.
2023-04-11,T1_45D,108454.78954498761,0.0,108454.78954498761,130354.19047362797,-16.799920930099166,0,0.0,REFERENCE,This test uses the supplied/current ticker universe and is not a survivorship-bias-free historical index-constituent study.
2023-04-12,T1_45D,108454.78954498761,0.0,108454.78954498761,130354.19047362797,-16.799920930099166,0,0.0,REFERENCE,This test uses the supplied/current ticker universe and is not a survivorship-bias-free historical index-constituent study.
2023-04-13,T1_45D,108454.78954498761,0.0,108454.78954498761,130354.19047362797,-16.799920930099166,0,0.0,REFERENCE,This test uses the supplied/current ticker universe and is not a survivorship-bias-free historical index-constituent study.
2023-04-17,T1_45D,108454.78954498761,0.0,108454.78954498761,130354.19047362797,-16.799920930099166,0,0.0,REFERENCE,This test uses the supplied/current ticker universe and is not a survivorship-bias-free historical index-constituent study.
2023-04-18,T1_45D,108454.78954498761,0.0,108454.78954498761,130354.19047362797,-16.799920930099166,0,0.0,REFERENCE,This test uses the supplied/current ticker universe and is not a survivorship-bias-free historical index-constituent study.
2023-04-19,T1_45D,108454.78954498761,0.0,108454.78954498761,130354.19047362797,-16.799920930099166,0,0.0,REFERENCE,This test uses the supplied/current ticker universe and is not a survivorship-bias-free historical index-constituent study.
2023-04-20,T1_45D,108454.78954498761,0.0,108454.78954498761,130354.19047362797,-16.799920930099166,0,0.0,REFERENCE,This test uses the supplied/current ticker universe and is not a survivorship-bias-free historical index-constituent study.
2023-04-21,T1_45D,108454.78954498761,0.0,108454.78954498761,130354.19047362797,-16.799920930099166,0,0.0,REFERENCE,This test uses the supplied/current ticker universe and is not a survivorship-bias-free historical index-constituent study.
2023-04-24,T1_45D,108454.78954498761,0.0,108454.78954498761,130354.19047362797,-16.799920930099166,0,0.0,REFERENCE,This test uses the supplied/current ticker universe and is not a survivorship-bias-free historical index-constituent study.
2023-04-25,T1_45D,108454.78954498761,0.0,108454.78954498761,130354.19047362797,-16.799920930099166,0,0.0,REFERENCE,This test uses the supplied/current ticker universe and is not a survivorship-bias-free historical index-constituent study.
2023-04-26,T1_45D,108454.78954498761,0.0,108454.78954498761,130354.19047362797,-16.799920930099166,0,0.0,REFERENCE,This test uses the supplied/current ticker universe and is not a survivorship-bias-free historical index-constituent study.
2023-04-27,T1_45D,108454.78954498761,0.0,108454.78954498761,130354.19047362797,-16.799920930099166,0,0.0,REFERENCE,This test uses the supplied/current ticker universe and is not a survivorship-bias-free historical index-constituent study.
2023-04-28,T1_45D,108454.78954498761,0.0,108454.78954498761,130354.19047362797,-16.799920930099166,0,0.0,REFERENCE,This test uses the supplied/current ticker universe and is not a survivorship-bias-free historical index-constituent study.
2023-05-02,T1_45D,108454.78954498761,0.0,108454.78954498761,130354.19047362797,-16.799920930099166,0,0.0,REFERENCE,This test uses the supplied/current ticker universe and is not a survivorship-bias-free historical index-constituent study.
2023-05-03,T1_45D,108454.78954498761,0.0,108454.78954498761,130354.19047362797,-16.799920930099166,0,0.0,REFERENCE,This test uses the supplied/current ticker universe and is not a survivorship-bias-free historical index-constituent study.
2023-05-04,T1_45D,108454.78954498761,0.0,108454.78954498761,130354.19047362797,-16.799920930099166,0,0.0,REFERENCE,This test uses the supplied/current ticker universe and is not a survivorship-bias-free historical index-constituent study.
2023-05-05,T1_45D,108454.78954498761,0.0,108454.78954498761,130354.19047362797,-16.799920930099166,0,0.0,REFERENCE,This test uses the supplied/current ticker universe and is not a survivorship-bias-free historical index-constituent study.
2023-05-08,T1_45D,108454.78954498761,0.0,108454.78954498761,130354.19047362797,-16.799920930099166,0,0.0,REFERENCE,This test uses the supplied/current ticker universe and is not a survivorship-bias-free historical index-constituent study.
2023-05-09,T1_45D,108454.78954498761,0.0,108454.78954498761,130354.19047362797,-16.799920930099166,0,0.0,REFERENCE,This test uses the supplied/current ticker universe and is not a survivorship-bias-free historical index-constituent study.
2023-05-10,T1_45D,108454.78954498761,0.0,108454.78954498761,130354.19047362797,-16.799920930099166,0,0.0,REFERENCE,This test uses the supplied/current ticker universe and is not a survivorship-bias-free historical index-constituent study.
2023-05-11,T1_45D,108454.78954498761,0.0,108454.78954498761,130354.19047362797,-16.799920930099166,0,0.0,REFERENCE,This test uses the supplied/current ticker universe and is not a survivorship-bias-free historical index-constituent study.
2023-05-12,T1_45D,108454.78954498761,0.0,108454.78954498761,130354.19047362797,-16.799920930099166,0,0.0,REFERENCE,This test uses the supplied/current ticker universe and is not a survivorship-bias-free historical index-constituent study.
2023-05-15,T1_45D,108454.78954498761,0.0,108454.78954498761,130354.19047362797,-16.799920930099166,0,0.0,REFERENCE,This test uses the supplied/current ticker universe and is not a survivorship-bias-free historical index-constituent study.
2023-05-16,T1_45D,108454.78954498761,0.0,108454.78954498761,130354.19047362797,-16.799920930099166,0,0.0,REFERENCE,This test uses the supplied/current ticker universe and is not a survivorship-bias-free historical index-constituent study.
2023-05-17,T1_45D,108454.78954498761,0.0,108454.78954498761,130354.19047362797,-16.799920930099166,0,0.0,REFERENCE,This test uses the supplied/current ticker universe and is not a survivorship-bias-free historical index-constituent study.
2023-05-18,T1_45D,108454.78954498761,0.0,108454.78954498761,130354.19047362797,-16.799920930099166,0,0.0,REFERENCE,This test uses the supplied/current ticker universe and is not a survivorship-bias-free historical index-constituent study.
2023-05-19,T1_45D,108454.78954498761,0.0,108454.78954498761,130354.19047362797,-16.799920930099166,0,0.0,REFERENCE,This test uses the supplied/current ticker universe and is not a survivorship-bias-free historical index-constituent study.
2023-05-22,T1_45D,81755.23732502451,26780.9814453125,108536.21877033701,130354.19047362797,-16.737453260242496,1,0.07508126260815651,REFERENCE,This test uses the supplied/current ticker universe and is not a survivorship-bias-free historical index-constituent study.
2023-05-23,T1_45D,81755.23732502451,26493.6767578125,108248.91408283701,130354.19047362797,-16.957856368463343,1,-0.26470858369217476,REFERENCE,This test uses the supplied/current ticker universe and is not a survivorship-bias-free historical index-constituent study.
2023-05-24,T1_45D,81755.23732502451,26728.65234375,108483.88966877451,130354.19047362797,-16.77759704186729,1,0.21706969342685234,REFERENCE,This test uses the supplied/current ticker universe and is not a survivorship-bias-free historical index-constituent study.
2023-05-25,T1_45D,59990.99989990215,48575.48889160156,108566.48879150371,130354.19047362797,-16.71423189615998,2,0.07613952908711585,REFERENCE,This test uses the supplied/current ticker universe and is not a survivorship-bias-free historical index-constituent study.
2023-05-26,T1_45D,59990.99989990215,48952.9931640625,108943.99306396465,130354.19047362797,-16.424633018602364,2,0.34771712400676336,REFERENCE,This test uses the supplied/current ticker universe and is not a survivorship-bias-free historical index-constituent study.
2023-05-29,T1_45D,87628.44870917889,21832.681274414062,109461.12998359295,130354.19047362797,-16.02791625963256,1,0.4746814441845215,REFERENCE,This test uses the supplied/current ticker universe and is not a survivorship-bias-free historical index-constituent study.
2023-05-30,T1_45D,87628.44870917889,22473.453369140625,110101.90207831952,130354.19047362797,-15.536353930567126,1,0.5853877945738439,REFERENCE,This test uses the supplied/current ticker universe and is not a survivorship-bias-free historical index-constituent study.
2023-05-31,T1_45D,110561.79814825389,0.0,110561.79814825389,130354.19047362797,-15.1835489549362,0,0.41770038596355974,REFERENCE,This test uses the supplied/current ticker universe and is not a survivorship-bias-free historical index-constituent study.
2023-06-01,T1_45D,110561.79814825389,0.0,110561.79814825389,130354.19047362797,-15.1835489549362,0,0.0,REFERENCE,This test uses the supplied/current ticker universe and is not a survivorship-bias-free historical index-constituent study.
2023-06-02,T1_45D,110561.79814825389,0.0,110561.79814825389,130354.19047362797,-15.1835489549362,0,0.0,REFERENCE,This test uses the supplied/current ticker universe and is not a survivorship-bias-free historical index-constituent study.
2023-06-05,T1_45D,110561.79814825389,0.0,110561.79814825389,130354.19047362797,-15.1835489549362,0,0.0,REFERENCE,This test uses the supplied/current ticker universe and is not a survivorship-bias-free historical index-constituent study.
2023-06-06,T1_45D,110561.79814825389,0.0,110561.79814825389,130354.19047362797,-15.1835489549362,0,0.0,REFERENCE,This test uses the supplied/current ticker universe and is not a survivorship-bias-free historical index-constituent study.
2023-06-07,T1_45D,110561.79814825389,0.0,110561.79814825389,130354.19047362797,-15.1835489549362,0,0.0,REFERENCE,This test uses the supplied/current ticker universe and is not a survivorship-bias-free historical index-constituent study.
2023-06-08,T1_45D,110561.79814825389,0.0,110561.79814825389,130354.19047362797,-15.1835489549362,0,0.0,REFERENCE,This test uses the supplied/current ticker universe and is not a survivorship-bias-free historical index-constituent study.
2023-06-09,T1_45D,110561.79814825389,0.0,110561.79814825389,130354.19047362797,-15.1835489549362,0,0.0,REFERENCE,This test uses the supplied/current ticker universe and is not a survivorship-bias-free historical index-constituent study.
2023-06-12,T1_45D,110561.79814825389,0.0,110561.79814825389,130354.19047362797,-15.1835489549362,0,0.0,REFERENCE,This test uses the supplied/current ticker universe and is not a survivorship-bias-free historical index-constituent study.
2023-06-13,T1_45D,110561.79814825389,0.0,110561.79814825389,130354.19047362797,-15.1835489549362,0,0.0,REFERENCE,This test uses the supplied/current ticker universe and is not a survivorship-bias-free historical index-constituent study.
2023-06-14,T1_45D,110561.79814825389,0.0,110561.79814825389,130354.19047362797,-15.1835489549362,0,0.0,REFERENCE,This test uses the supplied/current ticker universe and is not a survivorship-bias-free historical index-constituent study.
2023-06-15,T1_45D,110561.79814825389,0.0,110561.79814825389,130354.19047362797,-15.1835489549362,0,0.0,REFERENCE,This test uses the supplied/current ticker universe and is not a survivorship-bias-free historical index-constituent study.
2023-06-16,T1_45D,110561.79814825389,0.0,110561.79814825389,130354.19047362797,-15.1835489549362,0,0.0,REFERENCE,This test uses the supplied/current ticker universe and is not a survivorship-bias-free historical index-constituent study.
2023-06-19,T1_45D,110561.79814825389,0.0,110561.79814825389,130354.19047362797,-15.1835489549362,0,0.0,REFERENCE,This test uses the supplied/current ticker universe and is not a survivorship-bias-free historical index-constituent study.
2023-06-20,T1_45D,110561.79814825389,0.0,110561.79814825389,130354.19047362797,-15.1835489549362,0,0.0,REFERENCE,This test uses the supplied/current ticker universe and is not a survivorship-bias-free historical index-constituent study.
2023-06-21,T1_45D,110561.79814825389,0.0,110561.79814825389,130354.19047362797,-15.1835489549362,0,0.0,REFERENCE,This test uses the supplied/current ticker universe and is not a survivorship-bias-free historical index-constituent study.
2023-06-22,T1_45D,83314.84403436068,27115.9130859375,110430.75712029818,130354.19047362797,-15.284075855897028,1,-0.11852288055228533,REFERENCE,This test uses the supplied/current ticker universe and is not a survivorship-bias-free historical index-constituent study.
2023-06-23,T1_45D,83314.84403436068,26897.466796875,110212.31083123568,130354.19047362797,-15.45165488674275,1,-0.1978129053525679,REFERENCE,This test uses the supplied/current ticker universe and is not a survivorship-bias-free historical index-constituent study.
2023-06-26,T1_45D,83314.84403436068,27309.556640625,110624.40067498568,130354.19047362797,-15.135524011124012,1,0.37390545633420036,REFERENCE,This test uses the supplied/current ticker universe and is not a survivorship-bias-free historical index-constituent study.
2023-06-27,T1_45D,83314.84403436068,27283.025390625,110597.86942498568,130354.19047362797,-15.155877211817902,1,-0.02398318077939665,REFERENCE,This test uses the supplied/current ticker universe and is not a survivorship-bias-free historical index-constituent study.
2023-06-28,T1_45D,83314.84403436068,27512.7158203125,110827.55985467318,130354.19047362797,-14.979672343487294,1,0.20768070025372065,REFERENCE,This test uses the supplied/current ticker universe and is not a survivorship-bias-free historical index-constituent study.
2023-06-30,T1_45D,111547.20038961315,0.0,111547.20038961315,130354.19047362797,-14.427606826970152,0,0.6493335555556978,REFERENCE,This test uses the supplied/current ticker universe and is not a survivorship-bias-free historical index-constituent study.
2023-07-03,T1_45D,111547.20038961315,0.0,111547.20038961315,130354.19047362797,-14.427606826970152,0,0.0,REFERENCE,This test uses the supplied/current ticker universe and is not a survivorship-bias-free historical index-constituent study.
2023-07-04,T1_45D,111547.20038961315,0.0,111547.20038961315,130354.19047362797,-14.427606826970152,0,0.0,REFERENCE,This test uses the supplied/current ticker universe and is not a survivorship-bias-free historical index-constituent study.
2023-07-05,T1_45D,111547.20038961315,0.0,111547.20038961315,130354.19047362797,-14.427606826970152,0,0.0,REFERENCE,This test uses the supplied/current ticker universe and is not a survivorship-bias-free historical index-constituent study.
2023-07-06,T1_45D,89220.38711028735,22454.179931640625,111674.56704192798,130354.19047362797,-14.329898688971632,1,0.1141818457746746,REFERENCE,This test uses the supplied/current ticker universe and is not a survivorship-bias-free historical index-constituent study.
2023-07-07,T1_45D,89220.38711028735,22258.4619140625,111478.84902434985,130354.19047362797,-14.480041938580257,1,-0.17525746708706436,REFERENCE,This test uses the supplied/current ticker universe and is not a survivorship-bias-free historical index-constituent study.
2023-07-10,T1_45D,89220.38711028735,22205.5107421875,111425.89785247485,130354.19047362797,-14.520662935636508,1,-0.04749885053391134,REFERENCE,This test uses the supplied/current ticker universe and is not a survivorship-bias-free historical index-constituent study.
2023-07-11,T1_45D,89220.38711028735,22097.596923828125,111317.98403411548,130354.19047362797,-14.60344801371285,1,-0.09684805816171371,REFERENCE,This test uses the supplied/current ticker universe and is not a survivorship-bias-free historical index-constituent study.
2023-07-12,T1_45D,89220.38711028735,21890.47998046875,111110.8670907561,130354.19047362797,-14.76233584279364,1,-0.18605883420947933,REFERENCE,This test uses the supplied/current ticker universe and is not a survivorship-bias-free historical index-constituent study.
2023-07-13,T1_45D,89220.38711028735,21999.7353515625,111220.12246184985,130354.19047362797,-14.678521605064276,1,0.09833004993518024,REFERENCE,This test uses the supplied/current ticker universe and is not a survivorship-bias-free historical index-constituent study.
2023-07-14,T1_45D,89220.38711028735,22045.31396484375,111265.7010751311,130354.19047362797,-14.64355639748971,1,0.040980545851199146,REFERENCE,This test uses the supplied/current ticker universe and is not a survivorship-bias-free historical index-constituent study.
2023-07-17,T1_45D,89220.38711028735,22506.462890625,111726.85000091235,130354.19047362797,-14.28979030519477,1,0.4144573946196273,REFERENCE,This test uses the supplied/current ticker universe and is not a survivorship-bias-free historical index-constituent study.
2023-07-18,T1_45D,89220.38711028735,22487.69482421875,111708.0819345061,130354.19047362797,-14.30418805208581,1,-0.016798170185672312,REFERENCE,This test uses the supplied/current ticker universe and is not a survivorship-bias-free historical index-constituent study.
2023-07-19,T1_45D,89220.38711028735,22589.575927734375,111809.96303802173,130354.19047362797,-14.226030914869536,1,0.09120298348275213,REFERENCE,This test uses the supplied/current ticker universe and is not a survivorship-bias-free historical index-constituent study.
2023-07-20,T1_45D,61528.25803647293,50819.813232421875,112348.0712688948,130354.19047362797,-13.813226210304297,2,0.48127037721144017,REFERENCE,This test uses the supplied/current ticker universe and is not a survivorship-bias-free historical index-constituent study.
2023-07-21,T1_45D,61528.25803647293,50638.477783203125,112166.73581967605,130354.19047362797,-13.952336006897637,2,-0.16140503986467047,REFERENCE,This test uses the supplied/current ticker universe and is not a survivorship-bias-free historical index-constituent study.
2023-07-24,T1_45D,61528.25803647293,50457.00048828125,111985.25852475417,130354.19047362797,-14.09155461909759,2,-0.16179243658621667,REFERENCE,This test uses the supplied/current ticker universe and is not a survivorship-bias-free historical index-constituent study.
2023-07-25,T1_45D,61528.25803647293,50884.961669921875,112413.2197063948,130354.19047362797,-13.7632481948195,2,0.382158497715146,REFERENCE,This test uses the supplied/current ticker universe and is not a survivorship-bias-free historical index-constituent study.
2023-07-26,T1_45D,61528.25803647293,50799.37890625,112327.63694272292,130354.19047362797,-13.828902212815331,2,-0.0761322946673082,REFERENCE,This test uses the supplied/current ticker universe and is not a survivorship-bias-free historical index-constituent study.
2023-07-27,T1_45D,37477.98979391393,74599.10668945312,112077.09648336706,130354.19047362797,-14.021101986712548,3,-0.22304436038622644,REFERENCE,This test uses the supplied/current ticker universe and is not a survivorship-bias-free historical index-constituent study.
2023-07-28,T1_45D,37477.98979391393,73889.28274536133,111367.27253927526,130354.19047362797,-14.565636797225912,3,-0.633335414963343,REFERENCE,This test uses the supplied/current ticker universe and is not a survivorship-bias-free historical index-constituent study.
2023-07-31,T1_45D,37477.98979391393,74805.08090209961,112283.07069601354,130354.19047362797,-13.86309079282756,3,0.8223225152751423,REFERENCE,This test uses the supplied/current ticker universe and is not a survivorship-bias-free historical index-constituent study.
2023-08-01,T1_45D,37477.98979391393,74767.52639770508,112245.51619161901,130354.19047362797,-13.891900380197242,3,-0.033446274813953014,REFERENCE,This test uses the supplied/current ticker universe and is not a survivorship-bias-free historical index-constituent study.
2023-08-02,T1_45D,37477.98979391393,74044.9453125,111522.93510641393,130354.19047362797,-14.44622171239197,3,-0.6437505120218123,REFERENCE,This test uses the supplied/current ticker universe and is not a survivorship-bias-free historical index-constituent study.
2023-08-03,T1_45D,9691.145575944378,101041.39895629883,110732.5445322432,130354.19047362797,-15.052562460855013,4,-0.7087246882594544,REFERENCE,This test uses the supplied/current ticker universe and is not a survivorship-bias-free historical index-constituent study.
2023-08-04,T1_45D,36715.02181827449,74293.61123657227,111008.63305484675,130354.19047362797,-14.840763728800132,3,0.24932915952560197,REFERENCE,This test uses the supplied/current ticker universe and is not a survivorship-bias-free historical index-constituent study.
2023-08-07,T1_45D,36715.02181827449,74574.57791137695,111289.59972965144,130354.19047362797,-14.625222767835378,3,0.25310344526616735,REFERENCE,This test uses the supplied/current ticker universe and is not a survivorship-bias-free historical index-constituent study.
2023-08-08,T1_45D,36715.02181827449,74923.66275024414,111638.68456851863,130354.19047362797,-14.357425593384121,3,0.3136724722841988,REFERENCE,This test uses the supplied/current ticker universe and is not a survivorship-bias-free historical index-constituent study.
2023-08-09,T1_45D,36715.02181827449,74787.59799194336,111502.61981021785,130354.19047362797,-14.461806402168554,3,-0.121879578594708,REFERENCE,This test uses the supplied/current ticker universe and is not a survivorship-bias-free historical index-constituent study.
2023-08-10,T1_45D,36715.02181827449,74451.64291381836,111166.66473209285,130354.19047362797,-14.719531203269575,3,-0.30129792348987383,REFERENCE,This test uses the supplied/current ticker universe and is not a survivorship-bias-free historical index-constituent study.
2023-08-11,T1_45D,455.75382661551157,109882.16033935547,110337.91416597099,130354.19047362797,-15.35529946135985,5,-0.7455027711041895,REFERENCE,This test uses the supplied/current ticker universe and is not a survivorship-bias-free historical index-constituent study.
2023-08-14,T1_45D,21922.520948678015,88606.8586730957,110529.37962177373,130354.19047362797,-15.208418524807621,4,0.17352644125094852,REFERENCE,This test uses the supplied/current ticker universe and is not a survivorship-bias-free historical index-constituent study.
2023-08-16,T1_45D,21922.520948678015,89067.36862182617,110989.8895705042,130354.19047362797,-14.855142617790552,4,0.41664030894439374,REFERENCE,This test uses the supplied/current ticker universe and is not a survivorship-bias-free historical index-constituent study.
2023-08-17,T1_45D,21922.520948678015,88660.5983581543,110583.11930683232,130354.19047362797,-15.167192627225546,4,-0.36649307900561423,REFERENCE,This test uses the supplied/current ticker universe and is not a survivorship-bias-free historical index-constituent study.
2023-08-18,T1_45D,21922.520948678015,88319.48165893555,110242.00260761357,130354.19047362797,-15.428877117750428,4,-0.30847086007066427,REFERENCE,This test uses the supplied/current ticker universe and is not a survivorship-bias-free historical index-constituent study.
2023-08-21,T1_45D,21922.520948678015,88651.666015625,110574.18696430302,130354.19047362797,-15.174044990388435,4,0.3013228613705454,REFERENCE,This test uses the supplied/current ticker universe and is not a survivorship-bias-free historical index-constituent study.
2023-08-22,T1_45D,21922.520948678015,89036.46713256836,110958.98808124638,130354.19047362797,-14.878848406722634,4,0.3480026645527934,REFERENCE,This test uses the supplied/current ticker universe and is not a survivorship-bias-free historical index-constituent study.
2023-08-23,T1_45D,31569.51321633964,80265.67465209961,111835.18786843924,130354.19047362797,-14.206679921759257,3,0.7896609390050324,REFERENCE,This test uses the supplied/current ticker universe and is not a survivorship-bias-free historical index-constituent study.
2023-08-24,T1_45D,31569.51321633964,80092.47650146484,111661.98971780448,130354.19047362797,-14.339547265728381,3,-0.15486910151973898,REFERENCE,This test uses the supplied/current ticker universe and is not a survivorship-bias-free historical index-constituent study.
2023-08-25,T1_45D,31569.51321633964,79755.22045898438,111324.73367532401,130354.19047362797,-14.598270089486554,3,-0.3020329866347482,REFERENCE,This test uses the supplied/current ticker universe and is not a survivorship-bias-free historical index-constituent study.
2023-08-28,T1_45D,31569.51321633964,79928.07000732422,111497.58322366385,130354.19047362797,-14.465670172512791,3,0.1552660784654991,REFERENCE,This test uses the supplied/current ticker universe and is not a survivorship-bias-free historical index-constituent study.
2023-08-29,T1_45D,4572.964401446519,106963.6891784668,111536.65357991331,130354.19047362797,-14.435697713547334,4,0.03504143777814939,REFERENCE,This test uses the supplied/current ticker universe and is not a survivorship-bias-free historical index-constituent study.
2023-08-30,T1_45D,4572.964401446519,107249.31552124023,111822.27992268675,130354.19047362797,-14.216582131811418,4,0.2560829409937293,REFERENCE,This test uses the supplied/current ticker universe and is not a survivorship-bias-free historical index-constituent study.
2023-08-31,T1_45D,33487.93712802387,78720.8395690918,112208.77669711567,130354.19047362797,-13.92008474033929,3,0.3456348544280674,REFERENCE,This test uses the supplied/current ticker universe and is not a survivorship-bias-free historical index-constituent study.
2023-09-01,T1_45D,33487.93712802387,79417.01846313477,112904.95559115864,130354.19047362797,-13.386017602556088,3,0.620431765263918,REFERENCE,This test uses the supplied/current ticker universe and is not a survivorship-bias-free historical index-constituent study.
2023-09-04,T1_45D,59008.19072147212,54347.589599609375,113355.78032108149,130354.19047362797,-13.040171620708607,2,0.3992957860550872,REFERENCE,This test uses the supplied/current ticker universe and is not a survivorship-bias-free historical index-constituent study.
2023-09-05,T1_45D,59008.19072147212,54936.857971191406,113945.04869266352,130354.19047362797,-12.588119891921846,2,0.5198397204914773,REFERENCE,This test uses the supplied/current ticker universe and is not a survivorship-bias-free historical index-constituent study.
2023-09-06,T1_45D,59008.19072147212,54882.68176269531,113890.87248416743,130354.19047362797,-12.629680664382814,2,-0.04754590841610229,REFERENCE,This test uses the supplied/current ticker universe and is not a survivorship-bias-free historical index-constituent study.
2023-09-07,T1_45D,59008.19072147212,54887.02032470703,113895.21104617915,130354.19047362797,-12.626352377048168,2,0.003809402735344136,REFERENCE,This test uses the supplied/current ticker universe and is not a survivorship-bias-free historical index-constituent study.
2023-09-08,T1_45D,59008.19072147212,54962.40509033203,113970.59581180415,130354.19047362797,-12.568521658027098,2,0.06618782733054385,REFERENCE,This test uses the supplied/current ticker universe and is not a survivorship-bias-free historical index-constituent study.
2023-09-11,T1_45D,59008.19072147212,55337.184509277344,114345.37523074946,130354.19047362797,-12.281013126399841,2,0.32883869411735045,REFERENCE,This test uses the supplied/current ticker universe and is not a survivorship-bias-free historical index-constituent study.
2023-09-12,T1_45D,59008.19072147212,55886.92468261719,114895.1154040893,130354.19047362797,-11.859285085788018,2,0.4807716728643108,REFERENCE,This test uses the supplied/current ticker universe and is not a survivorship-bias-free historical index-constituent study.
2023-09-13,T1_45D,59008.19072147212,55952.267028808594,114960.45775028071,130354.19047362797,-11.809158315061286,2,0.056871300369554234,REFERENCE,This test uses the supplied/current ticker universe and is not a survivorship-bias-free historical index-constituent study.
2023-09-14,T1_45D,59008.19072147212,55772.42559814453,114780.61631961665,130354.19047362797,-11.947121989271237,2,-0.15643764315441677,REFERENCE,This test uses the supplied/current ticker universe and is not a survivorship-bias-free historical index-constituent study.
2023-09-15,T1_45D,59008.19072147212,56052.79132080078,115060.9820422729,130354.19047362797,-11.732042043135582,2,0.24426225581115624,REFERENCE,This test uses the supplied/current ticker universe and is not a survivorship-bias-free historical index-constituent study.
2023-09-18,T1_45D,59008.19072147212,55936.825439453125,114945.01616092524,130354.19047362797,-11.821004186144801,2,-0.10078645192255209,REFERENCE,This test uses the supplied/current ticker universe and is not a survivorship-bias-free historical index-constituent study.
2023-09-20,T1_45D,59008.19072147212,55984.33068847656,114992.52140994868,130354.19047362797,-11.784560977951164,2,0.041328672273133193,REFERENCE,This test uses the supplied/current ticker universe and is not a survivorship-bias-free historical index-constituent study.
2023-09-21,T1_45D,59008.19072147212,55026.05261230469,114034.2433337768,130354.19047362797,-12.519695055873836,2,-0.833339476708761,REFERENCE,This test uses the supplied/current ticker universe and is not a survivorship-bias-free historical index-constituent study.
2023-09-22,T1_45D,59008.19072147212,54435.68005371094,113443.87077518305,130354.19047362797,-12.97259385141597,2,-0.5177151540925573,REFERENCE,This test uses the supplied/current ticker universe and is not a survivorship-bias-free historical index-constituent study.
2023-09-25,T1_45D,59008.19072147212,54404.929931640625,113413.12065311274,130354.19047362797,-12.9961835204236,2,-0.02710602332254286,REFERENCE,This test uses the supplied/current ticker universe and is not a survivorship-bias-free historical index-constituent study.
2023-09-26,T1_45D,30940.31808571567,82138.17626953125,113078.49435524692,130354.19047362797,-13.252888960156683,3,-0.2950507806670055,REFERENCE,This test uses the supplied/current ticker universe and is not a survivorship-bias-free historical index-constituent study.
2023-09-27,T1_45D,57376.01454925367,55760.19348144531,113136.20803069898,130354.19047362797,-13.208614452952606,2,0.05103859560664503,REFERENCE,This test uses the supplied/current ticker universe and is not a survivorship-bias-free historical index-constituent study.
2023-09-28,T1_45D,56803.641033835214,55128.6865234375,111932.32755727271,130354.19047362797,-14.132160116542014,2,-1.0640983062642495,REFERENCE,This test uses the supplied/current ticker universe and is not a survivorship-bias-free historical index-constituent study.
2023-09-29,T1_45D,84080.9107924771,28187.92724609375,112268.83803857084,130354.19047362797,-13.874009243082973,1,0.30063743749628724,REFERENCE,This test uses the supplied/current ticker universe and is not a survivorship-bias-free historical index-constituent study.
2023-10-03,T1_45D,84080.9107924771,27769.479370117188,111850.39016259428,130354.19047362797,-14.195017623754257,1,-0.37271952154060983,REFERENCE,This test uses the supplied/current ticker universe and is not a survivorship-bias-free historical index-constituent study.
2023-10-04,T1_45D,58633.539934316424,53137.201171875,111770.74110619142,130354.19047362797,-14.256119653626465,2,-0.07121035187009905,REFERENCE,This test uses the supplied/current ticker universe and is not a survivorship-bias-free historical index-constituent study.
2023-10-05,T1_45D,31791.211424139852,80422.0336303711,112213.24505451095,130354.19047362797,-13.91665688168815,3,0.3959032068143076,REFERENCE,This test uses the supplied/current ticker universe and is not a survivorship-bias-free historical index-constituent study.
2023-10-06,T1_45D,58261.86410522566,54386.19177246094,112648.0558776866,130354.19047362797,-13.583095818867063,2,0.3874861857567913,REFERENCE,This test uses the supplied/current ticker universe and is not a survivorship-bias-free historical index-constituent study.
2023-10-09,T1_45D,38465.480759275204,74037.07916259766,112502.55992187286,130354.19047362797,-13.6947116827569,3,-0.1291597575121206,REFERENCE,This test uses the supplied/current ticker universe and is not a survivorship-bias-free historical index-constituent study.
2023-10-10,T1_45D,38465.480759275204,74804.63885498047,113270.11961425567,130354.19047362797,-13.105885432067165,3,0.6822597573920453,REFERENCE,This test uses the supplied/current ticker universe and is not a survivorship-bias-free historical index-constituent study.
2023-10-11,T1_45D,38465.480759275204,75115.88256835938,113581.36332763458,130354.19047362797,-12.867117723681243,3,0.2747800694824498,REFERENCE,This test uses the supplied/current ticker universe and is not a survivorship-bias-free historical index-constituent study.
2023-10-12,T1_45D,38465.480759275204,75466.08483886719,113931.56559814239,130354.19047362797,-12.598463321981235,3,0.3083272292635053,REFERENCE,This test uses the supplied/current ticker universe and is not a survivorship-bias-free historical index-constituent study.
2023-10-13,T1_45D,59247.72471823565,54638.24969482422,113885.97441305987,130354.19047362797,-12.633438173895751,2,-0.04001628946567193,REFERENCE,This test uses the supplied/current ticker universe and is not a survivorship-bias-free historical index-constituent study.
2023-10-16,T1_45D,59247.72471823565,54684.52258300781,113932.24730124346,130354.19047362797,-12.597940359812853,2,0.04063089280490484,REFERENCE,This test uses the supplied/current ticker universe and is not a survivorship-bias-free historical index-constituent study.
2023-10-17,T1_45D,33595.85767727705,80381.8070678711,113977.66474514814,130354.19047362797,-12.56309879182056,3,0.03986355485869897,REFERENCE,This test uses the supplied/current ticker universe and is not a survivorship-bias-free historical index-constituent study.
2023-10-18,T1_45D,33595.85767727705,80231.8549194336,113827.71259671064,130354.19047362797,-12.678133182270656,3,-0.1315627485198867,REFERENCE,This test uses the supplied/current ticker universe and is not a survivorship-bias-free historical index-constituent study.
2023-10-19,T1_45D,33595.85767727705,79738.06860351562,113333.92628079267,130354.19047362797,-13.05693674364744,3,-0.43380149231975196,REFERENCE,This test uses the supplied/current ticker universe and is not a survivorship-bias-free historical index-constituent study.
2023-10-20,T1_45D,33595.85767727705,79741.85723876953,113337.71491604658,130354.19047362797,-13.05403032748993,3,0.003342895969660198,REFERENCE,This test uses the supplied/current ticker universe and is not a survivorship-bias-free historical index-constituent study.
2023-10-23,T1_45D,84559.3433434989,27307.244873046875,111866.58821654577,130354.19047362797,-14.182591437919623,1,-1.2980027880309053,REFERENCE,This test uses the supplied/current ticker universe and is not a survivorship-bias-free historical index-constituent study.
2023-10-25,T1_45D,84559.3433434989,27254.937744140625,111814.28108763952,130354.19047362797,-14.222718363426345,1,-0.04675849128874532,REFERENCE,This test uses the supplied/current ticker universe and is not a survivorship-bias-free historical index-constituent study.
2023-10-26,T1_45D,84559.3433434989,26851.08642578125,111410.42976928015,130354.19047362797,-14.532529131221406,1,-0.3611804453161338,REFERENCE,This test uses the supplied/current ticker universe and is not a survivorship-bias-free historical index-constituent study.
2023-10-27,T1_45D,84559.3433434989,27035.983276367188,111595.32661986609,130354.19047362797,-14.390687238824896,1,0.16596009096172537,REFERENCE,This test uses the supplied/current ticker universe and is not a survivorship-bias-free historical index-constituent study.
2023-10-30,T1_45D,64310.189366268896,47308.44921875,111618.6385850189,130354.19047362797,-14.372803682440471,2,0.020889732445716902,REFERENCE,This test uses the supplied/current ticker universe and is not a survivorship-bias-free historical index-constituent study.
2023-10-31,T1_45D,90494.4954088964,20167.111328125,110661.6067370214,130354.19047362797,-15.106981728056212,1,-0.8574122208707458,REFERENCE,This test uses the supplied/current ticker universe and is not a survivorship-bias-free historical index-constituent study.
2023-11-01,T1_45D,90494.4954088964,19847.787109375,110342.2825182714,130354.19047362797,-15.351948320683395,1,-0.2885591743745808,REFERENCE,This test uses the supplied/current ticker universe and is not a survivorship-bias-free historical index-constituent study.
2023-11-02,T1_45D,90494.4954088964,19994.98046875,110489.4758776464,130354.19047362797,-15.239030309501567,1,0.13339705869381824,REFERENCE,This test uses the supplied/current ticker universe and is not a survivorship-bias-free historical index-constituent study.
2023-11-03,T1_45D,90494.4954088964,19942.00390625,110436.4993151464,130354.19047362797,-15.279670784738697,1,-0.047947157029382126,REFERENCE,This test uses the supplied/current ticker universe and is not a survivorship-bias-free historical index-constituent study.
2023-11-06,T1_45D,90494.4954088964,19958.59375,110453.0891588964,130354.19047362797,-15.266944041018593,1,0.015022065940950569,REFERENCE,This test uses the supplied/current ticker universe and is not a survivorship-bias-free historical index-constituent study.
2023-11-07,T1_45D,90494.4954088964,19897.37109375,110391.8665026464,130354.19047362797,-15.313910430075628,1,-0.05542865004157793,REFERENCE,This test uses the supplied/current ticker universe and is not a survivorship-bias-free historical index-constituent study.
2023-11-08,T1_45D,90494.4954088964,20031.26953125,110525.7649401464,130354.19047362797,-15.211191494064835,1,0.12129375264868791,REFERENCE,This test uses the supplied/current ticker universe and is not a survivorship-bias-free historical index-constituent study.
2023-11-09,T1_45D,90494.4954088964,20182.732421875,110677.2278307714,130354.19047362797,-15.0949981518526,1,0.13703853640554264,REFERENCE,This test uses the supplied/current ticker universe and is not a survivorship-bias-free historical index-constituent study.
2023-11-10,T1_45D,90494.4954088964,20160.318359375,110654.8137682714,130354.19047362797,-15.112192890601362,1,-0.02025173826568638,REFERENCE,This test uses the supplied/current ticker universe and is not a survivorship-bias-free historical index-constituent study.
2023-11-13,T1_45D,90494.4954088964,20178.94921875,110673.4446276464,130354.19047362797,-15.097900400803145,1,0.016836917202733837,REFERENCE,This test uses the supplied/current ticker universe and is not a survivorship-bias-free historical index-constituent study.
2023-11-15,T1_45D,90494.4954088964,20290.82421875,110785.3196276464,130354.19047362797,-15.012076539219931,1,0.10108567631232912,REFERENCE,This test uses the supplied/current ticker universe and is not a survivorship-bias-free historical index-constituent study.
2023-11-16,T1_45D,90494.4954088964,20346.033203125,110840.5286120214,130354.19047362797,-14.969723482387309,1,0.04983420597652888,REFERENCE,This test uses the supplied/current ticker universe and is not a survivorship-bias-free historical index-constituent study.
2023-11-17,T1_45D,61923.57622999543,48913.940673828125,110837.51690382356,130354.19047362797,-14.972033886208546,3,-0.0027171543076853766,REFERENCE,This test uses the supplied/current ticker universe and is not a survivorship-bias-free historical index-constituent study.
2023-11-20,T1_45D,61923.57622999543,49214.095703125,111137.67193312044,130354.19047362797,-14.741772758272187,3,0.2708063457947496,REFERENCE,This test uses the supplied/current ticker universe and is not a survivorship-bias-free historical index-constituent study.
2023-11-21,T1_45D,61923.57622999543,49360.28454589844,111283.86077589387,130354.19047362797,-14.629625352621268,3,0.13153851455645071,REFERENCE,This test uses the supplied/current ticker universe and is not a survivorship-bias-free historical index-constituent study.
2023-11-22,T1_45D,61923.57622999543,49457.89489746094,111381.47112745637,130354.19047362797,-14.554744482886395,3,0.08771294496967563,REFERENCE,This test uses the supplied/current ticker universe and is not a survivorship-bias-free historical index-constituent study.
2023-11-23,T1_45D,61923.57622999543,49353.0068359375,111276.58306593294,130354.19047362797,-14.635208379859977,3,-0.0941701168620912,REFERENCE,This test uses the supplied/current ticker universe and is not a survivorship-bias-free historical index-constituent study.
2023-11-24,T1_45D,37622.48995739459,73667.86326599121,111290.3532233858,130354.19047362797,-14.624644732153037,4,0.012374712696483492,REFERENCE,This test uses the supplied/current ticker universe and is not a survivorship-bias-free historical index-constituent study.
2023-11-28,T1_45D,37622.48995739459,74143.97274780273,111766.46270519732,130354.19047362797,-14.259401788998217,4,0.42780840209559745,REFERENCE,This test uses the supplied/current ticker universe and is not a survivorship-bias-free historical index-constituent study.
2023-11-29,T1_45D,37622.48995739459,74361.05364990234,111983.54360729693,130354.19047362797,-14.092870202011355,4,0.19422722777957535,REFERENCE,This test uses the supplied/current ticker universe and is not a survivorship-bias-free historical index-constituent study.
2023-11-30,T1_45D,37622.48995739459,75560.02436828613,113182.51432568072,130354.19047362797,-13.173091011156457,4,1.0706668852955126,REFERENCE,This test uses the supplied/current ticker universe and is not a survivorship-bias-free historical index-constituent study.
2023-12-01,T1_45D,63464.38114195313,49952.73181152344,113417.11295347656,130354.19047362797,-12.993120864478813,3,0.20727462116700845,REFERENCE,This test uses the supplied/current ticker universe and is not a survivorship-bias-free historical index-constituent study.
2023-12-04,T1_45D,63464.38114195313,49989.630859375,113454.01200132813,130354.19047362797,-12.964814104475552,3,0.03253393327575793,REFERENCE,This test uses the supplied/current ticker universe and is not a survivorship-bias-free historical index-constituent study.
2023-12-05,T1_45D,63464.38114195313,50214.84094238281,113679.22208433594,130354.19047362797,-12.79204629226366,3,0.19850341035554386,REFERENCE,This test uses the supplied/current ticker universe and is not a survivorship-bias-free historical index-constituent study.
2023-12-06,T1_45D,63464.38114195313,50174.503173828125,113638.88431578125,130354.19047362797,-12.822991034744213,3,-0.03548385343872251,REFERENCE,This test uses the supplied/current ticker universe and is not a survivorship-bias-free historical index-constituent study.
2023-12-07,T1_45D,84422.74804578838,29688.828491210938,114111.57653699932,130354.19047362797,-12.460369611143962,2,0.41595992785756764,REFERENCE,This test uses the supplied/current ticker universe and is not a survivorship-bias-free historical index-constituent study.
2023-12-08,T1_45D,84422.74804578838,30304.85205078125,114727.60009656963,130354.19047362797,-11.987792889726679,2,0.5398431765339495,REFERENCE,This test uses the supplied/current ticker universe and is not a survivorship-bias-free historical index-constituent study.
2023-12-11,T1_45D,84422.74804578838,30418.996215820312,114841.74426160869,130354.19047362797,-11.900228259372769,2,0.09949146059273772,REFERENCE,This test uses the supplied/current ticker universe and is not a survivorship-bias-free historical index-constituent study.
2023-12-12,T1_45D,84422.74804578838,30184.842895507812,114607.59094129619,130354.19047362797,-12.079856792572752,2,-0.20389216640518404,REFERENCE,This test uses the supplied/current ticker universe and is not a survivorship-bias-free historical index-constituent study.
2023-12-13,T1_45D,84422.74804578838,30236.347778320312,114659.09582410869,130354.19047362797,-12.040345302665633,2,0.044940201944276836,REFERENCE,This test uses the supplied/current ticker universe and is not a survivorship-bias-free historical index-constituent study.
2023-12-14,T1_45D,100804.66693226666,14229.0947265625,115033.76165882916,130354.19047362797,-11.752923906115853,1,0.3267650351047813,REFERENCE,This test uses the supplied/current ticker universe and is not a survivorship-bias-free historical index-constituent study.
2023-12-15,T1_45D,88160.02373440392,27356.422241210938,115516.44597561486,130354.19047362797,-11.38263713970511,2,0.4196023061623144,REFERENCE,This test uses the supplied/current ticker universe and is not a survivorship-bias-free historical index-constituent study.
2023-12-18,T1_45D,88160.02373440392,27315.368041992188,115475.3917763961,130354.19047362797,-11.41413148527971,2,-0.03553970075171886,REFERENCE,This test uses the supplied/current ticker universe and is not a survivorship-bias-free historical index-constituent study.
2023-12-19,T1_45D,88160.02373440392,27228.936157226562,115388.95989163048,130354.19047362797,-11.480436898593693,2,-0.0748487478033355,REFERENCE,This test uses the supplied/current ticker universe and is not a survivorship-bias-free historical index-constituent study.
2023-12-20,T1_45D,88160.02373440392,26824.043579101562,114984.06731350548,130354.19047362797,-11.791046459094867,2,-0.35089368905418805,REFERENCE,This test uses the supplied/current ticker universe and is not a survivorship-bias-free historical index-constituent study.
2023-12-21,T1_45D,59986.17910608095,55341.62225341797,115327.80135949892,130354.19047362797,-11.527354095432052,3,0.29894058718260563,REFERENCE,This test uses the supplied/current ticker universe and is not a survivorship-bias-free historical index-constituent study.
2023-12-22,T1_45D,59986.17910608095,55466.56201171875,115452.7411177997,130354.19047362797,-11.431507726514544,3,0.1083344664755348,REFERENCE,This test uses the supplied/current ticker universe and is not a survivorship-bias-free historical index-constituent study.
2023-12-26,T1_45D,59986.17910608095,55448.30725097656,115434.48635705751,130354.19047362797,-11.445511695758547,3,-0.015811457194903067,REFERENCE,This test uses the supplied/current ticker universe and is not a survivorship-bias-free historical index-constituent study.
2023-12-27,T1_45D,59986.17910608095,55971.57598876953,115957.75509485048,130354.19047362797,-11.044090969741427,3,0.45330364807480983,REFERENCE,This test uses the supplied/current ticker universe and is not a survivorship-bias-free historical index-constituent study.
2023-12-28,T1_45D,74696.92611864815,41421.166015625,116118.09213427315,130354.19047362797,-10.921089907144133,2,0.13827194161486478,REFERENCE,This test uses the supplied/current ticker universe and is not a survivorship-bias-free historical index-constituent study.
2023-12-29,T1_45D,74696.92611864815,40994.22918701172,115691.15530565986,130354.19047362797,-11.248610508562507,2,-0.3676746842512624,REFERENCE,This test uses the supplied/current ticker universe and is not a survivorship-bias-free historical index-constituent study.
2024-01-01,T1_45D,74696.92611864815,41143.534606933594,115840.46072558174,130354.19047362797,-11.134072249854142,2,0.1290551723918787,REFERENCE,This test uses the supplied/current ticker universe and is not a survivorship-bias-free historical index-constituent study.
2024-01-02,T1_45D,74696.92611864815,40517.715759277344,115214.64187792549,130354.19047362797,-11.614163335060079,2,-0.5402420222919924,REFERENCE,This test uses the supplied/current ticker universe and is not a survivorship-bias-free historical index-constituent study.
2024-01-03,T1_45D,74696.92611864815,40200.39532470703,114897.32144335518,130354.19047362797,-11.857592743364764,2,-0.2754167607503577,REFERENCE,This test uses the supplied/current ticker universe and is not a survivorship-bias-free historical index-constituent study.
2024-01-04,T1_45D,74696.92611864815,40476.376708984375,115173.30282763252,130354.19047362797,-11.64587620147639,2,0.2401982751298437,REFERENCE,This test uses the supplied/current ticker universe and is not a survivorship-bias-free historical index-constituent study.
2024-01-05,T1_45D,74696.92611864815,40826.334716796875,115523.26083544502,130354.19047362797,-11.377409183622223,2,0.303853409792576,REFERENCE,This test uses the supplied/current ticker universe and is not a survivorship-bias-free historical index-constituent study.
2024-01-08,T1_45D,74696.92611864815,40414.43371582031,115111.35983446846,130354.19047362797,-11.693395190270694,2,-0.3565524362779904,REFERENCE,This test uses the supplied/current ticker universe and is not a survivorship-bias-free historical index-constituent study.
2024-01-09,T1_45D,74696.92611864815,40404.68310546875,115101.6092241169,130354.19047362797,-11.700875279952605,2,-0.008470589145659346,REFERENCE,This test uses the supplied/current ticker universe and is not a survivorship-bias-free historical index-constituent study.
2024-01-10,T1_45D,74696.92611864815,40703.02697753906,115399.95309618721,130354.19047362797,-11.47200356437038,2,0.2592004352340638,REFERENCE,This test uses the supplied/current ticker universe and is not a survivorship-bias-free historical index-constituent study.
2024-01-11,T1_45D,74696.92611864815,40436.116271972656,115133.0423906208,130354.19047362797,-11.67676161978588,2,-0.23129186659541778,REFERENCE,This test uses the supplied/current ticker universe and is not a survivorship-bias-free historical index-constituent study.
2024-01-12,T1_45D,74696.92611864815,41768.78302001953,116465.70913866768,130354.19047362797,-10.654418768202223,2,1.1575015481007034,REFERENCE,This test uses the supplied/current ticker universe and is not a survivorship-bias-free historical index-constituent study.
2024-01-15,T1_45D,74696.92611864815,42274.814208984375,116971.74032763252,130354.19047362797,-10.266221666807763,2,0.4344894241465891,REFERENCE,This test uses the supplied/current ticker universe and is not a survivorship-bias-free historical index-constituent study.
2024-01-16,T1_45D,74696.92611864815,42081.74237060547,116778.66848925361,130354.19047362797,-10.41433492475321,2,-0.16505853280298632,REFERENCE,This test uses the supplied/current ticker universe and is not a survivorship-bias-free historical index-constituent study.
2024-01-17,T1_45D,74696.92611864815,41381.0625,116077.98861864815,130354.19047362797,-10.951854944677098,2,-0.6000067303986723,REFERENCE,This test uses the supplied/current ticker universe and is not a survivorship-bias-free historical index-constituent study.
2024-01-18,T1_45D,46066.25520643272,71106.77276611328,117173.027972546,130354.19047362797,-10.1118057295969,3,0.943365203798785,REFERENCE,This test uses the supplied/current ticker universe and is not a survivorship-bias-free historical index-constituent study.
2024-01-19,T1_45D,46066.25520643272,71719.80810546875,117786.06331190147,130354.19047362797,-9.64152139341402,3,0.5231881005064665,REFERENCE,This test uses the supplied/current ticker universe and is not a survivorship-bias-free historical index-constituent study.
2024-01-23,T1_45D,92414.95434746597,28252.70703125,120667.66137871597,130354.19047362797,-7.430930344254394,1,2.4464677617961783,REFERENCE,This test uses the supplied/current ticker universe and is not a survivorship-bias-free historical index-constituent study.
2024-01-24,T1_45D,119228.52013580647,0.0,119228.52013580647,130354.19047362797,-8.534954110333981,0,-1.1926486570355888,REFERENCE,This test uses the supplied/current ticker universe and is not a survivorship-bias-free historical index-constituent study.
2024-01-25,T1_45D,119228.52013580647,0.0,119228.52013580647,130354.19047362797,-8.534954110333981,0,0.0,REFERENCE,This test uses the supplied/current ticker universe and is not a survivorship-bias-free historical index-constituent study.
2024-01-29,T1_45D,119228.52013580647,0.0,119228.52013580647,130354.19047362797,-8.534954110333981,0,0.0,REFERENCE,This test uses the supplied/current ticker universe and is not a survivorship-bias-free historical index-constituent study.
2024-01-30,T1_45D,119228.52013580647,0.0,119228.52013580647,130354.19047362797,-8.534954110333981,0,0.0,REFERENCE,This test uses the supplied/current ticker universe and is not a survivorship-bias-free historical index-constituent study.
2024-01-31,T1_45D,119228.52013580647,0.0,119228.52013580647,130354.19047362797,-8.534954110333981,0,0.0,REFERENCE,This test uses the supplied/current ticker universe and is not a survivorship-bias-free historical index-constituent study.
2024-02-01,T1_45D,119228.52013580647,0.0,119228.52013580647,130354.19047362797,-8.534954110333981,0,0.0,REFERENCE,This test uses the supplied/current ticker universe and is not a survivorship-bias-free historical index-constituent study.
2024-02-02,T1_45D,119228.52013580647,0.0,119228.52013580647,130354.19047362797,-8.534954110333981,0,0.0,REFERENCE,This test uses the supplied/current ticker universe and is not a survivorship-bias-free historical index-constituent study.
2024-02-05,T1_45D,119228.52013580647,0.0,119228.52013580647,130354.19047362797,-8.534954110333981,0,0.0,REFERENCE,This test uses the supplied/current ticker universe and is not a survivorship-bias-free historical index-constituent study.
2024-02-06,T1_45D,119228.52013580647,0.0,119228.52013580647,130354.19047362797,-8.534954110333981,0,0.0,REFERENCE,This test uses the supplied/current ticker universe and is not a survivorship-bias-free historical index-constituent study.
2024-02-07,T1_45D,119228.52013580647,0.0,119228.52013580647,130354.19047362797,-8.534954110333981,0,0.0,REFERENCE,This test uses the supplied/current ticker universe and is not a survivorship-bias-free historical index-constituent study.
2024-02-08,T1_45D,119228.52013580647,0.0,119228.52013580647,130354.19047362797,-8.534954110333981,0,0.0,REFERENCE,This test uses the supplied/current ticker universe and is not a survivorship-bias-free historical index-constituent study.
2024-02-09,T1_45D,119228.52013580647,0.0,119228.52013580647,130354.19047362797,-8.534954110333981,0,0.0,REFERENCE,This test uses the supplied/current ticker universe and is not a survivorship-bias-free historical index-constituent study.
2024-02-12,T1_45D,119228.52013580647,0.0,119228.52013580647,130354.19047362797,-8.534954110333981,0,0.0,REFERENCE,This test uses the supplied/current ticker universe and is not a survivorship-bias-free historical index-constituent study.
2024-02-13,T1_45D,119228.52013580647,0.0,119228.52013580647,130354.19047362797,-8.534954110333981,0,0.0,REFERENCE,This test uses the supplied/current ticker universe and is not a survivorship-bias-free historical index-constituent study.
2024-02-14,T1_45D,119228.52013580647,0.0,119228.52013580647,130354.19047362797,-8.534954110333981,0,0.0,REFERENCE,This test uses the supplied/current ticker universe and is not a survivorship-bias-free historical index-constituent study.
2024-02-15,T1_45D,119228.52013580647,0.0,119228.52013580647,130354.19047362797,-8.534954110333981,0,0.0,REFERENCE,This test uses the supplied/current ticker universe and is not a survivorship-bias-free historical index-constituent study.
2024-02-16,T1_45D,119228.52013580647,0.0,119228.52013580647,130354.19047362797,-8.534954110333981,0,0.0,REFERENCE,This test uses the supplied/current ticker universe and is not a survivorship-bias-free historical index-constituent study.
2024-02-19,T1_45D,119228.52013580647,0.0,119228.52013580647,130354.19047362797,-8.534954110333981,0,0.0,REFERENCE,This test uses the supplied/current ticker universe and is not a survivorship-bias-free historical index-constituent study.
2024-02-20,T1_45D,119228.52013580647,0.0,119228.52013580647,130354.19047362797,-8.534954110333981,0,0.0,REFERENCE,This test uses the supplied/current ticker universe and is not a survivorship-bias-free historical index-constituent study.
2024-02-21,T1_45D,119228.52013580647,0.0,119228.52013580647,130354.19047362797,-8.534954110333981,0,0.0,REFERENCE,This test uses the supplied/current ticker universe and is not a survivorship-bias-free historical index-constituent study.
2024-02-22,T1_45D,119228.52013580647,0.0,119228.52013580647,130354.19047362797,-8.534954110333981,0,0.0,REFERENCE,This test uses the supplied/current ticker universe and is not a survivorship-bias-free historical index-constituent study.
2024-02-23,T1_45D,119228.52013580647,0.0,119228.52013580647,130354.19047362797,-8.534954110333981,0,0.0,REFERENCE,This test uses the supplied/current ticker universe and is not a survivorship-bias-free historical index-constituent study.
2024-02-26,T1_45D,119228.52013580647,0.0,119228.52013580647,130354.19047362797,-8.534954110333981,0,0.0,REFERENCE,This test uses the supplied/current ticker universe and is not a survivorship-bias-free historical index-constituent study.
2024-02-27,T1_45D,119228.52013580647,0.0,119228.52013580647,130354.19047362797,-8.534954110333981,0,0.0,REFERENCE,This test uses the supplied/current ticker universe and is not a survivorship-bias-free historical index-constituent study.
2024-02-28,T1_45D,119228.52013580647,0.0,119228.52013580647,130354.19047362797,-8.534954110333981,0,0.0,REFERENCE,This test uses the supplied/current ticker universe and is not a survivorship-bias-free historical index-constituent study.
2024-02-29,T1_45D,119228.52013580647,0.0,119228.52013580647,130354.19047362797,-8.534954110333981,0,0.0,REFERENCE,This test uses the supplied/current ticker universe and is not a survivorship-bias-free historical index-constituent study.
2024-03-01,T1_45D,119228.52013580647,0.0,119228.52013580647,130354.19047362797,-8.534954110333981,0,0.0,REFERENCE,This test uses the supplied/current ticker universe and is not a survivorship-bias-free historical index-constituent study.
2024-03-04,T1_45D,119228.52013580647,0.0,119228.52013580647,130354.19047362797,-8.534954110333981,0,0.0,REFERENCE,This test uses the supplied/current ticker universe and is not a survivorship-bias-free historical index-constituent study.
2024-03-05,T1_45D,119228.52013580647,0.0,119228.52013580647,130354.19047362797,-8.534954110333981,0,0.0,REFERENCE,This test uses the supplied/current ticker universe and is not a survivorship-bias-free historical index-constituent study.
2024-03-06,T1_45D,119228.52013580647,0.0,119228.52013580647,130354.19047362797,-8.534954110333981,0,0.0,REFERENCE,This test uses the supplied/current ticker universe and is not a survivorship-bias-free historical index-constituent study.
2024-03-07,T1_45D,119228.52013580647,0.0,119228.52013580647,130354.19047362797,-8.534954110333981,0,0.0,REFERENCE,This test uses the supplied/current ticker universe and is not a survivorship-bias-free historical index-constituent study.
2024-03-11,T1_45D,119228.52013580647,0.0,119228.52013580647,130354.19047362797,-8.534954110333981,0,0.0,REFERENCE,This test uses the supplied/current ticker universe and is not a survivorship-bias-free historical index-constituent study.
2024-03-12,T1_45D,119228.52013580647,0.0,119228.52013580647,130354.19047362797,-8.534954110333981,0,0.0,REFERENCE,This test uses the supplied/current ticker universe and is not a survivorship-bias-free historical index-constituent study.
2024-03-13,T1_45D,96495.76672059705,22673.06175231934,119168.82847291639,130354.19047362797,-8.58074601213108,1,-0.0500649197206271,REFERENCE,This test uses the supplied/current ticker universe and is not a survivorship-bias-free historical index-constituent study.
2024-03-14,T1_45D,96495.76672059705,23282.144668579105,119777.91138917615,130354.19047362797,-8.11349374041912,1,0.5111092590779354,REFERENCE,This test uses the supplied/current ticker universe and is not a survivorship-bias-free historical index-constituent study.
2024-03-15,T1_45D,96495.76672059705,23239.44075012207,119735.20747071912,130354.19047362797,-8.146253652702617,1,-0.035652582318190795,REFERENCE,This test uses the supplied/current ticker universe and is not a survivorship-bias-free historical index-constituent study.
2024-03-18,T1_45D,96495.76672059705,22933.77737426757,119429.54409486463,130354.19047362797,-8.38074045726479,1,-0.25528278800472926,REFERENCE,This test uses the supplied/current ticker universe and is not a survivorship-bias-free historical index-constituent study.
2024-03-19,T1_45D,96495.76672059705,22243.7861328125,118739.55285340955,130354.19047362797,-8.91006079514427,1,-0.5777391571611501,REFERENCE,This test uses the supplied/current ticker universe and is not a survivorship-bias-free historical index-constituent study.
2024-03-20,T1_45D,96495.76672059705,22183.101928710938,118678.86864930799,130354.19047362797,-8.956614115663598,1,-0.05110698385101253,REFERENCE,This test uses the supplied/current ticker universe and is not a survivorship-bias-free historical index-constituent study.
2024-03-21,T1_45D,96495.76672059705,22495.5086517334,118991.27537233045,130354.19047362797,-8.716954215289574,1,0.2632370249042504,REFERENCE,This test uses the supplied/current ticker universe and is not a survivorship-bias-free historical index-constituent study.
2024-03-22,T1_45D,118303.62759291833,0.0,118303.62759291833,130354.19047362797,-9.244476788145594,0,-0.5778976460756757,REFERENCE,This test uses the supplied/current ticker universe and is not a survivorship-bias-free historical index-constituent study.
2024-03-26,T1_45D,118303.62759291833,0.0,118303.62759291833,130354.19047362797,-9.244476788145594,0,0.0,REFERENCE,This test uses the supplied/current ticker universe and is not a survivorship-bias-free historical index-constituent study.
2024-03-27,T1_45D,118303.62759291833,0.0,118303.62759291833,130354.19047362797,-9.244476788145594,0,0.0,REFERENCE,This test uses the supplied/current ticker universe and is not a survivorship-bias-free historical index-constituent study.
2024-03-28,T1_45D,118303.62759291833,0.0,118303.62759291833,130354.19047362797,-9.244476788145594,0,0.0,REFERENCE,This test uses the supplied/current ticker universe and is not a survivorship-bias-free historical index-constituent study.
2024-04-01,T1_45D,118303.62759291833,0.0,118303.62759291833,130354.19047362797,-9.244476788145594,0,0.0,REFERENCE,This test uses the supplied/current ticker universe and is not a survivorship-bias-free historical index-constituent study.
2024-04-02,T1_45D,118303.62759291833,0.0,118303.62759291833,130354.19047362797,-9.244476788145594,0,0.0,REFERENCE,This test uses the supplied/current ticker universe and is not a survivorship-bias-free historical index-constituent study.
2024-04-03,T1_45D,118303.62759291833,0.0,118303.62759291833,130354.19047362797,-9.244476788145594,0,0.0,REFERENCE,This test uses the supplied/current ticker universe and is not a survivorship-bias-free historical index-constituent study.
2024-04-04,T1_45D,118303.62759291833,0.0,118303.62759291833,130354.19047362797,-9.244476788145594,0,0.0,REFERENCE,This test uses the supplied/current ticker universe and is not a survivorship-bias-free historical index-constituent study.
2024-04-05,T1_45D,118303.62759291833,0.0,118303.62759291833,130354.19047362797,-9.244476788145594,0,0.0,REFERENCE,This test uses the supplied/current ticker universe and is not a survivorship-bias-free historical index-constituent study.
2024-04-08,T1_45D,118303.62759291833,0.0,118303.62759291833,130354.19047362797,-9.244476788145594,0,0.0,REFERENCE,This test uses the supplied/current ticker universe and is not a survivorship-bias-free historical index-constituent study.
2024-04-09,T1_45D,118303.62759291833,0.0,118303.62759291833,130354.19047362797,-9.244476788145594,0,0.0,REFERENCE,This test uses the supplied/current ticker universe and is not a survivorship-bias-free historical index-constituent study.
2024-04-10,T1_45D,118303.62759291833,0.0,118303.62759291833,130354.19047362797,-9.244476788145594,0,0.0,REFERENCE,This test uses the supplied/current ticker universe and is not a survivorship-bias-free historical index-constituent study.
2024-04-12,T1_45D,118303.62759291833,0.0,118303.62759291833,130354.19047362797,-9.244476788145594,0,0.0,REFERENCE,This test uses the supplied/current ticker universe and is not a survivorship-bias-free historical index-constituent study.
2024-04-15,T1_45D,118303.62759291833,0.0,118303.62759291833,130354.19047362797,-9.244476788145594,0,0.0,REFERENCE,This test uses the supplied/current ticker universe and is not a survivorship-bias-free historical index-constituent study.
2024-04-16,T1_45D,118303.62759291833,0.0,118303.62759291833,130354.19047362797,-9.244476788145594,0,0.0,REFERENCE,This test uses the supplied/current ticker universe and is not a survivorship-bias-free historical index-constituent study.
2024-04-18,T1_45D,118303.62759291833,0.0,118303.62759291833,130354.19047362797,-9.244476788145594,0,0.0,REFERENCE,This test uses the supplied/current ticker universe and is not a survivorship-bias-free historical index-constituent study.
2024-04-19,T1_45D,118303.62759291833,0.0,118303.62759291833,130354.19047362797,-9.244476788145594,0,0.0,REFERENCE,This test uses the supplied/current ticker universe and is not a survivorship-bias-free historical index-constituent study.
2024-04-22,T1_45D,118303.62759291833,0.0,118303.62759291833,130354.19047362797,-9.244476788145594,0,0.0,REFERENCE,This test uses the supplied/current ticker universe and is not a survivorship-bias-free historical index-constituent study.
2024-04-23,T1_45D,118303.62759291833,0.0,118303.62759291833,130354.19047362797,-9.244476788145594,0,0.0,REFERENCE,This test uses the supplied/current ticker universe and is not a survivorship-bias-free historical index-constituent study.
2024-04-24,T1_45D,118303.62759291833,0.0,118303.62759291833,130354.19047362797,-9.244476788145594,0,0.0,REFERENCE,This test uses the supplied/current ticker universe and is not a survivorship-bias-free historical index-constituent study.
2024-04-25,T1_45D,118303.62759291833,0.0,118303.62759291833,130354.19047362797,-9.244476788145594,0,0.0,REFERENCE,This test uses the supplied/current ticker universe and is not a survivorship-bias-free historical index-constituent study.
2024-04-26,T1_45D,118303.62759291833,0.0,118303.62759291833,130354.19047362797,-9.244476788145594,0,0.0,REFERENCE,This test uses the supplied/current ticker universe and is not a survivorship-bias-free historical index-constituent study.
2024-04-29,T1_45D,118303.62759291833,0.0,118303.62759291833,130354.19047362797,-9.244476788145594,0,0.0,REFERENCE,This test uses the supplied/current ticker universe and is not a survivorship-bias-free historical index-constituent study.
2024-04-30,T1_45D,118303.62759291833,0.0,118303.62759291833,130354.19047362797,-9.244476788145594,0,0.0,REFERENCE,This test uses the supplied/current ticker universe and is not a survivorship-bias-free historical index-constituent study.
2024-05-02,T1_45D,118303.62759291833,0.0,118303.62759291833,130354.19047362797,-9.244476788145594,0,0.0,REFERENCE,This test uses the supplied/current ticker universe and is not a survivorship-bias-free historical index-constituent study.
2024-05-03,T1_45D,118303.62759291833,0.0,118303.62759291833,130354.19047362797,-9.244476788145594,0,0.0,REFERENCE,This test uses the supplied/current ticker universe and is not a survivorship-bias-free historical index-constituent study.
2024-05-06,T1_45D,118303.62759291833,0.0,118303.62759291833,130354.19047362797,-9.244476788145594,0,0.0,REFERENCE,This test uses the supplied/current ticker universe and is not a survivorship-bias-free historical index-constituent study.
2024-05-07,T1_45D,106308.21637226213,11996.7255859375,118304.94195819963,130354.19047362797,-9.24346848509333,1,0.0011110101254319105,REFERENCE,This test uses the supplied/current ticker universe and is not a survivorship-bias-free historical index-constituent study.
2024-05-08,T1_45D,106308.21637226213,12170.8935546875,118479.10992694963,130354.19047362797,-9.109857154213074,1,0.14721952089840062,REFERENCE,This test uses the supplied/current ticker universe and is not a survivorship-bias-free historical index-constituent study.
2024-05-09,T1_45D,106308.21637226213,12133.1494140625,118441.36578632463,130354.19047362797,-9.138812219246162,1,-0.03185721149345788,REFERENCE,This test uses the supplied/current ticker universe and is not a survivorship-bias-free historical index-constituent study.
2024-05-10,T1_45D,106308.21637226213,12298.923828125,118607.14020038713,130354.19047362797,-9.011639925467064,1,0.13996327462280078,REFERENCE,This test uses the supplied/current ticker universe and is not a survivorship-bias-free historical index-constituent study.
2024-05-13,T1_45D,80853.29743179136,38270.999755859375,119124.29718765074,130354.19047362797,-8.614907771798219,2,0.43602517216911885,REFERENCE,This test uses the supplied/current ticker universe and is not a survivorship-bias-free historical index-constituent study.
2024-05-14,T1_45D,80853.29743179136,38197.232421875,119050.52985366636,130354.19047362797,-8.671497693239449,2,-0.061924675088054215,REFERENCE,This test uses the supplied/current ticker universe and is not a survivorship-bias-free historical index-constituent study.
2024-05-15,T1_45D,80853.29743179136,38271.04089355469,119124.33832534605,130354.19047362797,-8.614876213399402,2,0.061997600321817004,REFERENCE,This test uses the supplied/current ticker universe and is not a survivorship-bias-free historical index-constituent study.
2024-05-16,T1_45D,80853.29743179136,38267.53454589844,119120.8319776898,130354.19047362797,-8.617566075262307,2,-0.0029434351582091622,REFERENCE,This test uses the supplied/current ticker universe and is not a survivorship-bias-free historical index-constituent study.
2024-05-17,T1_45D,80853.29743179136,38454.14392089844,119307.4413526898,130354.19047362797,-8.474410435752766,2,0.15665553363071183,REFERENCE,This test uses the supplied/current ticker universe and is not a survivorship-bias-free historical index-constituent study.
2024-05-21,T1_45D,80853.29743179136,38206.046875,119059.34430679136,130354.19047362797,-8.664735767832244,2,-0.20794767123119007,REFERENCE,This test uses the supplied/current ticker universe and is not a survivorship-bias-free historical index-constituent study.
2024-05-22,T1_45D,80853.29743179136,37995.0634765625,118848.36090835386,130354.19047362797,-8.826589711822008,2,-0.17720860102659053,REFERENCE,This test uses the supplied/current ticker universe and is not a survivorship-bias-free historical index-constituent study.
2024-05-23,T1_45D,80853.29743179136,39287.214111328125,120140.51154311949,130354.19047362797,-7.835328418210552,2,1.08722629819189,REFERENCE,This test uses the supplied/current ticker universe and is not a survivorship-bias-free historical index-constituent study.
2024-05-24,T1_45D,80853.29743179136,39551.583740234375,120404.88117202574,130354.19047362797,-7.632519726026821,2,0.2200503606240911,REFERENCE,This test uses the supplied/current ticker universe and is not a survivorship-bias-free historical index-constituent study.
2024-05-27,T1_45D,107967.74043938582,12522.6728515625,120490.41329094832,130354.19047362797,-7.566904559677501,1,0.07103708594702329,REFERENCE,This test uses the supplied/current ticker universe and is not a survivorship-bias-free historical index-constituent study.
2024-05-28,T1_45D,107967.74043938582,12437.7724609375,120405.51290032332,130354.19047362797,-7.632035101562284,1,-0.07046236153244179,REFERENCE,This test uses the supplied/current ticker universe and is not a survivorship-bias-free historical index-constituent study.
2024-05-29,T1_45D,107967.74043938582,12408.712890625,120376.45333001082,130354.19047362797,-7.6543278795749625,1,-0.024134750654281056,REFERENCE,This test uses the supplied/current ticker universe and is not a survivorship-bias-free historical index-constituent study.
2024-05-30,T1_45D,107967.74043938582,12223.7275390625,120191.46797844832,130354.19047362797,-7.796237664669226,1,-0.15367237233295805,REFERENCE,This test uses the supplied/current ticker universe and is not a survivorship-bias-free historical index-constituent study.
2024-05-31,T1_45D,107967.74043938582,12030.9296875,119998.67012688582,130354.19047362797,-7.944140736186911,1,-0.16040893318406413,REFERENCE,This test uses the supplied/current ticker universe and is not a survivorship-bias-free historical index-constituent study.
2024-06-03,T1_45D,107967.74043938582,12105.4970703125,120073.23750969832,130354.19047362797,-7.886937064757882,1,0.06214017433163743,REFERENCE,This test uses the supplied/current ticker universe and is not a survivorship-bias-free historical index-constituent study.
2024-06-04,T1_45D,119483.57486232553,0.0,119483.57486232553,130354.19047362797,-8.339291258535852,0,-0.4910858236208959,REFERENCE,This test uses the supplied/current ticker universe and is not a survivorship-bias-free historical index-constituent study.
2024-06-05,T1_45D,119483.57486232553,0.0,119483.57486232553,130354.19047362797,-8.339291258535852,0,0.0,REFERENCE,This test uses the supplied/current ticker universe and is not a survivorship-bias-free historical index-constituent study.
2024-06-06,T1_45D,119483.57486232553,0.0,119483.57486232553,130354.19047362797,-8.339291258535852,0,0.0,REFERENCE,This test uses the supplied/current ticker universe and is not a survivorship-bias-free historical index-constituent study.
2024-06-07,T1_45D,119483.57486232553,0.0,119483.57486232553,130354.19047362797,-8.339291258535852,0,0.0,REFERENCE,This test uses the supplied/current ticker universe and is not a survivorship-bias-free historical index-constituent study.
2024-06-10,T1_45D,119483.57486232553,0.0,119483.57486232553,130354.19047362797,-8.339291258535852,0,0.0,REFERENCE,This test uses the supplied/current ticker universe and is not a survivorship-bias-free historical index-constituent study.
2024-06-11,T1_45D,119483.57486232553,0.0,119483.57486232553,130354.19047362797,-8.339291258535852,0,0.0,REFERENCE,This test uses the supplied/current ticker universe and is not a survivorship-bias-free historical index-constituent study.
2024-06-12,T1_45D,119483.57486232553,0.0,119483.57486232553,130354.19047362797,-8.339291258535852,0,0.0,REFERENCE,This test uses the supplied/current ticker universe and is not a survivorship-bias-free historical index-constituent study.
2024-06-13,T1_45D,119483.57486232553,0.0,119483.57486232553,130354.19047362797,-8.339291258535852,0,0.0,REFERENCE,This test uses the supplied/current ticker universe and is not a survivorship-bias-free historical index-constituent study.
2024-06-14,T1_45D,119483.57486232553,0.0,119483.57486232553,130354.19047362797,-8.339291258535852,0,0.0,REFERENCE,This test uses the supplied/current ticker universe and is not a survivorship-bias-free historical index-constituent study.
2024-06-18,T1_45D,119483.57486232553,0.0,119483.57486232553,130354.19047362797,-8.339291258535852,0,0.0,REFERENCE,This test uses the supplied/current ticker universe and is not a survivorship-bias-free historical index-constituent study.
2024-06-19,T1_45D,119483.57486232553,0.0,119483.57486232553,130354.19047362797,-8.339291258535852,0,0.0,REFERENCE,This test uses the supplied/current ticker universe and is not a survivorship-bias-free historical index-constituent study.
2024-06-20,T1_45D,119483.57486232553,0.0,119483.57486232553,130354.19047362797,-8.339291258535852,0,0.0,REFERENCE,This test uses the supplied/current ticker universe and is not a survivorship-bias-free historical index-constituent study.
2024-06-21,T1_45D,119483.57486232553,0.0,119483.57486232553,130354.19047362797,-8.339291258535852,0,0.0,REFERENCE,This test uses the supplied/current ticker universe and is not a survivorship-bias-free historical index-constituent study.
2024-06-24,T1_45D,119483.57486232553,0.0,119483.57486232553,130354.19047362797,-8.339291258535852,0,0.0,REFERENCE,This test uses the supplied/current ticker universe and is not a survivorship-bias-free historical index-constituent study.
2024-06-25,T1_45D,119483.57486232553,0.0,119483.57486232553,130354.19047362797,-8.339291258535852,0,0.0,REFERENCE,This test uses the supplied/current ticker universe and is not a survivorship-bias-free historical index-constituent study.
2024-06-26,T1_45D,119483.57486232553,0.0,119483.57486232553,130354.19047362797,-8.339291258535852,0,0.0,REFERENCE,This test uses the supplied/current ticker universe and is not a survivorship-bias-free historical index-constituent study.
2024-06-27,T1_45D,119483.57486232553,0.0,119483.57486232553,130354.19047362797,-8.339291258535852,0,0.0,REFERENCE,This test uses the supplied/current ticker universe and is not a survivorship-bias-free historical index-constituent study.
2024-06-28,T1_45D,119483.57486232553,0.0,119483.57486232553,130354.19047362797,-8.339291258535852,0,0.0,REFERENCE,This test uses the supplied/current ticker universe and is not a survivorship-bias-free historical index-constituent study.
2024-07-01,T1_45D,119483.57486232553,0.0,119483.57486232553,130354.19047362797,-8.339291258535852,0,0.0,REFERENCE,This test uses the supplied/current ticker universe and is not a survivorship-bias-free historical index-constituent study.
2024-07-02,T1_45D,119483.57486232553,0.0,119483.57486232553,130354.19047362797,-8.339291258535852,0,0.0,REFERENCE,This test uses the supplied/current ticker universe and is not a survivorship-bias-free historical index-constituent study.
2024-07-03,T1_45D,119483.57486232553,0.0,119483.57486232553,130354.19047362797,-8.339291258535852,0,0.0,REFERENCE,This test uses the supplied/current ticker universe and is not a survivorship-bias-free historical index-constituent study.
2024-07-04,T1_45D,119483.57486232553,0.0,119483.57486232553,130354.19047362797,-8.339291258535852,0,0.0,REFERENCE,This test uses the supplied/current ticker universe and is not a survivorship-bias-free historical index-constituent study.
2024-07-05,T1_45D,119483.57486232553,0.0,119483.57486232553,130354.19047362797,-8.339291258535852,0,0.0,REFERENCE,This test uses the supplied/current ticker universe and is not a survivorship-bias-free historical index-constituent study.
2024-07-08,T1_45D,119483.57486232553,0.0,119483.57486232553,130354.19047362797,-8.339291258535852,0,0.0,REFERENCE,This test uses the supplied/current ticker universe and is not a survivorship-bias-free historical index-constituent study.
2024-07-09,T1_45D,119483.57486232553,0.0,119483.57486232553,130354.19047362797,-8.339291258535852,0,0.0,REFERENCE,This test uses the supplied/current ticker universe and is not a survivorship-bias-free historical index-constituent study.
2024-07-10,T1_45D,119483.57486232553,0.0,119483.57486232553,130354.19047362797,-8.339291258535852,0,0.0,REFERENCE,This test uses the supplied/current ticker universe and is not a survivorship-bias-free historical index-constituent study.
2024-07-11,T1_45D,119483.57486232553,0.0,119483.57486232553,130354.19047362797,-8.339291258535852,0,0.0,REFERENCE,This test uses the supplied/current ticker universe and is not a survivorship-bias-free historical index-constituent study.
2024-07-12,T1_45D,119483.57486232553,0.0,119483.57486232553,130354.19047362797,-8.339291258535852,0,0.0,REFERENCE,This test uses the supplied/current ticker universe and is not a survivorship-bias-free historical index-constituent study.
2024-07-15,T1_45D,119483.57486232553,0.0,119483.57486232553,130354.19047362797,-8.339291258535852,0,0.0,REFERENCE,This test uses the supplied/current ticker universe and is not a survivorship-bias-free historical index-constituent study.
2024-07-16,T1_45D,119483.57486232553,0.0,119483.57486232553,130354.19047362797,-8.339291258535852,0,0.0,REFERENCE,This test uses the supplied/current ticker universe and is not a survivorship-bias-free historical index-constituent study.
2024-07-18,T1_45D,119483.57486232553,0.0,119483.57486232553,130354.19047362797,-8.339291258535852,0,0.0,REFERENCE,This test uses the supplied/current ticker universe and is not a survivorship-bias-free historical index-constituent study.
2024-07-19,T1_45D,119483.57486232553,0.0,119483.57486232553,130354.19047362797,-8.339291258535852,0,0.0,REFERENCE,This test uses the supplied/current ticker universe and is not a survivorship-bias-free historical index-constituent study.
2024-07-22,T1_45D,119483.57486232553,0.0,119483.57486232553,130354.19047362797,-8.339291258535852,0,0.0,REFERENCE,This test uses the supplied/current ticker universe and is not a survivorship-bias-free historical index-constituent study.
2024-07-23,T1_45D,119483.57486232553,0.0,119483.57486232553,130354.19047362797,-8.339291258535852,0,0.0,REFERENCE,This test uses the supplied/current ticker universe and is not a survivorship-bias-free historical index-constituent study.
2024-07-24,T1_45D,119483.57486232553,0.0,119483.57486232553,130354.19047362797,-8.339291258535852,0,0.0,REFERENCE,This test uses the supplied/current ticker universe and is not a survivorship-bias-free historical index-constituent study.
2024-07-25,T1_45D,119483.57486232553,0.0,119483.57486232553,130354.19047362797,-8.339291258535852,0,0.0,REFERENCE,This test uses the supplied/current ticker universe and is not a survivorship-bias-free historical index-constituent study.
2024-07-26,T1_45D,119483.57486232553,0.0,119483.57486232553,130354.19047362797,-8.339291258535852,0,0.0,REFERENCE,This test uses the supplied/current ticker universe and is not a survivorship-bias-free historical index-constituent study.
2024-07-29,T1_45D,119483.57486232553,0.0,119483.57486232553,130354.19047362797,-8.339291258535852,0,0.0,REFERENCE,This test uses the supplied/current ticker universe and is not a survivorship-bias-free historical index-constituent study.
2024-07-30,T1_45D,119483.57486232553,0.0,119483.57486232553,130354.19047362797,-8.339291258535852,0,0.0,REFERENCE,This test uses the supplied/current ticker universe and is not a survivorship-bias-free historical index-constituent study.
2024-07-31,T1_45D,119483.57486232553,0.0,119483.57486232553,130354.19047362797,-8.339291258535852,0,0.0,REFERENCE,This test uses the supplied/current ticker universe and is not a survivorship-bias-free historical index-constituent study.
2024-08-01,T1_45D,119483.57486232553,0.0,119483.57486232553,130354.19047362797,-8.339291258535852,0,0.0,REFERENCE,This test uses the supplied/current ticker universe and is not a survivorship-bias-free historical index-constituent study.
2024-08-02,T1_45D,119483.57486232553,0.0,119483.57486232553,130354.19047362797,-8.339291258535852,0,0.0,REFERENCE,This test uses the supplied/current ticker universe and is not a survivorship-bias-free historical index-constituent study.
2024-08-05,T1_45D,118834.10324669798,0.0,118834.10324669798,130354.19047362797,-8.837527343826068,0,-0.5435656042061865,REFERENCE,This test uses the supplied/current ticker universe and is not a survivorship-bias-free historical index-constituent study.
2024-08-06,T1_45D,118834.10324669798,0.0,118834.10324669798,130354.19047362797,-8.837527343826068,0,0.0,REFERENCE,This test uses the supplied/current ticker universe and is not a survivorship-bias-free historical index-constituent study.
2024-08-07,T1_45D,118834.10324669798,0.0,118834.10324669798,130354.19047362797,-8.837527343826068,0,0.0,REFERENCE,This test uses the supplied/current ticker universe and is not a survivorship-bias-free historical index-constituent study.
2024-08-08,T1_45D,92852.09030728538,25880.468994140625,118732.55930142601,130354.19047362797,-8.91542583324403,1,-0.0854501717080014,REFERENCE,This test uses the supplied/current ticker universe and is not a survivorship-bias-free historical index-constituent study.
2024-08-09,T1_45D,92852.09030728538,26413.740966796875,119265.83127408226,130354.19047362797,-8.5063312190098,1,0.4491370992032895,REFERENCE,This test uses the supplied/current ticker universe and is not a survivorship-bias-free historical index-constituent study.
2024-08-12,T1_45D,92852.09030728538,26335.6611328125,119187.75144009788,130354.19047362797,-8.56622943455675,1,-0.06546706055730045,REFERENCE,This test uses the supplied/current ticker universe and is not a survivorship-bias-free historical index-constituent study.
2024-08-13,T1_45D,92852.09030728538,26458.595947265625,119310.68625455101,130354.19047362797,-8.471921139590199,1,0.103143832287933,REFERENCE,This test uses the supplied/current ticker universe and is not a survivorship-bias-free historical index-constituent study.
2024-08-14,T1_45D,92852.09030728538,27015.128173828125,119867.21848111351,130354.19047362797,-8.044982638771469,1,0.4664563116962839,REFERENCE,This test uses the supplied/current ticker universe and is not a survivorship-bias-free historical index-constituent study.
2024-08-16,T1_45D,120327.31646096589,0.0,120327.31646096589,130354.19047362797,-7.692022769832341,0,0.3838397067041921,REFERENCE,This test uses the supplied/current ticker universe and is not a survivorship-bias-free historical index-constituent study.
2024-08-19,T1_45D,120327.31646096589,0.0,120327.31646096589,130354.19047362797,-7.692022769832341,0,0.0,REFERENCE,This test uses the supplied/current ticker universe and is not a survivorship-bias-free historical index-constituent study.
2024-08-20,T1_45D,120327.31646096589,0.0,120327.31646096589,130354.19047362797,-7.692022769832341,0,0.0,REFERENCE,This test uses the supplied/current ticker universe and is not a survivorship-bias-free historical index-constituent study.
2024-08-21,T1_45D,120327.31646096589,0.0,120327.31646096589,130354.19047362797,-7.692022769832341,0,0.0,REFERENCE,This test uses the supplied/current ticker universe and is not a survivorship-bias-free historical index-constituent study.
2024-08-22,T1_45D,120327.31646096589,0.0,120327.31646096589,130354.19047362797,-7.692022769832341,0,0.0,REFERENCE,This test uses the supplied/current ticker universe and is not a survivorship-bias-free historical index-constituent study.
2024-08-23,T1_45D,120327.31646096589,0.0,120327.31646096589,130354.19047362797,-7.692022769832341,0,0.0,REFERENCE,This test uses the supplied/current ticker universe and is not a survivorship-bias-free historical index-constituent study.
2024-08-26,T1_45D,120327.31646096589,0.0,120327.31646096589,130354.19047362797,-7.692022769832341,0,0.0,REFERENCE,This test uses the supplied/current ticker universe and is not a survivorship-bias-free historical index-constituent study.
2024-08-27,T1_45D,120327.31646096589,0.0,120327.31646096589,130354.19047362797,-7.692022769832341,0,0.0,REFERENCE,This test uses the supplied/current ticker universe and is not a survivorship-bias-free historical index-constituent study.
2024-08-28,T1_45D,120327.31646096589,0.0,120327.31646096589,130354.19047362797,-7.692022769832341,0,0.0,REFERENCE,This test uses the supplied/current ticker universe and is not a survivorship-bias-free historical index-constituent study.
2024-08-29,T1_45D,120327.31646096589,0.0,120327.31646096589,130354.19047362797,-7.692022769832341,0,0.0,REFERENCE,This test uses the supplied/current ticker universe and is not a survivorship-bias-free historical index-constituent study.
2024-08-30,T1_45D,120327.31646096589,0.0,120327.31646096589,130354.19047362797,-7.692022769832341,0,0.0,REFERENCE,This test uses the supplied/current ticker universe and is not a survivorship-bias-free historical index-constituent study.
2024-09-02,T1_45D,120327.31646096589,0.0,120327.31646096589,130354.19047362797,-7.692022769832341,0,0.0,REFERENCE,This test uses the supplied/current ticker universe and is not a survivorship-bias-free historical index-constituent study.
2024-09-03,T1_45D,120327.31646096589,0.0,120327.31646096589,130354.19047362797,-7.692022769832341,0,0.0,REFERENCE,This test uses the supplied/current ticker universe and is not a survivorship-bias-free historical index-constituent study.
2024-09-04,T1_45D,106893.115406678,13382.89111328125,120276.00651995925,130354.19047362797,-7.731384711953426,1,-0.042641972343226975,REFERENCE,This test uses the supplied/current ticker universe and is not a survivorship-bias-free historical index-constituent study.
2024-09-05,T1_45D,106893.115406678,13378.56201171875,120271.67741839675,130354.19047362797,-7.734705741792791,1,-0.0035993060359729157,REFERENCE,This test uses the supplied/current ticker universe and is not a survivorship-bias-free historical index-constituent study.
2024-09-06,T1_45D,106893.115406678,13077.639770507812,119970.75517718581,130354.19047362797,-7.9655554291849455,1,-0.25020208221101514,REFERENCE,This test uses the supplied/current ticker universe and is not a survivorship-bias-free historical index-constituent study.
2024-09-09,T1_45D,78439.64559017225,41863.251708984375,120302.89729915663,130354.19047362797,-7.710755701792971,2,0.2768525725125759,REFERENCE,This test uses the supplied/current ticker universe and is not a survivorship-bias-free historical index-constituent study.
2024-09-10,T1_45D,78439.64559017225,42153.59729003906,120593.24288021131,130354.19047362797,-7.48801980047692,2,0.24134546014522584,REFERENCE,This test uses the supplied/current ticker universe and is not a survivorship-bias-free historical index-constituent study.
2024-09-11,T1_45D,78439.64559017225,42110.97705078125,120550.6226409535,130354.19047362797,-7.520715519044119,2,-0.03534214541369707,REFERENCE,This test uses the supplied/current ticker universe and is not a survivorship-bias-free historical index-constituent study.
2024-09-12,T1_45D,78439.64559017225,42888.10437011719,121327.74996028944,130354.19047362797,-6.924549552677917,2,0.6446481173726593,REFERENCE,This test uses the supplied/current ticker universe and is not a survivorship-bias-free historical index-constituent study.
2024-09-13,T1_45D,78439.64559017225,42773.117431640625,121212.76302181288,130354.19047362797,-7.012760708804755,2,-0.09477381597713386,REFERENCE,This test uses the supplied/current ticker universe and is not a survivorship-bias-free historical index-constituent study.
2024-09-16,T1_45D,78439.64559017225,43000.91882324219,121440.56441341444,130354.19047362797,-6.838004998402292,2,0.18793515296782193,REFERENCE,This test uses the supplied/current ticker universe and is not a survivorship-bias-free historical index-constituent study.
2024-09-17,T1_45D,78439.64559017225,43092.33947753906,121531.98506771131,130354.19047362797,-6.76787249712657,2,0.07528016255395897,REFERENCE,This test uses the supplied/current ticker universe and is not a survivorship-bias-free historical index-constituent study.
2024-09-18,T1_45D,78439.64559017225,42403.13671875,120842.78230892225,130354.19047362797,-7.2965879578915205,2,-0.5670957800986143,REFERENCE,This test uses the supplied/current ticker universe and is not a survivorship-bias-free historical index-constituent study.
2024-09-19,T1_45D,78439.64559017225,42473.478515625,120913.12410579725,130354.19047362797,-7.2426259052567605,2,0.058209348983018216,REFERENCE,This test uses the supplied/current ticker universe and is not a survivorship-bias-free historical index-constituent study.
2024-09-20,T1_45D,78439.64559017225,43149.986328125,121589.63191829725,130354.19047362797,-6.723649253994546,2,0.5594990763021501,REFERENCE,This test uses the supplied/current ticker universe and is not a survivorship-bias-free historical index-constituent study.
2024-09-23,T1_45D,52768.38557077025,68714.66381835938,121483.04938912962,130354.19047362797,-6.805413045998754,3,-0.08765758024438242,REFERENCE,This test uses the supplied/current ticker universe and is not a survivorship-bias-free historical index-constituent study.
2024-09-24,T1_45D,52768.38557077025,69047.96936035156,121816.35493112181,130354.19047362797,-6.5497208118011745,3,0.27436382579149043,REFERENCE,This test uses the supplied/current ticker universe and is not a survivorship-bias-free historical index-constituent study.
2024-09-25,T1_45D,52768.38557077025,69155.58337402344,121923.96894479368,130354.19047362797,-6.4671657260913396,3,0.0883411868075612,REFERENCE,This test uses the supplied/current ticker universe and is not a survivorship-bias-free historical index-constituent study.
2024-09-26,T1_45D,52768.38557077025,69307.72985839844,122076.11542916868,130354.19047362797,-6.350447971317063,3,0.12478800164705817,REFERENCE,This test uses the supplied/current ticker universe and is not a survivorship-bias-free historical index-constituent study.
2024-09-27,T1_45D,79735.57734011505,42820.26428222656,122555.84162234161,130354.19047362797,-5.982430501813473,2,0.39297301645486726,REFERENCE,This test uses the supplied/current ticker universe and is not a survivorship-bias-free historical index-constituent study.
2024-09-30,T1_45D,79735.57734011505,41988.07434082031,121723.65168093536,130354.19047362797,-6.620837244536959,2,-0.6790291922360248,REFERENCE,This test uses the supplied/current ticker universe and is not a survivorship-bias-free historical index-constituent study.
2024-10-01,T1_45D,79735.57734011505,42435.61560058594,122171.19294070099,130354.19047362797,-6.277510146160193,2,0.36766992575834045,REFERENCE,This test uses the supplied/current ticker universe and is not a survivorship-bias-free historical index-constituent study.
2024-10-03,T1_45D,79319.62179455941,42075.551025390625,121395.17281995004,130354.19047362797,-6.872826735470728,2,-0.6351907532961665,REFERENCE,This test uses the supplied/current ticker universe and is not a survivorship-bias-free historical index-constituent study.
2024-10-04,T1_45D,50472.371101711164,71445.06494140625,121917.43604311741,130354.19047362797,-6.472177380609335,3,0.43021745513882603,REFERENCE,This test uses the supplied/current ticker universe and is not a survivorship-bias-free historical index-constituent study.
2024-10-07,T1_45D,51354.582967578695,69671.21606445312,121025.79903203182,130354.19047362797,-7.156188387732254,3,-0.7313449495199853,REFERENCE,This test uses the supplied/current ticker universe and is not a survivorship-bias-free historical index-constituent study.
2024-10-08,T1_45D,21092.865231009026,99979.01525878906,121071.88048979809,130354.19047362797,-7.120837427706473,4,0.03807573107124096,REFERENCE,This test uses the supplied/current ticker universe and is not a survivorship-bias-free historical index-constituent study.
2024-10-09,T1_45D,80196.96487372105,40071.63000488281,120268.59487860386,130354.19047362797,-7.737070483410758,2,-0.6634782642712111,REFERENCE,This test uses the supplied/current ticker universe and is not a survivorship-bias-free historical index-constituent study.
2024-10-10,T1_45D,106619.75625202956,13460.285888671875,120080.04214070144,130354.19047362797,-7.881716955624151,1,-0.15677637050033333,REFERENCE,This test uses the supplied/current ticker universe and is not a survivorship-bias-free historical index-constituent study.
2024-10-11,T1_45D,106619.75625202956,13238.383178710938,119858.1394307405,130354.19047362797,-8.051947547486726,1,-0.1847956629636438,REFERENCE,This test uses the supplied/current ticker universe and is not a survivorship-bias-free historical index-constituent study.
2024-10-14,T1_45D,106619.75625202956,13333.098388671875,119952.85464070144,130354.19047362797,-7.979287658597234,1,0.07902276008187048,REFERENCE,This test uses the supplied/current ticker universe and is not a survivorship-bias-free historical index-constituent study.
2024-10-15,T1_45D,106619.75625202956,13590.181762695312,120209.93801472487,130354.19047362797,-7.7820685488092405,1,0.21432034676747147,REFERENCE,This test uses the supplied/current ticker universe and is not a survivorship-bias-free historical index-constituent study.
2024-10-16,T1_45D,106619.75625202956,13456.497924804688,120076.25417683425,130354.19047362797,-7.884622856733592,1,-0.11120864056535229,REFERENCE,This test uses the supplied/current ticker universe and is not a survivorship-bias-free historical index-constituent study.
2024-10-17,T1_45D,106619.75625202956,13327.685668945312,119947.44192097487,130354.19047362797,-7.983439975992557,1,-0.10727537825228062,REFERENCE,This test uses the supplied/current ticker universe and is not a survivorship-bias-free historical index-constituent study.
2024-10-18,T1_45D,86358.93867697618,34058.05419921875,120416.99287619493,130354.19047362797,-7.6232283452701495,2,0.39146391761268884,REFERENCE,This test uses the supplied/current ticker universe and is not a survivorship-bias-free historical index-constituent study.
2024-10-21,T1_45D,86358.93867697618,34232.36755371094,120591.30623068711,130354.19047362797,-7.489505483075353,2,0.14475810292937652,REFERENCE,This test uses the supplied/current ticker universe and is not a survivorship-bias-free historical index-constituent study.
2024-10-22,T1_45D,86358.93867697618,33561.038330078125,119919.9770070543,130354.19047362797,-8.004509428244743,2,-0.556697862073563,REFERENCE,This test uses the supplied/current ticker universe and is not a survivorship-bias-free historical index-constituent study.
2024-10-23,T1_45D,105796.5345931382,13547.964965820312,119344.49955895852,130354.19047362797,-8.445981578855976,1,-0.4798845550661901,REFERENCE,This test uses the supplied/current ticker universe and is not a survivorship-bias-free historical index-constituent study.
2024-10-24,T1_45D,105796.5345931382,13560.413818359375,119356.94841149758,130354.19047362797,-8.43643155787558,1,0.010431023285595309,REFERENCE,This test uses the supplied/current ticker universe and is not a survivorship-bias-free historical index-constituent study.
2024-10-25,T1_45D,105796.5345931382,13589.639282226562,119386.17387536477,130354.19047362797,-8.414011516171504,1,0.02448576664881852,REFERENCE,This test uses the supplied/current ticker universe and is not a survivorship-bias-free historical index-constituent study.
2024-10-28,T1_45D,105796.5345931382,13994.477416992188,119791.01201013039,130354.19047362797,-8.103443721385094,1,0.33909968099679055,REFERENCE,This test uses the supplied/current ticker universe and is not a survivorship-bias-free historical index-constituent study.
2024-10-29,T1_45D,105796.5345931382,14416.63330078125,120213.16789391945,130354.19047362797,-7.779590777145096,1,0.3524103158535574,REFERENCE,This test uses the supplied/current ticker universe and is not a survivorship-bias-free historical index-constituent study.
2024-10-30,T1_45D,105796.5345931382,14203.39013671875,119999.92472985695,130354.19047362797,-7.943178279232832,1,-0.17738752567495464,REFERENCE,This test uses the supplied/current ticker universe and is not a survivorship-bias-free historical index-constituent study.
2024-10-31,T1_45D,105796.5345931382,13987.982421875,119784.5170150132,130354.19047362797,-8.108426296240257,1,-0.1795065416321462,REFERENCE,This test uses the supplied/current ticker universe and is not a survivorship-bias-free historical index-constituent study.
2024-11-01,T1_45D,105796.5345931382,13983.112182617188,119779.64677575539,130354.19047362797,-8.112162454809557,1,-0.004065833698019272,REFERENCE,This test uses the supplied/current ticker universe and is not a survivorship-bias-free historical index-constituent study.
2024-11-04,T1_45D,105796.5345931382,13825.073120117188,119621.60771325539,130354.19047362797,-8.233400645868683,1,-0.13194149987424408,REFERENCE,This test uses the supplied/current ticker universe and is not a survivorship-bias-free historical index-constituent study.
2024-11-05,T1_45D,105796.5345931382,14036.150390625,119832.6849837632,130354.19047362797,-8.071474688796732,1,0.17645413277991295,REFERENCE,This test uses the supplied/current ticker universe and is not a survivorship-bias-free historical index-constituent study.
2024-11-06,T1_45D,96187.45876580176,24563.676208496094,120751.13497429785,130354.19047362797,-7.366894354863806,1,0.7664436381936035,REFERENCE,This test uses the supplied/current ticker universe and is not a survivorship-bias-free historical index-constituent study.
2024-11-07,T1_45D,96187.45876580176,24541.89453125,120729.35329705176,130354.19047362797,-7.383603965170127,1,-0.018038486553961786,REFERENCE,This test uses the supplied/current ticker universe and is not a survivorship-bias-free historical index-constituent study.
2024-11-08,T1_45D,121372.8007222383,0.0,121372.8007222383,130354.19047362797,-6.889989281324027,0,0.5329668449423064,REFERENCE,This test uses the supplied/current ticker universe and is not a survivorship-bias-free historical index-constituent study.
2024-11-11,T1_45D,121372.8007222383,0.0,121372.8007222383,130354.19047362797,-6.889989281324027,0,0.0,REFERENCE,This test uses the supplied/current ticker universe and is not a survivorship-bias-free historical index-constituent study.
2024-11-12,T1_45D,121372.8007222383,0.0,121372.8007222383,130354.19047362797,-6.889989281324027,0,0.0,REFERENCE,This test uses the supplied/current ticker universe and is not a survivorship-bias-free historical index-constituent study.
2024-11-13,T1_45D,121372.8007222383,0.0,121372.8007222383,130354.19047362797,-6.889989281324027,0,0.0,REFERENCE,This test uses the supplied/current ticker universe and is not a survivorship-bias-free historical index-constituent study.
2024-11-14,T1_45D,121372.8007222383,0.0,121372.8007222383,130354.19047362797,-6.889989281324027,0,0.0,REFERENCE,This test uses the supplied/current ticker universe and is not a survivorship-bias-free historical index-constituent study.
2024-11-18,T1_45D,121372.8007222383,0.0,121372.8007222383,130354.19047362797,-6.889989281324027,0,0.0,REFERENCE,This test uses the supplied/current ticker universe and is not a survivorship-bias-free historical index-constituent study.
2024-11-19,T1_45D,121372.8007222383,0.0,121372.8007222383,130354.19047362797,-6.889989281324027,0,0.0,REFERENCE,This test uses the supplied/current ticker universe and is not a survivorship-bias-free historical index-constituent study.
2024-11-21,T1_45D,121372.8007222383,0.0,121372.8007222383,130354.19047362797,-6.889989281324027,0,0.0,REFERENCE,This test uses the supplied/current ticker universe and is not a survivorship-bias-free historical index-constituent study.
2024-11-22,T1_45D,121372.8007222383,0.0,121372.8007222383,130354.19047362797,-6.889989281324027,0,0.0,REFERENCE,This test uses the supplied/current ticker universe and is not a survivorship-bias-free historical index-constituent study.
2024-11-25,T1_45D,121372.8007222383,0.0,121372.8007222383,130354.19047362797,-6.889989281324027,0,0.0,REFERENCE,This test uses the supplied/current ticker universe and is not a survivorship-bias-free historical index-constituent study.
2024-11-26,T1_45D,121372.8007222383,0.0,121372.8007222383,130354.19047362797,-6.889989281324027,0,0.0,REFERENCE,This test uses the supplied/current ticker universe and is not a survivorship-bias-free historical index-constituent study.
2024-11-27,T1_45D,121372.8007222383,0.0,121372.8007222383,130354.19047362797,-6.889989281324027,0,0.0,REFERENCE,This test uses the supplied/current ticker universe and is not a survivorship-bias-free historical index-constituent study.
2024-11-28,T1_45D,121372.8007222383,0.0,121372.8007222383,130354.19047362797,-6.889989281324027,0,0.0,REFERENCE,This test uses the supplied/current ticker universe and is not a survivorship-bias-free historical index-constituent study.
2024-11-29,T1_45D,121372.8007222383,0.0,121372.8007222383,130354.19047362797,-6.889989281324027,0,0.0,REFERENCE,This test uses the supplied/current ticker universe and is not a survivorship-bias-free historical index-constituent study.
2024-12-02,T1_45D,121372.8007222383,0.0,121372.8007222383,130354.19047362797,-6.889989281324027,0,0.0,REFERENCE,This test uses the supplied/current ticker universe and is not a survivorship-bias-free historical index-constituent study.
2024-12-03,T1_45D,121372.8007222383,0.0,121372.8007222383,130354.19047362797,-6.889989281324027,0,0.0,REFERENCE,This test uses the supplied/current ticker universe and is not a survivorship-bias-free historical index-constituent study.
2024-12-04,T1_45D,121372.8007222383,0.0,121372.8007222383,130354.19047362797,-6.889989281324027,0,0.0,REFERENCE,This test uses the supplied/current ticker universe and is not a survivorship-bias-free historical index-constituent study.
2024-12-05,T1_45D,121372.8007222383,0.0,121372.8007222383,130354.19047362797,-6.889989281324027,0,0.0,REFERENCE,This test uses the supplied/current ticker universe and is not a survivorship-bias-free historical index-constituent study.
2024-12-06,T1_45D,105253.61912180895,16075.483154296875,121329.10227610583,130354.19047362797,-6.923512136227039,1,-0.036003491616276584,REFERENCE,This test uses the supplied/current ticker universe and is not a survivorship-bias-free historical index-constituent study.
2024-12-09,T1_45D,105253.61912180895,15968.464233398438,121222.08335520739,130354.19047362797,-7.0056107020725955,1,-0.08820548317821642,REFERENCE,This test uses the supplied/current ticker universe and is not a survivorship-bias-free historical index-constituent study.
2024-12-10,T1_45D,105253.61912180895,16189.609130859375,121443.22825266833,130354.19047362797,-6.835961458993078,1,0.18242954694396296,REFERENCE,This test uses the supplied/current ticker universe and is not a survivorship-bias-free historical index-constituent study.
2024-12-11,T1_45D,105253.61912180895,16144.042236328125,121397.66135813708,130354.19047362797,-6.870917676638011,1,-0.03752114892436875,REFERENCE,This test uses the supplied/current ticker universe and is not a survivorship-bias-free historical index-constituent study.
2024-12-12,T1_45D,105253.61912180895,16188.355590820312,121441.97471262926,130354.19047362797,-6.836923100528736,1,0.036502642634483884,REFERENCE,This test uses the supplied/current ticker universe and is not a survivorship-bias-free historical index-constituent study.
2024-12-13,T1_45D,105253.61912180895,16460.9208984375,121714.54002024645,130354.19047362797,-6.62782716995155,1,0.22444077367991255,REFERENCE,This test uses the supplied/current ticker universe and is not a survivorship-bias-free historical index-constituent study.
2024-12-16,T1_45D,105253.61912180895,16340.52392578125,121594.1430475902,130354.19047362797,-6.7201885832814945,1,-0.09891749386410353,REFERENCE,This test uses the supplied/current ticker universe and is not a survivorship-bias-free historical index-constituent study.
2024-12-17,T1_45D,105253.61912180895,16308.753662109375,121562.37278391833,130354.19047362797,-6.744560844392888,1,-0.026128120052160142,REFERENCE,This test uses the supplied/current ticker universe and is not a survivorship-bias-free historical index-constituent study.
2024-12-18,T1_45D,105253.61912180895,16390.268920898434,121643.88804270739,130354.19047362797,-6.682027174786354,1,0.06705632419166108,REFERENCE,This test uses the supplied/current ticker universe and is not a survivorship-bias-free historical index-constituent study.
2024-12-19,T1_45D,76164.85712367989,45343.21008300781,121508.0672066877,130354.19047362797,-6.786220860870551,2,-0.11165446797622991,REFERENCE,This test uses the supplied/current ticker universe and is not a survivorship-bias-free historical index-constituent study.
2024-12-20,T1_45D,46490.32285690536,73258.0991821289,119748.42203903427,130354.19047362797,-8.1361162200147,3,-1.4481714738003748,REFERENCE,This test uses the supplied/current ticker universe and is not a survivorship-bias-free historical index-constituent study.
2024-12-23,T1_45D,73485.25996009343,46501.973388671875,119987.23334876531,130354.19047362797,-7.952914353727669,2,0.1994275211853802,REFERENCE,This test uses the supplied/current ticker universe and is not a survivorship-bias-free historical index-constituent study.
2024-12-24,T1_45D,73485.25996009343,46402.12976074219,119887.38972083562,130354.19047362797,-8.02950846057373,2,-0.083211876083078,REFERENCE,This test uses the supplied/current ticker universe and is not a survivorship-bias-free historical index-constituent study.
2024-12-26,T1_45D,73485.25996009343,46309.056579589844,119794.31653968328,130354.19047362797,-8.100908682395646,2,-0.07763383736110185,REFERENCE,This test uses the supplied/current ticker universe and is not a survivorship-bias-free historical index-constituent study.
2024-12-27,T1_45D,73485.25996009343,46363.29278564453,119848.55274573796,130354.19047362797,-8.059301883367842,2,0.04527444007471626,REFERENCE,This test uses the supplied/current ticker universe and is not a survivorship-bias-free historical index-constituent study.
2024-12-30,T1_45D,73485.25996009343,46326.569091796875,119811.82905189031,130354.19047362797,-8.087474122184425,2,-0.03064174994716895,REFERENCE,This test uses the supplied/current ticker universe and is not a survivorship-bias-free historical index-constituent study.
2024-12-31,T1_45D,73485.25996009343,46144.22326660156,119629.483226695,130354.19047362797,-8.227359019273484,2,-0.152193507634657,REFERENCE,This test uses the supplied/current ticker universe and is not a survivorship-bias-free historical index-constituent study.
2025-01-01,T1_45D,73485.25996009343,46266.814025878906,119752.07398597234,130354.19047362797,-8.133314663022318,2,0.10247537310266175,REFERENCE,This test uses the supplied/current ticker universe and is not a survivorship-bias-free historical index-constituent study.
2025-01-02,T1_45D,73485.25996009343,46957.40020751953,120442.66016761296,130354.19047362797,-7.603537922334924,2,0.5766799343462914,REFERENCE,This test uses the supplied/current ticker universe and is not a survivorship-bias-free historical index-constituent study.
2025-01-03,T1_45D,47499.76514141123,71639.75268554688,119139.51782695811,130354.19047362797,-8.603231400480915,3,-1.0819607760583771,REFERENCE,This test uses the supplied/current ticker universe and is not a survivorship-bias-free historical index-constituent study.
2025-01-06,T1_45D,77026.98603618196,41968.84851074219,118995.83454692415,130354.19047362797,-8.713456687072696,2,-0.12060085742721105,REFERENCE,This test uses the supplied/current ticker universe and is not a survivorship-bias-free historical index-constituent study.
2025-01-07,T1_45D,77026.98603618196,41636.46423339844,118663.4502695804,130354.19047362797,-8.968442181697823,2,-0.2793242961901199,REFERENCE,This test uses the supplied/current ticker universe and is not a survivorship-bias-free historical index-constituent study.
2025-01-08,T1_45D,53514.07805112879,65969.68035888672,119483.7584100155,130354.19047362797,-8.339150451639421,3,0.6912896419002834,REFERENCE,This test uses the supplied/current ticker universe and is not a survivorship-bias-free historical index-constituent study.
2025-01-09,T1_45D,53514.07805112879,65337.728088378906,118851.8061395077,130354.19047362797,-8.823946734913235,3,-0.5289022365192353,REFERENCE,This test uses the supplied/current ticker universe and is not a survivorship-bias-free historical index-constituent study.
2025-01-10,T1_45D,53514.07805112879,67174.25390625,120688.33195737879,130354.19047362797,-7.4150731028510215,3,1.545223314246802,REFERENCE,This test uses the supplied/current ticker universe and is not a survivorship-bias-free historical index-constituent study.
2025-01-13,T1_45D,53514.07805112879,66309.9448852539,119824.0229363827,130354.19047362797,-8.078119697560194,3,-0.7161496119619248,REFERENCE,This test uses the supplied/current ticker universe and is not a survivorship-bias-free historical index-constituent study.
2025-01-14,T1_45D,93800.7603336786,23976.871826171875,117777.63215985047,130354.19047362797,-9.647989272981494,1,-1.7078301382175254,REFERENCE,This test uses the supplied/current ticker universe and is not a survivorship-bias-free historical index-constituent study.
2025-01-15,T1_45D,93800.7603336786,24095.515869140625,117896.27620281922,130354.19047362797,-9.556972603292802,1,0.10073563272838815,REFERENCE,This test uses the supplied/current ticker universe and is not a survivorship-bias-free historical index-constituent study.
2025-01-16,T1_45D,93800.7603336786,23833.5068359375,117634.2671696161,130354.19047362797,-9.75797038652566,1,-0.22223690318461387,REFERENCE,This test uses the supplied/current ticker universe and is not a survivorship-bias-free historical index-constituent study.
2025-01-17,T1_45D,116404.8005291439,0.0,116404.8005291439,130354.19047362797,-10.70114423924574,0,-1.045160283694746,REFERENCE,This test uses the supplied/current ticker universe and is not a survivorship-bias-free historical index-constituent study.
2025-01-20,T1_45D,116404.8005291439,0.0,116404.8005291439,130354.19047362797,-10.70114423924574,0,0.0,REFERENCE,This test uses the supplied/current ticker universe and is not a survivorship-bias-free historical index-constituent study.
2025-01-21,T1_45D,116404.8005291439,0.0,116404.8005291439,130354.19047362797,-10.70114423924574,0,0.0,REFERENCE,This test uses the supplied/current ticker universe and is not a survivorship-bias-free historical index-constituent study.
2025-01-22,T1_45D,116404.8005291439,0.0,116404.8005291439,130354.19047362797,-10.70114423924574,0,0.0,REFERENCE,This test uses the supplied/current ticker universe and is not a survivorship-bias-free historical index-constituent study.
2025-01-23,T1_45D,116404.8005291439,0.0,116404.8005291439,130354.19047362797,-10.70114423924574,0,0.0,REFERENCE,This test uses the supplied/current ticker universe and is not a survivorship-bias-free historical index-constituent study.
2025-01-24,T1_45D,116404.8005291439,0.0,116404.8005291439,130354.19047362797,-10.70114423924574,0,0.0,REFERENCE,This test uses the supplied/current ticker universe and is not a survivorship-bias-free historical index-constituent study.
2025-01-27,T1_45D,116404.8005291439,0.0,116404.8005291439,130354.19047362797,-10.70114423924574,0,0.0,REFERENCE,This test uses the supplied/current ticker universe and is not a survivorship-bias-free historical index-constituent study.
2025-01-28,T1_45D,116404.8005291439,0.0,116404.8005291439,130354.19047362797,-10.70114423924574,0,0.0,REFERENCE,This test uses the supplied/current ticker universe and is not a survivorship-bias-free historical index-constituent study.
2025-01-29,T1_45D,116404.8005291439,0.0,116404.8005291439,130354.19047362797,-10.70114423924574,0,0.0,REFERENCE,This test uses the supplied/current ticker universe and is not a survivorship-bias-free historical index-constituent study.
2025-01-30,T1_45D,116404.8005291439,0.0,116404.8005291439,130354.19047362797,-10.70114423924574,0,0.0,REFERENCE,This test uses the supplied/current ticker universe and is not a survivorship-bias-free historical index-constituent study.
2025-01-31,T1_45D,116404.8005291439,0.0,116404.8005291439,130354.19047362797,-10.70114423924574,0,0.0,REFERENCE,This test uses the supplied/current ticker universe and is not a survivorship-bias-free historical index-constituent study.
2025-02-01,T1_45D,116404.8005291439,0.0,116404.8005291439,130354.19047362797,-10.70114423924574,0,0.0,REFERENCE,This test uses the supplied/current ticker universe and is not a survivorship-bias-free historical index-constituent study.
2025-02-03,T1_45D,116404.8005291439,0.0,116404.8005291439,130354.19047362797,-10.70114423924574,0,0.0,REFERENCE,This test uses the supplied/current ticker universe and is not a survivorship-bias-free historical index-constituent study.
2025-02-04,T1_45D,116404.8005291439,0.0,116404.8005291439,130354.19047362797,-10.70114423924574,0,0.0,REFERENCE,This test uses the supplied/current ticker universe and is not a survivorship-bias-free historical index-constituent study.
2025-02-05,T1_45D,116404.8005291439,0.0,116404.8005291439,130354.19047362797,-10.70114423924574,0,0.0,REFERENCE,This test uses the supplied/current ticker universe and is not a survivorship-bias-free historical index-constituent study.
2025-02-06,T1_45D,116404.8005291439,0.0,116404.8005291439,130354.19047362797,-10.70114423924574,0,0.0,REFERENCE,This test uses the supplied/current ticker universe and is not a survivorship-bias-free historical index-constituent study.
2025-02-07,T1_45D,116404.8005291439,0.0,116404.8005291439,130354.19047362797,-10.70114423924574,0,0.0,REFERENCE,This test uses the supplied/current ticker universe and is not a survivorship-bias-free historical index-constituent study.
2025-02-10,T1_45D,116404.8005291439,0.0,116404.8005291439,130354.19047362797,-10.70114423924574,0,0.0,REFERENCE,This test uses the supplied/current ticker universe and is not a survivorship-bias-free historical index-constituent study.
2025-02-11,T1_45D,116404.8005291439,0.0,116404.8005291439,130354.19047362797,-10.70114423924574,0,0.0,REFERENCE,This test uses the supplied/current ticker universe and is not a survivorship-bias-free historical index-constituent study.
2025-02-12,T1_45D,116404.8005291439,0.0,116404.8005291439,130354.19047362797,-10.70114423924574,0,0.0,REFERENCE,This test uses the supplied/current ticker universe and is not a survivorship-bias-free historical index-constituent study.
2025-02-13,T1_45D,116404.8005291439,0.0,116404.8005291439,130354.19047362797,-10.70114423924574,0,0.0,REFERENCE,This test uses the supplied/current ticker universe and is not a survivorship-bias-free historical index-constituent study.
2025-02-14,T1_45D,116404.8005291439,0.0,116404.8005291439,130354.19047362797,-10.70114423924574,0,0.0,REFERENCE,This test uses the supplied/current ticker universe and is not a survivorship-bias-free historical index-constituent study.
2025-02-17,T1_45D,116404.8005291439,0.0,116404.8005291439,130354.19047362797,-10.70114423924574,0,0.0,REFERENCE,This test uses the supplied/current ticker universe and is not a survivorship-bias-free historical index-constituent study.
2025-02-18,T1_45D,116404.8005291439,0.0,116404.8005291439,130354.19047362797,-10.70114423924574,0,0.0,REFERENCE,This test uses the supplied/current ticker universe and is not a survivorship-bias-free historical index-constituent study.
2025-02-19,T1_45D,116404.8005291439,0.0,116404.8005291439,130354.19047362797,-10.70114423924574,0,0.0,REFERENCE,This test uses the supplied/current ticker universe and is not a survivorship-bias-free historical index-constituent study.
2025-02-20,T1_45D,116404.8005291439,0.0,116404.8005291439,130354.19047362797,-10.70114423924574,0,0.0,REFERENCE,This test uses the supplied/current ticker universe and is not a survivorship-bias-free historical index-constituent study.
2025-02-21,T1_45D,116404.8005291439,0.0,116404.8005291439,130354.19047362797,-10.70114423924574,0,0.0,REFERENCE,This test uses the supplied/current ticker universe and is not a survivorship-bias-free historical index-constituent study.
2025-02-24,T1_45D,116404.8005291439,0.0,116404.8005291439,130354.19047362797,-10.70114423924574,0,0.0,REFERENCE,This test uses the supplied/current ticker universe and is not a survivorship-bias-free historical index-constituent study.
2025-02-25,T1_45D,116404.8005291439,0.0,116404.8005291439,130354.19047362797,-10.70114423924574,0,0.0,REFERENCE,This test uses the supplied/current ticker universe and is not a survivorship-bias-free historical index-constituent study.
2025-02-27,T1_45D,116404.8005291439,0.0,116404.8005291439,130354.19047362797,-10.70114423924574,0,0.0,REFERENCE,This test uses the supplied/current ticker universe and is not a survivorship-bias-free historical index-constituent study.
2025-02-28,T1_45D,116404.8005291439,0.0,116404.8005291439,130354.19047362797,-10.70114423924574,0,0.0,REFERENCE,This test uses the supplied/current ticker universe and is not a survivorship-bias-free historical index-constituent study.
2025-03-03,T1_45D,116404.8005291439,0.0,116404.8005291439,130354.19047362797,-10.70114423924574,0,0.0,REFERENCE,This test uses the supplied/current ticker universe and is not a survivorship-bias-free historical index-constituent study.
2025-03-04,T1_45D,116404.8005291439,0.0,116404.8005291439,130354.19047362797,-10.70114423924574,0,0.0,REFERENCE,This test uses the supplied/current ticker universe and is not a survivorship-bias-free historical index-constituent study.
2025-03-05,T1_45D,116404.8005291439,0.0,116404.8005291439,130354.19047362797,-10.70114423924574,0,0.0,REFERENCE,This test uses the supplied/current ticker universe and is not a survivorship-bias-free historical index-constituent study.
2025-03-06,T1_45D,116404.8005291439,0.0,116404.8005291439,130354.19047362797,-10.70114423924574,0,0.0,REFERENCE,This test uses the supplied/current ticker universe and is not a survivorship-bias-free historical index-constituent study.
2025-03-07,T1_45D,116404.8005291439,0.0,116404.8005291439,130354.19047362797,-10.70114423924574,0,0.0,REFERENCE,This test uses the supplied/current ticker universe and is not a survivorship-bias-free historical index-constituent study.
2025-03-10,T1_45D,116404.8005291439,0.0,116404.8005291439,130354.19047362797,-10.70114423924574,0,0.0,REFERENCE,This test uses the supplied/current ticker universe and is not a survivorship-bias-free historical index-constituent study.
2025-03-11,T1_45D,116404.8005291439,0.0,116404.8005291439,130354.19047362797,-10.70114423924574,0,0.0,REFERENCE,This test uses the supplied/current ticker universe and is not a survivorship-bias-free historical index-constituent study.
2025-03-12,T1_45D,116404.8005291439,0.0,116404.8005291439,130354.19047362797,-10.70114423924574,0,0.0,REFERENCE,This test uses the supplied/current ticker universe and is not a survivorship-bias-free historical index-constituent study.
2025-03-13,T1_45D,116404.8005291439,0.0,116404.8005291439,130354.19047362797,-10.70114423924574,0,0.0,REFERENCE,This test uses the supplied/current ticker universe and is not a survivorship-bias-free historical index-constituent study.
2025-03-17,T1_45D,116404.8005291439,0.0,116404.8005291439,130354.19047362797,-10.70114423924574,0,0.0,REFERENCE,This test uses the supplied/current ticker universe and is not a survivorship-bias-free historical index-constituent study.
2025-03-18,T1_45D,116404.8005291439,0.0,116404.8005291439,130354.19047362797,-10.70114423924574,0,0.0,REFERENCE,This test uses the supplied/current ticker universe and is not a survivorship-bias-free historical index-constituent study.
2025-03-19,T1_45D,116404.8005291439,0.0,116404.8005291439,130354.19047362797,-10.70114423924574,0,0.0,REFERENCE,This test uses the supplied/current ticker universe and is not a survivorship-bias-free historical index-constituent study.
2025-03-20,T1_45D,116404.8005291439,0.0,116404.8005291439,130354.19047362797,-10.70114423924574,0,0.0,REFERENCE,This test uses the supplied/current ticker universe and is not a survivorship-bias-free historical index-constituent study.
2025-03-21,T1_45D,116404.8005291439,0.0,116404.8005291439,130354.19047362797,-10.70114423924574,0,0.0,REFERENCE,This test uses the supplied/current ticker universe and is not a survivorship-bias-free historical index-constituent study.
2025-03-24,T1_45D,116404.8005291439,0.0,116404.8005291439,130354.19047362797,-10.70114423924574,0,0.0,REFERENCE,This test uses the supplied/current ticker universe and is not a survivorship-bias-free historical index-constituent study.
2025-03-25,T1_45D,116404.8005291439,0.0,116404.8005291439,130354.19047362797,-10.70114423924574,0,0.0,REFERENCE,This test uses the supplied/current ticker universe and is not a survivorship-bias-free historical index-constituent study.
2025-03-26,T1_45D,116404.8005291439,0.0,116404.8005291439,130354.19047362797,-10.70114423924574,0,0.0,REFERENCE,This test uses the supplied/current ticker universe and is not a survivorship-bias-free historical index-constituent study.
2025-03-27,T1_45D,116404.8005291439,0.0,116404.8005291439,130354.19047362797,-10.70114423924574,0,0.0,REFERENCE,This test uses the supplied/current ticker universe and is not a survivorship-bias-free historical index-constituent study.
2025-03-28,T1_45D,116404.8005291439,0.0,116404.8005291439,130354.19047362797,-10.70114423924574,0,0.0,REFERENCE,This test uses the supplied/current ticker universe and is not a survivorship-bias-free historical index-constituent study.
2025-04-01,T1_45D,116404.8005291439,0.0,116404.8005291439,130354.19047362797,-10.70114423924574,0,0.0,REFERENCE,This test uses the supplied/current ticker universe and is not a survivorship-bias-free historical index-constituent study.
2025-04-02,T1_45D,116404.8005291439,0.0,116404.8005291439,130354.19047362797,-10.70114423924574,0,0.0,REFERENCE,This test uses the supplied/current ticker universe and is not a survivorship-bias-free historical index-constituent study.
2025-04-03,T1_45D,116404.8005291439,0.0,116404.8005291439,130354.19047362797,-10.70114423924574,0,0.0,REFERENCE,This test uses the supplied/current ticker universe and is not a survivorship-bias-free historical index-constituent study.
2025-04-04,T1_45D,116404.8005291439,0.0,116404.8005291439,130354.19047362797,-10.70114423924574,0,0.0,REFERENCE,This test uses the supplied/current ticker universe and is not a survivorship-bias-free historical index-constituent study.
2025-04-07,T1_45D,88335.84125874034,27874.21484375,116210.05610249034,130354.19047362797,-10.850540607667792,1,-0.16729930876416832,REFERENCE,This test uses the supplied/current ticker universe and is not a survivorship-bias-free historical index-constituent study.
2025-04-08,T1_45D,88335.84125874034,28141.579833984375,116477.42109272472,130354.19047362797,-10.645434052011293,1,0.23007044243965602,REFERENCE,This test uses the supplied/current ticker universe and is not a survivorship-bias-free historical index-constituent study.
2025-04-09,T1_45D,88335.84125874034,28161.0634765625,116496.90473530284,130354.19047362797,-10.630487357541906,1,0.0167273986626304,REFERENCE,This test uses the supplied/current ticker universe and is not a survivorship-bias-free historical index-constituent study.
2025-04-11,T1_45D,88335.84125874034,28395.954833984375,116731.79609272472,130354.19047362797,-10.450292646065106,1,0.20162883980101576,REFERENCE,This test uses the supplied/current ticker universe and is not a survivorship-bias-free historical index-constituent study.
2025-04-15,T1_45D,88335.84125874034,29230.5234375,117566.36469624034,130354.19047362797,-9.810061134915903,1,0.7149453974414133,REFERENCE,This test uses the supplied/current ticker universe and is not a survivorship-bias-free historical index-constituent study.
2025-04-16,T1_45D,88335.84125874034,29364.749755859375,117700.59101459972,130354.19047362797,-9.707090668165518,1,0.11417068028443111,REFERENCE,This test uses the supplied/current ticker universe and is not a survivorship-bias-free historical index-constituent study.
2025-04-17,T1_45D,118030.24976457165,0.0,118030.24976457165,130354.19047362797,-9.454196036413254,0,0.2800824933249846,REFERENCE,This test uses the supplied/current ticker universe and is not a survivorship-bias-free historical index-constituent study.
2025-04-21,T1_45D,118030.24976457165,0.0,118030.24976457165,130354.19047362797,-9.454196036413254,0,0.0,REFERENCE,This test uses the supplied/current ticker universe and is not a survivorship-bias-free historical index-constituent study.
2025-04-22,T1_45D,118030.24976457165,0.0,118030.24976457165,130354.19047362797,-9.454196036413254,0,0.0,REFERENCE,This test uses the supplied/current ticker universe and is not a survivorship-bias-free historical index-constituent study.
2025-04-23,T1_45D,118030.24976457165,0.0,118030.24976457165,130354.19047362797,-9.454196036413254,0,0.0,REFERENCE,This test uses the supplied/current ticker universe and is not a survivorship-bias-free historical index-constituent study.
2025-04-24,T1_45D,118030.24976457165,0.0,118030.24976457165,130354.19047362797,-9.454196036413254,0,0.0,REFERENCE,This test uses the supplied/current ticker universe and is not a survivorship-bias-free historical index-constituent study.
2025-04-25,T1_45D,118030.24976457165,0.0,118030.24976457165,130354.19047362797,-9.454196036413254,0,0.0,REFERENCE,This test uses the supplied/current ticker universe and is not a survivorship-bias-free historical index-constituent study.
2025-04-28,T1_45D,118030.24976457165,0.0,118030.24976457165,130354.19047362797,-9.454196036413254,0,0.0,REFERENCE,This test uses the supplied/current ticker universe and is not a survivorship-bias-free historical index-constituent study.
2025-04-29,T1_45D,118030.24976457165,0.0,118030.24976457165,130354.19047362797,-9.454196036413254,0,0.0,REFERENCE,This test uses the supplied/current ticker universe and is not a survivorship-bias-free historical index-constituent study.
2025-04-30,T1_45D,118030.24976457165,0.0,118030.24976457165,130354.19047362797,-9.454196036413254,0,0.0,REFERENCE,This test uses the supplied/current ticker universe and is not a survivorship-bias-free historical index-constituent study.
2025-05-02,T1_45D,118030.24976457165,0.0,118030.24976457165,130354.19047362797,-9.454196036413254,0,0.0,REFERENCE,This test uses the supplied/current ticker universe and is not a survivorship-bias-free historical index-constituent study.
2025-05-05,T1_45D,118030.24976457165,0.0,118030.24976457165,130354.19047362797,-9.454196036413254,0,0.0,REFERENCE,This test uses the supplied/current ticker universe and is not a survivorship-bias-free historical index-constituent study.
2025-05-06,T1_45D,118030.24976457165,0.0,118030.24976457165,130354.19047362797,-9.454196036413254,0,0.0,REFERENCE,This test uses the supplied/current ticker universe and is not a survivorship-bias-free historical index-constituent study.
2025-05-07,T1_45D,118030.24976457165,0.0,118030.24976457165,130354.19047362797,-9.454196036413254,0,0.0,REFERENCE,This test uses the supplied/current ticker universe and is not a survivorship-bias-free historical index-constituent study.
2025-05-08,T1_45D,118030.24976457165,0.0,118030.24976457165,130354.19047362797,-9.454196036413254,0,0.0,REFERENCE,This test uses the supplied/current ticker universe and is not a survivorship-bias-free historical index-constituent study.
2025-05-09,T1_45D,118030.24976457165,0.0,118030.24976457165,130354.19047362797,-9.454196036413254,0,0.0,REFERENCE,This test uses the supplied/current ticker universe and is not a survivorship-bias-free historical index-constituent study.
2025-05-12,T1_45D,118030.24976457165,0.0,118030.24976457165,130354.19047362797,-9.454196036413254,0,0.0,REFERENCE,This test uses the supplied/current ticker universe and is not a survivorship-bias-free historical index-constituent study.
2025-05-13,T1_45D,118030.24976457165,0.0,118030.24976457165,130354.19047362797,-9.454196036413254,0,0.0,REFERENCE,This test uses the supplied/current ticker universe and is not a survivorship-bias-free historical index-constituent study.
2025-05-14,T1_45D,118030.24976457165,0.0,118030.24976457165,130354.19047362797,-9.454196036413254,0,0.0,REFERENCE,This test uses the supplied/current ticker universe and is not a survivorship-bias-free historical index-constituent study.
2025-05-15,T1_45D,118030.24976457165,0.0,118030.24976457165,130354.19047362797,-9.454196036413254,0,0.0,REFERENCE,This test uses the supplied/current ticker universe and is not a survivorship-bias-free historical index-constituent study.
2025-05-16,T1_45D,118030.24976457165,0.0,118030.24976457165,130354.19047362797,-9.454196036413254,0,0.0,REFERENCE,This test uses the supplied/current ticker universe and is not a survivorship-bias-free historical index-constituent study.
2025-05-19,T1_45D,118030.24976457165,0.0,118030.24976457165,130354.19047362797,-9.454196036413254,0,0.0,REFERENCE,This test uses the supplied/current ticker universe and is not a survivorship-bias-free historical index-constituent study.
2025-05-20,T1_45D,118030.24976457165,0.0,118030.24976457165,130354.19047362797,-9.454196036413254,0,0.0,REFERENCE,This test uses the supplied/current ticker universe and is not a survivorship-bias-free historical index-constituent study.
2025-05-21,T1_45D,118030.24976457165,0.0,118030.24976457165,130354.19047362797,-9.454196036413254,0,0.0,REFERENCE,This test uses the supplied/current ticker universe and is not a survivorship-bias-free historical index-constituent study.
2025-05-22,T1_45D,118030.24976457165,0.0,118030.24976457165,130354.19047362797,-9.454196036413254,0,0.0,REFERENCE,This test uses the supplied/current ticker universe and is not a survivorship-bias-free historical index-constituent study.
2025-05-23,T1_45D,118030.24976457165,0.0,118030.24976457165,130354.19047362797,-9.454196036413254,0,0.0,REFERENCE,This test uses the supplied/current ticker universe and is not a survivorship-bias-free historical index-constituent study.
2025-05-26,T1_45D,118030.24976457165,0.0,118030.24976457165,130354.19047362797,-9.454196036413254,0,0.0,REFERENCE,This test uses the supplied/current ticker universe and is not a survivorship-bias-free historical index-constituent study.
2025-05-27,T1_45D,118030.24976457165,0.0,118030.24976457165,130354.19047362797,-9.454196036413254,0,0.0,REFERENCE,This test uses the supplied/current ticker universe and is not a survivorship-bias-free historical index-constituent study.
2025-05-28,T1_45D,118030.24976457165,0.0,118030.24976457165,130354.19047362797,-9.454196036413254,0,0.0,REFERENCE,This test uses the supplied/current ticker universe and is not a survivorship-bias-free historical index-constituent study.
2025-05-29,T1_45D,118030.24976457165,0.0,118030.24976457165,130354.19047362797,-9.454196036413254,0,0.0,REFERENCE,This test uses the supplied/current ticker universe and is not a survivorship-bias-free historical index-constituent study.
2025-05-30,T1_45D,118030.24976457165,0.0,118030.24976457165,130354.19047362797,-9.454196036413254,0,0.0,REFERENCE,This test uses the supplied/current ticker universe and is not a survivorship-bias-free historical index-constituent study.
2025-06-02,T1_45D,118030.24976457165,0.0,118030.24976457165,130354.19047362797,-9.454196036413254,0,0.0,REFERENCE,This test uses the supplied/current ticker universe and is not a survivorship-bias-free historical index-constituent study.
2025-06-03,T1_45D,118030.24976457165,0.0,118030.24976457165,130354.19047362797,-9.454196036413254,0,0.0,REFERENCE,This test uses the supplied/current ticker universe and is not a survivorship-bias-free historical index-constituent study.
2025-06-04,T1_45D,118030.24976457165,0.0,118030.24976457165,130354.19047362797,-9.454196036413254,0,0.0,REFERENCE,This test uses the supplied/current ticker universe and is not a survivorship-bias-free historical index-constituent study.
2025-06-05,T1_45D,118030.24976457165,0.0,118030.24976457165,130354.19047362797,-9.454196036413254,0,0.0,REFERENCE,This test uses the supplied/current ticker universe and is not a survivorship-bias-free historical index-constituent study.
2025-06-06,T1_45D,118030.24976457165,0.0,118030.24976457165,130354.19047362797,-9.454196036413254,0,0.0,REFERENCE,This test uses the supplied/current ticker universe and is not a survivorship-bias-free historical index-constituent study.
2025-06-09,T1_45D,100585.51592204679,17286.661010742188,117872.17693278898,130354.19047362797,-9.57546013326226,1,-0.13392569455539238,REFERENCE,This test uses the supplied/current ticker universe and is not a survivorship-bias-free historical index-constituent study.
2025-06-10,T1_45D,100585.51592204679,17167.85815429688,117753.37407634367,130354.19047362797,-9.66659863522652,1,-0.10078956674657302,REFERENCE,This test uses the supplied/current ticker universe and is not a survivorship-bias-free historical index-constituent study.
2025-06-11,T1_45D,100585.51592204679,17037.699829101562,117623.21575114835,130354.19047362797,-9.766448379007219,1,-0.1105346884675451,REFERENCE,This test uses the supplied/current ticker universe and is not a survivorship-bias-free historical index-constituent study.
2025-06-12,T1_45D,100585.51592204679,16976.549926757812,117562.0658488046,130354.19047362797,-9.81335895558444,1,-0.05198795318870353,REFERENCE,This test uses the supplied/current ticker universe and is not a survivorship-bias-free historical index-constituent study.
2025-06-13,T1_45D,100585.51592204679,16751.17529296875,117336.69121501554,130354.19047362797,-9.98625300139162,1,-0.1917069355338752,REFERENCE,This test uses the supplied/current ticker universe and is not a survivorship-bias-free historical index-constituent study.
2025-06-16,T1_45D,100585.51592204679,16906.665893554688,117492.18181560148,130354.19047362797,-9.866969839092832,1,0.1325166058253835,REFERENCE,This test uses the supplied/current ticker universe and is not a survivorship-bias-free historical index-constituent study.
2025-06-17,T1_45D,100585.51592204679,16856.00024414062,117441.51616618742,130354.19047362797,-9.905837518934934,1,-0.04312257090738347,REFERENCE,This test uses the supplied/current ticker universe and is not a survivorship-bias-free historical index-constituent study.
2025-06-18,T1_45D,100585.51592204679,16893.563598632812,117479.0795206796,130354.19047362797,-9.877021142295483,1,0.031984732246681524,REFERENCE,This test uses the supplied/current ticker universe and is not a survivorship-bias-free historical index-constituent study.
2025-06-19,T1_45D,100585.51592204679,16905.79248046875,117491.30840251554,130354.19047362797,-9.867639869785949,1,0.010409412370138149,REFERENCE,This test uses the supplied/current ticker universe and is not a survivorship-bias-free historical index-constituent study.
2025-06-20,T1_45D,100585.51592204679,17162.61547851562,117748.13140056242,130354.19047362797,-9.670620504997029,1,0.218588933546493,REFERENCE,This test uses the supplied/current ticker universe and is not a survivorship-bias-free historical index-constituent study.
2025-06-23,T1_45D,100585.51592204679,17020.227172851562,117605.74309489835,130354.19047362797,-9.779852364093166,1,-0.12092617009749063,REFERENCE,This test uses the supplied/current ticker universe and is not a survivorship-bias-free historical index-constituent study.
2025-06-24,T1_45D,100585.51592204679,17129.42138671875,117714.93730876554,130354.19047362797,-9.696085042559089,1,0.0928476883812257,REFERENCE,This test uses the supplied/current ticker universe and is not a survivorship-bias-free historical index-constituent study.
2025-06-25,T1_45D,100585.51592204679,17298.016479492188,117883.53240153898,130354.19047362797,-9.566748891445831,1,0.14322319378314852,REFERENCE,This test uses the supplied/current ticker universe and is not a survivorship-bias-free historical index-constituent study.
2025-06-26,T1_45D,100585.51592204679,17661.41235351562,118246.92827556242,130354.19047362797,-9.287973140008088,1,0.30826686867986286,REFERENCE,This test uses the supplied/current ticker universe and is not a survivorship-bias-free historical index-constituent study.
2025-06-27,T1_45D,93224.49284940187,25081.260620117188,118305.75346951906,130354.19047362797,-9.242845941762369,2,0.04974775650794516,REFERENCE,This test uses the supplied/current ticker universe and is not a survivorship-bias-free historical index-constituent study.
2025-06-30,T1_45D,93224.49284940187,25010.6162109375,118235.10906033937,130354.19047362797,-9.297040140600943,2,-0.05971341807808894,REFERENCE,This test uses the supplied/current ticker universe and is not a survivorship-bias-free historical index-constituent study.
2025-07-01,T1_45D,93224.49284940187,25124.70141601563,118349.19426541749,130354.19047362797,-9.209520740830513,2,0.09649012546679714,REFERENCE,This test uses the supplied/current ticker universe and is not a survivorship-bias-free historical index-constituent study.
2025-07-02,T1_45D,74028.35910316386,44236.458984375,118264.81808753886,130354.19047362797,-9.274249137801915,3,-0.07129425629159858,REFERENCE,This test uses the supplied/current ticker universe and is not a survivorship-bias-free historical index-constituent study.
2025-07-03,T1_45D,74028.35910316386,44317.756103515625,118346.11520667949,130354.19047362797,-9.211882811989724,3,0.06874159234782073,REFERENCE,This test uses the supplied/current ticker universe and is not a survivorship-bias-free historical index-constituent study.
2025-07-04,T1_45D,74028.35910316386,44598.12255859375,118626.48166175761,130354.19047362797,-8.996802303983465,3,0.23690380929572985,REFERENCE,This test uses the supplied/current ticker universe and is not a survivorship-bias-free historical index-constituent study.
2025-07-07,T1_45D,74028.35910316386,44616.546142578125,118644.90524574199,130354.19047362797,-8.982668823565664,3,0.015530751419312594,REFERENCE,This test uses the supplied/current ticker universe and is not a survivorship-bias-free historical index-constituent study.
2025-07-08,T1_45D,74028.35910316386,44274.13720703125,118302.49631019511,130354.19047362797,-9.24534464112302,3,-0.2885997800223028,REFERENCE,This test uses the supplied/current ticker universe and is not a survivorship-bias-free historical index-constituent study.
2025-07-09,T1_45D,74028.35910316386,44361.67858886719,118390.03769203105,130354.19047362797,-9.178188087491822,3,0.07399791599189687,REFERENCE,This test uses the supplied/current ticker universe and is not a survivorship-bias-free historical index-constituent study.
2025-07-10,T1_45D,74028.35910316386,43930.78381347656,117959.14291664043,130354.19047362797,-9.508744990821905,3,-0.3639620223041984,REFERENCE,This test uses the supplied/current ticker universe and is not a survivorship-bias-free historical index-constituent study.
2025-07-11,T1_45D,74028.35910316386,43420.740966796875,117449.10006996074,130354.19047362797,-9.900019597972243,3,-0.4323894138838602,REFERENCE,This test uses the supplied/current ticker universe and is not a survivorship-bias-free historical index-constituent study.
2025-07-14,T1_45D,80711.68955686856,36792.6572265625,117504.34678343106,130354.19047362797,-9.857637597616453,2,0.04703885635344296,REFERENCE,This test uses the supplied/current ticker universe and is not a survivorship-bias-free historical index-constituent study.
2025-07-15,T1_45D,80711.68955686856,36944.87646484375,117656.56602171231,130354.19047362797,-9.740864030362362,2,0.1295434955796093,REFERENCE,This test uses the supplied/current ticker universe and is not a survivorship-bias-free historical index-constituent study.
2025-07-16,T1_45D,80711.68955686856,36852.51208496094,117564.2016418295,130354.19047362797,-9.811720501909004,2,-0.07850337894934611,REFERENCE,This test uses the supplied/current ticker universe and is not a survivorship-bias-free historical index-constituent study.
2025-07-17,T1_45D,80711.68955686856,36444.75866699219,117156.44822386075,130354.19047362797,-10.124524728982355,2,-0.3468346760955421,REFERENCE,This test uses the supplied/current ticker universe and is not a survivorship-bias-free historical index-constituent study.
2025-07-18,T1_45D,99168.69709733815,17286.953247070312,116455.65034440847,130354.19047362797,-10.66213527829113,1,-0.5981726913683816,REFERENCE,This test uses the supplied/current ticker universe and is not a survivorship-bias-free historical index-constituent study.
2025-07-21,T1_45D,99168.69709733815,17667.594360351562,116836.29145768972,130354.19047362797,-10.370130002589416,1,0.3268549977227586,REFERENCE,This test uses the supplied/current ticker universe and is not a survivorship-bias-free historical index-constituent study.
2025-07-22,T1_45D,99168.69709733815,17725.88232421875,116894.5794215569,130354.19047362797,-10.325414935390276,1,0.0498885775472413,REFERENCE,This test uses the supplied/current ticker universe and is not a survivorship-bias-free historical index-constituent study.
2025-07-23,T1_45D,99168.69709733815,17877.786987304688,117046.48408464284,130354.19047362797,-10.208882691559818,1,0.129950134418233,REFERENCE,This test uses the supplied/current ticker universe and is not a survivorship-bias-free historical index-constituent study.
2025-07-24,T1_45D,99168.69709733815,17788.586791992188,116957.28388933034,130354.19047362797,-10.277311788459887,1,-0.07620920526583141,REFERENCE,This test uses the supplied/current ticker universe and is not a survivorship-bias-free historical index-constituent study.
2025-07-25,T1_45D,99168.69709733815,17747.860473632812,116916.55757097097,130354.19047362797,-10.308554603294917,1,-0.03482153227661877,REFERENCE,This test uses the supplied/current ticker universe and is not a survivorship-bias-free historical index-constituent study.
2025-07-28,T1_45D,42120.84697817923,74749.63696289062,116870.48394106986,130354.19047362797,-10.343899558247038,3,-0.0394072754606567,REFERENCE,This test uses the supplied/current ticker universe and is not a survivorship-bias-free historical index-constituent study.
2025-07-29,T1_45D,42120.84697817923,75079.55017089844,117200.39714907767,130354.19047362797,-10.090809721388627,3,0.2822895883396681,REFERENCE,This test uses the supplied/current ticker universe and is not a survivorship-bias-free historical index-constituent study.
2025-07-30,T1_45D,42120.84697817923,75012.42846679688,117133.27544497611,130354.19047362797,-10.142301509920838,3,-0.0572708845143155,REFERENCE,This test uses the supplied/current ticker universe and is not a survivorship-bias-free historical index-constituent study.
2025-07-31,T1_45D,71945.06717489593,46036.33703613281,117981.40421102874,130354.19047362797,-9.4916674467035,2,0.7240715866867697,REFERENCE,This test uses the supplied/current ticker universe and is not a survivorship-bias-free historical index-constituent study.
2025-08-01,T1_45D,71945.06717489593,45893.04235839844,117838.10953329437,130354.19047362797,-9.601594620669863,2,-0.121455307887397,REFERENCE,This test uses the supplied/current ticker universe and is not a survivorship-bias-free historical index-constituent study.
2025-08-04,T1_45D,99810.92000873083,17636.305297851562,117447.22530658239,130354.19047362797,-9.901457805191772,1,-0.33171291381040025,REFERENCE,This test uses the supplied/current ticker universe and is not a survivorship-bias-free historical index-constituent study.
2025-08-05,T1_45D,99810.92000873083,17508.813354492188,117319.73336322301,130354.19047362797,-9.999262059045167,1,-0.1085525375559726,REFERENCE,This test uses the supplied/current ticker universe and is not a survivorship-bias-free historical index-constituent study.
2025-08-06,T1_45D,71396.7046219049,45988.39306640625,117385.09768831114,130354.19047362797,-9.949118427413051,2,0.055714689434016584,REFERENCE,This test uses the supplied/current ticker universe and is not a survivorship-bias-free historical index-constituent study.
2025-08-07,T1_45D,71396.7046219049,46012.86779785156,117409.57241975646,130354.19047362797,-9.930342865725017,2,0.020849947674195235,REFERENCE,This test uses the supplied/current ticker universe and is not a survivorship-bias-free historical index-constituent study.
2025-08-08,T1_45D,74023.05433460165,42984.759765625,117007.81410022665,130354.19047362797,-10.238548009011982,2,-0.3421853186667434,REFERENCE,This test uses the supplied/current ticker universe and is not a survivorship-bias-free historical index-constituent study.
2025-08-11,T1_45D,44867.16029291165,72562.18212890625,117429.3424218179,130354.19047362797,-9.915176493251977,3,0.36025655622466957,REFERENCE,This test uses the supplied/current ticker universe and is not a survivorship-bias-free historical index-constituent study.
2025-08-12,T1_45D,44867.16029291165,71907.6533203125,116774.81361322415,130354.19047362797,-10.417292156903136,3,-0.5573809706288069,REFERENCE,This test uses the supplied/current ticker universe and is not a survivorship-bias-free historical index-constituent study.
2025-08-13,T1_45D,44867.16029291165,72103.90844726562,116971.06874017727,130354.19047362797,-10.266736868852899,3,0.16806289034478894,REFERENCE,This test uses the supplied/current ticker universe and is not a survivorship-bias-free historical index-constituent study.
2025-08-14,T1_45D,44867.16029291165,72306.734375,117173.89466791165,130354.19047362797,-10.111140852340172,3,0.17339837099796807,REFERENCE,This test uses the supplied/current ticker universe and is not a survivorship-bias-free historical index-constituent study.
2025-08-18,T1_45D,44867.16029291165,73151.62182617188,118018.78211908352,130354.19047362797,-9.46299333356685,3,0.7210543385678392,REFERENCE,This test uses the supplied/current ticker universe and is not a survivorship-bias-free historical index-constituent study.
2025-08-19,T1_45D,44867.16029291165,73217.1708984375,118084.33119134915,130354.19047362797,-9.412707974862645,3,0.05554122071813605,REFERENCE,This test uses the supplied/current ticker universe and is not a survivorship-bias-free historical index-constituent study.
2025-08-20,T1_45D,44867.16029291165,73444.39331054688,118311.55360345852,130354.19047362797,-9.238396423171224,3,0.19242384642985666,REFERENCE,This test uses the supplied/current ticker universe and is not a survivorship-bias-free historical index-constituent study.
2025-08-21,T1_45D,44867.16029291165,73665.61303710938,118532.77333002102,130354.19047362797,-9.068689775645177,3,0.18698066234845712,REFERENCE,This test uses the supplied/current ticker universe and is not a survivorship-bias-free historical index-constituent study.
2025-08-22,T1_45D,44867.16029291165,72976.04296875,117843.20326166165,130354.19047362797,-9.597687014517131,3,-0.5817547746389651,REFERENCE,This test uses the supplied/current ticker universe and is not a survivorship-bias-free historical index-constituent study.
2025-08-25,T1_45D,44867.16029291165,72915.21691894531,117782.37721185696,130354.19047362797,-9.644349150643084,3,-0.05161608656345518,REFERENCE,This test uses the supplied/current ticker universe and is not a survivorship-bias-free historical index-constituent study.
2025-08-26,T1_45D,73412.4266033699,43963.33203125,117375.7586346199,130354.19047362797,-9.956282795246041,2,-0.34522870641817693,REFERENCE,This test uses the supplied/current ticker universe and is not a survivorship-bias-free historical index-constituent study.
2025-08-28,T1_45D,117430.79819744524,0.0,117430.79819744524,130354.19047362797,-9.914059708573209,0,0.04689176322743016,REFERENCE,This test uses the supplied/current ticker universe and is not a survivorship-bias-free historical index-constituent study.
2025-08-29,T1_45D,117430.79819744524,0.0,117430.79819744524,130354.19047362797,-9.914059708573209,0,0.0,REFERENCE,This test uses the supplied/current ticker universe and is not a survivorship-bias-free historical index-constituent study.
2025-09-01,T1_45D,117430.79819744524,0.0,117430.79819744524,130354.19047362797,-9.914059708573209,0,0.0,REFERENCE,This test uses the supplied/current ticker universe and is not a survivorship-bias-free historical index-constituent study.
2025-09-02,T1_45D,117430.79819744524,0.0,117430.79819744524,130354.19047362797,-9.914059708573209,0,0.0,REFERENCE,This test uses the supplied/current ticker universe and is not a survivorship-bias-free historical index-constituent study.
2025-09-03,T1_45D,117430.79819744524,0.0,117430.79819744524,130354.19047362797,-9.914059708573209,0,0.0,REFERENCE,This test uses the supplied/current ticker universe and is not a survivorship-bias-free historical index-constituent study.
2025-09-04,T1_45D,117430.79819744524,0.0,117430.79819744524,130354.19047362797,-9.914059708573209,0,0.0,REFERENCE,This test uses the supplied/current ticker universe and is not a survivorship-bias-free historical index-constituent study.
2025-09-05,T1_45D,117430.79819744524,0.0,117430.79819744524,130354.19047362797,-9.914059708573209,0,0.0,REFERENCE,This test uses the supplied/current ticker universe and is not a survivorship-bias-free historical index-constituent study.
2025-09-08,T1_45D,117430.79819744524,0.0,117430.79819744524,130354.19047362797,-9.914059708573209,0,0.0,REFERENCE,This test uses the supplied/current ticker universe and is not a survivorship-bias-free historical index-constituent study.
2025-09-09,T1_45D,117430.79819744524,0.0,117430.79819744524,130354.19047362797,-9.914059708573209,0,0.0,REFERENCE,This test uses the supplied/current ticker universe and is not a survivorship-bias-free historical index-constituent study.
2025-09-10,T1_45D,117430.79819744524,0.0,117430.79819744524,130354.19047362797,-9.914059708573209,0,0.0,REFERENCE,This test uses the supplied/current ticker universe and is not a survivorship-bias-free historical index-constituent study.
2025-09-11,T1_45D,117430.79819744524,0.0,117430.79819744524,130354.19047362797,-9.914059708573209,0,0.0,REFERENCE,This test uses the supplied/current ticker universe and is not a survivorship-bias-free historical index-constituent study.
2025-09-12,T1_45D,88822.39123249025,28481.7421875,117304.13341999025,130354.19047362797,-10.011229409826983,1,-0.10786333687523575,REFERENCE,This test uses the supplied/current ticker universe and is not a survivorship-bias-free historical index-constituent study.
2025-09-15,T1_45D,60913.990130644,56066.247802734375,116980.23793337838,130354.19047362797,-10.259702807908798,2,-0.27611600475510034,REFERENCE,This test uses the supplied/current ticker universe and is not a survivorship-bias-free historical index-constituent study.
2025-09-16,T1_45D,60913.990130644,56246.174072265625,117160.16420290963,130354.19047362797,-10.121674050354091,2,0.15380911571893918,REFERENCE,This test uses the supplied/current ticker universe and is not a survivorship-bias-free historical index-constituent study.
2025-09-17,T1_45D,60913.990130644,55855.647705078125,116769.63783572213,130354.19047362797,-10.421262706283418,2,-0.33332692032690403,REFERENCE,This test uses the supplied/current ticker universe and is not a survivorship-bias-free historical index-constituent study.
2025-09-18,T1_45D,60913.990130644,55947.109619140625,116861.09974978463,130354.19047362797,-10.351098552963766,2,0.07832679432573375,REFERENCE,This test uses the supplied/current ticker universe and is not a survivorship-bias-free historical index-constituent study.
2025-09-19,T1_45D,88786.4623401354,27654.706298828125,116441.16863896353,130354.19047362797,-10.673244783395885,1,-0.35934208365334674,REFERENCE,This test uses the supplied/current ticker universe and is not a survivorship-bias-free historical index-constituent study.
2025-09-22,T1_45D,88786.4623401354,27790.836669921875,116577.29901005728,130354.19047362797,-10.568813640370001,1,0.11690914191684332,REFERENCE,This test uses the supplied/current ticker universe and is not a survivorship-bias-free historical index-constituent study.
2025-09-23,T1_45D,88786.4623401354,27250.6201171875,116037.0824573229,130354.19047362797,-10.983235724364048,1,-0.4633977260768196,REFERENCE,This test uses the supplied/current ticker universe and is not a survivorship-bias-free historical index-constituent study.
2025-09-24,T1_45D,88786.4623401354,27545.581787109375,116332.04412724478,130354.19047362797,-10.756958633577662,1,0.254196041192567,REFERENCE,This test uses the supplied/current ticker universe and is not a survivorship-bias-free historical index-constituent study.
2025-09-25,T1_45D,88786.4623401354,27424.571044921875,116211.03338505728,130354.19047362797,-10.849790894472244,1,-0.10402184806030945,REFERENCE,This test uses the supplied/current ticker universe and is not a survivorship-bias-free historical index-constituent study.
2025-09-26,T1_45D,115795.37615612116,0.0,115795.37615612116,130354.19047362797,-11.168658456324977,0,-0.3576744968430523,REFERENCE,This test uses the supplied/current ticker universe and is not a survivorship-bias-free historical index-constituent study.
2025-09-29,T1_45D,100973.19414963588,14610.8896484375,115584.08379807338,130354.19047362797,-11.330749415794761,1,-0.18247046217364504,REFERENCE,This test uses the supplied/current ticker universe and is not a survivorship-bias-free historical index-constituent study.
2025-09-30,T1_45D,100973.19414963588,14494.427734375,115467.62188401088,130354.19047362797,-11.420092085669308,1,-0.10075947330772106,REFERENCE,This test uses the supplied/current ticker universe and is not a survivorship-bias-free historical index-constituent study.
2025-10-01,T1_45D,100973.19414963588,14539.1904296875,115512.38457932338,130354.19047362797,-11.385752801945593,1,0.03876644775577809,REFERENCE,This test uses the supplied/current ticker universe and is not a survivorship-bias-free historical index-constituent study.
2025-10-03,T1_45D,100973.19414963588,14787.9609375,115761.15508713588,130354.19047362797,-11.194910829847405,1,0.21536262862071887,REFERENCE,This test uses the supplied/current ticker universe and is not a survivorship-bias-free historical index-constituent study.
2025-10-06,T1_45D,100973.19414963588,14803.41015625,115776.60430588588,130354.19047362797,-11.183059105945114,1,0.013345771073525192,REFERENCE,This test uses the supplied/current ticker universe and is not a survivorship-bias-free historical index-constituent study.
2025-10-07,T1_45D,100973.19414963588,14774.4921875,115747.68633713588,130354.19047362797,-11.205243255641362,1,-0.02497738547728723,REFERENCE,This test uses the supplied/current ticker universe and is not a survivorship-bias-free historical index-constituent study.
2025-10-08,T1_45D,100973.19414963588,14774.888671875,115748.08282151088,130354.19047362797,-11.204939096355371,1,0.0003425419440761246,REFERENCE,This test uses the supplied/current ticker universe and is not a survivorship-bias-free historical index-constituent study.
2025-10-09,T1_45D,100973.19414963588,14930.9638671875,115904.15801682338,130354.19047362797,-11.085207467670921,1,0.1348404150703475,REFERENCE,This test uses the supplied/current ticker universe and is not a survivorship-bias-free historical index-constituent study.
2025-10-10,T1_45D,100973.19414963588,14989.5908203125,115962.78496994838,130354.19047362797,-11.040232348028066,1,0.05058226911625052,REFERENCE,This test uses the supplied/current ticker universe and is not a survivorship-bias-free historical index-constituent study.
2025-10-13,T1_45D,100973.19414963588,14932.15234375,115905.34649338588,130354.19047362797,-11.08429573897377,1,-0.04953181883082802,REFERENCE,This test uses the supplied/current ticker universe and is not a survivorship-bias-free historical index-constituent study.
2025-10-14,T1_45D,100973.19414963588,14832.3271484375,115805.52129807338,130354.19047362797,-11.160875705409667,1,-0.08612648021218972,REFERENCE,This test uses the supplied/current ticker universe and is not a survivorship-bias-free historical index-constituent study.
2025-10-15,T1_45D,100973.19414963588,15166.6611328125,116139.85528244838,130354.19047362797,-10.904394511241511,1,0.2887029742860481,REFERENCE,This test uses the supplied/current ticker universe and is not a survivorship-bias-free historical index-constituent study.
2025-10-16,T1_45D,100973.19414963588,15297.78125,116270.97539963588,130354.19047362797,-10.803806937715033,1,0.1128984678589573,REFERENCE,This test uses the supplied/current ticker universe and is not a survivorship-bias-free historical index-constituent study.
2025-10-17,T1_45D,100973.19414963588,15209.0478515625,116182.24200119838,130354.19047362797,-10.871877935751307,1,-0.07631603513474916,REFERENCE,This test uses the supplied/current ticker universe and is not a survivorship-bias-free historical index-constituent study.
2025-10-20,T1_45D,100973.19414963588,15340.958984375,116314.15313401088,130354.19047362797,-10.770683541974469,1,0.11353811954424309,REFERENCE,This test uses the supplied/current ticker universe and is not a survivorship-bias-free historical index-constituent study.
2025-10-21,T1_45D,100973.19414963588,15402.359375,116375.55352463588,130354.19047362797,-10.72358080565129,1,0.05278840877966928,REFERENCE,This test uses the supplied/current ticker universe and is not a survivorship-bias-free historical index-constituent study.
2025-10-23,T1_45D,100973.19414963588,15523.1796875,116496.37383713588,130354.19047362797,-10.630894631113275,1,0.10381932359566637,REFERENCE,This test uses the supplied/current ticker universe and is not a survivorship-bias-free historical index-constituent study.
2025-10-24,T1_45D,100973.19414963588,15468.5126953125,116441.70684494838,130354.19047362797,-10.672831903700274,1,-0.04692591742291308,REFERENCE,This test uses the supplied/current ticker universe and is not a survivorship-bias-free historical index-constituent study.
2025-10-27,T1_45D,100973.19414963588,15543.3828125,116516.57696213588,130354.19047362797,-10.61539599242234,1,0.06429836801276068,REFERENCE,This test uses the supplied/current ticker universe and is not a survivorship-bias-free historical index-constituent study.
2025-10-28,T1_45D,100973.19414963588,15737.486328125,116710.68047776088,130354.19047362797,-10.46649129291115,1,0.16658875559663056,REFERENCE,This test uses the supplied/current ticker universe and is not a survivorship-bias-free historical index-constituent study.
2025-10-29,T1_45D,100973.19414963588,15679.255859375,116652.45000901088,130354.19047362797,-10.511162253268026,1,-0.049893007659307376,REFERENCE,This test uses the supplied/current ticker universe and is not a survivorship-bias-free historical index-constituent study.
2025-10-30,T1_45D,100973.19414963588,15795.7177734375,116768.91192307338,130354.19047362797,-10.421819583393477,1,0.09983666357071819,REFERENCE,This test uses the supplied/current ticker universe and is not a survivorship-bias-free historical index-constituent study.
2025-10-31,T1_45D,71907.38712744512,45104.72570800781,117012.11283545294,130354.19047362797,-10.23525027442388,2,0.20827539485832602,REFERENCE,This test uses the supplied/current ticker universe and is not a survivorship-bias-free historical index-constituent study.
2025-11-03,T1_45D,71907.38712744512,45062.96630859375,116970.35343603887,130354.19047362797,-10.267285607743304,2,-0.03568809963527819,REFERENCE,This test uses the supplied/current ticker universe and is not a survivorship-bias-free historical index-constituent study.
2025-11-04,T1_45D,71907.38712744512,44622.34875488281,116529.73588232794,130354.19047362797,-10.605301249672417,2,-0.3766916494373662,REFERENCE,This test uses the supplied/current ticker universe and is not a survivorship-bias-free historical index-constituent study.
2025-11-06,T1_45D,71907.38712744512,44435.09948730469,116342.48661474981,130354.19047362797,-10.748947776798069,2,-0.16068797046550065,REFERENCE,This test uses the supplied/current ticker universe and is not a survivorship-bias-free historical index-constituent study.
2025-11-07,T1_45D,71907.38712744512,44369.30908203125,116276.69620947637,130354.19047362797,-10.7994182718657,2,-0.0565489076155723,REFERENCE,This test uses the supplied/current ticker universe and is not a survivorship-bias-free historical index-constituent study.
2025-11-10,T1_45D,71907.38712744512,44576.84387207031,116484.23099951544,130354.19047362797,-10.640209895606368,2,0.17848356274690058,REFERENCE,This test uses the supplied/current ticker universe and is not a survivorship-bias-free historical index-constituent study.
2025-11-11,T1_45D,71907.38712744512,44933.91552734375,116841.30265478887,130354.19047362797,-10.366285709528377,2,0.30654076711458256,REFERENCE,This test uses the supplied/current ticker universe and is not a survivorship-bias-free historical index-constituent study.
2025-11-12,T1_45D,71907.38712744512,44867.406005859375,116774.7931333045,130354.19047362797,-10.417307867882252,2,-0.05692295444607032,REFERENCE,This test uses the supplied/current ticker universe and is not a survivorship-bias-free historical index-constituent study.
2025-11-13,T1_45D,71907.38712744512,44973.04443359375,116880.43156103887,130354.19047362797,-10.336268334476738,2,0.0904633824645451,REFERENCE,This test uses the supplied/current ticker universe and is not a survivorship-bias-free historical index-constituent study.
2025-11-14,T1_45D,71907.38712744512,45067.62829589844,116975.01542334356,130354.19047362797,-10.263709207715232,2,0.0809236080338227,REFERENCE,This test uses the supplied/current ticker universe and is not a survivorship-bias-free historical index-constituent study.
2025-11-17,T1_45D,71907.38712744512,45365.03454589844,117272.42167334356,130354.19047362797,-10.035556780148925,2,0.2542476689775697,REFERENCE,This test uses the supplied/current ticker universe and is not a survivorship-bias-free historical index-constituent study.
2025-11-18,T1_45D,71907.38712744512,45132.72412109375,117040.11124853887,130354.19047362797,-10.21377155326869,2,-0.1980946768983527,REFERENCE,This test uses the supplied/current ticker universe and is not a survivorship-bias-free historical index-constituent study.
2025-11-19,T1_45D,71907.38712744512,45275.400390625,117182.78751807012,130354.19047362797,-10.104318785380784,2,0.12190373711133962,REFERENCE,This test uses the supplied/current ticker universe and is not a survivorship-bias-free historical index-constituent study.
2025-11-20,T1_45D,71907.38712744512,45766.456787109375,117673.8439145545,130354.19047362797,-9.727609456206043,2,0.41905164306546006,REFERENCE,This test uses the supplied/current ticker universe and is not a survivorship-bias-free historical index-constituent study.
2025-11-21,T1_45D,71907.38712744512,45398.212158203125,117305.59928564825,130354.19047362797,-10.010104884675409,2,-0.3129366872502648,REFERENCE,This test uses the supplied/current ticker universe and is not a survivorship-bias-free historical index-constituent study.
2025-11-24,T1_45D,71907.38712744512,45384.72473144531,117292.11185889044,130354.19047362797,-10.020451638169725,2,-0.011497683691097382,REFERENCE,This test uses the supplied/current ticker universe and is not a survivorship-bias-free historical index-constituent study.
2025-11-25,T1_45D,71907.38712744512,45043.02966308594,116950.41679053106,130354.19047362797,-10.282579819180137,2,-0.29131973407594547,REFERENCE,This test uses the supplied/current ticker universe and is not a survivorship-bias-free historical index-constituent study.
2025-11-26,T1_45D,71907.38712744512,45717.82165527344,117625.20878271856,130354.19047362797,-9.764919443448672,2,0.5769898138936247,REFERENCE,This test uses the supplied/current ticker universe and is not a survivorship-bias-free historical index-constituent study.
2025-11-27,T1_45D,88110.69246152532,29792.25219726563,117902.94465879095,130354.19047362797,-9.551856959562832,1,0.23611934800935597,REFERENCE,This test uses the supplied/current ticker universe and is not a survivorship-bias-free historical index-constituent study.
2025-11-28,T1_45D,88110.69246152532,29736.179809570312,117846.87227109564,130354.19047362797,-9.594872368190345,1,-0.047558089289101435,REFERENCE,This test uses the supplied/current ticker universe and is not a survivorship-bias-free historical index-constituent study.
2025-12-01,T1_45D,88110.69246152532,29573.864135742188,117684.55659726751,130354.19047362797,-9.719391321695682,1,-0.13773439269116894,REFERENCE,This test uses the supplied/current ticker universe and is not a survivorship-bias-free historical index-constituent study.
2025-12-02,T1_45D,88110.69246152532,29210.868530273438,117321.56099179876,130354.19047362797,-9.997860010849324,1,-0.3084479527003414,REFERENCE,This test uses the supplied/current ticker universe and is not a survivorship-bias-free historical index-constituent study.
2025-12-03,T1_45D,88110.69246152532,29526.644897460938,117637.33735898626,130354.19047362797,-9.75561511941917,1,0.2691545906123638,REFERENCE,This test uses the supplied/current ticker universe and is not a survivorship-bias-free historical index-constituent study.
2025-12-04,T1_45D,60437.06737783228,57044.7265625,117481.79394033228,130354.19047362797,-9.874938800605648,2,-0.1322228317522378,REFERENCE,This test uses the supplied/current ticker universe and is not a survivorship-bias-free historical index-constituent study.
2025-12-05,T1_45D,60437.06737783228,57603.2509765625,118040.31835439478,130354.19047362797,-9.446472011748952,2,0.47541358991007865,REFERENCE,This test uses the supplied/current ticker universe and is not a survivorship-bias-free historical index-constituent study.
2025-12-08,T1_45D,60437.06737783228,57309.6572265625,117746.72460439478,130354.19047362797,-9.67169971554065,2,-0.24872327870086863,REFERENCE,This test uses the supplied/current ticker universe and is not a survivorship-bias-free historical index-constituent study.
2025-12-09,T1_45D,60437.06737783228,57138.13427734375,117575.20165517603,130354.19047362797,-9.803281944386178,2,-0.1456711002323252,REFERENCE,This test uses the supplied/current ticker universe and is not a survivorship-bias-free historical index-constituent study.
2025-12-10,T1_45D,32250.095131730683,85189.14855957031,117439.243691301,130354.19047362797,-9.907580826824125,3,-0.11563489746228006,REFERENCE,This test uses the supplied/current ticker universe and is not a survivorship-bias-free historical index-constituent study.
2025-12-11,T1_45D,32250.095131730683,85930.42626953125,118180.52140126194,130354.19047362797,-9.33891655353335,3,0.6312010250248523,REFERENCE,This test uses the supplied/current ticker universe and is not a survivorship-bias-free historical index-constituent study.
2025-12-12,T1_45D,32250.095131730683,86235.27453613281,118485.3696678635,130354.19047362797,-9.105055052423229,3,0.2579513637162689,REFERENCE,This test uses the supplied/current ticker universe and is not a survivorship-bias-free historical index-constituent study.
2025-12-15,T1_45D,32250.095131730683,86259.154296875,118509.24942860569,130354.19047362797,-9.08673591695438,3,0.020154185119336532,REFERENCE,This test uses the supplied/current ticker universe and is not a survivorship-bias-free historical index-constituent study.
2025-12-16,T1_45D,32250.095131730683,85757.95129394531,118008.046425676,130354.19047362797,-9.471229120516632,3,-0.4229231096697039,REFERENCE,This test uses the supplied/current ticker universe and is not a survivorship-bias-free historical index-constituent study.
2025-12-17,T1_45D,32250.095131730683,85628.19262695312,117878.28775868381,130354.19047362797,-9.570772270238725,3,-0.10995747402183786,REFERENCE,This test uses the supplied/current ticker universe and is not a survivorship-bias-free historical index-constituent study.
2025-12-18,T1_45D,59763.49228576348,56857.55212402344,116621.04440978692,130354.19047362797,-10.535254765453372,2,-1.0665605793924282,REFERENCE,This test uses the supplied/current ticker universe and is not a survivorship-bias-free historical index-constituent study.
2025-12-19,T1_45D,59763.49228576348,57322.649169921875,117086.14145568536,130354.19047362797,-10.178459909677306,2,0.39881056481039234,REFERENCE,This test uses the supplied/current ticker universe and is not a survivorship-bias-free historical index-constituent study.
2025-12-22,T1_45D,59763.49228576348,57379.95104980469,117143.44333556817,130354.19047362797,-10.134501307598908,2,0.04893993359966764,REFERENCE,This test uses the supplied/current ticker universe and is not a survivorship-bias-free historical index-constituent study.
2025-12-23,T1_45D,59763.49228576348,57548.32702636719,117311.81931213067,130354.19047362797,-10.005333249440806,2,0.14373487048708888,REFERENCE,This test uses the supplied/current ticker universe and is not a survivorship-bias-free historical index-constituent study.
2025-12-24,T1_45D,59763.49228576348,57529.987548828125,117293.4798345916,130354.19047362797,-10.019402208384454,2,-0.015633102995582515,REFERENCE,This test uses the supplied/current ticker universe and is not a survivorship-bias-free historical index-constituent study.
2025-12-26,T1_45D,59763.49228576348,57335.80187988281,117099.2941656463,130354.19047362797,-10.168369931048193,2,-0.16555538229333644,REFERENCE,This test uses the supplied/current ticker universe and is not a survivorship-bias-free historical index-constituent study.
2025-12-29,T1_45D,59763.49228576348,57264.379150390625,117027.8714361541,130354.19047362797,-10.223161211046694,2,-0.060993304870948784,REFERENCE,This test uses the supplied/current ticker universe and is not a survivorship-bias-free historical index-constituent study.
2025-12-30,T1_45D,31428.353183857183,85369.01696777344,116797.37015163062,130354.19047362797,-10.39998811909314,3,-0.19696272494303946,REFERENCE,This test uses the supplied/current ticker universe and is not a survivorship-bias-free historical index-constituent study.
2025-12-31,T1_45D,2839.8058668036647,114198.15161132812,117037.9574781318,130354.19047362797,-10.21542379812499,4,0.20598693805249368,REFERENCE,This test uses the supplied/current ticker universe and is not a survivorship-bias-free historical index-constituent study.
2026-01-01,T1_45D,31510.79276232352,86336.78540039062,117847.57816271414,130354.19047362797,-9.594330850026678,3,0.6917590686197794,REFERENCE,This test uses the supplied/current ticker universe and is not a survivorship-bias-free historical index-constituent study.
2026-01-02,T1_45D,31510.79276232352,86930.8798828125,118441.67264513602,130354.19047362797,-9.1385768153744,3,0.5041210788410133,REFERENCE,This test uses the supplied/current ticker universe and is not a survivorship-bias-free historical index-constituent study.
2026-01-05,T1_45D,87874.92025833689,28302.74560546875,116177.66586380564,130354.19047362797,-10.875388476821069,1,-1.91149511043599,REFERENCE,This test uses the supplied/current ticker universe and is not a survivorship-bias-free historical index-constituent study.
2026-01-06,T1_45D,87874.92025833689,28404.933837890625,116279.85409622751,130354.19047362797,-10.796995728532288,1,0.08795858624124353,REFERENCE,This test uses the supplied/current ticker universe and is not a survivorship-bias-free historical index-constituent study.
2026-01-07,T1_45D,87874.92025833689,28877.117431640625,116752.03768997751,130354.19047362797,-10.434764493744686,1,0.40607515155570706,REFERENCE,This test uses the supplied/current ticker universe and is not a survivorship-bias-free historical index-constituent study.
2026-01-08,T1_45D,87874.92025833689,28424.31591796875,116299.23617630564,130354.19047362797,-10.782126946786407,1,-0.38783178660593,REFERENCE,This test uses the supplied/current ticker universe and is not a survivorship-bias-free historical index-constituent study.
2026-01-09,T1_45D,87874.92025833689,28438.4091796875,116313.32943802439,130354.19047362797,-10.77131543265899,1,0.012118103421920878,REFERENCE,This test uses the supplied/current ticker universe and is not a survivorship-bias-free historical index-constituent study.
2026-01-12,T1_45D,87874.92025833689,28117.7490234375,115992.66928177439,130354.19047362797,-11.017306877264577,1,-0.27568650798605043,REFERENCE,This test uses the supplied/current ticker universe and is not a survivorship-bias-free historical index-constituent study.
2026-01-13,T1_45D,87874.92025833689,28172.366455078125,116047.28671341501,130354.19047362797,-10.975407624588328,1,0.0470869684944919,REFERENCE,This test uses the supplied/current ticker universe and is not a survivorship-bias-free historical index-constituent study.
2026-01-14,T1_45D,87874.92025833689,28186.4619140625,116061.38217239939,130354.19047362797,-10.964594424849095,1,0.01214630637524916,REFERENCE,This test uses the supplied/current ticker universe and is not a survivorship-bias-free historical index-constituent study.
2026-01-15,T1_45D,87874.92025833689,28186.4619140625,116061.38217239939,130354.19047362797,-10.964594424849095,1,0.0,REFERENCE,This test uses the supplied/current ticker universe and is not a survivorship-bias-free historical index-constituent study.
2026-01-16,T1_45D,117677.14726474979,0.0,117677.14726474979,130354.19047362797,-9.725075321949761,0,1.3921642686887115,REFERENCE,This test uses the supplied/current ticker universe and is not a survivorship-bias-free historical index-constituent study.
2026-01-19,T1_45D,107771.65961803033,10005.15234375,117776.81196178033,130354.19047362797,-9.648618480272154,1,0.08469333200806783,REFERENCE,This test uses the supplied/current ticker universe and is not a survivorship-bias-free historical index-constituent study.
2026-01-20,T1_45D,107771.65961803033,9833.232421875,117604.89203990533,130354.19047362797,-9.780505242984084,1,-0.14597094199729765,REFERENCE,This test uses the supplied/current ticker universe and is not a survivorship-bias-free historical index-constituent study.
2026-01-21,T1_45D,107771.65961803033,9805.25830078125,117576.91791881158,130354.19047362797,-9.801965328764295,1,-0.023786528441571697,REFERENCE,This test uses the supplied/current ticker universe and is not a survivorship-bias-free historical index-constituent study.
2026-01-22,T1_45D,107771.65961803033,9925.31103515625,117696.97065318658,130354.19047362797,-9.709867994617383,1,0.10210569940087844,REFERENCE,This test uses the supplied/current ticker universe and is not a survivorship-bias-free historical index-constituent study.
2026-01-23,T1_45D,107771.65961803033,9948.03955078125,117719.69916881158,130354.19047362797,-9.692432026090081,1,0.01931104555950025,REFERENCE,This test uses the supplied/current ticker universe and is not a survivorship-bias-free historical index-constituent study.
2026-01-27,T1_45D,107771.65961803033,10024.9658203125,117796.62543834283,130354.19047362797,-9.633418756741596,1,0.06534698106979153,REFERENCE,This test uses the supplied/current ticker universe and is not a survivorship-bias-free historical index-constituent study.
2026-01-28,T1_45D,107771.65961803033,10079.747314453125,117851.40693248346,130354.19047362797,-9.59139364505045,1,0.04650514727122523,REFERENCE,This test uses the supplied/current ticker universe and is not a survivorship-bias-free historical index-constituent study.
2026-01-29,T1_45D,107771.65961803033,10033.125,117804.78461803033,130354.19047362797,-9.627159518233142,1,-0.03956025275102526,REFERENCE,This test uses the supplied/current ticker universe and is not a survivorship-bias-free historical index-constituent study.
2026-01-30,T1_45D,107771.65961803033,9881.602294921875,117653.2619129522,130354.19047362797,-9.743398746544552,1,-0.12862185994347852,REFERENCE,This test uses the supplied/current ticker universe and is not a survivorship-bias-free historical index-constituent study.
2026-02-02,T1_45D,107771.65961803033,9772.0400390625,117543.69965709283,130354.19047362797,-9.827448408056227,1,-0.09312300745255575,REFERENCE,This test uses the supplied/current ticker universe and is not a survivorship-bias-free historical index-constituent study.
2026-02-03,T1_45D,107771.65961803033,9879.854736328125,117651.51435435846,130354.19047362797,-9.74473936980138,1,0.09172307625175957,REFERENCE,This test uses the supplied/current ticker universe and is not a survivorship-bias-free historical index-constituent study.
2026-02-04,T1_45D,107771.65961803033,9451.512451171875,117223.1720692022,130354.19047362797,-10.073338154082823,1,-0.36407715404844776,REFERENCE,This test uses the supplied/current ticker universe and is not a survivorship-bias-free historical index-constituent study.
2026-02-05,T1_45D,107771.65961803033,9382.743896484375,117154.4035145147,130354.19047362797,-10.126093308664075,1,-0.05866464238564184,REFERENCE,This test uses the supplied/current ticker universe and is not a survivorship-bias-free historical index-constituent study.
2026-02-06,T1_45D,107771.65961803033,9287.750244140625,117059.40986217096,130354.19047362797,-10.198966802027499,1,-0.08108415005670944,REFERENCE,This test uses the supplied/current ticker universe and is not a survivorship-bias-free historical index-constituent study.
2026-02-09,T1_45D,107771.65961803033,9336.12158203125,117107.78120006158,130354.19047362797,-10.161859181846767,1,0.041322041472424687,REFERENCE,This test uses the supplied/current ticker universe and is not a survivorship-bias-free historical index-constituent study.
2026-02-10,T1_45D,107771.65961803033,9167.6982421875,116939.35786021783,130354.19047362797,-10.291063574303816,1,-0.14381908539110588,REFERENCE,This test uses the supplied/current ticker universe and is not a survivorship-bias-free historical index-constituent study.
2026-02-11,T1_45D,116859.11913836878,0.0,116859.11913836878,130354.19047362797,-10.352617960516874,0,-0.06861566825513421,REFERENCE,This test uses the supplied/current ticker universe and is not a survivorship-bias-free historical index-constituent study.
2026-02-12,T1_45D,116859.11913836878,0.0,116859.11913836878,130354.19047362797,-10.352617960516874,0,0.0,REFERENCE,This test uses the supplied/current ticker universe and is not a survivorship-bias-free historical index-constituent study.
2026-02-13,T1_45D,116859.11913836878,0.0,116859.11913836878,130354.19047362797,-10.352617960516874,0,0.0,REFERENCE,This test uses the supplied/current ticker universe and is not a survivorship-bias-free historical index-constituent study.
2026-02-16,T1_45D,116859.11913836878,0.0,116859.11913836878,130354.19047362797,-10.352617960516874,0,0.0,REFERENCE,This test uses the supplied/current ticker universe and is not a survivorship-bias-free historical index-constituent study.
2026-02-17,T1_45D,116859.11913836878,0.0,116859.11913836878,130354.19047362797,-10.352617960516874,0,0.0,REFERENCE,This test uses the supplied/current ticker universe and is not a survivorship-bias-free historical index-constituent study.
2026-02-18,T1_45D,116859.11913836878,0.0,116859.11913836878,130354.19047362797,-10.352617960516874,0,0.0,REFERENCE,This test uses the supplied/current ticker universe and is not a survivorship-bias-free historical index-constituent study.
2026-02-19,T1_45D,116859.11913836878,0.0,116859.11913836878,130354.19047362797,-10.352617960516874,0,0.0,REFERENCE,This test uses the supplied/current ticker universe and is not a survivorship-bias-free historical index-constituent study.
2026-02-20,T1_45D,116859.11913836878,0.0,116859.11913836878,130354.19047362797,-10.352617960516874,0,0.0,REFERENCE,This test uses the supplied/current ticker universe and is not a survivorship-bias-free historical index-constituent study.
2026-02-23,T1_45D,116859.11913836878,0.0,116859.11913836878,130354.19047362797,-10.352617960516874,0,0.0,REFERENCE,This test uses the supplied/current ticker universe and is not a survivorship-bias-free historical index-constituent study.
2026-02-24,T1_45D,116859.11913836878,0.0,116859.11913836878,130354.19047362797,-10.352617960516874,0,0.0,REFERENCE,This test uses the supplied/current ticker universe and is not a survivorship-bias-free historical index-constituent study.
2026-02-25,T1_45D,116859.11913836878,0.0,116859.11913836878,130354.19047362797,-10.352617960516874,0,0.0,REFERENCE,This test uses the supplied/current ticker universe and is not a survivorship-bias-free historical index-constituent study.
2026-02-26,T1_45D,116859.11913836878,0.0,116859.11913836878,130354.19047362797,-10.352617960516874,0,0.0,REFERENCE,This test uses the supplied/current ticker universe and is not a survivorship-bias-free historical index-constituent study.
2026-02-27,T1_45D,116859.11913836878,0.0,116859.11913836878,130354.19047362797,-10.352617960516874,0,0.0,REFERENCE,This test uses the supplied/current ticker universe and is not a survivorship-bias-free historical index-constituent study.
2026-03-02,T1_45D,116859.11913836878,0.0,116859.11913836878,130354.19047362797,-10.352617960516874,0,0.0,REFERENCE,This test uses the supplied/current ticker universe and is not a survivorship-bias-free historical index-constituent study.
2026-03-04,T1_45D,116859.11913836878,0.0,116859.11913836878,130354.19047362797,-10.352617960516874,0,0.0,REFERENCE,This test uses the supplied/current ticker universe and is not a survivorship-bias-free historical index-constituent study.
2026-03-05,T1_45D,116859.11913836878,0.0,116859.11913836878,130354.19047362797,-10.352617960516874,0,0.0,REFERENCE,This test uses the supplied/current ticker universe and is not a survivorship-bias-free historical index-constituent study.
2026-03-06,T1_45D,116859.11913836878,0.0,116859.11913836878,130354.19047362797,-10.352617960516874,0,0.0,REFERENCE,This test uses the supplied/current ticker universe and is not a survivorship-bias-free historical index-constituent study.
2026-03-09,T1_45D,116859.11913836878,0.0,116859.11913836878,130354.19047362797,-10.352617960516874,0,0.0,REFERENCE,This test uses the supplied/current ticker universe and is not a survivorship-bias-free historical index-constituent study.
2026-03-10,T1_45D,116859.11913836878,0.0,116859.11913836878,130354.19047362797,-10.352617960516874,0,0.0,REFERENCE,This test uses the supplied/current ticker universe and is not a survivorship-bias-free historical index-constituent study.
2026-03-11,T1_45D,116859.11913836878,0.0,116859.11913836878,130354.19047362797,-10.352617960516874,0,0.0,REFERENCE,This test uses the supplied/current ticker universe and is not a survivorship-bias-free historical index-constituent study.
2026-03-12,T1_45D,116859.11913836878,0.0,116859.11913836878,130354.19047362797,-10.352617960516874,0,0.0,REFERENCE,This test uses the supplied/current ticker universe and is not a survivorship-bias-free historical index-constituent study.
2026-03-13,T1_45D,116859.11913836878,0.0,116859.11913836878,130354.19047362797,-10.352617960516874,0,0.0,REFERENCE,This test uses the supplied/current ticker universe and is not a survivorship-bias-free historical index-constituent study.
2026-03-16,T1_45D,116859.11913836878,0.0,116859.11913836878,130354.19047362797,-10.352617960516874,0,0.0,REFERENCE,This test uses the supplied/current ticker universe and is not a survivorship-bias-free historical index-constituent study.
2026-03-17,T1_45D,116859.11913836878,0.0,116859.11913836878,130354.19047362797,-10.352617960516874,0,0.0,REFERENCE,This test uses the supplied/current ticker universe and is not a survivorship-bias-free historical index-constituent study.
2026-03-18,T1_45D,116859.11913836878,0.0,116859.11913836878,130354.19047362797,-10.352617960516874,0,0.0,REFERENCE,This test uses the supplied/current ticker universe and is not a survivorship-bias-free historical index-constituent study.
2026-03-19,T1_45D,116859.11913836878,0.0,116859.11913836878,130354.19047362797,-10.352617960516874,0,0.0,REFERENCE,This test uses the supplied/current ticker universe and is not a survivorship-bias-free historical index-constituent study.
2026-03-20,T1_45D,116859.11913836878,0.0,116859.11913836878,130354.19047362797,-10.352617960516874,0,0.0,REFERENCE,This test uses the supplied/current ticker universe and is not a survivorship-bias-free historical index-constituent study.
2026-03-23,T1_45D,116859.11913836878,0.0,116859.11913836878,130354.19047362797,-10.352617960516874,0,0.0,REFERENCE,This test uses the supplied/current ticker universe and is not a survivorship-bias-free historical index-constituent study.
2026-03-24,T1_45D,116859.11913836878,0.0,116859.11913836878,130354.19047362797,-10.352617960516874,0,0.0,REFERENCE,This test uses the supplied/current ticker universe and is not a survivorship-bias-free historical index-constituent study.
2026-03-25,T1_45D,116859.11913836878,0.0,116859.11913836878,130354.19047362797,-10.352617960516874,0,0.0,REFERENCE,This test uses the supplied/current ticker universe and is not a survivorship-bias-free historical index-constituent study.
2026-03-27,T1_45D,116859.11913836878,0.0,116859.11913836878,130354.19047362797,-10.352617960516874,0,0.0,REFERENCE,This test uses the supplied/current ticker universe and is not a survivorship-bias-free historical index-constituent study.
2026-03-30,T1_45D,116859.11913836878,0.0,116859.11913836878,130354.19047362797,-10.352617960516874,0,0.0,REFERENCE,This test uses the supplied/current ticker universe and is not a survivorship-bias-free historical index-constituent study.
2026-04-01,T1_45D,116859.11913836878,0.0,116859.11913836878,130354.19047362797,-10.352617960516874,0,0.0,REFERENCE,This test uses the supplied/current ticker universe and is not a survivorship-bias-free historical index-constituent study.
2026-04-02,T1_45D,116859.11913836878,0.0,116859.11913836878,130354.19047362797,-10.352617960516874,0,0.0,REFERENCE,This test uses the supplied/current ticker universe and is not a survivorship-bias-free historical index-constituent study.
2026-04-06,T1_45D,116859.11913836878,0.0,116859.11913836878,130354.19047362797,-10.352617960516874,0,0.0,REFERENCE,This test uses the supplied/current ticker universe and is not a survivorship-bias-free historical index-constituent study.
2026-04-07,T1_45D,116859.11913836878,0.0,116859.11913836878,130354.19047362797,-10.352617960516874,0,0.0,REFERENCE,This test uses the supplied/current ticker universe and is not a survivorship-bias-free historical index-constituent study.
2026-04-08,T1_45D,116859.11913836878,0.0,116859.11913836878,130354.19047362797,-10.352617960516874,0,0.0,REFERENCE,This test uses the supplied/current ticker universe and is not a survivorship-bias-free historical index-constituent study.
2026-04-09,T1_45D,116859.11913836878,0.0,116859.11913836878,130354.19047362797,-10.352617960516874,0,0.0,REFERENCE,This test uses the supplied/current ticker universe and is not a survivorship-bias-free historical index-constituent study.
2026-04-10,T1_45D,116859.11913836878,0.0,116859.11913836878,130354.19047362797,-10.352617960516874,0,0.0,REFERENCE,This test uses the supplied/current ticker universe and is not a survivorship-bias-free historical index-constituent study.
2026-04-13,T1_45D,116859.11913836878,0.0,116859.11913836878,130354.19047362797,-10.352617960516874,0,0.0,REFERENCE,This test uses the supplied/current ticker universe and is not a survivorship-bias-free historical index-constituent study.
2026-04-15,T1_45D,116859.11913836878,0.0,116859.11913836878,130354.19047362797,-10.352617960516874,0,0.0,REFERENCE,This test uses the supplied/current ticker universe and is not a survivorship-bias-free historical index-constituent study.
2026-04-16,T1_45D,116859.11913836878,0.0,116859.11913836878,130354.19047362797,-10.352617960516874,0,0.0,REFERENCE,This test uses the supplied/current ticker universe and is not a survivorship-bias-free historical index-constituent study.
2026-04-17,T1_45D,116859.11913836878,0.0,116859.11913836878,130354.19047362797,-10.352617960516874,0,0.0,REFERENCE,This test uses the supplied/current ticker universe and is not a survivorship-bias-free historical index-constituent study.
2026-04-20,T1_45D,116859.11913836878,0.0,116859.11913836878,130354.19047362797,-10.352617960516874,0,0.0,REFERENCE,This test uses the supplied/current ticker universe and is not a survivorship-bias-free historical index-constituent study.
2026-04-21,T1_45D,116859.11913836878,0.0,116859.11913836878,130354.19047362797,-10.352617960516874,0,0.0,REFERENCE,This test uses the supplied/current ticker universe and is not a survivorship-bias-free historical index-constituent study.
2026-04-22,T1_45D,116859.11913836878,0.0,116859.11913836878,130354.19047362797,-10.352617960516874,0,0.0,REFERENCE,This test uses the supplied/current ticker universe and is not a survivorship-bias-free historical index-constituent study.
2026-04-23,T1_45D,116859.11913836878,0.0,116859.11913836878,130354.19047362797,-10.352617960516874,0,0.0,REFERENCE,This test uses the supplied/current ticker universe and is not a survivorship-bias-free historical index-constituent study.
2026-04-24,T1_45D,116859.11913836878,0.0,116859.11913836878,130354.19047362797,-10.352617960516874,0,0.0,REFERENCE,This test uses the supplied/current ticker universe and is not a survivorship-bias-free historical index-constituent study.
2026-04-27,T1_45D,116859.11913836878,0.0,116859.11913836878,130354.19047362797,-10.352617960516874,0,0.0,REFERENCE,This test uses the supplied/current ticker universe and is not a survivorship-bias-free historical index-constituent study.
2026-04-28,T1_45D,116859.11913836878,0.0,116859.11913836878,130354.19047362797,-10.352617960516874,0,0.0,REFERENCE,This test uses the supplied/current ticker universe and is not a survivorship-bias-free historical index-constituent study.
2026-04-29,T1_45D,116859.11913836878,0.0,116859.11913836878,130354.19047362797,-10.352617960516874,0,0.0,REFERENCE,This test uses the supplied/current ticker universe and is not a survivorship-bias-free historical index-constituent study.
2026-04-30,T1_45D,116859.11913836878,0.0,116859.11913836878,130354.19047362797,-10.352617960516874,0,0.0,REFERENCE,This test uses the supplied/current ticker universe and is not a survivorship-bias-free historical index-constituent study.
2026-05-01,T1_45D,116859.11913836878,0.0,116859.11913836878,130354.19047362797,-10.352617960516874,0,0.0,REFERENCE,This test uses the supplied/current ticker universe and is not a survivorship-bias-free historical index-constituent study.
2026-05-04,T1_45D,116859.11913836878,0.0,116859.11913836878,130354.19047362797,-10.352617960516874,0,0.0,REFERENCE,This test uses the supplied/current ticker universe and is not a survivorship-bias-free historical index-constituent study.
2026-05-05,T1_45D,116859.11913836878,0.0,116859.11913836878,130354.19047362797,-10.352617960516874,0,0.0,REFERENCE,This test uses the supplied/current ticker universe and is not a survivorship-bias-free historical index-constituent study.
2026-05-06,T1_45D,116859.11913836878,0.0,116859.11913836878,130354.19047362797,-10.352617960516874,0,0.0,REFERENCE,This test uses the supplied/current ticker universe and is not a survivorship-bias-free historical index-constituent study.
2026-05-07,T1_45D,116859.11913836878,0.0,116859.11913836878,130354.19047362797,-10.352617960516874,0,0.0,REFERENCE,This test uses the supplied/current ticker universe and is not a survivorship-bias-free historical index-constituent study.
2026-05-08,T1_45D,116859.11913836878,0.0,116859.11913836878,130354.19047362797,-10.352617960516874,0,0.0,REFERENCE,This test uses the supplied/current ticker universe and is not a survivorship-bias-free historical index-constituent study.
2026-05-11,T1_45D,116859.11913836878,0.0,116859.11913836878,130354.19047362797,-10.352617960516874,0,0.0,REFERENCE,This test uses the supplied/current ticker universe and is not a survivorship-bias-free historical index-constituent study.
2026-05-12,T1_45D,116859.11913836878,0.0,116859.11913836878,130354.19047362797,-10.352617960516874,0,0.0,REFERENCE,This test uses the supplied/current ticker universe and is not a survivorship-bias-free historical index-constituent study.
2026-05-13,T1_45D,116859.11913836878,0.0,116859.11913836878,130354.19047362797,-10.352617960516874,0,0.0,REFERENCE,This test uses the supplied/current ticker universe and is not a survivorship-bias-free historical index-constituent study.
2026-05-14,T1_45D,116859.11913836878,0.0,116859.11913836878,130354.19047362797,-10.352617960516874,0,0.0,REFERENCE,This test uses the supplied/current ticker universe and is not a survivorship-bias-free historical index-constituent study.
2026-05-15,T1_45D,116859.11913836878,0.0,116859.11913836878,130354.19047362797,-10.352617960516874,0,0.0,REFERENCE,This test uses the supplied/current ticker universe and is not a survivorship-bias-free historical index-constituent study.
2026-05-18,T1_45D,116859.11913836878,0.0,116859.11913836878,130354.19047362797,-10.352617960516874,0,0.0,REFERENCE,This test uses the supplied/current ticker universe and is not a survivorship-bias-free historical index-constituent study.
2026-05-19,T1_45D,116859.11913836878,0.0,116859.11913836878,130354.19047362797,-10.352617960516874,0,0.0,REFERENCE,This test uses the supplied/current ticker universe and is not a survivorship-bias-free historical index-constituent study.
2026-05-20,T1_45D,116859.11913836878,0.0,116859.11913836878,130354.19047362797,-10.352617960516874,0,0.0,REFERENCE,This test uses the supplied/current ticker universe and is not a survivorship-bias-free historical index-constituent study.
2026-05-21,T1_45D,116859.11913836878,0.0,116859.11913836878,130354.19047362797,-10.352617960516874,0,0.0,REFERENCE,This test uses the supplied/current ticker universe and is not a survivorship-bias-free historical index-constituent study.
2026-05-22,T1_45D,116859.11913836878,0.0,116859.11913836878,130354.19047362797,-10.352617960516874,0,0.0,REFERENCE,This test uses the supplied/current ticker universe and is not a survivorship-bias-free historical index-constituent study.
2026-05-25,T1_45D,116859.11913836878,0.0,116859.11913836878,130354.19047362797,-10.352617960516874,0,0.0,REFERENCE,This test uses the supplied/current ticker universe and is not a survivorship-bias-free historical index-constituent study.
2026-05-26,T1_45D,116859.11913836878,0.0,116859.11913836878,130354.19047362797,-10.352617960516874,0,0.0,REFERENCE,This test uses the supplied/current ticker universe and is not a survivorship-bias-free historical index-constituent study.
2026-05-27,T1_45D,116859.11913836878,0.0,116859.11913836878,130354.19047362797,-10.352617960516874,0,0.0,REFERENCE,This test uses the supplied/current ticker universe and is not a survivorship-bias-free historical index-constituent study.
2026-05-28,T1_45D,116859.11913836878,0.0,116859.11913836878,130354.19047362797,-10.352617960516874,0,0.0,REFERENCE,This test uses the supplied/current ticker universe and is not a survivorship-bias-free historical index-constituent study.
2026-05-29,T1_45D,116859.11913836878,0.0,116859.11913836878,130354.19047362797,-10.352617960516874,0,0.0,REFERENCE,This test uses the supplied/current ticker universe and is not a survivorship-bias-free historical index-constituent study.
2026-06-01,T1_45D,116859.11913836878,0.0,116859.11913836878,130354.19047362797,-10.352617960516874,0,0.0,REFERENCE,This test uses the supplied/current ticker universe and is not a survivorship-bias-free historical index-constituent study.
2026-06-02,T1_45D,116859.11913836878,0.0,116859.11913836878,130354.19047362797,-10.352617960516874,0,0.0,REFERENCE,This test uses the supplied/current ticker universe and is not a survivorship-bias-free historical index-constituent study.
2026-06-03,T1_45D,116859.11913836878,0.0,116859.11913836878,130354.19047362797,-10.352617960516874,0,0.0,REFERENCE,This test uses the supplied/current ticker universe and is not a survivorship-bias-free historical index-constituent study.
2026-06-04,T1_45D,116859.11913836878,0.0,116859.11913836878,130354.19047362797,-10.352617960516874,0,0.0,REFERENCE,This test uses the supplied/current ticker universe and is not a survivorship-bias-free historical index-constituent study.
2026-06-05,T1_45D,116859.11913836878,0.0,116859.11913836878,130354.19047362797,-10.352617960516874,0,0.0,REFERENCE,This test uses the supplied/current ticker universe and is not a survivorship-bias-free historical index-constituent study.
2026-06-08,T1_45D,116859.11913836878,0.0,116859.11913836878,130354.19047362797,-10.352617960516874,0,0.0,REFERENCE,This test uses the supplied/current ticker universe and is not a survivorship-bias-free historical index-constituent study.
2026-06-09,T1_45D,116859.11913836878,0.0,116859.11913836878,130354.19047362797,-10.352617960516874,0,0.0,REFERENCE,This test uses the supplied/current ticker universe and is not a survivorship-bias-free historical index-constituent study.
2026-06-10,T1_45D,116859.11913836878,0.0,116859.11913836878,130354.19047362797,-10.352617960516874,0,0.0,REFERENCE,This test uses the supplied/current ticker universe and is not a survivorship-bias-free historical index-constituent study.
2026-06-11,T1_45D,116859.11913836878,0.0,116859.11913836878,130354.19047362797,-10.352617960516874,0,0.0,REFERENCE,This test uses the supplied/current ticker universe and is not a survivorship-bias-free historical index-constituent study.
2026-06-12,T1_45D,116859.11913836878,0.0,116859.11913836878,130354.19047362797,-10.352617960516874,0,0.0,REFERENCE,This test uses the supplied/current ticker universe and is not a survivorship-bias-free historical index-constituent study.
2026-06-15,T1_45D,116859.11913836878,0.0,116859.11913836878,130354.19047362797,-10.352617960516874,0,0.0,REFERENCE,This test uses the supplied/current ticker universe and is not a survivorship-bias-free historical index-constituent study.
2026-06-16,T1_45D,116859.11913836878,0.0,116859.11913836878,130354.19047362797,-10.352617960516874,0,0.0,REFERENCE,This test uses the supplied/current ticker universe and is not a survivorship-bias-free historical index-constituent study.
2026-06-17,T1_45D,116859.11913836878,0.0,116859.11913836878,130354.19047362797,-10.352617960516874,0,0.0,REFERENCE,This test uses the supplied/current ticker universe and is not a survivorship-bias-free historical index-constituent study.
2026-06-18,T1_45D,116859.11913836878,0.0,116859.11913836878,130354.19047362797,-10.352617960516874,0,0.0,REFERENCE,This test uses the supplied/current ticker universe and is not a survivorship-bias-free historical index-constituent study.
2026-06-19,T1_45D,116859.11913836878,0.0,116859.11913836878,130354.19047362797,-10.352617960516874,0,0.0,REFERENCE,This test uses the supplied/current ticker universe and is not a survivorship-bias-free historical index-constituent study.
2026-06-22,T1_45D,116859.11913836878,0.0,116859.11913836878,130354.19047362797,-10.352617960516874,0,0.0,REFERENCE,This test uses the supplied/current ticker universe and is not a survivorship-bias-free historical index-constituent study.
2026-06-23,T1_45D,116859.11913836878,0.0,116859.11913836878,130354.19047362797,-10.352617960516874,0,0.0,REFERENCE,This test uses the supplied/current ticker universe and is not a survivorship-bias-free historical index-constituent study.
2026-06-24,T1_45D,116859.11913836878,0.0,116859.11913836878,130354.19047362797,-10.352617960516874,0,0.0,REFERENCE,This test uses the supplied/current ticker universe and is not a survivorship-bias-free historical index-constituent study.
2026-06-25,T1_45D,116859.11913836878,0.0,116859.11913836878,130354.19047362797,-10.352617960516874,0,0.0,REFERENCE,This test uses the supplied/current ticker universe and is not a survivorship-bias-free historical index-constituent study.
2026-06-26,T1_45D,116859.11913836878,0.0,116859.11913836878,130354.19047362797,-10.352617960516874,0,0.0,REFERENCE,This test uses the supplied/current ticker universe and is not a survivorship-bias-free historical index-constituent study.
2026-06-29,T1_45D,116859.11913836878,0.0,116859.11913836878,130354.19047362797,-10.352617960516874,0,0.0,REFERENCE,This test uses the supplied/current ticker universe and is not a survivorship-bias-free historical index-constituent study.
2026-06-30,T1_45D,116859.11913836878,0.0,116859.11913836878,130354.19047362797,-10.352617960516874,0,0.0,REFERENCE,This test uses the supplied/current ticker universe and is not a survivorship-bias-free historical index-constituent study.
2026-07-01,T1_45D,116859.11913836878,0.0,116859.11913836878,130354.19047362797,-10.352617960516874,0,0.0,REFERENCE,This test uses the supplied/current ticker universe and is not a survivorship-bias-free historical index-constituent study.
2026-07-02,T1_45D,88182.26307561861,28415.79931640625,116598.06239202486,130354.19047362797,-10.552885205777962,1,-0.22339441565943918,REFERENCE,This test uses the supplied/current ticker universe and is not a survivorship-bias-free historical index-constituent study.
2026-07-03,T1_45D,88182.26307561861,28186.20068359375,116368.46375921236,130354.19047362797,-10.729019652993099,1,-0.1969146211371342,REFERENCE,This test uses the supplied/current ticker universe and is not a survivorship-bias-free historical index-constituent study.
2026-07-06,T1_45D,88182.26307561861,28287.0,116469.26307561861,130354.19047362797,-10.651692398656277,1,0.08662081903463292,REFERENCE,This test uses the supplied/current ticker universe and is not a survivorship-bias-free historical index-constituent study.
2026-07-07,T1_45D,116049.23868583448,0.0,116049.23868583448,130354.19047362797,-10.973910187173864,0,-0.36063110445837543,REFERENCE,This test uses the supplied/current ticker universe and is not a survivorship-bias-free historical index-constituent study.
2026-07-08,T1_45D,116049.23868583448,0.0,116049.23868583448,130354.19047362797,-10.973910187173864,0,0.0,REFERENCE,This test uses the supplied/current ticker universe and is not a survivorship-bias-free historical index-constituent study.
2026-07-09,T1_45D,116049.23868583448,0.0,116049.23868583448,130354.19047362797,-10.973910187173864,0,0.0,REFERENCE,This test uses the supplied/current ticker universe and is not a survivorship-bias-free historical index-constituent study.
2026-07-10,T1_45D,116049.23868583448,0.0,116049.23868583448,130354.19047362797,-10.973910187173864,0,0.0,REFERENCE,This test uses the supplied/current ticker universe and is not a survivorship-bias-free historical index-constituent study.
2026-07-13,T1_45D,116049.23868583448,0.0,116049.23868583448,130354.19047362797,-10.973910187173864,0,0.0,REFERENCE,This test uses the supplied/current ticker universe and is not a survivorship-bias-free historical index-constituent study.
2026-07-14,T1_45D,116049.23868583448,0.0,116049.23868583448,130354.19047362797,-10.973910187173864,0,0.0,REFERENCE,This test uses the supplied/current ticker universe and is not a survivorship-bias-free historical index-constituent study.
2026-07-15,T1_45D,116049.23868583448,0.0,116049.23868583448,130354.19047362797,-10.973910187173864,0,0.0,REFERENCE,This test uses the supplied/current ticker universe and is not a survivorship-bias-free historical index-constituent study.
2026-07-16,T1_45D,116049.23868583448,0.0,116049.23868583448,130354.19047362797,-10.973910187173864,0,0.0,REFERENCE,This test uses the supplied/current ticker universe and is not a survivorship-bias-free historical index-constituent study.
2026-07-17,T1_45D,116049.23868583448,0.0,116049.23868583448,130354.19047362797,-10.973910187173864,0,0.0,REFERENCE,This test uses the supplied/current ticker universe and is not a survivorship-bias-free historical index-constituent study.
2026-07-20,T1_45D,116049.23868583448,0.0,116049.23868583448,130354.19047362797,-10.973910187173864,0,0.0,REFERENCE,This test uses the supplied/current ticker universe and is not a survivorship-bias-free historical index-constituent study.
2026-07-21,T1_45D,87729.75442703799,28650.0,116379.75442703799,130354.19047362797,-10.720358122600715,1,0.2848064708966147,REFERENCE,This test uses the supplied/current ticker universe and is not a survivorship-bias-free historical index-constituent study.
2026-07-22,T1_45D,87729.75442703799,28301.99951171875,116031.75393875674,130354.19047362797,-10.98732344762542,1,-0.29902150077092404,REFERENCE,This test uses the supplied/current ticker universe and is not a survivorship-bias-free historical index-constituent study.
2026-07-23,T1_45D,115201.50006384749,0.0,115201.50006384749,130354.19047362797,-11.62424495501434,0,-0.7155402264689248,REFERENCE,This test uses the supplied/current ticker universe and is not a survivorship-bias-free historical index-constituent study.
2026-07-24,T1_45D,115201.50006384749,0.0,115201.50006384749,130354.19047362797,-11.62424495501434,0,0.0,REFERENCE,This test uses the supplied/current ticker universe and is not a survivorship-bias-free historical index-constituent study.
2026-07-27,T1_45D,115201.50006384749,0.0,115201.50006384749,130354.19047362797,-11.62424495501434,0,0.0,REFERENCE,This test uses the supplied/current ticker universe and is not a survivorship-bias-free historical index-constituent study.
2026-07-28,T1_45D,115201.50006384749,0.0,115201.50006384749,130354.19047362797,-11.62424495501434,0,0.0,REFERENCE,This test uses the supplied/current ticker universe and is not a survivorship-bias-free historical index-constituent study.
2026-07-29,T1_45D,115201.50006384749,0.0,115201.50006384749,130354.19047362797,-11.62424495501434,0,0.0,REFERENCE,This test uses the supplied/current ticker universe and is not a survivorship-bias-free historical index-constituent study.
2026-07-30,T1_45D,115201.50006384749,0.0,115201.50006384749,130354.19047362797,-11.62424495501434,0,0.0,REFERENCE,This test uses the supplied/current ticker universe and is not a survivorship-bias-free historical index-constituent study.
2026-07-31,T1_45D,115201.50006384749,0.0,115201.50006384749,130354.19047362797,-11.62424495501434,0,0.0,REFERENCE,This test uses the supplied/current ticker universe and is not a survivorship-bias-free historical index-constituent study.
2026-08-03,T1_45D,115201.50006384749,0.0,115201.50006384749,130354.19047362797,-11.62424495501434,0,0.0,REFERENCE,This test uses the supplied/current ticker universe and is not a survivorship-bias-free historical index-constituent study.
2026-08-04,T1_45D,115201.50006384749,0.0,115201.50006384749,130354.19047362797,-11.62424495501434,0,0.0,REFERENCE,This test uses the supplied/current ticker universe and is not a survivorship-bias-free historical index-constituent study.
2026-08-05,T1_45D,115201.50006384749,0.0,115201.50006384749,130354.19047362797,-11.62424495501434,0,0.0,REFERENCE,This test uses the supplied/current ticker universe and is not a survivorship-bias-free historical index-constituent study.
2026-08-06,T1_45D,88154.47330884749,27314.0,115468.47330884749,130354.19047362797,-11.419438923056347,1,0.23174459087080823,REFERENCE,This test uses the supplied/current ticker universe and is not a survivorship-bias-free historical index-constituent study.
2026-08-07,T1_45D,88154.47330884749,27230.0,115384.47330884749,130354.19047362797,-11.483878738680831,1,-0.07274712966484076,REFERENCE,This test uses the supplied/current ticker universe and is not a survivorship-bias-free historical index-constituent study.
2026-08-10,T1_45D,88154.47330884749,27221.600341796875,115376.07365064436,130354.19047362797,-11.490322458037006,1,-0.007279712739727273,REFERENCE,This test uses the supplied/current ticker universe and is not a survivorship-bias-free historical index-constituent study.
2026-08-11,T1_45D,88154.47330884749,27188.0,115342.47330884749,130354.19047362797,-11.516098646493077,1,-0.029122452111363106,REFERENCE,This test uses the supplied/current ticker universe and is not a survivorship-bias-free historical index-constituent study.
2026-08-12,T1_45D,88154.47330884749,27216.0,115370.47330884749,130354.19047362797,-11.494618707951588,1,0.02427553285164752,REFERENCE,This test uses the supplied/current ticker universe and is not a survivorship-bias-free historical index-constituent study.
2026-08-13,T1_45D,88154.47330884749,27048.0,115202.47330884749,130354.19047362797,-11.623498339200555,1,-0.14561784760149799,REFERENCE,This test uses the supplied/current ticker universe and is not a survivorship-bias-free historical index-constituent study.
2026-08-14,T1_45D,88154.47330884749,27020.0,115174.47330884749,130354.19047362797,-11.644978277742057,1,-0.024305033733895698,REFERENCE,This test uses the supplied/current ticker universe and is not a survivorship-bias-free historical index-constituent study.
2026-08-17,T1_45D,114566.24231779765,0.0,114566.24231779765,130354.19047362797,-12.11157700298433,0,-0.5280953092955176,REFERENCE,This test uses the supplied/current ticker universe and is not a survivorship-bias-free historical index-constituent study.
2026-08-18,T1_45D,114566.24231779765,0.0,114566.24231779765,130354.19047362797,-12.11157700298433,0,0.0,REFERENCE,This test uses the supplied/current ticker universe and is not a survivorship-bias-free historical index-constituent study.
2026-08-19,T1_45D,114566.24231779765,0.0,114566.24231779765,130354.19047362797,-12.11157700298433,0,0.0,REFERENCE,This test uses the supplied/current ticker universe and is not a survivorship-bias-free historical index-constituent study.
2026-08-20,T1_45D,114566.24231779765,0.0,114566.24231779765,130354.19047362797,-12.11157700298433,0,0.0,REFERENCE,This test uses the supplied/current ticker universe and is not a survivorship-bias-free historical index-constituent study.
2026-08-21,T1_45D,114566.24231779765,0.0,114566.24231779765,130354.19047362797,-12.11157700298433,0,0.0,REFERENCE,This test uses the supplied/current ticker universe and is not a survivorship-bias-free historical index-constituent study.
2026-08-24,T1_45D,114566.24231779765,0.0,114566.24231779765,130354.19047362797,-12.11157700298433,0,0.0,REFERENCE,This test uses the supplied/current ticker universe and is not a survivorship-bias-free historical index-constituent study.
2026-08-25,T1_45D,114566.24231779765,0.0,114566.24231779765,130354.19047362797,-12.11157700298433,0,0.0,REFERENCE,This test uses the supplied/current ticker universe and is not a survivorship-bias-free historical index-constituent study.
2026-08-26,T1_45D,114566.24231779765,0.0,114566.24231779765,130354.19047362797,-12.11157700298433,0,0.0,REFERENCE,This test uses the supplied/current ticker universe and is not a survivorship-bias-free historical index-constituent study.
2026-08-27,T1_45D,114566.24231779765,0.0,114566.24231779765,130354.19047362797,-12.11157700298433,0,0.0,REFERENCE,This test uses the supplied/current ticker universe and is not a survivorship-bias-free historical index-constituent study.
2026-08-28,T1_45D,114566.24231779765,0.0,114566.24231779765,130354.19047362797,-12.11157700298433,0,0.0,REFERENCE,This test uses the supplied/current ticker universe and is not a survivorship-bias-free historical index-constituent study.
